Start date;End date;Germany/Luxembourg [€/MWh] Original resolutions;strompreis_alt;positiv;strompreis
01.01.2019 00:00;01.01.2019 01:00;28,32;0,02832;0,02832;0,06632
01.01.2019 01:00;01.01.2019 02:00;10,07;0,01007;0,01007;0,04807
01.01.2019 02:00;01.01.2019 03:00;-4,08;-0,00408;0,00408;0,03392
01.01.2019 03:00;01.01.2019 04:00;-9,91;-0,00991;0,00991;0,02809
01.01.2019 04:00;01.01.2019 05:00;-7,41;-0,00741;0,00741;0,03059
01.01.2019 05:00;01.01.2019 06:00;-12,55;-0,01255;0,01255;0,02545
01.01.2019 06:00;01.01.2019 07:00;-17,25;-0,01725;0,01725;0,02075
01.01.2019 07:00;01.01.2019 08:00;-15,07;-0,01507;0,01507;0,02293
01.01.2019 08:00;01.01.2019 09:00;-4,93;-0,00493;0,00493;0,03307
01.01.2019 09:00;01.01.2019 10:00;-6,33;-0,00633;0,00633;0,03167
01.01.2019 10:00;01.01.2019 11:00;-4,93;-0,00493;0,00493;0,03307
01.01.2019 11:00;01.01.2019 12:00;0,45;0,00045;0,00045;0,03845
01.01.2019 12:00;01.01.2019 13:00;0,12;0,00012;0,00012;0,03812
01.01.2019 13:00;01.01.2019 14:00;-0,02;-0,00002;0,00002;0,03798
01.01.2019 14:00;01.01.2019 15:00;0;0;0;0,038
01.01.2019 15:00;01.01.2019 16:00;-0,03;-0,00003;0,00003;0,03797
01.01.2019 16:00;01.01.2019 17:00;1,97;0,00197;0,00197;0,03997
01.01.2019 17:00;01.01.2019 18:00;9,06;0,00906;0,00906;0,04706
01.01.2019 18:00;01.01.2019 19:00;0,07;0,00007;0,00007;0,03807
01.01.2019 19:00;01.01.2019 20:00;-4,97;-0,00497;0,00497;0,03303
01.01.2019 20:00;01.01.2019 21:00;-6,98;-0,00698;0,00698;0,03102
01.01.2019 21:00;01.01.2019 22:00;-24,93;-0,02493;0,02493;0,01307
01.01.2019 22:00;01.01.2019 23:00;-4,87;-0,00487;0,00487;0,03313
01.01.2019 23:00;02.01.2019 00:00;-28,93;-0,02893;0,02893;0,00907
02.01.2019 00:00;02.01.2019 01:00;-33,57;-0,03357;0,03357;0,00443
02.01.2019 01:00;02.01.2019 02:00;-45,92;-0,04592;0,04592;-0,00792
02.01.2019 02:00;02.01.2019 03:00;-48,29;-0,04829;0,04829;-0,01029
02.01.2019 03:00;02.01.2019 04:00;-44,99;-0,04499;0,04499;-0,00699
02.01.2019 04:00;02.01.2019 05:00;-48,93;-0,04893;0,04893;-0,01093
02.01.2019 05:00;02.01.2019 06:00;-29,91;-0,02991;0,02991;0,00809
02.01.2019 06:00;02.01.2019 07:00;-0,01;-0,00001;0,00001;0,03799
02.01.2019 07:00;02.01.2019 08:00;37,43;0,03743;0,03743;0,07543
02.01.2019 08:00;02.01.2019 09:00;48,06;0,04806;0,04806;0,08606
02.01.2019 09:00;02.01.2019 10:00;50,74;0,05074;0,05074;0,08874
02.01.2019 10:00;02.01.2019 11:00;47,57;0,04757;0,04757;0,08557
02.01.2019 11:00;02.01.2019 12:00;43,94;0,04394;0,04394;0,08194
02.01.2019 12:00;02.01.2019 13:00;40,97;0,04097;0,04097;0,07897
02.01.2019 13:00;02.01.2019 14:00;44,95;0,04495;0,04495;0,08295
02.01.2019 14:00;02.01.2019 15:00;49,64;0,04964;0,04964;0,08764
02.01.2019 15:00;02.01.2019 16:00;53,67;0,05367;0,05367;0,09167
02.01.2019 16:00;02.01.2019 17:00;56,01;0,05601;0,05601;0,09401
02.01.2019 17:00;02.01.2019 18:00;56,95;0,05695;0,05695;0,09495
02.01.2019 18:00;02.01.2019 19:00;62,08;0,06208;0,06208;0,10008
02.01.2019 19:00;02.01.2019 20:00;62,11;0,06211;0,06211;0,10011
02.01.2019 20:00;02.01.2019 21:00;57,99;0,05799;0,05799;0,09599
02.01.2019 21:00;02.01.2019 22:00;55,64;0,05564;0,05564;0,09364
02.01.2019 22:00;02.01.2019 23:00;55,13;0,05513;0,05513;0,09313
02.01.2019 23:00;03.01.2019 00:00;50,76;0,05076;0,05076;0,08876
03.01.2019 00:00;03.01.2019 01:00;42,91;0,04291;0,04291;0,08091
03.01.2019 01:00;03.01.2019 02:00;45,22;0,04522;0,04522;0,08322
03.01.2019 02:00;03.01.2019 03:00;45,63;-0,04563;0,04563;-0,00763
03.01.2019 03:00;03.01.2019 04:00;44;0,044;0,044;0,082
03.01.2019 04:00;03.01.2019 05:00;43,88;0,04388;0,04388;0,08188
03.01.2019 05:00;03.01.2019 06:00;45,92;0,04592;0,04592;0,08392
03.01.2019 06:00;03.01.2019 07:00;51,07;0,05107;0,05107;0,08907
03.01.2019 07:00;03.01.2019 08:00;52,77;0,05277;0,05277;0,09077
03.01.2019 08:00;03.01.2019 09:00;62,89;0,06289;0,06289;0,10089
03.01.2019 09:00;03.01.2019 10:00;60,03;0,06003;0,06003;0,09803
03.01.2019 10:00;03.01.2019 11:00;58,19;0,05819;0,05819;0,09619
03.01.2019 11:00;03.01.2019 12:00;62,99;0,06299;0,06299;0,10099
03.01.2019 12:00;03.01.2019 13:00;63,52;0,06352;0,06352;0,10152
03.01.2019 13:00;03.01.2019 14:00;64,67;0,06467;0,06467;0,10267
03.01.2019 14:00;03.01.2019 15:00;65,24;0,06524;0,06524;0,10324
03.01.2019 15:00;03.01.2019 16:00;67,76;0,06776;0,06776;0,10576
03.01.2019 16:00;03.01.2019 17:00;68,41;0,06841;0,06841;0,10641
03.01.2019 17:00;03.01.2019 18:00;69,55;0,06955;0,06955;0,10755
03.01.2019 18:00;03.01.2019 19:00;67,28;0,06728;0,06728;0,10528
03.01.2019 19:00;03.01.2019 20:00;69,46;0,06946;0,06946;0,10746
03.01.2019 20:00;03.01.2019 21:00;68,38;0,06838;0,06838;0,10638
03.01.2019 21:00;03.01.2019 22:00;61,72;0,06172;0,06172;0,09972
03.01.2019 22:00;03.01.2019 23:00;53,72;0,05372;0,05372;0,09172
03.01.2019 23:00;04.01.2019 00:00;49,98;0,04998;0,04998;0,08798
04.01.2019 00:00;04.01.2019 01:00;50,73;0,05073;0,05073;0,08873
04.01.2019 01:00;04.01.2019 02:00;47,11;0,04711;0,04711;0,08511
04.01.2019 02:00;04.01.2019 03:00;47,07;0,04707;0,04707;0,08507
04.01.2019 03:00;04.01.2019 04:00;46,94;0,04694;0,04694;0,08494
04.01.2019 04:00;04.01.2019 05:00;47;0,047;0,047;0,085
04.01.2019 05:00;04.01.2019 06:00;46,91;0,04691;0,04691;0,08491
04.01.2019 06:00;04.01.2019 07:00;49,59;0,04959;0,04959;0,08759
04.01.2019 07:00;04.01.2019 08:00;55,32;0,05532;0,05532;0,09332
04.01.2019 08:00;04.01.2019 09:00;55,78;0,05578;0,05578;0,09378
04.01.2019 09:00;04.01.2019 10:00;55,52;0,05552;0,05552;0,09352
04.01.2019 10:00;04.01.2019 11:00;55,23;0,05523;0,05523;0,09323
04.01.2019 11:00;04.01.2019 12:00;53,58;0,05358;0,05358;0,09158
04.01.2019 12:00;04.01.2019 13:00;51,74;0,05174;0,05174;0,08974
04.01.2019 13:00;04.01.2019 14:00;51,6;0,0516;0,0516;0,0896
04.01.2019 14:00;04.01.2019 15:00;51,41;0,05141;0,05141;0,08941
04.01.2019 15:00;04.01.2019 16:00;51,69;0,05169;0,05169;0,08969
04.01.2019 16:00;04.01.2019 17:00;52,59;0,05259;0,05259;0,09059
04.01.2019 17:00;04.01.2019 18:00;54,66;0,05466;0,05466;0,09266
04.01.2019 18:00;04.01.2019 19:00;54,1;0,0541;0,0541;0,0921
04.01.2019 19:00;04.01.2019 20:00;51,89;0,05189;0,05189;0,08989
04.01.2019 20:00;04.01.2019 21:00;46,58;0,04658;0,04658;0,08458
04.01.2019 21:00;04.01.2019 22:00;45,43;0,04543;0,04543;0,08343
04.01.2019 22:00;04.01.2019 23:00;43,96;0,04396;0,04396;0,08196
04.01.2019 23:00;05.01.2019 00:00;31,41;0,03141;0,03141;0,06941
05.01.2019 00:00;05.01.2019 01:00;26,9;0,0269;0,0269;0,0649
05.01.2019 01:00;05.01.2019 02:00;25,12;0,02512;0,02512;0,06312
05.01.2019 02:00;05.01.2019 03:00;24,12;0,02412;0,02412;0,06212
05.01.2019 03:00;05.01.2019 04:00;22,04;0,02204;0,02204;0,06004
05.01.2019 04:00;05.01.2019 05:00;18,37;0,01837;0,01837;0,05637
05.01.2019 05:00;05.01.2019 06:00;22,09;0,02209;0,02209;0,06009
05.01.2019 06:00;05.01.2019 07:00;23,35;0,02335;0,02335;0,06135
05.01.2019 07:00;05.01.2019 08:00;28,76;0,02876;0,02876;0,06676
05.01.2019 08:00;05.01.2019 09:00;36,63;0,03663;0,03663;0,07463
05.01.2019 09:00;05.01.2019 10:00;40,46;0,04046;0,04046;0,07846
05.01.2019 10:00;05.01.2019 11:00;45,85;0,04585;0,04585;0,08385
05.01.2019 11:00;05.01.2019 12:00;49,8;0,0498;0,0498;0,0878
05.01.2019 12:00;05.01.2019 13:00;51,36;0,05136;0,05136;0,08936
05.01.2019 13:00;05.01.2019 14:00;51,74;0,05174;0,05174;0,08974
05.01.2019 14:00;05.01.2019 15:00;51,92;0,05192;0,05192;0,08992
05.01.2019 15:00;05.01.2019 16:00;53,22;0,05322;0,05322;0,09122
05.01.2019 16:00;05.01.2019 17:00;56,62;0,05662;0,05662;0,09462
05.01.2019 17:00;05.01.2019 18:00;56,92;0,05692;0,05692;0,09492
05.01.2019 18:00;05.01.2019 19:00;61,64;0,06164;0,06164;0,09964
05.01.2019 19:00;05.01.2019 20:00;59,44;0,05944;0,05944;0,09744
05.01.2019 20:00;05.01.2019 21:00;52,75;0,05275;0,05275;0,09075
05.01.2019 21:00;05.01.2019 22:00;51,9;0,0519;0,0519;0,0899
05.01.2019 22:00;05.01.2019 23:00;51,38;0,05138;0,05138;0,08938
05.01.2019 23:00;06.01.2019 00:00;49,96;0,04996;0,04996;0,08796
06.01.2019 00:00;06.01.2019 01:00;50,29;0,05029;0,05029;0,08829
06.01.2019 01:00;06.01.2019 02:00;47,72;0,04772;0,04772;0,08572
06.01.2019 02:00;06.01.2019 03:00;48,38;0,04838;0,04838;0,08638
06.01.2019 03:00;06.01.2019 04:00;48,02;0,04802;0,04802;0,08602
06.01.2019 04:00;06.01.2019 05:00;44,23;0,04423;0,04423;0,08223
06.01.2019 05:00;06.01.2019 06:00;47,17;0,04717;0,04717;0,08517
06.01.2019 06:00;06.01.2019 07:00;48,19;0,04819;0,04819;0,08619
06.01.2019 07:00;06.01.2019 08:00;49,11;0,04911;0,04911;0,08711
06.01.2019 08:00;06.01.2019 09:00;50,44;0,05044;0,05044;0,08844
06.01.2019 09:00;06.01.2019 10:00;53,4;0,0534;0,0534;0,0914
06.01.2019 10:00;06.01.2019 11:00;56,55;0,05655;0,05655;0,09455
06.01.2019 11:00;06.01.2019 12:00;60,02;0,06002;0,06002;0,09802
06.01.2019 12:00;06.01.2019 13:00;60,22;0,06022;0,06022;0,09822
06.01.2019 13:00;06.01.2019 14:00;55;0,055;0,055;0,093
06.01.2019 14:00;06.01.2019 15:00;52,39;0,05239;0,05239;0,09039
06.01.2019 15:00;06.01.2019 16:00;51,57;0,05157;0,05157;0,08957
06.01.2019 16:00;06.01.2019 17:00;54,71;0,05471;0,05471;0,09271
06.01.2019 17:00;06.01.2019 18:00;63,43;0,06343;0,06343;0,10143
06.01.2019 18:00;06.01.2019 19:00;67,37;0,06737;0,06737;0,10537
06.01.2019 19:00;06.01.2019 20:00;67,2;0,0672;0,0672;0,1052
06.01.2019 20:00;06.01.2019 21:00;66,03;0,06603;0,06603;0,10403
06.01.2019 21:00;06.01.2019 22:00;55,36;0,05536;0,05536;0,09336
06.01.2019 22:00;06.01.2019 23:00;58,59;0,05859;0,05859;0,09659
06.01.2019 23:00;07.01.2019 00:00;53,7;0,0537;0,0537;0,0917
07.01.2019 00:00;07.01.2019 01:00;46,03;0,04603;0,04603;0,08403
07.01.2019 01:00;07.01.2019 02:00;47,98;0,04798;0,04798;0,08598
07.01.2019 02:00;07.01.2019 03:00;47,84;0,04784;0,04784;0,08584
07.01.2019 03:00;07.01.2019 04:00;46,11;0,04611;0,04611;0,08411
07.01.2019 04:00;07.01.2019 05:00;46,08;0,04608;0,04608;0,08408
07.01.2019 05:00;07.01.2019 06:00;47,62;0,04762;0,04762;0,08562
07.01.2019 06:00;07.01.2019 07:00;55,77;0,05577;0,05577;0,09377
07.01.2019 07:00;07.01.2019 08:00;68,61;0,06861;0,06861;0,10661
07.01.2019 08:00;07.01.2019 09:00;74,15;0,07415;0,07415;0,11215
07.01.2019 09:00;07.01.2019 10:00;74,93;0,07493;0,07493;0,11293
07.01.2019 10:00;07.01.2019 11:00;73,59;0,07359;0,07359;0,11159
07.01.2019 11:00;07.01.2019 12:00;71,23;0,07123;0,07123;0,10923
07.01.2019 12:00;07.01.2019 13:00;68,79;0,06879;0,06879;0,10679
07.01.2019 13:00;07.01.2019 14:00;66,75;0,06675;0,06675;0,10475
07.01.2019 14:00;07.01.2019 15:00;62,47;0,06247;0,06247;0,10047
07.01.2019 15:00;07.01.2019 16:00;53,25;0,05325;0,05325;0,09125
07.01.2019 16:00;07.01.2019 17:00;53,26;0,05326;0,05326;0,09126
07.01.2019 17:00;07.01.2019 18:00;53,42;0,05342;0,05342;0,09142
07.01.2019 18:00;07.01.2019 19:00;47,91;0,04791;0,04791;0,08591
07.01.2019 19:00;07.01.2019 20:00;42,05;0,04205;0,04205;0,08005
07.01.2019 20:00;07.01.2019 21:00;40,96;0,04096;0,04096;0,07896
07.01.2019 21:00;07.01.2019 22:00;32,04;0,03204;0,03204;0,07004
07.01.2019 22:00;07.01.2019 23:00;20,82;0,02082;0,02082;0,05882
07.01.2019 23:00;08.01.2019 00:00;1,84;0,00184;0,00184;0,03984
08.01.2019 00:00;08.01.2019 01:00;17,94;0,01794;0,01794;0,05594
08.01.2019 01:00;08.01.2019 02:00;20,91;0,02091;0,02091;0,05891
08.01.2019 02:00;08.01.2019 03:00;7,78;0,00778;0,00778;0,04578
08.01.2019 03:00;08.01.2019 04:00;14,33;0,01433;0,01433;0,05233
08.01.2019 04:00;08.01.2019 05:00;18,56;0,01856;0,01856;0,05656
08.01.2019 05:00;08.01.2019 06:00;18,57;0,01857;0,01857;0,05657
08.01.2019 06:00;08.01.2019 07:00;35,81;0,03581;0,03581;0,07381
08.01.2019 07:00;08.01.2019 08:00;43,87;0,04387;0,04387;0,08187
08.01.2019 08:00;08.01.2019 09:00;46,93;0,04693;0,04693;0,08493
08.01.2019 09:00;08.01.2019 10:00;43,88;0,04388;0,04388;0,08188
08.01.2019 10:00;08.01.2019 11:00;43,85;0,04385;0,04385;0,08185
08.01.2019 11:00;08.01.2019 12:00;46,74;0,04674;0,04674;0,08474
08.01.2019 12:00;08.01.2019 13:00;43,94;0,04394;0,04394;0,08194
08.01.2019 13:00;08.01.2019 14:00;43,21;0,04321;0,04321;0,08121
08.01.2019 14:00;08.01.2019 15:00;43,81;0,04381;0,04381;0,08181
08.01.2019 15:00;08.01.2019 16:00;45,6;0,0456;0,0456;0,0836
08.01.2019 16:00;08.01.2019 17:00;35,21;0,03521;0,03521;0,07321
08.01.2019 17:00;08.01.2019 18:00;45,64;0,04564;0,04564;0,08364
08.01.2019 18:00;08.01.2019 19:00;45,63;0,04563;0,04563;0,08363
08.01.2019 19:00;08.01.2019 20:00;37,94;0,03794;0,03794;0,07594
08.01.2019 20:00;08.01.2019 21:00;39,53;0,03953;0,03953;0,07753
08.01.2019 21:00;08.01.2019 22:00;35,97;0,03597;0,03597;0,07397
08.01.2019 22:00;08.01.2019 23:00;29,72;0,02972;0,02972;0,06772
08.01.2019 23:00;09.01.2019 00:00;22,55;0,02255;0,02255;0,06055
09.01.2019 00:00;09.01.2019 01:00;20,04;0,02004;0,02004;0,05804
09.01.2019 01:00;09.01.2019 02:00;7,24;0,00724;0,00724;0,04524
09.01.2019 02:00;09.01.2019 03:00;3,43;0,00343;0,00343;0,04143
09.01.2019 03:00;09.01.2019 04:00;10,04;0,01004;0,01004;0,04804
09.01.2019 04:00;09.01.2019 05:00;14,2;0,0142;0,0142;0,0522
09.01.2019 05:00;09.01.2019 06:00;25,41;0,02541;0,02541;0,06341
09.01.2019 06:00;09.01.2019 07:00;36,98;0,03698;0,03698;0,07498
09.01.2019 07:00;09.01.2019 08:00;43,89;0,04389;0,04389;0,08189
09.01.2019 08:00;09.01.2019 09:00;50,98;0,05098;0,05098;0,08898
09.01.2019 09:00;09.01.2019 10:00;50,3;0,0503;0,0503;0,0883
09.01.2019 10:00;09.01.2019 11:00;50,21;0,05021;0,05021;0,08821
09.01.2019 11:00;09.01.2019 12:00;45,8;0,0458;0,0458;0,0838
09.01.2019 12:00;09.01.2019 13:00;43,64;0,04364;0,04364;0,08164
09.01.2019 13:00;09.01.2019 14:00;43,49;0,04349;0,04349;0,08149
09.01.2019 14:00;09.01.2019 15:00;45,05;0,04505;0,04505;0,08305
09.01.2019 15:00;09.01.2019 16:00;49,95;0,04995;0,04995;0,08795
09.01.2019 16:00;09.01.2019 17:00;53,82;0,05382;0,05382;0,09182
09.01.2019 17:00;09.01.2019 18:00;55,94;0,05594;0,05594;0,09394
09.01.2019 18:00;09.01.2019 19:00;54,19;0,05419;0,05419;0,09219
09.01.2019 19:00;09.01.2019 20:00;54,19;0,05419;0,05419;0,09219
09.01.2019 20:00;09.01.2019 21:00;52,98;0,05298;0,05298;0,09098
09.01.2019 21:00;09.01.2019 22:00;51,68;0,05168;0,05168;0,08968
09.01.2019 22:00;09.01.2019 23:00;48,95;0,04895;0,04895;0,08695
09.01.2019 23:00;10.01.2019 00:00;47,63;0,04763;0,04763;0,08563
10.01.2019 00:00;10.01.2019 01:00;46,48;0,04648;0,04648;0,08448
10.01.2019 01:00;10.01.2019 02:00;49,08;0,04908;0,04908;0,08708
10.01.2019 02:00;10.01.2019 03:00;47,11;0,04711;0,04711;0,08511
10.01.2019 03:00;10.01.2019 04:00;48,8;0,0488;0,0488;0,0868
10.01.2019 04:00;10.01.2019 05:00;48,5;0,0485;0,0485;0,0865
10.01.2019 05:00;10.01.2019 06:00;49,8;0,0498;0,0498;0,0878
10.01.2019 06:00;10.01.2019 07:00;56,97;0,05697;0,05697;0,09497
10.01.2019 07:00;10.01.2019 08:00;72,6;0,0726;0,0726;0,1106
10.01.2019 08:00;10.01.2019 09:00;81,17;0,08117;0,08117;0,11917
10.01.2019 09:00;10.01.2019 10:00;81,79;0,08179;0,08179;0,11979
10.01.2019 10:00;10.01.2019 11:00;81,15;0,08115;0,08115;0,11915
10.01.2019 11:00;10.01.2019 12:00;80;0,08;0,08;0,118
10.01.2019 12:00;10.01.2019 13:00;76,39;0,07639;0,07639;0,11439
10.01.2019 13:00;10.01.2019 14:00;75;0,075;0,075;0,113
10.01.2019 14:00;10.01.2019 15:00;76,06;0,07606;0,07606;0,11406
10.01.2019 15:00;10.01.2019 16:00;75,4;0,0754;0,0754;0,1134
10.01.2019 16:00;10.01.2019 17:00;76,78;0,07678;0,07678;0,11478
10.01.2019 17:00;10.01.2019 18:00;83,45;0,08345;0,08345;0,12145
10.01.2019 18:00;10.01.2019 19:00;85,15;0,08515;0,08515;0,12315
10.01.2019 19:00;10.01.2019 20:00;78,16;0,07816;0,07816;0,11616
10.01.2019 20:00;10.01.2019 21:00;71,92;0,07192;0,07192;0,10992
10.01.2019 21:00;10.01.2019 22:00;67,43;0,06743;0,06743;0,10543
10.01.2019 22:00;10.01.2019 23:00;60,49;0,06049;0,06049;0,09849
10.01.2019 23:00;11.01.2019 00:00;54,45;0,05445;0,05445;0,09245
11.01.2019 00:00;11.01.2019 01:00;47,84;0,04784;0,04784;0,08584
11.01.2019 01:00;11.01.2019 02:00;46,58;0,04658;0,04658;0,08458
11.01.2019 02:00;11.01.2019 03:00;45,74;0,04574;0,04574;0,08374
11.01.2019 03:00;11.01.2019 04:00;43,81;0,04381;0,04381;0,08181
11.01.2019 04:00;11.01.2019 05:00;46,24;0,04624;0,04624;0,08424
11.01.2019 05:00;11.01.2019 06:00;46,46;0,04646;0,04646;0,08446
11.01.2019 06:00;11.01.2019 07:00;51,29;0,05129;0,05129;0,08929
11.01.2019 07:00;11.01.2019 08:00;60,53;0,06053;0,06053;0,09853
11.01.2019 08:00;11.01.2019 09:00;60,02;0,06002;0,06002;0,09802
11.01.2019 09:00;11.01.2019 10:00;62,92;0,06292;0,06292;0,10092
11.01.2019 10:00;11.01.2019 11:00;61,58;0,06158;0,06158;0,09958
11.01.2019 11:00;11.01.2019 12:00;60,6;0,0606;0,0606;0,0986
11.01.2019 12:00;11.01.2019 13:00;51,89;0,05189;0,05189;0,08989
11.01.2019 13:00;11.01.2019 14:00;50,8;0,0508;0,0508;0,0888
11.01.2019 14:00;11.01.2019 15:00;45,46;0,04546;0,04546;0,08346
11.01.2019 15:00;11.01.2019 16:00;42,2;0,0422;0,0422;0,0802
11.01.2019 16:00;11.01.2019 17:00;45;0,045;0,045;0,083
11.01.2019 17:00;11.01.2019 18:00;51,51;0,05151;0,05151;0,08951
11.01.2019 18:00;11.01.2019 19:00;48,59;0,04859;0,04859;0,08659
11.01.2019 19:00;11.01.2019 20:00;49,2;0,0492;0,0492;0,0872
11.01.2019 20:00;11.01.2019 21:00;44,99;0,04499;0,04499;0,08299
11.01.2019 21:00;11.01.2019 22:00;44,93;0,04493;0,04493;0,08293
11.01.2019 22:00;11.01.2019 23:00;46,4;0,0464;0,0464;0,0844
11.01.2019 23:00;12.01.2019 00:00;43,46;0,04346;0,04346;0,08146
12.01.2019 00:00;12.01.2019 01:00;47,24;0,04724;0,04724;0,08524
12.01.2019 01:00;12.01.2019 02:00;45,88;0,04588;0,04588;0,08388
12.01.2019 02:00;12.01.2019 03:00;44,61;0,04461;0,04461;0,08261
12.01.2019 03:00;12.01.2019 04:00;42,9;0,0429;0,0429;0,0809
12.01.2019 04:00;12.01.2019 05:00;42,03;0,04203;0,04203;0,08003
12.01.2019 05:00;12.01.2019 06:00;39,33;0,03933;0,03933;0,07733
12.01.2019 06:00;12.01.2019 07:00;42,98;0,04298;0,04298;0,08098
12.01.2019 07:00;12.01.2019 08:00;41,23;0,04123;0,04123;0,07923
12.01.2019 08:00;12.01.2019 09:00;42,12;0,04212;0,04212;0,08012
12.01.2019 09:00;12.01.2019 10:00;45,1;0,0451;0,0451;0,0831
12.01.2019 10:00;12.01.2019 11:00;44,27;0,04427;0,04427;0,08227
12.01.2019 11:00;12.01.2019 12:00;44,18;0,04418;0,04418;0,08218
12.01.2019 12:00;12.01.2019 13:00;42,05;0,04205;0,04205;0,08005
12.01.2019 13:00;12.01.2019 14:00;38,61;0,03861;0,03861;0,07661
12.01.2019 14:00;12.01.2019 15:00;37,76;0,03776;0,03776;0,07576
12.01.2019 15:00;12.01.2019 16:00;33,03;0,03303;0,03303;0,07103
12.01.2019 16:00;12.01.2019 17:00;35,84;0,03584;0,03584;0,07384
12.01.2019 17:00;12.01.2019 18:00;44,24;0,04424;0,04424;0,08224
12.01.2019 18:00;12.01.2019 19:00;46,29;0,04629;0,04629;0,08429
12.01.2019 19:00;12.01.2019 20:00;40,05;0,04005;0,04005;0,07805
12.01.2019 20:00;12.01.2019 21:00;38,15;0,03815;0,03815;0,07615
12.01.2019 21:00;12.01.2019 22:00;30,26;0,03026;0,03026;0,06826
12.01.2019 22:00;12.01.2019 23:00;40,2;0,0402;0,0402;0,0782
12.01.2019 23:00;13.01.2019 00:00;30,89;0,03089;0,03089;0,06889
13.01.2019 00:00;13.01.2019 01:00;23,35;0,02335;0,02335;0,06135
13.01.2019 01:00;13.01.2019 02:00;12,4;0,0124;0,0124;0,0504
13.01.2019 02:00;13.01.2019 03:00;19,01;0,01901;0,01901;0,05701
13.01.2019 03:00;13.01.2019 04:00;23,51;0,02351;0,02351;0,06151
13.01.2019 04:00;13.01.2019 05:00;23,25;0,02325;0,02325;0,06125
13.01.2019 05:00;13.01.2019 06:00;20,01;0,02001;0,02001;0,05801
13.01.2019 06:00;13.01.2019 07:00;20,8;0,0208;0,0208;0,0588
13.01.2019 07:00;13.01.2019 08:00;22,14;0,02214;0,02214;0,06014
13.01.2019 08:00;13.01.2019 09:00;23,68;0,02368;0,02368;0,06168
13.01.2019 09:00;13.01.2019 10:00;25,05;0,02505;0,02505;0,06305
13.01.2019 10:00;13.01.2019 11:00;26,3;0,0263;0,0263;0,0643
13.01.2019 11:00;13.01.2019 12:00;30,81;0,03081;0,03081;0,06881
13.01.2019 12:00;13.01.2019 13:00;27,06;0,02706;0,02706;0,06506
13.01.2019 13:00;13.01.2019 14:00;8,5;0,0085;0,0085;0,0465
13.01.2019 14:00;13.01.2019 15:00;-0,08;-0,00008;0,00008;0,03792
13.01.2019 15:00;13.01.2019 16:00;-0,01;-0,00001;0,00001;0,03799
13.01.2019 16:00;13.01.2019 17:00;-0,27;-0,00027;0,00027;0,03773
13.01.2019 17:00;13.01.2019 18:00;21,55;0,02155;0,02155;0,05955
13.01.2019 18:00;13.01.2019 19:00;24,04;0,02404;0,02404;0,06204
13.01.2019 19:00;13.01.2019 20:00;15,91;0,01591;0,01591;0,05391
13.01.2019 20:00;13.01.2019 21:00;-0,02;-0,00002;0,00002;0,03798
13.01.2019 21:00;13.01.2019 22:00;-0,33;-0,00033;0,00033;0,03767
13.01.2019 22:00;13.01.2019 23:00;3,04;0,00304;0,00304;0,04104
13.01.2019 23:00;14.01.2019 00:00;-7,28;-0,00728;0,00728;0,03072
14.01.2019 00:00;14.01.2019 01:00;-3,14;-0,00314;0,00314;0,03486
14.01.2019 01:00;14.01.2019 02:00;-12;-0,012;0,012;0,026
14.01.2019 02:00;14.01.2019 03:00;-15,04;-0,01504;0,01504;0,02296
14.01.2019 03:00;14.01.2019 04:00;-11,09;-0,01109;0,01109;0,02691
14.01.2019 04:00;14.01.2019 05:00;-4,94;-0,00494;0,00494;0,03306
14.01.2019 05:00;14.01.2019 06:00;1,59;0,00159;0,00159;0,03959
14.01.2019 06:00;14.01.2019 07:00;35,9;0,0359;0,0359;0,0739
14.01.2019 07:00;14.01.2019 08:00;51,22;0,05122;0,05122;0,08922
14.01.2019 08:00;14.01.2019 09:00;51,66;0,05166;0,05166;0,08966
14.01.2019 09:00;14.01.2019 10:00;46,09;0,04609;0,04609;0,08409
14.01.2019 10:00;14.01.2019 11:00;50,26;0,05026;0,05026;0,08826
14.01.2019 11:00;14.01.2019 12:00;44,49;0,04449;0,04449;0,08249
14.01.2019 12:00;14.01.2019 13:00;41,24;0,04124;0,04124;0,07924
14.01.2019 13:00;14.01.2019 14:00;38,91;0,03891;0,03891;0,07691
14.01.2019 14:00;14.01.2019 15:00;41,79;0,04179;0,04179;0,07979
14.01.2019 15:00;14.01.2019 16:00;49,63;0,04963;0,04963;0,08763
14.01.2019 16:00;14.01.2019 17:00;50,93;0,05093;0,05093;0,08893
14.01.2019 17:00;14.01.2019 18:00;51,25;0,05125;0,05125;0,08925
14.01.2019 18:00;14.01.2019 19:00;50,93;0,05093;0,05093;0,08893
14.01.2019 19:00;14.01.2019 20:00;50,52;0,05052;0,05052;0,08852
14.01.2019 20:00;14.01.2019 21:00;49,61;0,04961;0,04961;0,08761
14.01.2019 21:00;14.01.2019 22:00;44,3;0,0443;0,0443;0,0823
14.01.2019 22:00;14.01.2019 23:00;41,29;0,04129;0,04129;0,07929
14.01.2019 23:00;15.01.2019 00:00;37,26;0,03726;0,03726;0,07526
15.01.2019 00:00;15.01.2019 01:00;35,18;0,03518;0,03518;0,07318
15.01.2019 01:00;15.01.2019 02:00;35,82;0,03582;0,03582;0,07382
15.01.2019 02:00;15.01.2019 03:00;34,99;0,03499;0,03499;0,07299
15.01.2019 03:00;15.01.2019 04:00;34,56;0,03456;0,03456;0,07256
15.01.2019 04:00;15.01.2019 05:00;30,8;0,0308;0,0308;0,0688
15.01.2019 05:00;15.01.2019 06:00;33,41;0,03341;0,03341;0,07141
15.01.2019 06:00;15.01.2019 07:00;47,4;0,0474;0,0474;0,0854
15.01.2019 07:00;15.01.2019 08:00;53,73;0,05373;0,05373;0,09173
15.01.2019 08:00;15.01.2019 09:00;57,02;0,05702;0,05702;0,09502
15.01.2019 09:00;15.01.2019 10:00;58,38;0,05838;0,05838;0,09638
15.01.2019 10:00;15.01.2019 11:00;56,54;0,05654;0,05654;0,09454
15.01.2019 11:00;15.01.2019 12:00;55;0,055;0,055;0,093
15.01.2019 12:00;15.01.2019 13:00;53,92;0,05392;0,05392;0,09192
15.01.2019 13:00;15.01.2019 14:00;53,31;0,05331;0,05331;0,09131
15.01.2019 14:00;15.01.2019 15:00;52,63;0,05263;0,05263;0,09063
15.01.2019 15:00;15.01.2019 16:00;52,12;0,05212;0,05212;0,09012
15.01.2019 16:00;15.01.2019 17:00;51;0,051;0,051;0,089
15.01.2019 17:00;15.01.2019 18:00;53,91;0,05391;0,05391;0,09191
15.01.2019 18:00;15.01.2019 19:00;46,35;0,04635;0,04635;0,08435
15.01.2019 19:00;15.01.2019 20:00;42,73;0,04273;0,04273;0,08073
15.01.2019 20:00;15.01.2019 21:00;40,32;0,04032;0,04032;0,07832
15.01.2019 21:00;15.01.2019 22:00;39,93;0,03993;0,03993;0,07793
15.01.2019 22:00;15.01.2019 23:00;39,66;0,03966;0,03966;0,07766
15.01.2019 23:00;16.01.2019 00:00;32,04;0,03204;0,03204;0,07004
16.01.2019 00:00;16.01.2019 01:00;29,23;0,02923;0,02923;0,06723
16.01.2019 01:00;16.01.2019 02:00;29,26;0,02926;0,02926;0,06726
16.01.2019 02:00;16.01.2019 03:00;32,64;0,03264;0,03264;0,07064
16.01.2019 03:00;16.01.2019 04:00;32,41;0,03241;0,03241;0,07041
16.01.2019 04:00;16.01.2019 05:00;33,06;0,03306;0,03306;0,07106
16.01.2019 05:00;16.01.2019 06:00;33,22;0,03322;0,03322;0,07122
16.01.2019 06:00;16.01.2019 07:00;46,63;0,04663;0,04663;0,08463
16.01.2019 07:00;16.01.2019 08:00;53,8;0,0538;0,0538;0,0918
16.01.2019 08:00;16.01.2019 09:00;55,73;0,05573;0,05573;0,09373
16.01.2019 09:00;16.01.2019 10:00;53,83;0,05383;0,05383;0,09183
16.01.2019 10:00;16.01.2019 11:00;54,22;0,05422;0,05422;0,09222
16.01.2019 11:00;16.01.2019 12:00;54,92;0,05492;0,05492;0,09292
16.01.2019 12:00;16.01.2019 13:00;53,65;0,05365;0,05365;0,09165
16.01.2019 13:00;16.01.2019 14:00;52,69;0,05269;0,05269;0,09069
16.01.2019 14:00;16.01.2019 15:00;53,55;0,05355;0,05355;0,09155
16.01.2019 15:00;16.01.2019 16:00;53,72;0,05372;0,05372;0,09172
16.01.2019 16:00;16.01.2019 17:00;54,83;0,05483;0,05483;0,09283
16.01.2019 17:00;16.01.2019 18:00;54,01;0,05401;0,05401;0,09201
16.01.2019 18:00;16.01.2019 19:00;52,67;0,05267;0,05267;0,09067
16.01.2019 19:00;16.01.2019 20:00;50,92;0,05092;0,05092;0,08892
16.01.2019 20:00;16.01.2019 21:00;39,81;0,03981;0,03981;0,07781
16.01.2019 21:00;16.01.2019 22:00;39,29;0,03929;0,03929;0,07729
16.01.2019 22:00;16.01.2019 23:00;39,91;0,03991;0,03991;0,07791
16.01.2019 23:00;17.01.2019 00:00;30,77;0,03077;0,03077;0,06877
17.01.2019 00:00;17.01.2019 01:00;26,35;0,02635;0,02635;0,06435
17.01.2019 01:00;17.01.2019 02:00;25,23;0,02523;0,02523;0,06323
17.01.2019 02:00;17.01.2019 03:00;22,77;0,02277;0,02277;0,06077
17.01.2019 03:00;17.01.2019 04:00;24,02;0,02402;0,02402;0,06202
17.01.2019 04:00;17.01.2019 05:00;25,63;0,02563;0,02563;0,06363
17.01.2019 05:00;17.01.2019 06:00;28,06;0,02806;0,02806;0,06606
17.01.2019 06:00;17.01.2019 07:00;35,38;0,03538;0,03538;0,07338
17.01.2019 07:00;17.01.2019 08:00;46,04;0,04604;0,04604;0,08404
17.01.2019 08:00;17.01.2019 09:00;49,96;0,04996;0,04996;0,08796
17.01.2019 09:00;17.01.2019 10:00;50,56;0,05056;0,05056;0,08856
17.01.2019 10:00;17.01.2019 11:00;46,1;0,0461;0,0461;0,0841
17.01.2019 11:00;17.01.2019 12:00;46,02;0,04602;0,04602;0,08402
17.01.2019 12:00;17.01.2019 13:00;43,94;0,04394;0,04394;0,08194
17.01.2019 13:00;17.01.2019 14:00;46,64;0,04664;0,04664;0,08464
17.01.2019 14:00;17.01.2019 15:00;55;0,055;0,055;0,093
17.01.2019 15:00;17.01.2019 16:00;55,9;0,0559;0,0559;0,0939
17.01.2019 16:00;17.01.2019 17:00;57,43;0,05743;0,05743;0,09543
17.01.2019 17:00;17.01.2019 18:00;58,72;0,05872;0,05872;0,09672
17.01.2019 18:00;17.01.2019 19:00;55,06;0,05506;0,05506;0,09306
17.01.2019 19:00;17.01.2019 20:00;53,85;0,05385;0,05385;0,09185
17.01.2019 20:00;17.01.2019 21:00;49,52;0,04952;0,04952;0,08752
17.01.2019 21:00;17.01.2019 22:00;42,35;0,04235;0,04235;0,08035
17.01.2019 22:00;17.01.2019 23:00;42,44;0,04244;0,04244;0,08044
17.01.2019 23:00;18.01.2019 00:00;41,11;0,04111;0,04111;0,07911
18.01.2019 00:00;18.01.2019 01:00;42,26;0,04226;0,04226;0,08026
18.01.2019 01:00;18.01.2019 02:00;40,91;0,04091;0,04091;0,07891
18.01.2019 02:00;18.01.2019 03:00;43,77;0,04377;0,04377;0,08177
18.01.2019 03:00;18.01.2019 04:00;45,05;0,04505;0,04505;0,08305
18.01.2019 04:00;18.01.2019 05:00;47,89;0,04789;0,04789;0,08589
18.01.2019 05:00;18.01.2019 06:00;49,79;0,04979;0,04979;0,08779
18.01.2019 06:00;18.01.2019 07:00;54,77;0,05477;0,05477;0,09277
18.01.2019 07:00;18.01.2019 08:00;73,08;0,07308;0,07308;0,11108
18.01.2019 08:00;18.01.2019 09:00;76,86;0,07686;0,07686;0,11486
18.01.2019 09:00;18.01.2019 10:00;74,32;0,07432;0,07432;0,11232
18.01.2019 10:00;18.01.2019 11:00;70,51;0,07051;0,07051;0,10851
18.01.2019 11:00;18.01.2019 12:00;69,02;0,06902;0,06902;0,10702
18.01.2019 12:00;18.01.2019 13:00;68,94;0,06894;0,06894;0,10694
18.01.2019 13:00;18.01.2019 14:00;65,27;0,06527;0,06527;0,10327
18.01.2019 14:00;18.01.2019 15:00;67,44;0,06744;0,06744;0,10544
18.01.2019 15:00;18.01.2019 16:00;68,14;0,06814;0,06814;0,10614
18.01.2019 16:00;18.01.2019 17:00;69;0,069;0,069;0,107
18.01.2019 17:00;18.01.2019 18:00;75,04;0,07504;0,07504;0,11304
18.01.2019 18:00;18.01.2019 19:00;76,13;0,07613;0,07613;0,11413
18.01.2019 19:00;18.01.2019 20:00;72,46;0,07246;0,07246;0,11046
18.01.2019 20:00;18.01.2019 21:00;61,83;0,06183;0,06183;0,09983
18.01.2019 21:00;18.01.2019 22:00;59,24;0,05924;0,05924;0,09724
18.01.2019 22:00;18.01.2019 23:00;56,7;0,0567;0,0567;0,0947
18.01.2019 23:00;19.01.2019 00:00;53,16;0,05316;0,05316;0,09116
19.01.2019 00:00;19.01.2019 01:00;52,47;0,05247;0,05247;0,09047
19.01.2019 01:00;19.01.2019 02:00;53,18;0,05318;0,05318;0,09118
19.01.2019 02:00;19.01.2019 03:00;54,73;0,05473;0,05473;0,09273
19.01.2019 03:00;19.01.2019 04:00;51,15;0,05115;0,05115;0,08915
19.01.2019 04:00;19.01.2019 05:00;52,25;0,05225;0,05225;0,09025
19.01.2019 05:00;19.01.2019 06:00;50,93;0,05093;0,05093;0,08893
19.01.2019 06:00;19.01.2019 07:00;49,04;0,04904;0,04904;0,08704
19.01.2019 07:00;19.01.2019 08:00;50,56;0,05056;0,05056;0,08856
19.01.2019 08:00;19.01.2019 09:00;55,71;0,05571;0,05571;0,09371
19.01.2019 09:00;19.01.2019 10:00;56,62;0,05662;0,05662;0,09462
19.01.2019 10:00;19.01.2019 11:00;63,13;0,06313;0,06313;0,10113
19.01.2019 11:00;19.01.2019 12:00;57,33;0,05733;0,05733;0,09533
19.01.2019 12:00;19.01.2019 13:00;55,26;0,05526;0,05526;0,09326
19.01.2019 13:00;19.01.2019 14:00;54,38;0,05438;0,05438;0,09238
19.01.2019 14:00;19.01.2019 15:00;52,55;0,05255;0,05255;0,09055
19.01.2019 15:00;19.01.2019 16:00;55,41;0,05541;0,05541;0,09341
19.01.2019 16:00;19.01.2019 17:00;62,93;0,06293;0,06293;0,10093
19.01.2019 17:00;19.01.2019 18:00;67,15;0,06715;0,06715;0,10515
19.01.2019 18:00;19.01.2019 19:00;68,91;0,06891;0,06891;0,10691
19.01.2019 19:00;19.01.2019 20:00;57,37;0,05737;0,05737;0,09537
19.01.2019 20:00;19.01.2019 21:00;54,61;0,05461;0,05461;0,09261
19.01.2019 21:00;19.01.2019 22:00;52,32;0,05232;0,05232;0,09032
19.01.2019 22:00;19.01.2019 23:00;51,53;0,05153;0,05153;0,08953
19.01.2019 23:00;20.01.2019 00:00;49,8;0,0498;0,0498;0,0878
20.01.2019 00:00;20.01.2019 01:00;47,74;0,04774;0,04774;0,08574
20.01.2019 01:00;20.01.2019 02:00;47,01;0,04701;0,04701;0,08501
20.01.2019 02:00;20.01.2019 03:00;48,8;0,0488;0,0488;0,0868
20.01.2019 03:00;20.01.2019 04:00;48,9;0,0489;0,0489;0,0869
20.01.2019 04:00;20.01.2019 05:00;49,63;0,04963;0,04963;0,08763
20.01.2019 05:00;20.01.2019 06:00;49,53;0,04953;0,04953;0,08753
20.01.2019 06:00;20.01.2019 07:00;46,69;0,04669;0,04669;0,08469
20.01.2019 07:00;20.01.2019 08:00;46,76;0,04676;0,04676;0,08476
20.01.2019 08:00;20.01.2019 09:00;50,88;0,05088;0,05088;0,08888
20.01.2019 09:00;20.01.2019 10:00;52,38;0,05238;0,05238;0,09038
20.01.2019 10:00;20.01.2019 11:00;50,07;0,05007;0,05007;0,08807
20.01.2019 11:00;20.01.2019 12:00;49,33;0,04933;0,04933;0,08733
20.01.2019 12:00;20.01.2019 13:00;48,98;0,04898;0,04898;0,08698
20.01.2019 13:00;20.01.2019 14:00;47,4;0,0474;0,0474;0,0854
20.01.2019 14:00;20.01.2019 15:00;53,2;0,0532;0,0532;0,0912
20.01.2019 15:00;20.01.2019 16:00;55,39;0,05539;0,05539;0,09339
20.01.2019 16:00;20.01.2019 17:00;58,02;0,05802;0,05802;0,09602
20.01.2019 17:00;20.01.2019 18:00;66,68;0,06668;0,06668;0,10468
20.01.2019 18:00;20.01.2019 19:00;69,43;0,06943;0,06943;0,10743
20.01.2019 19:00;20.01.2019 20:00;69,75;0,06975;0,06975;0,10775
20.01.2019 20:00;20.01.2019 21:00;67,83;0,06783;0,06783;0,10583
20.01.2019 21:00;20.01.2019 22:00;57,37;0,05737;0,05737;0,09537
20.01.2019 22:00;20.01.2019 23:00;59,56;0,05956;0,05956;0,09756
20.01.2019 23:00;21.01.2019 00:00;52,07;0,05207;0,05207;0,09007
21.01.2019 00:00;21.01.2019 01:00;55,54;0,05554;0,05554;0,09354
21.01.2019 01:00;21.01.2019 02:00;53,02;0,05302;0,05302;0,09102
21.01.2019 02:00;21.01.2019 03:00;52,1;0,0521;0,0521;0,0901
21.01.2019 03:00;21.01.2019 04:00;51,31;0,05131;0,05131;0,08931
21.01.2019 04:00;21.01.2019 05:00;51,14;0,05114;0,05114;0,08914
21.01.2019 05:00;21.01.2019 06:00;53,23;0,05323;0,05323;0,09123
21.01.2019 06:00;21.01.2019 07:00;67,16;0,06716;0,06716;0,10516
21.01.2019 07:00;21.01.2019 08:00;79,62;0,07962;0,07962;0,11762
21.01.2019 08:00;21.01.2019 09:00;88,06;0,08806;0,08806;0,12606
21.01.2019 09:00;21.01.2019 10:00;86,01;0,08601;0,08601;0,12401
21.01.2019 10:00;21.01.2019 11:00;80,04;0,08004;0,08004;0,11804
21.01.2019 11:00;21.01.2019 12:00;75;0,075;0,075;0,113
21.01.2019 12:00;21.01.2019 13:00;70,65;0,07065;0,07065;0,10865
21.01.2019 13:00;21.01.2019 14:00;71,56;0,07156;0,07156;0,10956
21.01.2019 14:00;21.01.2019 15:00;72,03;0,07203;0,07203;0,11003
21.01.2019 15:00;21.01.2019 16:00;76,49;0,07649;0,07649;0,11449
21.01.2019 16:00;21.01.2019 17:00;81,08;0,08108;0,08108;0,11908
21.01.2019 17:00;21.01.2019 18:00;88,35;0,08835;0,08835;0,12635
21.01.2019 18:00;21.01.2019 19:00;88,5;0,0885;0,0885;0,1265
21.01.2019 19:00;21.01.2019 20:00;79,93;0,07993;0,07993;0,11793
21.01.2019 20:00;21.01.2019 21:00;73,69;0,07369;0,07369;0,11169
21.01.2019 21:00;21.01.2019 22:00;68,34;0,06834;0,06834;0,10634
21.01.2019 22:00;21.01.2019 23:00;59,83;0,05983;0,05983;0,09783
21.01.2019 23:00;22.01.2019 00:00;54,93;0,05493;0,05493;0,09293
22.01.2019 00:00;22.01.2019 01:00;54,19;0,05419;0,05419;0,09219
22.01.2019 01:00;22.01.2019 02:00;54,05;0,05405;0,05405;0,09205
22.01.2019 02:00;22.01.2019 03:00;53,52;0,05352;0,05352;0,09152
22.01.2019 03:00;22.01.2019 04:00;51,97;0,05197;0,05197;0,08997
22.01.2019 04:00;22.01.2019 05:00;51,96;0,05196;0,05196;0,08996
22.01.2019 05:00;22.01.2019 06:00;52,03;0,05203;0,05203;0,09003
22.01.2019 06:00;22.01.2019 07:00;62,33;0,06233;0,06233;0,10033
22.01.2019 07:00;22.01.2019 08:00;73,91;0,07391;0,07391;0,11191
22.01.2019 08:00;22.01.2019 09:00;80,23;0,08023;0,08023;0,11823
22.01.2019 09:00;22.01.2019 10:00;76,6;0,0766;0,0766;0,1146
22.01.2019 10:00;22.01.2019 11:00;74,19;0,07419;0,07419;0,11219
22.01.2019 11:00;22.01.2019 12:00;70,06;0,07006;0,07006;0,10806
22.01.2019 12:00;22.01.2019 13:00;62,07;0,06207;0,06207;0,10007
22.01.2019 13:00;22.01.2019 14:00;58,45;0,05845;0,05845;0,09645
22.01.2019 14:00;22.01.2019 15:00;59,69;0,05969;0,05969;0,09769
22.01.2019 15:00;22.01.2019 16:00;65,09;0,06509;0,06509;0,10309
22.01.2019 16:00;22.01.2019 17:00;70,21;0,07021;0,07021;0,10821
22.01.2019 17:00;22.01.2019 18:00;78,8;0,0788;0,0788;0,1168
22.01.2019 18:00;22.01.2019 19:00;74,13;0,07413;0,07413;0,11213
22.01.2019 19:00;22.01.2019 20:00;64,46;0,06446;0,06446;0,10246
22.01.2019 20:00;22.01.2019 21:00;58,34;0,05834;0,05834;0,09634
22.01.2019 21:00;22.01.2019 22:00;55,38;0,05538;0,05538;0,09338
22.01.2019 22:00;22.01.2019 23:00;56,59;0,05659;0,05659;0,09459
22.01.2019 23:00;23.01.2019 00:00;53,72;0,05372;0,05372;0,09172
23.01.2019 00:00;23.01.2019 01:00;53,2;0,0532;0,0532;0,0912
23.01.2019 01:00;23.01.2019 02:00;53,92;0,05392;0,05392;0,09192
23.01.2019 02:00;23.01.2019 03:00;53,11;0,05311;0,05311;0,09111
23.01.2019 03:00;23.01.2019 04:00;51,19;0,05119;0,05119;0,08919
23.01.2019 04:00;23.01.2019 05:00;51,02;0,05102;0,05102;0,08902
23.01.2019 05:00;23.01.2019 06:00;55,05;0,05505;0,05505;0,09305
23.01.2019 06:00;23.01.2019 07:00;63,96;0,06396;0,06396;0,10196
23.01.2019 07:00;23.01.2019 08:00;82,55;0,08255;0,08255;0,12055
23.01.2019 08:00;23.01.2019 09:00;92,15;0,09215;0,09215;0,13015
23.01.2019 09:00;23.01.2019 10:00;93,65;0,09365;0,09365;0,13165
23.01.2019 10:00;23.01.2019 11:00;91,93;0,09193;0,09193;0,12993
23.01.2019 11:00;23.01.2019 12:00;88,07;0,08807;0,08807;0,12607
23.01.2019 12:00;23.01.2019 13:00;84,96;0,08496;0,08496;0,12296
23.01.2019 13:00;23.01.2019 14:00;83,99;0,08399;0,08399;0,12199
23.01.2019 14:00;23.01.2019 15:00;85,59;0,08559;0,08559;0,12359
23.01.2019 15:00;23.01.2019 16:00;86,87;0,08687;0,08687;0,12487
23.01.2019 16:00;23.01.2019 17:00;84,96;0,08496;0,08496;0,12296
23.01.2019 17:00;23.01.2019 18:00;90,01;0,09001;0,09001;0,12801
23.01.2019 18:00;23.01.2019 19:00;93,76;0,09376;0,09376;0,13176
23.01.2019 19:00;23.01.2019 20:00;90,54;0,09054;0,09054;0,12854
23.01.2019 20:00;23.01.2019 21:00;78,49;0,07849;0,07849;0,11649
23.01.2019 21:00;23.01.2019 22:00;68,93;0,06893;0,06893;0,10693
23.01.2019 22:00;23.01.2019 23:00;65,1;0,0651;0,0651;0,1031
23.01.2019 23:00;24.01.2019 00:00;59;0,059;0,059;0,097
24.01.2019 00:00;24.01.2019 01:00;61,88;0,06188;0,06188;0,09988
24.01.2019 01:00;24.01.2019 02:00;59,08;0,05908;0,05908;0,09708
24.01.2019 02:00;24.01.2019 03:00;57,9;0,0579;0,0579;0,0959
24.01.2019 03:00;24.01.2019 04:00;56,37;0,05637;0,05637;0,09437
24.01.2019 04:00;24.01.2019 05:00;56,95;0,05695;0,05695;0,09495
24.01.2019 05:00;24.01.2019 06:00;61,53;0,06153;0,06153;0,09953
24.01.2019 06:00;24.01.2019 07:00;75,98;0,07598;0,07598;0,11398
24.01.2019 07:00;24.01.2019 08:00;99,07;0,09907;0,09907;0,13707
24.01.2019 08:00;24.01.2019 09:00;113,07;0,11307;0,11307;0,15107
24.01.2019 09:00;24.01.2019 10:00;111,23;0,11123;0,11123;0,14923
24.01.2019 10:00;24.01.2019 11:00;108,25;0,10825;0,10825;0,14625
24.01.2019 11:00;24.01.2019 12:00;103,69;0,10369;0,10369;0,14169
24.01.2019 12:00;24.01.2019 13:00;98,33;0,09833;0,09833;0,13633
24.01.2019 13:00;24.01.2019 14:00;92,63;0,09263;0,09263;0,13063
24.01.2019 14:00;24.01.2019 15:00;89,86;0,08986;0,08986;0,12786
24.01.2019 15:00;24.01.2019 16:00;90,45;0,09045;0,09045;0,12845
24.01.2019 16:00;24.01.2019 17:00;95,01;0,09501;0,09501;0,13301
24.01.2019 17:00;24.01.2019 18:00;106,82;0,10682;0,10682;0,14482
24.01.2019 18:00;24.01.2019 19:00;121,46;0,12146;0,12146;0,15946
24.01.2019 19:00;24.01.2019 20:00;102,06;0,10206;0,10206;0,14006
24.01.2019 20:00;24.01.2019 21:00;89,34;0,08934;0,08934;0,12734
24.01.2019 21:00;24.01.2019 22:00;74,43;0,07443;0,07443;0,11243
24.01.2019 22:00;24.01.2019 23:00;69,92;0,06992;0,06992;0,10792
24.01.2019 23:00;25.01.2019 00:00;63,79;0,06379;0,06379;0,10179
25.01.2019 00:00;25.01.2019 01:00;64,63;0,06463;0,06463;0,10263
25.01.2019 01:00;25.01.2019 02:00;60,64;0,06064;0,06064;0,09864
25.01.2019 02:00;25.01.2019 03:00;57,8;0,0578;0,0578;0,0958
25.01.2019 03:00;25.01.2019 04:00;55,44;0,05544;0,05544;0,09344
25.01.2019 04:00;25.01.2019 05:00;55,28;0,05528;0,05528;0,09328
25.01.2019 05:00;25.01.2019 06:00;58,98;0,05898;0,05898;0,09698
25.01.2019 06:00;25.01.2019 07:00;71,1;0,0711;0,0711;0,1091
25.01.2019 07:00;25.01.2019 08:00;84,48;0,08448;0,08448;0,12248
25.01.2019 08:00;25.01.2019 09:00;97;0,097;0,097;0,135
25.01.2019 09:00;25.01.2019 10:00;93,64;0,09364;0,09364;0,13164
25.01.2019 10:00;25.01.2019 11:00;85;0,085;0,085;0,123
25.01.2019 11:00;25.01.2019 12:00;78;0,078;0,078;0,116
25.01.2019 12:00;25.01.2019 13:00;71,81;0,07181;0,07181;0,10981
25.01.2019 13:00;25.01.2019 14:00;69,87;0,06987;0,06987;0,10787
25.01.2019 14:00;25.01.2019 15:00;68,64;0,06864;0,06864;0,10664
25.01.2019 15:00;25.01.2019 16:00;65,58;0,06558;0,06558;0,10358
25.01.2019 16:00;25.01.2019 17:00;65,08;0,06508;0,06508;0,10308
25.01.2019 17:00;25.01.2019 18:00;70,87;0,07087;0,07087;0,10887
25.01.2019 18:00;25.01.2019 19:00;71,74;0,07174;0,07174;0,10974
25.01.2019 19:00;25.01.2019 20:00;58,51;0,05851;0,05851;0,09651
25.01.2019 20:00;25.01.2019 21:00;50,78;0,05078;0,05078;0,08878
25.01.2019 21:00;25.01.2019 22:00;51,12;0,05112;0,05112;0,08912
25.01.2019 22:00;25.01.2019 23:00;47,16;0,04716;0,04716;0,08516
25.01.2019 23:00;26.01.2019 00:00;42,9;0,0429;0,0429;0,0809
26.01.2019 00:00;26.01.2019 01:00;44,29;0,04429;0,04429;0,08229
26.01.2019 01:00;26.01.2019 02:00;42,61;0,04261;0,04261;0,08061
26.01.2019 02:00;26.01.2019 03:00;42,51;0,04251;0,04251;0,08051
26.01.2019 03:00;26.01.2019 04:00;41,96;0,04196;0,04196;0,07996
26.01.2019 04:00;26.01.2019 05:00;41,65;0,04165;0,04165;0,07965
26.01.2019 05:00;26.01.2019 06:00;40,72;0,04072;0,04072;0,07872
26.01.2019 06:00;26.01.2019 07:00;41,53;0,04153;0,04153;0,07953
26.01.2019 07:00;26.01.2019 08:00;42,36;0,04236;0,04236;0,08036
26.01.2019 08:00;26.01.2019 09:00;51,37;0,05137;0,05137;0,08937
26.01.2019 09:00;26.01.2019 10:00;56,28;0,05628;0,05628;0,09428
26.01.2019 10:00;26.01.2019 11:00;58,62;0,05862;0,05862;0,09662
26.01.2019 11:00;26.01.2019 12:00;59,18;0,05918;0,05918;0,09718
26.01.2019 12:00;26.01.2019 13:00;56,72;0,05672;0,05672;0,09472
26.01.2019 13:00;26.01.2019 14:00;57,44;0,05744;0,05744;0,09544
26.01.2019 14:00;26.01.2019 15:00;53,32;0,05332;0,05332;0,09132
26.01.2019 15:00;26.01.2019 16:00;52,8;0,0528;0,0528;0,0908
26.01.2019 16:00;26.01.2019 17:00;52,44;0,05244;0,05244;0,09044
26.01.2019 17:00;26.01.2019 18:00;55,95;0,05595;0,05595;0,09395
26.01.2019 18:00;26.01.2019 19:00;57,92;0,05792;0,05792;0,09592
26.01.2019 19:00;26.01.2019 20:00;53,78;0,05378;0,05378;0,09178
26.01.2019 20:00;26.01.2019 21:00;47,98;0,04798;0,04798;0,08598
26.01.2019 21:00;26.01.2019 22:00;44,99;0,04499;0,04499;0,08299
26.01.2019 22:00;26.01.2019 23:00;43,9;0,0439;0,0439;0,0819
26.01.2019 23:00;27.01.2019 00:00;37,75;0,03775;0,03775;0,07575
27.01.2019 00:00;27.01.2019 01:00;28,42;0,02842;0,02842;0,06642
27.01.2019 01:00;27.01.2019 02:00;24,48;0,02448;0,02448;0,06248
27.01.2019 02:00;27.01.2019 03:00;19,98;0,01998;0,01998;0,05798
27.01.2019 03:00;27.01.2019 04:00;18,13;0,01813;0,01813;0,05613
27.01.2019 04:00;27.01.2019 05:00;13,61;0,01361;0,01361;0,05161
27.01.2019 05:00;27.01.2019 06:00;15,34;0,01534;0,01534;0,05334
27.01.2019 06:00;27.01.2019 07:00;3,65;0,00365;0,00365;0,04165
27.01.2019 07:00;27.01.2019 08:00;24,47;0,02447;0,02447;0,06247
27.01.2019 08:00;27.01.2019 09:00;27,04;0,02704;0,02704;0,06504
27.01.2019 09:00;27.01.2019 10:00;32,97;0,03297;0,03297;0,07097
27.01.2019 10:00;27.01.2019 11:00;39,06;0,03906;0,03906;0,07706
27.01.2019 11:00;27.01.2019 12:00;44,05;0,04405;0,04405;0,08205
27.01.2019 12:00;27.01.2019 13:00;46,86;0,04686;0,04686;0,08486
27.01.2019 13:00;27.01.2019 14:00;42,97;0,04297;0,04297;0,08097
27.01.2019 14:00;27.01.2019 15:00;41,18;0,04118;0,04118;0,07918
27.01.2019 15:00;27.01.2019 16:00;40,5;0,0405;0,0405;0,0785
27.01.2019 16:00;27.01.2019 17:00;41,18;0,04118;0,04118;0,07918
27.01.2019 17:00;27.01.2019 18:00;47,25;0,04725;0,04725;0,08525
27.01.2019 18:00;27.01.2019 19:00;52,64;0,05264;0,05264;0,09064
27.01.2019 19:00;27.01.2019 20:00;52,96;0,05296;0,05296;0,09096
27.01.2019 20:00;27.01.2019 21:00;50,44;0,05044;0,05044;0,08844
27.01.2019 21:00;27.01.2019 22:00;47,74;0,04774;0,04774;0,08574
27.01.2019 22:00;27.01.2019 23:00;50,82;0,05082;0,05082;0,08882
27.01.2019 23:00;28.01.2019 00:00;44,81;0,04481;0,04481;0,08281
28.01.2019 00:00;28.01.2019 01:00;42,4;0,0424;0,0424;0,0804
28.01.2019 01:00;28.01.2019 02:00;40,97;0,04097;0,04097;0,07897
28.01.2019 02:00;28.01.2019 03:00;40,42;0,04042;0,04042;0,07842
28.01.2019 03:00;28.01.2019 04:00;37,8;0,0378;0,0378;0,0758
28.01.2019 04:00;28.01.2019 05:00;38,09;0,03809;0,03809;0,07609
28.01.2019 05:00;28.01.2019 06:00;41,83;0,04183;0,04183;0,07983
28.01.2019 06:00;28.01.2019 07:00;53,09;0,05309;0,05309;0,09109
28.01.2019 07:00;28.01.2019 08:00;64,04;0,06404;0,06404;0,10204
28.01.2019 08:00;28.01.2019 09:00;64,88;0,06488;0,06488;0,10288
28.01.2019 09:00;28.01.2019 10:00;62,2;0,0622;0,0622;0,1002
28.01.2019 10:00;28.01.2019 11:00;58,38;0,05838;0,05838;0,09638
28.01.2019 11:00;28.01.2019 12:00;55,92;0,05592;0,05592;0,09392
28.01.2019 12:00;28.01.2019 13:00;55,12;0,05512;0,05512;0,09312
28.01.2019 13:00;28.01.2019 14:00;51,36;0,05136;0,05136;0,08936
28.01.2019 14:00;28.01.2019 15:00;48,63;0,04863;0,04863;0,08663
28.01.2019 15:00;28.01.2019 16:00;47,34;0,04734;0,04734;0,08534
28.01.2019 16:00;28.01.2019 17:00;48,83;0,04883;0,04883;0,08683
28.01.2019 17:00;28.01.2019 18:00;60,83;0,06083;0,06083;0,09883
28.01.2019 18:00;28.01.2019 19:00;59,64;0,05964;0,05964;0,09764
28.01.2019 19:00;28.01.2019 20:00;54,37;0,05437;0,05437;0,09237
28.01.2019 20:00;28.01.2019 21:00;47,54;0,04754;0,04754;0,08554
28.01.2019 21:00;28.01.2019 22:00;45,69;0,04569;0,04569;0,08369
28.01.2019 22:00;28.01.2019 23:00;46,36;0,04636;0,04636;0,08436
28.01.2019 23:00;29.01.2019 00:00;43,91;0,04391;0,04391;0,08191
29.01.2019 00:00;29.01.2019 01:00;44,87;0,04487;0,04487;0,08287
29.01.2019 01:00;29.01.2019 02:00;48,07;0,04807;0,04807;0,08607
29.01.2019 02:00;29.01.2019 03:00;47,49;0,04749;0,04749;0,08549
29.01.2019 03:00;29.01.2019 04:00;44,59;0,04459;0,04459;0,08259
29.01.2019 04:00;29.01.2019 05:00;45,97;0,04597;0,04597;0,08397
29.01.2019 05:00;29.01.2019 06:00;46,46;0,04646;0,04646;0,08446
29.01.2019 06:00;29.01.2019 07:00;55,82;0,05582;0,05582;0,09382
29.01.2019 07:00;29.01.2019 08:00;67,67;0,06767;0,06767;0,10567
29.01.2019 08:00;29.01.2019 09:00;72,8;0,0728;0,0728;0,1108
29.01.2019 09:00;29.01.2019 10:00;70,63;0,07063;0,07063;0,10863
29.01.2019 10:00;29.01.2019 11:00;70,38;0,07038;0,07038;0,10838
29.01.2019 11:00;29.01.2019 12:00;67,51;0,06751;0,06751;0,10551
29.01.2019 12:00;29.01.2019 13:00;64,03;0,06403;0,06403;0,10203
29.01.2019 13:00;29.01.2019 14:00;63,84;0,06384;0,06384;0,10184
29.01.2019 14:00;29.01.2019 15:00;66,56;0,06656;0,06656;0,10456
29.01.2019 15:00;29.01.2019 16:00;66;0,066;0,066;0,104
29.01.2019 16:00;29.01.2019 17:00;69,33;0,06933;0,06933;0,10733
29.01.2019 17:00;29.01.2019 18:00;71,45;0,07145;0,07145;0,10945
29.01.2019 18:00;29.01.2019 19:00;72,82;0,07282;0,07282;0,11082
29.01.2019 19:00;29.01.2019 20:00;69,81;0,06981;0,06981;0,10781
29.01.2019 20:00;29.01.2019 21:00;59,51;0,05951;0,05951;0,09751
29.01.2019 21:00;29.01.2019 22:00;55,74;0,05574;0,05574;0,09374
29.01.2019 22:00;29.01.2019 23:00;53,83;0,05383;0,05383;0,09183
29.01.2019 23:00;30.01.2019 00:00;49,34;0,04934;0,04934;0,08734
30.01.2019 00:00;30.01.2019 01:00;46,52;0,04652;0,04652;0,08452
30.01.2019 01:00;30.01.2019 02:00;46,36;0,04636;0,04636;0,08436
30.01.2019 02:00;30.01.2019 03:00;45,1;0,0451;0,0451;0,0831
30.01.2019 03:00;30.01.2019 04:00;42,85;0,04285;0,04285;0,08085
30.01.2019 04:00;30.01.2019 05:00;42,74;0,04274;0,04274;0,08074
30.01.2019 05:00;30.01.2019 06:00;46,34;0,04634;0,04634;0,08434
30.01.2019 06:00;30.01.2019 07:00;52,09;0,05209;0,05209;0,09009
30.01.2019 07:00;30.01.2019 08:00;64,99;0,06499;0,06499;0,10299
30.01.2019 08:00;30.01.2019 09:00;68,17;0,06817;0,06817;0,10617
30.01.2019 09:00;30.01.2019 10:00;66,76;0,06676;0,06676;0,10476
30.01.2019 10:00;30.01.2019 11:00;59,06;0,05906;0,05906;0,09706
30.01.2019 11:00;30.01.2019 12:00;53,03;0,05303;0,05303;0,09103
30.01.2019 12:00;30.01.2019 13:00;54,19;0,05419;0,05419;0,09219
30.01.2019 13:00;30.01.2019 14:00;49,7;0,0497;0,0497;0,0877
30.01.2019 14:00;30.01.2019 15:00;53,56;0,05356;0,05356;0,09156
30.01.2019 15:00;30.01.2019 16:00;49,37;0,04937;0,04937;0,08737
30.01.2019 16:00;30.01.2019 17:00;52,65;0,05265;0,05265;0,09065
30.01.2019 17:00;30.01.2019 18:00;60,49;0,06049;0,06049;0,09849
30.01.2019 18:00;30.01.2019 19:00;62,53;0,06253;0,06253;0,10053
30.01.2019 19:00;30.01.2019 20:00;59,28;0,05928;0,05928;0,09728
30.01.2019 20:00;30.01.2019 21:00;50,02;0,05002;0,05002;0,08802
30.01.2019 21:00;30.01.2019 22:00;51,01;0,05101;0,05101;0,08901
30.01.2019 22:00;30.01.2019 23:00;50,08;0,05008;0,05008;0,08808
30.01.2019 23:00;31.01.2019 00:00;46,86;0,04686;0,04686;0,08486
31.01.2019 00:00;31.01.2019 01:00;47,17;0,04717;0,04717;0,08517
31.01.2019 01:00;31.01.2019 02:00;45,47;0,04547;0,04547;0,08347
31.01.2019 02:00;31.01.2019 03:00;45,43;0,04543;0,04543;0,08343
31.01.2019 03:00;31.01.2019 04:00;46,82;0,04682;0,04682;0,08482
31.01.2019 04:00;31.01.2019 05:00;45,08;0,04508;0,04508;0,08308
31.01.2019 05:00;31.01.2019 06:00;48,7;0,0487;0,0487;0,0867
31.01.2019 06:00;31.01.2019 07:00;62,41;0,06241;0,06241;0,10041
31.01.2019 07:00;31.01.2019 08:00;71,7;0,0717;0,0717;0,1097
31.01.2019 08:00;31.01.2019 09:00;78,49;0,07849;0,07849;0,11649
31.01.2019 09:00;31.01.2019 10:00;69,08;0,06908;0,06908;0,10708
31.01.2019 10:00;31.01.2019 11:00;67,35;0,06735;0,06735;0,10535
31.01.2019 11:00;31.01.2019 12:00;67,94;0,06794;0,06794;0,10594
31.01.2019 12:00;31.01.2019 13:00;66,81;0,06681;0,06681;0,10481
31.01.2019 13:00;31.01.2019 14:00;66,22;0,06622;0,06622;0,10422
31.01.2019 14:00;31.01.2019 15:00;66,16;0,06616;0,06616;0,10416
31.01.2019 15:00;31.01.2019 16:00;66,16;0,06616;0,06616;0,10416
31.01.2019 16:00;31.01.2019 17:00;65,35;0,06535;0,06535;0,10335
31.01.2019 17:00;31.01.2019 18:00;66,68;0,06668;0,06668;0,10468
31.01.2019 18:00;31.01.2019 19:00;66,98;0,06698;0,06698;0,10498
31.01.2019 19:00;31.01.2019 20:00;65,4;0,0654;0,0654;0,1034
31.01.2019 20:00;31.01.2019 21:00;59,9;0,0599;0,0599;0,0979
31.01.2019 21:00;31.01.2019 22:00;52,84;0,05284;0,05284;0,09084
31.01.2019 22:00;31.01.2019 23:00;51,36;0,05136;0,05136;0,08936
31.01.2019 23:00;01.02.2019 00:00;46,72;0,04672;0,04672;0,08472
01.02.2019 00:00;01.02.2019 01:00;43,55;0,04355;0,04355;0,08155
01.02.2019 01:00;01.02.2019 02:00;45,47;0,04547;0,04547;0,08347
01.02.2019 02:00;01.02.2019 03:00;43,1;0,0431;0,0431;0,0811
01.02.2019 03:00;01.02.2019 04:00;41,1;0,0411;0,0411;0,0791
01.02.2019 04:00;01.02.2019 05:00;41,51;0,04151;0,04151;0,07951
01.02.2019 05:00;01.02.2019 06:00;45,76;0,04576;0,04576;0,08376
01.02.2019 06:00;01.02.2019 07:00;47,72;0,04772;0,04772;0,08572
01.02.2019 07:00;01.02.2019 08:00;54,04;0,05404;0,05404;0,09204
01.02.2019 08:00;01.02.2019 09:00;56,66;0,05666;0,05666;0,09466
01.02.2019 09:00;01.02.2019 10:00;55,93;0,05593;0,05593;0,09393
01.02.2019 10:00;01.02.2019 11:00;55,51;0,05551;0,05551;0,09351
01.02.2019 11:00;01.02.2019 12:00;56,9;0,0569;0,0569;0,0949
01.02.2019 12:00;01.02.2019 13:00;58,51;0,05851;0,05851;0,09651
01.02.2019 13:00;01.02.2019 14:00;64;0,064;0,064;0,102
01.02.2019 14:00;01.02.2019 15:00;64,93;0,06493;0,06493;0,10293
01.02.2019 15:00;01.02.2019 16:00;64,55;0,06455;0,06455;0,10255
01.02.2019 16:00;01.02.2019 17:00;63,91;0,06391;0,06391;0,10191
01.02.2019 17:00;01.02.2019 18:00;67,71;0,06771;0,06771;0,10571
01.02.2019 18:00;01.02.2019 19:00;69,98;0,06998;0,06998;0,10798
01.02.2019 19:00;01.02.2019 20:00;67,34;0,06734;0,06734;0,10534
01.02.2019 20:00;01.02.2019 21:00;62,99;0,06299;0,06299;0,10099
01.02.2019 21:00;01.02.2019 22:00;55,32;0,05532;0,05532;0,09332
01.02.2019 22:00;01.02.2019 23:00;54,01;0,05401;0,05401;0,09201
01.02.2019 23:00;02.02.2019 00:00;50,92;0,05092;0,05092;0,08892
02.02.2019 00:00;02.02.2019 01:00;50,04;0,05004;0,05004;0,08804
02.02.2019 01:00;02.02.2019 02:00;47,07;0,04707;0,04707;0,08507
02.02.2019 02:00;02.02.2019 03:00;45,7;0,0457;0,0457;0,0837
02.02.2019 03:00;02.02.2019 04:00;43,14;0,04314;0,04314;0,08114
02.02.2019 04:00;02.02.2019 05:00;42,71;0,04271;0,04271;0,08071
02.02.2019 05:00;02.02.2019 06:00;42,6;0,0426;0,0426;0,0806
02.02.2019 06:00;02.02.2019 07:00;43,47;0,04347;0,04347;0,08147
02.02.2019 07:00;02.02.2019 08:00;47,68;0,04768;0,04768;0,08568
02.02.2019 08:00;02.02.2019 09:00;51,47;0,05147;0,05147;0,08947
02.02.2019 09:00;02.02.2019 10:00;55,79;0,05579;0,05579;0,09379
02.02.2019 10:00;02.02.2019 11:00;59,5;0,0595;0,0595;0,0975
02.02.2019 11:00;02.02.2019 12:00;59,15;0,05915;0,05915;0,09715
02.02.2019 12:00;02.02.2019 13:00;56,08;0,05608;0,05608;0,09408
02.02.2019 13:00;02.02.2019 14:00;50,33;0,05033;0,05033;0,08833
02.02.2019 14:00;02.02.2019 15:00;49,09;0,04909;0,04909;0,08709
02.02.2019 15:00;02.02.2019 16:00;48,6;0,0486;0,0486;0,0866
02.02.2019 16:00;02.02.2019 17:00;49,39;0,04939;0,04939;0,08739
02.02.2019 17:00;02.02.2019 18:00;56,86;0,05686;0,05686;0,09486
02.02.2019 18:00;02.02.2019 19:00;57,91;0,05791;0,05791;0,09591
02.02.2019 19:00;02.02.2019 20:00;54,59;0,05459;0,05459;0,09259
02.02.2019 20:00;02.02.2019 21:00;50,43;0,05043;0,05043;0,08843
02.02.2019 21:00;02.02.2019 22:00;48,48;0,04848;0,04848;0,08648
02.02.2019 22:00;02.02.2019 23:00;48,49;0,04849;0,04849;0,08649
02.02.2019 23:00;03.02.2019 00:00;46,06;0,04606;0,04606;0,08406
03.02.2019 00:00;03.02.2019 01:00;44,8;0,0448;0,0448;0,0828
03.02.2019 01:00;03.02.2019 02:00;41,29;0,04129;0,04129;0,07929
03.02.2019 02:00;03.02.2019 03:00;40,48;0,04048;0,04048;0,07848
03.02.2019 03:00;03.02.2019 04:00;39;0,039;0,039;0,077
03.02.2019 04:00;03.02.2019 05:00;38,9;0,0389;0,0389;0,0769
03.02.2019 05:00;03.02.2019 06:00;38,47;0,03847;0,03847;0,07647
03.02.2019 06:00;03.02.2019 07:00;39,88;0,03988;0,03988;0,07788
03.02.2019 07:00;03.02.2019 08:00;40,97;0,04097;0,04097;0,07897
03.02.2019 08:00;03.02.2019 09:00;43,8;0,0438;0,0438;0,0818
03.02.2019 09:00;03.02.2019 10:00;47,05;0,04705;0,04705;0,08505
03.02.2019 10:00;03.02.2019 11:00;49,33;0,04933;0,04933;0,08733
03.02.2019 11:00;03.02.2019 12:00;51,11;0,05111;0,05111;0,08911
03.02.2019 12:00;03.02.2019 13:00;50,35;0,05035;0,05035;0,08835
03.02.2019 13:00;03.02.2019 14:00;47,09;0,04709;0,04709;0,08509
03.02.2019 14:00;03.02.2019 15:00;45,14;0,04514;0,04514;0,08314
03.02.2019 15:00;03.02.2019 16:00;44,4;0,0444;0,0444;0,0824
03.02.2019 16:00;03.02.2019 17:00;45,79;0,04579;0,04579;0,08379
03.02.2019 17:00;03.02.2019 18:00;51,94;0,05194;0,05194;0,08994
03.02.2019 18:00;03.02.2019 19:00;59,54;0,05954;0,05954;0,09754
03.02.2019 19:00;03.02.2019 20:00;57,94;0,05794;0,05794;0,09594
03.02.2019 20:00;03.02.2019 21:00;54,69;0,05469;0,05469;0,09269
03.02.2019 21:00;03.02.2019 22:00;51,94;0,05194;0,05194;0,08994
03.02.2019 22:00;03.02.2019 23:00;51,04;0,05104;0,05104;0,08904
03.02.2019 23:00;04.02.2019 00:00;46,42;0,04642;0,04642;0,08442
04.02.2019 00:00;04.02.2019 01:00;43,7;0,0437;0,0437;0,0817
04.02.2019 01:00;04.02.2019 02:00;41,37;0,04137;0,04137;0,07937
04.02.2019 02:00;04.02.2019 03:00;40,48;0,04048;0,04048;0,07848
04.02.2019 03:00;04.02.2019 04:00;39,21;0,03921;0,03921;0,07721
04.02.2019 04:00;04.02.2019 05:00;38,55;0,03855;0,03855;0,07655
04.02.2019 05:00;04.02.2019 06:00;40,71;0,04071;0,04071;0,07871
04.02.2019 06:00;04.02.2019 07:00;49,05;0,04905;0,04905;0,08705
04.02.2019 07:00;04.02.2019 08:00;60,67;0,06067;0,06067;0,09867
04.02.2019 08:00;04.02.2019 09:00;58,93;0,05893;0,05893;0,09693
04.02.2019 09:00;04.02.2019 10:00;55,47;0,05547;0,05547;0,09347
04.02.2019 10:00;04.02.2019 11:00;48,15;0,04815;0,04815;0,08615
04.02.2019 11:00;04.02.2019 12:00;43,46;0,04346;0,04346;0,08146
04.02.2019 12:00;04.02.2019 13:00;41,69;0,04169;0,04169;0,07969
04.02.2019 13:00;04.02.2019 14:00;40,47;0,04047;0,04047;0,07847
04.02.2019 14:00;04.02.2019 15:00;41,01;0,04101;0,04101;0,07901
04.02.2019 15:00;04.02.2019 16:00;43,37;0,04337;0,04337;0,08137
04.02.2019 16:00;04.02.2019 17:00;43,82;0,04382;0,04382;0,08182
04.02.2019 17:00;04.02.2019 18:00;49,06;0,04906;0,04906;0,08706
04.02.2019 18:00;04.02.2019 19:00;46,78;0,04678;0,04678;0,08478
04.02.2019 19:00;04.02.2019 20:00;42,08;0,04208;0,04208;0,08008
04.02.2019 20:00;04.02.2019 21:00;39,42;0,03942;0,03942;0,07742
04.02.2019 21:00;04.02.2019 22:00;38,75;0,03875;0,03875;0,07675
04.02.2019 22:00;04.02.2019 23:00;38,52;0,03852;0,03852;0,07652
04.02.2019 23:00;05.02.2019 00:00;32,51;0,03251;0,03251;0,07051
05.02.2019 00:00;05.02.2019 01:00;34,49;0,03449;0,03449;0,07249
05.02.2019 01:00;05.02.2019 02:00;36,71;0,03671;0,03671;0,07471
05.02.2019 02:00;05.02.2019 03:00;38,42;0,03842;0,03842;0,07642
05.02.2019 03:00;05.02.2019 04:00;39,39;0,03939;0,03939;0,07739
05.02.2019 04:00;05.02.2019 05:00;39,82;0,03982;0,03982;0,07782
05.02.2019 05:00;05.02.2019 06:00;41,72;0,04172;0,04172;0,07972
05.02.2019 06:00;05.02.2019 07:00;50,31;0,05031;0,05031;0,08831
05.02.2019 07:00;05.02.2019 08:00;61,52;0,06152;0,06152;0,09952
05.02.2019 08:00;05.02.2019 09:00;62,31;0,06231;0,06231;0,10031
05.02.2019 09:00;05.02.2019 10:00;62,31;0,06231;0,06231;0,10031
05.02.2019 10:00;05.02.2019 11:00;64,56;0,06456;0,06456;0,10256
05.02.2019 11:00;05.02.2019 12:00;62,85;0,06285;0,06285;0,10085
05.02.2019 12:00;05.02.2019 13:00;58,63;0,05863;0,05863;0,09663
05.02.2019 13:00;05.02.2019 14:00;57,81;0,05781;0,05781;0,09581
05.02.2019 14:00;05.02.2019 15:00;57,96;0,05796;0,05796;0,09596
05.02.2019 15:00;05.02.2019 16:00;58,04;0,05804;0,05804;0,09604
05.02.2019 16:00;05.02.2019 17:00;60,35;0,06035;0,06035;0,09835
05.02.2019 17:00;05.02.2019 18:00;63,06;0,06306;0,06306;0,10106
05.02.2019 18:00;05.02.2019 19:00;65,79;0,06579;0,06579;0,10379
05.02.2019 19:00;05.02.2019 20:00;62,63;0,06263;0,06263;0,10063
05.02.2019 20:00;05.02.2019 21:00;61,77;0,06177;0,06177;0,09977
05.02.2019 21:00;05.02.2019 22:00;53,38;0,05338;0,05338;0,09138
05.02.2019 22:00;05.02.2019 23:00;50,12;0,05012;0,05012;0,08812
05.02.2019 23:00;06.02.2019 00:00;46,98;0,04698;0,04698;0,08498
06.02.2019 00:00;06.02.2019 01:00;42,8;0,0428;0,0428;0,0808
06.02.2019 01:00;06.02.2019 02:00;41,63;0,04163;0,04163;0,07963
06.02.2019 02:00;06.02.2019 03:00;40,98;0,04098;0,04098;0,07898
06.02.2019 03:00;06.02.2019 04:00;40,4;0,0404;0,0404;0,0784
06.02.2019 04:00;06.02.2019 05:00;41,38;0,04138;0,04138;0,07938
06.02.2019 05:00;06.02.2019 06:00;42,31;0,04231;0,04231;0,08031
06.02.2019 06:00;06.02.2019 07:00;51,1;0,0511;0,0511;0,0891
06.02.2019 07:00;06.02.2019 08:00;57,59;0,05759;0,05759;0,09559
06.02.2019 08:00;06.02.2019 09:00;59,01;0,05901;0,05901;0,09701
06.02.2019 09:00;06.02.2019 10:00;53,34;0,05334;0,05334;0,09134
06.02.2019 10:00;06.02.2019 11:00;53,54;0,05354;0,05354;0,09154
06.02.2019 11:00;06.02.2019 12:00;53,32;0,05332;0,05332;0,09132
06.02.2019 12:00;06.02.2019 13:00;53,19;0,05319;0,05319;0,09119
06.02.2019 13:00;06.02.2019 14:00;52,81;0,05281;0,05281;0,09081
06.02.2019 14:00;06.02.2019 15:00;52,93;0,05293;0,05293;0,09093
06.02.2019 15:00;06.02.2019 16:00;54,3;0,0543;0,0543;0,0923
06.02.2019 16:00;06.02.2019 17:00;56,73;0,05673;0,05673;0,09473
06.02.2019 17:00;06.02.2019 18:00;60,27;0,06027;0,06027;0,09827
06.02.2019 18:00;06.02.2019 19:00;62,4;0,0624;0,0624;0,1004
06.02.2019 19:00;06.02.2019 20:00;59,62;0,05962;0,05962;0,09762
06.02.2019 20:00;06.02.2019 21:00;55,8;0,0558;0,0558;0,0938
06.02.2019 21:00;06.02.2019 22:00;50,49;0,05049;0,05049;0,08849
06.02.2019 22:00;06.02.2019 23:00;49,5;0,0495;0,0495;0,0875
06.02.2019 23:00;07.02.2019 00:00;46,18;0,04618;0,04618;0,08418
07.02.2019 00:00;07.02.2019 01:00;46,25;0,04625;0,04625;0,08425
07.02.2019 01:00;07.02.2019 02:00;45,21;0,04521;0,04521;0,08321
07.02.2019 02:00;07.02.2019 03:00;41,24;0,04124;0,04124;0,07924
07.02.2019 03:00;07.02.2019 04:00;38,05;0,03805;0,03805;0,07605
07.02.2019 04:00;07.02.2019 05:00;37;0,037;0,037;0,075
07.02.2019 05:00;07.02.2019 06:00;39,04;0,03904;0,03904;0,07704
07.02.2019 06:00;07.02.2019 07:00;48,06;0,04806;0,04806;0,08606
07.02.2019 07:00;07.02.2019 08:00;53,29;0,05329;0,05329;0,09129
07.02.2019 08:00;07.02.2019 09:00;53,04;0,05304;0,05304;0,09104
07.02.2019 09:00;07.02.2019 10:00;51,98;0,05198;0,05198;0,08998
07.02.2019 10:00;07.02.2019 11:00;51,47;0,05147;0,05147;0,08947
07.02.2019 11:00;07.02.2019 12:00;46,38;0,04638;0,04638;0,08438
07.02.2019 12:00;07.02.2019 13:00;43,24;0,04324;0,04324;0,08124
07.02.2019 13:00;07.02.2019 14:00;42,32;0,04232;0,04232;0,08032
07.02.2019 14:00;07.02.2019 15:00;40,75;0,04075;0,04075;0,07875
07.02.2019 15:00;07.02.2019 16:00;41,63;0,04163;0,04163;0,07963
07.02.2019 16:00;07.02.2019 17:00;41,77;0,04177;0,04177;0,07977
07.02.2019 17:00;07.02.2019 18:00;51,37;0,05137;0,05137;0,08937
07.02.2019 18:00;07.02.2019 19:00;51,4;0,0514;0,0514;0,0894
07.02.2019 19:00;07.02.2019 20:00;45,75;0,04575;0,04575;0,08375
07.02.2019 20:00;07.02.2019 21:00;46,07;0,04607;0,04607;0,08407
07.02.2019 21:00;07.02.2019 22:00;41,47;0,04147;0,04147;0,07947
07.02.2019 22:00;07.02.2019 23:00;38,71;0,03871;0,03871;0,07671
07.02.2019 23:00;08.02.2019 00:00;33,68;0,03368;0,03368;0,07168
08.02.2019 00:00;08.02.2019 01:00;32,73;0,03273;0,03273;0,07073
08.02.2019 01:00;08.02.2019 02:00;33,24;0,03324;0,03324;0,07124
08.02.2019 02:00;08.02.2019 03:00;32,57;0,03257;0,03257;0,07057
08.02.2019 03:00;08.02.2019 04:00;31,16;0,03116;0,03116;0,06916
08.02.2019 04:00;08.02.2019 05:00;35,71;0,03571;0,03571;0,07371
08.02.2019 05:00;08.02.2019 06:00;38,99;0,03899;0,03899;0,07699
08.02.2019 06:00;08.02.2019 07:00;45,85;0,04585;0,04585;0,08385
08.02.2019 07:00;08.02.2019 08:00;56,33;0,05633;0,05633;0,09433
08.02.2019 08:00;08.02.2019 09:00;57,94;0,05794;0,05794;0,09594
08.02.2019 09:00;08.02.2019 10:00;54,91;0,05491;0,05491;0,09291
08.02.2019 10:00;08.02.2019 11:00;51,35;0,05135;0,05135;0,08935
08.02.2019 11:00;08.02.2019 12:00;50,66;0,05066;0,05066;0,08866
08.02.2019 12:00;08.02.2019 13:00;44,59;0,04459;0,04459;0,08259
08.02.2019 13:00;08.02.2019 14:00;39,51;0,03951;0,03951;0,07751
08.02.2019 14:00;08.02.2019 15:00;38,77;0,03877;0,03877;0,07677
08.02.2019 15:00;08.02.2019 16:00;42,31;0,04231;0,04231;0,08031
08.02.2019 16:00;08.02.2019 17:00;43,98;0,04398;0,04398;0,08198
08.02.2019 17:00;08.02.2019 18:00;49,61;0,04961;0,04961;0,08761
08.02.2019 18:00;08.02.2019 19:00;50,66;0,05066;0,05066;0,08866
08.02.2019 19:00;08.02.2019 20:00;46,04;0,04604;0,04604;0,08404
08.02.2019 20:00;08.02.2019 21:00;35,88;0,03588;0,03588;0,07388
08.02.2019 21:00;08.02.2019 22:00;33,96;0,03396;0,03396;0,07196
08.02.2019 22:00;08.02.2019 23:00;27,56;0,02756;0,02756;0,06556
08.02.2019 23:00;09.02.2019 00:00;24,47;0,02447;0,02447;0,06247
09.02.2019 00:00;09.02.2019 01:00;0,02;0,00002;0,00002;0,03802
09.02.2019 01:00;09.02.2019 02:00;0,08;0,00008;0,00008;0,03808
09.02.2019 02:00;09.02.2019 03:00;-4,09;-0,00409;0,00409;0,03391
09.02.2019 03:00;09.02.2019 04:00;-4;-0,004;0,004;0,034
09.02.2019 04:00;09.02.2019 05:00;0,06;0,00006;0,00006;0,03806
09.02.2019 05:00;09.02.2019 06:00;0,09;0,00009;0,00009;0,03809
09.02.2019 06:00;09.02.2019 07:00;0,05;0,00005;0,00005;0,03805
09.02.2019 07:00;09.02.2019 08:00;6,37;0,00637;0,00637;0,04437
09.02.2019 08:00;09.02.2019 09:00;12,08;0,01208;0,01208;0,05008
09.02.2019 09:00;09.02.2019 10:00;11,18;0,01118;0,01118;0,04918
09.02.2019 10:00;09.02.2019 11:00;10,64;0,01064;0,01064;0,04864
09.02.2019 11:00;09.02.2019 12:00;4,12;0,00412;0,00412;0,04212
09.02.2019 12:00;09.02.2019 13:00;0,05;0,00005;0,00005;0,03805
09.02.2019 13:00;09.02.2019 14:00;-0,1;-0,0001;0,0001;0,0379
09.02.2019 14:00;09.02.2019 15:00;-2,05;-0,00205;0,00205;0,03595
09.02.2019 15:00;09.02.2019 16:00;0,09;0,00009;0,00009;0,03809
09.02.2019 16:00;09.02.2019 17:00;9,64;0,00964;0,00964;0,04764
09.02.2019 17:00;09.02.2019 18:00;26,97;0,02697;0,02697;0,06497
09.02.2019 18:00;09.02.2019 19:00;36,17;0,03617;0,03617;0,07417
09.02.2019 19:00;09.02.2019 20:00;25,97;0,02597;0,02597;0,06397
09.02.2019 20:00;09.02.2019 21:00;16,96;0,01696;0,01696;0,05496
09.02.2019 21:00;09.02.2019 22:00;0,09;0,00009;0,00009;0,03809
09.02.2019 22:00;09.02.2019 23:00;12,91;0,01291;0,01291;0,05091
09.02.2019 23:00;10.02.2019 00:00;0,09;0,00009;0,00009;0,03809
10.02.2019 00:00;10.02.2019 01:00;22,88;0,02288;0,02288;0,06088
10.02.2019 01:00;10.02.2019 02:00;16,16;0,01616;0,01616;0,05416
10.02.2019 02:00;10.02.2019 03:00;16,02;0,01602;0,01602;0,05402
10.02.2019 03:00;10.02.2019 04:00;12,45;0,01245;0,01245;0,05045
10.02.2019 04:00;10.02.2019 05:00;10,19;0,01019;0,01019;0,04819
10.02.2019 05:00;10.02.2019 06:00;14,51;0,01451;0,01451;0,05251
10.02.2019 06:00;10.02.2019 07:00;7,01;0,00701;0,00701;0,04501
10.02.2019 07:00;10.02.2019 08:00;10,98;0,01098;0,01098;0,04898
10.02.2019 08:00;10.02.2019 09:00;20,62;0,02062;0,02062;0,05862
10.02.2019 09:00;10.02.2019 10:00;32,95;0,03295;0,03295;0,07095
10.02.2019 10:00;10.02.2019 11:00;36,75;0,03675;0,03675;0,07475
10.02.2019 11:00;10.02.2019 12:00;38,68;0,03868;0,03868;0,07668
10.02.2019 12:00;10.02.2019 13:00;32,5;0,0325;0,0325;0,0705
10.02.2019 13:00;10.02.2019 14:00;34;0,034;0,034;0,072
10.02.2019 14:00;10.02.2019 15:00;31,2;0,0312;0,0312;0,0692
10.02.2019 15:00;10.02.2019 16:00;27,99;0,02799;0,02799;0,06599
10.02.2019 16:00;10.02.2019 17:00;32,61;0,03261;0,03261;0,07061
10.02.2019 17:00;10.02.2019 18:00;39,41;0,03941;0,03941;0,07741
10.02.2019 18:00;10.02.2019 19:00;49,19;0,04919;0,04919;0,08719
10.02.2019 19:00;10.02.2019 20:00;49,48;0,04948;0,04948;0,08748
10.02.2019 20:00;10.02.2019 21:00;43,1;0,0431;0,0431;0,0811
10.02.2019 21:00;10.02.2019 22:00;28,99;0,02899;0,02899;0,06699
10.02.2019 22:00;10.02.2019 23:00;34,37;0,03437;0,03437;0,07237
10.02.2019 23:00;11.02.2019 00:00;30,58;0,03058;0,03058;0,06858
11.02.2019 00:00;11.02.2019 01:00;-0,01;-0,00001;0,00001;0,03799
11.02.2019 01:00;11.02.2019 02:00;-1,22;-0,00122;0,00122;0,03678
11.02.2019 02:00;11.02.2019 03:00;-0,04;-0,00004;0,00004;0,03796
11.02.2019 03:00;11.02.2019 04:00;-3,54;-0,00354;0,00354;0,03446
11.02.2019 04:00;11.02.2019 05:00;-3,95;-0,00395;0,00395;0,03405
11.02.2019 05:00;11.02.2019 06:00;5,65;0,00565;0,00565;0,04365
11.02.2019 06:00;11.02.2019 07:00;39,91;0,03991;0,03991;0,07791
11.02.2019 07:00;11.02.2019 08:00;49,04;0,04904;0,04904;0,08704
11.02.2019 08:00;11.02.2019 09:00;49,41;0,04941;0,04941;0,08741
11.02.2019 09:00;11.02.2019 10:00;44,99;0,04499;0,04499;0,08299
11.02.2019 10:00;11.02.2019 11:00;39,94;0,03994;0,03994;0,07794
11.02.2019 11:00;11.02.2019 12:00;38,73;0,03873;0,03873;0,07673
11.02.2019 12:00;11.02.2019 13:00;36,59;0,03659;0,03659;0,07459
11.02.2019 13:00;11.02.2019 14:00;38,54;0,03854;0,03854;0,07654
11.02.2019 14:00;11.02.2019 15:00;38,66;0,03866;0,03866;0,07666
11.02.2019 15:00;11.02.2019 16:00;38,86;0,03886;0,03886;0,07686
11.02.2019 16:00;11.02.2019 17:00;38,61;0,03861;0,03861;0,07661
11.02.2019 17:00;11.02.2019 18:00;48,11;0,04811;0,04811;0,08611
11.02.2019 18:00;11.02.2019 19:00;48,51;0,04851;0,04851;0,08651
11.02.2019 19:00;11.02.2019 20:00;48,73;0,04873;0,04873;0,08673
11.02.2019 20:00;11.02.2019 21:00;47,96;0,04796;0,04796;0,08596
11.02.2019 21:00;11.02.2019 22:00;41,27;0,04127;0,04127;0,07927
11.02.2019 22:00;11.02.2019 23:00;45,19;0,04519;0,04519;0,08319
11.02.2019 23:00;12.02.2019 00:00;37,34;0,03734;0,03734;0,07534
12.02.2019 00:00;12.02.2019 01:00;37,29;0,03729;0,03729;0,07529
12.02.2019 01:00;12.02.2019 02:00;32,8;0,0328;0,0328;0,0708
12.02.2019 02:00;12.02.2019 03:00;29,71;0,02971;0,02971;0,06771
12.02.2019 03:00;12.02.2019 04:00;31;0,031;0,031;0,069
12.02.2019 04:00;12.02.2019 05:00;36,08;0,03608;0,03608;0,07408
12.02.2019 05:00;12.02.2019 06:00;40,02;0,04002;0,04002;0,07802
12.02.2019 06:00;12.02.2019 07:00;46,44;0,04644;0,04644;0,08444
12.02.2019 07:00;12.02.2019 08:00;55,19;0,05519;0,05519;0,09319
12.02.2019 08:00;12.02.2019 09:00;54,91;0,05491;0,05491;0,09291
12.02.2019 09:00;12.02.2019 10:00;57,33;0,05733;0,05733;0,09533
12.02.2019 10:00;12.02.2019 11:00;55,66;0,05566;0,05566;0,09366
12.02.2019 11:00;12.02.2019 12:00;50,93;0,05093;0,05093;0,08893
12.02.2019 12:00;12.02.2019 13:00;50,02;0,05002;0,05002;0,08802
12.02.2019 13:00;12.02.2019 14:00;49,59;0,04959;0,04959;0,08759
12.02.2019 14:00;12.02.2019 15:00;49,98;0,04998;0,04998;0,08798
12.02.2019 15:00;12.02.2019 16:00;50,17;0,05017;0,05017;0,08817
12.02.2019 16:00;12.02.2019 17:00;52,84;0,05284;0,05284;0,09084
12.02.2019 17:00;12.02.2019 18:00;56,92;0,05692;0,05692;0,09492
12.02.2019 18:00;12.02.2019 19:00;60,47;0,06047;0,06047;0,09847
12.02.2019 19:00;12.02.2019 20:00;51,27;0,05127;0,05127;0,08927
12.02.2019 20:00;12.02.2019 21:00;45,96;0,04596;0,04596;0,08396
12.02.2019 21:00;12.02.2019 22:00;41,6;0,0416;0,0416;0,0796
12.02.2019 22:00;12.02.2019 23:00;43,96;0,04396;0,04396;0,08196
12.02.2019 23:00;13.02.2019 00:00;41,51;0,04151;0,04151;0,07951
13.02.2019 00:00;13.02.2019 01:00;34,14;0,03414;0,03414;0,07214
13.02.2019 01:00;13.02.2019 02:00;37,21;0,03721;0,03721;0,07521
13.02.2019 02:00;13.02.2019 03:00;36,29;0,03629;0,03629;0,07429
13.02.2019 03:00;13.02.2019 04:00;33,31;0,03331;0,03331;0,07131
13.02.2019 04:00;13.02.2019 05:00;37,58;0,03758;0,03758;0,07558
13.02.2019 05:00;13.02.2019 06:00;35,34;0,03534;0,03534;0,07334
13.02.2019 06:00;13.02.2019 07:00;45,84;0,04584;0,04584;0,08384
13.02.2019 07:00;13.02.2019 08:00;52,46;0,05246;0,05246;0,09046
13.02.2019 08:00;13.02.2019 09:00;49,99;0,04999;0,04999;0,08799
13.02.2019 09:00;13.02.2019 10:00;47,33;0,04733;0,04733;0,08533
13.02.2019 10:00;13.02.2019 11:00;46,96;0,04696;0,04696;0,08496
13.02.2019 11:00;13.02.2019 12:00;46,66;0,04666;0,04666;0,08466
13.02.2019 12:00;13.02.2019 13:00;46,14;0,04614;0,04614;0,08414
13.02.2019 13:00;13.02.2019 14:00;46,15;0,04615;0,04615;0,08415
13.02.2019 14:00;13.02.2019 15:00;46,3;0,0463;0,0463;0,0843
13.02.2019 15:00;13.02.2019 16:00;46,82;0,04682;0,04682;0,08482
13.02.2019 16:00;13.02.2019 17:00;49,71;0,04971;0,04971;0,08771
13.02.2019 17:00;13.02.2019 18:00;53,94;0,05394;0,05394;0,09194
13.02.2019 18:00;13.02.2019 19:00;56,55;0,05655;0,05655;0,09455
13.02.2019 19:00;13.02.2019 20:00;54,34;0,05434;0,05434;0,09234
13.02.2019 20:00;13.02.2019 21:00;50,13;0,05013;0,05013;0,08813
13.02.2019 21:00;13.02.2019 22:00;46,42;0,04642;0,04642;0,08442
13.02.2019 22:00;13.02.2019 23:00;46,43;0,04643;0,04643;0,08443
13.02.2019 23:00;14.02.2019 00:00;43,16;0,04316;0,04316;0,08116
14.02.2019 00:00;14.02.2019 01:00;40,74;0,04074;0,04074;0,07874
14.02.2019 01:00;14.02.2019 02:00;39,15;0,03915;0,03915;0,07715
14.02.2019 02:00;14.02.2019 03:00;38,64;0,03864;0,03864;0,07664
14.02.2019 03:00;14.02.2019 04:00;39;0,039;0,039;0,077
14.02.2019 04:00;14.02.2019 05:00;38,47;0,03847;0,03847;0,07647
14.02.2019 05:00;14.02.2019 06:00;43,04;0,04304;0,04304;0,08104
14.02.2019 06:00;14.02.2019 07:00;53,17;0,05317;0,05317;0,09117
14.02.2019 07:00;14.02.2019 08:00;60,73;0,06073;0,06073;0,09873
14.02.2019 08:00;14.02.2019 09:00;63,67;0,06367;0,06367;0,10167
14.02.2019 09:00;14.02.2019 10:00;56,99;0,05699;0,05699;0,09499
14.02.2019 10:00;14.02.2019 11:00;53,01;0,05301;0,05301;0,09101
14.02.2019 11:00;14.02.2019 12:00;46,12;0,04612;0,04612;0,08412
14.02.2019 12:00;14.02.2019 13:00;44;0,044;0,044;0,082
14.02.2019 13:00;14.02.2019 14:00;44,65;0,04465;0,04465;0,08265
14.02.2019 14:00;14.02.2019 15:00;44,62;0,04462;0,04462;0,08262
14.02.2019 15:00;14.02.2019 16:00;47,12;0,04712;0,04712;0,08512
14.02.2019 16:00;14.02.2019 17:00;52,39;0,05239;0,05239;0,09039
14.02.2019 17:00;14.02.2019 18:00;55,63;0,05563;0,05563;0,09363
14.02.2019 18:00;14.02.2019 19:00;60,2;0,0602;0,0602;0,0982
14.02.2019 19:00;14.02.2019 20:00;61,93;0,06193;0,06193;0,09993
14.02.2019 20:00;14.02.2019 21:00;54,97;0,05497;0,05497;0,09297
14.02.2019 21:00;14.02.2019 22:00;49,69;0,04969;0,04969;0,08769
14.02.2019 22:00;14.02.2019 23:00;47,48;0,04748;0,04748;0,08548
14.02.2019 23:00;15.02.2019 00:00;42,76;0,04276;0,04276;0,08076
15.02.2019 00:00;15.02.2019 01:00;43,75;0,04375;0,04375;0,08175
15.02.2019 01:00;15.02.2019 02:00;42,19;0,04219;0,04219;0,08019
15.02.2019 02:00;15.02.2019 03:00;41,72;0,04172;0,04172;0,07972
15.02.2019 03:00;15.02.2019 04:00;40,19;0,04019;0,04019;0,07819
15.02.2019 04:00;15.02.2019 05:00;41,1;0,0411;0,0411;0,0791
15.02.2019 05:00;15.02.2019 06:00;43,67;0,04367;0,04367;0,08167
15.02.2019 06:00;15.02.2019 07:00;52,98;0,05298;0,05298;0,09098
15.02.2019 07:00;15.02.2019 08:00;59,98;0,05998;0,05998;0,09798
15.02.2019 08:00;15.02.2019 09:00;61,73;0,06173;0,06173;0,09973
15.02.2019 09:00;15.02.2019 10:00;55,41;0,05541;0,05541;0,09341
15.02.2019 10:00;15.02.2019 11:00;51,71;0,05171;0,05171;0,08971
15.02.2019 11:00;15.02.2019 12:00;44,11;0,04411;0,04411;0,08211
15.02.2019 12:00;15.02.2019 13:00;42,87;0,04287;0,04287;0,08087
15.02.2019 13:00;15.02.2019 14:00;42,43;0,04243;0,04243;0,08043
15.02.2019 14:00;15.02.2019 15:00;42,52;0,04252;0,04252;0,08052
15.02.2019 15:00;15.02.2019 16:00;44,41;0,04441;0,04441;0,08241
15.02.2019 16:00;15.02.2019 17:00;48,18;0,04818;0,04818;0,08618
15.02.2019 17:00;15.02.2019 18:00;53,61;0,05361;0,05361;0,09161
15.02.2019 18:00;15.02.2019 19:00;56,54;0,05654;0,05654;0,09454
15.02.2019 19:00;15.02.2019 20:00;55,49;0,05549;0,05549;0,09349
15.02.2019 20:00;15.02.2019 21:00;51;0,051;0,051;0,089
15.02.2019 21:00;15.02.2019 22:00;43,37;0,04337;0,04337;0,08137
15.02.2019 22:00;15.02.2019 23:00;44,43;0,04443;0,04443;0,08243
15.02.2019 23:00;16.02.2019 00:00;39,45;0,03945;0,03945;0,07745
16.02.2019 00:00;16.02.2019 01:00;35,42;0,03542;0,03542;0,07342
16.02.2019 01:00;16.02.2019 02:00;35,19;0,03519;0,03519;0,07319
16.02.2019 02:00;16.02.2019 03:00;36;0,036;0,036;0,074
16.02.2019 03:00;16.02.2019 04:00;36,29;0,03629;0,03629;0,07429
16.02.2019 04:00;16.02.2019 05:00;36,52;0,03652;0,03652;0,07452
16.02.2019 05:00;16.02.2019 06:00;35,5;0,0355;0,0355;0,0735
16.02.2019 06:00;16.02.2019 07:00;38,39;0,03839;0,03839;0,07639
16.02.2019 07:00;16.02.2019 08:00;40,39;0,04039;0,04039;0,07839
16.02.2019 08:00;16.02.2019 09:00;40,94;0,04094;0,04094;0,07894
16.02.2019 09:00;16.02.2019 10:00;36,08;0,03608;0,03608;0,07408
16.02.2019 10:00;16.02.2019 11:00;31,09;0,03109;0,03109;0,06909
16.02.2019 11:00;16.02.2019 12:00;35,19;0,03519;0,03519;0,07319
16.02.2019 12:00;16.02.2019 13:00;35,62;0,03562;0,03562;0,07362
16.02.2019 13:00;16.02.2019 14:00;36;0,036;0,036;0,074
16.02.2019 14:00;16.02.2019 15:00;37,21;0,03721;0,03721;0,07521
16.02.2019 15:00;16.02.2019 16:00;39,61;0,03961;0,03961;0,07761
16.02.2019 16:00;16.02.2019 17:00;42,11;0,04211;0,04211;0,08011
16.02.2019 17:00;16.02.2019 18:00;46,83;0,04683;0,04683;0,08483
16.02.2019 18:00;16.02.2019 19:00;52,06;0,05206;0,05206;0,09006
16.02.2019 19:00;16.02.2019 20:00;48;0,048;0,048;0,086
16.02.2019 20:00;16.02.2019 21:00;46,47;0,04647;0,04647;0,08447
16.02.2019 21:00;16.02.2019 22:00;40,67;0,04067;0,04067;0,07867
16.02.2019 22:00;16.02.2019 23:00;38,99;0,03899;0,03899;0,07699
16.02.2019 23:00;17.02.2019 00:00;40,7;0,0407;0,0407;0,0787
17.02.2019 00:00;17.02.2019 01:00;35,57;0,03557;0,03557;0,07357
17.02.2019 01:00;17.02.2019 02:00;35,46;0,03546;0,03546;0,07346
17.02.2019 02:00;17.02.2019 03:00;37,24;0,03724;0,03724;0,07524
17.02.2019 03:00;17.02.2019 04:00;36,27;0,03627;0,03627;0,07427
17.02.2019 04:00;17.02.2019 05:00;36,13;0,03613;0,03613;0,07413
17.02.2019 05:00;17.02.2019 06:00;36,74;0,03674;0,03674;0,07474
17.02.2019 06:00;17.02.2019 07:00;36,52;0,03652;0,03652;0,07452
17.02.2019 07:00;17.02.2019 08:00;38,82;0,03882;0,03882;0,07682
17.02.2019 08:00;17.02.2019 09:00;40;0,04;0,04;0,078
17.02.2019 09:00;17.02.2019 10:00;38,88;0,03888;0,03888;0,07688
17.02.2019 10:00;17.02.2019 11:00;36,15;0,03615;0,03615;0,07415
17.02.2019 11:00;17.02.2019 12:00;36,5;0,0365;0,0365;0,0745
17.02.2019 12:00;17.02.2019 13:00;37,41;0,03741;0,03741;0,07541
17.02.2019 13:00;17.02.2019 14:00;35,09;0,03509;0,03509;0,07309
17.02.2019 14:00;17.02.2019 15:00;35,12;0,03512;0,03512;0,07312
17.02.2019 15:00;17.02.2019 16:00;36,27;0,03627;0,03627;0,07427
17.02.2019 16:00;17.02.2019 17:00;39,36;0,03936;0,03936;0,07736
17.02.2019 17:00;17.02.2019 18:00;44,03;0,04403;0,04403;0,08203
17.02.2019 18:00;17.02.2019 19:00;49,6;0,0496;0,0496;0,0876
17.02.2019 19:00;17.02.2019 20:00;50,07;0,05007;0,05007;0,08807
17.02.2019 20:00;17.02.2019 21:00;46,15;0,04615;0,04615;0,08415
17.02.2019 21:00;17.02.2019 22:00;38,27;0,03827;0,03827;0,07627
17.02.2019 22:00;17.02.2019 23:00;42,83;0,04283;0,04283;0,08083
17.02.2019 23:00;18.02.2019 00:00;38,75;0,03875;0,03875;0,07675
18.02.2019 00:00;18.02.2019 01:00;39,41;0,03941;0,03941;0,07741
18.02.2019 01:00;18.02.2019 02:00;38,78;0,03878;0,03878;0,07678
18.02.2019 02:00;18.02.2019 03:00;38,78;0,03878;0,03878;0,07678
18.02.2019 03:00;18.02.2019 04:00;38,2;0,0382;0,0382;0,0762
18.02.2019 04:00;18.02.2019 05:00;38,8;0,0388;0,0388;0,0768
18.02.2019 05:00;18.02.2019 06:00;40;0,04;0,04;0,078
18.02.2019 06:00;18.02.2019 07:00;51,72;0,05172;0,05172;0,08972
18.02.2019 07:00;18.02.2019 08:00;57,37;0,05737;0,05737;0,09537
18.02.2019 08:00;18.02.2019 09:00;56,01;0,05601;0,05601;0,09401
18.02.2019 09:00;18.02.2019 10:00;52,61;0,05261;0,05261;0,09061
18.02.2019 10:00;18.02.2019 11:00;48,43;0,04843;0,04843;0,08643
18.02.2019 11:00;18.02.2019 12:00;44,81;0,04481;0,04481;0,08281
18.02.2019 12:00;18.02.2019 13:00;43,09;0,04309;0,04309;0,08109
18.02.2019 13:00;18.02.2019 14:00;42,91;0,04291;0,04291;0,08091
18.02.2019 14:00;18.02.2019 15:00;44,73;0,04473;0,04473;0,08273
18.02.2019 15:00;18.02.2019 16:00;47,35;0,04735;0,04735;0,08535
18.02.2019 16:00;18.02.2019 17:00;50,9;0,0509;0,0509;0,0889
18.02.2019 17:00;18.02.2019 18:00;52,94;0,05294;0,05294;0,09094
18.02.2019 18:00;18.02.2019 19:00;56,94;0,05694;0,05694;0,09494
18.02.2019 19:00;18.02.2019 20:00;55,76;0,05576;0,05576;0,09376
18.02.2019 20:00;18.02.2019 21:00;51,91;0,05191;0,05191;0,08991
18.02.2019 21:00;18.02.2019 22:00;43,98;0,04398;0,04398;0,08198
18.02.2019 22:00;18.02.2019 23:00;42,23;0,04223;0,04223;0,08023
18.02.2019 23:00;19.02.2019 00:00;35,87;0,03587;0,03587;0,07387
19.02.2019 00:00;19.02.2019 01:00;36,09;0,03609;0,03609;0,07409
19.02.2019 01:00;19.02.2019 02:00;35,43;0,03543;0,03543;0,07343
19.02.2019 02:00;19.02.2019 03:00;35,42;0,03542;0,03542;0,07342
19.02.2019 03:00;19.02.2019 04:00;36;0,036;0,036;0,074
19.02.2019 04:00;19.02.2019 05:00;36,08;0,03608;0,03608;0,07408
19.02.2019 05:00;19.02.2019 06:00;38,1;0,0381;0,0381;0,0761
19.02.2019 06:00;19.02.2019 07:00;44,95;0,04495;0,04495;0,08295
19.02.2019 07:00;19.02.2019 08:00;48,68;0,04868;0,04868;0,08668
19.02.2019 08:00;19.02.2019 09:00;46,76;0,04676;0,04676;0,08476
19.02.2019 09:00;19.02.2019 10:00;44,22;0,04422;0,04422;0,08222
19.02.2019 10:00;19.02.2019 11:00;41,37;0,04137;0,04137;0,07937
19.02.2019 11:00;19.02.2019 12:00;36,45;0,03645;0,03645;0,07445
19.02.2019 12:00;19.02.2019 13:00;36,31;0,03631;0,03631;0,07431
19.02.2019 13:00;19.02.2019 14:00;36,41;0,03641;0,03641;0,07441
19.02.2019 14:00;19.02.2019 15:00;38,09;0,03809;0,03809;0,07609
19.02.2019 15:00;19.02.2019 16:00;38,87;0,03887;0,03887;0,07687
19.02.2019 16:00;19.02.2019 17:00;42,9;0,0429;0,0429;0,0809
19.02.2019 17:00;19.02.2019 18:00;50,92;0,05092;0,05092;0,08892
19.02.2019 18:00;19.02.2019 19:00;54,09;0,05409;0,05409;0,09209
19.02.2019 19:00;19.02.2019 20:00;52,42;0,05242;0,05242;0,09042
19.02.2019 20:00;19.02.2019 21:00;44,9;0,0449;0,0449;0,0829
19.02.2019 21:00;19.02.2019 22:00;41,63;0,04163;0,04163;0,07963
19.02.2019 22:00;19.02.2019 23:00;39,74;0,03974;0,03974;0,07774
19.02.2019 23:00;20.02.2019 00:00;35,69;0,03569;0,03569;0,07369
20.02.2019 00:00;20.02.2019 01:00;35,26;0,03526;0,03526;0,07326
20.02.2019 01:00;20.02.2019 02:00;34,88;0,03488;0,03488;0,07288
20.02.2019 02:00;20.02.2019 03:00;32,95;0,03295;0,03295;0,07095
20.02.2019 03:00;20.02.2019 04:00;35,06;0,03506;0,03506;0,07306
20.02.2019 04:00;20.02.2019 05:00;36,06;0,03606;0,03606;0,07406
20.02.2019 05:00;20.02.2019 06:00;38,06;0,03806;0,03806;0,07606
20.02.2019 06:00;20.02.2019 07:00;49,12;0,04912;0,04912;0,08712
20.02.2019 07:00;20.02.2019 08:00;54,66;0,05466;0,05466;0,09266
20.02.2019 08:00;20.02.2019 09:00;54,58;0,05458;0,05458;0,09258
20.02.2019 09:00;20.02.2019 10:00;53,08;0,05308;0,05308;0,09108
20.02.2019 10:00;20.02.2019 11:00;52,09;0,05209;0,05209;0,09009
20.02.2019 11:00;20.02.2019 12:00;49,73;0,04973;0,04973;0,08773
20.02.2019 12:00;20.02.2019 13:00;43,74;0,04374;0,04374;0,08174
20.02.2019 13:00;20.02.2019 14:00;45,05;0,04505;0,04505;0,08305
20.02.2019 14:00;20.02.2019 15:00;45,58;0,04558;0,04558;0,08358
20.02.2019 15:00;20.02.2019 16:00;46,01;0,04601;0,04601;0,08401
20.02.2019 16:00;20.02.2019 17:00;49,79;0,04979;0,04979;0,08779
20.02.2019 17:00;20.02.2019 18:00;51,96;0,05196;0,05196;0,08996
20.02.2019 18:00;20.02.2019 19:00;54,25;0,05425;0,05425;0,09225
20.02.2019 19:00;20.02.2019 20:00;54,34;0,05434;0,05434;0,09234
20.02.2019 20:00;20.02.2019 21:00;50,75;0,05075;0,05075;0,08875
20.02.2019 21:00;20.02.2019 22:00;44,06;0,04406;0,04406;0,08206
20.02.2019 22:00;20.02.2019 23:00;43,27;0,04327;0,04327;0,08127
20.02.2019 23:00;21.02.2019 00:00;40,13;0,04013;0,04013;0,07813
21.02.2019 00:00;21.02.2019 01:00;37,13;0,03713;0,03713;0,07513
21.02.2019 01:00;21.02.2019 02:00;36;0,036;0,036;0,074
21.02.2019 02:00;21.02.2019 03:00;35,49;0,03549;0,03549;0,07349
21.02.2019 03:00;21.02.2019 04:00;35,36;0,03536;0,03536;0,07336
21.02.2019 04:00;21.02.2019 05:00;36,08;0,03608;0,03608;0,07408
21.02.2019 05:00;21.02.2019 06:00;37,9;0,0379;0,0379;0,0759
21.02.2019 06:00;21.02.2019 07:00;45,35;0,04535;0,04535;0,08335
21.02.2019 07:00;21.02.2019 08:00;49,78;0,04978;0,04978;0,08778
21.02.2019 08:00;21.02.2019 09:00;50,5;0,0505;0,0505;0,0885
21.02.2019 09:00;21.02.2019 10:00;46,7;0,0467;0,0467;0,0847
21.02.2019 10:00;21.02.2019 11:00;43,2;0,0432;0,0432;0,0812
21.02.2019 11:00;21.02.2019 12:00;40,2;0,0402;0,0402;0,0782
21.02.2019 12:00;21.02.2019 13:00;36,44;0,03644;0,03644;0,07444
21.02.2019 13:00;21.02.2019 14:00;37,15;0,03715;0,03715;0,07515
21.02.2019 14:00;21.02.2019 15:00;39,13;0,03913;0,03913;0,07713
21.02.2019 15:00;21.02.2019 16:00;42,89;0,04289;0,04289;0,08089
21.02.2019 16:00;21.02.2019 17:00;46,3;0,0463;0,0463;0,0843
21.02.2019 17:00;21.02.2019 18:00;50,61;0,05061;0,05061;0,08861
21.02.2019 18:00;21.02.2019 19:00;53,1;0,0531;0,0531;0,0911
21.02.2019 19:00;21.02.2019 20:00;52,98;0,05298;0,05298;0,09098
21.02.2019 20:00;21.02.2019 21:00;51,39;0,05139;0,05139;0,08939
21.02.2019 21:00;21.02.2019 22:00;46,13;0,04613;0,04613;0,08413
21.02.2019 22:00;21.02.2019 23:00;45,08;0,04508;0,04508;0,08308
21.02.2019 23:00;22.02.2019 00:00;42,69;0,04269;0,04269;0,08069
22.02.2019 00:00;22.02.2019 01:00;41,48;0,04148;0,04148;0,07948
22.02.2019 01:00;22.02.2019 02:00;40,32;0,04032;0,04032;0,07832
22.02.2019 02:00;22.02.2019 03:00;39,84;0,03984;0,03984;0,07784
22.02.2019 03:00;22.02.2019 04:00;39,59;0,03959;0,03959;0,07759
22.02.2019 04:00;22.02.2019 05:00;39,35;0,03935;0,03935;0,07735
22.02.2019 05:00;22.02.2019 06:00;42;0,042;0,042;0,08
22.02.2019 06:00;22.02.2019 07:00;50,4;0,0504;0,0504;0,0884
22.02.2019 07:00;22.02.2019 08:00;55,03;0,05503;0,05503;0,09303
22.02.2019 08:00;22.02.2019 09:00;57,95;0,05795;0,05795;0,09595
22.02.2019 09:00;22.02.2019 10:00;55,62;0,05562;0,05562;0,09362
22.02.2019 10:00;22.02.2019 11:00;54,14;0,05414;0,05414;0,09214
22.02.2019 11:00;22.02.2019 12:00;53,06;0,05306;0,05306;0,09106
22.02.2019 12:00;22.02.2019 13:00;51,45;0,05145;0,05145;0,08945
22.02.2019 13:00;22.02.2019 14:00;48,99;0,04899;0,04899;0,08699
22.02.2019 14:00;22.02.2019 15:00;45,88;0,04588;0,04588;0,08388
22.02.2019 15:00;22.02.2019 16:00;44,75;0,04475;0,04475;0,08275
22.02.2019 16:00;22.02.2019 17:00;46,46;0,04646;0,04646;0,08446
22.02.2019 17:00;22.02.2019 18:00;50,42;0,05042;0,05042;0,08842
22.02.2019 18:00;22.02.2019 19:00;52,4;0,0524;0,0524;0,0904
22.02.2019 19:00;22.02.2019 20:00;50,47;0,05047;0,05047;0,08847
22.02.2019 20:00;22.02.2019 21:00;46,06;0,04606;0,04606;0,08406
22.02.2019 21:00;22.02.2019 22:00;43,02;0,04302;0,04302;0,08102
22.02.2019 22:00;22.02.2019 23:00;44,58;0,04458;0,04458;0,08258
22.02.2019 23:00;23.02.2019 00:00;39,6;0,0396;0,0396;0,0776
23.02.2019 00:00;23.02.2019 01:00;38,04;0,03804;0,03804;0,07604
23.02.2019 01:00;23.02.2019 02:00;36,54;0,03654;0,03654;0,07454
23.02.2019 02:00;23.02.2019 03:00;36,06;0,03606;0,03606;0,07406
23.02.2019 03:00;23.02.2019 04:00;36,01;0,03601;0,03601;0,07401
23.02.2019 04:00;23.02.2019 05:00;35,61;0,03561;0,03561;0,07361
23.02.2019 05:00;23.02.2019 06:00;36,03;0,03603;0,03603;0,07403
23.02.2019 06:00;23.02.2019 07:00;37,3;0,0373;0,0373;0,0753
23.02.2019 07:00;23.02.2019 08:00;41,11;0,04111;0,04111;0,07911
23.02.2019 08:00;23.02.2019 09:00;43,57;0,04357;0,04357;0,08157
23.02.2019 09:00;23.02.2019 10:00;41,72;0,04172;0,04172;0,07972
23.02.2019 10:00;23.02.2019 11:00;40,94;0,04094;0,04094;0,07894
23.02.2019 11:00;23.02.2019 12:00;38,02;0,03802;0,03802;0,07602
23.02.2019 12:00;23.02.2019 13:00;35,66;0,03566;0,03566;0,07366
23.02.2019 13:00;23.02.2019 14:00;35,32;0,03532;0,03532;0,07332
23.02.2019 14:00;23.02.2019 15:00;35,62;0,03562;0,03562;0,07362
23.02.2019 15:00;23.02.2019 16:00;35,49;0,03549;0,03549;0,07349
23.02.2019 16:00;23.02.2019 17:00;42,34;0,04234;0,04234;0,08034
23.02.2019 17:00;23.02.2019 18:00;47,49;0,04749;0,04749;0,08549
23.02.2019 18:00;23.02.2019 19:00;51,57;0,05157;0,05157;0,08957
23.02.2019 19:00;23.02.2019 20:00;50,97;0,05097;0,05097;0,08897
23.02.2019 20:00;23.02.2019 21:00;46,99;0,04699;0,04699;0,08499
23.02.2019 21:00;23.02.2019 22:00;40,35;0,04035;0,04035;0,07835
23.02.2019 22:00;23.02.2019 23:00;41,59;0,04159;0,04159;0,07959
23.02.2019 23:00;24.02.2019 00:00;39;0,039;0,039;0,077
24.02.2019 00:00;24.02.2019 01:00;37,82;0,03782;0,03782;0,07582
24.02.2019 01:00;24.02.2019 02:00;36,96;0,03696;0,03696;0,07496
24.02.2019 02:00;24.02.2019 03:00;36,97;0,03697;0,03697;0,07497
24.02.2019 03:00;24.02.2019 04:00;36,21;0,03621;0,03621;0,07421
24.02.2019 04:00;24.02.2019 05:00;36,21;0,03621;0,03621;0,07421
24.02.2019 05:00;24.02.2019 06:00;37,04;0,03704;0,03704;0,07504
24.02.2019 06:00;24.02.2019 07:00;36,98;0,03698;0,03698;0,07498
24.02.2019 07:00;24.02.2019 08:00;37,98;0,03798;0,03798;0,07598
24.02.2019 08:00;24.02.2019 09:00;39,11;0,03911;0,03911;0,07711
24.02.2019 09:00;24.02.2019 10:00;39,79;0,03979;0,03979;0,07779
24.02.2019 10:00;24.02.2019 11:00;37,65;0,03765;0,03765;0,07565
24.02.2019 11:00;24.02.2019 12:00;37,06;0,03706;0,03706;0,07506
24.02.2019 12:00;24.02.2019 13:00;37,14;0,03714;0,03714;0,07514
24.02.2019 13:00;24.02.2019 14:00;35;0,035;0,035;0,073
24.02.2019 14:00;24.02.2019 15:00;34,54;0,03454;0,03454;0,07254
24.02.2019 15:00;24.02.2019 16:00;35,25;0,03525;0,03525;0,07325
24.02.2019 16:00;24.02.2019 17:00;37,04;0,03704;0,03704;0,07504
24.02.2019 17:00;24.02.2019 18:00;42,37;0,04237;0,04237;0,08037
24.02.2019 18:00;24.02.2019 19:00;51;0,051;0,051;0,089
24.02.2019 19:00;24.02.2019 20:00;51,47;0,05147;0,05147;0,08947
24.02.2019 20:00;24.02.2019 21:00;50;0,05;0,05;0,088
24.02.2019 21:00;24.02.2019 22:00;44,46;0,04446;0,04446;0,08246
24.02.2019 22:00;24.02.2019 23:00;47,65;0,04765;0,04765;0,08565
24.02.2019 23:00;25.02.2019 00:00;44,1;0,0441;0,0441;0,0821
25.02.2019 00:00;25.02.2019 01:00;38,7;0,0387;0,0387;0,0767
25.02.2019 01:00;25.02.2019 02:00;37,02;0,03702;0,03702;0,07502
25.02.2019 02:00;25.02.2019 03:00;37;0,037;0,037;0,075
25.02.2019 03:00;25.02.2019 04:00;36,37;0,03637;0,03637;0,07437
25.02.2019 04:00;25.02.2019 05:00;36,06;0,03606;0,03606;0,07406
25.02.2019 05:00;25.02.2019 06:00;40,07;0,04007;0,04007;0,07807
25.02.2019 06:00;25.02.2019 07:00;50,02;0,05002;0,05002;0,08802
25.02.2019 07:00;25.02.2019 08:00;56,88;0,05688;0,05688;0,09488
25.02.2019 08:00;25.02.2019 09:00;55,59;0,05559;0,05559;0,09359
25.02.2019 09:00;25.02.2019 10:00;50,72;0,05072;0,05072;0,08872
25.02.2019 10:00;25.02.2019 11:00;45,18;0,04518;0,04518;0,08318
25.02.2019 11:00;25.02.2019 12:00;41,85;0,04185;0,04185;0,07985
25.02.2019 12:00;25.02.2019 13:00;40,09;0,04009;0,04009;0,07809
25.02.2019 13:00;25.02.2019 14:00;38,98;0,03898;0,03898;0,07698
25.02.2019 14:00;25.02.2019 15:00;37,88;0,03788;0,03788;0,07588
25.02.2019 15:00;25.02.2019 16:00;42;0,042;0,042;0,08
25.02.2019 16:00;25.02.2019 17:00;44,4;0,0444;0,0444;0,0824
25.02.2019 17:00;25.02.2019 18:00;51,15;0,05115;0,05115;0,08915
25.02.2019 18:00;25.02.2019 19:00;55,07;0,05507;0,05507;0,09307
25.02.2019 19:00;25.02.2019 20:00;54,4;0,0544;0,0544;0,0924
25.02.2019 20:00;25.02.2019 21:00;50,61;0,05061;0,05061;0,08861
25.02.2019 21:00;25.02.2019 22:00;43,09;0,04309;0,04309;0,08109
25.02.2019 22:00;25.02.2019 23:00;42,4;0,0424;0,0424;0,0804
25.02.2019 23:00;26.02.2019 00:00;40,4;0,0404;0,0404;0,0784
26.02.2019 00:00;26.02.2019 01:00;37,1;0,0371;0,0371;0,0751
26.02.2019 01:00;26.02.2019 02:00;37;0,037;0,037;0,075
26.02.2019 02:00;26.02.2019 03:00;36,84;0,03684;0,03684;0,07484
26.02.2019 03:00;26.02.2019 04:00;35,88;0,03588;0,03588;0,07388
26.02.2019 04:00;26.02.2019 05:00;36,77;0,03677;0,03677;0,07477
26.02.2019 05:00;26.02.2019 06:00;39,41;0,03941;0,03941;0,07741
26.02.2019 06:00;26.02.2019 07:00;48,74;0,04874;0,04874;0,08674
26.02.2019 07:00;26.02.2019 08:00;53,04;0,05304;0,05304;0,09104
26.02.2019 08:00;26.02.2019 09:00;51,88;0,05188;0,05188;0,08988
26.02.2019 09:00;26.02.2019 10:00;49,92;0,04992;0,04992;0,08792
26.02.2019 10:00;26.02.2019 11:00;44,39;0,04439;0,04439;0,08239
26.02.2019 11:00;26.02.2019 12:00;41,69;0,04169;0,04169;0,07969
26.02.2019 12:00;26.02.2019 13:00;39,28;0,03928;0,03928;0,07728
26.02.2019 13:00;26.02.2019 14:00;39;0,039;0,039;0,077
26.02.2019 14:00;26.02.2019 15:00;37,91;0,03791;0,03791;0,07591
26.02.2019 15:00;26.02.2019 16:00;41,45;0,04145;0,04145;0,07945
26.02.2019 16:00;26.02.2019 17:00;46,88;0,04688;0,04688;0,08488
26.02.2019 17:00;26.02.2019 18:00;53,46;0,05346;0,05346;0,09146
26.02.2019 18:00;26.02.2019 19:00;58,17;0,05817;0,05817;0,09617
26.02.2019 19:00;26.02.2019 20:00;54,94;0,05494;0,05494;0,09294
26.02.2019 20:00;26.02.2019 21:00;50,92;0,05092;0,05092;0,08892
26.02.2019 21:00;26.02.2019 22:00;47,57;0,04757;0,04757;0,08557
26.02.2019 22:00;26.02.2019 23:00;46,8;0,0468;0,0468;0,0848
26.02.2019 23:00;27.02.2019 00:00;41,41;0,04141;0,04141;0,07941
27.02.2019 00:00;27.02.2019 01:00;40,98;0,04098;0,04098;0,07898
27.02.2019 01:00;27.02.2019 02:00;39,42;0,03942;0,03942;0,07742
27.02.2019 02:00;27.02.2019 03:00;38,58;0,03858;0,03858;0,07658
27.02.2019 03:00;27.02.2019 04:00;37,99;0,03799;0,03799;0,07599
27.02.2019 04:00;27.02.2019 05:00;39,16;0,03916;0,03916;0,07716
27.02.2019 05:00;27.02.2019 06:00;41,48;0,04148;0,04148;0,07948
27.02.2019 06:00;27.02.2019 07:00;50,84;0,05084;0,05084;0,08884
27.02.2019 07:00;27.02.2019 08:00;58,71;0,05871;0,05871;0,09671
27.02.2019 08:00;27.02.2019 09:00;54,19;0,05419;0,05419;0,09219
27.02.2019 09:00;27.02.2019 10:00;49,95;0,04995;0,04995;0,08795
27.02.2019 10:00;27.02.2019 11:00;44,57;0,04457;0,04457;0,08257
27.02.2019 11:00;27.02.2019 12:00;40,79;0,04079;0,04079;0,07879
27.02.2019 12:00;27.02.2019 13:00;39,63;0,03963;0,03963;0,07763
27.02.2019 13:00;27.02.2019 14:00;39,58;0,03958;0,03958;0,07758
27.02.2019 14:00;27.02.2019 15:00;40,06;0,04006;0,04006;0,07806
27.02.2019 15:00;27.02.2019 16:00;40,62;0,04062;0,04062;0,07862
27.02.2019 16:00;27.02.2019 17:00;44,94;0,04494;0,04494;0,08294
27.02.2019 17:00;27.02.2019 18:00;49,92;0,04992;0,04992;0,08792
27.02.2019 18:00;27.02.2019 19:00;51,96;0,05196;0,05196;0,08996
27.02.2019 19:00;27.02.2019 20:00;51,82;0,05182;0,05182;0,08982
27.02.2019 20:00;27.02.2019 21:00;46,69;0,04669;0,04669;0,08469
27.02.2019 21:00;27.02.2019 22:00;41,58;0,04158;0,04158;0,07958
27.02.2019 22:00;27.02.2019 23:00;41,39;0,04139;0,04139;0,07939
27.02.2019 23:00;28.02.2019 00:00;36,21;0,03621;0,03621;0,07421
28.02.2019 00:00;28.02.2019 01:00;29,78;0,02978;0,02978;0,06778
28.02.2019 01:00;28.02.2019 02:00;30,41;0,03041;0,03041;0,06841
28.02.2019 02:00;28.02.2019 03:00;29,8;0,0298;0,0298;0,0678
28.02.2019 03:00;28.02.2019 04:00;27,61;0,02761;0,02761;0,06561
28.02.2019 04:00;28.02.2019 05:00;28,96;0,02896;0,02896;0,06696
28.02.2019 05:00;28.02.2019 06:00;32,93;0,03293;0,03293;0,07093
28.02.2019 06:00;28.02.2019 07:00;42,45;0,04245;0,04245;0,08045
28.02.2019 07:00;28.02.2019 08:00;48,87;0,04887;0,04887;0,08687
28.02.2019 08:00;28.02.2019 09:00;47,47;0,04747;0,04747;0,08547
28.02.2019 09:00;28.02.2019 10:00;42,7;0,0427;0,0427;0,0807
28.02.2019 10:00;28.02.2019 11:00;42,47;0,04247;0,04247;0,08047
28.02.2019 11:00;28.02.2019 12:00;38,89;0,03889;0,03889;0,07689
28.02.2019 12:00;28.02.2019 13:00;38;0,038;0,038;0,076
28.02.2019 13:00;28.02.2019 14:00;37,08;0,03708;0,03708;0,07508
28.02.2019 14:00;28.02.2019 15:00;38,05;0,03805;0,03805;0,07605
28.02.2019 15:00;28.02.2019 16:00;40,7;0,0407;0,0407;0,0787
28.02.2019 16:00;28.02.2019 17:00;42,73;0,04273;0,04273;0,08073
28.02.2019 17:00;28.02.2019 18:00;48,03;0,04803;0,04803;0,08603
28.02.2019 18:00;28.02.2019 19:00;50,96;0,05096;0,05096;0,08896
28.02.2019 19:00;28.02.2019 20:00;50,97;0,05097;0,05097;0,08897
28.02.2019 20:00;28.02.2019 21:00;48,54;0,04854;0,04854;0,08654
28.02.2019 21:00;28.02.2019 22:00;44,2;0,0442;0,0442;0,0822
28.02.2019 22:00;28.02.2019 23:00;43,21;0,04321;0,04321;0,08121
28.02.2019 23:00;01.03.2019 00:00;41,44;0,04144;0,04144;0,07944
01.03.2019 00:00;01.03.2019 01:00;39,4;0,0394;0,0394;0,0774
01.03.2019 01:00;01.03.2019 02:00;37,1;0,0371;0,0371;0,0751
01.03.2019 02:00;01.03.2019 03:00;36,67;0,03667;0,03667;0,07467
01.03.2019 03:00;01.03.2019 04:00;36,27;0,03627;0,03627;0,07427
01.03.2019 04:00;01.03.2019 05:00;37,33;0,03733;0,03733;0,07533
01.03.2019 05:00;01.03.2019 06:00;39,63;0,03963;0,03963;0,07763
01.03.2019 06:00;01.03.2019 07:00;46,75;0,04675;0,04675;0,08475
01.03.2019 07:00;01.03.2019 08:00;47,98;0,04798;0,04798;0,08598
01.03.2019 08:00;01.03.2019 09:00;49,99;0,04999;0,04999;0,08799
01.03.2019 09:00;01.03.2019 10:00;50,28;0,05028;0,05028;0,08828
01.03.2019 10:00;01.03.2019 11:00;51,15;0,05115;0,05115;0,08915
01.03.2019 11:00;01.03.2019 12:00;50,97;0,05097;0,05097;0,08897
01.03.2019 12:00;01.03.2019 13:00;48,56;0,04856;0,04856;0,08656
01.03.2019 13:00;01.03.2019 14:00;47,4;0,0474;0,0474;0,0854
01.03.2019 14:00;01.03.2019 15:00;46,91;0,04691;0,04691;0,08491
01.03.2019 15:00;01.03.2019 16:00;45,97;0,04597;0,04597;0,08397
01.03.2019 16:00;01.03.2019 17:00;46,93;0,04693;0,04693;0,08493
01.03.2019 17:00;01.03.2019 18:00;50,79;0,05079;0,05079;0,08879
01.03.2019 18:00;01.03.2019 19:00;52,59;0,05259;0,05259;0,09059
01.03.2019 19:00;01.03.2019 20:00;52,49;0,05249;0,05249;0,09049
01.03.2019 20:00;01.03.2019 21:00;48,66;0,04866;0,04866;0,08666
01.03.2019 21:00;01.03.2019 22:00;46,53;0,04653;0,04653;0,08453
01.03.2019 22:00;01.03.2019 23:00;45,65;0,04565;0,04565;0,08365
01.03.2019 23:00;02.03.2019 00:00;44,41;0,04441;0,04441;0,08241
02.03.2019 00:00;02.03.2019 01:00;44,19;0,04419;0,04419;0,08219
02.03.2019 01:00;02.03.2019 02:00;43,28;0,04328;0,04328;0,08128
02.03.2019 02:00;02.03.2019 03:00;41,09;0,04109;0,04109;0,07909
02.03.2019 03:00;02.03.2019 04:00;39,49;0,03949;0,03949;0,07749
02.03.2019 04:00;02.03.2019 05:00;39,59;0,03959;0,03959;0,07759
02.03.2019 05:00;02.03.2019 06:00;39,97;0,03997;0,03997;0,07797
02.03.2019 06:00;02.03.2019 07:00;41,42;0,04142;0,04142;0,07942
02.03.2019 07:00;02.03.2019 08:00;43,92;0,04392;0,04392;0,08192
02.03.2019 08:00;02.03.2019 09:00;47,89;0,04789;0,04789;0,08589
02.03.2019 09:00;02.03.2019 10:00;48,6;0,0486;0,0486;0,0866
02.03.2019 10:00;02.03.2019 11:00;47,9;0,0479;0,0479;0,0859
02.03.2019 11:00;02.03.2019 12:00;45,84;0,04584;0,04584;0,08384
02.03.2019 12:00;02.03.2019 13:00;43,9;0,0439;0,0439;0,0819
02.03.2019 13:00;02.03.2019 14:00;40,21;0,04021;0,04021;0,07821
02.03.2019 14:00;02.03.2019 15:00;39,26;0,03926;0,03926;0,07726
02.03.2019 15:00;02.03.2019 16:00;39,18;0,03918;0,03918;0,07718
02.03.2019 16:00;02.03.2019 17:00;40,92;0,04092;0,04092;0,07892
02.03.2019 17:00;02.03.2019 18:00;43,84;0,04384;0,04384;0,08184
02.03.2019 18:00;02.03.2019 19:00;46,49;0,04649;0,04649;0,08449
02.03.2019 19:00;02.03.2019 20:00;46,8;0,0468;0,0468;0,0848
02.03.2019 20:00;02.03.2019 21:00;38,27;0,03827;0,03827;0,07627
02.03.2019 21:00;02.03.2019 22:00;32,07;0,03207;0,03207;0,07007
02.03.2019 22:00;02.03.2019 23:00;30,52;0,03052;0,03052;0,06852
02.03.2019 23:00;03.03.2019 00:00;25,34;0,02534;0,02534;0,06334
03.03.2019 00:00;03.03.2019 01:00;22,77;0,02277;0,02277;0,06077
03.03.2019 01:00;03.03.2019 02:00;8,67;0,00867;0,00867;0,04667
03.03.2019 02:00;03.03.2019 03:00;1,84;0,00184;0,00184;0,03984
03.03.2019 03:00;03.03.2019 04:00;0,09;0,00009;0,00009;0,03809
03.03.2019 04:00;03.03.2019 05:00;0,07;0,00007;0,00007;0,03807
03.03.2019 05:00;03.03.2019 06:00;0,03;0,00003;0,00003;0,03803
03.03.2019 06:00;03.03.2019 07:00;-2,81;-0,00281;0,00281;0,03519
03.03.2019 07:00;03.03.2019 08:00;-0,04;-0,00004;0,00004;0,03796
03.03.2019 08:00;03.03.2019 09:00;2,86;0,00286;0,00286;0,04086
03.03.2019 09:00;03.03.2019 10:00;0,08;0,00008;0,00008;0,03808
03.03.2019 10:00;03.03.2019 11:00;0,11;0,00011;0,00011;0,03811
03.03.2019 11:00;03.03.2019 12:00;3,33;0,00333;0,00333;0,04133
03.03.2019 12:00;03.03.2019 13:00;4,02;0,00402;0,00402;0,04202
03.03.2019 13:00;03.03.2019 14:00;1,06;0,00106;0,00106;0,03906
03.03.2019 14:00;03.03.2019 15:00;2;0,002;0,002;0,04
03.03.2019 15:00;03.03.2019 16:00;4,75;0,00475;0,00475;0,04275
03.03.2019 16:00;03.03.2019 17:00;15;0,015;0,015;0,053
03.03.2019 17:00;03.03.2019 18:00;22,72;0,02272;0,02272;0,06072
03.03.2019 18:00;03.03.2019 19:00;31,8;0,0318;0,0318;0,0698
03.03.2019 19:00;03.03.2019 20:00;38,49;0,03849;0,03849;0,07649
03.03.2019 20:00;03.03.2019 21:00;24,83;0,02483;0,02483;0,06283
03.03.2019 21:00;03.03.2019 22:00;19,92;0,01992;0,01992;0,05792
03.03.2019 22:00;03.03.2019 23:00;24,3;0,0243;0,0243;0,0623
03.03.2019 23:00;04.03.2019 00:00;19,47;0,01947;0,01947;0,05747
04.03.2019 00:00;04.03.2019 01:00;-0,07;-0,00007;0,00007;0,03793
04.03.2019 01:00;04.03.2019 02:00;-0,21;-0,00021;0,00021;0,03779
04.03.2019 02:00;04.03.2019 03:00;-6,86;-0,00686;0,00686;0,03114
04.03.2019 03:00;04.03.2019 04:00;-7;-0,007;0,007;0,031
04.03.2019 04:00;04.03.2019 05:00;-2,47;-0,00247;0,00247;0,03553
04.03.2019 05:00;04.03.2019 06:00;6,24;0,00624;0,00624;0,04424
04.03.2019 06:00;04.03.2019 07:00;25,83;0,02583;0,02583;0,06383
04.03.2019 07:00;04.03.2019 08:00;37,96;0,03796;0,03796;0,07596
04.03.2019 08:00;04.03.2019 09:00;33,1;0,0331;0,0331;0,0711
04.03.2019 09:00;04.03.2019 10:00;20,69;0,02069;0,02069;0,05869
04.03.2019 10:00;04.03.2019 11:00;7,54;0,00754;0,00754;0,04554
04.03.2019 11:00;04.03.2019 12:00;0,09;0,00009;0,00009;0,03809
04.03.2019 12:00;04.03.2019 13:00;4,28;0,00428;0,00428;0,04228
04.03.2019 13:00;04.03.2019 14:00;0,07;0,00007;0,00007;0,03807
04.03.2019 14:00;04.03.2019 15:00;5,28;0,00528;0,00528;0,04328
04.03.2019 15:00;04.03.2019 16:00;12,81;0,01281;0,01281;0,05081
04.03.2019 16:00;04.03.2019 17:00;14,81;0,01481;0,01481;0,05281
04.03.2019 17:00;04.03.2019 18:00;27,09;0,02709;0,02709;0,06509
04.03.2019 18:00;04.03.2019 19:00;42,46;0,04246;0,04246;0,08046
04.03.2019 19:00;04.03.2019 20:00;43,02;0,04302;0,04302;0,08102
04.03.2019 20:00;04.03.2019 21:00;25,98;0,02598;0,02598;0,06398
04.03.2019 21:00;04.03.2019 22:00;21,1;0,0211;0,0211;0,0591
04.03.2019 22:00;04.03.2019 23:00;10,06;0,01006;0,01006;0,04806
04.03.2019 23:00;05.03.2019 00:00;-2,39;-0,00239;0,00239;0,03561
05.03.2019 00:00;05.03.2019 01:00;-0,08;-0,00008;0,00008;0,03792
05.03.2019 01:00;05.03.2019 02:00;-2,39;-0,00239;0,00239;0,03561
05.03.2019 02:00;05.03.2019 03:00;-4,95;-0,00495;0,00495;0,03305
05.03.2019 03:00;05.03.2019 04:00;-1,92;-0,00192;0,00192;0,03608
05.03.2019 04:00;05.03.2019 05:00;-2,23;-0,00223;0,00223;0,03577
05.03.2019 05:00;05.03.2019 06:00;11,23;0,01123;0,01123;0,04923
05.03.2019 06:00;05.03.2019 07:00;33,49;0,03349;0,03349;0,07149
05.03.2019 07:00;05.03.2019 08:00;44,24;0,04424;0,04424;0,08224
05.03.2019 08:00;05.03.2019 09:00;40,76;0,04076;0,04076;0,07876
05.03.2019 09:00;05.03.2019 10:00;34,59;0,03459;0,03459;0,07259
05.03.2019 10:00;05.03.2019 11:00;27,31;0,02731;0,02731;0,06531
05.03.2019 11:00;05.03.2019 12:00;31,07;0,03107;0,03107;0,06907
05.03.2019 12:00;05.03.2019 13:00;32,45;0,03245;0,03245;0,07045
05.03.2019 13:00;05.03.2019 14:00;34,04;0,03404;0,03404;0,07204
05.03.2019 14:00;05.03.2019 15:00;37,7;0,0377;0,0377;0,0757
05.03.2019 15:00;05.03.2019 16:00;44,09;0,04409;0,04409;0,08209
05.03.2019 16:00;05.03.2019 17:00;46,39;0,04639;0,04639;0,08439
05.03.2019 17:00;05.03.2019 18:00;49,27;0,04927;0,04927;0,08727
05.03.2019 18:00;05.03.2019 19:00;55,01;0,05501;0,05501;0,09301
05.03.2019 19:00;05.03.2019 20:00;55,23;0,05523;0,05523;0,09323
05.03.2019 20:00;05.03.2019 21:00;51,1;0,0511;0,0511;0,0891
05.03.2019 21:00;05.03.2019 22:00;48,09;0,04809;0,04809;0,08609
05.03.2019 22:00;05.03.2019 23:00;46,09;0,04609;0,04609;0,08409
05.03.2019 23:00;06.03.2019 00:00;41,54;0,04154;0,04154;0,07954
06.03.2019 00:00;06.03.2019 01:00;36,08;0,03608;0,03608;0,07408
06.03.2019 01:00;06.03.2019 02:00;32,69;0,03269;0,03269;0,07069
06.03.2019 02:00;06.03.2019 03:00;33,01;0,03301;0,03301;0,07101
06.03.2019 03:00;06.03.2019 04:00;32,2;0,0322;0,0322;0,0702
06.03.2019 04:00;06.03.2019 05:00;30,7;0,0307;0,0307;0,0687
06.03.2019 05:00;06.03.2019 06:00;33,11;0,03311;0,03311;0,07111
06.03.2019 06:00;06.03.2019 07:00;43,81;0,04381;0,04381;0,08181
06.03.2019 07:00;06.03.2019 08:00;47,46;0,04746;0,04746;0,08546
06.03.2019 08:00;06.03.2019 09:00;47,38;0,04738;0,04738;0,08538
06.03.2019 09:00;06.03.2019 10:00;40,04;0,04004;0,04004;0,07804
06.03.2019 10:00;06.03.2019 11:00;33,13;0,03313;0,03313;0,07113
06.03.2019 11:00;06.03.2019 12:00;29,79;0,02979;0,02979;0,06779
06.03.2019 12:00;06.03.2019 13:00;28,65;0,02865;0,02865;0,06665
06.03.2019 13:00;06.03.2019 14:00;28,62;0,02862;0,02862;0,06662
06.03.2019 14:00;06.03.2019 15:00;28,9;0,0289;0,0289;0,0669
06.03.2019 15:00;06.03.2019 16:00;28,66;0,02866;0,02866;0,06666
06.03.2019 16:00;06.03.2019 17:00;29,37;0,02937;0,02937;0,06737
06.03.2019 17:00;06.03.2019 18:00;36,88;0,03688;0,03688;0,07488
06.03.2019 18:00;06.03.2019 19:00;43,7;0,0437;0,0437;0,0817
06.03.2019 19:00;06.03.2019 20:00;43,9;0,0439;0,0439;0,0819
06.03.2019 20:00;06.03.2019 21:00;40,38;0,04038;0,04038;0,07838
06.03.2019 21:00;06.03.2019 22:00;28,96;0,02896;0,02896;0,06696
06.03.2019 22:00;06.03.2019 23:00;29,55;0,02955;0,02955;0,06755
06.03.2019 23:00;07.03.2019 00:00;27,49;0,02749;0,02749;0,06549
07.03.2019 00:00;07.03.2019 01:00;25,05;0,02505;0,02505;0,06305
07.03.2019 01:00;07.03.2019 02:00;23,81;0,02381;0,02381;0,06181
07.03.2019 02:00;07.03.2019 03:00;21,16;0,02116;0,02116;0,05916
07.03.2019 03:00;07.03.2019 04:00;17,97;0,01797;0,01797;0,05597
07.03.2019 04:00;07.03.2019 05:00;21,8;0,0218;0,0218;0,0598
07.03.2019 05:00;07.03.2019 06:00;23,17;0,02317;0,02317;0,06117
07.03.2019 06:00;07.03.2019 07:00;31,58;0,03158;0,03158;0,06958
07.03.2019 07:00;07.03.2019 08:00;39,91;0,03991;0,03991;0,07791
07.03.2019 08:00;07.03.2019 09:00;39,4;0,0394;0,0394;0,0774
07.03.2019 09:00;07.03.2019 10:00;32,39;0,03239;0,03239;0,07039
07.03.2019 10:00;07.03.2019 11:00;28,35;0,02835;0,02835;0,06635
07.03.2019 11:00;07.03.2019 12:00;28,54;0,02854;0,02854;0,06654
07.03.2019 12:00;07.03.2019 13:00;28,22;0,02822;0,02822;0,06622
07.03.2019 13:00;07.03.2019 14:00;25,63;0,02563;0,02563;0,06363
07.03.2019 14:00;07.03.2019 15:00;27,62;0,02762;0,02762;0,06562
07.03.2019 15:00;07.03.2019 16:00;27,54;0,02754;0,02754;0,06554
07.03.2019 16:00;07.03.2019 17:00;28,24;0,02824;0,02824;0,06624
07.03.2019 17:00;07.03.2019 18:00;34,06;0,03406;0,03406;0,07206
07.03.2019 18:00;07.03.2019 19:00;43,95;0,04395;0,04395;0,08195
07.03.2019 19:00;07.03.2019 20:00;45,01;0,04501;0,04501;0,08301
07.03.2019 20:00;07.03.2019 21:00;39,76;0,03976;0,03976;0,07776
07.03.2019 21:00;07.03.2019 22:00;27,12;0,02712;0,02712;0,06512
07.03.2019 22:00;07.03.2019 23:00;29,25;0,02925;0,02925;0,06725
07.03.2019 23:00;08.03.2019 00:00;7,01;0,00701;0,00701;0,04501
08.03.2019 00:00;08.03.2019 01:00;12,49;0,01249;0,01249;0,05049
08.03.2019 01:00;08.03.2019 02:00;-2,47;-0,00247;0,00247;0,03553
08.03.2019 02:00;08.03.2019 03:00;-4,97;-0,00497;0,00497;0,03303
08.03.2019 03:00;08.03.2019 04:00;-1,71;-0,00171;0,00171;0,03629
08.03.2019 04:00;08.03.2019 05:00;0,76;0,00076;0,00076;0,03876
08.03.2019 05:00;08.03.2019 06:00;19,94;0,01994;0,01994;0,05794
08.03.2019 06:00;08.03.2019 07:00;25,78;0,02578;0,02578;0,06378
08.03.2019 07:00;08.03.2019 08:00;36,05;0,03605;0,03605;0,07405
08.03.2019 08:00;08.03.2019 09:00;32,34;0,03234;0,03234;0,07034
08.03.2019 09:00;08.03.2019 10:00;25,06;0,02506;0,02506;0,06306
08.03.2019 10:00;08.03.2019 11:00;22,96;0,02296;0,02296;0,06096
08.03.2019 11:00;08.03.2019 12:00;25,61;0,02561;0,02561;0,06361
08.03.2019 12:00;08.03.2019 13:00;23,35;0,02335;0,02335;0,06135
08.03.2019 13:00;08.03.2019 14:00;23,48;0,02348;0,02348;0,06148
08.03.2019 14:00;08.03.2019 15:00;25,38;0,02538;0,02538;0,06338
08.03.2019 15:00;08.03.2019 16:00;33,71;0,03371;0,03371;0,07171
08.03.2019 16:00;08.03.2019 17:00;38,34;0,03834;0,03834;0,07634
08.03.2019 17:00;08.03.2019 18:00;43,07;0,04307;0,04307;0,08107
08.03.2019 18:00;08.03.2019 19:00;48,72;0,04872;0,04872;0,08672
08.03.2019 19:00;08.03.2019 20:00;50,95;0,05095;0,05095;0,08895
08.03.2019 20:00;08.03.2019 21:00;44,04;0,04404;0,04404;0,08204
08.03.2019 21:00;08.03.2019 22:00;40,57;0,04057;0,04057;0,07857
08.03.2019 22:00;08.03.2019 23:00;39,24;0,03924;0,03924;0,07724
08.03.2019 23:00;09.03.2019 00:00;30,61;0,03061;0,03061;0,06861
09.03.2019 00:00;09.03.2019 01:00;27,67;0,02767;0,02767;0,06567
09.03.2019 01:00;09.03.2019 02:00;15,4;0,0154;0,0154;0,0534
09.03.2019 02:00;09.03.2019 03:00;4,24;0,00424;0,00424;0,04224
09.03.2019 03:00;09.03.2019 04:00;0,07;0,00007;0,00007;0,03807
09.03.2019 04:00;09.03.2019 05:00;0,06;0,00006;0,00006;0,03806
09.03.2019 05:00;09.03.2019 06:00;0,03;0,00003;0,00003;0,03803
09.03.2019 06:00;09.03.2019 07:00;-0,04;-0,00004;0,00004;0,03796
09.03.2019 07:00;09.03.2019 08:00;0,13;0,00013;0,00013;0,03813
09.03.2019 08:00;09.03.2019 09:00;10,05;0,01005;0,01005;0,04805
09.03.2019 09:00;09.03.2019 10:00;8,54;0,00854;0,00854;0,04654
09.03.2019 10:00;09.03.2019 11:00;7,83;0,00783;0,00783;0,04583
09.03.2019 11:00;09.03.2019 12:00;11,03;0,01103;0,01103;0,04903
09.03.2019 12:00;09.03.2019 13:00;0,74;0,00074;0,00074;0,03874
09.03.2019 13:00;09.03.2019 14:00;0,04;0,00004;0,00004;0,03804
09.03.2019 14:00;09.03.2019 15:00;-0,08;-0,00008;0,00008;0,03792
09.03.2019 15:00;09.03.2019 16:00;-0,82;-0,00082;0,00082;0,03718
09.03.2019 16:00;09.03.2019 17:00;0,08;0,00008;0,00008;0,03808
09.03.2019 17:00;09.03.2019 18:00;10,96;0,01096;0,01096;0,04896
09.03.2019 18:00;09.03.2019 19:00;22,8;0,0228;0,0228;0,0608
09.03.2019 19:00;09.03.2019 20:00;25,08;0,02508;0,02508;0,06308
09.03.2019 20:00;09.03.2019 21:00;21,62;0,02162;0,02162;0,05962
09.03.2019 21:00;09.03.2019 22:00;11,96;0,01196;0,01196;0,04996
09.03.2019 22:00;09.03.2019 23:00;13,37;0,01337;0,01337;0,05137
09.03.2019 23:00;10.03.2019 00:00;0,72;0,00072;0,00072;0,03872
10.03.2019 00:00;10.03.2019 01:00;-23,04;-0,02304;0,02304;0,01496
10.03.2019 01:00;10.03.2019 02:00;-11,15;-0,01115;0,01115;0,02685
10.03.2019 02:00;10.03.2019 03:00;-12,55;-0,01255;0,01255;0,02545
10.03.2019 03:00;10.03.2019 04:00;-2,89;-0,00289;0,00289;0,03511
10.03.2019 04:00;10.03.2019 05:00;-2,6;-0,0026;0,0026;0,0354
10.03.2019 05:00;10.03.2019 06:00;-0,86;-0,00086;0,00086;0,03714
10.03.2019 06:00;10.03.2019 07:00;4,97;0,00497;0,00497;0,04297
10.03.2019 07:00;10.03.2019 08:00;19,32;0,01932;0,01932;0,05732
10.03.2019 08:00;10.03.2019 09:00;26,24;0,02624;0,02624;0,06424
10.03.2019 09:00;10.03.2019 10:00;28,97;0,02897;0,02897;0,06697
10.03.2019 10:00;10.03.2019 11:00;27,12;0,02712;0,02712;0,06512
10.03.2019 11:00;10.03.2019 12:00;32,46;0,03246;0,03246;0,07046
10.03.2019 12:00;10.03.2019 13:00;31,01;0,03101;0,03101;0,06901
10.03.2019 13:00;10.03.2019 14:00;27,84;0,02784;0,02784;0,06584
10.03.2019 14:00;10.03.2019 15:00;23,06;0,02306;0,02306;0,06106
10.03.2019 15:00;10.03.2019 16:00;23,07;0,02307;0,02307;0,06107
10.03.2019 16:00;10.03.2019 17:00;23,79;0,02379;0,02379;0,06179
10.03.2019 17:00;10.03.2019 18:00;29,17;0,02917;0,02917;0,06717
10.03.2019 18:00;10.03.2019 19:00;31,01;0,03101;0,03101;0,06901
10.03.2019 19:00;10.03.2019 20:00;40,92;0,04092;0,04092;0,07892
10.03.2019 20:00;10.03.2019 21:00;29,91;0,02991;0,02991;0,06791
10.03.2019 21:00;10.03.2019 22:00;24,89;0,02489;0,02489;0,06289
10.03.2019 22:00;10.03.2019 23:00;26,63;0,02663;0,02663;0,06463
10.03.2019 23:00;11.03.2019 00:00;22,92;0,02292;0,02292;0,06092
11.03.2019 00:00;11.03.2019 01:00;21,8;0,0218;0,0218;0,0598
11.03.2019 01:00;11.03.2019 02:00;19,81;0,01981;0,01981;0,05781
11.03.2019 02:00;11.03.2019 03:00;22,02;0,02202;0,02202;0,06002
11.03.2019 03:00;11.03.2019 04:00;16,21;0,01621;0,01621;0,05421
11.03.2019 04:00;11.03.2019 05:00;18,22;0,01822;0,01822;0,05622
11.03.2019 05:00;11.03.2019 06:00;24,4;0,0244;0,0244;0,0624
11.03.2019 06:00;11.03.2019 07:00;39,45;0,03945;0,03945;0,07745
11.03.2019 07:00;11.03.2019 08:00;47,96;0,04796;0,04796;0,08596
11.03.2019 08:00;11.03.2019 09:00;48,06;0,04806;0,04806;0,08606
11.03.2019 09:00;11.03.2019 10:00;46,84;0,04684;0,04684;0,08484
11.03.2019 10:00;11.03.2019 11:00;45,31;0,04531;0,04531;0,08331
11.03.2019 11:00;11.03.2019 12:00;42,66;0,04266;0,04266;0,08066
11.03.2019 12:00;11.03.2019 13:00;39,95;0,03995;0,03995;0,07795
11.03.2019 13:00;11.03.2019 14:00;38,69;0,03869;0,03869;0,07669
11.03.2019 14:00;11.03.2019 15:00;36,9;0,0369;0,0369;0,0749
11.03.2019 15:00;11.03.2019 16:00;37,11;0,03711;0,03711;0,07511
11.03.2019 16:00;11.03.2019 17:00;39;0,039;0,039;0,077
11.03.2019 17:00;11.03.2019 18:00;46,28;0,04628;0,04628;0,08428
11.03.2019 18:00;11.03.2019 19:00;50,29;0,05029;0,05029;0,08829
11.03.2019 19:00;11.03.2019 20:00;57,9;0,0579;0,0579;0,0959
11.03.2019 20:00;11.03.2019 21:00;50,06;0,05006;0,05006;0,08806
11.03.2019 21:00;11.03.2019 22:00;47,52;0,04752;0,04752;0,08552
11.03.2019 22:00;11.03.2019 23:00;47,61;0,04761;0,04761;0,08561
11.03.2019 23:00;12.03.2019 00:00;44,01;0,04401;0,04401;0,08201
12.03.2019 00:00;12.03.2019 01:00;40,98;0,04098;0,04098;0,07898
12.03.2019 01:00;12.03.2019 02:00;38,97;0,03897;0,03897;0,07697
12.03.2019 02:00;12.03.2019 03:00;36,91;0,03691;0,03691;0,07491
12.03.2019 03:00;12.03.2019 04:00;35;0,035;0,035;0,073
12.03.2019 04:00;12.03.2019 05:00;32,92;0,03292;0,03292;0,07092
12.03.2019 05:00;12.03.2019 06:00;36,3;0,0363;0,0363;0,0743
12.03.2019 06:00;12.03.2019 07:00;46,83;0,04683;0,04683;0,08483
12.03.2019 07:00;12.03.2019 08:00;52,05;0,05205;0,05205;0,09005
12.03.2019 08:00;12.03.2019 09:00;51,37;0,05137;0,05137;0,08937
12.03.2019 09:00;12.03.2019 10:00;48,02;0,04802;0,04802;0,08602
12.03.2019 10:00;12.03.2019 11:00;43,81;0,04381;0,04381;0,08181
12.03.2019 11:00;12.03.2019 12:00;38,72;0,03872;0,03872;0,07672
12.03.2019 12:00;12.03.2019 13:00;35,82;0,03582;0,03582;0,07382
12.03.2019 13:00;12.03.2019 14:00;31,76;0,03176;0,03176;0,06976
12.03.2019 14:00;12.03.2019 15:00;31,06;0,03106;0,03106;0,06906
12.03.2019 15:00;12.03.2019 16:00;32,93;0,03293;0,03293;0,07093
12.03.2019 16:00;12.03.2019 17:00;35,26;0,03526;0,03526;0,07326
12.03.2019 17:00;12.03.2019 18:00;40,06;0,04006;0,04006;0,07806
12.03.2019 18:00;12.03.2019 19:00;44,02;0,04402;0,04402;0,08202
12.03.2019 19:00;12.03.2019 20:00;41,57;0,04157;0,04157;0,07957
12.03.2019 20:00;12.03.2019 21:00;33,01;0,03301;0,03301;0,07101
12.03.2019 21:00;12.03.2019 22:00;26,49;0,02649;0,02649;0,06449
12.03.2019 22:00;12.03.2019 23:00;23,87;0,02387;0,02387;0,06187
12.03.2019 23:00;13.03.2019 00:00;0,36;0,00036;0,00036;0,03836
13.03.2019 00:00;13.03.2019 01:00;7,07;0,00707;0,00707;0,04507
13.03.2019 01:00;13.03.2019 02:00;0,06;0,00006;0,00006;0,03806
13.03.2019 02:00;13.03.2019 03:00;-0,07;-0,00007;0,00007;0,03793
13.03.2019 03:00;13.03.2019 04:00;2,45;0,00245;0,00245;0,04045
13.03.2019 04:00;13.03.2019 05:00;8,09;0,00809;0,00809;0,04609
13.03.2019 05:00;13.03.2019 06:00;19,17;0,01917;0,01917;0,05717
13.03.2019 06:00;13.03.2019 07:00;25,91;0,02591;0,02591;0,06391
13.03.2019 07:00;13.03.2019 08:00;36,48;0,03648;0,03648;0,07448
13.03.2019 08:00;13.03.2019 09:00;26;0,026;0,026;0,064
13.03.2019 09:00;13.03.2019 10:00;18,5;0,0185;0,0185;0,0565
13.03.2019 10:00;13.03.2019 11:00;2,28;0,00228;0,00228;0,04028
13.03.2019 11:00;13.03.2019 12:00;8,24;0,00824;0,00824;0,04624
13.03.2019 12:00;13.03.2019 13:00;10,8;0,0108;0,0108;0,0488
13.03.2019 13:00;13.03.2019 14:00;5,23;0,00523;0,00523;0,04323
13.03.2019 14:00;13.03.2019 15:00;13,97;0,01397;0,01397;0,05197
13.03.2019 15:00;13.03.2019 16:00;20,07;0,02007;0,02007;0,05807
13.03.2019 16:00;13.03.2019 17:00;23,83;0,02383;0,02383;0,06183
13.03.2019 17:00;13.03.2019 18:00;30,62;0,03062;0,03062;0,06862
13.03.2019 18:00;13.03.2019 19:00;35,55;0,03555;0,03555;0,07355
13.03.2019 19:00;13.03.2019 20:00;39,91;0,03991;0,03991;0,07791
13.03.2019 20:00;13.03.2019 21:00;30,25;0,03025;0,03025;0,06825
13.03.2019 21:00;13.03.2019 22:00;25,52;0,02552;0,02552;0,06352
13.03.2019 22:00;13.03.2019 23:00;24,3;0,0243;0,0243;0,0623
13.03.2019 23:00;14.03.2019 00:00;18,9;0,0189;0,0189;0,0569
14.03.2019 00:00;14.03.2019 01:00;24,17;0,02417;0,02417;0,06217
14.03.2019 01:00;14.03.2019 02:00;22,25;0,02225;0,02225;0,06025
14.03.2019 02:00;14.03.2019 03:00;20,37;0,02037;0,02037;0,05837
14.03.2019 03:00;14.03.2019 04:00;20,5;0,0205;0,0205;0,0585
14.03.2019 04:00;14.03.2019 05:00;22,33;0,02233;0,02233;0,06033
14.03.2019 05:00;14.03.2019 06:00;27,08;0,02708;0,02708;0,06508
14.03.2019 06:00;14.03.2019 07:00;37,69;0,03769;0,03769;0,07569
14.03.2019 07:00;14.03.2019 08:00;42,37;0,04237;0,04237;0,08037
14.03.2019 08:00;14.03.2019 09:00;42,6;0,0426;0,0426;0,0806
14.03.2019 09:00;14.03.2019 10:00;38,56;0,03856;0,03856;0,07656
14.03.2019 10:00;14.03.2019 11:00;40,32;0,04032;0,04032;0,07832
14.03.2019 11:00;14.03.2019 12:00;39,29;0,03929;0,03929;0,07729
14.03.2019 12:00;14.03.2019 13:00;39,26;0,03926;0,03926;0,07726
14.03.2019 13:00;14.03.2019 14:00;38,67;0,03867;0,03867;0,07667
14.03.2019 14:00;14.03.2019 15:00;37,79;0,03779;0,03779;0,07579
14.03.2019 15:00;14.03.2019 16:00;34,85;0,03485;0,03485;0,07285
14.03.2019 16:00;14.03.2019 17:00;31,11;0,03111;0,03111;0,06911
14.03.2019 17:00;14.03.2019 18:00;34,62;0,03462;0,03462;0,07262
14.03.2019 18:00;14.03.2019 19:00;37,58;0,03758;0,03758;0,07558
14.03.2019 19:00;14.03.2019 20:00;39,13;0,03913;0,03913;0,07713
14.03.2019 20:00;14.03.2019 21:00;33,6;0,0336;0,0336;0,0716
14.03.2019 21:00;14.03.2019 22:00;29,79;0,02979;0,02979;0,06779
14.03.2019 22:00;14.03.2019 23:00;27,38;0,02738;0,02738;0,06538
14.03.2019 23:00;15.03.2019 00:00;19,76;0,01976;0,01976;0,05776
15.03.2019 00:00;15.03.2019 01:00;11,91;0,01191;0,01191;0,04991
15.03.2019 01:00;15.03.2019 02:00;13,43;0,01343;0,01343;0,05143
15.03.2019 02:00;15.03.2019 03:00;11,37;0,01137;0,01137;0,04937
15.03.2019 03:00;15.03.2019 04:00;7,65;0,00765;0,00765;0,04565
15.03.2019 04:00;15.03.2019 05:00;13,17;0,01317;0,01317;0,05117
15.03.2019 05:00;15.03.2019 06:00;22,28;0,02228;0,02228;0,06028
15.03.2019 06:00;15.03.2019 07:00;28,6;0,0286;0,0286;0,0666
15.03.2019 07:00;15.03.2019 08:00;40,79;0,04079;0,04079;0,07879
15.03.2019 08:00;15.03.2019 09:00;42,56;0,04256;0,04256;0,08056
15.03.2019 09:00;15.03.2019 10:00;42,59;0,04259;0,04259;0,08059
15.03.2019 10:00;15.03.2019 11:00;41,54;0,04154;0,04154;0,07954
15.03.2019 11:00;15.03.2019 12:00;40,97;0,04097;0,04097;0,07897
15.03.2019 12:00;15.03.2019 13:00;39,91;0,03991;0,03991;0,07791
15.03.2019 13:00;15.03.2019 14:00;33,54;0,03354;0,03354;0,07154
15.03.2019 14:00;15.03.2019 15:00;25,89;0,02589;0,02589;0,06389
15.03.2019 15:00;15.03.2019 16:00;24,76;0,02476;0,02476;0,06276
15.03.2019 16:00;15.03.2019 17:00;22,46;0,02246;0,02246;0,06046
15.03.2019 17:00;15.03.2019 18:00;24,47;0,02447;0,02447;0,06247
15.03.2019 18:00;15.03.2019 19:00;28,75;0,02875;0,02875;0,06675
15.03.2019 19:00;15.03.2019 20:00;35,94;0,03594;0,03594;0,07394
15.03.2019 20:00;15.03.2019 21:00;24,34;0,02434;0,02434;0,06234
15.03.2019 21:00;15.03.2019 22:00;17,19;0,01719;0,01719;0,05519
15.03.2019 22:00;15.03.2019 23:00;0,07;0,00007;0,00007;0,03807
15.03.2019 23:00;16.03.2019 00:00;10,79;0,01079;0,01079;0,04879
16.03.2019 00:00;16.03.2019 01:00;-1;-0,001;0,001;0,037
16.03.2019 01:00;16.03.2019 02:00;-2,68;-0,00268;0,00268;0,03532
16.03.2019 02:00;16.03.2019 03:00;0,01;0,00001;0,00001;0,03801
16.03.2019 03:00;16.03.2019 04:00;-1,96;-0,00196;0,00196;0,03604
16.03.2019 04:00;16.03.2019 05:00;2,02;0,00202;0,00202;0,04002
16.03.2019 05:00;16.03.2019 06:00;2,33;0,00233;0,00233;0,04033
16.03.2019 06:00;16.03.2019 07:00;9,97;0,00997;0,00997;0,04797
16.03.2019 07:00;16.03.2019 08:00;21,59;0,02159;0,02159;0,05959
16.03.2019 08:00;16.03.2019 09:00;27,93;0,02793;0,02793;0,06593
16.03.2019 09:00;16.03.2019 10:00;34,18;0,03418;0,03418;0,07218
16.03.2019 10:00;16.03.2019 11:00;34,14;0,03414;0,03414;0,07214
16.03.2019 11:00;16.03.2019 12:00;31,91;0,03191;0,03191;0,06991
16.03.2019 12:00;16.03.2019 13:00;30,9;0,0309;0,0309;0,0689
16.03.2019 13:00;16.03.2019 14:00;26,37;0,02637;0,02637;0,06437
16.03.2019 14:00;16.03.2019 15:00;24,76;0,02476;0,02476;0,06276
16.03.2019 15:00;16.03.2019 16:00;23,4;0,0234;0,0234;0,0614
16.03.2019 16:00;16.03.2019 17:00;26,23;0,02623;0,02623;0,06423
16.03.2019 17:00;16.03.2019 18:00;26,23;0,02623;0,02623;0,06423
16.03.2019 18:00;16.03.2019 19:00;28,95;0,02895;0,02895;0,06695
16.03.2019 19:00;16.03.2019 20:00;28,27;0,02827;0,02827;0,06627
16.03.2019 20:00;16.03.2019 21:00;22,78;0,02278;0,02278;0,06078
16.03.2019 21:00;16.03.2019 22:00;5,74;0,00574;0,00574;0,04374
16.03.2019 22:00;16.03.2019 23:00;9,09;0,00909;0,00909;0,04709
16.03.2019 23:00;17.03.2019 00:00;2,1;0,0021;0,0021;0,0401
17.03.2019 00:00;17.03.2019 01:00;-2,3;-0,0023;0,0023;0,0357
17.03.2019 01:00;17.03.2019 02:00;-3,34;-0,00334;0,00334;0,03466
17.03.2019 02:00;17.03.2019 03:00;-9,33;-0,00933;0,00933;0,02867
17.03.2019 03:00;17.03.2019 04:00;-13,53;-0,01353;0,01353;0,02447
17.03.2019 04:00;17.03.2019 05:00;-6,23;-0,00623;0,00623;0,03177
17.03.2019 05:00;17.03.2019 06:00;-9,9;-0,0099;0,0099;0,0281
17.03.2019 06:00;17.03.2019 07:00;-11,37;-0,01137;0,01137;0,02663
17.03.2019 07:00;17.03.2019 08:00;-11,26;-0,01126;0,01126;0,02674
17.03.2019 08:00;17.03.2019 09:00;-9,93;-0,00993;0,00993;0,02807
17.03.2019 09:00;17.03.2019 10:00;-8,53;-0,00853;0,00853;0,02947
17.03.2019 10:00;17.03.2019 11:00;-6,66;-0,00666;0,00666;0,03134
17.03.2019 11:00;17.03.2019 12:00;-0,75;-0,00075;0,00075;0,03725
17.03.2019 12:00;17.03.2019 13:00;-7,06;-0,00706;0,00706;0,03094
17.03.2019 13:00;17.03.2019 14:00;-9,99;-0,00999;0,00999;0,02801
17.03.2019 14:00;17.03.2019 15:00;-17,36;-0,01736;0,01736;0,02064
17.03.2019 15:00;17.03.2019 16:00;-20,23;-0,02023;0,02023;0,01777
17.03.2019 16:00;17.03.2019 17:00;-10,01;-0,01001;0,01001;0,02799
17.03.2019 17:00;17.03.2019 18:00;5,33;0,00533;0,00533;0,04333
17.03.2019 18:00;17.03.2019 19:00;28,87;0,02887;0,02887;0,06687
17.03.2019 19:00;17.03.2019 20:00;36,66;0,03666;0,03666;0,07466
17.03.2019 20:00;17.03.2019 21:00;30,64;0,03064;0,03064;0,06864
17.03.2019 21:00;17.03.2019 22:00;23,34;0,02334;0,02334;0,06134
17.03.2019 22:00;17.03.2019 23:00;25,94;0,02594;0,02594;0,06394
17.03.2019 23:00;18.03.2019 00:00;17,22;0,01722;0,01722;0,05522
18.03.2019 00:00;18.03.2019 01:00;17,65;0,01765;0,01765;0,05565
18.03.2019 01:00;18.03.2019 02:00;12,86;0,01286;0,01286;0,05086
18.03.2019 02:00;18.03.2019 03:00;14,27;0,01427;0,01427;0,05227
18.03.2019 03:00;18.03.2019 04:00;14,45;0,01445;0,01445;0,05245
18.03.2019 04:00;18.03.2019 05:00;6,03;0,00603;0,00603;0,04403
18.03.2019 05:00;18.03.2019 06:00;22,51;0,02251;0,02251;0,06051
18.03.2019 06:00;18.03.2019 07:00;41,27;0,04127;0,04127;0,07927
18.03.2019 07:00;18.03.2019 08:00;46,37;0,04637;0,04637;0,08437
18.03.2019 08:00;18.03.2019 09:00;44,13;0,04413;0,04413;0,08213
18.03.2019 09:00;18.03.2019 10:00;41,2;0,0412;0,0412;0,0792
18.03.2019 10:00;18.03.2019 11:00;33,18;0,03318;0,03318;0,07118
18.03.2019 11:00;18.03.2019 12:00;32,03;0,03203;0,03203;0,07003
18.03.2019 12:00;18.03.2019 13:00;27,71;0,02771;0,02771;0,06571
18.03.2019 13:00;18.03.2019 14:00;24,32;0,02432;0,02432;0,06232
18.03.2019 14:00;18.03.2019 15:00;24,93;0,02493;0,02493;0,06293
18.03.2019 15:00;18.03.2019 16:00;24,5;0,0245;0,0245;0,0625
18.03.2019 16:00;18.03.2019 17:00;35,57;0,03557;0,03557;0,07357
18.03.2019 17:00;18.03.2019 18:00;41,95;0,04195;0,04195;0,07995
18.03.2019 18:00;18.03.2019 19:00;45,74;0,04574;0,04574;0,08374
18.03.2019 19:00;18.03.2019 20:00;48,44;0,04844;0,04844;0,08644
18.03.2019 20:00;18.03.2019 21:00;45,64;0,04564;0,04564;0,08364
18.03.2019 21:00;18.03.2019 22:00;42,96;0,04296;0,04296;0,08096
18.03.2019 22:00;18.03.2019 23:00;41,7;0,0417;0,0417;0,0797
18.03.2019 23:00;19.03.2019 00:00;36,77;0,03677;0,03677;0,07477
19.03.2019 00:00;19.03.2019 01:00;39,08;0,03908;0,03908;0,07708
19.03.2019 01:00;19.03.2019 02:00;38,49;0,03849;0,03849;0,07649
19.03.2019 02:00;19.03.2019 03:00;37,45;0,03745;0,03745;0,07545
19.03.2019 03:00;19.03.2019 04:00;36,47;0,03647;0,03647;0,07447
19.03.2019 04:00;19.03.2019 05:00;36,42;0,03642;0,03642;0,07442
19.03.2019 05:00;19.03.2019 06:00;40,29;0,04029;0,04029;0,07829
19.03.2019 06:00;19.03.2019 07:00;46,96;0,04696;0,04696;0,08496
19.03.2019 07:00;19.03.2019 08:00;51,27;0,05127;0,05127;0,08927
19.03.2019 08:00;19.03.2019 09:00;54,38;0,05438;0,05438;0,09238
19.03.2019 09:00;19.03.2019 10:00;49,69;0,04969;0,04969;0,08769
19.03.2019 10:00;19.03.2019 11:00;46,31;0,04631;0,04631;0,08431
19.03.2019 11:00;19.03.2019 12:00;44,55;0,04455;0,04455;0,08255
19.03.2019 12:00;19.03.2019 13:00;43,31;0,04331;0,04331;0,08131
19.03.2019 13:00;19.03.2019 14:00;42,89;0,04289;0,04289;0,08089
19.03.2019 14:00;19.03.2019 15:00;42,48;0,04248;0,04248;0,08048
19.03.2019 15:00;19.03.2019 16:00;43,74;0,04374;0,04374;0,08174
19.03.2019 16:00;19.03.2019 17:00;44,61;0,04461;0,04461;0,08261
19.03.2019 17:00;19.03.2019 18:00;48,96;0,04896;0,04896;0,08696
19.03.2019 18:00;19.03.2019 19:00;55,17;0,05517;0,05517;0,09317
19.03.2019 19:00;19.03.2019 20:00;60,73;0,06073;0,06073;0,09873
19.03.2019 20:00;19.03.2019 21:00;52,55;0,05255;0,05255;0,09055
19.03.2019 21:00;19.03.2019 22:00;46,46;0,04646;0,04646;0,08446
19.03.2019 22:00;19.03.2019 23:00;44,72;0,04472;0,04472;0,08272
19.03.2019 23:00;20.03.2019 00:00;41,08;0,04108;0,04108;0,07908
20.03.2019 00:00;20.03.2019 01:00;38,28;0,03828;0,03828;0,07628
20.03.2019 01:00;20.03.2019 02:00;36,3;0,0363;0,0363;0,0743
20.03.2019 02:00;20.03.2019 03:00;35,05;0,03505;0,03505;0,07305
20.03.2019 03:00;20.03.2019 04:00;34,33;0,03433;0,03433;0,07233
20.03.2019 04:00;20.03.2019 05:00;34,69;0,03469;0,03469;0,07269
20.03.2019 05:00;20.03.2019 06:00;37,2;0,0372;0,0372;0,0752
20.03.2019 06:00;20.03.2019 07:00;43,66;0,04366;0,04366;0,08166
20.03.2019 07:00;20.03.2019 08:00;46,89;0,04689;0,04689;0,08489
20.03.2019 08:00;20.03.2019 09:00;43,85;0,04385;0,04385;0,08185
20.03.2019 09:00;20.03.2019 10:00;42,88;0,04288;0,04288;0,08088
20.03.2019 10:00;20.03.2019 11:00;39,19;0,03919;0,03919;0,07719
20.03.2019 11:00;20.03.2019 12:00;39,86;0,03986;0,03986;0,07786
20.03.2019 12:00;20.03.2019 13:00;37,59;0,03759;0,03759;0,07559
20.03.2019 13:00;20.03.2019 14:00;37,47;0,03747;0,03747;0,07547
20.03.2019 14:00;20.03.2019 15:00;38,16;0,03816;0,03816;0,07616
20.03.2019 15:00;20.03.2019 16:00;40,36;0,04036;0,04036;0,07836
20.03.2019 16:00;20.03.2019 17:00;42,1;0,0421;0,0421;0,0801
20.03.2019 17:00;20.03.2019 18:00;45,49;0,04549;0,04549;0,08349
20.03.2019 18:00;20.03.2019 19:00;51,08;0,05108;0,05108;0,08908
20.03.2019 19:00;20.03.2019 20:00;55,55;0,05555;0,05555;0,09355
20.03.2019 20:00;20.03.2019 21:00;49,01;0,04901;0,04901;0,08701
20.03.2019 21:00;20.03.2019 22:00;44,24;0,04424;0,04424;0,08224
20.03.2019 22:00;20.03.2019 23:00;42,97;0,04297;0,04297;0,08097
20.03.2019 23:00;21.03.2019 00:00;39,76;0,03976;0,03976;0,07776
21.03.2019 00:00;21.03.2019 01:00;35,47;0,03547;0,03547;0,07347
21.03.2019 01:00;21.03.2019 02:00;34,7;0,0347;0,0347;0,0727
21.03.2019 02:00;21.03.2019 03:00;33,51;0,03351;0,03351;0,07151
21.03.2019 03:00;21.03.2019 04:00;33,04;0,03304;0,03304;0,07104
21.03.2019 04:00;21.03.2019 05:00;33,1;0,0331;0,0331;0,0711
21.03.2019 05:00;21.03.2019 06:00;35,93;0,03593;0,03593;0,07393
21.03.2019 06:00;21.03.2019 07:00;44,03;0,04403;0,04403;0,08203
21.03.2019 07:00;21.03.2019 08:00;46,25;0,04625;0,04625;0,08425
21.03.2019 08:00;21.03.2019 09:00;44,91;0,04491;0,04491;0,08291
21.03.2019 09:00;21.03.2019 10:00;41,28;0,04128;0,04128;0,07928
21.03.2019 10:00;21.03.2019 11:00;38,5;0,0385;0,0385;0,0765
21.03.2019 11:00;21.03.2019 12:00;35,89;0,03589;0,03589;0,07389
21.03.2019 12:00;21.03.2019 13:00;35,43;0,03543;0,03543;0,07343
21.03.2019 13:00;21.03.2019 14:00;34,5;0,0345;0,0345;0,0725
21.03.2019 14:00;21.03.2019 15:00;34,61;0,03461;0,03461;0,07261
21.03.2019 15:00;21.03.2019 16:00;36,81;0,03681;0,03681;0,07481
21.03.2019 16:00;21.03.2019 17:00;39,27;0,03927;0,03927;0,07727
21.03.2019 17:00;21.03.2019 18:00;43,4;0,0434;0,0434;0,0814
21.03.2019 18:00;21.03.2019 19:00;46,7;0,0467;0,0467;0,0847
21.03.2019 19:00;21.03.2019 20:00;55;0,055;0,055;0,093
21.03.2019 20:00;21.03.2019 21:00;47,53;0,04753;0,04753;0,08553
21.03.2019 21:00;21.03.2019 22:00;43,92;0,04392;0,04392;0,08192
21.03.2019 22:00;21.03.2019 23:00;41,94;0,04194;0,04194;0,07994
21.03.2019 23:00;22.03.2019 00:00;39,28;0,03928;0,03928;0,07728
22.03.2019 00:00;22.03.2019 01:00;39;0,039;0,039;0,077
22.03.2019 01:00;22.03.2019 02:00;35,95;0,03595;0,03595;0,07395
22.03.2019 02:00;22.03.2019 03:00;36,69;0,03669;0,03669;0,07469
22.03.2019 03:00;22.03.2019 04:00;36,39;0,03639;0,03639;0,07439
22.03.2019 04:00;22.03.2019 05:00;36,28;0,03628;0,03628;0,07428
22.03.2019 05:00;22.03.2019 06:00;39,95;0,03995;0,03995;0,07795
22.03.2019 06:00;22.03.2019 07:00;46,01;0,04601;0,04601;0,08401
22.03.2019 07:00;22.03.2019 08:00;50,98;0,05098;0,05098;0,08898
22.03.2019 08:00;22.03.2019 09:00;49,2;0,0492;0,0492;0,0872
22.03.2019 09:00;22.03.2019 10:00;44,97;0,04497;0,04497;0,08297
22.03.2019 10:00;22.03.2019 11:00;40,41;0,04041;0,04041;0,07841
22.03.2019 11:00;22.03.2019 12:00;36,57;0,03657;0,03657;0,07457
22.03.2019 12:00;22.03.2019 13:00;35;0,035;0,035;0,073
22.03.2019 13:00;22.03.2019 14:00;34,3;0,0343;0,0343;0,0723
22.03.2019 14:00;22.03.2019 15:00;34,46;0,03446;0,03446;0,07246
22.03.2019 15:00;22.03.2019 16:00;35;0,035;0,035;0,073
22.03.2019 16:00;22.03.2019 17:00;37,78;0,03778;0,03778;0,07578
22.03.2019 17:00;22.03.2019 18:00;44,05;0,04405;0,04405;0,08205
22.03.2019 18:00;22.03.2019 19:00;46,91;0,04691;0,04691;0,08491
22.03.2019 19:00;22.03.2019 20:00;50,17;0,05017;0,05017;0,08817
22.03.2019 20:00;22.03.2019 21:00;46;0,046;0,046;0,084
22.03.2019 21:00;22.03.2019 22:00;40,61;0,04061;0,04061;0,07861
22.03.2019 22:00;22.03.2019 23:00;39,9;0,0399;0,0399;0,0779
22.03.2019 23:00;23.03.2019 00:00;37,12;0,03712;0,03712;0,07512
23.03.2019 00:00;23.03.2019 01:00;35,53;0,03553;0,03553;0,07353
23.03.2019 01:00;23.03.2019 02:00;34,94;0,03494;0,03494;0,07294
23.03.2019 02:00;23.03.2019 03:00;34,9;0,0349;0,0349;0,0729
23.03.2019 03:00;23.03.2019 04:00;33,1;0,0331;0,0331;0,0711
23.03.2019 04:00;23.03.2019 05:00;33,05;0,03305;0,03305;0,07105
23.03.2019 05:00;23.03.2019 06:00;34,6;0,0346;0,0346;0,0726
23.03.2019 06:00;23.03.2019 07:00;36,64;0,03664;0,03664;0,07464
23.03.2019 07:00;23.03.2019 08:00;38,86;0,03886;0,03886;0,07686
23.03.2019 08:00;23.03.2019 09:00;38,43;0,03843;0,03843;0,07643
23.03.2019 09:00;23.03.2019 10:00;37,38;0,03738;0,03738;0,07538
23.03.2019 10:00;23.03.2019 11:00;34,53;0,03453;0,03453;0,07253
23.03.2019 11:00;23.03.2019 12:00;31,95;0,03195;0,03195;0,06995
23.03.2019 12:00;23.03.2019 13:00;29,82;0,02982;0,02982;0,06782
23.03.2019 13:00;23.03.2019 14:00;29,06;0,02906;0,02906;0,06706
23.03.2019 14:00;23.03.2019 15:00;28,25;0,02825;0,02825;0,06625
23.03.2019 15:00;23.03.2019 16:00;29,52;0,02952;0,02952;0,06752
23.03.2019 16:00;23.03.2019 17:00;31,38;0,03138;0,03138;0,06938
23.03.2019 17:00;23.03.2019 18:00;37;0,037;0,037;0,075
23.03.2019 18:00;23.03.2019 19:00;41,05;0,04105;0,04105;0,07905
23.03.2019 19:00;23.03.2019 20:00;44,99;0,04499;0,04499;0,08299
23.03.2019 20:00;23.03.2019 21:00;42,25;0,04225;0,04225;0,08025
23.03.2019 21:00;23.03.2019 22:00;39,1;0,0391;0,0391;0,0771
23.03.2019 22:00;23.03.2019 23:00;40,35;0,04035;0,04035;0,07835
23.03.2019 23:00;24.03.2019 00:00;37,93;0,03793;0,03793;0,07593
24.03.2019 00:00;24.03.2019 01:00;39,15;0,03915;0,03915;0,07715
24.03.2019 01:00;24.03.2019 02:00;36,05;0,03605;0,03605;0,07405
24.03.2019 02:00;24.03.2019 03:00;34,45;0,03445;0,03445;0,07245
24.03.2019 03:00;24.03.2019 04:00;33,61;0,03361;0,03361;0,07161
24.03.2019 04:00;24.03.2019 05:00;33,85;0,03385;0,03385;0,07185
24.03.2019 05:00;24.03.2019 06:00;34,2;0,0342;0,0342;0,0722
24.03.2019 06:00;24.03.2019 07:00;34,32;0,03432;0,03432;0,07232
24.03.2019 07:00;24.03.2019 08:00;34,98;0,03498;0,03498;0,07298
24.03.2019 08:00;24.03.2019 09:00;36,6;0,0366;0,0366;0,0746
24.03.2019 09:00;24.03.2019 10:00;35,81;0,03581;0,03581;0,07381
24.03.2019 10:00;24.03.2019 11:00;33,78;0,03378;0,03378;0,07178
24.03.2019 11:00;24.03.2019 12:00;32,01;0,03201;0,03201;0,07001
24.03.2019 12:00;24.03.2019 13:00;31,1;0,0311;0,0311;0,0691
24.03.2019 13:00;24.03.2019 14:00;25,08;0,02508;0,02508;0,06308
24.03.2019 14:00;24.03.2019 15:00;24,13;0,02413;0,02413;0,06213
24.03.2019 15:00;24.03.2019 16:00;23,79;0,02379;0,02379;0,06179
24.03.2019 16:00;24.03.2019 17:00;25,1;0,0251;0,0251;0,0631
24.03.2019 17:00;24.03.2019 18:00;33,02;0,03302;0,03302;0,07102
24.03.2019 18:00;24.03.2019 19:00;39,37;0,03937;0,03937;0,07737
24.03.2019 19:00;24.03.2019 20:00;42,6;0,0426;0,0426;0,0806
24.03.2019 20:00;24.03.2019 21:00;39,33;0,03933;0,03933;0,07733
24.03.2019 21:00;24.03.2019 22:00;36,34;0,03634;0,03634;0,07434
24.03.2019 22:00;24.03.2019 23:00;34,47;0,03447;0,03447;0,07247
24.03.2019 23:00;25.03.2019 00:00;29,99;0,02999;0,02999;0,06799
25.03.2019 00:00;25.03.2019 01:00;24,34;0,02434;0,02434;0,06234
25.03.2019 01:00;25.03.2019 02:00;22,5;0,0225;0,0225;0,0605
25.03.2019 02:00;25.03.2019 03:00;23,01;0,02301;0,02301;0,06101
25.03.2019 03:00;25.03.2019 04:00;20,89;0,02089;0,02089;0,05889
25.03.2019 04:00;25.03.2019 05:00;21,57;0,02157;0,02157;0,05957
25.03.2019 05:00;25.03.2019 06:00;26,05;0,02605;0,02605;0,06405
25.03.2019 06:00;25.03.2019 07:00;34,45;0,03445;0,03445;0,07245
25.03.2019 07:00;25.03.2019 08:00;38,39;0,03839;0,03839;0,07639
25.03.2019 08:00;25.03.2019 09:00;39,17;0,03917;0,03917;0,07717
25.03.2019 09:00;25.03.2019 10:00;29,93;0,02993;0,02993;0,06793
25.03.2019 10:00;25.03.2019 11:00;29,96;0,02996;0,02996;0,06796
25.03.2019 11:00;25.03.2019 12:00;30,79;0,03079;0,03079;0,06879
25.03.2019 12:00;25.03.2019 13:00;30,06;0,03006;0,03006;0,06806
25.03.2019 13:00;25.03.2019 14:00;31,33;0,03133;0,03133;0,06933
25.03.2019 14:00;25.03.2019 15:00;29,25;0,02925;0,02925;0,06725
25.03.2019 15:00;25.03.2019 16:00;29,67;0,02967;0,02967;0,06767
25.03.2019 16:00;25.03.2019 17:00;28,94;0,02894;0,02894;0,06694
25.03.2019 17:00;25.03.2019 18:00;36,68;0,03668;0,03668;0,07468
25.03.2019 18:00;25.03.2019 19:00;41,2;0,0412;0,0412;0,0792
25.03.2019 19:00;25.03.2019 20:00;46,45;0,04645;0,04645;0,08445
25.03.2019 20:00;25.03.2019 21:00;42,87;0,04287;0,04287;0,08087
25.03.2019 21:00;25.03.2019 22:00;39,81;0,03981;0,03981;0,07781
25.03.2019 22:00;25.03.2019 23:00;39,99;0,03999;0,03999;0,07799
25.03.2019 23:00;26.03.2019 00:00;37,56;0,03756;0,03756;0,07556
26.03.2019 00:00;26.03.2019 01:00;33,25;0,03325;0,03325;0,07125
26.03.2019 01:00;26.03.2019 02:00;30,79;0,03079;0,03079;0,06879
26.03.2019 02:00;26.03.2019 03:00;30,07;0,03007;0,03007;0,06807
26.03.2019 03:00;26.03.2019 04:00;30,01;0,03001;0,03001;0,06801
26.03.2019 04:00;26.03.2019 05:00;30,03;0,03003;0,03003;0,06803
26.03.2019 05:00;26.03.2019 06:00;32,5;0,0325;0,0325;0,0705
26.03.2019 06:00;26.03.2019 07:00;39;0,039;0,039;0,077
26.03.2019 07:00;26.03.2019 08:00;42,8;0,0428;0,0428;0,0808
26.03.2019 08:00;26.03.2019 09:00;42,75;0,04275;0,04275;0,08075
26.03.2019 09:00;26.03.2019 10:00;35,9;0,0359;0,0359;0,0739
26.03.2019 10:00;26.03.2019 11:00;32,54;0,03254;0,03254;0,07054
26.03.2019 11:00;26.03.2019 12:00;32,58;0,03258;0,03258;0,07058
26.03.2019 12:00;26.03.2019 13:00;32,51;0,03251;0,03251;0,07051
26.03.2019 13:00;26.03.2019 14:00;31,78;0,03178;0,03178;0,06978
26.03.2019 14:00;26.03.2019 15:00;30,87;0,03087;0,03087;0,06887
26.03.2019 15:00;26.03.2019 16:00;31,94;0,03194;0,03194;0,06994
26.03.2019 16:00;26.03.2019 17:00;34;0,034;0,034;0,072
26.03.2019 17:00;26.03.2019 18:00;39,76;0,03976;0,03976;0,07776
26.03.2019 18:00;26.03.2019 19:00;43;0,043;0,043;0,081
26.03.2019 19:00;26.03.2019 20:00;49,4;0,0494;0,0494;0,0874
26.03.2019 20:00;26.03.2019 21:00;46,41;0,04641;0,04641;0,08441
26.03.2019 21:00;26.03.2019 22:00;43,37;0,04337;0,04337;0,08137
26.03.2019 22:00;26.03.2019 23:00;42,28;0,04228;0,04228;0,08028
26.03.2019 23:00;27.03.2019 00:00;38,42;0,03842;0,03842;0,07642
27.03.2019 00:00;27.03.2019 01:00;36,62;0,03662;0,03662;0,07462
27.03.2019 01:00;27.03.2019 02:00;34,81;0,03481;0,03481;0,07281
27.03.2019 02:00;27.03.2019 03:00;34,27;0,03427;0,03427;0,07227
27.03.2019 03:00;27.03.2019 04:00;33,37;0,03337;0,03337;0,07137
27.03.2019 04:00;27.03.2019 05:00;34,14;0,03414;0,03414;0,07214
27.03.2019 05:00;27.03.2019 06:00;36,82;0,03682;0,03682;0,07482
27.03.2019 06:00;27.03.2019 07:00;42,01;0,04201;0,04201;0,08001
27.03.2019 07:00;27.03.2019 08:00;46;0,046;0,046;0,084
27.03.2019 08:00;27.03.2019 09:00;47,04;0,04704;0,04704;0,08504
27.03.2019 09:00;27.03.2019 10:00;43,94;0,04394;0,04394;0,08194
27.03.2019 10:00;27.03.2019 11:00;41,48;0,04148;0,04148;0,07948
27.03.2019 11:00;27.03.2019 12:00;40,61;0,04061;0,04061;0,07861
27.03.2019 12:00;27.03.2019 13:00;40;0,04;0,04;0,078
27.03.2019 13:00;27.03.2019 14:00;39,58;0,03958;0,03958;0,07758
27.03.2019 14:00;27.03.2019 15:00;38,75;0,03875;0,03875;0,07675
27.03.2019 15:00;27.03.2019 16:00;39,47;0,03947;0,03947;0,07747
27.03.2019 16:00;27.03.2019 17:00;39,18;0,03918;0,03918;0,07718
27.03.2019 17:00;27.03.2019 18:00;41,49;0,04149;0,04149;0,07949
27.03.2019 18:00;27.03.2019 19:00;44,17;0,04417;0,04417;0,08217
27.03.2019 19:00;27.03.2019 20:00;47,91;0,04791;0,04791;0,08591
27.03.2019 20:00;27.03.2019 21:00;43,99;0,04399;0,04399;0,08199
27.03.2019 21:00;27.03.2019 22:00;41,22;0,04122;0,04122;0,07922
27.03.2019 22:00;27.03.2019 23:00;40,83;0,04083;0,04083;0,07883
27.03.2019 23:00;28.03.2019 00:00;36,92;0,03692;0,03692;0,07492
28.03.2019 00:00;28.03.2019 01:00;32,73;0,03273;0,03273;0,07073
28.03.2019 01:00;28.03.2019 02:00;33,67;0,03367;0,03367;0,07167
28.03.2019 02:00;28.03.2019 03:00;33,38;0,03338;0,03338;0,07138
28.03.2019 03:00;28.03.2019 04:00;33,29;0,03329;0,03329;0,07129
28.03.2019 04:00;28.03.2019 05:00;33,12;0,03312;0,03312;0,07112
28.03.2019 05:00;28.03.2019 06:00;36,67;0,03667;0,03667;0,07467
28.03.2019 06:00;28.03.2019 07:00;44,48;0,04448;0,04448;0,08248
28.03.2019 07:00;28.03.2019 08:00;49,13;0,04913;0,04913;0,08713
28.03.2019 08:00;28.03.2019 09:00;48,79;0,04879;0,04879;0,08679
28.03.2019 09:00;28.03.2019 10:00;46,78;0,04678;0,04678;0,08478
28.03.2019 10:00;28.03.2019 11:00;44,12;0,04412;0,04412;0,08212
28.03.2019 11:00;28.03.2019 12:00;43,36;0,04336;0,04336;0,08136
28.03.2019 12:00;28.03.2019 13:00;42,54;0,04254;0,04254;0,08054
28.03.2019 13:00;28.03.2019 14:00;42,39;0,04239;0,04239;0,08039
28.03.2019 14:00;28.03.2019 15:00;43,06;0,04306;0,04306;0,08106
28.03.2019 15:00;28.03.2019 16:00;44,09;0,04409;0,04409;0,08209
28.03.2019 16:00;28.03.2019 17:00;44,47;0,04447;0,04447;0,08247
28.03.2019 17:00;28.03.2019 18:00;46,98;0,04698;0,04698;0,08498
28.03.2019 18:00;28.03.2019 19:00;48,16;0,04816;0,04816;0,08616
28.03.2019 19:00;28.03.2019 20:00;52,77;0,05277;0,05277;0,09077
28.03.2019 20:00;28.03.2019 21:00;46,61;0,04661;0,04661;0,08461
28.03.2019 21:00;28.03.2019 22:00;43,48;0,04348;0,04348;0,08148
28.03.2019 22:00;28.03.2019 23:00;42,38;0,04238;0,04238;0,08038
28.03.2019 23:00;29.03.2019 00:00;39,32;0,03932;0,03932;0,07732
29.03.2019 00:00;29.03.2019 01:00;39,28;0,03928;0,03928;0,07728
29.03.2019 01:00;29.03.2019 02:00;34,1;0,0341;0,0341;0,0721
29.03.2019 02:00;29.03.2019 03:00;34,44;0,03444;0,03444;0,07244
29.03.2019 03:00;29.03.2019 04:00;34,47;0,03447;0,03447;0,07247
29.03.2019 04:00;29.03.2019 05:00;34,99;0,03499;0,03499;0,07299
29.03.2019 05:00;29.03.2019 06:00;38,04;0,03804;0,03804;0,07604
29.03.2019 06:00;29.03.2019 07:00;45,56;0,04556;0,04556;0,08356
29.03.2019 07:00;29.03.2019 08:00;48,44;0,04844;0,04844;0,08644
29.03.2019 08:00;29.03.2019 09:00;47,62;0,04762;0,04762;0,08562
29.03.2019 09:00;29.03.2019 10:00;43,07;0,04307;0,04307;0,08107
29.03.2019 10:00;29.03.2019 11:00;38,2;0,0382;0,0382;0,0762
29.03.2019 11:00;29.03.2019 12:00;34,49;0,03449;0,03449;0,07249
29.03.2019 12:00;29.03.2019 13:00;33,43;0,03343;0,03343;0,07143
29.03.2019 13:00;29.03.2019 14:00;32,87;0,03287;0,03287;0,07087
29.03.2019 14:00;29.03.2019 15:00;32,4;0,0324;0,0324;0,0704
29.03.2019 15:00;29.03.2019 16:00;33,13;0,03313;0,03313;0,07113
29.03.2019 16:00;29.03.2019 17:00;36,01;0,03601;0,03601;0,07401
29.03.2019 17:00;29.03.2019 18:00;44;0,044;0,044;0,082
29.03.2019 18:00;29.03.2019 19:00;49,54;0,04954;0,04954;0,08754
29.03.2019 19:00;29.03.2019 20:00;49,33;0,04933;0,04933;0,08733
29.03.2019 20:00;29.03.2019 21:00;47,94;0,04794;0,04794;0,08594
29.03.2019 21:00;29.03.2019 22:00;43,04;0,04304;0,04304;0,08104
29.03.2019 22:00;29.03.2019 23:00;42,75;0,04275;0,04275;0,08075
29.03.2019 23:00;30.03.2019 00:00;39,32;0,03932;0,03932;0,07732
30.03.2019 00:00;30.03.2019 01:00;37,49;0,03749;0,03749;0,07549
30.03.2019 01:00;30.03.2019 02:00;36,68;0,03668;0,03668;0,07468
30.03.2019 02:00;30.03.2019 03:00;34,36;0,03436;0,03436;0,07236
30.03.2019 03:00;30.03.2019 04:00;34,61;0,03461;0,03461;0,07261
30.03.2019 04:00;30.03.2019 05:00;36,08;0,03608;0,03608;0,07408
30.03.2019 05:00;30.03.2019 06:00;35,02;0,03502;0,03502;0,07302
30.03.2019 06:00;30.03.2019 07:00;33,51;0,03351;0,03351;0,07151
30.03.2019 07:00;30.03.2019 08:00;33,23;0,03323;0,03323;0,07123
30.03.2019 08:00;30.03.2019 09:00;34,93;0,03493;0,03493;0,07293
30.03.2019 09:00;30.03.2019 10:00;33,17;0,03317;0,03317;0,07117
30.03.2019 10:00;30.03.2019 11:00;31,63;0,03163;0,03163;0,06963
30.03.2019 11:00;30.03.2019 12:00;29,24;0,02924;0,02924;0,06724
30.03.2019 12:00;30.03.2019 13:00;28,77;0,02877;0,02877;0,06677
30.03.2019 13:00;30.03.2019 14:00;25,92;0,02592;0,02592;0,06392
30.03.2019 14:00;30.03.2019 15:00;25,45;0,02545;0,02545;0,06345
30.03.2019 15:00;30.03.2019 16:00;29,25;0,02925;0,02925;0,06725
30.03.2019 16:00;30.03.2019 17:00;32,02;0,03202;0,03202;0,07002
30.03.2019 17:00;30.03.2019 18:00;37,39;0,03739;0,03739;0,07539
30.03.2019 18:00;30.03.2019 19:00;44,99;0,04499;0,04499;0,08299
30.03.2019 19:00;30.03.2019 20:00;45,96;0,04596;0,04596;0,08396
30.03.2019 20:00;30.03.2019 21:00;43,08;0,04308;0,04308;0,08108
30.03.2019 21:00;30.03.2019 22:00;40,53;0,04053;0,04053;0,07853
30.03.2019 22:00;30.03.2019 23:00;40,86;0,04086;0,04086;0,07886
30.03.2019 23:00;31.03.2019 00:00;36,85;0,03685;0,03685;0,07485
31.03.2019 00:00;31.03.2019 01:00;40,1;0,0401;0,0401;0,0781
31.03.2019 01:00;30.03.2019 02:00;33,95;0,03395;0,03395;0,07195
31.03.2019 03:00;31.03.2019 04:00;31,95;0,03195;0,03195;0,06995
31.03.2019 04:00;31.03.2019 05:00;31,9;0,0319;0,0319;0,0699
31.03.2019 05:00;31.03.2019 06:00;30,54;0,03054;0,03054;0,06854
31.03.2019 06:00;31.03.2019 07:00;30,81;0,03081;0,03081;0,06881
31.03.2019 07:00;31.03.2019 08:00;32,01;0,03201;0,03201;0,07001
31.03.2019 08:00;31.03.2019 09:00;33,07;0,03307;0,03307;0,07107
31.03.2019 09:00;31.03.2019 10:00;32,78;0,03278;0,03278;0,07078
31.03.2019 10:00;31.03.2019 11:00;28,82;0,02882;0,02882;0,06682
31.03.2019 11:00;31.03.2019 12:00;25,17;0,02517;0,02517;0,06317
31.03.2019 12:00;31.03.2019 13:00;25,15;0,02515;0,02515;0,06315
31.03.2019 13:00;31.03.2019 14:00;10,46;0,01046;0,01046;0,04846
31.03.2019 14:00;31.03.2019 15:00;1,11;0,00111;0,00111;0,03911
31.03.2019 15:00;31.03.2019 16:00;1,02;0,00102;0,00102;0,03902
31.03.2019 16:00;31.03.2019 17:00;11,51;0,01151;0,01151;0,04951
31.03.2019 17:00;31.03.2019 18:00;26,73;0,02673;0,02673;0,06473
31.03.2019 18:00;31.03.2019 19:00;33,97;0,03397;0,03397;0,07197
31.03.2019 19:00;31.03.2019 20:00;38,69;0,03869;0,03869;0,07669
31.03.2019 20:00;31.03.2019 21:00;41,8;0,0418;0,0418;0,0798
31.03.2019 21:00;31.03.2019 22:00;39,08;0,03908;0,03908;0,07708
31.03.2019 22:00;31.03.2019 23:00;40,3;0,0403;0,0403;0,0783
31.03.2019 23:00;01.04.2019 00:00;37,51;0,03751;0,03751;0,07551
01.04.2019 00:00;01.04.2019 01:00;31,06;0,03106;0,03106;0,06906
01.04.2019 01:00;01.04.2019 02:00;29,96;0,02996;0,02996;0,06796
01.04.2019 02:00;01.04.2019 03:00;31,07;0,03107;0,03107;0,06907
01.04.2019 03:00;01.04.2019 04:00;31,08;0,03108;0,03108;0,06908
01.04.2019 04:00;01.04.2019 05:00;31,09;0,03109;0,03109;0,06909
01.04.2019 05:00;01.04.2019 06:00;37,22;0,03722;0,03722;0,07522
01.04.2019 06:00;01.04.2019 07:00;47,08;0,04708;0,04708;0,08508
01.04.2019 07:00;01.04.2019 08:00;56,95;0,05695;0,05695;0,09495
01.04.2019 08:00;01.04.2019 09:00;53,56;0,05356;0,05356;0,09156
01.04.2019 09:00;01.04.2019 10:00;45,95;0,04595;0,04595;0,08395
01.04.2019 10:00;01.04.2019 11:00;42,2;0,0422;0,0422;0,0802
01.04.2019 11:00;01.04.2019 12:00;39,11;0,03911;0,03911;0,07711
01.04.2019 12:00;01.04.2019 13:00;34,3;0,0343;0,0343;0,0723
01.04.2019 13:00;01.04.2019 14:00;32,29;0,03229;0,03229;0,07029
01.04.2019 14:00;01.04.2019 15:00;31,1;0,0311;0,0311;0,0691
01.04.2019 15:00;01.04.2019 16:00;31,55;0,03155;0,03155;0,06955
01.04.2019 16:00;01.04.2019 17:00;31,8;0,0318;0,0318;0,0698
01.04.2019 17:00;01.04.2019 18:00;35,74;0,03574;0,03574;0,07374
01.04.2019 18:00;01.04.2019 19:00;43,06;0,04306;0,04306;0,08106
01.04.2019 19:00;01.04.2019 20:00;45,1;0,0451;0,0451;0,0831
01.04.2019 20:00;01.04.2019 21:00;45,06;0,04506;0,04506;0,08306
01.04.2019 21:00;01.04.2019 22:00;39,41;0,03941;0,03941;0,07741
01.04.2019 22:00;01.04.2019 23:00;35,8;0,0358;0,0358;0,0738
01.04.2019 23:00;02.04.2019 00:00;30,65;0,03065;0,03065;0,06865
02.04.2019 00:00;02.04.2019 01:00;29,11;0,02911;0,02911;0,06711
02.04.2019 01:00;02.04.2019 02:00;26,93;0,02693;0,02693;0,06493
02.04.2019 02:00;02.04.2019 03:00;25,43;0,02543;0,02543;0,06343
02.04.2019 03:00;02.04.2019 04:00;25,16;0,02516;0,02516;0,06316
02.04.2019 04:00;02.04.2019 05:00;27,52;0,02752;0,02752;0,06552
02.04.2019 05:00;02.04.2019 06:00;31,04;0,03104;0,03104;0,06904
02.04.2019 06:00;02.04.2019 07:00;40,29;0,04029;0,04029;0,07829
02.04.2019 07:00;02.04.2019 08:00;43,78;0,04378;0,04378;0,08178
02.04.2019 08:00;02.04.2019 09:00;43,13;0,04313;0,04313;0,08113
02.04.2019 09:00;02.04.2019 10:00;39,53;0,03953;0,03953;0,07753
02.04.2019 10:00;02.04.2019 11:00;36,68;0,03668;0,03668;0,07468
02.04.2019 11:00;02.04.2019 12:00;31,39;0,03139;0,03139;0,06939
02.04.2019 12:00;02.04.2019 13:00;29;0,029;0,029;0,067
02.04.2019 13:00;02.04.2019 14:00;29,09;0,02909;0,02909;0,06709
02.04.2019 14:00;02.04.2019 15:00;29,49;0,02949;0,02949;0,06749
02.04.2019 15:00;02.04.2019 16:00;29,09;0,02909;0,02909;0,06709
02.04.2019 16:00;02.04.2019 17:00;30,1;0,0301;0,0301;0,0681
02.04.2019 17:00;02.04.2019 18:00;35,08;0,03508;0,03508;0,07308
02.04.2019 18:00;02.04.2019 19:00;40,73;0,04073;0,04073;0,07873
02.04.2019 19:00;02.04.2019 20:00;43,15;0,04315;0,04315;0,08115
02.04.2019 20:00;02.04.2019 21:00;42,74;0,04274;0,04274;0,08074
02.04.2019 21:00;02.04.2019 22:00;38,2;0,0382;0,0382;0,0762
02.04.2019 22:00;02.04.2019 23:00;35,08;0,03508;0,03508;0,07308
02.04.2019 23:00;03.04.2019 00:00;30,69;0,03069;0,03069;0,06869
03.04.2019 00:00;03.04.2019 01:00;31,9;0,0319;0,0319;0,0699
03.04.2019 01:00;03.04.2019 02:00;31,5;0,0315;0,0315;0,0695
03.04.2019 02:00;03.04.2019 03:00;31,08;0,03108;0,03108;0,06908
03.04.2019 03:00;03.04.2019 04:00;31,19;0,03119;0,03119;0,06919
03.04.2019 04:00;03.04.2019 05:00;32,57;0,03257;0,03257;0,07057
03.04.2019 05:00;03.04.2019 06:00;35;0,035;0,035;0,073
03.04.2019 06:00;03.04.2019 07:00;42,98;0,04298;0,04298;0,08098
03.04.2019 07:00;03.04.2019 08:00;48,25;0,04825;0,04825;0,08625
03.04.2019 08:00;03.04.2019 09:00;52,42;0,05242;0,05242;0,09042
03.04.2019 09:00;03.04.2019 10:00;54,72;0,05472;0,05472;0,09272
03.04.2019 10:00;03.04.2019 11:00;49,47;0,04947;0,04947;0,08747
03.04.2019 11:00;03.04.2019 12:00;47,99;0,04799;0,04799;0,08599
03.04.2019 12:00;03.04.2019 13:00;45,01;0,04501;0,04501;0,08301
03.04.2019 13:00;03.04.2019 14:00;43,11;0,04311;0,04311;0,08111
03.04.2019 14:00;03.04.2019 15:00;41,77;0,04177;0,04177;0,07977
03.04.2019 15:00;03.04.2019 16:00;41,48;0,04148;0,04148;0,07948
03.04.2019 16:00;03.04.2019 17:00;41,73;0,04173;0,04173;0,07973
03.04.2019 17:00;03.04.2019 18:00;42,68;0,04268;0,04268;0,08068
03.04.2019 18:00;03.04.2019 19:00;45,44;0,04544;0,04544;0,08344
03.04.2019 19:00;03.04.2019 20:00;51,32;0,05132;0,05132;0,08932
03.04.2019 20:00;03.04.2019 21:00;52,34;0,05234;0,05234;0,09034
03.04.2019 21:00;03.04.2019 22:00;44,08;0,04408;0,04408;0,08208
03.04.2019 22:00;03.04.2019 23:00;39,1;0,0391;0,0391;0,0771
03.04.2019 23:00;04.04.2019 00:00;36,58;0,03658;0,03658;0,07458
04.04.2019 00:00;04.04.2019 01:00;35,6;0,0356;0,0356;0,0736
04.04.2019 01:00;04.04.2019 02:00;35,12;0,03512;0,03512;0,07312
04.04.2019 02:00;04.04.2019 03:00;33;0,033;0,033;0,071
04.04.2019 03:00;04.04.2019 04:00;32,59;0,03259;0,03259;0,07059
04.04.2019 04:00;04.04.2019 05:00;34,13;0,03413;0,03413;0,07213
04.04.2019 05:00;04.04.2019 06:00;36,86;0,03686;0,03686;0,07486
04.04.2019 06:00;04.04.2019 07:00;44,67;0,04467;0,04467;0,08267
04.04.2019 07:00;04.04.2019 08:00;53,64;0,05364;0,05364;0,09164
04.04.2019 08:00;04.04.2019 09:00;59,86;0,05986;0,05986;0,09786
04.04.2019 09:00;04.04.2019 10:00;46,92;0,04692;0,04692;0,08492
04.04.2019 10:00;04.04.2019 11:00;48;0,048;0,048;0,086
04.04.2019 11:00;04.04.2019 12:00;47;0,047;0,047;0,085
04.04.2019 12:00;04.04.2019 13:00;40,85;0,04085;0,04085;0,07885
04.04.2019 13:00;04.04.2019 14:00;41,32;0,04132;0,04132;0,07932
04.04.2019 14:00;04.04.2019 15:00;38,59;0,03859;0,03859;0,07659
04.04.2019 15:00;04.04.2019 16:00;38,3;0,0383;0,0383;0,0763
04.04.2019 16:00;04.04.2019 17:00;38,1;0,0381;0,0381;0,0761
04.04.2019 17:00;04.04.2019 18:00;40,08;0,04008;0,04008;0,07808
04.04.2019 18:00;04.04.2019 19:00;45,23;0,04523;0,04523;0,08323
04.04.2019 19:00;04.04.2019 20:00;50,5;0,0505;0,0505;0,0885
04.04.2019 20:00;04.04.2019 21:00;48,93;0,04893;0,04893;0,08693
04.04.2019 21:00;04.04.2019 22:00;43,81;0,04381;0,04381;0,08181
04.04.2019 22:00;04.04.2019 23:00;38,49;0,03849;0,03849;0,07649
04.04.2019 23:00;05.04.2019 00:00;36,8;0,0368;0,0368;0,0748
05.04.2019 00:00;05.04.2019 01:00;35,36;0,03536;0,03536;0,07336
05.04.2019 01:00;05.04.2019 02:00;35,47;0,03547;0,03547;0,07347
05.04.2019 02:00;05.04.2019 03:00;34,49;0,03449;0,03449;0,07249
05.04.2019 03:00;05.04.2019 04:00;33,76;0,03376;0,03376;0,07176
05.04.2019 04:00;05.04.2019 05:00;36,17;0,03617;0,03617;0,07417
05.04.2019 05:00;05.04.2019 06:00;38,63;0,03863;0,03863;0,07663
05.04.2019 06:00;05.04.2019 07:00;44,84;0,04484;0,04484;0,08284
05.04.2019 07:00;05.04.2019 08:00;53,16;0,05316;0,05316;0,09116
05.04.2019 08:00;05.04.2019 09:00;58,67;0,05867;0,05867;0,09667
05.04.2019 09:00;05.04.2019 10:00;53,64;0,05364;0,05364;0,09164
05.04.2019 10:00;05.04.2019 11:00;46,58;0,04658;0,04658;0,08458
05.04.2019 11:00;05.04.2019 12:00;44,01;0,04401;0,04401;0,08201
05.04.2019 12:00;05.04.2019 13:00;41,18;0,04118;0,04118;0,07918
05.04.2019 13:00;05.04.2019 14:00;40,08;0,04008;0,04008;0,07808
05.04.2019 14:00;05.04.2019 15:00;38,64;0,03864;0,03864;0,07664
05.04.2019 15:00;05.04.2019 16:00;38,34;0,03834;0,03834;0,07634
05.04.2019 16:00;05.04.2019 17:00;38,64;0,03864;0,03864;0,07664
05.04.2019 17:00;05.04.2019 18:00;40,96;0,04096;0,04096;0,07896
05.04.2019 18:00;05.04.2019 19:00;44,35;0,04435;0,04435;0,08235
05.04.2019 19:00;05.04.2019 20:00;47,23;0,04723;0,04723;0,08523
05.04.2019 20:00;05.04.2019 21:00;46,94;0,04694;0,04694;0,08494
05.04.2019 21:00;05.04.2019 22:00;41,99;0,04199;0,04199;0,07999
05.04.2019 22:00;05.04.2019 23:00;41,33;0,04133;0,04133;0,07933
05.04.2019 23:00;06.04.2019 00:00;40,33;0,04033;0,04033;0,07833
06.04.2019 00:00;06.04.2019 01:00;41,65;0,04165;0,04165;0,07965
06.04.2019 01:00;06.04.2019 02:00;39,86;0,03986;0,03986;0,07786
06.04.2019 02:00;06.04.2019 03:00;38,31;0,03831;0,03831;0,07631
06.04.2019 03:00;06.04.2019 04:00;36,1;0,0361;0,0361;0,0741
06.04.2019 04:00;06.04.2019 05:00;36,13;0,03613;0,03613;0,07413
06.04.2019 05:00;06.04.2019 06:00;37,27;0,03727;0,03727;0,07527
06.04.2019 06:00;06.04.2019 07:00;39,2;0,0392;0,0392;0,0772
06.04.2019 07:00;06.04.2019 08:00;42,03;0,04203;0,04203;0,08003
06.04.2019 08:00;06.04.2019 09:00;44,06;0,04406;0,04406;0,08206
06.04.2019 09:00;06.04.2019 10:00;46,51;0,04651;0,04651;0,08451
06.04.2019 10:00;06.04.2019 11:00;42,72;0,04272;0,04272;0,08072
06.04.2019 11:00;06.04.2019 12:00;40,91;0,04091;0,04091;0,07891
06.04.2019 12:00;06.04.2019 13:00;34,56;0,03456;0,03456;0,07256
06.04.2019 13:00;06.04.2019 14:00;33,66;0,03366;0,03366;0,07166
06.04.2019 14:00;06.04.2019 15:00;31,03;0,03103;0,03103;0,06903
06.04.2019 15:00;06.04.2019 16:00;31,02;0,03102;0,03102;0,06902
06.04.2019 16:00;06.04.2019 17:00;31,04;0,03104;0,03104;0,06904
06.04.2019 17:00;06.04.2019 18:00;32,41;0,03241;0,03241;0,07041
06.04.2019 18:00;06.04.2019 19:00;41,28;0,04128;0,04128;0,07928
06.04.2019 19:00;06.04.2019 20:00;42,91;0,04291;0,04291;0,08091
06.04.2019 20:00;06.04.2019 21:00;41,88;0,04188;0,04188;0,07988
06.04.2019 21:00;06.04.2019 22:00;39,99;0,03999;0,03999;0,07799
06.04.2019 22:00;06.04.2019 23:00;39,21;0,03921;0,03921;0,07721
06.04.2019 23:00;07.04.2019 00:00;36,22;0,03622;0,03622;0,07422
07.04.2019 00:00;07.04.2019 01:00;36,05;0,03605;0,03605;0,07405
07.04.2019 01:00;07.04.2019 02:00;37,71;0,03771;0,03771;0,07571
07.04.2019 02:00;07.04.2019 03:00;37,13;0,03713;0,03713;0,07513
07.04.2019 03:00;07.04.2019 04:00;35,5;0,0355;0,0355;0,0735
07.04.2019 04:00;07.04.2019 05:00;35,64;0,03564;0,03564;0,07364
07.04.2019 05:00;07.04.2019 06:00;36,17;0,03617;0,03617;0,07417
07.04.2019 06:00;07.04.2019 07:00;36,69;0,03669;0,03669;0,07469
07.04.2019 07:00;07.04.2019 08:00;39,43;0,03943;0,03943;0,07743
07.04.2019 08:00;07.04.2019 09:00;40,51;0,04051;0,04051;0,07851
07.04.2019 09:00;07.04.2019 10:00;40,66;0,04066;0,04066;0,07866
07.04.2019 10:00;07.04.2019 11:00;36,63;0,03663;0,03663;0,07463
07.04.2019 11:00;07.04.2019 12:00;34,99;0,03499;0,03499;0,07299
07.04.2019 12:00;07.04.2019 13:00;34,68;0,03468;0,03468;0,07268
07.04.2019 13:00;07.04.2019 14:00;31,5;0,0315;0,0315;0,0695
07.04.2019 14:00;07.04.2019 15:00;28,03;0,02803;0,02803;0,06603
07.04.2019 15:00;07.04.2019 16:00;28,92;0,02892;0,02892;0,06692
07.04.2019 16:00;07.04.2019 17:00;31,4;0,0314;0,0314;0,0694
07.04.2019 17:00;07.04.2019 18:00;34,87;0,03487;0,03487;0,07287
07.04.2019 18:00;07.04.2019 19:00;42,9;0,0429;0,0429;0,0809
07.04.2019 19:00;07.04.2019 20:00;46,65;0,04665;0,04665;0,08465
07.04.2019 20:00;07.04.2019 21:00;49,65;0,04965;0,04965;0,08765
07.04.2019 21:00;07.04.2019 22:00;46,27;0,04627;0,04627;0,08427
07.04.2019 22:00;07.04.2019 23:00;45,55;0,04555;0,04555;0,08355
07.04.2019 23:00;08.04.2019 00:00;44,01;0,04401;0,04401;0,08201
08.04.2019 00:00;08.04.2019 01:00;38,84;0,03884;0,03884;0,07684
08.04.2019 01:00;08.04.2019 02:00;37,7;0,0377;0,0377;0,0757
08.04.2019 02:00;08.04.2019 03:00;36,73;0,03673;0,03673;0,07473
08.04.2019 03:00;08.04.2019 04:00;36,3;0,0363;0,0363;0,0743
08.04.2019 04:00;08.04.2019 05:00;37,2;0,0372;0,0372;0,0752
08.04.2019 05:00;08.04.2019 06:00;41,6;0,0416;0,0416;0,0796
08.04.2019 06:00;08.04.2019 07:00;54,96;0,05496;0,05496;0,09296
08.04.2019 07:00;08.04.2019 08:00;59,47;0,05947;0,05947;0,09747
08.04.2019 08:00;08.04.2019 09:00;60;0,06;0,06;0,098
08.04.2019 09:00;08.04.2019 10:00;58,62;0,05862;0,05862;0,09662
08.04.2019 10:00;08.04.2019 11:00;49,1;0,0491;0,0491;0,0871
08.04.2019 11:00;08.04.2019 12:00;44,4;0,0444;0,0444;0,0824
08.04.2019 12:00;08.04.2019 13:00;42,82;0,04282;0,04282;0,08082
08.04.2019 13:00;08.04.2019 14:00;41,85;0,04185;0,04185;0,07985
08.04.2019 14:00;08.04.2019 15:00;40,42;0,04042;0,04042;0,07842
08.04.2019 15:00;08.04.2019 16:00;40,17;0,04017;0,04017;0,07817
08.04.2019 16:00;08.04.2019 17:00;39,73;0,03973;0,03973;0,07773
08.04.2019 17:00;08.04.2019 18:00;42,84;0,04284;0,04284;0,08084
08.04.2019 18:00;08.04.2019 19:00;45,05;0,04505;0,04505;0,08305
08.04.2019 19:00;08.04.2019 20:00;48,46;0,04846;0,04846;0,08646
08.04.2019 20:00;08.04.2019 21:00;46,58;0,04658;0,04658;0,08458
08.04.2019 21:00;08.04.2019 22:00;43,42;0,04342;0,04342;0,08142
08.04.2019 22:00;08.04.2019 23:00;41,94;0,04194;0,04194;0,07994
08.04.2019 23:00;09.04.2019 00:00;37,44;0,03744;0,03744;0,07544
09.04.2019 00:00;09.04.2019 01:00;34,75;0,03475;0,03475;0,07275
09.04.2019 01:00;09.04.2019 02:00;34,69;0,03469;0,03469;0,07269
09.04.2019 02:00;09.04.2019 03:00;35,6;0,0356;0,0356;0,0736
09.04.2019 03:00;09.04.2019 04:00;34,96;0,03496;0,03496;0,07296
09.04.2019 04:00;09.04.2019 05:00;35,12;0,03512;0,03512;0,07312
09.04.2019 05:00;09.04.2019 06:00;37,47;0,03747;0,03747;0,07547
09.04.2019 06:00;09.04.2019 07:00;47,2;0,0472;0,0472;0,0852
09.04.2019 07:00;09.04.2019 08:00;52,08;0,05208;0,05208;0,09008
09.04.2019 08:00;09.04.2019 09:00;55,32;0,05532;0,05532;0,09332
09.04.2019 09:00;09.04.2019 10:00;49,47;0,04947;0,04947;0,08747
09.04.2019 10:00;09.04.2019 11:00;46,73;0,04673;0,04673;0,08473
09.04.2019 11:00;09.04.2019 12:00;44,79;0,04479;0,04479;0,08279
09.04.2019 12:00;09.04.2019 13:00;42,76;0,04276;0,04276;0,08076
09.04.2019 13:00;09.04.2019 14:00;40,94;0,04094;0,04094;0,07894
09.04.2019 14:00;09.04.2019 15:00;39,59;0,03959;0,03959;0,07759
09.04.2019 15:00;09.04.2019 16:00;37,38;0,03738;0,03738;0,07538
09.04.2019 16:00;09.04.2019 17:00;37,39;0,03739;0,03739;0,07539
09.04.2019 17:00;09.04.2019 18:00;40,71;0,04071;0,04071;0,07871
09.04.2019 18:00;09.04.2019 19:00;44,09;0,04409;0,04409;0,08209
09.04.2019 19:00;09.04.2019 20:00;47,01;0,04701;0,04701;0,08501
09.04.2019 20:00;09.04.2019 21:00;45,94;0,04594;0,04594;0,08394
09.04.2019 21:00;09.04.2019 22:00;42,76;0,04276;0,04276;0,08076
09.04.2019 22:00;09.04.2019 23:00;42,01;0,04201;0,04201;0,08001
09.04.2019 23:00;10.04.2019 00:00;39,07;0,03907;0,03907;0,07707
10.04.2019 00:00;10.04.2019 01:00;37,51;0,03751;0,03751;0,07551
10.04.2019 01:00;10.04.2019 02:00;37,18;0,03718;0,03718;0,07518
10.04.2019 02:00;10.04.2019 03:00;36,54;0,03654;0,03654;0,07454
10.04.2019 03:00;10.04.2019 04:00;35,78;0,03578;0,03578;0,07378
10.04.2019 04:00;10.04.2019 05:00;36,63;0,03663;0,03663;0,07463
10.04.2019 05:00;10.04.2019 06:00;38,55;0,03855;0,03855;0,07655
10.04.2019 06:00;10.04.2019 07:00;46,99;0,04699;0,04699;0,08499
10.04.2019 07:00;10.04.2019 08:00;54,43;0,05443;0,05443;0,09243
10.04.2019 08:00;10.04.2019 09:00;58,02;0,05802;0,05802;0,09602
10.04.2019 09:00;10.04.2019 10:00;50,59;0,05059;0,05059;0,08859
10.04.2019 10:00;10.04.2019 11:00;46,21;0,04621;0,04621;0,08421
10.04.2019 11:00;10.04.2019 12:00;44,44;0,04444;0,04444;0,08244
10.04.2019 12:00;10.04.2019 13:00;41,16;0,04116;0,04116;0,07916
10.04.2019 13:00;10.04.2019 14:00;39,98;0,03998;0,03998;0,07798
10.04.2019 14:00;10.04.2019 15:00;38,22;0,03822;0,03822;0,07622
10.04.2019 15:00;10.04.2019 16:00;37,6;0,0376;0,0376;0,0756
10.04.2019 16:00;10.04.2019 17:00;38,12;0,03812;0,03812;0,07612
10.04.2019 17:00;10.04.2019 18:00;42,6;0,0426;0,0426;0,0806
10.04.2019 18:00;10.04.2019 19:00;46,5;0,0465;0,0465;0,0845
10.04.2019 19:00;10.04.2019 20:00;47,2;0,0472;0,0472;0,0852
10.04.2019 20:00;10.04.2019 21:00;46,97;0,04697;0,04697;0,08497
10.04.2019 21:00;10.04.2019 22:00;44,56;0,04456;0,04456;0,08256
10.04.2019 22:00;10.04.2019 23:00;42,6;0,0426;0,0426;0,0806
10.04.2019 23:00;11.04.2019 00:00;39,23;0,03923;0,03923;0,07723
11.04.2019 00:00;11.04.2019 01:00;37,5;0,0375;0,0375;0,0755
11.04.2019 01:00;11.04.2019 02:00;37,07;0,03707;0,03707;0,07507
11.04.2019 02:00;11.04.2019 03:00;37,07;0,03707;0,03707;0,07507
11.04.2019 03:00;11.04.2019 04:00;36,52;0,03652;0,03652;0,07452
11.04.2019 04:00;11.04.2019 05:00;37,1;0,0371;0,0371;0,0751
11.04.2019 05:00;11.04.2019 06:00;38,87;0,03887;0,03887;0,07687
11.04.2019 06:00;11.04.2019 07:00;47,91;0,04791;0,04791;0,08591
11.04.2019 07:00;11.04.2019 08:00;56,4;0,0564;0,0564;0,0944
11.04.2019 08:00;11.04.2019 09:00;59,24;0,05924;0,05924;0,09724
11.04.2019 09:00;11.04.2019 10:00;51,7;0,0517;0,0517;0,0897
11.04.2019 10:00;11.04.2019 11:00;48,55;0,04855;0,04855;0,08655
11.04.2019 11:00;11.04.2019 12:00;45,98;0,04598;0,04598;0,08398
11.04.2019 12:00;11.04.2019 13:00;43,95;0,04395;0,04395;0,08195
11.04.2019 13:00;11.04.2019 14:00;39,86;0,03986;0,03986;0,07786
11.04.2019 14:00;11.04.2019 15:00;38,9;0,0389;0,0389;0,0769
11.04.2019 15:00;11.04.2019 16:00;39,28;0,03928;0,03928;0,07728
11.04.2019 16:00;11.04.2019 17:00;39;0,039;0,039;0,077
11.04.2019 17:00;11.04.2019 18:00;43,92;0,04392;0,04392;0,08192
11.04.2019 18:00;11.04.2019 19:00;47,69;0,04769;0,04769;0,08569
11.04.2019 19:00;11.04.2019 20:00;54,02;0,05402;0,05402;0,09202
11.04.2019 20:00;11.04.2019 21:00;52,99;0,05299;0,05299;0,09099
11.04.2019 21:00;11.04.2019 22:00;49,02;0,04902;0,04902;0,08702
11.04.2019 22:00;11.04.2019 23:00;47,2;0,0472;0,0472;0,0852
11.04.2019 23:00;12.04.2019 00:00;44,05;0,04405;0,04405;0,08205
12.04.2019 00:00;12.04.2019 01:00;39,59;0,03959;0,03959;0,07759
12.04.2019 01:00;12.04.2019 02:00;39,01;0,03901;0,03901;0,07701
12.04.2019 02:00;12.04.2019 03:00;37,95;0,03795;0,03795;0,07595
12.04.2019 03:00;12.04.2019 04:00;37,22;0,03722;0,03722;0,07522
12.04.2019 04:00;12.04.2019 05:00;37,5;0,0375;0,0375;0,0755
12.04.2019 05:00;12.04.2019 06:00;41,05;0,04105;0,04105;0,07905
12.04.2019 06:00;12.04.2019 07:00;49,62;0,04962;0,04962;0,08762
12.04.2019 07:00;12.04.2019 08:00;58,98;0,05898;0,05898;0,09698
12.04.2019 08:00;12.04.2019 09:00;60,08;0,06008;0,06008;0,09808
12.04.2019 09:00;12.04.2019 10:00;51,55;0,05155;0,05155;0,08955
12.04.2019 10:00;12.04.2019 11:00;48,97;0,04897;0,04897;0,08697
12.04.2019 11:00;12.04.2019 12:00;46,99;0,04699;0,04699;0,08499
12.04.2019 12:00;12.04.2019 13:00;45,1;0,0451;0,0451;0,0831
12.04.2019 13:00;12.04.2019 14:00;44,11;0,04411;0,04411;0,08211
12.04.2019 14:00;12.04.2019 15:00;42,11;0,04211;0,04211;0,08011
12.04.2019 15:00;12.04.2019 16:00;40,67;0,04067;0,04067;0,07867
12.04.2019 16:00;12.04.2019 17:00;38,57;0,03857;0,03857;0,07657
12.04.2019 17:00;12.04.2019 18:00;41,73;0,04173;0,04173;0,07973
12.04.2019 18:00;12.04.2019 19:00;46,43;0,04643;0,04643;0,08443
12.04.2019 19:00;12.04.2019 20:00;48,43;0,04843;0,04843;0,08643
12.04.2019 20:00;12.04.2019 21:00;48,08;0,04808;0,04808;0,08608
12.04.2019 21:00;12.04.2019 22:00;45,36;0,04536;0,04536;0,08336
12.04.2019 22:00;12.04.2019 23:00;45,27;0,04527;0,04527;0,08327
12.04.2019 23:00;13.04.2019 00:00;43,27;0,04327;0,04327;0,08127
13.04.2019 00:00;13.04.2019 01:00;44,78;0,04478;0,04478;0,08278
13.04.2019 01:00;13.04.2019 02:00;43,53;0,04353;0,04353;0,08153
13.04.2019 02:00;13.04.2019 03:00;42,36;0,04236;0,04236;0,08036
13.04.2019 03:00;13.04.2019 04:00;40,11;0,04011;0,04011;0,07811
13.04.2019 04:00;13.04.2019 05:00;39,45;0,03945;0,03945;0,07745
13.04.2019 05:00;13.04.2019 06:00;40,93;0,04093;0,04093;0,07893
13.04.2019 06:00;13.04.2019 07:00;43,78;0,04378;0,04378;0,08178
13.04.2019 07:00;13.04.2019 08:00;45,1;0,0451;0,0451;0,0831
13.04.2019 08:00;13.04.2019 09:00;47,28;0,04728;0,04728;0,08528
13.04.2019 09:00;13.04.2019 10:00;46,96;0,04696;0,04696;0,08496
13.04.2019 10:00;13.04.2019 11:00;42,45;0,04245;0,04245;0,08045
13.04.2019 11:00;13.04.2019 12:00;39,85;0,03985;0,03985;0,07785
13.04.2019 12:00;13.04.2019 13:00;38,57;0,03857;0,03857;0,07657
13.04.2019 13:00;13.04.2019 14:00;38,02;0,03802;0,03802;0,07602
13.04.2019 14:00;13.04.2019 15:00;37,11;0,03711;0,03711;0,07511
13.04.2019 15:00;13.04.2019 16:00;36,42;0,03642;0,03642;0,07442
13.04.2019 16:00;13.04.2019 17:00;35,65;0,03565;0,03565;0,07365
13.04.2019 17:00;13.04.2019 18:00;37,83;0,03783;0,03783;0,07583
13.04.2019 18:00;13.04.2019 19:00;43,03;0,04303;0,04303;0,08103
13.04.2019 19:00;13.04.2019 20:00;46,09;0,04609;0,04609;0,08409
13.04.2019 20:00;13.04.2019 21:00;46,28;0,04628;0,04628;0,08428
13.04.2019 21:00;13.04.2019 22:00;43,1;0,0431;0,0431;0,0811
13.04.2019 22:00;13.04.2019 23:00;40,24;0,04024;0,04024;0,07824
13.04.2019 23:00;14.04.2019 00:00;35,08;0,03508;0,03508;0,07308
14.04.2019 00:00;14.04.2019 01:00;36,58;0,03658;0,03658;0,07458
14.04.2019 01:00;14.04.2019 02:00;35,31;0,03531;0,03531;0,07331
14.04.2019 02:00;14.04.2019 03:00;35,03;0,03503;0,03503;0,07303
14.04.2019 03:00;14.04.2019 04:00;36,61;0,03661;0,03661;0,07461
14.04.2019 04:00;14.04.2019 05:00;37,23;0,03723;0,03723;0,07523
14.04.2019 05:00;14.04.2019 06:00;37,01;0,03701;0,03701;0,07501
14.04.2019 06:00;14.04.2019 07:00;37,36;0,03736;0,03736;0,07536
14.04.2019 07:00;14.04.2019 08:00;38,18;0,03818;0,03818;0,07618
14.04.2019 08:00;14.04.2019 09:00;40,36;0,04036;0,04036;0,07836
14.04.2019 09:00;14.04.2019 10:00;39,76;0,03976;0,03976;0,07776
14.04.2019 10:00;14.04.2019 11:00;37,1;0,0371;0,0371;0,0751
14.04.2019 11:00;14.04.2019 12:00;36,4;0,0364;0,0364;0,0744
14.04.2019 12:00;14.04.2019 13:00;34,89;0,03489;0,03489;0,07289
14.04.2019 13:00;14.04.2019 14:00;33,87;0,03387;0,03387;0,07187
14.04.2019 14:00;14.04.2019 15:00;29,75;0,02975;0,02975;0,06775
14.04.2019 15:00;14.04.2019 16:00;28,97;0,02897;0,02897;0,06697
14.04.2019 16:00;14.04.2019 17:00;31,26;0,03126;0,03126;0,06926
14.04.2019 17:00;14.04.2019 18:00;35,04;0,03504;0,03504;0,07304
14.04.2019 18:00;14.04.2019 19:00;41,87;0,04187;0,04187;0,07987
14.04.2019 19:00;14.04.2019 20:00;44,7;0,0447;0,0447;0,0827
14.04.2019 20:00;14.04.2019 21:00;46,74;0,04674;0,04674;0,08474
14.04.2019 21:00;14.04.2019 22:00;43,28;0,04328;0,04328;0,08128
14.04.2019 22:00;14.04.2019 23:00;38,59;0,03859;0,03859;0,07659
14.04.2019 23:00;15.04.2019 00:00;38,11;0,03811;0,03811;0,07611
15.04.2019 00:00;15.04.2019 01:00;35,58;0,03558;0,03558;0,07358
15.04.2019 01:00;15.04.2019 02:00;37,11;0,03711;0,03711;0,07511
15.04.2019 02:00;15.04.2019 03:00;37,17;0,03717;0,03717;0,07517
15.04.2019 03:00;15.04.2019 04:00;38,9;0,0389;0,0389;0,0769
15.04.2019 04:00;15.04.2019 05:00;37,99;0,03799;0,03799;0,07599
15.04.2019 05:00;15.04.2019 06:00;42,6;0,0426;0,0426;0,0806
15.04.2019 06:00;15.04.2019 07:00;50,23;0,05023;0,05023;0,08823
15.04.2019 07:00;15.04.2019 08:00;58,76;0,05876;0,05876;0,09676
15.04.2019 08:00;15.04.2019 09:00;60,33;0,06033;0,06033;0,09833
15.04.2019 09:00;15.04.2019 10:00;47,29;0,04729;0,04729;0,08529
15.04.2019 10:00;15.04.2019 11:00;43,02;0,04302;0,04302;0,08102
15.04.2019 11:00;15.04.2019 12:00;40,24;0,04024;0,04024;0,07824
15.04.2019 12:00;15.04.2019 13:00;32,05;0,03205;0,03205;0,07005
15.04.2019 13:00;15.04.2019 14:00;30,43;0,03043;0,03043;0,06843
15.04.2019 14:00;15.04.2019 15:00;32,04;0,03204;0,03204;0,07004
15.04.2019 15:00;15.04.2019 16:00;35,67;0,03567;0,03567;0,07367
15.04.2019 16:00;15.04.2019 17:00;35,58;0,03558;0,03558;0,07358
15.04.2019 17:00;15.04.2019 18:00;40,96;0,04096;0,04096;0,07896
15.04.2019 18:00;15.04.2019 19:00;47,01;0,04701;0,04701;0,08501
15.04.2019 19:00;15.04.2019 20:00;49,27;0,04927;0,04927;0,08727
15.04.2019 20:00;15.04.2019 21:00;48,56;0,04856;0,04856;0,08656
15.04.2019 21:00;15.04.2019 22:00;45,7;0,0457;0,0457;0,0837
15.04.2019 22:00;15.04.2019 23:00;42,43;0,04243;0,04243;0,08043
15.04.2019 23:00;16.04.2019 00:00;34,97;0,03497;0,03497;0,07297
16.04.2019 00:00;16.04.2019 01:00;37,16;0,03716;0,03716;0,07516
16.04.2019 01:00;16.04.2019 02:00;35,85;0,03585;0,03585;0,07385
16.04.2019 02:00;16.04.2019 03:00;36,66;0,03666;0,03666;0,07466
16.04.2019 03:00;16.04.2019 04:00;36,03;0,03603;0,03603;0,07403
16.04.2019 04:00;16.04.2019 05:00;35,06;0,03506;0,03506;0,07306
16.04.2019 05:00;16.04.2019 06:00;37,42;0,03742;0,03742;0,07542
16.04.2019 06:00;16.04.2019 07:00;46,22;0,04622;0,04622;0,08422
16.04.2019 07:00;16.04.2019 08:00;52,06;0,05206;0,05206;0,09006
16.04.2019 08:00;16.04.2019 09:00;52,21;0,05221;0,05221;0,09021
16.04.2019 09:00;16.04.2019 10:00;46,62;0,04662;0,04662;0,08462
16.04.2019 10:00;16.04.2019 11:00;40,72;0,04072;0,04072;0,07872
16.04.2019 11:00;16.04.2019 12:00;35,7;0,0357;0,0357;0,0737
16.04.2019 12:00;16.04.2019 13:00;35,15;0,03515;0,03515;0,07315
16.04.2019 13:00;16.04.2019 14:00;32,95;0,03295;0,03295;0,07095
16.04.2019 14:00;16.04.2019 15:00;34,52;0,03452;0,03452;0,07252
16.04.2019 15:00;16.04.2019 16:00;37,02;0,03702;0,03702;0,07502
16.04.2019 16:00;16.04.2019 17:00;39,28;0,03928;0,03928;0,07728
16.04.2019 17:00;16.04.2019 18:00;44,5;0,0445;0,0445;0,0825
16.04.2019 18:00;16.04.2019 19:00;49,74;0,04974;0,04974;0,08774
16.04.2019 19:00;16.04.2019 20:00;52,95;0,05295;0,05295;0,09095
16.04.2019 20:00;16.04.2019 21:00;50,32;0,05032;0,05032;0,08832
16.04.2019 21:00;16.04.2019 22:00;47,94;0,04794;0,04794;0,08594
16.04.2019 22:00;16.04.2019 23:00;43,9;0,0439;0,0439;0,0819
16.04.2019 23:00;17.04.2019 00:00;38,8;0,0388;0,0388;0,0768
17.04.2019 00:00;17.04.2019 01:00;33,5;0,0335;0,0335;0,0715
17.04.2019 01:00;17.04.2019 02:00;32,99;0,03299;0,03299;0,07099
17.04.2019 02:00;17.04.2019 03:00;35,02;0,03502;0,03502;0,07302
17.04.2019 03:00;17.04.2019 04:00;35,02;0,03502;0,03502;0,07302
17.04.2019 04:00;17.04.2019 05:00;35,36;0,03536;0,03536;0,07336
17.04.2019 05:00;17.04.2019 06:00;37,94;0,03794;0,03794;0,07594
17.04.2019 06:00;17.04.2019 07:00;46,82;0,04682;0,04682;0,08482
17.04.2019 07:00;17.04.2019 08:00;50,43;0,05043;0,05043;0,08843
17.04.2019 08:00;17.04.2019 09:00;52,23;0,05223;0,05223;0,09023
17.04.2019 09:00;17.04.2019 10:00;50,4;0,0504;0,0504;0,0884
17.04.2019 10:00;17.04.2019 11:00;48,01;0,04801;0,04801;0,08601
17.04.2019 11:00;17.04.2019 12:00;39,72;0,03972;0,03972;0,07772
17.04.2019 12:00;17.04.2019 13:00;35,66;0,03566;0,03566;0,07366
17.04.2019 13:00;17.04.2019 14:00;34,09;0,03409;0,03409;0,07209
17.04.2019 14:00;17.04.2019 15:00;36,12;0,03612;0,03612;0,07412
17.04.2019 15:00;17.04.2019 16:00;35,05;0,03505;0,03505;0,07305
17.04.2019 16:00;17.04.2019 17:00;35,49;0,03549;0,03549;0,07349
17.04.2019 17:00;17.04.2019 18:00;38,73;0,03873;0,03873;0,07673
17.04.2019 18:00;17.04.2019 19:00;46,09;0,04609;0,04609;0,08409
17.04.2019 19:00;17.04.2019 20:00;49,49;0,04949;0,04949;0,08749
17.04.2019 20:00;17.04.2019 21:00;48,09;0,04809;0,04809;0,08609
17.04.2019 21:00;17.04.2019 22:00;44,83;0,04483;0,04483;0,08283
17.04.2019 22:00;17.04.2019 23:00;41,03;0,04103;0,04103;0,07903
17.04.2019 23:00;18.04.2019 00:00;37,29;0,03729;0,03729;0,07529
18.04.2019 00:00;18.04.2019 01:00;37,93;0,03793;0,03793;0,07593
18.04.2019 01:00;18.04.2019 02:00;37,3;0,0373;0,0373;0,0753
18.04.2019 02:00;18.04.2019 03:00;37,24;0,03724;0,03724;0,07524
18.04.2019 03:00;18.04.2019 04:00;35,02;0,03502;0,03502;0,07302
18.04.2019 04:00;18.04.2019 05:00;35,06;0,03506;0,03506;0,07306
18.04.2019 05:00;18.04.2019 06:00;38,07;0,03807;0,03807;0,07607
18.04.2019 06:00;18.04.2019 07:00;47,82;0,04782;0,04782;0,08582
18.04.2019 07:00;18.04.2019 08:00;51,95;0,05195;0,05195;0,08995
18.04.2019 08:00;18.04.2019 09:00;55,31;0,05531;0,05531;0,09331
18.04.2019 09:00;18.04.2019 10:00;49,93;0,04993;0,04993;0,08793
18.04.2019 10:00;18.04.2019 11:00;44,57;0,04457;0,04457;0,08257
18.04.2019 11:00;18.04.2019 12:00;40,39;0,04039;0,04039;0,07839
18.04.2019 12:00;18.04.2019 13:00;37,71;0,03771;0,03771;0,07571
18.04.2019 13:00;18.04.2019 14:00;30,13;0,03013;0,03013;0,06813
18.04.2019 14:00;18.04.2019 15:00;27,12;0,02712;0,02712;0,06512
18.04.2019 15:00;18.04.2019 16:00;30,14;0,03014;0,03014;0,06814
18.04.2019 16:00;18.04.2019 17:00;34,14;0,03414;0,03414;0,07214
18.04.2019 17:00;18.04.2019 18:00;39,4;0,0394;0,0394;0,0774
18.04.2019 18:00;18.04.2019 19:00;45,09;0,04509;0,04509;0,08309
18.04.2019 19:00;18.04.2019 20:00;49,31;0,04931;0,04931;0,08731
18.04.2019 20:00;18.04.2019 21:00;48,19;0,04819;0,04819;0,08619
18.04.2019 21:00;18.04.2019 22:00;44,23;0,04423;0,04423;0,08223
18.04.2019 22:00;18.04.2019 23:00;43,19;0,04319;0,04319;0,08119
18.04.2019 23:00;19.04.2019 00:00;40,96;0,04096;0,04096;0,07896
19.04.2019 00:00;19.04.2019 01:00;35,89;0,03589;0,03589;0,07389
19.04.2019 01:00;19.04.2019 02:00;32,54;0,03254;0,03254;0,07054
19.04.2019 02:00;19.04.2019 03:00;31,71;0,03171;0,03171;0,06971
19.04.2019 03:00;19.04.2019 04:00;30,87;0,03087;0,03087;0,06887
19.04.2019 04:00;19.04.2019 05:00;32,07;0,03207;0,03207;0,07007
19.04.2019 05:00;19.04.2019 06:00;33,99;0,03399;0,03399;0,07199
19.04.2019 06:00;19.04.2019 07:00;37,91;0,03791;0,03791;0,07591
19.04.2019 07:00;19.04.2019 08:00;40,5;0,0405;0,0405;0,0785
19.04.2019 08:00;19.04.2019 09:00;43,83;0,04383;0,04383;0,08183
19.04.2019 09:00;19.04.2019 10:00;42,68;0,04268;0,04268;0,08068
19.04.2019 10:00;19.04.2019 11:00;37,96;0,03796;0,03796;0,07596
19.04.2019 11:00;19.04.2019 12:00;34,32;0,03432;0,03432;0,07232
19.04.2019 12:00;19.04.2019 13:00;25,47;0,02547;0,02547;0,06347
19.04.2019 13:00;19.04.2019 14:00;5,36;0,00536;0,00536;0,04336
19.04.2019 14:00;19.04.2019 15:00;5,02;0,00502;0,00502;0,04302
19.04.2019 15:00;19.04.2019 16:00;20,85;0,02085;0,02085;0,05885
19.04.2019 16:00;19.04.2019 17:00;27,48;0,02748;0,02748;0,06548
19.04.2019 17:00;19.04.2019 18:00;35,3;0,0353;0,0353;0,0733
19.04.2019 18:00;19.04.2019 19:00;41,94;0,04194;0,04194;0,07994
19.04.2019 19:00;19.04.2019 20:00;43,68;0,04368;0,04368;0,08168
19.04.2019 20:00;19.04.2019 21:00;43,2;0,0432;0,0432;0,0812
19.04.2019 21:00;19.04.2019 22:00;44,09;0,04409;0,04409;0,08209
19.04.2019 22:00;19.04.2019 23:00;43,88;0,04388;0,04388;0,08188
19.04.2019 23:00;20.04.2019 00:00;41,62;0,04162;0,04162;0,07962
20.04.2019 00:00;20.04.2019 01:00;33,87;0,03387;0,03387;0,07187
20.04.2019 01:00;20.04.2019 02:00;31,57;0,03157;0,03157;0,06957
20.04.2019 02:00;20.04.2019 03:00;30;0,03;0,03;0,068
20.04.2019 03:00;20.04.2019 04:00;30,02;0,03002;0,03002;0,06802
20.04.2019 04:00;20.04.2019 05:00;31,5;0,0315;0,0315;0,0695
20.04.2019 05:00;20.04.2019 06:00;34,87;0,03487;0,03487;0,07287
20.04.2019 06:00;20.04.2019 07:00;38,15;0,03815;0,03815;0,07615
20.04.2019 07:00;20.04.2019 08:00;38,6;0,0386;0,0386;0,0766
20.04.2019 08:00;20.04.2019 09:00;37,34;0,03734;0,03734;0,07534
20.04.2019 09:00;20.04.2019 10:00;37,7;0,0377;0,0377;0,0757
20.04.2019 10:00;20.04.2019 11:00;31,03;0,03103;0,03103;0,06903
20.04.2019 11:00;20.04.2019 12:00;28,38;0,02838;0,02838;0,06638
20.04.2019 12:00;20.04.2019 13:00;26,91;0,02691;0,02691;0,06491
20.04.2019 13:00;20.04.2019 14:00;22,8;0,0228;0,0228;0,0608
20.04.2019 14:00;20.04.2019 15:00;21,03;0,02103;0,02103;0,05903
20.04.2019 15:00;20.04.2019 16:00;24,94;0,02494;0,02494;0,06294
20.04.2019 16:00;20.04.2019 17:00;27,94;0,02794;0,02794;0,06594
20.04.2019 17:00;20.04.2019 18:00;38,03;0,03803;0,03803;0,07603
20.04.2019 18:00;20.04.2019 19:00;44,91;0,04491;0,04491;0,08291
20.04.2019 19:00;20.04.2019 20:00;46,92;0,04692;0,04692;0,08492
20.04.2019 20:00;20.04.2019 21:00;44,61;0,04461;0,04461;0,08261
20.04.2019 21:00;20.04.2019 22:00;43,41;0,04341;0,04341;0,08141
20.04.2019 22:00;20.04.2019 23:00;42,5;0,0425;0,0425;0,0805
20.04.2019 23:00;21.04.2019 00:00;41,37;0,04137;0,04137;0,07937
21.04.2019 00:00;21.04.2019 01:00;36,95;0,03695;0,03695;0,07495
21.04.2019 01:00;21.04.2019 02:00;34,02;0,03402;0,03402;0,07202
21.04.2019 02:00;21.04.2019 03:00;31,29;0,03129;0,03129;0,06929
21.04.2019 03:00;21.04.2019 04:00;31,32;0,03132;0,03132;0,06932
21.04.2019 04:00;21.04.2019 05:00;33,22;0,03322;0,03322;0,07122
21.04.2019 05:00;21.04.2019 06:00;33,1;0,0331;0,0331;0,0711
21.04.2019 06:00;21.04.2019 07:00;34,28;0,03428;0,03428;0,07228
21.04.2019 07:00;21.04.2019 08:00;34,02;0,03402;0,03402;0,07202
21.04.2019 08:00;21.04.2019 09:00;34;0,034;0,034;0,072
21.04.2019 09:00;21.04.2019 10:00;32,23;0,03223;0,03223;0,07023
21.04.2019 10:00;21.04.2019 11:00;29,1;0,0291;0,0291;0,0671
21.04.2019 11:00;21.04.2019 12:00;29,05;0,02905;0,02905;0,06705
21.04.2019 12:00;21.04.2019 13:00;27,47;0,02747;0,02747;0,06547
21.04.2019 13:00;21.04.2019 14:00;10;0,01;0,01;0,048
21.04.2019 14:00;21.04.2019 15:00;6,27;0,00627;0,00627;0,04427
21.04.2019 15:00;21.04.2019 16:00;9,7;0,0097;0,0097;0,0477
21.04.2019 16:00;21.04.2019 17:00;22,4;0,0224;0,0224;0,0604
21.04.2019 17:00;21.04.2019 18:00;31,88;0,03188;0,03188;0,06988
21.04.2019 18:00;21.04.2019 19:00;41,85;0,04185;0,04185;0,07985
21.04.2019 19:00;21.04.2019 20:00;46,23;0,04623;0,04623;0,08423
21.04.2019 20:00;21.04.2019 21:00;46,08;0,04608;0,04608;0,08408
21.04.2019 21:00;21.04.2019 22:00;44,16;0,04416;0,04416;0,08216
21.04.2019 22:00;21.04.2019 23:00;41,38;0,04138;0,04138;0,07938
21.04.2019 23:00;22.04.2019 00:00;38,34;0,03834;0,03834;0,07634
22.04.2019 00:00;22.04.2019 01:00;27,79;0,02779;0,02779;0,06579
22.04.2019 01:00;22.04.2019 02:00;19,18;0,01918;0,01918;0,05718
22.04.2019 02:00;22.04.2019 03:00;13;0,013;0,013;0,051
22.04.2019 03:00;22.04.2019 04:00;10,01;0,01001;0,01001;0,04801
22.04.2019 04:00;22.04.2019 05:00;5,51;0,00551;0,00551;0,04351
22.04.2019 05:00;22.04.2019 06:00;14,82;0,01482;0,01482;0,05282
22.04.2019 06:00;22.04.2019 07:00;5,14;0,00514;0,00514;0,04314
22.04.2019 07:00;22.04.2019 08:00;3,46;0,00346;0,00346;0,04146
22.04.2019 08:00;22.04.2019 09:00;16,93;0,01693;0,01693;0,05493
22.04.2019 09:00;22.04.2019 10:00;6,45;0,00645;0,00645;0,04445
22.04.2019 10:00;22.04.2019 11:00;-5,26;-0,00526;0,00526;0,03274
22.04.2019 11:00;22.04.2019 12:00;-54,91;-0,05491;0,05491;-0,01691
22.04.2019 12:00;22.04.2019 13:00;-62,08;-0,06208;0,06208;-0,02408
22.04.2019 13:00;22.04.2019 14:00;-77,31;-0,07731;0,07731;-0,03931
22.04.2019 14:00;22.04.2019 15:00;-83,01;-0,08301;0,08301;-0,04501
22.04.2019 15:00;22.04.2019 16:00;-79,97;-0,07997;0,07997;-0,04197
22.04.2019 16:00;22.04.2019 17:00;-68,75;-0,06875;0,06875;-0,03075
22.04.2019 17:00;22.04.2019 18:00;-43,07;-0,04307;0,04307;-0,00507
22.04.2019 18:00;22.04.2019 19:00;-0,39;-0,00039;0,00039;0,03761
22.04.2019 19:00;22.04.2019 20:00;15,06;0,01506;0,01506;0,05306
22.04.2019 20:00;22.04.2019 21:00;17,03;0,01703;0,01703;0,05503
22.04.2019 21:00;22.04.2019 22:00;2,98;0,00298;0,00298;0,04098
22.04.2019 22:00;22.04.2019 23:00;0,03;0,00003;0,00003;0,03803
22.04.2019 23:00;23.04.2019 00:00;-18,85;-0,01885;0,01885;0,01915
23.04.2019 00:00;23.04.2019 01:00;-1,72;-0,00172;0,00172;0,03628
23.04.2019 01:00;23.04.2019 02:00;-6,95;-0,00695;0,00695;0,03105
23.04.2019 02:00;23.04.2019 03:00;-9,64;-0,00964;0,00964;0,02836
23.04.2019 03:00;23.04.2019 04:00;-11,03;-0,01103;0,01103;0,02697
23.04.2019 04:00;23.04.2019 05:00;-9,56;-0,00956;0,00956;0,02844
23.04.2019 05:00;23.04.2019 06:00;6,84;0,00684;0,00684;0,04484
23.04.2019 06:00;23.04.2019 07:00;29,45;0,02945;0,02945;0,06745
23.04.2019 07:00;23.04.2019 08:00;38,82;0,03882;0,03882;0,07682
23.04.2019 08:00;23.04.2019 09:00;38,53;0,03853;0,03853;0,07653
23.04.2019 09:00;23.04.2019 10:00;27,91;0,02791;0,02791;0,06591
23.04.2019 10:00;23.04.2019 11:00;16,47;0,01647;0,01647;0,05447
23.04.2019 11:00;23.04.2019 12:00;0,03;0,00003;0,00003;0,03803
23.04.2019 12:00;23.04.2019 13:00;-9,98;-0,00998;0,00998;0,02802
23.04.2019 13:00;23.04.2019 14:00;-9,97;-0,00997;0,00997;0,02803
23.04.2019 14:00;23.04.2019 15:00;-4,49;-0,00449;0,00449;0,03351
23.04.2019 15:00;23.04.2019 16:00;0,13;0,00013;0,00013;0,03813
23.04.2019 16:00;23.04.2019 17:00;13,08;0,01308;0,01308;0,05108
23.04.2019 17:00;23.04.2019 18:00;31,56;0,03156;0,03156;0,06956
23.04.2019 18:00;23.04.2019 19:00;38,58;0,03858;0,03858;0,07658
23.04.2019 19:00;23.04.2019 20:00;41,11;0,04111;0,04111;0,07911
23.04.2019 20:00;23.04.2019 21:00;40,68;0,04068;0,04068;0,07868
23.04.2019 21:00;23.04.2019 22:00;36,37;0,03637;0,03637;0,07437
23.04.2019 22:00;23.04.2019 23:00;30,09;0,03009;0,03009;0,06809
23.04.2019 23:00;24.04.2019 00:00;27,72;0,02772;0,02772;0,06572
24.04.2019 00:00;24.04.2019 01:00;24,97;0,02497;0,02497;0,06297
24.04.2019 01:00;24.04.2019 02:00;24,57;0,02457;0,02457;0,06257
24.04.2019 02:00;24.04.2019 03:00;22,07;0,02207;0,02207;0,06007
24.04.2019 03:00;24.04.2019 04:00;17,95;0,01795;0,01795;0,05595
24.04.2019 04:00;24.04.2019 05:00;25,01;0,02501;0,02501;0,06301
24.04.2019 05:00;24.04.2019 06:00;27,53;0,02753;0,02753;0,06553
24.04.2019 06:00;24.04.2019 07:00;40,1;0,0401;0,0401;0,0781
24.04.2019 07:00;24.04.2019 08:00;43,18;0,04318;0,04318;0,08118
24.04.2019 08:00;24.04.2019 09:00;43,85;0,04385;0,04385;0,08185
24.04.2019 09:00;24.04.2019 10:00;41,97;0,04197;0,04197;0,07997
24.04.2019 10:00;24.04.2019 11:00;38,85;0,03885;0,03885;0,07685
24.04.2019 11:00;24.04.2019 12:00;34,43;0,03443;0,03443;0,07243
24.04.2019 12:00;24.04.2019 13:00;29,99;0,02999;0,02999;0,06799
24.04.2019 13:00;24.04.2019 14:00;32,52;0,03252;0,03252;0,07052
24.04.2019 14:00;24.04.2019 15:00;31,6;0,0316;0,0316;0,0696
24.04.2019 15:00;24.04.2019 16:00;31,18;0,03118;0,03118;0,06918
24.04.2019 16:00;24.04.2019 17:00;34,02;0,03402;0,03402;0,07202
24.04.2019 17:00;24.04.2019 18:00;40,98;0,04098;0,04098;0,07898
24.04.2019 18:00;24.04.2019 19:00;46,15;0,04615;0,04615;0,08415
24.04.2019 19:00;24.04.2019 20:00;46,03;0,04603;0,04603;0,08403
24.04.2019 20:00;24.04.2019 21:00;44,36;0,04436;0,04436;0,08236
24.04.2019 21:00;24.04.2019 22:00;42,42;0,04242;0,04242;0,08042
24.04.2019 22:00;24.04.2019 23:00;38,1;0,0381;0,0381;0,0761
24.04.2019 23:00;25.04.2019 00:00;31;0,031;0,031;0,069
25.04.2019 00:00;25.04.2019 01:00;28,12;0,02812;0,02812;0,06612
25.04.2019 01:00;25.04.2019 02:00;26,1;0,0261;0,0261;0,0641
25.04.2019 02:00;25.04.2019 03:00;27,22;0,02722;0,02722;0,06522
25.04.2019 03:00;25.04.2019 04:00;28,65;0,02865;0,02865;0,06665
25.04.2019 04:00;25.04.2019 05:00;31,3;0,0313;0,0313;0,0693
25.04.2019 05:00;25.04.2019 06:00;37,89;0,03789;0,03789;0,07589
25.04.2019 06:00;25.04.2019 07:00;44,13;0,04413;0,04413;0,08213
25.04.2019 07:00;25.04.2019 08:00;50,82;0,05082;0,05082;0,08882
25.04.2019 08:00;25.04.2019 09:00;48,21;0,04821;0,04821;0,08621
25.04.2019 09:00;25.04.2019 10:00;44,41;0,04441;0,04441;0,08241
25.04.2019 10:00;25.04.2019 11:00;41,26;0,04126;0,04126;0,07926
25.04.2019 11:00;25.04.2019 12:00;37,65;0,03765;0,03765;0,07565
25.04.2019 12:00;25.04.2019 13:00;35,22;0,03522;0,03522;0,07322
25.04.2019 13:00;25.04.2019 14:00;32;0,032;0,032;0,07
25.04.2019 14:00;25.04.2019 15:00;30,51;0,03051;0,03051;0,06851
25.04.2019 15:00;25.04.2019 16:00;31,36;0,03136;0,03136;0,06936
25.04.2019 16:00;25.04.2019 17:00;34,77;0,03477;0,03477;0,07277
25.04.2019 17:00;25.04.2019 18:00;41,21;0,04121;0,04121;0,07921
25.04.2019 18:00;25.04.2019 19:00;46,22;0,04622;0,04622;0,08422
25.04.2019 19:00;25.04.2019 20:00;57,49;0,05749;0,05749;0,09549
25.04.2019 20:00;25.04.2019 21:00;59,9;0,0599;0,0599;0,0979
25.04.2019 21:00;25.04.2019 22:00;47,78;0,04778;0,04778;0,08578
25.04.2019 22:00;25.04.2019 23:00;42,21;0,04221;0,04221;0,08021
25.04.2019 23:00;26.04.2019 00:00;39,04;0,03904;0,03904;0,07704
26.04.2019 00:00;26.04.2019 01:00;37;0,037;0,037;0,075
26.04.2019 01:00;26.04.2019 02:00;35;0,035;0,035;0,073
26.04.2019 02:00;26.04.2019 03:00;33,53;0,03353;0,03353;0,07153
26.04.2019 03:00;26.04.2019 04:00;34,88;0,03488;0,03488;0,07288
26.04.2019 04:00;26.04.2019 05:00;36,48;0,03648;0,03648;0,07448
26.04.2019 05:00;26.04.2019 06:00;39,52;0,03952;0,03952;0,07752
26.04.2019 06:00;26.04.2019 07:00;45,48;0,04548;0,04548;0,08348
26.04.2019 07:00;26.04.2019 08:00;53,6;0,0536;0,0536;0,0916
26.04.2019 08:00;26.04.2019 09:00;56,38;0,05638;0,05638;0,09438
26.04.2019 09:00;26.04.2019 10:00;52,94;0,05294;0,05294;0,09094
26.04.2019 10:00;26.04.2019 11:00;49,93;0,04993;0,04993;0,08793
26.04.2019 11:00;26.04.2019 12:00;46,94;0,04694;0,04694;0,08494
26.04.2019 12:00;26.04.2019 13:00;43,96;0,04396;0,04396;0,08196
26.04.2019 13:00;26.04.2019 14:00;42,16;0,04216;0,04216;0,08016
26.04.2019 14:00;26.04.2019 15:00;40,35;0,04035;0,04035;0,07835
26.04.2019 15:00;26.04.2019 16:00;40,51;0,04051;0,04051;0,07851
26.04.2019 16:00;26.04.2019 17:00;41,46;0,04146;0,04146;0,07946
26.04.2019 17:00;26.04.2019 18:00;45,72;0,04572;0,04572;0,08372
26.04.2019 18:00;26.04.2019 19:00;45;0,045;0,045;0,083
26.04.2019 19:00;26.04.2019 20:00;49,06;0,04906;0,04906;0,08706
26.04.2019 20:00;26.04.2019 21:00;49,66;0,04966;0,04966;0,08766
26.04.2019 21:00;26.04.2019 22:00;46,41;0,04641;0,04641;0,08441
26.04.2019 22:00;26.04.2019 23:00;41,97;0,04197;0,04197;0,07997
26.04.2019 23:00;27.04.2019 00:00;37,05;0,03705;0,03705;0,07505
27.04.2019 00:00;27.04.2019 01:00;32,02;0,03202;0,03202;0,07002
27.04.2019 01:00;27.04.2019 02:00;30,1;0,0301;0,0301;0,0681
27.04.2019 02:00;27.04.2019 03:00;29,05;0,02905;0,02905;0,06705
27.04.2019 03:00;27.04.2019 04:00;28,04;0,02804;0,02804;0,06604
27.04.2019 04:00;27.04.2019 05:00;27,43;0,02743;0,02743;0,06543
27.04.2019 05:00;27.04.2019 06:00;26,76;0,02676;0,02676;0,06476
27.04.2019 06:00;27.04.2019 07:00;27,02;0,02702;0,02702;0,06502
27.04.2019 07:00;27.04.2019 08:00;31,99;0,03199;0,03199;0,06999
27.04.2019 08:00;27.04.2019 09:00;37,22;0,03722;0,03722;0,07522
27.04.2019 09:00;27.04.2019 10:00;35,41;0,03541;0,03541;0,07341
27.04.2019 10:00;27.04.2019 11:00;32,69;0,03269;0,03269;0,07069
27.04.2019 11:00;27.04.2019 12:00;31,99;0,03199;0,03199;0,06999
27.04.2019 12:00;27.04.2019 13:00;30,48;0,03048;0,03048;0,06848
27.04.2019 13:00;27.04.2019 14:00;27,9;0,0279;0,0279;0,0659
27.04.2019 14:00;27.04.2019 15:00;24,95;0,02495;0,02495;0,06295
27.04.2019 15:00;27.04.2019 16:00;27,82;0,02782;0,02782;0,06582
27.04.2019 16:00;27.04.2019 17:00;30,98;0,03098;0,03098;0,06898
27.04.2019 17:00;27.04.2019 18:00;33,1;0,0331;0,0331;0,0711
27.04.2019 18:00;27.04.2019 19:00;38,02;0,03802;0,03802;0,07602
27.04.2019 19:00;27.04.2019 20:00;39,92;0,03992;0,03992;0,07792
27.04.2019 20:00;27.04.2019 21:00;39,25;0,03925;0,03925;0,07725
27.04.2019 21:00;27.04.2019 22:00;37,63;0,03763;0,03763;0,07563
27.04.2019 22:00;27.04.2019 23:00;36,36;0,03636;0,03636;0,07436
27.04.2019 23:00;28.04.2019 00:00;31,57;0,03157;0,03157;0,06957
28.04.2019 00:00;28.04.2019 01:00;31,24;0,03124;0,03124;0,06924
28.04.2019 01:00;28.04.2019 02:00;29,05;0,02905;0,02905;0,06705
28.04.2019 02:00;28.04.2019 03:00;30;0,03;0,03;0,068
28.04.2019 03:00;28.04.2019 04:00;29;0,029;0,029;0,067
28.04.2019 04:00;28.04.2019 05:00;29,53;0,02953;0,02953;0,06753
28.04.2019 05:00;28.04.2019 06:00;29,96;0,02996;0,02996;0,06796
28.04.2019 06:00;28.04.2019 07:00;30,71;0,03071;0,03071;0,06871
28.04.2019 07:00;28.04.2019 08:00;31,66;0,03166;0,03166;0,06966
28.04.2019 08:00;28.04.2019 09:00;32,05;0,03205;0,03205;0,07005
28.04.2019 09:00;28.04.2019 10:00;34,41;0,03441;0,03441;0,07241
28.04.2019 10:00;28.04.2019 11:00;34,48;0,03448;0,03448;0,07248
28.04.2019 11:00;28.04.2019 12:00;35,53;0,03553;0,03553;0,07353
28.04.2019 12:00;28.04.2019 13:00;32,6;0,0326;0,0326;0,0706
28.04.2019 13:00;28.04.2019 14:00;31,44;0,03144;0,03144;0,06944
28.04.2019 14:00;28.04.2019 15:00;30,4;0,0304;0,0304;0,0684
28.04.2019 15:00;28.04.2019 16:00;29,77;0,02977;0,02977;0,06777
28.04.2019 16:00;28.04.2019 17:00;31,74;0,03174;0,03174;0,06974
28.04.2019 17:00;28.04.2019 18:00;35,51;0,03551;0,03551;0,07351
28.04.2019 18:00;28.04.2019 19:00;41,68;0,04168;0,04168;0,07968
28.04.2019 19:00;28.04.2019 20:00;45,32;0,04532;0,04532;0,08332
28.04.2019 20:00;28.04.2019 21:00;47,75;0,04775;0,04775;0,08575
28.04.2019 21:00;28.04.2019 22:00;46,07;0,04607;0,04607;0,08407
28.04.2019 22:00;28.04.2019 23:00;47,76;0,04776;0,04776;0,08576
28.04.2019 23:00;29.04.2019 00:00;44,56;0,04456;0,04456;0,08256
29.04.2019 00:00;29.04.2019 01:00;38,53;0,03853;0,03853;0,07653
29.04.2019 01:00;29.04.2019 02:00;36,22;0,03622;0,03622;0,07422
29.04.2019 02:00;29.04.2019 03:00;35,57;0,03557;0,03557;0,07357
29.04.2019 03:00;29.04.2019 04:00;35,01;0,03501;0,03501;0,07301
29.04.2019 04:00;29.04.2019 05:00;34,18;0,03418;0,03418;0,07218
29.04.2019 05:00;29.04.2019 06:00;36,57;0,03657;0,03657;0,07457
29.04.2019 06:00;29.04.2019 07:00;46,82;0,04682;0,04682;0,08482
29.04.2019 07:00;29.04.2019 08:00;52,77;0,05277;0,05277;0,09077
29.04.2019 08:00;29.04.2019 09:00;56,71;0,05671;0,05671;0,09471
29.04.2019 09:00;29.04.2019 10:00;51,3;0,0513;0,0513;0,0893
29.04.2019 10:00;29.04.2019 11:00;46,99;0,04699;0,04699;0,08499
29.04.2019 11:00;29.04.2019 12:00;45,61;0,04561;0,04561;0,08361
29.04.2019 12:00;29.04.2019 13:00;44,06;0,04406;0,04406;0,08206
29.04.2019 13:00;29.04.2019 14:00;43;0,043;0,043;0,081
29.04.2019 14:00;29.04.2019 15:00;40,67;0,04067;0,04067;0,07867
29.04.2019 15:00;29.04.2019 16:00;39,41;0,03941;0,03941;0,07741
29.04.2019 16:00;29.04.2019 17:00;39,9;0,0399;0,0399;0,0779
29.04.2019 17:00;29.04.2019 18:00;42,4;0,0424;0,0424;0,0804
29.04.2019 18:00;29.04.2019 19:00;44,97;0,04497;0,04497;0,08297
29.04.2019 19:00;29.04.2019 20:00;47,08;0,04708;0,04708;0,08508
29.04.2019 20:00;29.04.2019 21:00;47,81;0,04781;0,04781;0,08581
29.04.2019 21:00;29.04.2019 22:00;46,81;0,04681;0,04681;0,08481
29.04.2019 22:00;29.04.2019 23:00;44,86;0,04486;0,04486;0,08286
29.04.2019 23:00;30.04.2019 00:00;38,43;0,03843;0,03843;0,07643
30.04.2019 00:00;30.04.2019 01:00;34;0,034;0,034;0,072
30.04.2019 01:00;30.04.2019 02:00;36,07;0,03607;0,03607;0,07407
30.04.2019 02:00;30.04.2019 03:00;35;0,035;0,035;0,073
30.04.2019 03:00;30.04.2019 04:00;35,24;0,03524;0,03524;0,07324
30.04.2019 04:00;30.04.2019 05:00;34,44;0,03444;0,03444;0,07244
30.04.2019 05:00;30.04.2019 06:00;37,04;0,03704;0,03704;0,07504
30.04.2019 06:00;30.04.2019 07:00;45,62;0,04562;0,04562;0,08362
30.04.2019 07:00;30.04.2019 08:00;52,14;0,05214;0,05214;0,09014
30.04.2019 08:00;30.04.2019 09:00;60;0,06;0,06;0,098
30.04.2019 09:00;30.04.2019 10:00;51,47;0,05147;0,05147;0,08947
30.04.2019 10:00;30.04.2019 11:00;47,43;0,04743;0,04743;0,08543
30.04.2019 11:00;30.04.2019 12:00;44,85;0,04485;0,04485;0,08285
30.04.2019 12:00;30.04.2019 13:00;40,85;0,04085;0,04085;0,07885
30.04.2019 13:00;30.04.2019 14:00;36,49;0,03649;0,03649;0,07449
30.04.2019 14:00;30.04.2019 15:00;34,98;0,03498;0,03498;0,07298
30.04.2019 15:00;30.04.2019 16:00;34,94;0,03494;0,03494;0,07294
30.04.2019 16:00;30.04.2019 17:00;35,34;0,03534;0,03534;0,07334
30.04.2019 17:00;30.04.2019 18:00;41,3;0,0413;0,0413;0,0793
30.04.2019 18:00;30.04.2019 19:00;47,09;0,04709;0,04709;0,08509
30.04.2019 19:00;30.04.2019 20:00;54,4;0,0544;0,0544;0,0924
30.04.2019 20:00;30.04.2019 21:00;51,76;0,05176;0,05176;0,08976
30.04.2019 21:00;30.04.2019 22:00;48,71;0,04871;0,04871;0,08671
30.04.2019 22:00;30.04.2019 23:00;46,28;0,04628;0,04628;0,08428
30.04.2019 23:00;01.05.2019 00:00;43,41;0,04341;0,04341;0,08141
01.05.2019 00:00;01.05.2019 01:00;38;0,038;0,038;0,076
01.05.2019 01:00;01.05.2019 02:00;35,2;0,0352;0,0352;0,0732
01.05.2019 02:00;01.05.2019 03:00;32,64;0,03264;0,03264;0,07064
01.05.2019 03:00;01.05.2019 04:00;31,16;0,03116;0,03116;0,06916
01.05.2019 04:00;01.05.2019 05:00;29,56;0,02956;0,02956;0,06756
01.05.2019 05:00;01.05.2019 06:00;29,72;0,02972;0,02972;0,06772
01.05.2019 06:00;01.05.2019 07:00;27,51;0,02751;0,02751;0,06551
01.05.2019 07:00;01.05.2019 08:00;27,6;0,0276;0,0276;0,0656
01.05.2019 08:00;01.05.2019 09:00;30,9;0,0309;0,0309;0,0689
01.05.2019 09:00;01.05.2019 10:00;29,4;0,0294;0,0294;0,0674
01.05.2019 10:00;01.05.2019 11:00;28,88;0,02888;0,02888;0,06688
01.05.2019 11:00;01.05.2019 12:00;28,65;0,02865;0,02865;0,06665
01.05.2019 12:00;01.05.2019 13:00;21,12;0,02112;0,02112;0,05912
01.05.2019 13:00;01.05.2019 14:00;4,9;0,0049;0,0049;0,0429
01.05.2019 14:00;01.05.2019 15:00;-2,46;-0,00246;0,00246;0,03554
01.05.2019 15:00;01.05.2019 16:00;-2,82;-0,00282;0,00282;0,03518
01.05.2019 16:00;01.05.2019 17:00;1,98;0,00198;0,00198;0,03998
01.05.2019 17:00;01.05.2019 18:00;19,61;0,01961;0,01961;0,05761
01.05.2019 18:00;01.05.2019 19:00;29,65;0,02965;0,02965;0,06765
01.05.2019 19:00;01.05.2019 20:00;34,51;0,03451;0,03451;0,07251
01.05.2019 20:00;01.05.2019 21:00;37,25;0,03725;0,03725;0,07525
01.05.2019 21:00;01.05.2019 22:00;33,2;0,0332;0,0332;0,0712
01.05.2019 22:00;01.05.2019 23:00;35,18;0,03518;0,03518;0,07318
01.05.2019 23:00;02.05.2019 00:00;29,96;0,02996;0,02996;0,06796
02.05.2019 00:00;02.05.2019 01:00;31,18;0,03118;0,03118;0,06918
02.05.2019 01:00;02.05.2019 02:00;27,67;0,02767;0,02767;0,06567
02.05.2019 02:00;02.05.2019 03:00;27,21;0,02721;0,02721;0,06521
02.05.2019 03:00;02.05.2019 04:00;25,71;0,02571;0,02571;0,06371
02.05.2019 04:00;02.05.2019 05:00;26,97;0,02697;0,02697;0,06497
02.05.2019 05:00;02.05.2019 06:00;31,93;0,03193;0,03193;0,06993
02.05.2019 06:00;02.05.2019 07:00;41,75;0,04175;0,04175;0,07975
02.05.2019 07:00;02.05.2019 08:00;45,52;0,04552;0,04552;0,08352
02.05.2019 08:00;02.05.2019 09:00;47,18;0,04718;0,04718;0,08518
02.05.2019 09:00;02.05.2019 10:00;43,3;0,0433;0,0433;0,0813
02.05.2019 10:00;02.05.2019 11:00;39,7;0,0397;0,0397;0,0777
02.05.2019 11:00;02.05.2019 12:00;37,32;0,03732;0,03732;0,07532
02.05.2019 12:00;02.05.2019 13:00;31,42;0,03142;0,03142;0,06942
02.05.2019 13:00;02.05.2019 14:00;31,9;0,0319;0,0319;0,0699
02.05.2019 14:00;02.05.2019 15:00;34,32;0,03432;0,03432;0,07232
02.05.2019 15:00;02.05.2019 16:00;37;0,037;0,037;0,075
02.05.2019 16:00;02.05.2019 17:00;37,48;0,03748;0,03748;0,07548
02.05.2019 17:00;02.05.2019 18:00;40,41;0,04041;0,04041;0,07841
02.05.2019 18:00;02.05.2019 19:00;45,98;0,04598;0,04598;0,08398
02.05.2019 19:00;02.05.2019 20:00;47,18;0,04718;0,04718;0,08518
02.05.2019 20:00;02.05.2019 21:00;47,38;0,04738;0,04738;0,08538
02.05.2019 21:00;02.05.2019 22:00;45,66;0,04566;0,04566;0,08366
02.05.2019 22:00;02.05.2019 23:00;44,72;0,04472;0,04472;0,08272
02.05.2019 23:00;03.05.2019 00:00;41,71;0,04171;0,04171;0,07971
03.05.2019 00:00;03.05.2019 01:00;33,29;0,03329;0,03329;0,07129
03.05.2019 01:00;03.05.2019 02:00;34,9;0,0349;0,0349;0,0729
03.05.2019 02:00;03.05.2019 03:00;33,6;0,0336;0,0336;0,0716
03.05.2019 03:00;03.05.2019 04:00;32,48;0,03248;0,03248;0,07048
03.05.2019 04:00;03.05.2019 05:00;33,1;0,0331;0,0331;0,0711
03.05.2019 05:00;03.05.2019 06:00;35,96;0,03596;0,03596;0,07396
03.05.2019 06:00;03.05.2019 07:00;41,95;0,04195;0,04195;0,07995
03.05.2019 07:00;03.05.2019 08:00;46,99;0,04699;0,04699;0,08499
03.05.2019 08:00;03.05.2019 09:00;50,1;0,0501;0,0501;0,0881
03.05.2019 09:00;03.05.2019 10:00;47,94;0,04794;0,04794;0,08594
03.05.2019 10:00;03.05.2019 11:00;46,9;0,0469;0,0469;0,0849
03.05.2019 11:00;03.05.2019 12:00;46,47;0,04647;0,04647;0,08447
03.05.2019 12:00;03.05.2019 13:00;43,7;0,0437;0,0437;0,0817
03.05.2019 13:00;03.05.2019 14:00;39,84;0,03984;0,03984;0,07784
03.05.2019 14:00;03.05.2019 15:00;36,66;0,03666;0,03666;0,07466
03.05.2019 15:00;03.05.2019 16:00;35,61;0,03561;0,03561;0,07361
03.05.2019 16:00;03.05.2019 17:00;35,47;0,03547;0,03547;0,07347
03.05.2019 17:00;03.05.2019 18:00;38,89;0,03889;0,03889;0,07689
03.05.2019 18:00;03.05.2019 19:00;42,01;0,04201;0,04201;0,08001
03.05.2019 19:00;03.05.2019 20:00;43,96;0,04396;0,04396;0,08196
03.05.2019 20:00;03.05.2019 21:00;44,57;0,04457;0,04457;0,08257
03.05.2019 21:00;03.05.2019 22:00;44,92;0,04492;0,04492;0,08292
03.05.2019 22:00;03.05.2019 23:00;45,37;0,04537;0,04537;0,08337
03.05.2019 23:00;04.05.2019 00:00;42,01;0,04201;0,04201;0,08001
04.05.2019 00:00;04.05.2019 01:00;39,72;0,03972;0,03972;0,07772
04.05.2019 01:00;04.05.2019 02:00;36,77;0,03677;0,03677;0,07477
04.05.2019 02:00;04.05.2019 03:00;35,56;0,03556;0,03556;0,07356
04.05.2019 03:00;04.05.2019 04:00;34,9;0,0349;0,0349;0,0729
04.05.2019 04:00;04.05.2019 05:00;34,98;0,03498;0,03498;0,07298
04.05.2019 05:00;04.05.2019 06:00;34,51;0,03451;0,03451;0,07251
04.05.2019 06:00;04.05.2019 07:00;35,59;0,03559;0,03559;0,07359
04.05.2019 07:00;04.05.2019 08:00;40,87;0,04087;0,04087;0,07887
04.05.2019 08:00;04.05.2019 09:00;45;0,045;0,045;0,083
04.05.2019 09:00;04.05.2019 10:00;45,07;0,04507;0,04507;0,08307
04.05.2019 10:00;04.05.2019 11:00;43,62;0,04362;0,04362;0,08162
04.05.2019 11:00;04.05.2019 12:00;42,65;0,04265;0,04265;0,08065
04.05.2019 12:00;04.05.2019 13:00;40,56;0,04056;0,04056;0,07856
04.05.2019 13:00;04.05.2019 14:00;36,98;0,03698;0,03698;0,07498
04.05.2019 14:00;04.05.2019 15:00;34,95;0,03495;0,03495;0,07295
04.05.2019 15:00;04.05.2019 16:00;33;0,033;0,033;0,071
04.05.2019 16:00;04.05.2019 17:00;32,68;0,03268;0,03268;0,07068
04.05.2019 17:00;04.05.2019 18:00;34,11;0,03411;0,03411;0,07211
04.05.2019 18:00;04.05.2019 19:00;41,4;0,0414;0,0414;0,0794
04.05.2019 19:00;04.05.2019 20:00;44,87;0,04487;0,04487;0,08287
04.05.2019 20:00;04.05.2019 21:00;44,81;0,04481;0,04481;0,08281
04.05.2019 21:00;04.05.2019 22:00;45,5;0,0455;0,0455;0,0835
04.05.2019 22:00;04.05.2019 23:00;45,92;0,04592;0,04592;0,08392
04.05.2019 23:00;05.05.2019 00:00;44,3;0,0443;0,0443;0,0823
05.05.2019 00:00;05.05.2019 01:00;35,19;0,03519;0,03519;0,07319
05.05.2019 01:00;05.05.2019 02:00;32,02;0,03202;0,03202;0,07002
05.05.2019 02:00;05.05.2019 03:00;29,04;0,02904;0,02904;0,06704
05.05.2019 03:00;05.05.2019 04:00;28,9;0,0289;0,0289;0,0669
05.05.2019 04:00;05.05.2019 05:00;29,04;0,02904;0,02904;0,06704
05.05.2019 05:00;05.05.2019 06:00;27,94;0,02794;0,02794;0,06594
05.05.2019 06:00;05.05.2019 07:00;28,05;0,02805;0,02805;0,06605
05.05.2019 07:00;05.05.2019 08:00;29,01;0,02901;0,02901;0,06701
05.05.2019 08:00;05.05.2019 09:00;30,7;0,0307;0,0307;0,0687
05.05.2019 09:00;05.05.2019 10:00;30,29;0,03029;0,03029;0,06829
05.05.2019 10:00;05.05.2019 11:00;28,46;0,02846;0,02846;0,06646
05.05.2019 11:00;05.05.2019 12:00;28,73;0,02873;0,02873;0,06673
05.05.2019 12:00;05.05.2019 13:00;28,09;0,02809;0,02809;0,06609
05.05.2019 13:00;05.05.2019 14:00;26,4;0,0264;0,0264;0,0644
05.05.2019 14:00;05.05.2019 15:00;16,12;0,01612;0,01612;0,05412
05.05.2019 15:00;05.05.2019 16:00;15,71;0,01571;0,01571;0,05371
05.05.2019 16:00;05.05.2019 17:00;21,72;0,02172;0,02172;0,05972
05.05.2019 17:00;05.05.2019 18:00;30,7;0,0307;0,0307;0,0687
05.05.2019 18:00;05.05.2019 19:00;32,44;0,03244;0,03244;0,07044
05.05.2019 19:00;05.05.2019 20:00;38,47;0,03847;0,03847;0,07647
05.05.2019 20:00;05.05.2019 21:00;41,32;0,04132;0,04132;0,07932
05.05.2019 21:00;05.05.2019 22:00;41,31;0,04131;0,04131;0,07931
05.05.2019 22:00;05.05.2019 23:00;42,34;0,04234;0,04234;0,08034
05.05.2019 23:00;06.05.2019 00:00;39,71;0,03971;0,03971;0,07771
06.05.2019 00:00;06.05.2019 01:00;37,9;0,0379;0,0379;0,0759
06.05.2019 01:00;06.05.2019 02:00;34,99;0,03499;0,03499;0,07299
06.05.2019 02:00;06.05.2019 03:00;34,92;0,03492;0,03492;0,07292
06.05.2019 03:00;06.05.2019 04:00;33,34;0,03334;0,03334;0,07134
06.05.2019 04:00;06.05.2019 05:00;33,07;0,03307;0,03307;0,07107
06.05.2019 05:00;06.05.2019 06:00;36,35;0,03635;0,03635;0,07435
06.05.2019 06:00;06.05.2019 07:00;45,85;0,04585;0,04585;0,08385
06.05.2019 07:00;06.05.2019 08:00;51,63;0,05163;0,05163;0,08963
06.05.2019 08:00;06.05.2019 09:00;48,84;0,04884;0,04884;0,08684
06.05.2019 09:00;06.05.2019 10:00;45,22;0,04522;0,04522;0,08322
06.05.2019 10:00;06.05.2019 11:00;44,75;0,04475;0,04475;0,08275
06.05.2019 11:00;06.05.2019 12:00;45,04;0,04504;0,04504;0,08304
06.05.2019 12:00;06.05.2019 13:00;44,4;0,0444;0,0444;0,0824
06.05.2019 13:00;06.05.2019 14:00;44,19;0,04419;0,04419;0,08219
06.05.2019 14:00;06.05.2019 15:00;42,08;0,04208;0,04208;0,08008
06.05.2019 15:00;06.05.2019 16:00;41,09;0,04109;0,04109;0,07909
06.05.2019 16:00;06.05.2019 17:00;41,16;0,04116;0,04116;0,07916
06.05.2019 17:00;06.05.2019 18:00;43,87;0,04387;0,04387;0,08187
06.05.2019 18:00;06.05.2019 19:00;47,19;0,04719;0,04719;0,08519
06.05.2019 19:00;06.05.2019 20:00;54,4;0,0544;0,0544;0,0924
06.05.2019 20:00;06.05.2019 21:00;56,14;0,05614;0,05614;0,09414
06.05.2019 21:00;06.05.2019 22:00;56,14;0,05614;0,05614;0,09414
06.05.2019 22:00;06.05.2019 23:00;55;0,055;0,055;0,093
06.05.2019 23:00;07.05.2019 00:00;45,33;0,04533;0,04533;0,08333
07.05.2019 00:00;07.05.2019 01:00;42,32;0,04232;0,04232;0,08032
07.05.2019 01:00;07.05.2019 02:00;40,98;0,04098;0,04098;0,07898
07.05.2019 02:00;07.05.2019 03:00;40,8;0,0408;0,0408;0,0788
07.05.2019 03:00;07.05.2019 04:00;40,03;0,04003;0,04003;0,07803
07.05.2019 04:00;07.05.2019 05:00;40,03;0,04003;0,04003;0,07803
07.05.2019 05:00;07.05.2019 06:00;42,71;0,04271;0,04271;0,08071
07.05.2019 06:00;07.05.2019 07:00;51,59;0,05159;0,05159;0,08959
07.05.2019 07:00;07.05.2019 08:00;60,16;0,06016;0,06016;0,09816
07.05.2019 08:00;07.05.2019 09:00;63,9;0,0639;0,0639;0,1019
07.05.2019 09:00;07.05.2019 10:00;57,53;0,05753;0,05753;0,09553
07.05.2019 10:00;07.05.2019 11:00;50,61;0,05061;0,05061;0,08861
07.05.2019 11:00;07.05.2019 12:00;51,2;0,0512;0,0512;0,0892
07.05.2019 12:00;07.05.2019 13:00;47,61;0,04761;0,04761;0,08561
07.05.2019 13:00;07.05.2019 14:00;48,94;0,04894;0,04894;0,08694
07.05.2019 14:00;07.05.2019 15:00;48;0,048;0,048;0,086
07.05.2019 15:00;07.05.2019 16:00;46,77;0,04677;0,04677;0,08477
07.05.2019 16:00;07.05.2019 17:00;47,1;0,0471;0,0471;0,0851
07.05.2019 17:00;07.05.2019 18:00;48,94;0,04894;0,04894;0,08694
07.05.2019 18:00;07.05.2019 19:00;57,45;0,05745;0,05745;0,09545
07.05.2019 19:00;07.05.2019 20:00;64,99;0,06499;0,06499;0,10299
07.05.2019 20:00;07.05.2019 21:00;68,61;0,06861;0,06861;0,10661
07.05.2019 21:00;07.05.2019 22:00;55;0,055;0,055;0,093
07.05.2019 22:00;07.05.2019 23:00;50,98;0,05098;0,05098;0,08898
07.05.2019 23:00;08.05.2019 00:00;45;0,045;0,045;0,083
08.05.2019 00:00;08.05.2019 01:00;44,18;0,04418;0,04418;0,08218
08.05.2019 01:00;08.05.2019 02:00;39,03;0,03903;0,03903;0,07703
08.05.2019 02:00;08.05.2019 03:00;35,96;0,03596;0,03596;0,07396
08.05.2019 03:00;08.05.2019 04:00;35,79;0,03579;0,03579;0,07379
08.05.2019 04:00;08.05.2019 05:00;35,08;0,03508;0,03508;0,07308
08.05.2019 05:00;08.05.2019 06:00;36,48;0,03648;0,03648;0,07448
08.05.2019 06:00;08.05.2019 07:00;44,33;0,04433;0,04433;0,08233
08.05.2019 07:00;08.05.2019 08:00;49,44;0,04944;0,04944;0,08744
08.05.2019 08:00;08.05.2019 09:00;49,02;0,04902;0,04902;0,08702
08.05.2019 09:00;08.05.2019 10:00;46,2;0,0462;0,0462;0,0842
08.05.2019 10:00;08.05.2019 11:00;44,66;0,04466;0,04466;0,08266
08.05.2019 11:00;08.05.2019 12:00;43,5;0,0435;0,0435;0,0815
08.05.2019 12:00;08.05.2019 13:00;42,87;0,04287;0,04287;0,08087
08.05.2019 13:00;08.05.2019 14:00;38,19;0,03819;0,03819;0,07619
08.05.2019 14:00;08.05.2019 15:00;35,78;0,03578;0,03578;0,07378
08.05.2019 15:00;08.05.2019 16:00;34,9;0,0349;0,0349;0,0729
08.05.2019 16:00;08.05.2019 17:00;34,38;0,03438;0,03438;0,07238
08.05.2019 17:00;08.05.2019 18:00;35,59;0,03559;0,03559;0,07359
08.05.2019 18:00;08.05.2019 19:00;37,35;0,03735;0,03735;0,07535
08.05.2019 19:00;08.05.2019 20:00;39,19;0,03919;0,03919;0,07719
08.05.2019 20:00;08.05.2019 21:00;39,61;0,03961;0,03961;0,07761
08.05.2019 21:00;08.05.2019 22:00;38,01;0,03801;0,03801;0,07601
08.05.2019 22:00;08.05.2019 23:00;35,24;0,03524;0,03524;0,07324
08.05.2019 23:00;09.05.2019 00:00;32,58;0,03258;0,03258;0,07058
09.05.2019 00:00;09.05.2019 01:00;33,92;0,03392;0,03392;0,07192
09.05.2019 01:00;09.05.2019 02:00;32,01;0,03201;0,03201;0,07001
09.05.2019 02:00;09.05.2019 03:00;30,26;0,03026;0,03026;0,06826
09.05.2019 03:00;09.05.2019 04:00;30,69;0,03069;0,03069;0,06869
09.05.2019 04:00;09.05.2019 05:00;33,1;0,0331;0,0331;0,0711
09.05.2019 05:00;09.05.2019 06:00;37,07;0,03707;0,03707;0,07507
09.05.2019 06:00;09.05.2019 07:00;45,99;0,04599;0,04599;0,08399
09.05.2019 07:00;09.05.2019 08:00;49,92;0,04992;0,04992;0,08792
09.05.2019 08:00;09.05.2019 09:00;54,66;0,05466;0,05466;0,09266
09.05.2019 09:00;09.05.2019 10:00;52,19;0,05219;0,05219;0,09019
09.05.2019 10:00;09.05.2019 11:00;49,95;0,04995;0,04995;0,08795
09.05.2019 11:00;09.05.2019 12:00;49,93;0,04993;0,04993;0,08793
09.05.2019 12:00;09.05.2019 13:00;49,05;0,04905;0,04905;0,08705
09.05.2019 13:00;09.05.2019 14:00;47,76;0,04776;0,04776;0,08576
09.05.2019 14:00;09.05.2019 15:00;45,76;0,04576;0,04576;0,08376
09.05.2019 15:00;09.05.2019 16:00;45,33;0,04533;0,04533;0,08333
09.05.2019 16:00;09.05.2019 17:00;45,54;0,04554;0,04554;0,08354
09.05.2019 17:00;09.05.2019 18:00;49,71;0,04971;0,04971;0,08771
09.05.2019 18:00;09.05.2019 19:00;49,98;0,04998;0,04998;0,08798
09.05.2019 19:00;09.05.2019 20:00;55,05;0,05505;0,05505;0,09305
09.05.2019 20:00;09.05.2019 21:00;55,24;0,05524;0,05524;0,09324
09.05.2019 21:00;09.05.2019 22:00;49,9;0,0499;0,0499;0,0879
09.05.2019 22:00;09.05.2019 23:00;49,07;0,04907;0,04907;0,08707
09.05.2019 23:00;10.05.2019 00:00;44;0,044;0,044;0,082
10.05.2019 00:00;10.05.2019 01:00;40,1;0,0401;0,0401;0,0781
10.05.2019 01:00;10.05.2019 02:00;38,83;0,03883;0,03883;0,07683
10.05.2019 02:00;10.05.2019 03:00;37,54;0,03754;0,03754;0,07554
10.05.2019 03:00;10.05.2019 04:00;37,25;0,03725;0,03725;0,07525
10.05.2019 04:00;10.05.2019 05:00;37,17;0,03717;0,03717;0,07517
10.05.2019 05:00;10.05.2019 06:00;39,02;0,03902;0,03902;0,07702
10.05.2019 06:00;10.05.2019 07:00;47,63;0,04763;0,04763;0,08563
10.05.2019 07:00;10.05.2019 08:00;54,58;0,05458;0,05458;0,09258
10.05.2019 08:00;10.05.2019 09:00;56,17;0,05617;0,05617;0,09417
10.05.2019 09:00;10.05.2019 10:00;53,07;0,05307;0,05307;0,09107
10.05.2019 10:00;10.05.2019 11:00;49,82;0,04982;0,04982;0,08782
10.05.2019 11:00;10.05.2019 12:00;46,93;0,04693;0,04693;0,08493
10.05.2019 12:00;10.05.2019 13:00;42,7;0,0427;0,0427;0,0807
10.05.2019 13:00;10.05.2019 14:00;37,5;0,0375;0,0375;0,0755
10.05.2019 14:00;10.05.2019 15:00;37,1;0,0371;0,0371;0,0751
10.05.2019 15:00;10.05.2019 16:00;37,06;0,03706;0,03706;0,07506
10.05.2019 16:00;10.05.2019 17:00;37,38;0,03738;0,03738;0,07538
10.05.2019 17:00;10.05.2019 18:00;42,7;0,0427;0,0427;0,0807
10.05.2019 18:00;10.05.2019 19:00;48,9;0,0489;0,0489;0,0869
10.05.2019 19:00;10.05.2019 20:00;50,48;0,05048;0,05048;0,08848
10.05.2019 20:00;10.05.2019 21:00;51,98;0,05198;0,05198;0,08998
10.05.2019 21:00;10.05.2019 22:00;51,45;0,05145;0,05145;0,08945
10.05.2019 22:00;10.05.2019 23:00;51,22;0,05122;0,05122;0,08922
10.05.2019 23:00;11.05.2019 00:00;48,47;0,04847;0,04847;0,08647
11.05.2019 00:00;11.05.2019 01:00;44,06;0,04406;0,04406;0,08206
11.05.2019 01:00;11.05.2019 02:00;40;0,04;0,04;0,078
11.05.2019 02:00;11.05.2019 03:00;37,94;0,03794;0,03794;0,07594
11.05.2019 03:00;11.05.2019 04:00;36,52;0,03652;0,03652;0,07452
11.05.2019 04:00;11.05.2019 05:00;37,16;0,03716;0,03716;0,07516
11.05.2019 05:00;11.05.2019 06:00;36,83;0,03683;0,03683;0,07483
11.05.2019 06:00;11.05.2019 07:00;37,48;0,03748;0,03748;0,07548
11.05.2019 07:00;11.05.2019 08:00;39,11;0,03911;0,03911;0,07711
11.05.2019 08:00;11.05.2019 09:00;42,17;0,04217;0,04217;0,08017
11.05.2019 09:00;11.05.2019 10:00;43;0,043;0,043;0,081
11.05.2019 10:00;11.05.2019 11:00;39,2;0,0392;0,0392;0,0772
11.05.2019 11:00;11.05.2019 12:00;38,72;0,03872;0,03872;0,07672
11.05.2019 12:00;11.05.2019 13:00;36,85;0,03685;0,03685;0,07485
11.05.2019 13:00;11.05.2019 14:00;36,22;0,03622;0,03622;0,07422
11.05.2019 14:00;11.05.2019 15:00;33,41;0,03341;0,03341;0,07141
11.05.2019 15:00;11.05.2019 16:00;32,09;0,03209;0,03209;0,07009
11.05.2019 16:00;11.05.2019 17:00;32,09;0,03209;0,03209;0,07009
11.05.2019 17:00;11.05.2019 18:00;34,7;0,0347;0,0347;0,0727
11.05.2019 18:00;11.05.2019 19:00;37,36;0,03736;0,03736;0,07536
11.05.2019 19:00;11.05.2019 20:00;39,9;0,0399;0,0399;0,0779
11.05.2019 20:00;11.05.2019 21:00;37,88;0,03788;0,03788;0,07588
11.05.2019 21:00;11.05.2019 22:00;37,61;0,03761;0,03761;0,07561
11.05.2019 22:00;11.05.2019 23:00;37,26;0,03726;0,03726;0,07526
11.05.2019 23:00;12.05.2019 00:00;35,02;0,03502;0,03502;0,07302
12.05.2019 00:00;12.05.2019 01:00;35,78;0,03578;0,03578;0,07378
12.05.2019 01:00;12.05.2019 02:00;29,56;0,02956;0,02956;0,06756
12.05.2019 02:00;12.05.2019 03:00;26,7;0,0267;0,0267;0,0647
12.05.2019 03:00;12.05.2019 04:00;22,66;0,02266;0,02266;0,06066
12.05.2019 04:00;12.05.2019 05:00;20,91;0,02091;0,02091;0,05891
12.05.2019 05:00;12.05.2019 06:00;20,4;0,0204;0,0204;0,0584
12.05.2019 06:00;12.05.2019 07:00;23,64;0,02364;0,02364;0,06164
12.05.2019 07:00;12.05.2019 08:00;23,04;0,02304;0,02304;0,06104
12.05.2019 08:00;12.05.2019 09:00;26,79;0,02679;0,02679;0,06479
12.05.2019 09:00;12.05.2019 10:00;20,34;0,02034;0,02034;0,05834
12.05.2019 10:00;12.05.2019 11:00;9,93;0,00993;0,00993;0,04793
12.05.2019 11:00;12.05.2019 12:00;8,05;0,00805;0,00805;0,04605
12.05.2019 12:00;12.05.2019 13:00;9,48;0,00948;0,00948;0,04748
12.05.2019 13:00;12.05.2019 14:00;-0,51;-0,00051;0,00051;0,03749
12.05.2019 14:00;12.05.2019 15:00;-15,06;-0,01506;0,01506;0,02294
12.05.2019 15:00;12.05.2019 16:00;-22,96;-0,02296;0,02296;0,01504
12.05.2019 16:00;12.05.2019 17:00;-8,54;-0,00854;0,00854;0,02946
12.05.2019 17:00;12.05.2019 18:00;9,91;0,00991;0,00991;0,04791
12.05.2019 18:00;12.05.2019 19:00;30,34;0,03034;0,03034;0,06834
12.05.2019 19:00;12.05.2019 20:00;36,92;0,03692;0,03692;0,07492
12.05.2019 20:00;12.05.2019 21:00;40;0,04;0,04;0,078
12.05.2019 21:00;12.05.2019 22:00;40,87;0,04087;0,04087;0,07887
12.05.2019 22:00;12.05.2019 23:00;41,92;0,04192;0,04192;0,07992
12.05.2019 23:00;13.05.2019 00:00;36,02;0,03602;0,03602;0,07402
13.05.2019 00:00;13.05.2019 01:00;35,69;0,03569;0,03569;0,07369
13.05.2019 01:00;13.05.2019 02:00;29,74;0,02974;0,02974;0,06774
13.05.2019 02:00;13.05.2019 03:00;29,37;0,02937;0,02937;0,06737
13.05.2019 03:00;13.05.2019 04:00;29,41;0,02941;0,02941;0,06741
13.05.2019 04:00;13.05.2019 05:00;30,43;0,03043;0,03043;0,06843
13.05.2019 05:00;13.05.2019 06:00;35,73;0,03573;0,03573;0,07373
13.05.2019 06:00;13.05.2019 07:00;46,16;0,04616;0,04616;0,08416
13.05.2019 07:00;13.05.2019 08:00;53,01;0,05301;0,05301;0,09101
13.05.2019 08:00;13.05.2019 09:00;53,01;0,05301;0,05301;0,09101
13.05.2019 09:00;13.05.2019 10:00;47,26;0,04726;0,04726;0,08526
13.05.2019 10:00;13.05.2019 11:00;40;0,04;0,04;0,078
13.05.2019 11:00;13.05.2019 12:00;36,7;0,0367;0,0367;0,0747
13.05.2019 12:00;13.05.2019 13:00;34,7;0,0347;0,0347;0,0727
13.05.2019 13:00;13.05.2019 14:00;32,74;0,03274;0,03274;0,07074
13.05.2019 14:00;13.05.2019 15:00;31,33;0,03133;0,03133;0,06933
13.05.2019 15:00;13.05.2019 16:00;30,98;0,03098;0,03098;0,06898
13.05.2019 16:00;13.05.2019 17:00;32,06;0,03206;0,03206;0,07006
13.05.2019 17:00;13.05.2019 18:00;36,05;0,03605;0,03605;0,07405
13.05.2019 18:00;13.05.2019 19:00;43,6;0,0436;0,0436;0,0816
13.05.2019 19:00;13.05.2019 20:00;48,95;0,04895;0,04895;0,08695
13.05.2019 20:00;13.05.2019 21:00;48,96;0,04896;0,04896;0,08696
13.05.2019 21:00;13.05.2019 22:00;47,61;0,04761;0,04761;0,08561
13.05.2019 22:00;13.05.2019 23:00;46,88;0,04688;0,04688;0,08488
13.05.2019 23:00;14.05.2019 00:00;41,26;0,04126;0,04126;0,07926
14.05.2019 00:00;14.05.2019 01:00;38,34;0,03834;0,03834;0,07634
14.05.2019 01:00;14.05.2019 02:00;35,83;0,03583;0,03583;0,07383
14.05.2019 02:00;14.05.2019 03:00;35,32;0,03532;0,03532;0,07332
14.05.2019 03:00;14.05.2019 04:00;34,96;0,03496;0,03496;0,07296
14.05.2019 04:00;14.05.2019 05:00;35,6;0,0356;0,0356;0,0736
14.05.2019 05:00;14.05.2019 06:00;38,79;0,03879;0,03879;0,07679
14.05.2019 06:00;14.05.2019 07:00;48,43;0,04843;0,04843;0,08643
14.05.2019 07:00;14.05.2019 08:00;54,76;0,05476;0,05476;0,09276
14.05.2019 08:00;14.05.2019 09:00;55,53;0,05553;0,05553;0,09353
14.05.2019 09:00;14.05.2019 10:00;46,98;0,04698;0,04698;0,08498
14.05.2019 10:00;14.05.2019 11:00;40,71;0,04071;0,04071;0,07871
14.05.2019 11:00;14.05.2019 12:00;36,3;0,0363;0,0363;0,0743
14.05.2019 12:00;14.05.2019 13:00;34,26;0,03426;0,03426;0,07226
14.05.2019 13:00;14.05.2019 14:00;34;0,034;0,034;0,072
14.05.2019 14:00;14.05.2019 15:00;33,84;0,03384;0,03384;0,07184
14.05.2019 15:00;14.05.2019 16:00;34,04;0,03404;0,03404;0,07204
14.05.2019 16:00;14.05.2019 17:00;34,93;0,03493;0,03493;0,07293
14.05.2019 17:00;14.05.2019 18:00;37,3;0,0373;0,0373;0,0753
14.05.2019 18:00;14.05.2019 19:00;43,95;0,04395;0,04395;0,08195
14.05.2019 19:00;14.05.2019 20:00;47,91;0,04791;0,04791;0,08591
14.05.2019 20:00;14.05.2019 21:00;48,45;0,04845;0,04845;0,08645
14.05.2019 21:00;14.05.2019 22:00;48,36;0,04836;0,04836;0,08636
14.05.2019 22:00;14.05.2019 23:00;45,19;0,04519;0,04519;0,08319
14.05.2019 23:00;15.05.2019 00:00;40,36;0,04036;0,04036;0,07836
15.05.2019 00:00;15.05.2019 01:00;37,1;0,0371;0,0371;0,0751
15.05.2019 01:00;15.05.2019 02:00;35,68;0,03568;0,03568;0,07368
15.05.2019 02:00;15.05.2019 03:00;35,57;0,03557;0,03557;0,07357
15.05.2019 03:00;15.05.2019 04:00;35,44;0,03544;0,03544;0,07344
15.05.2019 04:00;15.05.2019 05:00;34,38;0,03438;0,03438;0,07238
15.05.2019 05:00;15.05.2019 06:00;36,21;0,03621;0,03621;0,07421
15.05.2019 06:00;15.05.2019 07:00;46,65;0,04665;0,04665;0,08465
15.05.2019 07:00;15.05.2019 08:00;50,99;0,05099;0,05099;0,08899
15.05.2019 08:00;15.05.2019 09:00;55,07;0,05507;0,05507;0,09307
15.05.2019 09:00;15.05.2019 10:00;47,82;0,04782;0,04782;0,08582
15.05.2019 10:00;15.05.2019 11:00;44,84;0,04484;0,04484;0,08284
15.05.2019 11:00;15.05.2019 12:00;40,94;0,04094;0,04094;0,07894
15.05.2019 12:00;15.05.2019 13:00;38,77;0,03877;0,03877;0,07677
15.05.2019 13:00;15.05.2019 14:00;35,67;0,03567;0,03567;0,07367
15.05.2019 14:00;15.05.2019 15:00;35,57;0,03557;0,03557;0,07357
15.05.2019 15:00;15.05.2019 16:00;34,28;0,03428;0,03428;0,07228
15.05.2019 16:00;15.05.2019 17:00;35,52;0,03552;0,03552;0,07352
15.05.2019 17:00;15.05.2019 18:00;40;0,04;0,04;0,078
15.05.2019 18:00;15.05.2019 19:00;44,11;0,04411;0,04411;0,08211
15.05.2019 19:00;15.05.2019 20:00;45,8;0,0458;0,0458;0,0838
15.05.2019 20:00;15.05.2019 21:00;44,37;0,04437;0,04437;0,08237
15.05.2019 21:00;15.05.2019 22:00;43,23;0,04323;0,04323;0,08123
15.05.2019 22:00;15.05.2019 23:00;43,5;0,0435;0,0435;0,0815
15.05.2019 23:00;16.05.2019 00:00;38,91;0,03891;0,03891;0,07691
16.05.2019 00:00;16.05.2019 01:00;34,5;0,0345;0,0345;0,0725
16.05.2019 01:00;16.05.2019 02:00;34,5;0,0345;0,0345;0,0725
16.05.2019 02:00;16.05.2019 03:00;34,01;0,03401;0,03401;0,07201
16.05.2019 03:00;16.05.2019 04:00;32,07;0,03207;0,03207;0,07007
16.05.2019 04:00;16.05.2019 05:00;33,09;0,03309;0,03309;0,07109
16.05.2019 05:00;16.05.2019 06:00;35,05;0,03505;0,03505;0,07305
16.05.2019 06:00;16.05.2019 07:00;42,7;0,0427;0,0427;0,0807
16.05.2019 07:00;16.05.2019 08:00;47,21;0,04721;0,04721;0,08521
16.05.2019 08:00;16.05.2019 09:00;49,3;0,0493;0,0493;0,0873
16.05.2019 09:00;16.05.2019 10:00;45,06;0,04506;0,04506;0,08306
16.05.2019 10:00;16.05.2019 11:00;44,23;0,04423;0,04423;0,08223
16.05.2019 11:00;16.05.2019 12:00;43,93;0,04393;0,04393;0,08193
16.05.2019 12:00;16.05.2019 13:00;41,7;0,0417;0,0417;0,0797
16.05.2019 13:00;16.05.2019 14:00;39,97;0,03997;0,03997;0,07797
16.05.2019 14:00;16.05.2019 15:00;38,87;0,03887;0,03887;0,07687
16.05.2019 15:00;16.05.2019 16:00;37,97;0,03797;0,03797;0,07597
16.05.2019 16:00;16.05.2019 17:00;35,9;0,0359;0,0359;0,0739
16.05.2019 17:00;16.05.2019 18:00;39,05;0,03905;0,03905;0,07705
16.05.2019 18:00;16.05.2019 19:00;40,97;0,04097;0,04097;0,07897
16.05.2019 19:00;16.05.2019 20:00;42,8;0,0428;0,0428;0,0808
16.05.2019 20:00;16.05.2019 21:00;41,58;0,04158;0,04158;0,07958
16.05.2019 21:00;16.05.2019 22:00;41,38;0,04138;0,04138;0,07938
16.05.2019 22:00;16.05.2019 23:00;40,83;0,04083;0,04083;0,07883
16.05.2019 23:00;17.05.2019 00:00;36,79;0,03679;0,03679;0,07479
17.05.2019 00:00;17.05.2019 01:00;35,7;0,0357;0,0357;0,0737
17.05.2019 01:00;17.05.2019 02:00;35,18;0,03518;0,03518;0,07318
17.05.2019 02:00;17.05.2019 03:00;34,25;0,03425;0,03425;0,07225
17.05.2019 03:00;17.05.2019 04:00;33,79;0,03379;0,03379;0,07179
17.05.2019 04:00;17.05.2019 05:00;34;0,034;0,034;0,072
17.05.2019 05:00;17.05.2019 06:00;36,09;0,03609;0,03609;0,07409
17.05.2019 06:00;17.05.2019 07:00;41,13;0,04113;0,04113;0,07913
17.05.2019 07:00;17.05.2019 08:00;47,06;0,04706;0,04706;0,08506
17.05.2019 08:00;17.05.2019 09:00;51,13;0,05113;0,05113;0,08913
17.05.2019 09:00;17.05.2019 10:00;49,17;0,04917;0,04917;0,08717
17.05.2019 10:00;17.05.2019 11:00;46,27;0,04627;0,04627;0,08427
17.05.2019 11:00;17.05.2019 12:00;46,03;0,04603;0,04603;0,08403
17.05.2019 12:00;17.05.2019 13:00;44,86;0,04486;0,04486;0,08286
17.05.2019 13:00;17.05.2019 14:00;41,6;0,0416;0,0416;0,0796
17.05.2019 14:00;17.05.2019 15:00;39,15;0,03915;0,03915;0,07715
17.05.2019 15:00;17.05.2019 16:00;38,49;0,03849;0,03849;0,07649
17.05.2019 16:00;17.05.2019 17:00;39,04;0,03904;0,03904;0,07704
17.05.2019 17:00;17.05.2019 18:00;42,53;0,04253;0,04253;0,08053
17.05.2019 18:00;17.05.2019 19:00;48,53;0,04853;0,04853;0,08653
17.05.2019 19:00;17.05.2019 20:00;52,92;0,05292;0,05292;0,09092
17.05.2019 20:00;17.05.2019 21:00;52,9;0,0529;0,0529;0,0909
17.05.2019 21:00;17.05.2019 22:00;49,25;0,04925;0,04925;0,08725
17.05.2019 22:00;17.05.2019 23:00;48,32;0,04832;0,04832;0,08632
17.05.2019 23:00;18.05.2019 00:00;43,47;0,04347;0,04347;0,08147
18.05.2019 00:00;18.05.2019 01:00;37,37;0,03737;0,03737;0,07537
18.05.2019 01:00;18.05.2019 02:00;34,39;0,03439;0,03439;0,07239
18.05.2019 02:00;18.05.2019 03:00;34,85;0,03485;0,03485;0,07285
18.05.2019 03:00;18.05.2019 04:00;34,11;0,03411;0,03411;0,07211
18.05.2019 04:00;18.05.2019 05:00;34,76;0,03476;0,03476;0,07276
18.05.2019 05:00;18.05.2019 06:00;33,42;0,03342;0,03342;0,07142
18.05.2019 06:00;18.05.2019 07:00;33,92;0,03392;0,03392;0,07192
18.05.2019 07:00;18.05.2019 08:00;36,24;0,03624;0,03624;0,07424
18.05.2019 08:00;18.05.2019 09:00;38,99;0,03899;0,03899;0,07699
18.05.2019 09:00;18.05.2019 10:00;37,52;0,03752;0,03752;0,07552
18.05.2019 10:00;18.05.2019 11:00;35,12;0,03512;0,03512;0,07312
18.05.2019 11:00;18.05.2019 12:00;34,79;0,03479;0,03479;0,07279
18.05.2019 12:00;18.05.2019 13:00;33,9;0,0339;0,0339;0,0719
18.05.2019 13:00;18.05.2019 14:00;33,05;0,03305;0,03305;0,07105
18.05.2019 14:00;18.05.2019 15:00;32,36;0,03236;0,03236;0,07036
18.05.2019 15:00;18.05.2019 16:00;33,25;0,03325;0,03325;0,07125
18.05.2019 16:00;18.05.2019 17:00;34,1;0,0341;0,0341;0,0721
18.05.2019 17:00;18.05.2019 18:00;35,36;0,03536;0,03536;0,07336
18.05.2019 18:00;18.05.2019 19:00;43,09;0,04309;0,04309;0,08109
18.05.2019 19:00;18.05.2019 20:00;45,08;0,04508;0,04508;0,08308
18.05.2019 20:00;18.05.2019 21:00;45,17;0,04517;0,04517;0,08317
18.05.2019 21:00;18.05.2019 22:00;44,75;0,04475;0,04475;0,08275
18.05.2019 22:00;18.05.2019 23:00;44,96;0,04496;0,04496;0,08296
18.05.2019 23:00;19.05.2019 00:00;42;0,042;0,042;0,08
19.05.2019 00:00;19.05.2019 01:00;39,66;0,03966;0,03966;0,07766
19.05.2019 01:00;19.05.2019 02:00;36,02;0,03602;0,03602;0,07402
19.05.2019 02:00;19.05.2019 03:00;35;0,035;0,035;0,073
19.05.2019 03:00;19.05.2019 04:00;34,03;0,03403;0,03403;0,07203
19.05.2019 04:00;19.05.2019 05:00;34,3;0,0343;0,0343;0,0723
19.05.2019 05:00;19.05.2019 06:00;34,03;0,03403;0,03403;0,07203
19.05.2019 06:00;19.05.2019 07:00;33,37;0,03337;0,03337;0,07137
19.05.2019 07:00;19.05.2019 08:00;34,04;0,03404;0,03404;0,07204
19.05.2019 08:00;19.05.2019 09:00;35,07;0,03507;0,03507;0,07307
19.05.2019 09:00;19.05.2019 10:00;35,02;0,03502;0,03502;0,07302
19.05.2019 10:00;19.05.2019 11:00;34,08;0,03408;0,03408;0,07208
19.05.2019 11:00;19.05.2019 12:00;34,1;0,0341;0,0341;0,0721
19.05.2019 12:00;19.05.2019 13:00;33,8;0,0338;0,0338;0,0718
19.05.2019 13:00;19.05.2019 14:00;29,64;0,02964;0,02964;0,06764
19.05.2019 14:00;19.05.2019 15:00;27,41;0,02741;0,02741;0,06541
19.05.2019 15:00;19.05.2019 16:00;27,49;0,02749;0,02749;0,06549
19.05.2019 16:00;19.05.2019 17:00;30,28;0,03028;0,03028;0,06828
19.05.2019 17:00;19.05.2019 18:00;34,47;0,03447;0,03447;0,07247
19.05.2019 18:00;19.05.2019 19:00;38,28;0,03828;0,03828;0,07628
19.05.2019 19:00;19.05.2019 20:00;42,28;0,04228;0,04228;0,08028
19.05.2019 20:00;19.05.2019 21:00;42,34;0,04234;0,04234;0,08034
19.05.2019 21:00;19.05.2019 22:00;41,71;0,04171;0,04171;0,07971
19.05.2019 22:00;19.05.2019 23:00;43,33;0,04333;0,04333;0,08133
19.05.2019 23:00;20.05.2019 00:00;38,94;0,03894;0,03894;0,07694
20.05.2019 00:00;20.05.2019 01:00;37,3;0,0373;0,0373;0,0753
20.05.2019 01:00;20.05.2019 02:00;35;0,035;0,035;0,073
20.05.2019 02:00;20.05.2019 03:00;34,55;0,03455;0,03455;0,07255
20.05.2019 03:00;20.05.2019 04:00;34,13;0,03413;0,03413;0,07213
20.05.2019 04:00;20.05.2019 05:00;33,77;0,03377;0,03377;0,07177
20.05.2019 05:00;20.05.2019 06:00;36,04;0,03604;0,03604;0,07404
20.05.2019 06:00;20.05.2019 07:00;48,06;0,04806;0,04806;0,08606
20.05.2019 07:00;20.05.2019 08:00;60,87;0,06087;0,06087;0,09887
20.05.2019 08:00;20.05.2019 09:00;63,22;0,06322;0,06322;0,10122
20.05.2019 09:00;20.05.2019 10:00;57,73;0,05773;0,05773;0,09573
20.05.2019 10:00;20.05.2019 11:00;56,63;0,05663;0,05663;0,09463
20.05.2019 11:00;20.05.2019 12:00;55,5;0,0555;0,0555;0,0935
20.05.2019 12:00;20.05.2019 13:00;51,99;0,05199;0,05199;0,08999
20.05.2019 13:00;20.05.2019 14:00;50,29;0,05029;0,05029;0,08829
20.05.2019 14:00;20.05.2019 15:00;47,59;0,04759;0,04759;0,08559
20.05.2019 15:00;20.05.2019 16:00;46,01;0,04601;0,04601;0,08401
20.05.2019 16:00;20.05.2019 17:00;45,1;0,0451;0,0451;0,0831
20.05.2019 17:00;20.05.2019 18:00;46,09;0,04609;0,04609;0,08409
20.05.2019 18:00;20.05.2019 19:00;47,91;0,04791;0,04791;0,08591
20.05.2019 19:00;20.05.2019 20:00;49,39;0,04939;0,04939;0,08739
20.05.2019 20:00;20.05.2019 21:00;46,18;0,04618;0,04618;0,08418
20.05.2019 21:00;20.05.2019 22:00;45,8;0,0458;0,0458;0,0838
20.05.2019 22:00;20.05.2019 23:00;44,17;0,04417;0,04417;0,08217
20.05.2019 23:00;21.05.2019 00:00;37,66;0,03766;0,03766;0,07566
21.05.2019 00:00;21.05.2019 01:00;35,2;0,0352;0,0352;0,0732
21.05.2019 01:00;21.05.2019 02:00;34,44;0,03444;0,03444;0,07244
21.05.2019 02:00;21.05.2019 03:00;33,12;0,03312;0,03312;0,07112
21.05.2019 03:00;21.05.2019 04:00;31,49;0,03149;0,03149;0,06949
21.05.2019 04:00;21.05.2019 05:00;32,37;0,03237;0,03237;0,07037
21.05.2019 05:00;21.05.2019 06:00;35,04;0,03504;0,03504;0,07304
21.05.2019 06:00;21.05.2019 07:00;40,81;0,04081;0,04081;0,07881
21.05.2019 07:00;21.05.2019 08:00;50,08;0,05008;0,05008;0,08808
21.05.2019 08:00;21.05.2019 09:00;57,61;0,05761;0,05761;0,09561
21.05.2019 09:00;21.05.2019 10:00;55;0,055;0,055;0,093
21.05.2019 10:00;21.05.2019 11:00;52,52;0,05252;0,05252;0,09052
21.05.2019 11:00;21.05.2019 12:00;51,15;0,05115;0,05115;0,08915
21.05.2019 12:00;21.05.2019 13:00;49,85;0,04985;0,04985;0,08785
21.05.2019 13:00;21.05.2019 14:00;46,27;0,04627;0,04627;0,08427
21.05.2019 14:00;21.05.2019 15:00;44,25;0,04425;0,04425;0,08225
21.05.2019 15:00;21.05.2019 16:00;42,65;0,04265;0,04265;0,08065
21.05.2019 16:00;21.05.2019 17:00;41,86;0,04186;0,04186;0,07986
21.05.2019 17:00;21.05.2019 18:00;44,38;0,04438;0,04438;0,08238
21.05.2019 18:00;21.05.2019 19:00;45,95;0,04595;0,04595;0,08395
21.05.2019 19:00;21.05.2019 20:00;46,96;0,04696;0,04696;0,08496
21.05.2019 20:00;21.05.2019 21:00;44,87;0,04487;0,04487;0,08287
21.05.2019 21:00;21.05.2019 22:00;44,11;0,04411;0,04411;0,08211
21.05.2019 22:00;21.05.2019 23:00;42,57;0,04257;0,04257;0,08057
21.05.2019 23:00;22.05.2019 00:00;36,35;0,03635;0,03635;0,07435
22.05.2019 00:00;22.05.2019 01:00;32,66;0,03266;0,03266;0,07066
22.05.2019 01:00;22.05.2019 02:00;32,5;0,0325;0,0325;0,0705
22.05.2019 02:00;22.05.2019 03:00;29,66;0,02966;0,02966;0,06766
22.05.2019 03:00;22.05.2019 04:00;29;0,029;0,029;0,067
22.05.2019 04:00;22.05.2019 05:00;29,61;0,02961;0,02961;0,06761
22.05.2019 05:00;22.05.2019 06:00;33,09;0,03309;0,03309;0,07109
22.05.2019 06:00;22.05.2019 07:00;37,6;0,0376;0,0376;0,0756
22.05.2019 07:00;22.05.2019 08:00;46,6;0,0466;0,0466;0,0846
22.05.2019 08:00;22.05.2019 09:00;50,35;0,05035;0,05035;0,08835
22.05.2019 09:00;22.05.2019 10:00;48,37;0,04837;0,04837;0,08637
22.05.2019 10:00;22.05.2019 11:00;45,77;0,04577;0,04577;0,08377
22.05.2019 11:00;22.05.2019 12:00;42,41;0,04241;0,04241;0,08041
22.05.2019 12:00;22.05.2019 13:00;40,99;0,04099;0,04099;0,07899
22.05.2019 13:00;22.05.2019 14:00;38,65;0,03865;0,03865;0,07665
22.05.2019 14:00;22.05.2019 15:00;36,99;0,03699;0,03699;0,07499
22.05.2019 15:00;22.05.2019 16:00;36,02;0,03602;0,03602;0,07402
22.05.2019 16:00;22.05.2019 17:00;35,71;0,03571;0,03571;0,07371
22.05.2019 17:00;22.05.2019 18:00;39;0,039;0,039;0,077
22.05.2019 18:00;22.05.2019 19:00;42,85;0,04285;0,04285;0,08085
22.05.2019 19:00;22.05.2019 20:00;47,47;0,04747;0,04747;0,08547
22.05.2019 20:00;22.05.2019 21:00;48,99;0,04899;0,04899;0,08699
22.05.2019 21:00;22.05.2019 22:00;48,14;0,04814;0,04814;0,08614
22.05.2019 22:00;22.05.2019 23:00;48,45;0,04845;0,04845;0,08645
22.05.2019 23:00;23.05.2019 00:00;41,16;0,04116;0,04116;0,07916
23.05.2019 00:00;23.05.2019 01:00;35,8;0,0358;0,0358;0,0738
23.05.2019 01:00;23.05.2019 02:00;33,32;0,03332;0,03332;0,07132
23.05.2019 02:00;23.05.2019 03:00;32,37;0,03237;0,03237;0,07037
23.05.2019 03:00;23.05.2019 04:00;31,85;0,03185;0,03185;0,06985
23.05.2019 04:00;23.05.2019 05:00;33,03;0,03303;0,03303;0,07103
23.05.2019 05:00;23.05.2019 06:00;35,72;0,03572;0,03572;0,07372
23.05.2019 06:00;23.05.2019 07:00;40,8;0,0408;0,0408;0,0788
23.05.2019 07:00;23.05.2019 08:00;46,77;0,04677;0,04677;0,08477
23.05.2019 08:00;23.05.2019 09:00;47,06;0,04706;0,04706;0,08506
23.05.2019 09:00;23.05.2019 10:00;40,86;0,04086;0,04086;0,07886
23.05.2019 10:00;23.05.2019 11:00;35,85;0,03585;0,03585;0,07385
23.05.2019 11:00;23.05.2019 12:00;35,6;0,0356;0,0356;0,0736
23.05.2019 12:00;23.05.2019 13:00;35,56;0,03556;0,03556;0,07356
23.05.2019 13:00;23.05.2019 14:00;35,74;0,03574;0,03574;0,07374
23.05.2019 14:00;23.05.2019 15:00;35,55;0,03555;0,03555;0,07355
23.05.2019 15:00;23.05.2019 16:00;36,76;0,03676;0,03676;0,07476
23.05.2019 16:00;23.05.2019 17:00;37,57;0,03757;0,03757;0,07557
23.05.2019 17:00;23.05.2019 18:00;43,04;0,04304;0,04304;0,08104
23.05.2019 18:00;23.05.2019 19:00;48,55;0,04855;0,04855;0,08655
23.05.2019 19:00;23.05.2019 20:00;52,38;0,05238;0,05238;0,09038
23.05.2019 20:00;23.05.2019 21:00;55,18;0,05518;0,05518;0,09318
23.05.2019 21:00;23.05.2019 22:00;52,07;0,05207;0,05207;0,09007
23.05.2019 22:00;23.05.2019 23:00;49,41;0,04941;0,04941;0,08741
23.05.2019 23:00;24.05.2019 00:00;45,28;0,04528;0,04528;0,08328
24.05.2019 00:00;24.05.2019 01:00;39,9;0,0399;0,0399;0,0779
24.05.2019 01:00;24.05.2019 02:00;35,24;0,03524;0,03524;0,07324
24.05.2019 02:00;24.05.2019 03:00;34,96;0,03496;0,03496;0,07296
24.05.2019 03:00;24.05.2019 04:00;34,93;0,03493;0,03493;0,07293
24.05.2019 04:00;24.05.2019 05:00;34,79;0,03479;0,03479;0,07279
24.05.2019 05:00;24.05.2019 06:00;35,99;0,03599;0,03599;0,07399
24.05.2019 06:00;24.05.2019 07:00;44,78;0,04478;0,04478;0,08278
24.05.2019 07:00;24.05.2019 08:00;49,9;0,0499;0,0499;0,0879
24.05.2019 08:00;24.05.2019 09:00;50,95;0,05095;0,05095;0,08895
24.05.2019 09:00;24.05.2019 10:00;45,94;0,04594;0,04594;0,08394
24.05.2019 10:00;24.05.2019 11:00;43,78;0,04378;0,04378;0,08178
24.05.2019 11:00;24.05.2019 12:00;39,54;0,03954;0,03954;0,07754
24.05.2019 12:00;24.05.2019 13:00;37,48;0,03748;0,03748;0,07548
24.05.2019 13:00;24.05.2019 14:00;35,85;0,03585;0,03585;0,07385
24.05.2019 14:00;24.05.2019 15:00;35,35;0,03535;0,03535;0,07335
24.05.2019 15:00;24.05.2019 16:00;35;0,035;0,035;0,073
24.05.2019 16:00;24.05.2019 17:00;35,08;0,03508;0,03508;0,07308
24.05.2019 17:00;24.05.2019 18:00;36,64;0,03664;0,03664;0,07464
24.05.2019 18:00;24.05.2019 19:00;41,64;0,04164;0,04164;0,07964
24.05.2019 19:00;24.05.2019 20:00;44,88;0,04488;0,04488;0,08288
24.05.2019 20:00;24.05.2019 21:00;45,74;0,04574;0,04574;0,08374
24.05.2019 21:00;24.05.2019 22:00;45,77;0,04577;0,04577;0,08377
24.05.2019 22:00;24.05.2019 23:00;45,06;0,04506;0,04506;0,08306
24.05.2019 23:00;25.05.2019 00:00;41,89;0,04189;0,04189;0,07989
25.05.2019 00:00;25.05.2019 01:00;41,97;0,04197;0,04197;0,07997
25.05.2019 01:00;25.05.2019 02:00;37,15;0,03715;0,03715;0,07515
25.05.2019 02:00;25.05.2019 03:00;35,07;0,03507;0,03507;0,07307
25.05.2019 03:00;25.05.2019 04:00;34,03;0,03403;0,03403;0,07203
25.05.2019 04:00;25.05.2019 05:00;33,84;0,03384;0,03384;0,07184
25.05.2019 05:00;25.05.2019 06:00;33,09;0,03309;0,03309;0,07109
25.05.2019 06:00;25.05.2019 07:00;34,05;0,03405;0,03405;0,07205
25.05.2019 07:00;25.05.2019 08:00;35,11;0,03511;0,03511;0,07311
25.05.2019 08:00;25.05.2019 09:00;37,7;0,0377;0,0377;0,0757
25.05.2019 09:00;25.05.2019 10:00;37,56;0,03756;0,03756;0,07556
25.05.2019 10:00;25.05.2019 11:00;36,32;0,03632;0,03632;0,07432
25.05.2019 11:00;25.05.2019 12:00;35,2;0,0352;0,0352;0,0732
25.05.2019 12:00;25.05.2019 13:00;34,24;0,03424;0,03424;0,07224
25.05.2019 13:00;25.05.2019 14:00;33,01;0,03301;0,03301;0,07101
25.05.2019 14:00;25.05.2019 15:00;31,42;0,03142;0,03142;0,06942
25.05.2019 15:00;25.05.2019 16:00;31,35;0,03135;0,03135;0,06935
25.05.2019 16:00;25.05.2019 17:00;32,08;0,03208;0,03208;0,07008
25.05.2019 17:00;25.05.2019 18:00;34,19;0,03419;0,03419;0,07219
25.05.2019 18:00;25.05.2019 19:00;37,48;0,03748;0,03748;0,07548
25.05.2019 19:00;25.05.2019 20:00;41,12;0,04112;0,04112;0,07912
25.05.2019 20:00;25.05.2019 21:00;44,47;0,04447;0,04447;0,08247
25.05.2019 21:00;25.05.2019 22:00;44,71;0,04471;0,04471;0,08271
25.05.2019 22:00;25.05.2019 23:00;44,47;0,04447;0,04447;0,08247
25.05.2019 23:00;26.05.2019 00:00;40,58;0,04058;0,04058;0,07858
26.05.2019 00:00;26.05.2019 01:00;36,4;0,0364;0,0364;0,0744
26.05.2019 01:00;26.05.2019 02:00;33,04;0,03304;0,03304;0,07104
26.05.2019 02:00;26.05.2019 03:00;29,44;0,02944;0,02944;0,06744
26.05.2019 03:00;26.05.2019 04:00;28,59;0,02859;0,02859;0,06659
26.05.2019 04:00;26.05.2019 05:00;23,06;0,02306;0,02306;0,06106
26.05.2019 05:00;26.05.2019 06:00;18,4;0,0184;0,0184;0,0564
26.05.2019 06:00;26.05.2019 07:00;14,63;0,01463;0,01463;0,05263
26.05.2019 07:00;26.05.2019 08:00;18,65;0,01865;0,01865;0,05665
26.05.2019 08:00;26.05.2019 09:00;24,58;0,02458;0,02458;0,06258
26.05.2019 09:00;26.05.2019 10:00;22,61;0,02261;0,02261;0,06061
26.05.2019 10:00;26.05.2019 11:00;18,69;0,01869;0,01869;0,05669
26.05.2019 11:00;26.05.2019 12:00;19,93;0,01993;0,01993;0,05793
26.05.2019 12:00;26.05.2019 13:00;15,31;0,01531;0,01531;0,05331
26.05.2019 13:00;26.05.2019 14:00;-3,13;-0,00313;0,00313;0,03487
26.05.2019 14:00;26.05.2019 15:00;-13,95;-0,01395;0,01395;0,02405
26.05.2019 15:00;26.05.2019 16:00;-6,54;-0,00654;0,00654;0,03146
26.05.2019 16:00;26.05.2019 17:00;4,67;0,00467;0,00467;0,04267
26.05.2019 17:00;26.05.2019 18:00;21,78;0,02178;0,02178;0,05978
26.05.2019 18:00;26.05.2019 19:00;33,01;0,03301;0,03301;0,07101
26.05.2019 19:00;26.05.2019 20:00;36,63;0,03663;0,03663;0,07463
26.05.2019 20:00;26.05.2019 21:00;37,16;0,03716;0,03716;0,07516
26.05.2019 21:00;26.05.2019 22:00;36,59;0,03659;0,03659;0,07459
26.05.2019 22:00;26.05.2019 23:00;36,37;0,03637;0,03637;0,07437
26.05.2019 23:00;27.05.2019 00:00;32,45;0,03245;0,03245;0,07045
27.05.2019 00:00;27.05.2019 01:00;18,67;0,01867;0,01867;0,05667
27.05.2019 01:00;27.05.2019 02:00;12,86;0,01286;0,01286;0,05086
27.05.2019 02:00;27.05.2019 03:00;12,2;0,0122;0,0122;0,0502
27.05.2019 03:00;27.05.2019 04:00;14,09;0,01409;0,01409;0,05209
27.05.2019 04:00;27.05.2019 05:00;19,65;0,01965;0,01965;0,05765
27.05.2019 05:00;27.05.2019 06:00;28,76;0,02876;0,02876;0,06676
27.05.2019 06:00;27.05.2019 07:00;37,32;0,03732;0,03732;0,07532
27.05.2019 07:00;27.05.2019 08:00;46,45;0,04645;0,04645;0,08445
27.05.2019 08:00;27.05.2019 09:00;43,35;0,04335;0,04335;0,08135
27.05.2019 09:00;27.05.2019 10:00;42,37;0,04237;0,04237;0,08037
27.05.2019 10:00;27.05.2019 11:00;39,74;0,03974;0,03974;0,07774
27.05.2019 11:00;27.05.2019 12:00;39,27;0,03927;0,03927;0,07727
27.05.2019 12:00;27.05.2019 13:00;38,03;0,03803;0,03803;0,07603
27.05.2019 13:00;27.05.2019 14:00;38;0,038;0,038;0,076
27.05.2019 14:00;27.05.2019 15:00;36,43;0,03643;0,03643;0,07443
27.05.2019 15:00;27.05.2019 16:00;35,89;0,03589;0,03589;0,07389
27.05.2019 16:00;27.05.2019 17:00;35,46;0,03546;0,03546;0,07346
27.05.2019 17:00;27.05.2019 18:00;38,52;0,03852;0,03852;0,07652
27.05.2019 18:00;27.05.2019 19:00;43,78;0,04378;0,04378;0,08178
27.05.2019 19:00;27.05.2019 20:00;46,96;0,04696;0,04696;0,08496
27.05.2019 20:00;27.05.2019 21:00;50,59;0,05059;0,05059;0,08859
27.05.2019 21:00;27.05.2019 22:00;48,01;0,04801;0,04801;0,08601
27.05.2019 22:00;27.05.2019 23:00;43,39;0,04339;0,04339;0,08139
27.05.2019 23:00;28.05.2019 00:00;38,64;0,03864;0,03864;0,07664
28.05.2019 00:00;28.05.2019 01:00;34,07;0,03407;0,03407;0,07207
28.05.2019 01:00;28.05.2019 02:00;33,42;0,03342;0,03342;0,07142
28.05.2019 02:00;28.05.2019 03:00;33,14;0,03314;0,03314;0,07114
28.05.2019 03:00;28.05.2019 04:00;33,72;0,03372;0,03372;0,07172
28.05.2019 04:00;28.05.2019 05:00;34,22;0,03422;0,03422;0,07222
28.05.2019 05:00;28.05.2019 06:00;35,32;0,03532;0,03532;0,07332
28.05.2019 06:00;28.05.2019 07:00;48,9;0,0489;0,0489;0,0869
28.05.2019 07:00;28.05.2019 08:00;57,15;0,05715;0,05715;0,09515
28.05.2019 08:00;28.05.2019 09:00;64,59;0,06459;0,06459;0,10259
28.05.2019 09:00;28.05.2019 10:00;59,95;0,05995;0,05995;0,09795
28.05.2019 10:00;28.05.2019 11:00;51,72;0,05172;0,05172;0,08972
28.05.2019 11:00;28.05.2019 12:00;48,4;0,0484;0,0484;0,0864
28.05.2019 12:00;28.05.2019 13:00;44,95;0,04495;0,04495;0,08295
28.05.2019 13:00;28.05.2019 14:00;45,69;0,04569;0,04569;0,08369
28.05.2019 14:00;28.05.2019 15:00;42,95;0,04295;0,04295;0,08095
28.05.2019 15:00;28.05.2019 16:00;41,15;0,04115;0,04115;0,07915
28.05.2019 16:00;28.05.2019 17:00;40,88;0,04088;0,04088;0,07888
28.05.2019 17:00;28.05.2019 18:00;42,94;0,04294;0,04294;0,08094
28.05.2019 18:00;28.05.2019 19:00;44,01;0,04401;0,04401;0,08201
28.05.2019 19:00;28.05.2019 20:00;43,1;0,0431;0,0431;0,0811
28.05.2019 20:00;28.05.2019 21:00;44,12;0,04412;0,04412;0,08212
28.05.2019 21:00;28.05.2019 22:00;42,75;0,04275;0,04275;0,08075
28.05.2019 22:00;28.05.2019 23:00;38,77;0,03877;0,03877;0,07677
28.05.2019 23:00;29.05.2019 00:00;34,07;0,03407;0,03407;0,07207
29.05.2019 00:00;29.05.2019 01:00;34,4;0,0344;0,0344;0,0724
29.05.2019 01:00;29.05.2019 02:00;33,07;0,03307;0,03307;0,07107
29.05.2019 02:00;29.05.2019 03:00;30,57;0,03057;0,03057;0,06857
29.05.2019 03:00;29.05.2019 04:00;30,97;0,03097;0,03097;0,06897
29.05.2019 04:00;29.05.2019 05:00;32,05;0,03205;0,03205;0,07005
29.05.2019 05:00;29.05.2019 06:00;33,27;0,03327;0,03327;0,07127
29.05.2019 06:00;29.05.2019 07:00;42,87;0,04287;0,04287;0,08087
29.05.2019 07:00;29.05.2019 08:00;49;0,049;0,049;0,087
29.05.2019 08:00;29.05.2019 09:00;50,87;0,05087;0,05087;0,08887
29.05.2019 09:00;29.05.2019 10:00;47,92;0,04792;0,04792;0,08592
29.05.2019 10:00;29.05.2019 11:00;46,41;0,04641;0,04641;0,08441
29.05.2019 11:00;29.05.2019 12:00;45;0,045;0,045;0,083
29.05.2019 12:00;29.05.2019 13:00;40,89;0,04089;0,04089;0,07889
29.05.2019 13:00;29.05.2019 14:00;39,9;0,0399;0,0399;0,0779
29.05.2019 14:00;29.05.2019 15:00;39,92;0,03992;0,03992;0,07792
29.05.2019 15:00;29.05.2019 16:00;38,29;0,03829;0,03829;0,07629
29.05.2019 16:00;29.05.2019 17:00;40,53;0,04053;0,04053;0,07853
29.05.2019 17:00;29.05.2019 18:00;45,52;0,04552;0,04552;0,08352
29.05.2019 18:00;29.05.2019 19:00;50,27;0,05027;0,05027;0,08827
29.05.2019 19:00;29.05.2019 20:00;53,43;0,05343;0,05343;0,09143
29.05.2019 20:00;29.05.2019 21:00;53,92;0,05392;0,05392;0,09192
29.05.2019 21:00;29.05.2019 22:00;47,76;0,04776;0,04776;0,08576
29.05.2019 22:00;29.05.2019 23:00;40,77;0,04077;0,04077;0,07877
29.05.2019 23:00;30.05.2019 00:00;34,55;0,03455;0,03455;0,07255
30.05.2019 00:00;30.05.2019 01:00;32,1;0,0321;0,0321;0,0701
30.05.2019 01:00;30.05.2019 02:00;28,41;0,02841;0,02841;0,06641
30.05.2019 02:00;30.05.2019 03:00;22,89;0,02289;0,02289;0,06089
30.05.2019 03:00;30.05.2019 04:00;11,44;0,01144;0,01144;0,04944
30.05.2019 04:00;30.05.2019 05:00;4,63;0,00463;0,00463;0,04263
30.05.2019 05:00;30.05.2019 06:00;5,06;0,00506;0,00506;0,04306
30.05.2019 06:00;30.05.2019 07:00;3,83;0,00383;0,00383;0,04183
30.05.2019 07:00;30.05.2019 08:00;8,89;0,00889;0,00889;0,04689
30.05.2019 08:00;30.05.2019 09:00;10,44;0,01044;0,01044;0,04844
30.05.2019 09:00;30.05.2019 10:00;4,5;0,0045;0,0045;0,0425
30.05.2019 10:00;30.05.2019 11:00;0,24;0,00024;0,00024;0,03824
30.05.2019 11:00;30.05.2019 12:00;2,15;0,00215;0,00215;0,04015
30.05.2019 12:00;30.05.2019 13:00;2,23;0,00223;0,00223;0,04023
30.05.2019 13:00;30.05.2019 14:00;0,03;0,00003;0,00003;0,03803
30.05.2019 14:00;30.05.2019 15:00;0,1;0,0001;0,0001;0,0381
30.05.2019 15:00;30.05.2019 16:00;2,24;0,00224;0,00224;0,04024
30.05.2019 16:00;30.05.2019 17:00;7,18;0,00718;0,00718;0,04518
30.05.2019 17:00;30.05.2019 18:00;25,1;0,0251;0,0251;0,0631
30.05.2019 18:00;30.05.2019 19:00;30,14;0,03014;0,03014;0,06814
30.05.2019 19:00;30.05.2019 20:00;35,01;0,03501;0,03501;0,07301
30.05.2019 20:00;30.05.2019 21:00;35,84;0,03584;0,03584;0,07384
30.05.2019 21:00;30.05.2019 22:00;36,79;0,03679;0,03679;0,07479
30.05.2019 22:00;30.05.2019 23:00;40,34;0,04034;0,04034;0,07834
30.05.2019 23:00;31.05.2019 00:00;36,69;0,03669;0,03669;0,07469
31.05.2019 00:00;31.05.2019 01:00;32,02;0,03202;0,03202;0,07002
31.05.2019 01:00;31.05.2019 02:00;29,49;0,02949;0,02949;0,06749
31.05.2019 02:00;31.05.2019 03:00;27,08;0,02708;0,02708;0,06508
31.05.2019 03:00;31.05.2019 04:00;27,19;0,02719;0,02719;0,06519
31.05.2019 04:00;31.05.2019 05:00;27,95;0,02795;0,02795;0,06595
31.05.2019 05:00;31.05.2019 06:00;29,07;0,02907;0,02907;0,06707
31.05.2019 06:00;31.05.2019 07:00;35;0,035;0,035;0,073
31.05.2019 07:00;31.05.2019 08:00;41,05;0,04105;0,04105;0,07905
31.05.2019 08:00;31.05.2019 09:00;41,49;0,04149;0,04149;0,07949
31.05.2019 09:00;31.05.2019 10:00;39,78;0,03978;0,03978;0,07778
31.05.2019 10:00;31.05.2019 11:00;37;0,037;0,037;0,075
31.05.2019 11:00;31.05.2019 12:00;35,63;0,03563;0,03563;0,07363
31.05.2019 12:00;31.05.2019 13:00;34,17;0,03417;0,03417;0,07217
31.05.2019 13:00;31.05.2019 14:00;30,51;0,03051;0,03051;0,06851
31.05.2019 14:00;31.05.2019 15:00;30;0,03;0,03;0,068
31.05.2019 15:00;31.05.2019 16:00;29,14;0,02914;0,02914;0,06714
31.05.2019 16:00;31.05.2019 17:00;29,79;0,02979;0,02979;0,06779
31.05.2019 17:00;31.05.2019 18:00;37,67;0,03767;0,03767;0,07567
31.05.2019 18:00;31.05.2019 19:00;41,03;0,04103;0,04103;0,07903
31.05.2019 19:00;31.05.2019 20:00;46,38;0,04638;0,04638;0,08438
31.05.2019 20:00;31.05.2019 21:00;48,23;0,04823;0,04823;0,08623
31.05.2019 21:00;31.05.2019 22:00;45,67;0,04567;0,04567;0,08367
31.05.2019 22:00;31.05.2019 23:00;43,98;0,04398;0,04398;0,08198
31.05.2019 23:00;01.06.2019 00:00;40;0,04;0,04;0,078
01.06.2019 00:00;01.06.2019 01:00;33,63;0,03363;0,03363;0,07163
01.06.2019 01:00;01.06.2019 02:00;31,03;0,03103;0,03103;0,06903
01.06.2019 02:00;01.06.2019 03:00;28,23;0,02823;0,02823;0,06623
01.06.2019 03:00;01.06.2019 04:00;27,62;0,02762;0,02762;0,06562
01.06.2019 04:00;01.06.2019 05:00;25,53;0,02553;0,02553;0,06353
01.06.2019 05:00;01.06.2019 06:00;23,14;0,02314;0,02314;0,06114
01.06.2019 06:00;01.06.2019 07:00;25,8;0,0258;0,0258;0,0638
01.06.2019 07:00;01.06.2019 08:00;27,55;0,02755;0,02755;0,06555
01.06.2019 08:00;01.06.2019 09:00;29,61;0,02961;0,02961;0,06761
01.06.2019 09:00;01.06.2019 10:00;28,68;0,02868;0,02868;0,06668
01.06.2019 10:00;01.06.2019 11:00;26,42;0,02642;0,02642;0,06442
01.06.2019 11:00;01.06.2019 12:00;25,28;0,02528;0,02528;0,06328
01.06.2019 12:00;01.06.2019 13:00;26,69;0,02669;0,02669;0,06469
01.06.2019 13:00;01.06.2019 14:00;22,4;0,0224;0,0224;0,0604
01.06.2019 14:00;01.06.2019 15:00;18,33;0,01833;0,01833;0,05633
01.06.2019 15:00;01.06.2019 16:00;24,71;0,02471;0,02471;0,06271
01.06.2019 16:00;01.06.2019 17:00;27,57;0,02757;0,02757;0,06557
01.06.2019 17:00;01.06.2019 18:00;29,09;0,02909;0,02909;0,06709
01.06.2019 18:00;01.06.2019 19:00;36,95;0,03695;0,03695;0,07495
01.06.2019 19:00;01.06.2019 20:00;40,15;0,04015;0,04015;0,07815
01.06.2019 20:00;01.06.2019 21:00;41,8;0,0418;0,0418;0,0798
01.06.2019 21:00;01.06.2019 22:00;40,94;0,04094;0,04094;0,07894
01.06.2019 22:00;01.06.2019 23:00;40,36;0,04036;0,04036;0,07836
01.06.2019 23:00;02.06.2019 00:00;37,6;0,0376;0,0376;0,0756
02.06.2019 00:00;02.06.2019 01:00;28,54;0,02854;0,02854;0,06654
02.06.2019 01:00;02.06.2019 02:00;29;0,029;0,029;0,067
02.06.2019 02:00;02.06.2019 03:00;29,11;0,02911;0,02911;0,06711
02.06.2019 03:00;02.06.2019 04:00;28,03;0,02803;0,02803;0,06603
02.06.2019 04:00;02.06.2019 05:00;27,79;0,02779;0,02779;0,06579
02.06.2019 05:00;02.06.2019 06:00;25,2;0,0252;0,0252;0,0632
02.06.2019 06:00;02.06.2019 07:00;24,79;0,02479;0,02479;0,06279
02.06.2019 07:00;02.06.2019 08:00;23,31;0,02331;0,02331;0,06131
02.06.2019 08:00;02.06.2019 09:00;25,22;0,02522;0,02522;0,06322
02.06.2019 09:00;02.06.2019 10:00;19,38;0,01938;0,01938;0,05738
02.06.2019 10:00;02.06.2019 11:00;11,76;0,01176;0,01176;0,04976
02.06.2019 11:00;02.06.2019 12:00;11,9;0,0119;0,0119;0,0499
02.06.2019 12:00;02.06.2019 13:00;8,91;0,00891;0,00891;0,04691
02.06.2019 13:00;02.06.2019 14:00;3,5;0,0035;0,0035;0,0415
02.06.2019 14:00;02.06.2019 15:00;-9,02;-0,00902;0,00902;0,02898
02.06.2019 15:00;02.06.2019 16:00;-0,48;-0,00048;0,00048;0,03752
02.06.2019 16:00;02.06.2019 17:00;3,5;0,0035;0,0035;0,0415
02.06.2019 17:00;02.06.2019 18:00;23,49;0,02349;0,02349;0,06149
02.06.2019 18:00;02.06.2019 19:00;31,24;0,03124;0,03124;0,06924
02.06.2019 19:00;02.06.2019 20:00;37,41;0,03741;0,03741;0,07541
02.06.2019 20:00;02.06.2019 21:00;38,13;0,03813;0,03813;0,07613
02.06.2019 21:00;02.06.2019 22:00;37,14;0,03714;0,03714;0,07514
02.06.2019 22:00;02.06.2019 23:00;37,12;0,03712;0,03712;0,07512
02.06.2019 23:00;03.06.2019 00:00;29,85;0,02985;0,02985;0,06785
03.06.2019 00:00;03.06.2019 01:00;26,57;0,02657;0,02657;0,06457
03.06.2019 01:00;03.06.2019 02:00;23,34;0,02334;0,02334;0,06134
03.06.2019 02:00;03.06.2019 03:00;20,78;0,02078;0,02078;0,05878
03.06.2019 03:00;03.06.2019 04:00;19,97;0,01997;0,01997;0,05797
03.06.2019 04:00;03.06.2019 05:00;19,64;0,01964;0,01964;0,05764
03.06.2019 05:00;03.06.2019 06:00;24,04;0,02404;0,02404;0,06204
03.06.2019 06:00;03.06.2019 07:00;40,62;0,04062;0,04062;0,07862
03.06.2019 07:00;03.06.2019 08:00;44,92;0,04492;0,04492;0,08292
03.06.2019 08:00;03.06.2019 09:00;45,02;0,04502;0,04502;0,08302
03.06.2019 09:00;03.06.2019 10:00;41,81;0,04181;0,04181;0,07981
03.06.2019 10:00;03.06.2019 11:00;39,36;0,03936;0,03936;0,07736
03.06.2019 11:00;03.06.2019 12:00;37,71;0,03771;0,03771;0,07571
03.06.2019 12:00;03.06.2019 13:00;36,25;0,03625;0,03625;0,07425
03.06.2019 13:00;03.06.2019 14:00;35,46;0,03546;0,03546;0,07346
03.06.2019 14:00;03.06.2019 15:00;35,23;0,03523;0,03523;0,07323
03.06.2019 15:00;03.06.2019 16:00;35,68;0,03568;0,03568;0,07368
03.06.2019 16:00;03.06.2019 17:00;35,69;0,03569;0,03569;0,07369
03.06.2019 17:00;03.06.2019 18:00;42,97;0,04297;0,04297;0,08097
03.06.2019 18:00;03.06.2019 19:00;45,42;0,04542;0,04542;0,08342
03.06.2019 19:00;03.06.2019 20:00;50,5;0,0505;0,0505;0,0885
03.06.2019 20:00;03.06.2019 21:00;48,98;0,04898;0,04898;0,08698
03.06.2019 21:00;03.06.2019 22:00;48,35;0,04835;0,04835;0,08635
03.06.2019 22:00;03.06.2019 23:00;45,96;0,04596;0,04596;0,08396
03.06.2019 23:00;04.06.2019 00:00;41,4;0,0414;0,0414;0,0794
04.06.2019 00:00;04.06.2019 01:00;34,74;0,03474;0,03474;0,07274
04.06.2019 01:00;04.06.2019 02:00;32,99;0,03299;0,03299;0,07099
04.06.2019 02:00;04.06.2019 03:00;31,86;0,03186;0,03186;0,06986
04.06.2019 03:00;04.06.2019 04:00;31,21;0,03121;0,03121;0,06921
04.06.2019 04:00;04.06.2019 05:00;32,83;0,03283;0,03283;0,07083
04.06.2019 05:00;04.06.2019 06:00;33,91;0,03391;0,03391;0,07191
04.06.2019 06:00;04.06.2019 07:00;42,95;0,04295;0,04295;0,08095
04.06.2019 07:00;04.06.2019 08:00;50,29;0,05029;0,05029;0,08829
04.06.2019 08:00;04.06.2019 09:00;55,43;0,05543;0,05543;0,09343
04.06.2019 09:00;04.06.2019 10:00;46,93;0,04693;0,04693;0,08493
04.06.2019 10:00;04.06.2019 11:00;42,24;0,04224;0,04224;0,08024
04.06.2019 11:00;04.06.2019 12:00;41;0,041;0,041;0,079
04.06.2019 12:00;04.06.2019 13:00;37,56;0,03756;0,03756;0,07556
04.06.2019 13:00;04.06.2019 14:00;36,5;0,0365;0,0365;0,0745
04.06.2019 14:00;04.06.2019 15:00;35,19;0,03519;0,03519;0,07319
04.06.2019 15:00;04.06.2019 16:00;34,47;0,03447;0,03447;0,07247
04.06.2019 16:00;04.06.2019 17:00;36,65;0,03665;0,03665;0,07465
04.06.2019 17:00;04.06.2019 18:00;42,92;0,04292;0,04292;0,08092
04.06.2019 18:00;04.06.2019 19:00;45,13;0,04513;0,04513;0,08313
04.06.2019 19:00;04.06.2019 20:00;46,17;0,04617;0,04617;0,08417
04.06.2019 20:00;04.06.2019 21:00;44,72;0,04472;0,04472;0,08272
04.06.2019 21:00;04.06.2019 22:00;38,28;0,03828;0,03828;0,07628
04.06.2019 22:00;04.06.2019 23:00;33,83;0,03383;0,03383;0,07183
04.06.2019 23:00;05.06.2019 00:00;28,01;0,02801;0,02801;0,06601
05.06.2019 00:00;05.06.2019 01:00;27,48;0,02748;0,02748;0,06548
05.06.2019 01:00;05.06.2019 02:00;26,06;0,02606;0,02606;0,06406
05.06.2019 02:00;05.06.2019 03:00;24,55;0,02455;0,02455;0,06255
05.06.2019 03:00;05.06.2019 04:00;24,54;0,02454;0,02454;0,06254
05.06.2019 04:00;05.06.2019 05:00;25,31;0,02531;0,02531;0,06331
05.06.2019 05:00;05.06.2019 06:00;27,75;0,02775;0,02775;0,06575
05.06.2019 06:00;05.06.2019 07:00;37,52;0,03752;0,03752;0,07552
05.06.2019 07:00;05.06.2019 08:00;44,51;0,04451;0,04451;0,08251
05.06.2019 08:00;05.06.2019 09:00;44,99;0,04499;0,04499;0,08299
05.06.2019 09:00;05.06.2019 10:00;43,97;0,04397;0,04397;0,08197
05.06.2019 10:00;05.06.2019 11:00;41,38;0,04138;0,04138;0,07938
05.06.2019 11:00;05.06.2019 12:00;40,46;0,04046;0,04046;0,07846
05.06.2019 12:00;05.06.2019 13:00;38,85;0,03885;0,03885;0,07685
05.06.2019 13:00;05.06.2019 14:00;36,32;0,03632;0,03632;0,07432
05.06.2019 14:00;05.06.2019 15:00;36,19;0,03619;0,03619;0,07419
05.06.2019 15:00;05.06.2019 16:00;38,01;0,03801;0,03801;0,07601
05.06.2019 16:00;05.06.2019 17:00;39;0,039;0,039;0,077
05.06.2019 17:00;05.06.2019 18:00;43,45;0,04345;0,04345;0,08145
05.06.2019 18:00;05.06.2019 19:00;48,28;0,04828;0,04828;0,08628
05.06.2019 19:00;05.06.2019 20:00;56,52;0,05652;0,05652;0,09452
05.06.2019 20:00;05.06.2019 21:00;49,41;0,04941;0,04941;0,08741
05.06.2019 21:00;05.06.2019 22:00;43,68;0,04368;0,04368;0,08168
05.06.2019 22:00;05.06.2019 23:00;39,99;0,03999;0,03999;0,07799
05.06.2019 23:00;06.06.2019 00:00;32,09;0,03209;0,03209;0,07009
06.06.2019 00:00;06.06.2019 01:00;28,5;0,0285;0,0285;0,0665
06.06.2019 01:00;06.06.2019 02:00;26,5;0,0265;0,0265;0,0645
06.06.2019 02:00;06.06.2019 03:00;24,64;0,02464;0,02464;0,06264
06.06.2019 03:00;06.06.2019 04:00;24,03;0,02403;0,02403;0,06203
06.06.2019 04:00;06.06.2019 05:00;24,06;0,02406;0,02406;0,06206
06.06.2019 05:00;06.06.2019 06:00;27,54;0,02754;0,02754;0,06554
06.06.2019 06:00;06.06.2019 07:00;32,16;0,03216;0,03216;0,07016
06.06.2019 07:00;06.06.2019 08:00;40,73;0,04073;0,04073;0,07873
06.06.2019 08:00;06.06.2019 09:00;42,91;0,04291;0,04291;0,08091
06.06.2019 09:00;06.06.2019 10:00;39,93;0,03993;0,03993;0,07793
06.06.2019 10:00;06.06.2019 11:00;34,11;0,03411;0,03411;0,07211
06.06.2019 11:00;06.06.2019 12:00;33,62;0,03362;0,03362;0,07162
06.06.2019 12:00;06.06.2019 13:00;32,31;0,03231;0,03231;0,07031
06.06.2019 13:00;06.06.2019 14:00;32;0,032;0,032;0,07
06.06.2019 14:00;06.06.2019 15:00;32;0,032;0,032;0,07
06.06.2019 15:00;06.06.2019 16:00;32,53;0,03253;0,03253;0,07053
06.06.2019 16:00;06.06.2019 17:00;33,58;0,03358;0,03358;0,07158
06.06.2019 17:00;06.06.2019 18:00;35,76;0,03576;0,03576;0,07376
06.06.2019 18:00;06.06.2019 19:00;42,98;0,04298;0,04298;0,08098
06.06.2019 19:00;06.06.2019 20:00;52,04;0,05204;0,05204;0,09004
06.06.2019 20:00;06.06.2019 21:00;59,09;0,05909;0,05909;0,09709
06.06.2019 21:00;06.06.2019 22:00;55,3;0,0553;0,0553;0,0933
06.06.2019 22:00;06.06.2019 23:00;47,73;0,04773;0,04773;0,08573
06.06.2019 23:00;07.06.2019 00:00;41,47;0,04147;0,04147;0,07947
07.06.2019 00:00;07.06.2019 01:00;40,41;0,04041;0,04041;0,07841
07.06.2019 01:00;07.06.2019 02:00;34,15;0,03415;0,03415;0,07215
07.06.2019 02:00;07.06.2019 03:00;32,46;0,03246;0,03246;0,07046
07.06.2019 03:00;07.06.2019 04:00;33,14;0,03314;0,03314;0,07114
07.06.2019 04:00;07.06.2019 05:00;32,09;0,03209;0,03209;0,07009
07.06.2019 05:00;07.06.2019 06:00;32,49;0,03249;0,03249;0,07049
07.06.2019 06:00;07.06.2019 07:00;57,33;0,05733;0,05733;0,09533
07.06.2019 07:00;07.06.2019 08:00;73,75;0,07375;0,07375;0,11175
07.06.2019 08:00;07.06.2019 09:00;66,98;0,06698;0,06698;0,10498
07.06.2019 09:00;07.06.2019 10:00;45,93;0,04593;0,04593;0,08393
07.06.2019 10:00;07.06.2019 11:00;37,21;0,03721;0,03721;0,07521
07.06.2019 11:00;07.06.2019 12:00;33,39;0,03339;0,03339;0,07139
07.06.2019 12:00;07.06.2019 13:00;30,09;0,03009;0,03009;0,06809
07.06.2019 13:00;07.06.2019 14:00;27,7;0,0277;0,0277;0,0657
07.06.2019 14:00;07.06.2019 15:00;27,07;0,02707;0,02707;0,06507
07.06.2019 15:00;07.06.2019 16:00;27,21;0,02721;0,02721;0,06521
07.06.2019 16:00;07.06.2019 17:00;28,66;0,02866;0,02866;0,06666
07.06.2019 17:00;07.06.2019 18:00;31,27;0,03127;0,03127;0,06927
07.06.2019 18:00;07.06.2019 19:00;39,92;0,03992;0,03992;0,07792
07.06.2019 19:00;07.06.2019 20:00;42,04;0,04204;0,04204;0,08004
07.06.2019 20:00;07.06.2019 21:00;40,07;0,04007;0,04007;0,07807
07.06.2019 21:00;07.06.2019 22:00;33;0,033;0,033;0,071
07.06.2019 22:00;07.06.2019 23:00;30,04;0,03004;0,03004;0,06804
07.06.2019 23:00;08.06.2019 00:00;26,25;0,02625;0,02625;0,06425
08.06.2019 00:00;08.06.2019 01:00;-0,05;-0,00005;0,00005;0,03795
08.06.2019 01:00;08.06.2019 02:00;-19,95;-0,01995;0,01995;0,01805
08.06.2019 02:00;08.06.2019 03:00;-39,96;-0,03996;0,03996;-0,00196
08.06.2019 03:00;08.06.2019 04:00;-40;-0,04;0,04;-0,002
08.06.2019 04:00;08.06.2019 05:00;-44,93;-0,04493;0,04493;-0,00693
08.06.2019 05:00;08.06.2019 06:00;-54,78;-0,05478;0,05478;-0,01678
08.06.2019 06:00;08.06.2019 07:00;-59,95;-0,05995;0,05995;-0,02195
08.06.2019 07:00;08.06.2019 08:00;-60;-0,06;0,06;-0,022
08.06.2019 08:00;08.06.2019 09:00;-60,07;-0,06007;0,06007;-0,02207
08.06.2019 09:00;08.06.2019 10:00;-65,06;-0,06506;0,06506;-0,02706
08.06.2019 10:00;08.06.2019 11:00;-68,26;-0,06826;0,06826;-0,03026
08.06.2019 11:00;08.06.2019 12:00;-73,04;-0,07304;0,07304;-0,03504
08.06.2019 12:00;08.06.2019 13:00;-75,9;-0,0759;0,0759;-0,0379
08.06.2019 13:00;08.06.2019 14:00;-85,03;-0,08503;0,08503;-0,04703
08.06.2019 14:00;08.06.2019 15:00;-90,01;-0,09001;0,09001;-0,05201
08.06.2019 15:00;08.06.2019 16:00;-85,04;-0,08504;0,08504;-0,04704
08.06.2019 16:00;08.06.2019 17:00;-74,44;-0,07444;0,07444;-0,03644
08.06.2019 17:00;08.06.2019 18:00;-65,04;-0,06504;0,06504;-0,02704
08.06.2019 18:00;08.06.2019 19:00;-59,94;-0,05994;0,05994;-0,02194
08.06.2019 19:00;08.06.2019 20:00;10,54;0,01054;0,01054;0,04854
08.06.2019 20:00;08.06.2019 21:00;23,54;0,02354;0,02354;0,06154
08.06.2019 21:00;08.06.2019 22:00;25,47;0,02547;0,02547;0,06347
08.06.2019 22:00;08.06.2019 23:00;27,31;0,02731;0,02731;0,06531
08.06.2019 23:00;09.06.2019 00:00;20,84;0,02084;0,02084;0,05884
09.06.2019 00:00;09.06.2019 01:00;25,62;0,02562;0,02562;0,06362
09.06.2019 01:00;09.06.2019 02:00;14,24;0,01424;0,01424;0,05224
09.06.2019 02:00;09.06.2019 03:00;12;0,012;0,012;0,05
09.06.2019 03:00;09.06.2019 04:00;9,16;0,00916;0,00916;0,04716
09.06.2019 04:00;09.06.2019 05:00;10,98;0,01098;0,01098;0,04898
09.06.2019 05:00;09.06.2019 06:00;10,72;0,01072;0,01072;0,04872
09.06.2019 06:00;09.06.2019 07:00;14,81;0,01481;0,01481;0,05281
09.06.2019 07:00;09.06.2019 08:00;13,38;0,01338;0,01338;0,05138
09.06.2019 08:00;09.06.2019 09:00;15,53;0,01553;0,01553;0,05353
09.06.2019 09:00;09.06.2019 10:00;10,47;0,01047;0,01047;0,04847
09.06.2019 10:00;09.06.2019 11:00;5,28;0,00528;0,00528;0,04328
09.06.2019 11:00;09.06.2019 12:00;12,26;0,01226;0,01226;0,05026
09.06.2019 12:00;09.06.2019 13:00;14,96;0,01496;0,01496;0,05296
09.06.2019 13:00;09.06.2019 14:00;13,58;0,01358;0,01358;0,05158
09.06.2019 14:00;09.06.2019 15:00;14,93;0,01493;0,01493;0,05293
09.06.2019 15:00;09.06.2019 16:00;17,94;0,01794;0,01794;0,05594
09.06.2019 16:00;09.06.2019 17:00;24,68;0,02468;0,02468;0,06268
09.06.2019 17:00;09.06.2019 18:00;31,9;0,0319;0,0319;0,0699
09.06.2019 18:00;09.06.2019 19:00;44,38;0,04438;0,04438;0,08238
09.06.2019 19:00;09.06.2019 20:00;48,77;0,04877;0,04877;0,08677
09.06.2019 20:00;09.06.2019 21:00;50,53;0,05053;0,05053;0,08853
09.06.2019 21:00;09.06.2019 22:00;47,15;0,04715;0,04715;0,08515
09.06.2019 22:00;09.06.2019 23:00;41,12;0,04112;0,04112;0,07912
09.06.2019 23:00;10.06.2019 00:00;35,6;0,0356;0,0356;0,0736
10.06.2019 00:00;10.06.2019 01:00;33,32;0,03332;0,03332;0,07132
10.06.2019 01:00;10.06.2019 02:00;28,84;0,02884;0,02884;0,06684
10.06.2019 02:00;10.06.2019 03:00;27,78;0,02778;0,02778;0,06578
10.06.2019 03:00;10.06.2019 04:00;27;0,027;0,027;0,065
10.06.2019 04:00;10.06.2019 05:00;27,01;0,02701;0,02701;0,06501
10.06.2019 05:00;10.06.2019 06:00;25,83;0,02583;0,02583;0,06383
10.06.2019 06:00;10.06.2019 07:00;26,84;0,02684;0,02684;0,06484
10.06.2019 07:00;10.06.2019 08:00;30,03;0,03003;0,03003;0,06803
10.06.2019 08:00;10.06.2019 09:00;33,54;0,03354;0,03354;0,07154
10.06.2019 09:00;10.06.2019 10:00;30,92;0,03092;0,03092;0,06892
10.06.2019 10:00;10.06.2019 11:00;30,06;0,03006;0,03006;0,06806
10.06.2019 11:00;10.06.2019 12:00;29,55;0,02955;0,02955;0,06755
10.06.2019 12:00;10.06.2019 13:00;28,69;0,02869;0,02869;0,06669
10.06.2019 13:00;10.06.2019 14:00;27,13;0,02713;0,02713;0,06513
10.06.2019 14:00;10.06.2019 15:00;27,3;0,0273;0,0273;0,0653
10.06.2019 15:00;10.06.2019 16:00;27,45;0,02745;0,02745;0,06545
10.06.2019 16:00;10.06.2019 17:00;28,08;0,02808;0,02808;0,06608
10.06.2019 17:00;10.06.2019 18:00;31,19;0,03119;0,03119;0,06919
10.06.2019 18:00;10.06.2019 19:00;36,48;0,03648;0,03648;0,07448
10.06.2019 19:00;10.06.2019 20:00;40;0,04;0,04;0,078
10.06.2019 20:00;10.06.2019 21:00;40,83;0,04083;0,04083;0,07883
10.06.2019 21:00;10.06.2019 22:00;39,9;0,0399;0,0399;0,0779
10.06.2019 22:00;10.06.2019 23:00;40;0,04;0,04;0,078
10.06.2019 23:00;11.06.2019 00:00;35,06;0,03506;0,03506;0,07306
11.06.2019 00:00;11.06.2019 01:00;30,09;0,03009;0,03009;0,06809
11.06.2019 01:00;11.06.2019 02:00;29,21;0,02921;0,02921;0,06721
11.06.2019 02:00;11.06.2019 03:00;28,28;0,02828;0,02828;0,06628
11.06.2019 03:00;11.06.2019 04:00;27,05;0,02705;0,02705;0,06505
11.06.2019 04:00;11.06.2019 05:00;25,92;0,02592;0,02592;0,06392
11.06.2019 05:00;11.06.2019 06:00;29,13;0,02913;0,02913;0,06713
11.06.2019 06:00;11.06.2019 07:00;43,29;0,04329;0,04329;0,08129
11.06.2019 07:00;11.06.2019 08:00;47,38;0,04738;0,04738;0,08538
11.06.2019 08:00;11.06.2019 09:00;52,85;0,05285;0,05285;0,09085
11.06.2019 09:00;11.06.2019 10:00;50,03;0,05003;0,05003;0,08803
11.06.2019 10:00;11.06.2019 11:00;52,73;0,05273;0,05273;0,09073
11.06.2019 11:00;11.06.2019 12:00;54,02;0,05402;0,05402;0,09202
11.06.2019 12:00;11.06.2019 13:00;47,38;0,04738;0,04738;0,08538
11.06.2019 13:00;11.06.2019 14:00;45,72;0,04572;0,04572;0,08372
11.06.2019 14:00;11.06.2019 15:00;45,09;0,04509;0,04509;0,08309
11.06.2019 15:00;11.06.2019 16:00;46,48;0,04648;0,04648;0,08448
11.06.2019 16:00;11.06.2019 17:00;49,8;0,0498;0,0498;0,0878
11.06.2019 17:00;11.06.2019 18:00;55,99;0,05599;0,05599;0,09399
11.06.2019 18:00;11.06.2019 19:00;59,38;0,05938;0,05938;0,09738
11.06.2019 19:00;11.06.2019 20:00;59,93;0,05993;0,05993;0,09793
11.06.2019 20:00;11.06.2019 21:00;54;0,054;0,054;0,092
11.06.2019 21:00;11.06.2019 22:00;51,25;0,05125;0,05125;0,08925
11.06.2019 22:00;11.06.2019 23:00;46,1;0,0461;0,0461;0,0841
11.06.2019 23:00;12.06.2019 00:00;40,93;0,04093;0,04093;0,07893
12.06.2019 00:00;12.06.2019 01:00;37,69;0,03769;0,03769;0,07569
12.06.2019 01:00;12.06.2019 02:00;35,65;0,03565;0,03565;0,07365
12.06.2019 02:00;12.06.2019 03:00;33,43;0,03343;0,03343;0,07143
12.06.2019 03:00;12.06.2019 04:00;33,44;0,03344;0,03344;0,07144
12.06.2019 04:00;12.06.2019 05:00;32,87;0,03287;0,03287;0,07087
12.06.2019 05:00;12.06.2019 06:00;35,04;0,03504;0,03504;0,07304
12.06.2019 06:00;12.06.2019 07:00;47,82;0,04782;0,04782;0,08582
12.06.2019 07:00;12.06.2019 08:00;56,51;0,05651;0,05651;0,09451
12.06.2019 08:00;12.06.2019 09:00;62,61;0,06261;0,06261;0,10061
12.06.2019 09:00;12.06.2019 10:00;57,49;0,05749;0,05749;0,09549
12.06.2019 10:00;12.06.2019 11:00;51,91;0,05191;0,05191;0,08991
12.06.2019 11:00;12.06.2019 12:00;50,54;0,05054;0,05054;0,08854
12.06.2019 12:00;12.06.2019 13:00;45,98;0,04598;0,04598;0,08398
12.06.2019 13:00;12.06.2019 14:00;42,91;0,04291;0,04291;0,08091
12.06.2019 14:00;12.06.2019 15:00;39,05;0,03905;0,03905;0,07705
12.06.2019 15:00;12.06.2019 16:00;34,09;0,03409;0,03409;0,07209
12.06.2019 16:00;12.06.2019 17:00;35,34;0,03534;0,03534;0,07334
12.06.2019 17:00;12.06.2019 18:00;42,14;0,04214;0,04214;0,08014
12.06.2019 18:00;12.06.2019 19:00;48,5;0,0485;0,0485;0,0865
12.06.2019 19:00;12.06.2019 20:00;51,44;0,05144;0,05144;0,08944
12.06.2019 20:00;12.06.2019 21:00;50,56;0,05056;0,05056;0,08856
12.06.2019 21:00;12.06.2019 22:00;47,7;0,0477;0,0477;0,0857
12.06.2019 22:00;12.06.2019 23:00;44,64;0,04464;0,04464;0,08264
12.06.2019 23:00;13.06.2019 00:00;38,7;0,0387;0,0387;0,0767
13.06.2019 00:00;13.06.2019 01:00;29,78;0,02978;0,02978;0,06778
13.06.2019 01:00;13.06.2019 02:00;28,34;0,02834;0,02834;0,06634
13.06.2019 02:00;13.06.2019 03:00;27,38;0,02738;0,02738;0,06538
13.06.2019 03:00;13.06.2019 04:00;28,34;0,02834;0,02834;0,06634
13.06.2019 04:00;13.06.2019 05:00;28,32;0,02832;0,02832;0,06632
13.06.2019 05:00;13.06.2019 06:00;29,89;0,02989;0,02989;0,06789
13.06.2019 06:00;13.06.2019 07:00;37,45;0,03745;0,03745;0,07545
13.06.2019 07:00;13.06.2019 08:00;48,01;0,04801;0,04801;0,08601
13.06.2019 08:00;13.06.2019 09:00;44,49;0,04449;0,04449;0,08249
13.06.2019 09:00;13.06.2019 10:00;36,42;0,03642;0,03642;0,07442
13.06.2019 10:00;13.06.2019 11:00;32,9;0,0329;0,0329;0,0709
13.06.2019 11:00;13.06.2019 12:00;30,18;0,03018;0,03018;0,06818
13.06.2019 12:00;13.06.2019 13:00;28,42;0,02842;0,02842;0,06642
13.06.2019 13:00;13.06.2019 14:00;28,66;0,02866;0,02866;0,06666
13.06.2019 14:00;13.06.2019 15:00;28,85;0,02885;0,02885;0,06685
13.06.2019 15:00;13.06.2019 16:00;30,03;0,03003;0,03003;0,06803
13.06.2019 16:00;13.06.2019 17:00;31,11;0,03111;0,03111;0,06911
13.06.2019 17:00;13.06.2019 18:00;33,68;0,03368;0,03368;0,07168
13.06.2019 18:00;13.06.2019 19:00;50,09;0,05009;0,05009;0,08809
13.06.2019 19:00;13.06.2019 20:00;64,24;0,06424;0,06424;0,10224
13.06.2019 20:00;13.06.2019 21:00;76,5;0,0765;0,0765;0,1145
13.06.2019 21:00;13.06.2019 22:00;62,61;0,06261;0,06261;0,10061
13.06.2019 22:00;13.06.2019 23:00;47,56;0,04756;0,04756;0,08556
13.06.2019 23:00;14.06.2019 00:00;41,03;0,04103;0,04103;0,07903
14.06.2019 00:00;14.06.2019 01:00;33,44;0,03344;0,03344;0,07144
14.06.2019 01:00;14.06.2019 02:00;29,78;0,02978;0,02978;0,06778
14.06.2019 02:00;14.06.2019 03:00;28,24;0,02824;0,02824;0,06624
14.06.2019 03:00;14.06.2019 04:00;28,37;0,02837;0,02837;0,06637
14.06.2019 04:00;14.06.2019 05:00;28,89;0,02889;0,02889;0,06689
14.06.2019 05:00;14.06.2019 06:00;29,88;0,02988;0,02988;0,06788
14.06.2019 06:00;14.06.2019 07:00;40,25;0,04025;0,04025;0,07825
14.06.2019 07:00;14.06.2019 08:00;52,94;0,05294;0,05294;0,09094
14.06.2019 08:00;14.06.2019 09:00;59,61;0,05961;0,05961;0,09761
14.06.2019 09:00;14.06.2019 10:00;49,04;0,04904;0,04904;0,08704
14.06.2019 10:00;14.06.2019 11:00;42,91;0,04291;0,04291;0,08091
14.06.2019 11:00;14.06.2019 12:00;41,01;0,04101;0,04101;0,07901
14.06.2019 12:00;14.06.2019 13:00;34,9;0,0349;0,0349;0,0729
14.06.2019 13:00;14.06.2019 14:00;33,02;0,03302;0,03302;0,07102
14.06.2019 14:00;14.06.2019 15:00;33,28;0,03328;0,03328;0,07128
14.06.2019 15:00;14.06.2019 16:00;34,06;0,03406;0,03406;0,07206
14.06.2019 16:00;14.06.2019 17:00;36,34;0,03634;0,03634;0,07434
14.06.2019 17:00;14.06.2019 18:00;49,02;0,04902;0,04902;0,08702
14.06.2019 18:00;14.06.2019 19:00;58,28;0,05828;0,05828;0,09628
14.06.2019 19:00;14.06.2019 20:00;64,69;0,06469;0,06469;0,10269
14.06.2019 20:00;14.06.2019 21:00;58,94;0,05894;0,05894;0,09694
14.06.2019 21:00;14.06.2019 22:00;50,45;0,05045;0,05045;0,08845
14.06.2019 22:00;14.06.2019 23:00;43,54;0,04354;0,04354;0,08154
14.06.2019 23:00;15.06.2019 00:00;37,94;0,03794;0,03794;0,07594
15.06.2019 00:00;15.06.2019 01:00;33,29;0,03329;0,03329;0,07129
15.06.2019 01:00;15.06.2019 02:00;31,47;0,03147;0,03147;0,06947
15.06.2019 02:00;15.06.2019 03:00;29,92;0,02992;0,02992;0,06792
15.06.2019 03:00;15.06.2019 04:00;27,94;0,02794;0,02794;0,06594
15.06.2019 04:00;15.06.2019 05:00;26,6;0,0266;0,0266;0,0646
15.06.2019 05:00;15.06.2019 06:00;25,66;0,02566;0,02566;0,06366
15.06.2019 06:00;15.06.2019 07:00;26,68;0,02668;0,02668;0,06468
15.06.2019 07:00;15.06.2019 08:00;29,99;0,02999;0,02999;0,06799
15.06.2019 08:00;15.06.2019 09:00;33;0,033;0,033;0,071
15.06.2019 09:00;15.06.2019 10:00;32,27;0,03227;0,03227;0,07027
15.06.2019 10:00;15.06.2019 11:00;30,13;0,03013;0,03013;0,06813
15.06.2019 11:00;15.06.2019 12:00;27,47;0,02747;0,02747;0,06547
15.06.2019 12:00;15.06.2019 13:00;25,38;0,02538;0,02538;0,06338
15.06.2019 13:00;15.06.2019 14:00;24,93;0,02493;0,02493;0,06293
15.06.2019 14:00;15.06.2019 15:00;23,54;0,02354;0,02354;0,06154
15.06.2019 15:00;15.06.2019 16:00;23,64;0,02364;0,02364;0,06164
15.06.2019 16:00;15.06.2019 17:00;24,92;0,02492;0,02492;0,06292
15.06.2019 17:00;15.06.2019 18:00;28,97;0,02897;0,02897;0,06697
15.06.2019 18:00;15.06.2019 19:00;35,73;0,03573;0,03573;0,07373
15.06.2019 19:00;15.06.2019 20:00;40,2;0,0402;0,0402;0,0782
15.06.2019 20:00;15.06.2019 21:00;39,64;0,03964;0,03964;0,07764
15.06.2019 21:00;15.06.2019 22:00;39,05;0,03905;0,03905;0,07705
15.06.2019 22:00;15.06.2019 23:00;39,09;0,03909;0,03909;0,07709
15.06.2019 23:00;16.06.2019 00:00;34,31;0,03431;0,03431;0,07231
16.06.2019 00:00;16.06.2019 01:00;30,17;0,03017;0,03017;0,06817
16.06.2019 01:00;16.06.2019 02:00;27,52;0,02752;0,02752;0,06552
16.06.2019 02:00;16.06.2019 03:00;26,05;0,02605;0,02605;0,06405
16.06.2019 03:00;16.06.2019 04:00;25,39;0,02539;0,02539;0,06339
16.06.2019 04:00;16.06.2019 05:00;25,07;0,02507;0,02507;0,06307
16.06.2019 05:00;16.06.2019 06:00;23,88;0,02388;0,02388;0,06188
16.06.2019 06:00;16.06.2019 07:00;23,89;0,02389;0,02389;0,06189
16.06.2019 07:00;16.06.2019 08:00;26,93;0,02693;0,02693;0,06493
16.06.2019 08:00;16.06.2019 09:00;28,35;0,02835;0,02835;0,06635
16.06.2019 09:00;16.06.2019 10:00;28,04;0,02804;0,02804;0,06604
16.06.2019 10:00;16.06.2019 11:00;27,44;0,02744;0,02744;0,06544
16.06.2019 11:00;16.06.2019 12:00;27,98;0,02798;0,02798;0,06598
16.06.2019 12:00;16.06.2019 13:00;27,17;0,02717;0,02717;0,06517
16.06.2019 13:00;16.06.2019 14:00;23,92;0,02392;0,02392;0,06192
16.06.2019 14:00;16.06.2019 15:00;23,1;0,0231;0,0231;0,0611
16.06.2019 15:00;16.06.2019 16:00;24,65;0,02465;0,02465;0,06265
16.06.2019 16:00;16.06.2019 17:00;25,78;0,02578;0,02578;0,06378
16.06.2019 17:00;16.06.2019 18:00;30,71;0,03071;0,03071;0,06871
16.06.2019 18:00;16.06.2019 19:00;38,2;0,0382;0,0382;0,0762
16.06.2019 19:00;16.06.2019 20:00;44,84;0,04484;0,04484;0,08284
16.06.2019 20:00;16.06.2019 21:00;47,95;0,04795;0,04795;0,08595
16.06.2019 21:00;16.06.2019 22:00;51,6;0,0516;0,0516;0,0896
16.06.2019 22:00;16.06.2019 23:00;48,05;0,04805;0,04805;0,08605
16.06.2019 23:00;17.06.2019 00:00;40,91;0,04091;0,04091;0,07891
17.06.2019 00:00;17.06.2019 01:00;33,06;0,03306;0,03306;0,07106
17.06.2019 01:00;17.06.2019 02:00;30,28;0,03028;0,03028;0,06828
17.06.2019 02:00;17.06.2019 03:00;29,96;0,02996;0,02996;0,06796
17.06.2019 03:00;17.06.2019 04:00;29,48;0,02948;0,02948;0,06748
17.06.2019 04:00;17.06.2019 05:00;29,49;0,02949;0,02949;0,06749
17.06.2019 05:00;17.06.2019 06:00;30,95;0,03095;0,03095;0,06895
17.06.2019 06:00;17.06.2019 07:00;45,79;0,04579;0,04579;0,08379
17.06.2019 07:00;17.06.2019 08:00;50,8;0,0508;0,0508;0,0888
17.06.2019 08:00;17.06.2019 09:00;49,02;0,04902;0,04902;0,08702
17.06.2019 09:00;17.06.2019 10:00;39,19;0,03919;0,03919;0,07719
17.06.2019 10:00;17.06.2019 11:00;34,64;0,03464;0,03464;0,07264
17.06.2019 11:00;17.06.2019 12:00;33,7;0,0337;0,0337;0,0717
17.06.2019 12:00;17.06.2019 13:00;33,99;0,03399;0,03399;0,07199
17.06.2019 13:00;17.06.2019 14:00;35,16;0,03516;0,03516;0,07316
17.06.2019 14:00;17.06.2019 15:00;34,76;0,03476;0,03476;0,07276
17.06.2019 15:00;17.06.2019 16:00;35,5;0,0355;0,0355;0,0735
17.06.2019 16:00;17.06.2019 17:00;39,52;0,03952;0,03952;0,07752
17.06.2019 17:00;17.06.2019 18:00;44,97;0,04497;0,04497;0,08297
17.06.2019 18:00;17.06.2019 19:00;57,06;0,05706;0,05706;0,09506
17.06.2019 19:00;17.06.2019 20:00;70,1;0,0701;0,0701;0,1081
17.06.2019 20:00;17.06.2019 21:00;69,52;0,06952;0,06952;0,10752
17.06.2019 21:00;17.06.2019 22:00;58,24;0,05824;0,05824;0,09624
17.06.2019 22:00;17.06.2019 23:00;45,53;0,04553;0,04553;0,08353
17.06.2019 23:00;18.06.2019 00:00;39,1;0,0391;0,0391;0,0771
18.06.2019 00:00;18.06.2019 01:00;32,97;0,03297;0,03297;0,07097
18.06.2019 01:00;18.06.2019 02:00;32,85;0,03285;0,03285;0,07085
18.06.2019 02:00;18.06.2019 03:00;30,6;0,0306;0,0306;0,0686
18.06.2019 03:00;18.06.2019 04:00;30,05;0,03005;0,03005;0,06805
18.06.2019 04:00;18.06.2019 05:00;30,96;0,03096;0,03096;0,06896
18.06.2019 05:00;18.06.2019 06:00;31,09;0,03109;0,03109;0,06909
18.06.2019 06:00;18.06.2019 07:00;41,26;0,04126;0,04126;0,07926
18.06.2019 07:00;18.06.2019 08:00;51,74;0,05174;0,05174;0,08974
18.06.2019 08:00;18.06.2019 09:00;49,75;0,04975;0,04975;0,08775
18.06.2019 09:00;18.06.2019 10:00;43,74;0,04374;0,04374;0,08174
18.06.2019 10:00;18.06.2019 11:00;39,92;0,03992;0,03992;0,07792
18.06.2019 11:00;18.06.2019 12:00;38,9;0,0389;0,0389;0,0769
18.06.2019 12:00;18.06.2019 13:00;37,12;0,03712;0,03712;0,07512
18.06.2019 13:00;18.06.2019 14:00;36,1;0,0361;0,0361;0,0741
18.06.2019 14:00;18.06.2019 15:00;36,06;0,03606;0,03606;0,07406
18.06.2019 15:00;18.06.2019 16:00;38,37;0,03837;0,03837;0,07637
18.06.2019 16:00;18.06.2019 17:00;42,92;0,04292;0,04292;0,08092
18.06.2019 17:00;18.06.2019 18:00;47,74;0,04774;0,04774;0,08574
18.06.2019 18:00;18.06.2019 19:00;51,96;0,05196;0,05196;0,08996
18.06.2019 19:00;18.06.2019 20:00;66,16;0,06616;0,06616;0,10416
18.06.2019 20:00;18.06.2019 21:00;67,12;0,06712;0,06712;0,10512
18.06.2019 21:00;18.06.2019 22:00;53,2;0,0532;0,0532;0,0912
18.06.2019 22:00;18.06.2019 23:00;47,06;0,04706;0,04706;0,08506
18.06.2019 23:00;19.06.2019 00:00;37,08;0,03708;0,03708;0,07508
19.06.2019 00:00;19.06.2019 01:00;34,12;0,03412;0,03412;0,07212
19.06.2019 01:00;19.06.2019 02:00;33,26;0,03326;0,03326;0,07126
19.06.2019 02:00;19.06.2019 03:00;33,02;0,03302;0,03302;0,07102
19.06.2019 03:00;19.06.2019 04:00;33,23;0,03323;0,03323;0,07123
19.06.2019 04:00;19.06.2019 05:00;33,62;0,03362;0,03362;0,07162
19.06.2019 05:00;19.06.2019 06:00;33,28;0,03328;0,03328;0,07128
19.06.2019 06:00;19.06.2019 07:00;43,07;0,04307;0,04307;0,08107
19.06.2019 07:00;19.06.2019 08:00;54,43;0,05443;0,05443;0,09243
19.06.2019 08:00;19.06.2019 09:00;58,64;0,05864;0,05864;0,09664
19.06.2019 09:00;19.06.2019 10:00;49,28;0,04928;0,04928;0,08728
19.06.2019 10:00;19.06.2019 11:00;42,98;0,04298;0,04298;0,08098
19.06.2019 11:00;19.06.2019 12:00;40,81;0,04081;0,04081;0,07881
19.06.2019 12:00;19.06.2019 13:00;37,01;0,03701;0,03701;0,07501
19.06.2019 13:00;19.06.2019 14:00;36,93;0,03693;0,03693;0,07493
19.06.2019 14:00;19.06.2019 15:00;36,29;0,03629;0,03629;0,07429
19.06.2019 15:00;19.06.2019 16:00;36,09;0,03609;0,03609;0,07409
19.06.2019 16:00;19.06.2019 17:00;34,91;0,03491;0,03491;0,07291
19.06.2019 17:00;19.06.2019 18:00;42,91;0,04291;0,04291;0,08091
19.06.2019 18:00;19.06.2019 19:00;49,94;0,04994;0,04994;0,08794
19.06.2019 19:00;19.06.2019 20:00;53,17;0,05317;0,05317;0,09117
19.06.2019 20:00;19.06.2019 21:00;51,07;0,05107;0,05107;0,08907
19.06.2019 21:00;19.06.2019 22:00;45,64;0,04564;0,04564;0,08364
19.06.2019 22:00;19.06.2019 23:00;40,08;0,04008;0,04008;0,07808
19.06.2019 23:00;20.06.2019 00:00;34,99;0,03499;0,03499;0,07299
20.06.2019 00:00;20.06.2019 01:00;30,8;0,0308;0,0308;0,0688
20.06.2019 01:00;20.06.2019 02:00;30,23;0,03023;0,03023;0,06823
20.06.2019 02:00;20.06.2019 03:00;29,87;0,02987;0,02987;0,06787
20.06.2019 03:00;20.06.2019 04:00;28,71;0,02871;0,02871;0,06671
20.06.2019 04:00;20.06.2019 05:00;28,54;0,02854;0,02854;0,06654
20.06.2019 05:00;20.06.2019 06:00;29,11;0,02911;0,02911;0,06711
20.06.2019 06:00;20.06.2019 07:00;30,93;0,03093;0,03093;0,06893
20.06.2019 07:00;20.06.2019 08:00;36,09;0,03609;0,03609;0,07409
20.06.2019 08:00;20.06.2019 09:00;39,68;0,03968;0,03968;0,07768
20.06.2019 09:00;20.06.2019 10:00;36,91;0,03691;0,03691;0,07491
20.06.2019 10:00;20.06.2019 11:00;35,69;0,03569;0,03569;0,07369
20.06.2019 11:00;20.06.2019 12:00;36,98;0,03698;0,03698;0,07498
20.06.2019 12:00;20.06.2019 13:00;36,08;0,03608;0,03608;0,07408
20.06.2019 13:00;20.06.2019 14:00;34,09;0,03409;0,03409;0,07209
20.06.2019 14:00;20.06.2019 15:00;33,17;0,03317;0,03317;0,07117
20.06.2019 15:00;20.06.2019 16:00;33,93;0,03393;0,03393;0,07193
20.06.2019 16:00;20.06.2019 17:00;33,54;0,03354;0,03354;0,07154
20.06.2019 17:00;20.06.2019 18:00;36,71;0,03671;0,03671;0,07471
20.06.2019 18:00;20.06.2019 19:00;39,62;0,03962;0,03962;0,07762
20.06.2019 19:00;20.06.2019 20:00;44,82;0,04482;0,04482;0,08282
20.06.2019 20:00;20.06.2019 21:00;51,96;0,05196;0,05196;0,08996
20.06.2019 21:00;20.06.2019 22:00;50;0,05;0,05;0,088
20.06.2019 22:00;20.06.2019 23:00;46,63;0,04663;0,04663;0,08463
20.06.2019 23:00;21.06.2019 00:00;39,28;0,03928;0,03928;0,07728
21.06.2019 00:00;21.06.2019 01:00;34,3;0,0343;0,0343;0,0723
21.06.2019 01:00;21.06.2019 02:00;32,17;0,03217;0,03217;0,07017
21.06.2019 02:00;21.06.2019 03:00;31,92;0,03192;0,03192;0,06992
21.06.2019 03:00;21.06.2019 04:00;33;0,033;0,033;0,071
21.06.2019 04:00;21.06.2019 05:00;33,42;0,03342;0,03342;0,07142
21.06.2019 05:00;21.06.2019 06:00;34,02;0,03402;0,03402;0,07202
21.06.2019 06:00;21.06.2019 07:00;40,72;0,04072;0,04072;0,07872
21.06.2019 07:00;21.06.2019 08:00;46,42;0,04642;0,04642;0,08442
21.06.2019 08:00;21.06.2019 09:00;47,09;0,04709;0,04709;0,08509
21.06.2019 09:00;21.06.2019 10:00;44,41;0,04441;0,04441;0,08241
21.06.2019 10:00;21.06.2019 11:00;43,93;0,04393;0,04393;0,08193
21.06.2019 11:00;21.06.2019 12:00;41,04;0,04104;0,04104;0,07904
21.06.2019 12:00;21.06.2019 13:00;36,21;0,03621;0,03621;0,07421
21.06.2019 13:00;21.06.2019 14:00;33,53;0,03353;0,03353;0,07153
21.06.2019 14:00;21.06.2019 15:00;32,41;0,03241;0,03241;0,07041
21.06.2019 15:00;21.06.2019 16:00;32,26;0,03226;0,03226;0,07026
21.06.2019 16:00;21.06.2019 17:00;32,22;0,03222;0,03222;0,07022
21.06.2019 17:00;21.06.2019 18:00;34,98;0,03498;0,03498;0,07298
21.06.2019 18:00;21.06.2019 19:00;40,79;0,04079;0,04079;0,07879
21.06.2019 19:00;21.06.2019 20:00;44,54;0,04454;0,04454;0,08254
21.06.2019 20:00;21.06.2019 21:00;47,84;0,04784;0,04784;0,08584
21.06.2019 21:00;21.06.2019 22:00;49,91;0,04991;0,04991;0,08791
21.06.2019 22:00;21.06.2019 23:00;44,41;0,04441;0,04441;0,08241
21.06.2019 23:00;22.06.2019 00:00;36,95;0,03695;0,03695;0,07495
22.06.2019 00:00;22.06.2019 01:00;35,58;0,03558;0,03558;0,07358
22.06.2019 01:00;22.06.2019 02:00;31,91;0,03191;0,03191;0,06991
22.06.2019 02:00;22.06.2019 03:00;29,99;0,02999;0,02999;0,06799
22.06.2019 03:00;22.06.2019 04:00;29,92;0,02992;0,02992;0,06792
22.06.2019 04:00;22.06.2019 05:00;29,3;0,0293;0,0293;0,0673
22.06.2019 05:00;22.06.2019 06:00;29,06;0,02906;0,02906;0,06706
22.06.2019 06:00;22.06.2019 07:00;29,91;0,02991;0,02991;0,06791
22.06.2019 07:00;22.06.2019 08:00;32,57;0,03257;0,03257;0,07057
22.06.2019 08:00;22.06.2019 09:00;34,85;0,03485;0,03485;0,07285
22.06.2019 09:00;22.06.2019 10:00;31,98;0,03198;0,03198;0,06998
22.06.2019 10:00;22.06.2019 11:00;31,06;0,03106;0,03106;0,06906
22.06.2019 11:00;22.06.2019 12:00;29,98;0,02998;0,02998;0,06798
22.06.2019 12:00;22.06.2019 13:00;29,97;0,02997;0,02997;0,06797
22.06.2019 13:00;22.06.2019 14:00;28,55;0,02855;0,02855;0,06655
22.06.2019 14:00;22.06.2019 15:00;28,45;0,02845;0,02845;0,06645
22.06.2019 15:00;22.06.2019 16:00;28,69;0,02869;0,02869;0,06669
22.06.2019 16:00;22.06.2019 17:00;29,96;0,02996;0,02996;0,06796
22.06.2019 17:00;22.06.2019 18:00;33,15;0,03315;0,03315;0,07115
22.06.2019 18:00;22.06.2019 19:00;34,73;0,03473;0,03473;0,07273
22.06.2019 19:00;22.06.2019 20:00;37,91;0,03791;0,03791;0,07591
22.06.2019 20:00;22.06.2019 21:00;35,38;0,03538;0,03538;0,07338
22.06.2019 21:00;22.06.2019 22:00;32,63;0,03263;0,03263;0,07063
22.06.2019 22:00;22.06.2019 23:00;34,03;0,03403;0,03403;0,07203
22.06.2019 23:00;23.06.2019 00:00;29,58;0,02958;0,02958;0,06758
23.06.2019 00:00;23.06.2019 01:00;28,1;0,0281;0,0281;0,0661
23.06.2019 01:00;23.06.2019 02:00;26,76;0,02676;0,02676;0,06476
23.06.2019 02:00;23.06.2019 03:00;26,02;0,02602;0,02602;0,06402
23.06.2019 03:00;23.06.2019 04:00;25,33;0,02533;0,02533;0,06333
23.06.2019 04:00;23.06.2019 05:00;21,81;0,02181;0,02181;0,05981
23.06.2019 05:00;23.06.2019 06:00;21,81;0,02181;0,02181;0,05981
23.06.2019 06:00;23.06.2019 07:00;21,19;0,02119;0,02119;0,05919
23.06.2019 07:00;23.06.2019 08:00;21,89;0,02189;0,02189;0,05989
23.06.2019 08:00;23.06.2019 09:00;25,2;0,0252;0,0252;0,0632
23.06.2019 09:00;23.06.2019 10:00;24,95;0,02495;0,02495;0,06295
23.06.2019 10:00;23.06.2019 11:00;19,03;0,01903;0,01903;0,05703
23.06.2019 11:00;23.06.2019 12:00;16,96;0,01696;0,01696;0,05496
23.06.2019 12:00;23.06.2019 13:00;9,94;0,00994;0,00994;0,04794
23.06.2019 13:00;23.06.2019 14:00;2,58;0,00258;0,00258;0,04058
23.06.2019 14:00;23.06.2019 15:00;-4,27;-0,00427;0,00427;0,03373
23.06.2019 15:00;23.06.2019 16:00;-5,34;-0,00534;0,00534;0,03266
23.06.2019 16:00;23.06.2019 17:00;0,04;0,00004;0,00004;0,03804
23.06.2019 17:00;23.06.2019 18:00;25,1;0,0251;0,0251;0,0631
23.06.2019 18:00;23.06.2019 19:00;28,75;0,02875;0,02875;0,06675
23.06.2019 19:00;23.06.2019 20:00;35,61;0,03561;0,03561;0,07361
23.06.2019 20:00;23.06.2019 21:00;36,35;0,03635;0,03635;0,07435
23.06.2019 21:00;23.06.2019 22:00;31,89;0,03189;0,03189;0,06989
23.06.2019 22:00;23.06.2019 23:00;34,19;0,03419;0,03419;0,07219
23.06.2019 23:00;24.06.2019 00:00;28,19;0,02819;0,02819;0,06619
24.06.2019 00:00;24.06.2019 01:00;26,97;0,02697;0,02697;0,06497
24.06.2019 01:00;24.06.2019 02:00;25,68;0,02568;0,02568;0,06368
24.06.2019 02:00;24.06.2019 03:00;24;0,024;0,024;0,062
24.06.2019 03:00;24.06.2019 04:00;24,6;0,0246;0,0246;0,0626
24.06.2019 04:00;24.06.2019 05:00;22,22;0,02222;0,02222;0,06022
24.06.2019 05:00;24.06.2019 06:00;25,97;0,02597;0,02597;0,06397
24.06.2019 06:00;24.06.2019 07:00;35,24;0,03524;0,03524;0,07324
24.06.2019 07:00;24.06.2019 08:00;47,95;0,04795;0,04795;0,08595
24.06.2019 08:00;24.06.2019 09:00;42,78;0,04278;0,04278;0,08078
24.06.2019 09:00;24.06.2019 10:00;36,24;0,03624;0,03624;0,07424
24.06.2019 10:00;24.06.2019 11:00;32,67;0,03267;0,03267;0,07067
24.06.2019 11:00;24.06.2019 12:00;32,74;0,03274;0,03274;0,07074
24.06.2019 12:00;24.06.2019 13:00;30,87;0,03087;0,03087;0,06887
24.06.2019 13:00;24.06.2019 14:00;29,9;0,0299;0,0299;0,0679
24.06.2019 14:00;24.06.2019 15:00;29,92;0,02992;0,02992;0,06792
24.06.2019 15:00;24.06.2019 16:00;31,41;0,03141;0,03141;0,06941
24.06.2019 16:00;24.06.2019 17:00;32,18;0,03218;0,03218;0,07018
24.06.2019 17:00;24.06.2019 18:00;35,95;0,03595;0,03595;0,07395
24.06.2019 18:00;24.06.2019 19:00;45,06;0,04506;0,04506;0,08306
24.06.2019 19:00;24.06.2019 20:00;56,78;0,05678;0,05678;0,09478
24.06.2019 20:00;24.06.2019 21:00;54,01;0,05401;0,05401;0,09201
24.06.2019 21:00;24.06.2019 22:00;40,92;0,04092;0,04092;0,07892
24.06.2019 22:00;24.06.2019 23:00;34,3;0,0343;0,0343;0,0723
24.06.2019 23:00;25.06.2019 00:00;29;0,029;0,029;0,067
25.06.2019 00:00;25.06.2019 01:00;28,08;0,02808;0,02808;0,06608
25.06.2019 01:00;25.06.2019 02:00;25,6;0,0256;0,0256;0,0636
25.06.2019 02:00;25.06.2019 03:00;24,48;0,02448;0,02448;0,06248
25.06.2019 03:00;25.06.2019 04:00;23,65;0,02365;0,02365;0,06165
25.06.2019 04:00;25.06.2019 05:00;22,86;0,02286;0,02286;0,06086
25.06.2019 05:00;25.06.2019 06:00;27,29;0,02729;0,02729;0,06529
25.06.2019 06:00;25.06.2019 07:00;33,5;0,0335;0,0335;0,0715
25.06.2019 07:00;25.06.2019 08:00;43,91;0,04391;0,04391;0,08191
25.06.2019 08:00;25.06.2019 09:00;49,18;0,04918;0,04918;0,08718
25.06.2019 09:00;25.06.2019 10:00;40,96;0,04096;0,04096;0,07896
25.06.2019 10:00;25.06.2019 11:00;37,77;0,03777;0,03777;0,07577
25.06.2019 11:00;25.06.2019 12:00;36,45;0,03645;0,03645;0,07445
25.06.2019 12:00;25.06.2019 13:00;34,92;0,03492;0,03492;0,07292
25.06.2019 13:00;25.06.2019 14:00;33,8;0,0338;0,0338;0,0718
25.06.2019 14:00;25.06.2019 15:00;33,9;0,0339;0,0339;0,0719
25.06.2019 15:00;25.06.2019 16:00;34,91;0,03491;0,03491;0,07291
25.06.2019 16:00;25.06.2019 17:00;36,93;0,03693;0,03693;0,07493
25.06.2019 17:00;25.06.2019 18:00;49,22;0,04922;0,04922;0,08722
25.06.2019 18:00;25.06.2019 19:00;61,53;0,06153;0,06153;0,09953
25.06.2019 19:00;25.06.2019 20:00;74,8;0,0748;0,0748;0,1128
25.06.2019 20:00;25.06.2019 21:00;73,09;0,07309;0,07309;0,11109
25.06.2019 21:00;25.06.2019 22:00;61,92;0,06192;0,06192;0,09992
25.06.2019 22:00;25.06.2019 23:00;46,27;0,04627;0,04627;0,08427
25.06.2019 23:00;26.06.2019 00:00;37,4;0,0374;0,0374;0,0754
26.06.2019 00:00;26.06.2019 01:00;37,34;0,03734;0,03734;0,07534
26.06.2019 01:00;26.06.2019 02:00;33,37;0,03337;0,03337;0,07137
26.06.2019 02:00;26.06.2019 03:00;33,31;0,03331;0,03331;0,07131
26.06.2019 03:00;26.06.2019 04:00;31,3;0,0313;0,0313;0,0693
26.06.2019 04:00;26.06.2019 05:00;31,08;0,03108;0,03108;0,06908
26.06.2019 05:00;26.06.2019 06:00;30,87;0,03087;0,03087;0,06887
26.06.2019 06:00;26.06.2019 07:00;44,45;0,04445;0,04445;0,08245
26.06.2019 07:00;26.06.2019 08:00;59,82;0,05982;0,05982;0,09782
26.06.2019 08:00;26.06.2019 09:00;60,08;0,06008;0,06008;0,09808
26.06.2019 09:00;26.06.2019 10:00;48,44;0,04844;0,04844;0,08644
26.06.2019 10:00;26.06.2019 11:00;38,09;0,03809;0,03809;0,07609
26.06.2019 11:00;26.06.2019 12:00;36,7;0,0367;0,0367;0,0747
26.06.2019 12:00;26.06.2019 13:00;35,08;0,03508;0,03508;0,07308
26.06.2019 13:00;26.06.2019 14:00;33,09;0,03309;0,03309;0,07109
26.06.2019 14:00;26.06.2019 15:00;31,88;0,03188;0,03188;0,06988
26.06.2019 15:00;26.06.2019 16:00;30,89;0,03089;0,03089;0,06889
26.06.2019 16:00;26.06.2019 17:00;31,47;0,03147;0,03147;0,06947
26.06.2019 17:00;26.06.2019 18:00;34,27;0,03427;0,03427;0,07227
26.06.2019 18:00;26.06.2019 19:00;38,98;0,03898;0,03898;0,07698
26.06.2019 19:00;26.06.2019 20:00;49,92;0,04992;0,04992;0,08792
26.06.2019 20:00;26.06.2019 21:00;48,88;0,04888;0,04888;0,08688
26.06.2019 21:00;26.06.2019 22:00;38,97;0,03897;0,03897;0,07697
26.06.2019 22:00;26.06.2019 23:00;36,7;0,0367;0,0367;0,0747
26.06.2019 23:00;27.06.2019 00:00;30,57;0,03057;0,03057;0,06857
27.06.2019 00:00;27.06.2019 01:00;28;0,028;0,028;0,066
27.06.2019 01:00;27.06.2019 02:00;26,53;0,02653;0,02653;0,06453
27.06.2019 02:00;27.06.2019 03:00;25,03;0,02503;0,02503;0,06303
27.06.2019 03:00;27.06.2019 04:00;26,03;0,02603;0,02603;0,06403
27.06.2019 04:00;27.06.2019 05:00;27,06;0,02706;0,02706;0,06506
27.06.2019 05:00;27.06.2019 06:00;30,03;0,03003;0,03003;0,06803
27.06.2019 06:00;27.06.2019 07:00;35,72;0,03572;0,03572;0,07372
27.06.2019 07:00;27.06.2019 08:00;43,29;0,04329;0,04329;0,08129
27.06.2019 08:00;27.06.2019 09:00;42,1;0,0421;0,0421;0,0801
27.06.2019 09:00;27.06.2019 10:00;36,5;0,0365;0,0365;0,0745
27.06.2019 10:00;27.06.2019 11:00;34,56;0,03456;0,03456;0,07256
27.06.2019 11:00;27.06.2019 12:00;34,47;0,03447;0,03447;0,07247
27.06.2019 12:00;27.06.2019 13:00;31,97;0,03197;0,03197;0,06997
27.06.2019 13:00;27.06.2019 14:00;30,93;0,03093;0,03093;0,06893
27.06.2019 14:00;27.06.2019 15:00;30,91;0,03091;0,03091;0,06891
27.06.2019 15:00;27.06.2019 16:00;31,31;0,03131;0,03131;0,06931
27.06.2019 16:00;27.06.2019 17:00;31,94;0,03194;0,03194;0,06994
27.06.2019 17:00;27.06.2019 18:00;35,98;0,03598;0,03598;0,07398
27.06.2019 18:00;27.06.2019 19:00;41,9;0,0419;0,0419;0,0799
27.06.2019 19:00;27.06.2019 20:00;54,11;0,05411;0,05411;0,09211
27.06.2019 20:00;27.06.2019 21:00;52,23;0,05223;0,05223;0,09023
27.06.2019 21:00;27.06.2019 22:00;44,02;0,04402;0,04402;0,08202
27.06.2019 22:00;27.06.2019 23:00;41,17;0,04117;0,04117;0,07917
27.06.2019 23:00;28.06.2019 00:00;35,58;0,03558;0,03558;0,07358
28.06.2019 00:00;28.06.2019 01:00;31,44;0,03144;0,03144;0,06944
28.06.2019 01:00;28.06.2019 02:00;31,68;0,03168;0,03168;0,06968
28.06.2019 02:00;28.06.2019 03:00;32,97;0,03297;0,03297;0,07097
28.06.2019 03:00;28.06.2019 04:00;33,89;0,03389;0,03389;0,07189
28.06.2019 04:00;28.06.2019 05:00;32,8;0,0328;0,0328;0,0708
28.06.2019 05:00;28.06.2019 06:00;32,85;0,03285;0,03285;0,07085
28.06.2019 06:00;28.06.2019 07:00;49,41;0,04941;0,04941;0,08741
28.06.2019 07:00;28.06.2019 08:00;61,98;0,06198;0,06198;0,09998
28.06.2019 08:00;28.06.2019 09:00;61,66;0,06166;0,06166;0,09966
28.06.2019 09:00;28.06.2019 10:00;49,28;0,04928;0,04928;0,08728
28.06.2019 10:00;28.06.2019 11:00;43,99;0,04399;0,04399;0,08199
28.06.2019 11:00;28.06.2019 12:00;39,53;0,03953;0,03953;0,07753
28.06.2019 12:00;28.06.2019 13:00;36,75;0,03675;0,03675;0,07475
28.06.2019 13:00;28.06.2019 14:00;34,33;0,03433;0,03433;0,07233
28.06.2019 14:00;28.06.2019 15:00;33,89;0,03389;0,03389;0,07189
28.06.2019 15:00;28.06.2019 16:00;33,91;0,03391;0,03391;0,07191
28.06.2019 16:00;28.06.2019 17:00;34,4;0,0344;0,0344;0,0724
28.06.2019 17:00;28.06.2019 18:00;39,04;0,03904;0,03904;0,07704
28.06.2019 18:00;28.06.2019 19:00;54,13;0,05413;0,05413;0,09213
28.06.2019 19:00;28.06.2019 20:00;66,53;0,06653;0,06653;0,10453
28.06.2019 20:00;28.06.2019 21:00;66,06;0,06606;0,06606;0,10406
28.06.2019 21:00;28.06.2019 22:00;54,73;0,05473;0,05473;0,09273
28.06.2019 22:00;28.06.2019 23:00;48,54;0,04854;0,04854;0,08654
28.06.2019 23:00;29.06.2019 00:00;39,05;0,03905;0,03905;0,07705
29.06.2019 00:00;29.06.2019 01:00;35,24;0,03524;0,03524;0,07324
29.06.2019 01:00;29.06.2019 02:00;31,63;0,03163;0,03163;0,06963
29.06.2019 02:00;29.06.2019 03:00;29,88;0,02988;0,02988;0,06788
29.06.2019 03:00;29.06.2019 04:00;29,13;0,02913;0,02913;0,06713
29.06.2019 04:00;29.06.2019 05:00;29,52;0,02952;0,02952;0,06752
29.06.2019 05:00;29.06.2019 06:00;28,76;0,02876;0,02876;0,06676
29.06.2019 06:00;29.06.2019 07:00;30,06;0,03006;0,03006;0,06806
29.06.2019 07:00;29.06.2019 08:00;31,48;0,03148;0,03148;0,06948
29.06.2019 08:00;29.06.2019 09:00;30,15;0,03015;0,03015;0,06815
29.06.2019 09:00;29.06.2019 10:00;30,15;0,03015;0,03015;0,06815
29.06.2019 10:00;29.06.2019 11:00;28,07;0,02807;0,02807;0,06607
29.06.2019 11:00;29.06.2019 12:00;28,01;0,02801;0,02801;0,06601
29.06.2019 12:00;29.06.2019 13:00;28,01;0,02801;0,02801;0,06601
29.06.2019 13:00;29.06.2019 14:00;25,82;0,02582;0,02582;0,06382
29.06.2019 14:00;29.06.2019 15:00;25,06;0,02506;0,02506;0,06306
29.06.2019 15:00;29.06.2019 16:00;25,19;0,02519;0,02519;0,06319
29.06.2019 16:00;29.06.2019 17:00;26,39;0,02639;0,02639;0,06439
29.06.2019 17:00;29.06.2019 18:00;30,18;0,03018;0,03018;0,06818
29.06.2019 18:00;29.06.2019 19:00;40;0,04;0,04;0,078
29.06.2019 19:00;29.06.2019 20:00;52,46;0,05246;0,05246;0,09046
29.06.2019 20:00;29.06.2019 21:00;56,23;0,05623;0,05623;0,09423
29.06.2019 21:00;29.06.2019 22:00;49,95;0,04995;0,04995;0,08795
29.06.2019 22:00;29.06.2019 23:00;41,03;0,04103;0,04103;0,07903
29.06.2019 23:00;30.06.2019 00:00;35,61;0,03561;0,03561;0,07361
30.06.2019 00:00;30.06.2019 01:00;30,41;0,03041;0,03041;0,06841
30.06.2019 01:00;30.06.2019 02:00;26,9;0,0269;0,0269;0,0649
30.06.2019 02:00;30.06.2019 03:00;21,55;0,02155;0,02155;0,05955
30.06.2019 03:00;30.06.2019 04:00;17,13;0,01713;0,01713;0,05513
30.06.2019 04:00;30.06.2019 05:00;14,92;0,01492;0,01492;0,05292
30.06.2019 05:00;30.06.2019 06:00;10,16;0,01016;0,01016;0,04816
30.06.2019 06:00;30.06.2019 07:00;12,26;0,01226;0,01226;0,05026
30.06.2019 07:00;30.06.2019 08:00;13,38;0,01338;0,01338;0,05138
30.06.2019 08:00;30.06.2019 09:00;19,65;0,01965;0,01965;0,05765
30.06.2019 09:00;30.06.2019 10:00;17,24;0,01724;0,01724;0,05524
30.06.2019 10:00;30.06.2019 11:00;11,78;0,01178;0,01178;0,04978
30.06.2019 11:00;30.06.2019 12:00;9,06;0,00906;0,00906;0,04706
30.06.2019 12:00;30.06.2019 13:00;0,06;0,00006;0,00006;0,03806
30.06.2019 13:00;30.06.2019 14:00;-29,29;-0,02929;0,02929;0,00871
30.06.2019 14:00;30.06.2019 15:00;-39,97;-0,03997;0,03997;-0,00197
30.06.2019 15:00;30.06.2019 16:00;-12,51;-0,01251;0,01251;0,02549
30.06.2019 16:00;30.06.2019 17:00;0,02;0,00002;0,00002;0,03802
30.06.2019 17:00;30.06.2019 18:00;20,05;0,02005;0,02005;0,05805
30.06.2019 18:00;30.06.2019 19:00;28,83;0,02883;0,02883;0,06683
30.06.2019 19:00;30.06.2019 20:00;36,63;0,03663;0,03663;0,07463
30.06.2019 20:00;30.06.2019 21:00;37,94;0,03794;0,03794;0,07594
30.06.2019 21:00;30.06.2019 22:00;37,07;0,03707;0,03707;0,07507
30.06.2019 22:00;30.06.2019 23:00;43,19;0,04319;0,04319;0,08119
30.06.2019 23:00;01.07.2019 00:00;36,72;0,03672;0,03672;0,07472
01.07.2019 00:00;01.07.2019 01:00;28,98;0,02898;0,02898;0,06698
01.07.2019 01:00;01.07.2019 02:00;26,23;0,02623;0,02623;0,06423
01.07.2019 02:00;01.07.2019 03:00;25,04;0,02504;0,02504;0,06304
01.07.2019 03:00;01.07.2019 04:00;24,94;0,02494;0,02494;0,06294
01.07.2019 04:00;01.07.2019 05:00;26,04;0,02604;0,02604;0,06404
01.07.2019 05:00;01.07.2019 06:00;27,14;0,02714;0,02714;0,06514
01.07.2019 06:00;01.07.2019 07:00;41,93;0,04193;0,04193;0,07993
01.07.2019 07:00;01.07.2019 08:00;53,1;0,0531;0,0531;0,0911
01.07.2019 08:00;01.07.2019 09:00;52,85;0,05285;0,05285;0,09085
01.07.2019 09:00;01.07.2019 10:00;41,13;0,04113;0,04113;0,07913
01.07.2019 10:00;01.07.2019 11:00;37,57;0,03757;0,03757;0,07557
01.07.2019 11:00;01.07.2019 12:00;32,85;0,03285;0,03285;0,07085
01.07.2019 12:00;01.07.2019 13:00;29,46;0,02946;0,02946;0,06746
01.07.2019 13:00;01.07.2019 14:00;27,39;0,02739;0,02739;0,06539
01.07.2019 14:00;01.07.2019 15:00;27,25;0,02725;0,02725;0,06525
01.07.2019 15:00;01.07.2019 16:00;27;0,027;0,027;0,065
01.07.2019 16:00;01.07.2019 17:00;26,72;0,02672;0,02672;0,06472
01.07.2019 17:00;01.07.2019 18:00;27,5;0,0275;0,0275;0,0655
01.07.2019 18:00;01.07.2019 19:00;31,03;0,03103;0,03103;0,06903
01.07.2019 19:00;01.07.2019 20:00;36,49;0,03649;0,03649;0,07449
01.07.2019 20:00;01.07.2019 21:00;36,32;0,03632;0,03632;0,07432
01.07.2019 21:00;01.07.2019 22:00;34,93;0,03493;0,03493;0,07293
01.07.2019 22:00;01.07.2019 23:00;37,24;0,03724;0,03724;0,07524
01.07.2019 23:00;02.07.2019 00:00;31,97;0,03197;0,03197;0,06997
02.07.2019 00:00;02.07.2019 01:00;28,9;0,0289;0,0289;0,0669
02.07.2019 01:00;02.07.2019 02:00;26,97;0,02697;0,02697;0,06497
02.07.2019 02:00;02.07.2019 03:00;25,48;0,02548;0,02548;0,06348
02.07.2019 03:00;02.07.2019 04:00;24,75;0,02475;0,02475;0,06275
02.07.2019 04:00;02.07.2019 05:00;24,91;0,02491;0,02491;0,06291
02.07.2019 05:00;02.07.2019 06:00;26,99;0,02699;0,02699;0,06499
02.07.2019 06:00;02.07.2019 07:00;31;0,031;0,031;0,069
02.07.2019 07:00;02.07.2019 08:00;36,12;0,03612;0,03612;0,07412
02.07.2019 08:00;02.07.2019 09:00;36,1;0,0361;0,0361;0,0741
02.07.2019 09:00;02.07.2019 10:00;33,33;0,03333;0,03333;0,07133
02.07.2019 10:00;02.07.2019 11:00;32,75;0,03275;0,03275;0,07075
02.07.2019 11:00;02.07.2019 12:00;31,8;0,0318;0,0318;0,0698
02.07.2019 12:00;02.07.2019 13:00;29,59;0,02959;0,02959;0,06759
02.07.2019 13:00;02.07.2019 14:00;29,55;0,02955;0,02955;0,06755
02.07.2019 14:00;02.07.2019 15:00;29,52;0,02952;0,02952;0,06752
02.07.2019 15:00;02.07.2019 16:00;29,6;0,0296;0,0296;0,0676
02.07.2019 16:00;02.07.2019 17:00;29,96;0,02996;0,02996;0,06796
02.07.2019 17:00;02.07.2019 18:00;33,05;0,03305;0,03305;0,07105
02.07.2019 18:00;02.07.2019 19:00;38,02;0,03802;0,03802;0,07602
02.07.2019 19:00;02.07.2019 20:00;44;0,044;0,044;0,082
02.07.2019 20:00;02.07.2019 21:00;50,96;0,05096;0,05096;0,08896
02.07.2019 21:00;02.07.2019 22:00;47,9;0,0479;0,0479;0,0859
02.07.2019 22:00;02.07.2019 23:00;42,14;0,04214;0,04214;0,08014
02.07.2019 23:00;03.07.2019 00:00;37,05;0,03705;0,03705;0,07505
03.07.2019 00:00;03.07.2019 01:00;30,94;0,03094;0,03094;0,06894
03.07.2019 01:00;03.07.2019 02:00;28,07;0,02807;0,02807;0,06607
03.07.2019 02:00;03.07.2019 03:00;27,6;0,0276;0,0276;0,0656
03.07.2019 03:00;03.07.2019 04:00;27,37;0,02737;0,02737;0,06537
03.07.2019 04:00;03.07.2019 05:00;28,01;0,02801;0,02801;0,06601
03.07.2019 05:00;03.07.2019 06:00;29,04;0,02904;0,02904;0,06704
03.07.2019 06:00;03.07.2019 07:00;38,22;0,03822;0,03822;0,07622
03.07.2019 07:00;03.07.2019 08:00;47,6;0,0476;0,0476;0,0856
03.07.2019 08:00;03.07.2019 09:00;46,95;0,04695;0,04695;0,08495
03.07.2019 09:00;03.07.2019 10:00;37,53;0,03753;0,03753;0,07553
03.07.2019 10:00;03.07.2019 11:00;33,68;0,03368;0,03368;0,07168
03.07.2019 11:00;03.07.2019 12:00;33,4;0,0334;0,0334;0,0714
03.07.2019 12:00;03.07.2019 13:00;31,19;0,03119;0,03119;0,06919
03.07.2019 13:00;03.07.2019 14:00;30,14;0,03014;0,03014;0,06814
03.07.2019 14:00;03.07.2019 15:00;30,1;0,0301;0,0301;0,0681
03.07.2019 15:00;03.07.2019 16:00;29,98;0,02998;0,02998;0,06798
03.07.2019 16:00;03.07.2019 17:00;30,08;0,03008;0,03008;0,06808
03.07.2019 17:00;03.07.2019 18:00;33;0,033;0,033;0,071
03.07.2019 18:00;03.07.2019 19:00;36,49;0,03649;0,03649;0,07449
03.07.2019 19:00;03.07.2019 20:00;43,07;0,04307;0,04307;0,08107
03.07.2019 20:00;03.07.2019 21:00;48,39;0,04839;0,04839;0,08639
03.07.2019 21:00;03.07.2019 22:00;40,07;0,04007;0,04007;0,07807
03.07.2019 22:00;03.07.2019 23:00;37,57;0,03757;0,03757;0,07557
03.07.2019 23:00;04.07.2019 00:00;33,41;0,03341;0,03341;0,07141
04.07.2019 00:00;04.07.2019 01:00;29,93;0,02993;0,02993;0,06793
04.07.2019 01:00;04.07.2019 02:00;28,83;0,02883;0,02883;0,06683
04.07.2019 02:00;04.07.2019 03:00;28,06;0,02806;0,02806;0,06606
04.07.2019 03:00;04.07.2019 04:00;29,06;0,02906;0,02906;0,06706
04.07.2019 04:00;04.07.2019 05:00;29,73;0,02973;0,02973;0,06773
04.07.2019 05:00;04.07.2019 06:00;30,74;0,03074;0,03074;0,06874
04.07.2019 06:00;04.07.2019 07:00;36,99;0,03699;0,03699;0,07499
04.07.2019 07:00;04.07.2019 08:00;44,31;0,04431;0,04431;0,08231
04.07.2019 08:00;04.07.2019 09:00;39,72;0,03972;0,03972;0,07772
04.07.2019 09:00;04.07.2019 10:00;34,77;0,03477;0,03477;0,07277
04.07.2019 10:00;04.07.2019 11:00;31,88;0,03188;0,03188;0,06988
04.07.2019 11:00;04.07.2019 12:00;30,89;0,03089;0,03089;0,06889
04.07.2019 12:00;04.07.2019 13:00;29,73;0,02973;0,02973;0,06773
04.07.2019 13:00;04.07.2019 14:00;29,65;0,02965;0,02965;0,06765
04.07.2019 14:00;04.07.2019 15:00;29,53;0,02953;0,02953;0,06753
04.07.2019 15:00;04.07.2019 16:00;29,64;0,02964;0,02964;0,06764
04.07.2019 16:00;04.07.2019 17:00;29,8;0,0298;0,0298;0,0678
04.07.2019 17:00;04.07.2019 18:00;32,98;0,03298;0,03298;0,07098
04.07.2019 18:00;04.07.2019 19:00;36,92;0,03692;0,03692;0,07492
04.07.2019 19:00;04.07.2019 20:00;43,58;0,04358;0,04358;0,08158
04.07.2019 20:00;04.07.2019 21:00;44,98;0,04498;0,04498;0,08298
04.07.2019 21:00;04.07.2019 22:00;39,9;0,0399;0,0399;0,0779
04.07.2019 22:00;04.07.2019 23:00;39,06;0,03906;0,03906;0,07706
04.07.2019 23:00;05.07.2019 00:00;34,9;0,0349;0,0349;0,0729
05.07.2019 00:00;05.07.2019 01:00;29,8;0,0298;0,0298;0,0678
05.07.2019 01:00;05.07.2019 02:00;29;0,029;0,029;0,067
05.07.2019 02:00;05.07.2019 03:00;27,8;0,0278;0,0278;0,0658
05.07.2019 03:00;05.07.2019 04:00;27,64;0,02764;0,02764;0,06564
05.07.2019 04:00;05.07.2019 05:00;27,9;0,0279;0,0279;0,0659
05.07.2019 05:00;05.07.2019 06:00;29,08;0,02908;0,02908;0,06708
05.07.2019 06:00;05.07.2019 07:00;34,62;0,03462;0,03462;0,07262
05.07.2019 07:00;05.07.2019 08:00;42,89;0,04289;0,04289;0,08089
05.07.2019 08:00;05.07.2019 09:00;45,92;0,04592;0,04592;0,08392
05.07.2019 09:00;05.07.2019 10:00;43,4;0,0434;0,0434;0,0814
05.07.2019 10:00;05.07.2019 11:00;38;0,038;0,038;0,076
05.07.2019 11:00;05.07.2019 12:00;36,6;0,0366;0,0366;0,0746
05.07.2019 12:00;05.07.2019 13:00;33,02;0,03302;0,03302;0,07102
05.07.2019 13:00;05.07.2019 14:00;31,05;0,03105;0,03105;0,06905
05.07.2019 14:00;05.07.2019 15:00;29,68;0,02968;0,02968;0,06768
05.07.2019 15:00;05.07.2019 16:00;29,23;0,02923;0,02923;0,06723
05.07.2019 16:00;05.07.2019 17:00;30,4;0,0304;0,0304;0,0684
05.07.2019 17:00;05.07.2019 18:00;32,97;0,03297;0,03297;0,07097
05.07.2019 18:00;05.07.2019 19:00;35,35;0,03535;0,03535;0,07335
05.07.2019 19:00;05.07.2019 20:00;40,15;0,04015;0,04015;0,07815
05.07.2019 20:00;05.07.2019 21:00;45,86;0,04586;0,04586;0,08386
05.07.2019 21:00;05.07.2019 22:00;45,75;0,04575;0,04575;0,08375
05.07.2019 22:00;05.07.2019 23:00;42,07;0,04207;0,04207;0,08007
05.07.2019 23:00;06.07.2019 00:00;38,09;0,03809;0,03809;0,07609
06.07.2019 00:00;06.07.2019 01:00;37,97;0,03797;0,03797;0,07597
06.07.2019 01:00;06.07.2019 02:00;34,1;0,0341;0,0341;0,0721
06.07.2019 02:00;06.07.2019 03:00;30,99;0,03099;0,03099;0,06899
06.07.2019 03:00;06.07.2019 04:00;30,52;0,03052;0,03052;0,06852
06.07.2019 04:00;06.07.2019 05:00;30,01;0,03001;0,03001;0,06801
06.07.2019 05:00;06.07.2019 06:00;29,24;0,02924;0,02924;0,06724
06.07.2019 06:00;06.07.2019 07:00;29,21;0,02921;0,02921;0,06721
06.07.2019 07:00;06.07.2019 08:00;29,74;0,02974;0,02974;0,06774
06.07.2019 08:00;06.07.2019 09:00;31,05;0,03105;0,03105;0,06905
06.07.2019 09:00;06.07.2019 10:00;30,99;0,03099;0,03099;0,06899
06.07.2019 10:00;06.07.2019 11:00;29,7;0,0297;0,0297;0,0677
06.07.2019 11:00;06.07.2019 12:00;28,53;0,02853;0,02853;0,06653
06.07.2019 12:00;06.07.2019 13:00;26,86;0,02686;0,02686;0,06486
06.07.2019 13:00;06.07.2019 14:00;26,09;0,02609;0,02609;0,06409
06.07.2019 14:00;06.07.2019 15:00;24,94;0,02494;0,02494;0,06294
06.07.2019 15:00;06.07.2019 16:00;26,1;0,0261;0,0261;0,0641
06.07.2019 16:00;06.07.2019 17:00;27,64;0,02764;0,02764;0,06564
06.07.2019 17:00;06.07.2019 18:00;28,99;0,02899;0,02899;0,06699
06.07.2019 18:00;06.07.2019 19:00;30,53;0,03053;0,03053;0,06853
06.07.2019 19:00;06.07.2019 20:00;30,77;0,03077;0,03077;0,06877
06.07.2019 20:00;06.07.2019 21:00;29,73;0,02973;0,02973;0,06773
06.07.2019 21:00;06.07.2019 22:00;29,34;0,02934;0,02934;0,06734
06.07.2019 22:00;06.07.2019 23:00;32,12;0,03212;0,03212;0,07012
06.07.2019 23:00;07.07.2019 00:00;29,09;0,02909;0,02909;0,06709
07.07.2019 00:00;07.07.2019 01:00;28,21;0,02821;0,02821;0,06621
07.07.2019 01:00;07.07.2019 02:00;25,98;0,02598;0,02598;0,06398
07.07.2019 02:00;07.07.2019 03:00;25,03;0,02503;0,02503;0,06303
07.07.2019 03:00;07.07.2019 04:00;24,27;0,02427;0,02427;0,06227
07.07.2019 04:00;07.07.2019 05:00;23,36;0,02336;0,02336;0,06136
07.07.2019 05:00;07.07.2019 06:00;23,6;0,0236;0,0236;0,0616
07.07.2019 06:00;07.07.2019 07:00;21,82;0,02182;0,02182;0,05982
07.07.2019 07:00;07.07.2019 08:00;20,78;0,02078;0,02078;0,05878
07.07.2019 08:00;07.07.2019 09:00;24,11;0,02411;0,02411;0,06211
07.07.2019 09:00;07.07.2019 10:00;25,76;0,02576;0,02576;0,06376
07.07.2019 10:00;07.07.2019 11:00;25,99;0,02599;0,02599;0,06399
07.07.2019 11:00;07.07.2019 12:00;26,4;0,0264;0,0264;0,0644
07.07.2019 12:00;07.07.2019 13:00;26,3;0,0263;0,0263;0,0643
07.07.2019 13:00;07.07.2019 14:00;20,66;0,02066;0,02066;0,05866
07.07.2019 14:00;07.07.2019 15:00;9,39;0,00939;0,00939;0,04739
07.07.2019 15:00;07.07.2019 16:00;6,77;0,00677;0,00677;0,04477
07.07.2019 16:00;07.07.2019 17:00;12,12;0,01212;0,01212;0,05012
07.07.2019 17:00;07.07.2019 18:00;25,62;0,02562;0,02562;0,06362
07.07.2019 18:00;07.07.2019 19:00;29,2;0,0292;0,0292;0,0672
07.07.2019 19:00;07.07.2019 20:00;31,47;0,03147;0,03147;0,06947
07.07.2019 20:00;07.07.2019 21:00;31,98;0,03198;0,03198;0,06998
07.07.2019 21:00;07.07.2019 22:00;33,06;0,03306;0,03306;0,07106
07.07.2019 22:00;07.07.2019 23:00;37,02;0,03702;0,03702;0,07502
07.07.2019 23:00;08.07.2019 00:00;33,02;0,03302;0,03302;0,07102
08.07.2019 00:00;08.07.2019 01:00;34,93;0,03493;0,03493;0,07293
08.07.2019 01:00;08.07.2019 02:00;30,11;0,03011;0,03011;0,06811
08.07.2019 02:00;08.07.2019 03:00;29,55;0,02955;0,02955;0,06755
08.07.2019 03:00;08.07.2019 04:00;30,47;0,03047;0,03047;0,06847
08.07.2019 04:00;08.07.2019 05:00;30,04;0,03004;0,03004;0,06804
08.07.2019 05:00;08.07.2019 06:00;30,1;0,0301;0,0301;0,0681
08.07.2019 06:00;08.07.2019 07:00;34,9;0,0349;0,0349;0,0729
08.07.2019 07:00;08.07.2019 08:00;39,06;0,03906;0,03906;0,07706
08.07.2019 08:00;08.07.2019 09:00;39,99;0,03999;0,03999;0,07799
08.07.2019 09:00;08.07.2019 10:00;38,59;0,03859;0,03859;0,07659
08.07.2019 10:00;08.07.2019 11:00;37,29;0,03729;0,03729;0,07529
08.07.2019 11:00;08.07.2019 12:00;39,94;0,03994;0,03994;0,07794
08.07.2019 12:00;08.07.2019 13:00;38,68;0,03868;0,03868;0,07668
08.07.2019 13:00;08.07.2019 14:00;35,09;0,03509;0,03509;0,07309
08.07.2019 14:00;08.07.2019 15:00;33,48;0,03348;0,03348;0,07148
08.07.2019 15:00;08.07.2019 16:00;33,76;0,03376;0,03376;0,07176
08.07.2019 16:00;08.07.2019 17:00;34,47;0,03447;0,03447;0,07247
08.07.2019 17:00;08.07.2019 18:00;34,92;0,03492;0,03492;0,07292
08.07.2019 18:00;08.07.2019 19:00;38;0,038;0,038;0,076
08.07.2019 19:00;08.07.2019 20:00;42,9;0,0429;0,0429;0,0809
08.07.2019 20:00;08.07.2019 21:00;38,35;0,03835;0,03835;0,07635
08.07.2019 21:00;08.07.2019 22:00;37,93;0,03793;0,03793;0,07593
08.07.2019 22:00;08.07.2019 23:00;39,43;0,03943;0,03943;0,07743
08.07.2019 23:00;09.07.2019 00:00;34,63;0,03463;0,03463;0,07263
09.07.2019 00:00;09.07.2019 01:00;31,56;0,03156;0,03156;0,06956
09.07.2019 01:00;09.07.2019 02:00;30,19;0,03019;0,03019;0,06819
09.07.2019 02:00;09.07.2019 03:00;29,81;0,02981;0,02981;0,06781
09.07.2019 03:00;09.07.2019 04:00;29,43;0,02943;0,02943;0,06743
09.07.2019 04:00;09.07.2019 05:00;29,95;0,02995;0,02995;0,06795
09.07.2019 05:00;09.07.2019 06:00;30,47;0,03047;0,03047;0,06847
09.07.2019 06:00;09.07.2019 07:00;36,16;0,03616;0,03616;0,07416
09.07.2019 07:00;09.07.2019 08:00;43,95;0,04395;0,04395;0,08195
09.07.2019 08:00;09.07.2019 09:00;44,06;0,04406;0,04406;0,08206
09.07.2019 09:00;09.07.2019 10:00;41,09;0,04109;0,04109;0,07909
09.07.2019 10:00;09.07.2019 11:00;38,17;0,03817;0,03817;0,07617
09.07.2019 11:00;09.07.2019 12:00;38,04;0,03804;0,03804;0,07604
09.07.2019 12:00;09.07.2019 13:00;37,06;0,03706;0,03706;0,07506
09.07.2019 13:00;09.07.2019 14:00;35,15;0,03515;0,03515;0,07315
09.07.2019 14:00;09.07.2019 15:00;34,75;0,03475;0,03475;0,07275
09.07.2019 15:00;09.07.2019 16:00;34,24;0,03424;0,03424;0,07224
09.07.2019 16:00;09.07.2019 17:00;34,74;0,03474;0,03474;0,07274
09.07.2019 17:00;09.07.2019 18:00;36,71;0,03671;0,03671;0,07471
09.07.2019 18:00;09.07.2019 19:00;40,34;0,04034;0,04034;0,07834
09.07.2019 19:00;09.07.2019 20:00;47;0,047;0,047;0,085
09.07.2019 20:00;09.07.2019 21:00;47,9;0,0479;0,0479;0,0859
09.07.2019 21:00;09.07.2019 22:00;45,99;0,04599;0,04599;0,08399
09.07.2019 22:00;09.07.2019 23:00;43,88;0,04388;0,04388;0,08188
09.07.2019 23:00;10.07.2019 00:00;36,66;0,03666;0,03666;0,07466
10.07.2019 00:00;10.07.2019 01:00;35,91;0,03591;0,03591;0,07391
10.07.2019 01:00;10.07.2019 02:00;33,54;0,03354;0,03354;0,07154
10.07.2019 02:00;10.07.2019 03:00;32,98;0,03298;0,03298;0,07098
10.07.2019 03:00;10.07.2019 04:00;32,92;0,03292;0,03292;0,07092
10.07.2019 04:00;10.07.2019 05:00;33,3;0,0333;0,0333;0,0713
10.07.2019 05:00;10.07.2019 06:00;33,5;0,0335;0,0335;0,0715
10.07.2019 06:00;10.07.2019 07:00;41,92;0,04192;0,04192;0,07992
10.07.2019 07:00;10.07.2019 08:00;49,45;0,04945;0,04945;0,08745
10.07.2019 08:00;10.07.2019 09:00;48,8;0,0488;0,0488;0,0868
10.07.2019 09:00;10.07.2019 10:00;43,99;0,04399;0,04399;0,08199
10.07.2019 10:00;10.07.2019 11:00;41,34;0,04134;0,04134;0,07934
10.07.2019 11:00;10.07.2019 12:00;42,13;0,04213;0,04213;0,08013
10.07.2019 12:00;10.07.2019 13:00;39,16;0,03916;0,03916;0,07716
10.07.2019 13:00;10.07.2019 14:00;37,32;0,03732;0,03732;0,07532
10.07.2019 14:00;10.07.2019 15:00;36,99;0,03699;0,03699;0,07499
10.07.2019 15:00;10.07.2019 16:00;37,05;0,03705;0,03705;0,07505
10.07.2019 16:00;10.07.2019 17:00;38,84;0,03884;0,03884;0,07684
10.07.2019 17:00;10.07.2019 18:00;44,08;0,04408;0,04408;0,08208
10.07.2019 18:00;10.07.2019 19:00;48,95;0,04895;0,04895;0,08695
10.07.2019 19:00;10.07.2019 20:00;53,19;0,05319;0,05319;0,09119
10.07.2019 20:00;10.07.2019 21:00;51,47;0,05147;0,05147;0,08947
10.07.2019 21:00;10.07.2019 22:00;48,06;0,04806;0,04806;0,08606
10.07.2019 22:00;10.07.2019 23:00;47,73;0,04773;0,04773;0,08573
10.07.2019 23:00;11.07.2019 00:00;42,65;0,04265;0,04265;0,08065
11.07.2019 00:00;11.07.2019 01:00;36,52;0,03652;0,03652;0,07452
11.07.2019 01:00;11.07.2019 02:00;35,99;0,03599;0,03599;0,07399
11.07.2019 02:00;11.07.2019 03:00;35,12;0,03512;0,03512;0,07312
11.07.2019 03:00;11.07.2019 04:00;35;0,035;0,035;0,073
11.07.2019 04:00;11.07.2019 05:00;35;0,035;0,035;0,073
11.07.2019 05:00;11.07.2019 06:00;35,96;0,03596;0,03596;0,07396
11.07.2019 06:00;11.07.2019 07:00;42,41;0,04241;0,04241;0,08041
11.07.2019 07:00;11.07.2019 08:00;50,92;0,05092;0,05092;0,08892
11.07.2019 08:00;11.07.2019 09:00;51,94;0,05194;0,05194;0,08994
11.07.2019 09:00;11.07.2019 10:00;52,84;0,05284;0,05284;0,09084
11.07.2019 10:00;11.07.2019 11:00;51,78;0,05178;0,05178;0,08978
11.07.2019 11:00;11.07.2019 12:00;53,99;0,05399;0,05399;0,09199
11.07.2019 12:00;11.07.2019 13:00;51,42;0,05142;0,05142;0,08942
11.07.2019 13:00;11.07.2019 14:00;50;0,05;0,05;0,088
11.07.2019 14:00;11.07.2019 15:00;46,65;0,04665;0,04665;0,08465
11.07.2019 15:00;11.07.2019 16:00;45,51;0,04551;0,04551;0,08351
11.07.2019 16:00;11.07.2019 17:00;46;0,046;0,046;0,084
11.07.2019 17:00;11.07.2019 18:00;49,9;0,0499;0,0499;0,0879
11.07.2019 18:00;11.07.2019 19:00;52,7;0,0527;0,0527;0,0907
11.07.2019 19:00;11.07.2019 20:00;53,39;0,05339;0,05339;0,09139
11.07.2019 20:00;11.07.2019 21:00;51,9;0,0519;0,0519;0,0899
11.07.2019 21:00;11.07.2019 22:00;49,04;0,04904;0,04904;0,08704
11.07.2019 22:00;11.07.2019 23:00;47,76;0,04776;0,04776;0,08576
11.07.2019 23:00;12.07.2019 00:00;40,17;0,04017;0,04017;0,07817
12.07.2019 00:00;12.07.2019 01:00;38,94;0,03894;0,03894;0,07694
12.07.2019 01:00;12.07.2019 02:00;37,89;0,03789;0,03789;0,07589
12.07.2019 02:00;12.07.2019 03:00;37,43;0,03743;0,03743;0,07543
12.07.2019 03:00;12.07.2019 04:00;37,33;0,03733;0,03733;0,07533
12.07.2019 04:00;12.07.2019 05:00;37,68;0,03768;0,03768;0,07568
12.07.2019 05:00;12.07.2019 06:00;37,83;0,03783;0,03783;0,07583
12.07.2019 06:00;12.07.2019 07:00;48,39;0,04839;0,04839;0,08639
12.07.2019 07:00;12.07.2019 08:00;53,91;0,05391;0,05391;0,09191
12.07.2019 08:00;12.07.2019 09:00;58,4;0,0584;0,0584;0,0964
12.07.2019 09:00;12.07.2019 10:00;56,77;0,05677;0,05677;0,09477
12.07.2019 10:00;12.07.2019 11:00;52,4;0,0524;0,0524;0,0904
12.07.2019 11:00;12.07.2019 12:00;50,97;0,05097;0,05097;0,08897
12.07.2019 12:00;12.07.2019 13:00;44,54;0,04454;0,04454;0,08254
12.07.2019 13:00;12.07.2019 14:00;41,73;0,04173;0,04173;0,07973
12.07.2019 14:00;12.07.2019 15:00;40,73;0,04073;0,04073;0,07873
12.07.2019 15:00;12.07.2019 16:00;38;0,038;0,038;0,076
12.07.2019 16:00;12.07.2019 17:00;38,64;0,03864;0,03864;0,07664
12.07.2019 17:00;12.07.2019 18:00;41,91;0,04191;0,04191;0,07991
12.07.2019 18:00;12.07.2019 19:00;50,9;0,0509;0,0509;0,0889
12.07.2019 19:00;12.07.2019 20:00;53,94;0,05394;0,05394;0,09194
12.07.2019 20:00;12.07.2019 21:00;53,92;0,05392;0,05392;0,09192
12.07.2019 21:00;12.07.2019 22:00;48,31;0,04831;0,04831;0,08631
12.07.2019 22:00;12.07.2019 23:00;43,88;0,04388;0,04388;0,08188
12.07.2019 23:00;13.07.2019 00:00;41,42;0,04142;0,04142;0,07942
13.07.2019 00:00;13.07.2019 01:00;41,05;0,04105;0,04105;0,07905
13.07.2019 01:00;13.07.2019 02:00;38,38;0,03838;0,03838;0,07638
13.07.2019 02:00;13.07.2019 03:00;36,87;0,03687;0,03687;0,07487
13.07.2019 03:00;13.07.2019 04:00;36,12;0,03612;0,03612;0,07412
13.07.2019 04:00;13.07.2019 05:00;37,02;0,03702;0,03702;0,07502
13.07.2019 05:00;13.07.2019 06:00;35,36;0,03536;0,03536;0,07336
13.07.2019 06:00;13.07.2019 07:00;36,1;0,0361;0,0361;0,0741
13.07.2019 07:00;13.07.2019 08:00;37,78;0,03778;0,03778;0,07578
13.07.2019 08:00;13.07.2019 09:00;38,46;0,03846;0,03846;0,07646
13.07.2019 09:00;13.07.2019 10:00;39,83;0,03983;0,03983;0,07783
13.07.2019 10:00;13.07.2019 11:00;39,82;0,03982;0,03982;0,07782
13.07.2019 11:00;13.07.2019 12:00;39;0,039;0,039;0,077
13.07.2019 12:00;13.07.2019 13:00;37,87;0,03787;0,03787;0,07587
13.07.2019 13:00;13.07.2019 14:00;34,7;0,0347;0,0347;0,0727
13.07.2019 14:00;13.07.2019 15:00;33,94;0,03394;0,03394;0,07194
13.07.2019 15:00;13.07.2019 16:00;33,51;0,03351;0,03351;0,07151
13.07.2019 16:00;13.07.2019 17:00;33,56;0,03356;0,03356;0,07156
13.07.2019 17:00;13.07.2019 18:00;34,71;0,03471;0,03471;0,07271
13.07.2019 18:00;13.07.2019 19:00;36,91;0,03691;0,03691;0,07491
13.07.2019 19:00;13.07.2019 20:00;37,98;0,03798;0,03798;0,07598
13.07.2019 20:00;13.07.2019 21:00;37,79;0,03779;0,03779;0,07579
13.07.2019 21:00;13.07.2019 22:00;37,72;0,03772;0,03772;0,07572
13.07.2019 22:00;13.07.2019 23:00;41,2;0,0412;0,0412;0,0792
13.07.2019 23:00;14.07.2019 00:00;38,17;0,03817;0,03817;0,07617
14.07.2019 00:00;14.07.2019 01:00;35,85;0,03585;0,03585;0,07385
14.07.2019 01:00;14.07.2019 02:00;35,04;0,03504;0,03504;0,07304
14.07.2019 02:00;14.07.2019 03:00;33,77;0,03377;0,03377;0,07177
14.07.2019 03:00;14.07.2019 04:00;32,69;0,03269;0,03269;0,07069
14.07.2019 04:00;14.07.2019 05:00;32,15;0,03215;0,03215;0,07015
14.07.2019 05:00;14.07.2019 06:00;32,14;0,03214;0,03214;0,07014
14.07.2019 06:00;14.07.2019 07:00;32,29;0,03229;0,03229;0,07029
14.07.2019 07:00;14.07.2019 08:00;33,92;0,03392;0,03392;0,07192
14.07.2019 08:00;14.07.2019 09:00;35,46;0,03546;0,03546;0,07346
14.07.2019 09:00;14.07.2019 10:00;36,92;0,03692;0,03692;0,07492
14.07.2019 10:00;14.07.2019 11:00;37;0,037;0,037;0,075
14.07.2019 11:00;14.07.2019 12:00;37,16;0,03716;0,03716;0,07516
14.07.2019 12:00;14.07.2019 13:00;36,43;0,03643;0,03643;0,07443
14.07.2019 13:00;14.07.2019 14:00;34,04;0,03404;0,03404;0,07204
14.07.2019 14:00;14.07.2019 15:00;32,14;0,03214;0,03214;0,07014
14.07.2019 15:00;14.07.2019 16:00;32,04;0,03204;0,03204;0,07004
14.07.2019 16:00;14.07.2019 17:00;32,17;0,03217;0,03217;0,07017
14.07.2019 17:00;14.07.2019 18:00;34,94;0,03494;0,03494;0,07294
14.07.2019 18:00;14.07.2019 19:00;37,84;0,03784;0,03784;0,07584
14.07.2019 19:00;14.07.2019 20:00;38,97;0,03897;0,03897;0,07697
14.07.2019 20:00;14.07.2019 21:00;39,91;0,03991;0,03991;0,07791
14.07.2019 21:00;14.07.2019 22:00;39,05;0,03905;0,03905;0,07705
14.07.2019 22:00;14.07.2019 23:00;43,72;0,04372;0,04372;0,08172
14.07.2019 23:00;15.07.2019 00:00;39,11;0,03911;0,03911;0,07711
15.07.2019 00:00;15.07.2019 01:00;37,8;0,0378;0,0378;0,0758
15.07.2019 01:00;15.07.2019 02:00;36,58;0,03658;0,03658;0,07458
15.07.2019 02:00;15.07.2019 03:00;36,45;0,03645;0,03645;0,07445
15.07.2019 03:00;15.07.2019 04:00;35,16;0,03516;0,03516;0,07316
15.07.2019 04:00;15.07.2019 05:00;34,93;0,03493;0,03493;0,07293
15.07.2019 05:00;15.07.2019 06:00;36,84;0,03684;0,03684;0,07484
15.07.2019 06:00;15.07.2019 07:00;44,91;0,04491;0,04491;0,08291
15.07.2019 07:00;15.07.2019 08:00;50,02;0,05002;0,05002;0,08802
15.07.2019 08:00;15.07.2019 09:00;50,06;0,05006;0,05006;0,08806
15.07.2019 09:00;15.07.2019 10:00;47,94;0,04794;0,04794;0,08594
15.07.2019 10:00;15.07.2019 11:00;46,2;0,0462;0,0462;0,0842
15.07.2019 11:00;15.07.2019 12:00;45,3;0,0453;0,0453;0,0833
15.07.2019 12:00;15.07.2019 13:00;44;0,044;0,044;0,082
15.07.2019 13:00;15.07.2019 14:00;41;0,041;0,041;0,079
15.07.2019 14:00;15.07.2019 15:00;38,56;0,03856;0,03856;0,07656
15.07.2019 15:00;15.07.2019 16:00;37,78;0,03778;0,03778;0,07578
15.07.2019 16:00;15.07.2019 17:00;37,26;0,03726;0,03726;0,07526
15.07.2019 17:00;15.07.2019 18:00;37,77;0,03777;0,03777;0,07577
15.07.2019 18:00;15.07.2019 19:00;42,56;0,04256;0,04256;0,08056
15.07.2019 19:00;15.07.2019 20:00;45,94;0,04594;0,04594;0,08394
15.07.2019 20:00;15.07.2019 21:00;44,08;0,04408;0,04408;0,08208
15.07.2019 21:00;15.07.2019 22:00;43,44;0,04344;0,04344;0,08144
15.07.2019 22:00;15.07.2019 23:00;44,6;0,0446;0,0446;0,0826
15.07.2019 23:00;16.07.2019 00:00;38,16;0,03816;0,03816;0,07616
16.07.2019 00:00;16.07.2019 01:00;36,82;0,03682;0,03682;0,07482
16.07.2019 01:00;16.07.2019 02:00;36,27;0,03627;0,03627;0,07427
16.07.2019 02:00;16.07.2019 03:00;34,93;0,03493;0,03493;0,07293
16.07.2019 03:00;16.07.2019 04:00;33,89;0,03389;0,03389;0,07189
16.07.2019 04:00;16.07.2019 05:00;33,13;0,03313;0,03313;0,07113
16.07.2019 05:00;16.07.2019 06:00;35,11;0,03511;0,03511;0,07311
16.07.2019 06:00;16.07.2019 07:00;39,21;0,03921;0,03921;0,07721
16.07.2019 07:00;16.07.2019 08:00;46,95;0,04695;0,04695;0,08495
16.07.2019 08:00;16.07.2019 09:00;49,14;0,04914;0,04914;0,08714
16.07.2019 09:00;16.07.2019 10:00;47,95;0,04795;0,04795;0,08595
16.07.2019 10:00;16.07.2019 11:00;47,13;0,04713;0,04713;0,08513
16.07.2019 11:00;16.07.2019 12:00;46,92;0,04692;0,04692;0,08492
16.07.2019 12:00;16.07.2019 13:00;42,07;0,04207;0,04207;0,08007
16.07.2019 13:00;16.07.2019 14:00;39,9;0,0399;0,0399;0,0779
16.07.2019 14:00;16.07.2019 15:00;39,46;0,03946;0,03946;0,07746
16.07.2019 15:00;16.07.2019 16:00;39,04;0,03904;0,03904;0,07704
16.07.2019 16:00;16.07.2019 17:00;39,3;0,0393;0,0393;0,0773
16.07.2019 17:00;16.07.2019 18:00;45,38;0,04538;0,04538;0,08338
16.07.2019 18:00;16.07.2019 19:00;48,81;0,04881;0,04881;0,08681
16.07.2019 19:00;16.07.2019 20:00;52,64;0,05264;0,05264;0,09064
16.07.2019 20:00;16.07.2019 21:00;51,96;0,05196;0,05196;0,08996
16.07.2019 21:00;16.07.2019 22:00;49,19;0,04919;0,04919;0,08719
16.07.2019 22:00;16.07.2019 23:00;49;0,049;0,049;0,087
16.07.2019 23:00;17.07.2019 00:00;45,19;0,04519;0,04519;0,08319
17.07.2019 00:00;17.07.2019 01:00;40,02;0,04002;0,04002;0,07802
17.07.2019 01:00;17.07.2019 02:00;38,87;0,03887;0,03887;0,07687
17.07.2019 02:00;17.07.2019 03:00;38,12;0,03812;0,03812;0,07612
17.07.2019 03:00;17.07.2019 04:00;37,28;0,03728;0,03728;0,07528
17.07.2019 04:00;17.07.2019 05:00;37,9;0,0379;0,0379;0,0759
17.07.2019 05:00;17.07.2019 06:00;39,1;0,0391;0,0391;0,0771
17.07.2019 06:00;17.07.2019 07:00;44,03;0,04403;0,04403;0,08203
17.07.2019 07:00;17.07.2019 08:00;53,92;0,05392;0,05392;0,09192
17.07.2019 08:00;17.07.2019 09:00;54,8;0,0548;0,0548;0,0928
17.07.2019 09:00;17.07.2019 10:00;50,23;0,05023;0,05023;0,08823
17.07.2019 10:00;17.07.2019 11:00;48,78;0,04878;0,04878;0,08678
17.07.2019 11:00;17.07.2019 12:00;47,7;0,0477;0,0477;0,0857
17.07.2019 12:00;17.07.2019 13:00;45;0,045;0,045;0,083
17.07.2019 13:00;17.07.2019 14:00;43,14;0,04314;0,04314;0,08114
17.07.2019 14:00;17.07.2019 15:00;40,52;0,04052;0,04052;0,07852
17.07.2019 15:00;17.07.2019 16:00;40,55;0,04055;0,04055;0,07855
17.07.2019 16:00;17.07.2019 17:00;41,6;0,0416;0,0416;0,0796
17.07.2019 17:00;17.07.2019 18:00;48;0,048;0,048;0,086
17.07.2019 18:00;17.07.2019 19:00;52;0,052;0,052;0,09
17.07.2019 19:00;17.07.2019 20:00;54,01;0,05401;0,05401;0,09201
17.07.2019 20:00;17.07.2019 21:00;55,03;0,05503;0,05503;0,09303
17.07.2019 21:00;17.07.2019 22:00;54,07;0,05407;0,05407;0,09207
17.07.2019 22:00;17.07.2019 23:00;50,64;0,05064;0,05064;0,08864
17.07.2019 23:00;18.07.2019 00:00;45,9;0,0459;0,0459;0,0839
18.07.2019 00:00;18.07.2019 01:00;40,47;0,04047;0,04047;0,07847
18.07.2019 01:00;18.07.2019 02:00;39;0,039;0,039;0,077
18.07.2019 02:00;18.07.2019 03:00;37,82;0,03782;0,03782;0,07582
18.07.2019 03:00;18.07.2019 04:00;37,8;0,0378;0,0378;0,0758
18.07.2019 04:00;18.07.2019 05:00;37,68;0,03768;0,03768;0,07568
18.07.2019 05:00;18.07.2019 06:00;37,87;0,03787;0,03787;0,07587
18.07.2019 06:00;18.07.2019 07:00;43,8;0,0438;0,0438;0,0818
18.07.2019 07:00;18.07.2019 08:00;49,73;0,04973;0,04973;0,08773
18.07.2019 08:00;18.07.2019 09:00;48,96;0,04896;0,04896;0,08696
18.07.2019 09:00;18.07.2019 10:00;47,5;0,0475;0,0475;0,0855
18.07.2019 10:00;18.07.2019 11:00;44,91;0,04491;0,04491;0,08291
18.07.2019 11:00;18.07.2019 12:00;43,49;0,04349;0,04349;0,08149
18.07.2019 12:00;18.07.2019 13:00;40,41;0,04041;0,04041;0,07841
18.07.2019 13:00;18.07.2019 14:00;39,25;0,03925;0,03925;0,07725
18.07.2019 14:00;18.07.2019 15:00;38,99;0,03899;0,03899;0,07699
18.07.2019 15:00;18.07.2019 16:00;39,72;0,03972;0,03972;0,07772
18.07.2019 16:00;18.07.2019 17:00;39,21;0,03921;0,03921;0,07721
18.07.2019 17:00;18.07.2019 18:00;47,91;0,04791;0,04791;0,08591
18.07.2019 18:00;18.07.2019 19:00;49,94;0,04994;0,04994;0,08794
18.07.2019 19:00;18.07.2019 20:00;54,79;0,05479;0,05479;0,09279
18.07.2019 20:00;18.07.2019 21:00;54,02;0,05402;0,05402;0,09202
18.07.2019 21:00;18.07.2019 22:00;49,4;0,0494;0,0494;0,0874
18.07.2019 22:00;18.07.2019 23:00;48,01;0,04801;0,04801;0,08601
18.07.2019 23:00;19.07.2019 00:00;43,73;0,04373;0,04373;0,08173
19.07.2019 00:00;19.07.2019 01:00;37,86;0,03786;0,03786;0,07586
19.07.2019 01:00;19.07.2019 02:00;37,06;0,03706;0,03706;0,07506
19.07.2019 02:00;19.07.2019 03:00;37;0,037;0,037;0,075
19.07.2019 03:00;19.07.2019 04:00;36,66;0,03666;0,03666;0,07466
19.07.2019 04:00;19.07.2019 05:00;36,68;0,03668;0,03668;0,07468
19.07.2019 05:00;19.07.2019 06:00;37,87;0,03787;0,03787;0,07587
19.07.2019 06:00;19.07.2019 07:00;42,84;0,04284;0,04284;0,08084
19.07.2019 07:00;19.07.2019 08:00;52,07;0,05207;0,05207;0,09007
19.07.2019 08:00;19.07.2019 09:00;52,48;0,05248;0,05248;0,09048
19.07.2019 09:00;19.07.2019 10:00;49,43;0,04943;0,04943;0,08743
19.07.2019 10:00;19.07.2019 11:00;47,86;0,04786;0,04786;0,08586
19.07.2019 11:00;19.07.2019 12:00;47,03;0,04703;0,04703;0,08503
19.07.2019 12:00;19.07.2019 13:00;44,01;0,04401;0,04401;0,08201
19.07.2019 13:00;19.07.2019 14:00;39,59;0,03959;0,03959;0,07759
19.07.2019 14:00;19.07.2019 15:00;39,4;0,0394;0,0394;0,0774
19.07.2019 15:00;19.07.2019 16:00;39,2;0,0392;0,0392;0,0772
19.07.2019 16:00;19.07.2019 17:00;39,36;0,03936;0,03936;0,07736
19.07.2019 17:00;19.07.2019 18:00;46,21;0,04621;0,04621;0,08421
19.07.2019 18:00;19.07.2019 19:00;51,27;0,05127;0,05127;0,08927
19.07.2019 19:00;19.07.2019 20:00;55;0,055;0,055;0,093
19.07.2019 20:00;19.07.2019 21:00;53,99;0,05399;0,05399;0,09199
19.07.2019 21:00;19.07.2019 22:00;57;0,057;0,057;0,095
19.07.2019 22:00;19.07.2019 23:00;50,6;0,0506;0,0506;0,0886
19.07.2019 23:00;20.07.2019 00:00;44,92;0,04492;0,04492;0,08292
20.07.2019 00:00;20.07.2019 01:00;41,21;0,04121;0,04121;0,07921
20.07.2019 01:00;20.07.2019 02:00;38,08;0,03808;0,03808;0,07608
20.07.2019 02:00;20.07.2019 03:00;36,81;0,03681;0,03681;0,07481
20.07.2019 03:00;20.07.2019 04:00;35,61;0,03561;0,03561;0,07361
20.07.2019 04:00;20.07.2019 05:00;34,36;0,03436;0,03436;0,07236
20.07.2019 05:00;20.07.2019 06:00;34,03;0,03403;0,03403;0,07203
20.07.2019 06:00;20.07.2019 07:00;35;0,035;0,035;0,073
20.07.2019 07:00;20.07.2019 08:00;35,9;0,0359;0,0359;0,0739
20.07.2019 08:00;20.07.2019 09:00;36,79;0,03679;0,03679;0,07479
20.07.2019 09:00;20.07.2019 10:00;36,8;0,0368;0,0368;0,0748
20.07.2019 10:00;20.07.2019 11:00;35,04;0,03504;0,03504;0,07304
20.07.2019 11:00;20.07.2019 12:00;32,91;0,03291;0,03291;0,07091
20.07.2019 12:00;20.07.2019 13:00;31,63;0,03163;0,03163;0,06963
20.07.2019 13:00;20.07.2019 14:00;27,79;0,02779;0,02779;0,06579
20.07.2019 14:00;20.07.2019 15:00;27,98;0,02798;0,02798;0,06598
20.07.2019 15:00;20.07.2019 16:00;28,81;0,02881;0,02881;0,06681
20.07.2019 16:00;20.07.2019 17:00;31,51;0,03151;0,03151;0,06951
20.07.2019 17:00;20.07.2019 18:00;34,74;0,03474;0,03474;0,07274
20.07.2019 18:00;20.07.2019 19:00;36,92;0,03692;0,03692;0,07492
20.07.2019 19:00;20.07.2019 20:00;38,38;0,03838;0,03838;0,07638
20.07.2019 20:00;20.07.2019 21:00;37,53;0,03753;0,03753;0,07553
20.07.2019 21:00;20.07.2019 22:00;37,72;0,03772;0,03772;0,07572
20.07.2019 22:00;20.07.2019 23:00;39,2;0,0392;0,0392;0,0772
20.07.2019 23:00;21.07.2019 00:00;37,29;0,03729;0,03729;0,07529
21.07.2019 00:00;21.07.2019 01:00;34,5;0,0345;0,0345;0,0725
21.07.2019 01:00;21.07.2019 02:00;32,4;0,0324;0,0324;0,0704
21.07.2019 02:00;21.07.2019 03:00;31,98;0,03198;0,03198;0,06998
21.07.2019 03:00;21.07.2019 04:00;30,27;0,03027;0,03027;0,06827
21.07.2019 04:00;21.07.2019 05:00;30;0,03;0,03;0,068
21.07.2019 05:00;21.07.2019 06:00;30,03;0,03003;0,03003;0,06803
21.07.2019 06:00;21.07.2019 07:00;29,88;0,02988;0,02988;0,06788
21.07.2019 07:00;21.07.2019 08:00;30,67;0,03067;0,03067;0,06867
21.07.2019 08:00;21.07.2019 09:00;31,02;0,03102;0,03102;0,06902
21.07.2019 09:00;21.07.2019 10:00;31,01;0,03101;0,03101;0,06901
21.07.2019 10:00;21.07.2019 11:00;29,69;0,02969;0,02969;0,06769
21.07.2019 11:00;21.07.2019 12:00;29,31;0,02931;0,02931;0,06731
21.07.2019 12:00;21.07.2019 13:00;28,72;0,02872;0,02872;0,06672
21.07.2019 13:00;21.07.2019 14:00;13,05;0,01305;0,01305;0,05105
21.07.2019 14:00;21.07.2019 15:00;9,75;0,00975;0,00975;0,04775
21.07.2019 15:00;21.07.2019 16:00;20,86;0,02086;0,02086;0,05886
21.07.2019 16:00;21.07.2019 17:00;28,04;0,02804;0,02804;0,06604
21.07.2019 17:00;21.07.2019 18:00;32,02;0,03202;0,03202;0,07002
21.07.2019 18:00;21.07.2019 19:00;35,9;0,0359;0,0359;0,0739
21.07.2019 19:00;21.07.2019 20:00;42,42;0,04242;0,04242;0,08042
21.07.2019 20:00;21.07.2019 21:00;43,6;0,0436;0,0436;0,0816
21.07.2019 21:00;21.07.2019 22:00;44,92;0,04492;0,04492;0,08292
21.07.2019 22:00;21.07.2019 23:00;46,62;0,04662;0,04662;0,08462
21.07.2019 23:00;22.07.2019 00:00;40;0,04;0,04;0,078
22.07.2019 00:00;22.07.2019 01:00;37,47;0,03747;0,03747;0,07547
22.07.2019 01:00;22.07.2019 02:00;35,11;0,03511;0,03511;0,07311
22.07.2019 02:00;22.07.2019 03:00;34,23;0,03423;0,03423;0,07223
22.07.2019 03:00;22.07.2019 04:00;34,22;0,03422;0,03422;0,07222
22.07.2019 04:00;22.07.2019 05:00;34,16;0,03416;0,03416;0,07216
22.07.2019 05:00;22.07.2019 06:00;36,18;0,03618;0,03618;0,07418
22.07.2019 06:00;22.07.2019 07:00;42,9;0,0429;0,0429;0,0809
22.07.2019 07:00;22.07.2019 08:00;47,69;0,04769;0,04769;0,08569
22.07.2019 08:00;22.07.2019 09:00;48;0,048;0,048;0,086
22.07.2019 09:00;22.07.2019 10:00;46,47;0,04647;0,04647;0,08447
22.07.2019 10:00;22.07.2019 11:00;44,45;0,04445;0,04445;0,08245
22.07.2019 11:00;22.07.2019 12:00;42,2;0,0422;0,0422;0,0802
22.07.2019 12:00;22.07.2019 13:00;38,35;0,03835;0,03835;0,07635
22.07.2019 13:00;22.07.2019 14:00;38,39;0,03839;0,03839;0,07639
22.07.2019 14:00;22.07.2019 15:00;38;0,038;0,038;0,076
22.07.2019 15:00;22.07.2019 16:00;38,31;0,03831;0,03831;0,07631
22.07.2019 16:00;22.07.2019 17:00;39,76;0,03976;0,03976;0,07776
22.07.2019 17:00;22.07.2019 18:00;44,98;0,04498;0,04498;0,08298
22.07.2019 18:00;22.07.2019 19:00;48,98;0,04898;0,04898;0,08698
22.07.2019 19:00;22.07.2019 20:00;53,94;0,05394;0,05394;0,09194
22.07.2019 20:00;22.07.2019 21:00;53,34;0,05334;0,05334;0,09134
22.07.2019 21:00;22.07.2019 22:00;50,59;0,05059;0,05059;0,08859
22.07.2019 22:00;22.07.2019 23:00;51,87;0,05187;0,05187;0,08987
22.07.2019 23:00;23.07.2019 00:00;43,36;0,04336;0,04336;0,08136
23.07.2019 00:00;23.07.2019 01:00;38,61;0,03861;0,03861;0,07661
23.07.2019 01:00;23.07.2019 02:00;37,58;0,03758;0,03758;0,07558
23.07.2019 02:00;23.07.2019 03:00;36,98;0,03698;0,03698;0,07498
23.07.2019 03:00;23.07.2019 04:00;36,52;0,03652;0,03652;0,07452
23.07.2019 04:00;23.07.2019 05:00;36,32;0,03632;0,03632;0,07432
23.07.2019 05:00;23.07.2019 06:00;37,7;0,0377;0,0377;0,0757
23.07.2019 06:00;23.07.2019 07:00;45,15;0,04515;0,04515;0,08315
23.07.2019 07:00;23.07.2019 08:00;53,96;0,05396;0,05396;0,09196
23.07.2019 08:00;23.07.2019 09:00;50,98;0,05098;0,05098;0,08898
23.07.2019 09:00;23.07.2019 10:00;49,65;0,04965;0,04965;0,08765
23.07.2019 10:00;23.07.2019 11:00;46,47;0,04647;0,04647;0,08447
23.07.2019 11:00;23.07.2019 12:00;44,3;0,0443;0,0443;0,0823
23.07.2019 12:00;23.07.2019 13:00;40,97;0,04097;0,04097;0,07897
23.07.2019 13:00;23.07.2019 14:00;40,23;0,04023;0,04023;0,07823
23.07.2019 14:00;23.07.2019 15:00;40,17;0,04017;0,04017;0,07817
23.07.2019 15:00;23.07.2019 16:00;40,95;0,04095;0,04095;0,07895
23.07.2019 16:00;23.07.2019 17:00;44,9;0,0449;0,0449;0,0829
23.07.2019 17:00;23.07.2019 18:00;52,97;0,05297;0,05297;0,09097
23.07.2019 18:00;23.07.2019 19:00;57,71;0,05771;0,05771;0,09571
23.07.2019 19:00;23.07.2019 20:00;62,98;0,06298;0,06298;0,10098
23.07.2019 20:00;23.07.2019 21:00;63,41;0,06341;0,06341;0,10141
23.07.2019 21:00;23.07.2019 22:00;59,42;0,05942;0,05942;0,09742
23.07.2019 22:00;23.07.2019 23:00;55;0,055;0,055;0,093
23.07.2019 23:00;24.07.2019 00:00;45,5;0,0455;0,0455;0,0835
24.07.2019 00:00;24.07.2019 01:00;42,25;0,04225;0,04225;0,08025
24.07.2019 01:00;24.07.2019 02:00;39,65;0,03965;0,03965;0,07765
24.07.2019 02:00;24.07.2019 03:00;38,48;0,03848;0,03848;0,07648
24.07.2019 03:00;24.07.2019 04:00;38,14;0,03814;0,03814;0,07614
24.07.2019 04:00;24.07.2019 05:00;37,94;0,03794;0,03794;0,07594
24.07.2019 05:00;24.07.2019 06:00;38,53;0,03853;0,03853;0,07653
24.07.2019 06:00;24.07.2019 07:00;45,78;0,04578;0,04578;0,08378
24.07.2019 07:00;24.07.2019 08:00;53,06;0,05306;0,05306;0,09106
24.07.2019 08:00;24.07.2019 09:00;57,35;0,05735;0,05735;0,09535
24.07.2019 09:00;24.07.2019 10:00;57,75;0,05775;0,05775;0,09575
24.07.2019 10:00;24.07.2019 11:00;51,44;0,05144;0,05144;0,08944
24.07.2019 11:00;24.07.2019 12:00;47,46;0,04746;0,04746;0,08546
24.07.2019 12:00;24.07.2019 13:00;45,65;0,04565;0,04565;0,08365
24.07.2019 13:00;24.07.2019 14:00;44,08;0,04408;0,04408;0,08208
24.07.2019 14:00;24.07.2019 15:00;45,12;0,04512;0,04512;0,08312
24.07.2019 15:00;24.07.2019 16:00;47;0,047;0,047;0,085
24.07.2019 16:00;24.07.2019 17:00;50,63;0,05063;0,05063;0,08863
24.07.2019 17:00;24.07.2019 18:00;57,75;0,05775;0,05775;0,09575
24.07.2019 18:00;24.07.2019 19:00;68,13;0,06813;0,06813;0,10613
24.07.2019 19:00;24.07.2019 20:00;74,06;0,07406;0,07406;0,11206
24.07.2019 20:00;24.07.2019 21:00;68,16;0,06816;0,06816;0,10616
24.07.2019 21:00;24.07.2019 22:00;59,36;0,05936;0,05936;0,09736
24.07.2019 22:00;24.07.2019 23:00;57,81;0,05781;0,05781;0,09581
24.07.2019 23:00;25.07.2019 00:00;49,8;0,0498;0,0498;0,0878
25.07.2019 00:00;25.07.2019 01:00;45,62;0,04562;0,04562;0,08362
25.07.2019 01:00;25.07.2019 02:00;42,05;0,04205;0,04205;0,08005
25.07.2019 02:00;25.07.2019 03:00;39,58;0,03958;0,03958;0,07758
25.07.2019 03:00;25.07.2019 04:00;39,09;0,03909;0,03909;0,07709
25.07.2019 04:00;25.07.2019 05:00;38,9;0,0389;0,0389;0,0769
25.07.2019 05:00;25.07.2019 06:00;40,67;0,04067;0,04067;0,07867
25.07.2019 06:00;25.07.2019 07:00;47,07;0,04707;0,04707;0,08507
25.07.2019 07:00;25.07.2019 08:00;58,94;0,05894;0,05894;0,09694
25.07.2019 08:00;25.07.2019 09:00;55,31;0,05531;0,05531;0,09331
25.07.2019 09:00;25.07.2019 10:00;56,7;0,0567;0,0567;0,0947
25.07.2019 10:00;25.07.2019 11:00;52,78;0,05278;0,05278;0,09078
25.07.2019 11:00;25.07.2019 12:00;50,65;0,05065;0,05065;0,08865
25.07.2019 12:00;25.07.2019 13:00;47,85;0,04785;0,04785;0,08585
25.07.2019 13:00;25.07.2019 14:00;46,94;0,04694;0,04694;0,08494
25.07.2019 14:00;25.07.2019 15:00;45,69;0,04569;0,04569;0,08369
25.07.2019 15:00;25.07.2019 16:00;47,78;0,04778;0,04778;0,08578
25.07.2019 16:00;25.07.2019 17:00;50,15;0,05015;0,05015;0,08815
25.07.2019 17:00;25.07.2019 18:00;56,85;0,05685;0,05685;0,09485
25.07.2019 18:00;25.07.2019 19:00;62,05;0,06205;0,06205;0,10005
25.07.2019 19:00;25.07.2019 20:00;69,58;0,06958;0,06958;0,10758
25.07.2019 20:00;25.07.2019 21:00;61,86;0,06186;0,06186;0,09986
25.07.2019 21:00;25.07.2019 22:00;56,75;0,05675;0,05675;0,09475
25.07.2019 22:00;25.07.2019 23:00;50,74;0,05074;0,05074;0,08874
25.07.2019 23:00;26.07.2019 00:00;41,88;0,04188;0,04188;0,07988
26.07.2019 00:00;26.07.2019 01:00;38,65;0,03865;0,03865;0,07665
26.07.2019 01:00;26.07.2019 02:00;37,73;0,03773;0,03773;0,07573
26.07.2019 02:00;26.07.2019 03:00;37,19;0,03719;0,03719;0,07519
26.07.2019 03:00;26.07.2019 04:00;36,57;0,03657;0,03657;0,07457
26.07.2019 04:00;26.07.2019 05:00;36,37;0,03637;0,03637;0,07437
26.07.2019 05:00;26.07.2019 06:00;38,49;0,03849;0,03849;0,07649
26.07.2019 06:00;26.07.2019 07:00;43,08;0,04308;0,04308;0,08108
26.07.2019 07:00;26.07.2019 08:00;49,66;0,04966;0,04966;0,08766
26.07.2019 08:00;26.07.2019 09:00;54,18;0,05418;0,05418;0,09218
26.07.2019 09:00;26.07.2019 10:00;55,89;0,05589;0,05589;0,09389
26.07.2019 10:00;26.07.2019 11:00;53,66;0,05366;0,05366;0,09166
26.07.2019 11:00;26.07.2019 12:00;48,31;0,04831;0,04831;0,08631
26.07.2019 12:00;26.07.2019 13:00;39,6;0,0396;0,0396;0,0776
26.07.2019 13:00;26.07.2019 14:00;39,03;0,03903;0,03903;0,07703
26.07.2019 14:00;26.07.2019 15:00;38,72;0,03872;0,03872;0,07672
26.07.2019 15:00;26.07.2019 16:00;38,85;0,03885;0,03885;0,07685
26.07.2019 16:00;26.07.2019 17:00;39,36;0,03936;0,03936;0,07736
26.07.2019 17:00;26.07.2019 18:00;49,19;0,04919;0,04919;0,08719
26.07.2019 18:00;26.07.2019 19:00;52,07;0,05207;0,05207;0,09007
26.07.2019 19:00;26.07.2019 20:00;53,62;0,05362;0,05362;0,09162
26.07.2019 20:00;26.07.2019 21:00;52,06;0,05206;0,05206;0,09006
26.07.2019 21:00;26.07.2019 22:00;48,97;0,04897;0,04897;0,08697
26.07.2019 22:00;26.07.2019 23:00;48,14;0,04814;0,04814;0,08614
26.07.2019 23:00;27.07.2019 00:00;38,67;0,03867;0,03867;0,07667
27.07.2019 00:00;27.07.2019 01:00;39,01;0,03901;0,03901;0,07701
27.07.2019 01:00;27.07.2019 02:00;37,59;0,03759;0,03759;0,07559
27.07.2019 02:00;27.07.2019 03:00;37,01;0,03701;0,03701;0,07501
27.07.2019 03:00;27.07.2019 04:00;36,04;0,03604;0,03604;0,07404
27.07.2019 04:00;27.07.2019 05:00;35,1;0,0351;0,0351;0,0731
27.07.2019 05:00;27.07.2019 06:00;35,28;0,03528;0,03528;0,07328
27.07.2019 06:00;27.07.2019 07:00;34,2;0,0342;0,0342;0,0722
27.07.2019 07:00;27.07.2019 08:00;36,05;0,03605;0,03605;0,07405
27.07.2019 08:00;27.07.2019 09:00;37,42;0,03742;0,03742;0,07542
27.07.2019 09:00;27.07.2019 10:00;39,43;0,03943;0,03943;0,07743
27.07.2019 10:00;27.07.2019 11:00;38,16;0,03816;0,03816;0,07616
27.07.2019 11:00;27.07.2019 12:00;36,89;0,03689;0,03689;0,07489
27.07.2019 12:00;27.07.2019 13:00;34,9;0,0349;0,0349;0,0729
27.07.2019 13:00;27.07.2019 14:00;33,71;0,03371;0,03371;0,07171
27.07.2019 14:00;27.07.2019 15:00;32,92;0,03292;0,03292;0,07092
27.07.2019 15:00;27.07.2019 16:00;32,74;0,03274;0,03274;0,07074
27.07.2019 16:00;27.07.2019 17:00;33,85;0,03385;0,03385;0,07185
27.07.2019 17:00;27.07.2019 18:00;35,62;0,03562;0,03562;0,07362
27.07.2019 18:00;27.07.2019 19:00;38,79;0,03879;0,03879;0,07679
27.07.2019 19:00;27.07.2019 20:00;38,94;0,03894;0,03894;0,07694
27.07.2019 20:00;27.07.2019 21:00;37,91;0,03791;0,03791;0,07591
27.07.2019 21:00;27.07.2019 22:00;36,19;0,03619;0,03619;0,07419
27.07.2019 22:00;27.07.2019 23:00;36,19;0,03619;0,03619;0,07419
27.07.2019 23:00;28.07.2019 00:00;34;0,034;0,034;0,072
28.07.2019 00:00;28.07.2019 01:00;30,98;0,03098;0,03098;0,06898
28.07.2019 01:00;28.07.2019 02:00;30,02;0,03002;0,03002;0,06802
28.07.2019 02:00;28.07.2019 03:00;28,2;0,0282;0,0282;0,0662
28.07.2019 03:00;28.07.2019 04:00;26,27;0,02627;0,02627;0,06427
28.07.2019 04:00;28.07.2019 05:00;27,1;0,0271;0,0271;0,0651
28.07.2019 05:00;28.07.2019 06:00;26,8;0,0268;0,0268;0,0648
28.07.2019 06:00;28.07.2019 07:00;25,6;0,0256;0,0256;0,0636
28.07.2019 07:00;28.07.2019 08:00;28,1;0,0281;0,0281;0,0661
28.07.2019 08:00;28.07.2019 09:00;30,05;0,03005;0,03005;0,06805
28.07.2019 09:00;28.07.2019 10:00;30,28;0,03028;0,03028;0,06828
28.07.2019 10:00;28.07.2019 11:00;32,06;0,03206;0,03206;0,07006
28.07.2019 11:00;28.07.2019 12:00;32,61;0,03261;0,03261;0,07061
28.07.2019 12:00;28.07.2019 13:00;31,68;0,03168;0,03168;0,06968
28.07.2019 13:00;28.07.2019 14:00;29,32;0,02932;0,02932;0,06732
28.07.2019 14:00;28.07.2019 15:00;28,45;0,02845;0,02845;0,06645
28.07.2019 15:00;28.07.2019 16:00;28,45;0,02845;0,02845;0,06645
28.07.2019 16:00;28.07.2019 17:00;30,05;0,03005;0,03005;0,06805
28.07.2019 17:00;28.07.2019 18:00;34;0,034;0,034;0,072
28.07.2019 18:00;28.07.2019 19:00;38,37;0,03837;0,03837;0,07637
28.07.2019 19:00;28.07.2019 20:00;40,03;0,04003;0,04003;0,07803
28.07.2019 20:00;28.07.2019 21:00;40,3;0,0403;0,0403;0,0783
28.07.2019 21:00;28.07.2019 22:00;40,87;0,04087;0,04087;0,07887
28.07.2019 22:00;28.07.2019 23:00;41,46;0,04146;0,04146;0,07946
28.07.2019 23:00;29.07.2019 00:00;39,01;0,03901;0,03901;0,07701
29.07.2019 00:00;29.07.2019 01:00;35,77;0,03577;0,03577;0,07377
29.07.2019 01:00;29.07.2019 02:00;34,05;0,03405;0,03405;0,07205
29.07.2019 02:00;29.07.2019 03:00;32,65;0,03265;0,03265;0,07065
29.07.2019 03:00;29.07.2019 04:00;32,46;0,03246;0,03246;0,07046
29.07.2019 04:00;29.07.2019 05:00;32,7;0,0327;0,0327;0,0707
29.07.2019 05:00;29.07.2019 06:00;35,43;0,03543;0,03543;0,07343
29.07.2019 06:00;29.07.2019 07:00;40,75;0,04075;0,04075;0,07875
29.07.2019 07:00;29.07.2019 08:00;51,95;0,05195;0,05195;0,08995
29.07.2019 08:00;29.07.2019 09:00;57,4;0,0574;0,0574;0,0954
29.07.2019 09:00;29.07.2019 10:00;51,51;0,05151;0,05151;0,08951
29.07.2019 10:00;29.07.2019 11:00;48,84;0,04884;0,04884;0,08684
29.07.2019 11:00;29.07.2019 12:00;48,29;0,04829;0,04829;0,08629
29.07.2019 12:00;29.07.2019 13:00;47,35;0,04735;0,04735;0,08535
29.07.2019 13:00;29.07.2019 14:00;45,72;0,04572;0,04572;0,08372
29.07.2019 14:00;29.07.2019 15:00;45,3;0,0453;0,0453;0,0833
29.07.2019 15:00;29.07.2019 16:00;45,13;0,04513;0,04513;0,08313
29.07.2019 16:00;29.07.2019 17:00;44,95;0,04495;0,04495;0,08295
29.07.2019 17:00;29.07.2019 18:00;45,21;0,04521;0,04521;0,08321
29.07.2019 18:00;29.07.2019 19:00;49,5;0,0495;0,0495;0,0875
29.07.2019 19:00;29.07.2019 20:00;60,74;0,06074;0,06074;0,09874
29.07.2019 20:00;29.07.2019 21:00;60,5;0,0605;0,0605;0,0985
29.07.2019 21:00;29.07.2019 22:00;53,23;0,05323;0,05323;0,09123
29.07.2019 22:00;29.07.2019 23:00;49,38;0,04938;0,04938;0,08738
29.07.2019 23:00;30.07.2019 00:00;43,25;0,04325;0,04325;0,08125
30.07.2019 00:00;30.07.2019 01:00;38,8;0,0388;0,0388;0,0768
30.07.2019 01:00;30.07.2019 02:00;38,35;0,03835;0,03835;0,07635
30.07.2019 02:00;30.07.2019 03:00;38,16;0,03816;0,03816;0,07616
30.07.2019 03:00;30.07.2019 04:00;38;0,038;0,038;0,076
30.07.2019 04:00;30.07.2019 05:00;38,16;0,03816;0,03816;0,07616
30.07.2019 05:00;30.07.2019 06:00;39,54;0,03954;0,03954;0,07754
30.07.2019 06:00;30.07.2019 07:00;48,5;0,0485;0,0485;0,0865
30.07.2019 07:00;30.07.2019 08:00;54,98;0,05498;0,05498;0,09298
30.07.2019 08:00;30.07.2019 09:00;56,16;0,05616;0,05616;0,09416
30.07.2019 09:00;30.07.2019 10:00;54,25;0,05425;0,05425;0,09225
30.07.2019 10:00;30.07.2019 11:00;49,9;0,0499;0,0499;0,0879
30.07.2019 11:00;30.07.2019 12:00;45,96;0,04596;0,04596;0,08396
30.07.2019 12:00;30.07.2019 13:00;41,75;0,04175;0,04175;0,07975
30.07.2019 13:00;30.07.2019 14:00;40,65;0,04065;0,04065;0,07865
30.07.2019 14:00;30.07.2019 15:00;40;0,04;0,04;0,078
30.07.2019 15:00;30.07.2019 16:00;39,95;0,03995;0,03995;0,07795
30.07.2019 16:00;30.07.2019 17:00;39,78;0,03978;0,03978;0,07778
30.07.2019 17:00;30.07.2019 18:00;42,04;0,04204;0,04204;0,08004
30.07.2019 18:00;30.07.2019 19:00;46,91;0,04691;0,04691;0,08491
30.07.2019 19:00;30.07.2019 20:00;53,66;0,05366;0,05366;0,09166
30.07.2019 20:00;30.07.2019 21:00;52,99;0,05299;0,05299;0,09099
30.07.2019 21:00;30.07.2019 22:00;47,88;0,04788;0,04788;0,08588
30.07.2019 22:00;30.07.2019 23:00;43,66;0,04366;0,04366;0,08166
30.07.2019 23:00;31.07.2019 00:00;38,66;0,03866;0,03866;0,07666
31.07.2019 00:00;31.07.2019 01:00;37,98;0,03798;0,03798;0,07598
31.07.2019 01:00;31.07.2019 02:00;37,54;0,03754;0,03754;0,07554
31.07.2019 02:00;31.07.2019 03:00;35,98;0,03598;0,03598;0,07398
31.07.2019 03:00;31.07.2019 04:00;35,78;0,03578;0,03578;0,07378
31.07.2019 04:00;31.07.2019 05:00;36,19;0,03619;0,03619;0,07419
31.07.2019 05:00;31.07.2019 06:00;38;0,038;0,038;0,076
31.07.2019 06:00;31.07.2019 07:00;44,12;0,04412;0,04412;0,08212
31.07.2019 07:00;31.07.2019 08:00;61,11;0,06111;0,06111;0,09911
31.07.2019 08:00;31.07.2019 09:00;61,94;0,06194;0,06194;0,09994
31.07.2019 09:00;31.07.2019 10:00;59,78;0,05978;0,05978;0,09778
31.07.2019 10:00;31.07.2019 11:00;51,47;0,05147;0,05147;0,08947
31.07.2019 11:00;31.07.2019 12:00;50,71;0,05071;0,05071;0,08871
31.07.2019 12:00;31.07.2019 13:00;47,7;0,0477;0,0477;0,0857
31.07.2019 13:00;31.07.2019 14:00;45,83;0,04583;0,04583;0,08383
31.07.2019 14:00;31.07.2019 15:00;44,01;0,04401;0,04401;0,08201
31.07.2019 15:00;31.07.2019 16:00;43,17;0,04317;0,04317;0,08117
31.07.2019 16:00;31.07.2019 17:00;43,21;0,04321;0,04321;0,08121
31.07.2019 17:00;31.07.2019 18:00;47,9;0,0479;0,0479;0,0859
31.07.2019 18:00;31.07.2019 19:00;52,02;0,05202;0,05202;0,09002
31.07.2019 19:00;31.07.2019 20:00;55,93;0,05593;0,05593;0,09393
31.07.2019 20:00;31.07.2019 21:00;65,71;0,06571;0,06571;0,10371
31.07.2019 21:00;31.07.2019 22:00;69,95;0,06995;0,06995;0,10795
31.07.2019 22:00;31.07.2019 23:00;54,51;0,05451;0,05451;0,09251
31.07.2019 23:00;01.08.2019 00:00;42,62;0,04262;0,04262;0,08062
01.08.2019 00:00;01.08.2019 01:00;39;0,039;0,039;0,077
01.08.2019 01:00;01.08.2019 02:00;37,07;0,03707;0,03707;0,07507
01.08.2019 02:00;01.08.2019 03:00;36,64;0,03664;0,03664;0,07464
01.08.2019 03:00;01.08.2019 04:00;37,26;0,03726;0,03726;0,07526
01.08.2019 04:00;01.08.2019 05:00;37,37;0,03737;0,03737;0,07537
01.08.2019 05:00;01.08.2019 06:00;37,54;0,03754;0,03754;0,07554
01.08.2019 06:00;01.08.2019 07:00;41,93;0,04193;0,04193;0,07993
01.08.2019 07:00;01.08.2019 08:00;46,92;0,04692;0,04692;0,08492
01.08.2019 08:00;01.08.2019 09:00;46,81;0,04681;0,04681;0,08481
01.08.2019 09:00;01.08.2019 10:00;42,43;0,04243;0,04243;0,08043
01.08.2019 10:00;01.08.2019 11:00;40,76;0,04076;0,04076;0,07876
01.08.2019 11:00;01.08.2019 12:00;39,85;0,03985;0,03985;0,07785
01.08.2019 12:00;01.08.2019 13:00;39,52;0,03952;0,03952;0,07752
01.08.2019 13:00;01.08.2019 14:00;39,57;0,03957;0,03957;0,07757
01.08.2019 14:00;01.08.2019 15:00;39,23;0,03923;0,03923;0,07723
01.08.2019 15:00;01.08.2019 16:00;40,11;0,04011;0,04011;0,07811
01.08.2019 16:00;01.08.2019 17:00;40,15;0,04015;0,04015;0,07815
01.08.2019 17:00;01.08.2019 18:00;45,33;0,04533;0,04533;0,08333
01.08.2019 18:00;01.08.2019 19:00;55,96;0,05596;0,05596;0,09396
01.08.2019 19:00;01.08.2019 20:00;64,94;0,06494;0,06494;0,10294
01.08.2019 20:00;01.08.2019 21:00;68,07;0,06807;0,06807;0,10607
01.08.2019 21:00;01.08.2019 22:00;59,36;0,05936;0,05936;0,09736
01.08.2019 22:00;01.08.2019 23:00;51,53;0,05153;0,05153;0,08953
01.08.2019 23:00;02.08.2019 00:00;44,54;0,04454;0,04454;0,08254
02.08.2019 00:00;02.08.2019 01:00;40;0,04;0,04;0,078
02.08.2019 01:00;02.08.2019 02:00;38,89;0,03889;0,03889;0,07689
02.08.2019 02:00;02.08.2019 03:00;38,2;0,0382;0,0382;0,0762
02.08.2019 03:00;02.08.2019 04:00;37,93;0,03793;0,03793;0,07593
02.08.2019 04:00;02.08.2019 05:00;38,1;0,0381;0,0381;0,0761
02.08.2019 05:00;02.08.2019 06:00;40,72;0,04072;0,04072;0,07872
02.08.2019 06:00;02.08.2019 07:00;48;0,048;0,048;0,086
02.08.2019 07:00;02.08.2019 08:00;47,96;0,04796;0,04796;0,08596
02.08.2019 08:00;02.08.2019 09:00;49,46;0,04946;0,04946;0,08746
02.08.2019 09:00;02.08.2019 10:00;50,47;0,05047;0,05047;0,08847
02.08.2019 10:00;02.08.2019 11:00;47,95;0,04795;0,04795;0,08595
02.08.2019 11:00;02.08.2019 12:00;44,96;0,04496;0,04496;0,08296
02.08.2019 12:00;02.08.2019 13:00;42,31;0,04231;0,04231;0,08031
02.08.2019 13:00;02.08.2019 14:00;41,28;0,04128;0,04128;0,07928
02.08.2019 14:00;02.08.2019 15:00;40,08;0,04008;0,04008;0,07808
02.08.2019 15:00;02.08.2019 16:00;40,22;0,04022;0,04022;0,07822
02.08.2019 16:00;02.08.2019 17:00;41,46;0,04146;0,04146;0,07946
02.08.2019 17:00;02.08.2019 18:00;44,09;0,04409;0,04409;0,08209
02.08.2019 18:00;02.08.2019 19:00;45,95;0,04595;0,04595;0,08395
02.08.2019 19:00;02.08.2019 20:00;49,51;0,04951;0,04951;0,08751
02.08.2019 20:00;02.08.2019 21:00;49;0,049;0,049;0,087
02.08.2019 21:00;02.08.2019 22:00;47,17;0,04717;0,04717;0,08517
02.08.2019 22:00;02.08.2019 23:00;43,96;0,04396;0,04396;0,08196
02.08.2019 23:00;03.08.2019 00:00;41,12;0,04112;0,04112;0,07912
03.08.2019 00:00;03.08.2019 01:00;38,96;0,03896;0,03896;0,07696
03.08.2019 01:00;03.08.2019 02:00;36,94;0,03694;0,03694;0,07494
03.08.2019 02:00;03.08.2019 03:00;34,93;0,03493;0,03493;0,07293
03.08.2019 03:00;03.08.2019 04:00;35,05;0,03505;0,03505;0,07305
03.08.2019 04:00;03.08.2019 05:00;36,85;0,03685;0,03685;0,07485
03.08.2019 05:00;03.08.2019 06:00;35,5;0,0355;0,0355;0,0735
03.08.2019 06:00;03.08.2019 07:00;35;0,035;0,035;0,073
03.08.2019 07:00;03.08.2019 08:00;34,01;0,03401;0,03401;0,07201
03.08.2019 08:00;03.08.2019 09:00;37,72;0,03772;0,03772;0,07572
03.08.2019 09:00;03.08.2019 10:00;38,51;0,03851;0,03851;0,07651
03.08.2019 10:00;03.08.2019 11:00;37,04;0,03704;0,03704;0,07504
03.08.2019 11:00;03.08.2019 12:00;35,63;0,03563;0,03563;0,07363
03.08.2019 12:00;03.08.2019 13:00;35,04;0,03504;0,03504;0,07304
03.08.2019 13:00;03.08.2019 14:00;32,43;0,03243;0,03243;0,07043
03.08.2019 14:00;03.08.2019 15:00;30,1;0,0301;0,0301;0,0681
03.08.2019 15:00;03.08.2019 16:00;30,4;0,0304;0,0304;0,0684
03.08.2019 16:00;03.08.2019 17:00;30,52;0,03052;0,03052;0,06852
03.08.2019 17:00;03.08.2019 18:00;34,09;0,03409;0,03409;0,07209
03.08.2019 18:00;03.08.2019 19:00;38,95;0,03895;0,03895;0,07695
03.08.2019 19:00;03.08.2019 20:00;41,08;0,04108;0,04108;0,07908
03.08.2019 20:00;03.08.2019 21:00;41,02;0,04102;0,04102;0,07902
03.08.2019 21:00;03.08.2019 22:00;41,58;0,04158;0,04158;0,07958
03.08.2019 22:00;03.08.2019 23:00;41,96;0,04196;0,04196;0,07996
03.08.2019 23:00;04.08.2019 00:00;39,47;0,03947;0,03947;0,07747
04.08.2019 00:00;04.08.2019 01:00;37,69;0,03769;0,03769;0,07569
04.08.2019 01:00;04.08.2019 02:00;35;0,035;0,035;0,073
04.08.2019 02:00;04.08.2019 03:00;35,42;0,03542;0,03542;0,07342
04.08.2019 03:00;04.08.2019 04:00;36,01;0,03601;0,03601;0,07401
04.08.2019 04:00;04.08.2019 05:00;35,91;0,03591;0,03591;0,07391
04.08.2019 05:00;04.08.2019 06:00;33,88;0,03388;0,03388;0,07188
04.08.2019 06:00;04.08.2019 07:00;36,25;0,03625;0,03625;0,07425
04.08.2019 07:00;04.08.2019 08:00;34,3;0,0343;0,0343;0,0723
04.08.2019 08:00;04.08.2019 09:00;31,91;0,03191;0,03191;0,06991
04.08.2019 09:00;04.08.2019 10:00;30,03;0,03003;0,03003;0,06803
04.08.2019 10:00;04.08.2019 11:00;28,26;0,02826;0,02826;0,06626
04.08.2019 11:00;04.08.2019 12:00;28,36;0,02836;0,02836;0,06636
04.08.2019 12:00;04.08.2019 13:00;29,06;0,02906;0,02906;0,06706
04.08.2019 13:00;04.08.2019 14:00;29,12;0,02912;0,02912;0,06712
04.08.2019 14:00;04.08.2019 15:00;29,02;0,02902;0,02902;0,06702
04.08.2019 15:00;04.08.2019 16:00;28,29;0,02829;0,02829;0,06629
04.08.2019 16:00;04.08.2019 17:00;29,89;0,02989;0,02989;0,06789
04.08.2019 17:00;04.08.2019 18:00;34,23;0,03423;0,03423;0,07223
04.08.2019 18:00;04.08.2019 19:00;39,02;0,03902;0,03902;0,07702
04.08.2019 19:00;04.08.2019 20:00;42;0,042;0,042;0,08
04.08.2019 20:00;04.08.2019 21:00;43,99;0,04399;0,04399;0,08199
04.08.2019 21:00;04.08.2019 22:00;47;0,047;0,047;0,085
04.08.2019 22:00;04.08.2019 23:00;46,76;0,04676;0,04676;0,08476
04.08.2019 23:00;05.08.2019 00:00;42,24;0,04224;0,04224;0,08024
05.08.2019 00:00;05.08.2019 01:00;38,46;0,03846;0,03846;0,07646
05.08.2019 01:00;05.08.2019 02:00;35,31;0,03531;0,03531;0,07331
05.08.2019 02:00;05.08.2019 03:00;35,65;0,03565;0,03565;0,07365
05.08.2019 03:00;05.08.2019 04:00;34,92;0,03492;0,03492;0,07292
05.08.2019 04:00;05.08.2019 05:00;35,93;0,03593;0,03593;0,07393
05.08.2019 05:00;05.08.2019 06:00;38,73;0,03873;0,03873;0,07673
05.08.2019 06:00;05.08.2019 07:00;48;0,048;0,048;0,086
05.08.2019 07:00;05.08.2019 08:00;55,18;0,05518;0,05518;0,09318
05.08.2019 08:00;05.08.2019 09:00;56,02;0,05602;0,05602;0,09402
05.08.2019 09:00;05.08.2019 10:00;56,04;0,05604;0,05604;0,09404
05.08.2019 10:00;05.08.2019 11:00;55,73;0,05573;0,05573;0,09373
05.08.2019 11:00;05.08.2019 12:00;53,89;0,05389;0,05389;0,09189
05.08.2019 12:00;05.08.2019 13:00;45,22;0,04522;0,04522;0,08322
05.08.2019 13:00;05.08.2019 14:00;47,24;0,04724;0,04724;0,08524
05.08.2019 14:00;05.08.2019 15:00;43,87;0,04387;0,04387;0,08187
05.08.2019 15:00;05.08.2019 16:00;44,32;0,04432;0,04432;0,08232
05.08.2019 16:00;05.08.2019 17:00;44,93;0,04493;0,04493;0,08293
05.08.2019 17:00;05.08.2019 18:00;46,28;0,04628;0,04628;0,08428
05.08.2019 18:00;05.08.2019 19:00;53;0,053;0,053;0,091
05.08.2019 19:00;05.08.2019 20:00;51,11;0,05111;0,05111;0,08911
05.08.2019 20:00;05.08.2019 21:00;55;0,055;0,055;0,093
05.08.2019 21:00;05.08.2019 22:00;51,13;0,05113;0,05113;0,08913
05.08.2019 22:00;05.08.2019 23:00;45;0,045;0,045;0,083
05.08.2019 23:00;06.08.2019 00:00;39,87;0,03987;0,03987;0,07787
06.08.2019 00:00;06.08.2019 01:00;38,48;0,03848;0,03848;0,07648
06.08.2019 01:00;06.08.2019 02:00;36,92;0,03692;0,03692;0,07492
06.08.2019 02:00;06.08.2019 03:00;34,62;0,03462;0,03462;0,07262
06.08.2019 03:00;06.08.2019 04:00;33,69;0,03369;0,03369;0,07169
06.08.2019 04:00;06.08.2019 05:00;34,61;0,03461;0,03461;0,07261
06.08.2019 05:00;06.08.2019 06:00;37,54;0,03754;0,03754;0,07554
06.08.2019 06:00;06.08.2019 07:00;39,27;0,03927;0,03927;0,07727
06.08.2019 07:00;06.08.2019 08:00;43,64;0,04364;0,04364;0,08164
06.08.2019 08:00;06.08.2019 09:00;45;0,045;0,045;0,083
06.08.2019 09:00;06.08.2019 10:00;44;0,044;0,044;0,082
06.08.2019 10:00;06.08.2019 11:00;41,96;0,04196;0,04196;0,07996
06.08.2019 11:00;06.08.2019 12:00;41,37;0,04137;0,04137;0,07937
06.08.2019 12:00;06.08.2019 13:00;40,02;0,04002;0,04002;0,07802
06.08.2019 13:00;06.08.2019 14:00;38,87;0,03887;0,03887;0,07687
06.08.2019 14:00;06.08.2019 15:00;38,97;0,03897;0,03897;0,07697
06.08.2019 15:00;06.08.2019 16:00;38,99;0,03899;0,03899;0,07699
06.08.2019 16:00;06.08.2019 17:00;40,04;0,04004;0,04004;0,07804
06.08.2019 17:00;06.08.2019 18:00;43,84;0,04384;0,04384;0,08184
06.08.2019 18:00;06.08.2019 19:00;48,93;0,04893;0,04893;0,08693
06.08.2019 19:00;06.08.2019 20:00;51,78;0,05178;0,05178;0,08978
06.08.2019 20:00;06.08.2019 21:00;53,87;0,05387;0,05387;0,09187
06.08.2019 21:00;06.08.2019 22:00;52,99;0,05299;0,05299;0,09099
06.08.2019 22:00;06.08.2019 23:00;49,12;0,04912;0,04912;0,08712
06.08.2019 23:00;07.08.2019 00:00;40,97;0,04097;0,04097;0,07897
07.08.2019 00:00;07.08.2019 01:00;37,03;0,03703;0,03703;0,07503
07.08.2019 01:00;07.08.2019 02:00;35,41;0,03541;0,03541;0,07341
07.08.2019 02:00;07.08.2019 03:00;34,9;0,0349;0,0349;0,0729
07.08.2019 03:00;07.08.2019 04:00;34,9;0,0349;0,0349;0,0729
07.08.2019 04:00;07.08.2019 05:00;34,84;0,03484;0,03484;0,07284
07.08.2019 05:00;07.08.2019 06:00;36,86;0,03686;0,03686;0,07486
07.08.2019 06:00;07.08.2019 07:00;40,58;0,04058;0,04058;0,07858
07.08.2019 07:00;07.08.2019 08:00;44,96;0,04496;0,04496;0,08296
07.08.2019 08:00;07.08.2019 09:00;44,98;0,04498;0,04498;0,08298
07.08.2019 09:00;07.08.2019 10:00;44,98;0,04498;0,04498;0,08298
07.08.2019 10:00;07.08.2019 11:00;44,34;0,04434;0,04434;0,08234
07.08.2019 11:00;07.08.2019 12:00;44,47;0,04447;0,04447;0,08247
07.08.2019 12:00;07.08.2019 13:00;42,16;0,04216;0,04216;0,08016
07.08.2019 13:00;07.08.2019 14:00;42,84;0,04284;0,04284;0,08084
07.08.2019 14:00;07.08.2019 15:00;40,73;0,04073;0,04073;0,07873
07.08.2019 15:00;07.08.2019 16:00;41,15;0,04115;0,04115;0,07915
07.08.2019 16:00;07.08.2019 17:00;42,05;0,04205;0,04205;0,08005
07.08.2019 17:00;07.08.2019 18:00;44,22;0,04422;0,04422;0,08222
07.08.2019 18:00;07.08.2019 19:00;43,48;0,04348;0,04348;0,08148
07.08.2019 19:00;07.08.2019 20:00;43,15;0,04315;0,04315;0,08115
07.08.2019 20:00;07.08.2019 21:00;42,68;0,04268;0,04268;0,08068
07.08.2019 21:00;07.08.2019 22:00;41,94;0,04194;0,04194;0,07994
07.08.2019 22:00;07.08.2019 23:00;40,55;0,04055;0,04055;0,07855
07.08.2019 23:00;08.08.2019 00:00;37,64;0,03764;0,03764;0,07564
08.08.2019 00:00;08.08.2019 01:00;32,74;0,03274;0,03274;0,07074
08.08.2019 01:00;08.08.2019 02:00;31,35;0,03135;0,03135;0,06935
08.08.2019 02:00;08.08.2019 03:00;28,9;0,0289;0,0289;0,0669
08.08.2019 03:00;08.08.2019 04:00;27,97;0,02797;0,02797;0,06597
08.08.2019 04:00;08.08.2019 05:00;28,75;0,02875;0,02875;0,06675
08.08.2019 05:00;08.08.2019 06:00;32,25;0,03225;0,03225;0,07025
08.08.2019 06:00;08.08.2019 07:00;37,88;0,03788;0,03788;0,07588
08.08.2019 07:00;08.08.2019 08:00;42,76;0,04276;0,04276;0,08076
08.08.2019 08:00;08.08.2019 09:00;39,98;0,03998;0,03998;0,07798
08.08.2019 09:00;08.08.2019 10:00;37,47;0,03747;0,03747;0,07547
08.08.2019 10:00;08.08.2019 11:00;32,56;0,03256;0,03256;0,07056
08.08.2019 11:00;08.08.2019 12:00;30,46;0,03046;0,03046;0,06846
08.08.2019 12:00;08.08.2019 13:00;28,53;0,02853;0,02853;0,06653
08.08.2019 13:00;08.08.2019 14:00;28,5;0,0285;0,0285;0,0665
08.08.2019 14:00;08.08.2019 15:00;28,37;0,02837;0,02837;0,06637
08.08.2019 15:00;08.08.2019 16:00;28,7;0,0287;0,0287;0,0667
08.08.2019 16:00;08.08.2019 17:00;30,76;0,03076;0,03076;0,06876
08.08.2019 17:00;08.08.2019 18:00;35,99;0,03599;0,03599;0,07399
08.08.2019 18:00;08.08.2019 19:00;39,04;0,03904;0,03904;0,07704
08.08.2019 19:00;08.08.2019 20:00;43,05;0,04305;0,04305;0,08105
08.08.2019 20:00;08.08.2019 21:00;43,37;0,04337;0,04337;0,08137
08.08.2019 21:00;08.08.2019 22:00;43,63;0,04363;0,04363;0,08163
08.08.2019 22:00;08.08.2019 23:00;42,1;0,0421;0,0421;0,0801
08.08.2019 23:00;09.08.2019 00:00;38,12;0,03812;0,03812;0,07612
09.08.2019 00:00;09.08.2019 01:00;34,92;0,03492;0,03492;0,07292
09.08.2019 01:00;09.08.2019 02:00;34,57;0,03457;0,03457;0,07257
09.08.2019 02:00;09.08.2019 03:00;33,97;0,03397;0,03397;0,07197
09.08.2019 03:00;09.08.2019 04:00;34,06;0,03406;0,03406;0,07206
09.08.2019 04:00;09.08.2019 05:00;33,02;0,03302;0,03302;0,07102
09.08.2019 05:00;09.08.2019 06:00;35,99;0,03599;0,03599;0,07399
09.08.2019 06:00;09.08.2019 07:00;44,11;0,04411;0,04411;0,08211
09.08.2019 07:00;09.08.2019 08:00;53,92;0,05392;0,05392;0,09192
09.08.2019 08:00;09.08.2019 09:00;49,9;0,0499;0,0499;0,0879
09.08.2019 09:00;09.08.2019 10:00;43,93;0,04393;0,04393;0,08193
09.08.2019 10:00;09.08.2019 11:00;39,84;0,03984;0,03984;0,07784
09.08.2019 11:00;09.08.2019 12:00;38,38;0,03838;0,03838;0,07638
09.08.2019 12:00;09.08.2019 13:00;37,38;0,03738;0,03738;0,07538
09.08.2019 13:00;09.08.2019 14:00;35,64;0,03564;0,03564;0,07364
09.08.2019 14:00;09.08.2019 15:00;34,97;0,03497;0,03497;0,07297
09.08.2019 15:00;09.08.2019 16:00;34,96;0,03496;0,03496;0,07296
09.08.2019 16:00;09.08.2019 17:00;37,79;0,03779;0,03779;0,07579
09.08.2019 17:00;09.08.2019 18:00;40,81;0,04081;0,04081;0,07881
09.08.2019 18:00;09.08.2019 19:00;43,66;0,04366;0,04366;0,08166
09.08.2019 19:00;09.08.2019 20:00;43,4;0,0434;0,0434;0,0814
09.08.2019 20:00;09.08.2019 21:00;40,07;0,04007;0,04007;0,07807
09.08.2019 21:00;09.08.2019 22:00;37,7;0,0377;0,0377;0,0757
09.08.2019 22:00;09.08.2019 23:00;34,26;0,03426;0,03426;0,07226
09.08.2019 23:00;10.08.2019 00:00;31,26;0,03126;0,03126;0,06926
10.08.2019 00:00;10.08.2019 01:00;33,54;0,03354;0,03354;0,07154
10.08.2019 01:00;10.08.2019 02:00;29,09;0,02909;0,02909;0,06709
10.08.2019 02:00;10.08.2019 03:00;28,7;0,0287;0,0287;0,0667
10.08.2019 03:00;10.08.2019 04:00;26,9;0,0269;0,0269;0,0649
10.08.2019 04:00;10.08.2019 05:00;25;0,025;0,025;0,063
10.08.2019 05:00;10.08.2019 06:00;20,66;0,02066;0,02066;0,05866
10.08.2019 06:00;10.08.2019 07:00;21,84;0,02184;0,02184;0,05984
10.08.2019 07:00;10.08.2019 08:00;28,41;0,02841;0,02841;0,06641
10.08.2019 08:00;10.08.2019 09:00;29,17;0,02917;0,02917;0,06717
10.08.2019 09:00;10.08.2019 10:00;26,15;0,02615;0,02615;0,06415
10.08.2019 10:00;10.08.2019 11:00;12,59;0,01259;0,01259;0,05059
10.08.2019 11:00;10.08.2019 12:00;5,34;0,00534;0,00534;0,04334
10.08.2019 12:00;10.08.2019 13:00;-4,84;-0,00484;0,00484;0,03316
10.08.2019 13:00;10.08.2019 14:00;-24,75;-0,02475;0,02475;0,01325
10.08.2019 14:00;10.08.2019 15:00;-49,62;-0,04962;0,04962;-0,01162
10.08.2019 15:00;10.08.2019 16:00;-44,98;-0,04498;0,04498;-0,00698
10.08.2019 16:00;10.08.2019 17:00;-19,22;-0,01922;0,01922;0,01878
10.08.2019 17:00;10.08.2019 18:00;-0,02;-0,00002;0,00002;0,03798
10.08.2019 18:00;10.08.2019 19:00;10,61;0,01061;0,01061;0,04861
10.08.2019 19:00;10.08.2019 20:00;26,3;0,0263;0,0263;0,0643
10.08.2019 20:00;10.08.2019 21:00;27,9;0,0279;0,0279;0,0659
10.08.2019 21:00;10.08.2019 22:00;29,09;0,02909;0,02909;0,06709
10.08.2019 22:00;10.08.2019 23:00;31,83;0,03183;0,03183;0,06983
10.08.2019 23:00;11.08.2019 00:00;28,84;0,02884;0,02884;0,06684
11.08.2019 00:00;11.08.2019 01:00;24,96;0,02496;0,02496;0,06296
11.08.2019 01:00;11.08.2019 02:00;18,58;0,01858;0,01858;0,05658
11.08.2019 02:00;11.08.2019 03:00;14,55;0,01455;0,01455;0,05255
11.08.2019 03:00;11.08.2019 04:00;12,7;0,0127;0,0127;0,0507
11.08.2019 04:00;11.08.2019 05:00;13,13;0,01313;0,01313;0,05113
11.08.2019 05:00;11.08.2019 06:00;13,62;0,01362;0,01362;0,05162
11.08.2019 06:00;11.08.2019 07:00;11,94;0,01194;0,01194;0,04994
11.08.2019 07:00;11.08.2019 08:00;9,2;0,0092;0,0092;0,0472
11.08.2019 08:00;11.08.2019 09:00;11,58;0,01158;0,01158;0,04958
11.08.2019 09:00;11.08.2019 10:00;9,48;0,00948;0,00948;0,04748
11.08.2019 10:00;11.08.2019 11:00;-0,09;-0,00009;0,00009;0,03791
11.08.2019 11:00;11.08.2019 12:00;-12,01;-0,01201;0,01201;0,02599
11.08.2019 12:00;11.08.2019 13:00;-32,25;-0,03225;0,03225;0,00575
11.08.2019 13:00;11.08.2019 14:00;-35,75;-0,03575;0,03575;0,00225
11.08.2019 14:00;11.08.2019 15:00;-9,98;-0,00998;0,00998;0,02802
11.08.2019 15:00;11.08.2019 16:00;0,09;0,00009;0,00009;0,03809
11.08.2019 16:00;11.08.2019 17:00;14,14;0,01414;0,01414;0,05214
11.08.2019 17:00;11.08.2019 18:00;27,53;0,02753;0,02753;0,06553
11.08.2019 18:00;11.08.2019 19:00;35,97;0,03597;0,03597;0,07397
11.08.2019 19:00;11.08.2019 20:00;42,63;0,04263;0,04263;0,08063
11.08.2019 20:00;11.08.2019 21:00;48,71;0,04871;0,04871;0,08671
11.08.2019 21:00;11.08.2019 22:00;48,42;0,04842;0,04842;0,08642
11.08.2019 22:00;11.08.2019 23:00;40;0,04;0,04;0,078
11.08.2019 23:00;12.08.2019 00:00;37,29;0,03729;0,03729;0,07529
12.08.2019 00:00;12.08.2019 01:00;28,79;0,02879;0,02879;0,06679
12.08.2019 01:00;12.08.2019 02:00;28,62;0,02862;0,02862;0,06662
12.08.2019 02:00;12.08.2019 03:00;28,1;0,0281;0,0281;0,0661
12.08.2019 03:00;12.08.2019 04:00;27,5;0,0275;0,0275;0,0655
12.08.2019 04:00;12.08.2019 05:00;28,1;0,0281;0,0281;0,0661
12.08.2019 05:00;12.08.2019 06:00;29,14;0,02914;0,02914;0,06714
12.08.2019 06:00;12.08.2019 07:00;39,14;0,03914;0,03914;0,07714
12.08.2019 07:00;12.08.2019 08:00;46,03;0,04603;0,04603;0,08403
12.08.2019 08:00;12.08.2019 09:00;40,52;0,04052;0,04052;0,07852
12.08.2019 09:00;12.08.2019 10:00;38,71;0,03871;0,03871;0,07671
12.08.2019 10:00;12.08.2019 11:00;36,7;0,0367;0,0367;0,0747
12.08.2019 11:00;12.08.2019 12:00;37,9;0,0379;0,0379;0,0759
12.08.2019 12:00;12.08.2019 13:00;36,18;0,03618;0,03618;0,07418
12.08.2019 13:00;12.08.2019 14:00;36,23;0,03623;0,03623;0,07423
12.08.2019 14:00;12.08.2019 15:00;37,2;0,0372;0,0372;0,0752
12.08.2019 15:00;12.08.2019 16:00;37,51;0,03751;0,03751;0,07551
12.08.2019 16:00;12.08.2019 17:00;38,71;0,03871;0,03871;0,07671
12.08.2019 17:00;12.08.2019 18:00;45,53;0,04553;0,04553;0,08353
12.08.2019 18:00;12.08.2019 19:00;60,54;0,06054;0,06054;0,09854
12.08.2019 19:00;12.08.2019 20:00;71,5;0,0715;0,0715;0,1095
12.08.2019 20:00;12.08.2019 21:00;70,6;0,0706;0,0706;0,1086
12.08.2019 21:00;12.08.2019 22:00;65,04;0,06504;0,06504;0,10304
12.08.2019 22:00;12.08.2019 23:00;44,86;0,04486;0,04486;0,08286
12.08.2019 23:00;13.08.2019 00:00;36,63;0,03663;0,03663;0,07463
13.08.2019 00:00;13.08.2019 01:00;34,97;0,03497;0,03497;0,07297
13.08.2019 01:00;13.08.2019 02:00;34,01;0,03401;0,03401;0,07201
13.08.2019 02:00;13.08.2019 03:00;33,07;0,03307;0,03307;0,07107
13.08.2019 03:00;13.08.2019 04:00;33,27;0,03327;0,03327;0,07127
13.08.2019 04:00;13.08.2019 05:00;33,19;0,03319;0,03319;0,07119
13.08.2019 05:00;13.08.2019 06:00;35,31;0,03531;0,03531;0,07331
13.08.2019 06:00;13.08.2019 07:00;43,24;0,04324;0,04324;0,08124
13.08.2019 07:00;13.08.2019 08:00;52,96;0,05296;0,05296;0,09096
13.08.2019 08:00;13.08.2019 09:00;49,97;0,04997;0,04997;0,08797
13.08.2019 09:00;13.08.2019 10:00;40,85;0,04085;0,04085;0,07885
13.08.2019 10:00;13.08.2019 11:00;37,26;0,03726;0,03726;0,07526
13.08.2019 11:00;13.08.2019 12:00;34,85;0,03485;0,03485;0,07285
13.08.2019 12:00;13.08.2019 13:00;32,1;0,0321;0,0321;0,0701
13.08.2019 13:00;13.08.2019 14:00;30,94;0,03094;0,03094;0,06894
13.08.2019 14:00;13.08.2019 15:00;29,34;0,02934;0,02934;0,06734
13.08.2019 15:00;13.08.2019 16:00;29,78;0,02978;0,02978;0,06778
13.08.2019 16:00;13.08.2019 17:00;30,87;0,03087;0,03087;0,06887
13.08.2019 17:00;13.08.2019 18:00;35,54;0,03554;0,03554;0,07354
13.08.2019 18:00;13.08.2019 19:00;38,53;0,03853;0,03853;0,07653
13.08.2019 19:00;13.08.2019 20:00;46,81;0,04681;0,04681;0,08481
13.08.2019 20:00;13.08.2019 21:00;49,94;0,04994;0,04994;0,08794
13.08.2019 21:00;13.08.2019 22:00;47,92;0,04792;0,04792;0,08592
13.08.2019 22:00;13.08.2019 23:00;41,82;0,04182;0,04182;0,07982
13.08.2019 23:00;14.08.2019 00:00;36,3;0,0363;0,0363;0,0743
14.08.2019 00:00;14.08.2019 01:00;32,39;0,03239;0,03239;0,07039
14.08.2019 01:00;14.08.2019 02:00;30,45;0,03045;0,03045;0,06845
14.08.2019 02:00;14.08.2019 03:00;28,43;0,02843;0,02843;0,06643
14.08.2019 03:00;14.08.2019 04:00;28,27;0,02827;0,02827;0,06627
14.08.2019 04:00;14.08.2019 05:00;29,68;0,02968;0,02968;0,06768
14.08.2019 05:00;14.08.2019 06:00;30,57;0,03057;0,03057;0,06857
14.08.2019 06:00;14.08.2019 07:00;38,7;0,0387;0,0387;0,0767
14.08.2019 07:00;14.08.2019 08:00;49,42;0,04942;0,04942;0,08742
14.08.2019 08:00;14.08.2019 09:00;45,84;0,04584;0,04584;0,08384
14.08.2019 09:00;14.08.2019 10:00;37,77;0,03777;0,03777;0,07577
14.08.2019 10:00;14.08.2019 11:00;35,67;0,03567;0,03567;0,07367
14.08.2019 11:00;14.08.2019 12:00;34,29;0,03429;0,03429;0,07229
14.08.2019 12:00;14.08.2019 13:00;32,02;0,03202;0,03202;0,07002
14.08.2019 13:00;14.08.2019 14:00;30;0,03;0,03;0,068
14.08.2019 14:00;14.08.2019 15:00;31,01;0,03101;0,03101;0,06901
14.08.2019 15:00;14.08.2019 16:00;32,32;0,03232;0,03232;0,07032
14.08.2019 16:00;14.08.2019 17:00;34,05;0,03405;0,03405;0,07205
14.08.2019 17:00;14.08.2019 18:00;38,53;0,03853;0,03853;0,07653
14.08.2019 18:00;14.08.2019 19:00;49,26;0,04926;0,04926;0,08726
14.08.2019 19:00;14.08.2019 20:00;65,18;0,06518;0,06518;0,10318
14.08.2019 20:00;14.08.2019 21:00;67,93;0,06793;0,06793;0,10593
14.08.2019 21:00;14.08.2019 22:00;52,74;0,05274;0,05274;0,09074
14.08.2019 22:00;14.08.2019 23:00;39,97;0,03997;0,03997;0,07797
14.08.2019 23:00;15.08.2019 00:00;35,95;0,03595;0,03595;0,07395
15.08.2019 00:00;15.08.2019 01:00;29,15;0,02915;0,02915;0,06715
15.08.2019 01:00;15.08.2019 02:00;27,12;0,02712;0,02712;0,06512
15.08.2019 02:00;15.08.2019 03:00;25,96;0,02596;0,02596;0,06396
15.08.2019 03:00;15.08.2019 04:00;24,58;0,02458;0,02458;0,06258
15.08.2019 04:00;15.08.2019 05:00;23,18;0,02318;0,02318;0,06118
15.08.2019 05:00;15.08.2019 06:00;23,47;0,02347;0,02347;0,06147
15.08.2019 06:00;15.08.2019 07:00;26,47;0,02647;0,02647;0,06447
15.08.2019 07:00;15.08.2019 08:00;30,68;0,03068;0,03068;0,06868
15.08.2019 08:00;15.08.2019 09:00;34,47;0,03447;0,03447;0,07247
15.08.2019 09:00;15.08.2019 10:00;32,35;0,03235;0,03235;0,07035
15.08.2019 10:00;15.08.2019 11:00;30,89;0,03089;0,03089;0,06889
15.08.2019 11:00;15.08.2019 12:00;30,77;0,03077;0,03077;0,06877
15.08.2019 12:00;15.08.2019 13:00;29,93;0,02993;0,02993;0,06793
15.08.2019 13:00;15.08.2019 14:00;27,68;0,02768;0,02768;0,06568
15.08.2019 14:00;15.08.2019 15:00;27,69;0,02769;0,02769;0,06569
15.08.2019 15:00;15.08.2019 16:00;27,01;0,02701;0,02701;0,06501
15.08.2019 16:00;15.08.2019 17:00;27,01;0,02701;0,02701;0,06501
15.08.2019 17:00;15.08.2019 18:00;32,94;0,03294;0,03294;0,07094
15.08.2019 18:00;15.08.2019 19:00;36,28;0,03628;0,03628;0,07428
15.08.2019 19:00;15.08.2019 20:00;38,99;0,03899;0,03899;0,07699
15.08.2019 20:00;15.08.2019 21:00;40,91;0,04091;0,04091;0,07891
15.08.2019 21:00;15.08.2019 22:00;36,15;0,03615;0,03615;0,07415
15.08.2019 22:00;15.08.2019 23:00;35,07;0,03507;0,03507;0,07307
15.08.2019 23:00;16.08.2019 00:00;33,33;0,03333;0,03333;0,07133
16.08.2019 00:00;16.08.2019 01:00;29,83;0,02983;0,02983;0,06783
16.08.2019 01:00;16.08.2019 02:00;27,3;0,0273;0,0273;0,0653
16.08.2019 02:00;16.08.2019 03:00;26,38;0,02638;0,02638;0,06438
16.08.2019 03:00;16.08.2019 04:00;25,7;0,0257;0,0257;0,0637
16.08.2019 04:00;16.08.2019 05:00;25,65;0,02565;0,02565;0,06365
16.08.2019 05:00;16.08.2019 06:00;28,54;0,02854;0,02854;0,06654
16.08.2019 06:00;16.08.2019 07:00;34,88;0,03488;0,03488;0,07288
16.08.2019 07:00;16.08.2019 08:00;41,02;0,04102;0,04102;0,07902
16.08.2019 08:00;16.08.2019 09:00;43,93;0,04393;0,04393;0,08193
16.08.2019 09:00;16.08.2019 10:00;39,95;0,03995;0,03995;0,07795
16.08.2019 10:00;16.08.2019 11:00;36,91;0,03691;0,03691;0,07491
16.08.2019 11:00;16.08.2019 12:00;34,9;0,0349;0,0349;0,0729
16.08.2019 12:00;16.08.2019 13:00;33,06;0,03306;0,03306;0,07106
16.08.2019 13:00;16.08.2019 14:00;30,54;0,03054;0,03054;0,06854
16.08.2019 14:00;16.08.2019 15:00;28,71;0,02871;0,02871;0,06671
16.08.2019 15:00;16.08.2019 16:00;29,9;0,0299;0,0299;0,0679
16.08.2019 16:00;16.08.2019 17:00;31,04;0,03104;0,03104;0,06904
16.08.2019 17:00;16.08.2019 18:00;37,82;0,03782;0,03782;0,07582
16.08.2019 18:00;16.08.2019 19:00;46,97;0,04697;0,04697;0,08497
16.08.2019 19:00;16.08.2019 20:00;57,91;0,05791;0,05791;0,09591
16.08.2019 20:00;16.08.2019 21:00;52,37;0,05237;0,05237;0,09037
16.08.2019 21:00;16.08.2019 22:00;45,29;0,04529;0,04529;0,08329
16.08.2019 22:00;16.08.2019 23:00;36,76;0,03676;0,03676;0,07476
16.08.2019 23:00;17.08.2019 00:00;31,19;0,03119;0,03119;0,06919
17.08.2019 00:00;17.08.2019 01:00;27,58;0,02758;0,02758;0,06558
17.08.2019 01:00;17.08.2019 02:00;26,74;0,02674;0,02674;0,06474
17.08.2019 02:00;17.08.2019 03:00;22,98;0,02298;0,02298;0,06098
17.08.2019 03:00;17.08.2019 04:00;18,17;0,01817;0,01817;0,05617
17.08.2019 04:00;17.08.2019 05:00;12,77;0,01277;0,01277;0,05077
17.08.2019 05:00;17.08.2019 06:00;12,21;0,01221;0,01221;0,05021
17.08.2019 06:00;17.08.2019 07:00;18,51;0,01851;0,01851;0,05651
17.08.2019 07:00;17.08.2019 08:00;14,87;0,01487;0,01487;0,05287
17.08.2019 08:00;17.08.2019 09:00;25,13;0,02513;0,02513;0,06313
17.08.2019 09:00;17.08.2019 10:00;26,93;0,02693;0,02693;0,06493
17.08.2019 10:00;17.08.2019 11:00;26,97;0,02697;0,02697;0,06497
17.08.2019 11:00;17.08.2019 12:00;26,95;0,02695;0,02695;0,06495
17.08.2019 12:00;17.08.2019 13:00;26,8;0,0268;0,0268;0,0648
17.08.2019 13:00;17.08.2019 14:00;26,07;0,02607;0,02607;0,06407
17.08.2019 14:00;17.08.2019 15:00;24,07;0,02407;0,02407;0,06207
17.08.2019 15:00;17.08.2019 16:00;24,04;0,02404;0,02404;0,06204
17.08.2019 16:00;17.08.2019 17:00;22,97;0,02297;0,02297;0,06097
17.08.2019 17:00;17.08.2019 18:00;28,95;0,02895;0,02895;0,06695
17.08.2019 18:00;17.08.2019 19:00;33,29;0,03329;0,03329;0,07129
17.08.2019 19:00;17.08.2019 20:00;35,47;0,03547;0,03547;0,07347
17.08.2019 20:00;17.08.2019 21:00;37,95;0,03795;0,03795;0,07595
17.08.2019 21:00;17.08.2019 22:00;39,68;0,03968;0,03968;0,07768
17.08.2019 22:00;17.08.2019 23:00;36,92;0,03692;0,03692;0,07492
17.08.2019 23:00;18.08.2019 00:00;33,29;0,03329;0,03329;0,07129
18.08.2019 00:00;18.08.2019 01:00;31,8;0,0318;0,0318;0,0698
18.08.2019 01:00;18.08.2019 02:00;28,61;0,02861;0,02861;0,06661
18.08.2019 02:00;18.08.2019 03:00;28,73;0,02873;0,02873;0,06673
18.08.2019 03:00;18.08.2019 04:00;29;0,029;0,029;0,067
18.08.2019 04:00;18.08.2019 05:00;28,94;0,02894;0,02894;0,06694
18.08.2019 05:00;18.08.2019 06:00;27,8;0,0278;0,0278;0,0658
18.08.2019 06:00;18.08.2019 07:00;28,05;0,02805;0,02805;0,06605
18.08.2019 07:00;18.08.2019 08:00;29,72;0,02972;0,02972;0,06772
18.08.2019 08:00;18.08.2019 09:00;29,04;0,02904;0,02904;0,06704
18.08.2019 09:00;18.08.2019 10:00;31,11;0,03111;0,03111;0,06911
18.08.2019 10:00;18.08.2019 11:00;28,87;0,02887;0,02887;0,06687
18.08.2019 11:00;18.08.2019 12:00;28,01;0,02801;0,02801;0,06601
18.08.2019 12:00;18.08.2019 13:00;26,66;0,02666;0,02666;0,06466
18.08.2019 13:00;18.08.2019 14:00;14,06;0,01406;0,01406;0,05206
18.08.2019 14:00;18.08.2019 15:00;8,53;0,00853;0,00853;0,04653
18.08.2019 15:00;18.08.2019 16:00;8,77;0,00877;0,00877;0,04677
18.08.2019 16:00;18.08.2019 17:00;18,25;0,01825;0,01825;0,05625
18.08.2019 17:00;18.08.2019 18:00;26,59;0,02659;0,02659;0,06459
18.08.2019 18:00;18.08.2019 19:00;31,58;0,03158;0,03158;0,06958
18.08.2019 19:00;18.08.2019 20:00;35,89;0,03589;0,03589;0,07389
18.08.2019 20:00;18.08.2019 21:00;36,69;0,03669;0,03669;0,07469
18.08.2019 21:00;18.08.2019 22:00;36,96;0,03696;0,03696;0,07496
18.08.2019 22:00;18.08.2019 23:00;36,97;0,03697;0,03697;0,07497
18.08.2019 23:00;19.08.2019 00:00;33,81;0,03381;0,03381;0,07181
19.08.2019 00:00;19.08.2019 01:00;28,64;0,02864;0,02864;0,06664
19.08.2019 01:00;19.08.2019 02:00;27,45;0,02745;0,02745;0,06545
19.08.2019 02:00;19.08.2019 03:00;26,86;0,02686;0,02686;0,06486
19.08.2019 03:00;19.08.2019 04:00;28,16;0,02816;0,02816;0,06616
19.08.2019 04:00;19.08.2019 05:00;27,06;0,02706;0,02706;0,06506
19.08.2019 05:00;19.08.2019 06:00;31,18;0,03118;0,03118;0,06918
19.08.2019 06:00;19.08.2019 07:00;36,08;0,03608;0,03608;0,07408
19.08.2019 07:00;19.08.2019 08:00;43,89;0,04389;0,04389;0,08189
19.08.2019 08:00;19.08.2019 09:00;41,87;0,04187;0,04187;0,07987
19.08.2019 09:00;19.08.2019 10:00;36,98;0,03698;0,03698;0,07498
19.08.2019 10:00;19.08.2019 11:00;34,32;0,03432;0,03432;0,07232
19.08.2019 11:00;19.08.2019 12:00;32,06;0,03206;0,03206;0,07006
19.08.2019 12:00;19.08.2019 13:00;29,9;0,0299;0,0299;0,0679
19.08.2019 13:00;19.08.2019 14:00;27,9;0,0279;0,0279;0,0659
19.08.2019 14:00;19.08.2019 15:00;27,8;0,0278;0,0278;0,0658
19.08.2019 15:00;19.08.2019 16:00;27,73;0,02773;0,02773;0,06573
19.08.2019 16:00;19.08.2019 17:00;27,28;0,02728;0,02728;0,06528
19.08.2019 17:00;19.08.2019 18:00;33,06;0,03306;0,03306;0,07106
19.08.2019 18:00;19.08.2019 19:00;38;0,038;0,038;0,076
19.08.2019 19:00;19.08.2019 20:00;44,57;0,04457;0,04457;0,08257
19.08.2019 20:00;19.08.2019 21:00;52,19;0,05219;0,05219;0,09019
19.08.2019 21:00;19.08.2019 22:00;47,95;0,04795;0,04795;0,08595
19.08.2019 22:00;19.08.2019 23:00;40,5;0,0405;0,0405;0,0785
19.08.2019 23:00;20.08.2019 00:00;34,92;0,03492;0,03492;0,07292
20.08.2019 00:00;20.08.2019 01:00;31,38;0,03138;0,03138;0,06938
20.08.2019 01:00;20.08.2019 02:00;29,74;0,02974;0,02974;0,06774
20.08.2019 02:00;20.08.2019 03:00;29,58;0,02958;0,02958;0,06758
20.08.2019 03:00;20.08.2019 04:00;28,67;0,02867;0,02867;0,06667
20.08.2019 04:00;20.08.2019 05:00;30,08;0,03008;0,03008;0,06808
20.08.2019 05:00;20.08.2019 06:00;32,39;0,03239;0,03239;0,07039
20.08.2019 06:00;20.08.2019 07:00;38,59;0,03859;0,03859;0,07659
20.08.2019 07:00;20.08.2019 08:00;45,75;0,04575;0,04575;0,08375
20.08.2019 08:00;20.08.2019 09:00;48,31;0,04831;0,04831;0,08631
20.08.2019 09:00;20.08.2019 10:00;45,13;0,04513;0,04513;0,08313
20.08.2019 10:00;20.08.2019 11:00;39,51;0,03951;0,03951;0,07751
20.08.2019 11:00;20.08.2019 12:00;38,91;0,03891;0,03891;0,07691
20.08.2019 12:00;20.08.2019 13:00;37,93;0,03793;0,03793;0,07593
20.08.2019 13:00;20.08.2019 14:00;37,35;0,03735;0,03735;0,07535
20.08.2019 14:00;20.08.2019 15:00;37,55;0,03755;0,03755;0,07555
20.08.2019 15:00;20.08.2019 16:00;37,98;0,03798;0,03798;0,07598
20.08.2019 16:00;20.08.2019 17:00;37,82;0,03782;0,03782;0,07582
20.08.2019 17:00;20.08.2019 18:00;44,97;0,04497;0,04497;0,08297
20.08.2019 18:00;20.08.2019 19:00;50,05;0,05005;0,05005;0,08805
20.08.2019 19:00;20.08.2019 20:00;53,86;0,05386;0,05386;0,09186
20.08.2019 20:00;20.08.2019 21:00;54,28;0,05428;0,05428;0,09228
20.08.2019 21:00;20.08.2019 22:00;48,94;0,04894;0,04894;0,08694
20.08.2019 22:00;20.08.2019 23:00;40,61;0,04061;0,04061;0,07861
20.08.2019 23:00;21.08.2019 00:00;35,85;0,03585;0,03585;0,07385
21.08.2019 00:00;21.08.2019 01:00;33,07;0,03307;0,03307;0,07107
21.08.2019 01:00;21.08.2019 02:00;33,11;0,03311;0,03311;0,07111
21.08.2019 02:00;21.08.2019 03:00;32,01;0,03201;0,03201;0,07001
21.08.2019 03:00;21.08.2019 04:00;31,23;0,03123;0,03123;0,06923
21.08.2019 04:00;21.08.2019 05:00;31,93;0,03193;0,03193;0,06993
21.08.2019 05:00;21.08.2019 06:00;33,17;0,03317;0,03317;0,07117
21.08.2019 06:00;21.08.2019 07:00;42,36;0,04236;0,04236;0,08036
21.08.2019 07:00;21.08.2019 08:00;57;0,057;0,057;0,095
21.08.2019 08:00;21.08.2019 09:00;56,11;0,05611;0,05611;0,09411
21.08.2019 09:00;21.08.2019 10:00;41,95;0,04195;0,04195;0,07995
21.08.2019 10:00;21.08.2019 11:00;38;0,038;0,038;0,076
21.08.2019 11:00;21.08.2019 12:00;36,97;0,03697;0,03697;0,07497
21.08.2019 12:00;21.08.2019 13:00;35,72;0,03572;0,03572;0,07372
21.08.2019 13:00;21.08.2019 14:00;34,05;0,03405;0,03405;0,07205
21.08.2019 14:00;21.08.2019 15:00;33,17;0,03317;0,03317;0,07117
21.08.2019 15:00;21.08.2019 16:00;33,03;0,03303;0,03303;0,07103
21.08.2019 16:00;21.08.2019 17:00;35,79;0,03579;0,03579;0,07379
21.08.2019 17:00;21.08.2019 18:00;40,62;0,04062;0,04062;0,07862
21.08.2019 18:00;21.08.2019 19:00;50,04;0,05004;0,05004;0,08804
21.08.2019 19:00;21.08.2019 20:00;66,75;0,06675;0,06675;0,10475
21.08.2019 20:00;21.08.2019 21:00;68,91;0,06891;0,06891;0,10691
21.08.2019 21:00;21.08.2019 22:00;52,9;0,0529;0,0529;0,0909
21.08.2019 22:00;21.08.2019 23:00;44,58;0,04458;0,04458;0,08258
21.08.2019 23:00;22.08.2019 00:00;37,94;0,03794;0,03794;0,07594
22.08.2019 00:00;22.08.2019 01:00;33,26;0,03326;0,03326;0,07126
22.08.2019 01:00;22.08.2019 02:00;32,02;0,03202;0,03202;0,07002
22.08.2019 02:00;22.08.2019 03:00;30,2;0,0302;0,0302;0,0682
22.08.2019 03:00;22.08.2019 04:00;30,03;0,03003;0,03003;0,06803
22.08.2019 04:00;22.08.2019 05:00;29,41;0,02941;0,02941;0,06741
22.08.2019 05:00;22.08.2019 06:00;30,18;0,03018;0,03018;0,06818
22.08.2019 06:00;22.08.2019 07:00;36,64;0,03664;0,03664;0,07464
22.08.2019 07:00;22.08.2019 08:00;41,93;0,04193;0,04193;0,07993
22.08.2019 08:00;22.08.2019 09:00;40,64;0,04064;0,04064;0,07864
22.08.2019 09:00;22.08.2019 10:00;37,9;0,0379;0,0379;0,0759
22.08.2019 10:00;22.08.2019 11:00;34,91;0,03491;0,03491;0,07291
22.08.2019 11:00;22.08.2019 12:00;33,01;0,03301;0,03301;0,07101
22.08.2019 12:00;22.08.2019 13:00;32,01;0,03201;0,03201;0,07001
22.08.2019 13:00;22.08.2019 14:00;30,53;0,03053;0,03053;0,06853
22.08.2019 14:00;22.08.2019 15:00;31,21;0,03121;0,03121;0,06921
22.08.2019 15:00;22.08.2019 16:00;31,14;0,03114;0,03114;0,06914
22.08.2019 16:00;22.08.2019 17:00;31,94;0,03194;0,03194;0,06994
22.08.2019 17:00;22.08.2019 18:00;36,99;0,03699;0,03699;0,07499
22.08.2019 18:00;22.08.2019 19:00;42,47;0,04247;0,04247;0,08047
22.08.2019 19:00;22.08.2019 20:00;55,36;0,05536;0,05536;0,09336
22.08.2019 20:00;22.08.2019 21:00;51,81;0,05181;0,05181;0,08981
22.08.2019 21:00;22.08.2019 22:00;45,41;0,04541;0,04541;0,08341
22.08.2019 22:00;22.08.2019 23:00;38,48;0,03848;0,03848;0,07648
22.08.2019 23:00;23.08.2019 00:00;33,95;0,03395;0,03395;0,07195
23.08.2019 00:00;23.08.2019 01:00;30,28;0,03028;0,03028;0,06828
23.08.2019 01:00;23.08.2019 02:00;30,17;0,03017;0,03017;0,06817
23.08.2019 02:00;23.08.2019 03:00;30,07;0,03007;0,03007;0,06807
23.08.2019 03:00;23.08.2019 04:00;30,03;0,03003;0,03003;0,06803
23.08.2019 04:00;23.08.2019 05:00;30,38;0,03038;0,03038;0,06838
23.08.2019 05:00;23.08.2019 06:00;32,31;0,03231;0,03231;0,07031
23.08.2019 06:00;23.08.2019 07:00;40;0,04;0,04;0,078
23.08.2019 07:00;23.08.2019 08:00;43,93;0,04393;0,04393;0,08193
23.08.2019 08:00;23.08.2019 09:00;41;0,041;0,041;0,079
23.08.2019 09:00;23.08.2019 10:00;36,68;0,03668;0,03668;0,07468
23.08.2019 10:00;23.08.2019 11:00;34,8;0,0348;0,0348;0,0728
23.08.2019 11:00;23.08.2019 12:00;34,13;0,03413;0,03413;0,07213
23.08.2019 12:00;23.08.2019 13:00;31,95;0,03195;0,03195;0,06995
23.08.2019 13:00;23.08.2019 14:00;31,23;0,03123;0,03123;0,06923
23.08.2019 14:00;23.08.2019 15:00;30,81;0,03081;0,03081;0,06881
23.08.2019 15:00;23.08.2019 16:00;31,57;0,03157;0,03157;0,06957
23.08.2019 16:00;23.08.2019 17:00;32,28;0,03228;0,03228;0,07028
23.08.2019 17:00;23.08.2019 18:00;40,47;0,04047;0,04047;0,07847
23.08.2019 18:00;23.08.2019 19:00;48,75;0,04875;0,04875;0,08675
23.08.2019 19:00;23.08.2019 20:00;59,56;0,05956;0,05956;0,09756
23.08.2019 20:00;23.08.2019 21:00;57,77;0,05777;0,05777;0,09577
23.08.2019 21:00;23.08.2019 22:00;45,95;0,04595;0,04595;0,08395
23.08.2019 22:00;23.08.2019 23:00;36,97;0,03697;0,03697;0,07497
23.08.2019 23:00;24.08.2019 00:00;34,68;0,03468;0,03468;0,07268
24.08.2019 00:00;24.08.2019 01:00;34,07;0,03407;0,03407;0,07207
24.08.2019 01:00;24.08.2019 02:00;31,92;0,03192;0,03192;0,06992
24.08.2019 02:00;24.08.2019 03:00;30,86;0,03086;0,03086;0,06886
24.08.2019 03:00;24.08.2019 04:00;30,82;0,03082;0,03082;0,06882
24.08.2019 04:00;24.08.2019 05:00;30,03;0,03003;0,03003;0,06803
24.08.2019 05:00;24.08.2019 06:00;30,25;0,03025;0,03025;0,06825
24.08.2019 06:00;24.08.2019 07:00;32,97;0,03297;0,03297;0,07097
24.08.2019 07:00;24.08.2019 08:00;34,24;0,03424;0,03424;0,07224
24.08.2019 08:00;24.08.2019 09:00;36,29;0,03629;0,03629;0,07429
24.08.2019 09:00;24.08.2019 10:00;35,5;0,0355;0,0355;0,0735
24.08.2019 10:00;24.08.2019 11:00;29,51;0,02951;0,02951;0,06751
24.08.2019 11:00;24.08.2019 12:00;27,5;0,0275;0,0275;0,0655
24.08.2019 12:00;24.08.2019 13:00;26,83;0,02683;0,02683;0,06483
24.08.2019 13:00;24.08.2019 14:00;26,84;0,02684;0,02684;0,06484
24.08.2019 14:00;24.08.2019 15:00;27,01;0,02701;0,02701;0,06501
24.08.2019 15:00;24.08.2019 16:00;28,03;0,02803;0,02803;0,06603
24.08.2019 16:00;24.08.2019 17:00;28,03;0,02803;0,02803;0,06603
24.08.2019 17:00;24.08.2019 18:00;33,29;0,03329;0,03329;0,07129
24.08.2019 18:00;24.08.2019 19:00;36,93;0,03693;0,03693;0,07493
24.08.2019 19:00;24.08.2019 20:00;42,39;0,04239;0,04239;0,08039
24.08.2019 20:00;24.08.2019 21:00;38,75;0,03875;0,03875;0,07675
24.08.2019 21:00;24.08.2019 22:00;36,29;0,03629;0,03629;0,07429
24.08.2019 22:00;24.08.2019 23:00;34,95;0,03495;0,03495;0,07295
24.08.2019 23:00;25.08.2019 00:00;31,67;0,03167;0,03167;0,06967
25.08.2019 00:00;25.08.2019 01:00;29,08;0,02908;0,02908;0,06708
25.08.2019 01:00;25.08.2019 02:00;28,65;0,02865;0,02865;0,06665
25.08.2019 02:00;25.08.2019 03:00;27,8;0,0278;0,0278;0,0658
25.08.2019 03:00;25.08.2019 04:00;26,97;0,02697;0,02697;0,06497
25.08.2019 04:00;25.08.2019 05:00;26,12;0,02612;0,02612;0,06412
25.08.2019 05:00;25.08.2019 06:00;25,91;0,02591;0,02591;0,06391
25.08.2019 06:00;25.08.2019 07:00;25,87;0,02587;0,02587;0,06387
25.08.2019 07:00;25.08.2019 08:00;27,8;0,0278;0,0278;0,0658
25.08.2019 08:00;25.08.2019 09:00;29,07;0,02907;0,02907;0,06707
25.08.2019 09:00;25.08.2019 10:00;29;0,029;0,029;0,067
25.08.2019 10:00;25.08.2019 11:00;25,89;0,02589;0,02589;0,06389
25.08.2019 11:00;25.08.2019 12:00;25,88;0,02588;0,02588;0,06388
25.08.2019 12:00;25.08.2019 13:00;25,83;0,02583;0,02583;0,06383
25.08.2019 13:00;25.08.2019 14:00;25,03;0,02503;0,02503;0,06303
25.08.2019 14:00;25.08.2019 15:00;25,01;0,02501;0,02501;0,06301
25.08.2019 15:00;25.08.2019 16:00;25,39;0,02539;0,02539;0,06339
25.08.2019 16:00;25.08.2019 17:00;26,4;0,0264;0,0264;0,0644
25.08.2019 17:00;25.08.2019 18:00;30,97;0,03097;0,03097;0,06897
25.08.2019 18:00;25.08.2019 19:00;41,52;0,04152;0,04152;0,07952
25.08.2019 19:00;25.08.2019 20:00;47,13;0,04713;0,04713;0,08513
25.08.2019 20:00;25.08.2019 21:00;46,99;0,04699;0,04699;0,08499
25.08.2019 21:00;25.08.2019 22:00;40,94;0,04094;0,04094;0,07894
25.08.2019 22:00;25.08.2019 23:00;37,49;0,03749;0,03749;0,07549
25.08.2019 23:00;26.08.2019 00:00;34,52;0,03452;0,03452;0,07252
26.08.2019 00:00;26.08.2019 01:00;33,67;0,03367;0,03367;0,07167
26.08.2019 01:00;26.08.2019 02:00;32,95;0,03295;0,03295;0,07095
26.08.2019 02:00;26.08.2019 03:00;32,06;0,03206;0,03206;0,07006
26.08.2019 03:00;26.08.2019 04:00;32,23;0,03223;0,03223;0,07023
26.08.2019 04:00;26.08.2019 05:00;32,63;0,03263;0,03263;0,07063
26.08.2019 05:00;26.08.2019 06:00;33,7;0,0337;0,0337;0,0717
26.08.2019 06:00;26.08.2019 07:00;50,07;0,05007;0,05007;0,08807
26.08.2019 07:00;26.08.2019 08:00;69,32;0,06932;0,06932;0,10732
26.08.2019 08:00;26.08.2019 09:00;61,99;0,06199;0,06199;0,09999
26.08.2019 09:00;26.08.2019 10:00;49,18;0,04918;0,04918;0,08718
26.08.2019 10:00;26.08.2019 11:00;45,7;0,0457;0,0457;0,0837
26.08.2019 11:00;26.08.2019 12:00;43,74;0,04374;0,04374;0,08174
26.08.2019 12:00;26.08.2019 13:00;40,91;0,04091;0,04091;0,07891
26.08.2019 13:00;26.08.2019 14:00;38,96;0,03896;0,03896;0,07696
26.08.2019 14:00;26.08.2019 15:00;38,25;0,03825;0,03825;0,07625
26.08.2019 15:00;26.08.2019 16:00;38,39;0,03839;0,03839;0,07639
26.08.2019 16:00;26.08.2019 17:00;43,46;0,04346;0,04346;0,08146
26.08.2019 17:00;26.08.2019 18:00;53,02;0,05302;0,05302;0,09102
26.08.2019 18:00;26.08.2019 19:00;55,97;0,05597;0,05597;0,09397
26.08.2019 19:00;26.08.2019 20:00;67,13;0,06713;0,06713;0,10513
26.08.2019 20:00;26.08.2019 21:00;59,46;0,05946;0,05946;0,09746
26.08.2019 21:00;26.08.2019 22:00;55,65;0,05565;0,05565;0,09365
26.08.2019 22:00;26.08.2019 23:00;47,87;0,04787;0,04787;0,08587
26.08.2019 23:00;27.08.2019 00:00;39,44;0,03944;0,03944;0,07744
27.08.2019 00:00;27.08.2019 01:00;38,33;0,03833;0,03833;0,07633
27.08.2019 01:00;27.08.2019 02:00;35,26;0,03526;0,03526;0,07326
27.08.2019 02:00;27.08.2019 03:00;34,91;0,03491;0,03491;0,07291
27.08.2019 03:00;27.08.2019 04:00;34,67;0,03467;0,03467;0,07267
27.08.2019 04:00;27.08.2019 05:00;34,96;0,03496;0,03496;0,07296
27.08.2019 05:00;27.08.2019 06:00;35,91;0,03591;0,03591;0,07391
27.08.2019 06:00;27.08.2019 07:00;45,23;0,04523;0,04523;0,08323
27.08.2019 07:00;27.08.2019 08:00;56,76;0,05676;0,05676;0,09476
27.08.2019 08:00;27.08.2019 09:00;53,69;0,05369;0,05369;0,09169
27.08.2019 09:00;27.08.2019 10:00;53,53;0,05353;0,05353;0,09153
27.08.2019 10:00;27.08.2019 11:00;50,95;0,05095;0,05095;0,08895
27.08.2019 11:00;27.08.2019 12:00;48,82;0,04882;0,04882;0,08682
27.08.2019 12:00;27.08.2019 13:00;45,15;0,04515;0,04515;0,08315
27.08.2019 13:00;27.08.2019 14:00;44,98;0,04498;0,04498;0,08298
27.08.2019 14:00;27.08.2019 15:00;45,09;0,04509;0,04509;0,08309
27.08.2019 15:00;27.08.2019 16:00;45,11;0,04511;0,04511;0,08311
27.08.2019 16:00;27.08.2019 17:00;48,08;0,04808;0,04808;0,08608
27.08.2019 17:00;27.08.2019 18:00;51,22;0,05122;0,05122;0,08922
27.08.2019 18:00;27.08.2019 19:00;56,99;0,05699;0,05699;0,09499
27.08.2019 19:00;27.08.2019 20:00;63,43;0,06343;0,06343;0,10143
27.08.2019 20:00;27.08.2019 21:00;56,05;0,05605;0,05605;0,09405
27.08.2019 21:00;27.08.2019 22:00;51,2;0,0512;0,0512;0,0892
27.08.2019 22:00;27.08.2019 23:00;46,18;0,04618;0,04618;0,08418
27.08.2019 23:00;28.08.2019 00:00;37,49;0,03749;0,03749;0,07549
28.08.2019 00:00;28.08.2019 01:00;38,08;0,03808;0,03808;0,07608
28.08.2019 01:00;28.08.2019 02:00;35,55;0,03555;0,03555;0,07355
28.08.2019 02:00;28.08.2019 03:00;34,92;0,03492;0,03492;0,07292
28.08.2019 03:00;28.08.2019 04:00;34,84;0,03484;0,03484;0,07284
28.08.2019 04:00;28.08.2019 05:00;35,35;0,03535;0,03535;0,07335
28.08.2019 05:00;28.08.2019 06:00;37,32;0,03732;0,03732;0,07532
28.08.2019 06:00;28.08.2019 07:00;48,31;0,04831;0,04831;0,08631
28.08.2019 07:00;28.08.2019 08:00;66,14;0,06614;0,06614;0,10414
28.08.2019 08:00;28.08.2019 09:00;66,73;0,06673;0,06673;0,10473
28.08.2019 09:00;28.08.2019 10:00;56,07;0,05607;0,05607;0,09407
28.08.2019 10:00;28.08.2019 11:00;52,79;0,05279;0,05279;0,09079
28.08.2019 11:00;28.08.2019 12:00;51,7;0,0517;0,0517;0,0897
28.08.2019 12:00;28.08.2019 13:00;46,58;0,04658;0,04658;0,08458
28.08.2019 13:00;28.08.2019 14:00;44,73;0,04473;0,04473;0,08273
28.08.2019 14:00;28.08.2019 15:00;45;0,045;0,045;0,083
28.08.2019 15:00;28.08.2019 16:00;45,6;0,0456;0,0456;0,0836
28.08.2019 16:00;28.08.2019 17:00;48,83;0,04883;0,04883;0,08683
28.08.2019 17:00;28.08.2019 18:00;55,92;0,05592;0,05592;0,09392
28.08.2019 18:00;28.08.2019 19:00;69,85;0,06985;0,06985;0,10785
28.08.2019 19:00;28.08.2019 20:00;80,01;0,08001;0,08001;0,11801
28.08.2019 20:00;28.08.2019 21:00;73,08;0,07308;0,07308;0,11108
28.08.2019 21:00;28.08.2019 22:00;57,69;0,05769;0,05769;0,09569
28.08.2019 22:00;28.08.2019 23:00;50,79;0,05079;0,05079;0,08879
28.08.2019 23:00;29.08.2019 00:00;43,92;0,04392;0,04392;0,08192
29.08.2019 00:00;29.08.2019 01:00;39,54;0,03954;0,03954;0,07754
29.08.2019 01:00;29.08.2019 02:00;35,64;0,03564;0,03564;0,07364
29.08.2019 02:00;29.08.2019 03:00;34,5;0,0345;0,0345;0,0725
29.08.2019 03:00;29.08.2019 04:00;33,98;0,03398;0,03398;0,07198
29.08.2019 04:00;29.08.2019 05:00;34,39;0,03439;0,03439;0,07239
29.08.2019 05:00;29.08.2019 06:00;35,39;0,03539;0,03539;0,07339
29.08.2019 06:00;29.08.2019 07:00;43,16;0,04316;0,04316;0,08116
29.08.2019 07:00;29.08.2019 08:00;52,54;0,05254;0,05254;0,09054
29.08.2019 08:00;29.08.2019 09:00;58,92;0,05892;0,05892;0,09692
29.08.2019 09:00;29.08.2019 10:00;56,92;0,05692;0,05692;0,09492
29.08.2019 10:00;29.08.2019 11:00;51,9;0,0519;0,0519;0,0899
29.08.2019 11:00;29.08.2019 12:00;50,01;0,05001;0,05001;0,08801
29.08.2019 12:00;29.08.2019 13:00;42,12;0,04212;0,04212;0,08012
29.08.2019 13:00;29.08.2019 14:00;39,62;0,03962;0,03962;0,07762
29.08.2019 14:00;29.08.2019 15:00;37,77;0,03777;0,03777;0,07577
29.08.2019 15:00;29.08.2019 16:00;36,88;0,03688;0,03688;0,07488
29.08.2019 16:00;29.08.2019 17:00;37,42;0,03742;0,03742;0,07542
29.08.2019 17:00;29.08.2019 18:00;44;0,044;0,044;0,082
29.08.2019 18:00;29.08.2019 19:00;50,9;0,0509;0,0509;0,0889
29.08.2019 19:00;29.08.2019 20:00;61,97;0,06197;0,06197;0,09997
29.08.2019 20:00;29.08.2019 21:00;56,93;0,05693;0,05693;0,09493
29.08.2019 21:00;29.08.2019 22:00;50,96;0,05096;0,05096;0,08896
29.08.2019 22:00;29.08.2019 23:00;44,95;0,04495;0,04495;0,08295
29.08.2019 23:00;30.08.2019 00:00;37,4;0,0374;0,0374;0,0754
30.08.2019 00:00;30.08.2019 01:00;34,33;0,03433;0,03433;0,07233
30.08.2019 01:00;30.08.2019 02:00;33,1;0,0331;0,0331;0,0711
30.08.2019 02:00;30.08.2019 03:00;33,55;0,03355;0,03355;0,07155
30.08.2019 03:00;30.08.2019 04:00;32,25;0,03225;0,03225;0,07025
30.08.2019 04:00;30.08.2019 05:00;34,08;0,03408;0,03408;0,07208
30.08.2019 05:00;30.08.2019 06:00;35,29;0,03529;0,03529;0,07329
30.08.2019 06:00;30.08.2019 07:00;48,58;0,04858;0,04858;0,08658
30.08.2019 07:00;30.08.2019 08:00;51,28;0,05128;0,05128;0,08928
30.08.2019 08:00;30.08.2019 09:00;50,8;0,0508;0,0508;0,0888
30.08.2019 09:00;30.08.2019 10:00;46,04;0,04604;0,04604;0,08404
30.08.2019 10:00;30.08.2019 11:00;41,36;0,04136;0,04136;0,07936
30.08.2019 11:00;30.08.2019 12:00;38,19;0,03819;0,03819;0,07619
30.08.2019 12:00;30.08.2019 13:00;35,42;0,03542;0,03542;0,07342
30.08.2019 13:00;30.08.2019 14:00;34,78;0,03478;0,03478;0,07278
30.08.2019 14:00;30.08.2019 15:00;34,46;0,03446;0,03446;0,07246
30.08.2019 15:00;30.08.2019 16:00;35,45;0,03545;0,03545;0,07345
30.08.2019 16:00;30.08.2019 17:00;36,22;0,03622;0,03622;0,07422
30.08.2019 17:00;30.08.2019 18:00;43,4;0,0434;0,0434;0,0814
30.08.2019 18:00;30.08.2019 19:00;50,49;0,05049;0,05049;0,08849
30.08.2019 19:00;30.08.2019 20:00;52,34;0,05234;0,05234;0,09034
30.08.2019 20:00;30.08.2019 21:00;52,49;0,05249;0,05249;0,09049
30.08.2019 21:00;30.08.2019 22:00;51,51;0,05151;0,05151;0,08951
30.08.2019 22:00;30.08.2019 23:00;48,14;0,04814;0,04814;0,08614
30.08.2019 23:00;31.08.2019 00:00;38,72;0,03872;0,03872;0,07672
31.08.2019 00:00;31.08.2019 01:00;37,39;0,03739;0,03739;0,07539
31.08.2019 01:00;31.08.2019 02:00;32,66;0,03266;0,03266;0,07066
31.08.2019 02:00;31.08.2019 03:00;30,64;0,03064;0,03064;0,06864
31.08.2019 03:00;31.08.2019 04:00;31,05;0,03105;0,03105;0,06905
31.08.2019 04:00;31.08.2019 05:00;30,3;0,0303;0,0303;0,0683
31.08.2019 05:00;31.08.2019 06:00;31,01;0,03101;0,03101;0,06901
31.08.2019 06:00;31.08.2019 07:00;31,28;0,03128;0,03128;0,06928
31.08.2019 07:00;31.08.2019 08:00;32,83;0,03283;0,03283;0,07083
31.08.2019 08:00;31.08.2019 09:00;32,35;0,03235;0,03235;0,07035
31.08.2019 09:00;31.08.2019 10:00;33,72;0,03372;0,03372;0,07172
31.08.2019 10:00;31.08.2019 11:00;31,29;0,03129;0,03129;0,06929
31.08.2019 11:00;31.08.2019 12:00;30,44;0,03044;0,03044;0,06844
31.08.2019 12:00;31.08.2019 13:00;29,35;0,02935;0,02935;0,06735
31.08.2019 13:00;31.08.2019 14:00;28,5;0,0285;0,0285;0,0665
31.08.2019 14:00;31.08.2019 15:00;28,03;0,02803;0,02803;0,06603
31.08.2019 15:00;31.08.2019 16:00;28,13;0,02813;0,02813;0,06613
31.08.2019 16:00;31.08.2019 17:00;29,87;0,02987;0,02987;0,06787
31.08.2019 17:00;31.08.2019 18:00;32,59;0,03259;0,03259;0,07059
31.08.2019 18:00;31.08.2019 19:00;40,68;0,04068;0,04068;0,07868
31.08.2019 19:00;31.08.2019 20:00;47,21;0,04721;0,04721;0,08521
31.08.2019 20:00;31.08.2019 21:00;47;0,047;0,047;0,085
31.08.2019 21:00;31.08.2019 22:00;41,42;0,04142;0,04142;0,07942
31.08.2019 22:00;31.08.2019 23:00;37,07;0,03707;0,03707;0,07507
31.08.2019 23:00;01.09.2019 00:00;33,02;0,03302;0,03302;0,07102
01.09.2019 00:00;01.09.2019 01:00;27,2;0,0272;0,0272;0,0652
01.09.2019 01:00;01.09.2019 02:00;26,7;0,0267;0,0267;0,0647
01.09.2019 02:00;01.09.2019 03:00;26,47;0,02647;0,02647;0,06447
01.09.2019 03:00;01.09.2019 04:00;25,92;0,02592;0,02592;0,06392
01.09.2019 04:00;01.09.2019 05:00;25,29;0,02529;0,02529;0,06329
01.09.2019 05:00;01.09.2019 06:00;25,97;0,02597;0,02597;0,06397
01.09.2019 06:00;01.09.2019 07:00;26,49;0,02649;0,02649;0,06449
01.09.2019 07:00;01.09.2019 08:00;26,49;0,02649;0,02649;0,06449
01.09.2019 08:00;01.09.2019 09:00;26,84;0,02684;0,02684;0,06484
01.09.2019 09:00;01.09.2019 10:00;30,1;0,0301;0,0301;0,0681
01.09.2019 10:00;01.09.2019 11:00;29,7;0,0297;0,0297;0,0677
01.09.2019 11:00;01.09.2019 12:00;30,17;0,03017;0,03017;0,06817
01.09.2019 12:00;01.09.2019 13:00;31,01;0,03101;0,03101;0,06901
01.09.2019 13:00;01.09.2019 14:00;30,23;0,03023;0,03023;0,06823
01.09.2019 14:00;01.09.2019 15:00;28,39;0,02839;0,02839;0,06639
01.09.2019 15:00;01.09.2019 16:00;27,74;0,02774;0,02774;0,06574
01.09.2019 16:00;01.09.2019 17:00;27,2;0,0272;0,0272;0,0652
01.09.2019 17:00;01.09.2019 18:00;29,94;0,02994;0,02994;0,06794
01.09.2019 18:00;01.09.2019 19:00;34,07;0,03407;0,03407;0,07207
01.09.2019 19:00;01.09.2019 20:00;36,52;0,03652;0,03652;0,07452
01.09.2019 20:00;01.09.2019 21:00;39,67;0,03967;0,03967;0,07767
01.09.2019 21:00;01.09.2019 22:00;38,76;0,03876;0,03876;0,07676
01.09.2019 22:00;01.09.2019 23:00;37,33;0,03733;0,03733;0,07533
01.09.2019 23:00;02.09.2019 00:00;34,35;0,03435;0,03435;0,07235
02.09.2019 00:00;02.09.2019 01:00;29,28;0,02928;0,02928;0,06728
02.09.2019 01:00;02.09.2019 02:00;26,97;0,02697;0,02697;0,06497
02.09.2019 02:00;02.09.2019 03:00;25,96;0,02596;0,02596;0,06396
02.09.2019 03:00;02.09.2019 04:00;25;0,025;0,025;0,063
02.09.2019 04:00;02.09.2019 05:00;25,63;0,02563;0,02563;0,06363
02.09.2019 05:00;02.09.2019 06:00;28,18;0,02818;0,02818;0,06618
02.09.2019 06:00;02.09.2019 07:00;38,21;0,03821;0,03821;0,07621
02.09.2019 07:00;02.09.2019 08:00;46,09;0,04609;0,04609;0,08409
02.09.2019 08:00;02.09.2019 09:00;49,55;0,04955;0,04955;0,08755
02.09.2019 09:00;02.09.2019 10:00;48,29;0,04829;0,04829;0,08629
02.09.2019 10:00;02.09.2019 11:00;44,07;0,04407;0,04407;0,08207
02.09.2019 11:00;02.09.2019 12:00;41,81;0,04181;0,04181;0,07981
02.09.2019 12:00;02.09.2019 13:00;38,95;0,03895;0,03895;0,07695
02.09.2019 13:00;02.09.2019 14:00;38,18;0,03818;0,03818;0,07618
02.09.2019 14:00;02.09.2019 15:00;36,72;0,03672;0,03672;0,07472
02.09.2019 15:00;02.09.2019 16:00;35,99;0,03599;0,03599;0,07399
02.09.2019 16:00;02.09.2019 17:00;37,57;0,03757;0,03757;0,07557
02.09.2019 17:00;02.09.2019 18:00;40,84;0,04084;0,04084;0,07884
02.09.2019 18:00;02.09.2019 19:00;45,41;0,04541;0,04541;0,08341
02.09.2019 19:00;02.09.2019 20:00;61,67;0,06167;0,06167;0,09967
02.09.2019 20:00;02.09.2019 21:00;52,91;0,05291;0,05291;0,09091
02.09.2019 21:00;02.09.2019 22:00;46,92;0,04692;0,04692;0,08492
02.09.2019 22:00;02.09.2019 23:00;40,76;0,04076;0,04076;0,07876
02.09.2019 23:00;03.09.2019 00:00;35,24;0,03524;0,03524;0,07324
03.09.2019 00:00;03.09.2019 01:00;31,89;0,03189;0,03189;0,06989
03.09.2019 01:00;03.09.2019 02:00;28,14;0,02814;0,02814;0,06614
03.09.2019 02:00;03.09.2019 03:00;26,95;0,02695;0,02695;0,06495
03.09.2019 03:00;03.09.2019 04:00;24,3;0,0243;0,0243;0,0623
03.09.2019 04:00;03.09.2019 05:00;24,1;0,0241;0,0241;0,0621
03.09.2019 05:00;03.09.2019 06:00;28,23;0,02823;0,02823;0,06623
03.09.2019 06:00;03.09.2019 07:00;32,44;0,03244;0,03244;0,07044
03.09.2019 07:00;03.09.2019 08:00;40,74;0,04074;0,04074;0,07874
03.09.2019 08:00;03.09.2019 09:00;40,97;0,04097;0,04097;0,07897
03.09.2019 09:00;03.09.2019 10:00;37,96;0,03796;0,03796;0,07596
03.09.2019 10:00;03.09.2019 11:00;32,95;0,03295;0,03295;0,07095
03.09.2019 11:00;03.09.2019 12:00;31,05;0,03105;0,03105;0,06905
03.09.2019 12:00;03.09.2019 13:00;29,82;0,02982;0,02982;0,06782
03.09.2019 13:00;03.09.2019 14:00;31,15;0,03115;0,03115;0,06915
03.09.2019 14:00;03.09.2019 15:00;31,7;0,0317;0,0317;0,0697
03.09.2019 15:00;03.09.2019 16:00;32,01;0,03201;0,03201;0,07001
03.09.2019 16:00;03.09.2019 17:00;33,29;0,03329;0,03329;0,07129
03.09.2019 17:00;03.09.2019 18:00;39,76;0,03976;0,03976;0,07776
03.09.2019 18:00;03.09.2019 19:00;44,96;0,04496;0,04496;0,08296
03.09.2019 19:00;03.09.2019 20:00;50,83;0,05083;0,05083;0,08883
03.09.2019 20:00;03.09.2019 21:00;53,36;0,05336;0,05336;0,09136
03.09.2019 21:00;03.09.2019 22:00;46,12;0,04612;0,04612;0,08412
03.09.2019 22:00;03.09.2019 23:00;40,9;0,0409;0,0409;0,0789
03.09.2019 23:00;04.09.2019 00:00;36,08;0,03608;0,03608;0,07408
04.09.2019 00:00;04.09.2019 01:00;31,31;0,03131;0,03131;0,06931
04.09.2019 01:00;04.09.2019 02:00;29;0,029;0,029;0,067
04.09.2019 02:00;04.09.2019 03:00;29;0,029;0,029;0,067
04.09.2019 03:00;04.09.2019 04:00;28,27;0,02827;0,02827;0,06627
04.09.2019 04:00;04.09.2019 05:00;28,83;0,02883;0,02883;0,06683
04.09.2019 05:00;04.09.2019 06:00;29,11;0,02911;0,02911;0,06711
04.09.2019 06:00;04.09.2019 07:00;39,72;0,03972;0,03972;0,07772
04.09.2019 07:00;04.09.2019 08:00;42,81;0,04281;0,04281;0,08081
04.09.2019 08:00;04.09.2019 09:00;45,29;0,04529;0,04529;0,08329
04.09.2019 09:00;04.09.2019 10:00;42,96;0,04296;0,04296;0,08096
04.09.2019 10:00;04.09.2019 11:00;37,73;0,03773;0,03773;0,07573
04.09.2019 11:00;04.09.2019 12:00;32,57;0,03257;0,03257;0,07057
04.09.2019 12:00;04.09.2019 13:00;28,88;0,02888;0,02888;0,06688
04.09.2019 13:00;04.09.2019 14:00;29,37;0,02937;0,02937;0,06737
04.09.2019 14:00;04.09.2019 15:00;29,43;0,02943;0,02943;0,06743
04.09.2019 15:00;04.09.2019 16:00;28,9;0,0289;0,0289;0,0669
04.09.2019 16:00;04.09.2019 17:00;28,86;0,02886;0,02886;0,06686
04.09.2019 17:00;04.09.2019 18:00;31,68;0,03168;0,03168;0,06968
04.09.2019 18:00;04.09.2019 19:00;38,05;0,03805;0,03805;0,07605
04.09.2019 19:00;04.09.2019 20:00;40,26;0,04026;0,04026;0,07826
04.09.2019 20:00;04.09.2019 21:00;40,67;0,04067;0,04067;0,07867
04.09.2019 21:00;04.09.2019 22:00;38,25;0,03825;0,03825;0,07625
04.09.2019 22:00;04.09.2019 23:00;35,3;0,0353;0,0353;0,0733
04.09.2019 23:00;05.09.2019 00:00;29,87;0,02987;0,02987;0,06787
05.09.2019 00:00;05.09.2019 01:00;28;0,028;0,028;0,066
05.09.2019 01:00;05.09.2019 02:00;25,96;0,02596;0,02596;0,06396
05.09.2019 02:00;05.09.2019 03:00;25,3;0,0253;0,0253;0,0633
05.09.2019 03:00;05.09.2019 04:00;24,09;0,02409;0,02409;0,06209
05.09.2019 04:00;05.09.2019 05:00;24,66;0,02466;0,02466;0,06266
05.09.2019 05:00;05.09.2019 06:00;26,34;0,02634;0,02634;0,06434
05.09.2019 06:00;05.09.2019 07:00;33,68;0,03368;0,03368;0,07168
05.09.2019 07:00;05.09.2019 08:00;39,62;0,03962;0,03962;0,07762
05.09.2019 08:00;05.09.2019 09:00;40,59;0,04059;0,04059;0,07859
05.09.2019 09:00;05.09.2019 10:00;37,19;0,03719;0,03719;0,07519
05.09.2019 10:00;05.09.2019 11:00;33,27;0,03327;0,03327;0,07127
05.09.2019 11:00;05.09.2019 12:00;29,85;0,02985;0,02985;0,06785
05.09.2019 12:00;05.09.2019 13:00;27,07;0,02707;0,02707;0,06507
05.09.2019 13:00;05.09.2019 14:00;27,2;0,0272;0,0272;0,0652
05.09.2019 14:00;05.09.2019 15:00;26,69;0,02669;0,02669;0,06469
05.09.2019 15:00;05.09.2019 16:00;27,2;0,0272;0,0272;0,0652
05.09.2019 16:00;05.09.2019 17:00;29,16;0,02916;0,02916;0,06716
05.09.2019 17:00;05.09.2019 18:00;32,26;0,03226;0,03226;0,07026
05.09.2019 18:00;05.09.2019 19:00;36,09;0,03609;0,03609;0,07409
05.09.2019 19:00;05.09.2019 20:00;39,95;0,03995;0,03995;0,07795
05.09.2019 20:00;05.09.2019 21:00;40,92;0,04092;0,04092;0,07892
05.09.2019 21:00;05.09.2019 22:00;38,95;0,03895;0,03895;0,07695
05.09.2019 22:00;05.09.2019 23:00;36,21;0,03621;0,03621;0,07421
05.09.2019 23:00;06.09.2019 00:00;30,95;0,03095;0,03095;0,06895
06.09.2019 00:00;06.09.2019 01:00;26,28;0,02628;0,02628;0,06428
06.09.2019 01:00;06.09.2019 02:00;25,64;0,02564;0,02564;0,06364
06.09.2019 02:00;06.09.2019 03:00;24,36;0,02436;0,02436;0,06236
06.09.2019 03:00;06.09.2019 04:00;24,67;0,02467;0,02467;0,06267
06.09.2019 04:00;06.09.2019 05:00;25,67;0,02567;0,02567;0,06367
06.09.2019 05:00;06.09.2019 06:00;26,18;0,02618;0,02618;0,06418
06.09.2019 06:00;06.09.2019 07:00;33,71;0,03371;0,03371;0,07171
06.09.2019 07:00;06.09.2019 08:00;38,23;0,03823;0,03823;0,07623
06.09.2019 08:00;06.09.2019 09:00;39,07;0,03907;0,03907;0,07707
06.09.2019 09:00;06.09.2019 10:00;38,99;0,03899;0,03899;0,07699
06.09.2019 10:00;06.09.2019 11:00;37,45;0,03745;0,03745;0,07545
06.09.2019 11:00;06.09.2019 12:00;33,06;0,03306;0,03306;0,07106
06.09.2019 12:00;06.09.2019 13:00;29,47;0,02947;0,02947;0,06747
06.09.2019 13:00;06.09.2019 14:00;28,22;0,02822;0,02822;0,06622
06.09.2019 14:00;06.09.2019 15:00;28,6;0,0286;0,0286;0,0666
06.09.2019 15:00;06.09.2019 16:00;28,52;0,02852;0,02852;0,06652
06.09.2019 16:00;06.09.2019 17:00;29,14;0,02914;0,02914;0,06714
06.09.2019 17:00;06.09.2019 18:00;33,49;0,03349;0,03349;0,07149
06.09.2019 18:00;06.09.2019 19:00;38,26;0,03826;0,03826;0,07626
06.09.2019 19:00;06.09.2019 20:00;39,31;0,03931;0,03931;0,07731
06.09.2019 20:00;06.09.2019 21:00;40,07;0,04007;0,04007;0,07807
06.09.2019 21:00;06.09.2019 22:00;38,4;0,0384;0,0384;0,0764
06.09.2019 22:00;06.09.2019 23:00;37,89;0,03789;0,03789;0,07589
06.09.2019 23:00;07.09.2019 00:00;34,07;0,03407;0,03407;0,07207
07.09.2019 00:00;07.09.2019 01:00;32,01;0,03201;0,03201;0,07001
07.09.2019 01:00;07.09.2019 02:00;30;0,03;0,03;0,068
07.09.2019 02:00;07.09.2019 03:00;29,44;0,02944;0,02944;0,06744
07.09.2019 03:00;07.09.2019 04:00;29,19;0,02919;0,02919;0,06719
07.09.2019 04:00;07.09.2019 05:00;29,45;0,02945;0,02945;0,06745
07.09.2019 05:00;07.09.2019 06:00;29,99;0,02999;0,02999;0,06799
07.09.2019 06:00;07.09.2019 07:00;32,57;0,03257;0,03257;0,07057
07.09.2019 07:00;07.09.2019 08:00;35,09;0,03509;0,03509;0,07309
07.09.2019 08:00;07.09.2019 09:00;36,53;0,03653;0,03653;0,07453
07.09.2019 09:00;07.09.2019 10:00;39,97;0,03997;0,03997;0,07797
07.09.2019 10:00;07.09.2019 11:00;39,98;0,03998;0,03998;0,07798
07.09.2019 11:00;07.09.2019 12:00;36,99;0,03699;0,03699;0,07499
07.09.2019 12:00;07.09.2019 13:00;36;0,036;0,036;0,074
07.09.2019 13:00;07.09.2019 14:00;35,05;0,03505;0,03505;0,07305
07.09.2019 14:00;07.09.2019 15:00;33,96;0,03396;0,03396;0,07196
07.09.2019 15:00;07.09.2019 16:00;33,41;0,03341;0,03341;0,07141
07.09.2019 16:00;07.09.2019 17:00;33,39;0,03339;0,03339;0,07139
07.09.2019 17:00;07.09.2019 18:00;38,98;0,03898;0,03898;0,07698
07.09.2019 18:00;07.09.2019 19:00;44,05;0,04405;0,04405;0,08205
07.09.2019 19:00;07.09.2019 20:00;46,71;0,04671;0,04671;0,08471
07.09.2019 20:00;07.09.2019 21:00;48,01;0,04801;0,04801;0,08601
07.09.2019 21:00;07.09.2019 22:00;39;0,039;0,039;0,077
07.09.2019 22:00;07.09.2019 23:00;37,98;0,03798;0,03798;0,07598
07.09.2019 23:00;08.09.2019 00:00;34,78;0,03478;0,03478;0,07278
08.09.2019 00:00;08.09.2019 01:00;34,46;0,03446;0,03446;0,07246
08.09.2019 01:00;08.09.2019 02:00;32,61;0,03261;0,03261;0,07061
08.09.2019 02:00;08.09.2019 03:00;32,36;0,03236;0,03236;0,07036
08.09.2019 03:00;08.09.2019 04:00;32,01;0,03201;0,03201;0,07001
08.09.2019 04:00;08.09.2019 05:00;31,92;0,03192;0,03192;0,06992
08.09.2019 05:00;08.09.2019 06:00;32,08;0,03208;0,03208;0,07008
08.09.2019 06:00;08.09.2019 07:00;32,39;0,03239;0,03239;0,07039
08.09.2019 07:00;08.09.2019 08:00;33,2;0,0332;0,0332;0,0712
08.09.2019 08:00;08.09.2019 09:00;35;0,035;0,035;0,073
08.09.2019 09:00;08.09.2019 10:00;37,27;0,03727;0,03727;0,07527
08.09.2019 10:00;08.09.2019 11:00;36,31;0,03631;0,03631;0,07431
08.09.2019 11:00;08.09.2019 12:00;36,19;0,03619;0,03619;0,07419
08.09.2019 12:00;08.09.2019 13:00;35,46;0,03546;0,03546;0,07346
08.09.2019 13:00;08.09.2019 14:00;32,2;0,0322;0,0322;0,0702
08.09.2019 14:00;08.09.2019 15:00;32,3;0,0323;0,0323;0,0703
08.09.2019 15:00;08.09.2019 16:00;32,37;0,03237;0,03237;0,07037
08.09.2019 16:00;08.09.2019 17:00;34,26;0,03426;0,03426;0,07226
08.09.2019 17:00;08.09.2019 18:00;39,3;0,0393;0,0393;0,0773
08.09.2019 18:00;08.09.2019 19:00;43,11;0,04311;0,04311;0,08111
08.09.2019 19:00;08.09.2019 20:00;49,55;0,04955;0,04955;0,08755
08.09.2019 20:00;08.09.2019 21:00;54,34;0,05434;0,05434;0,09234
08.09.2019 21:00;08.09.2019 22:00;45,49;0,04549;0,04549;0,08349
08.09.2019 22:00;08.09.2019 23:00;42,5;0,0425;0,0425;0,0805
08.09.2019 23:00;09.09.2019 00:00;38,27;0,03827;0,03827;0,07627
09.09.2019 00:00;09.09.2019 01:00;38,33;0,03833;0,03833;0,07633
09.09.2019 01:00;09.09.2019 02:00;34,09;0,03409;0,03409;0,07209
09.09.2019 02:00;09.09.2019 03:00;33,03;0,03303;0,03303;0,07103
09.09.2019 03:00;09.09.2019 04:00;32,09;0,03209;0,03209;0,07009
09.09.2019 04:00;09.09.2019 05:00;32,44;0,03244;0,03244;0,07044
09.09.2019 05:00;09.09.2019 06:00;34,16;0,03416;0,03416;0,07216
09.09.2019 06:00;09.09.2019 07:00;48,18;0,04818;0,04818;0,08618
09.09.2019 07:00;09.09.2019 08:00;63,52;0,06352;0,06352;0,10152
09.09.2019 08:00;09.09.2019 09:00;71,36;0,07136;0,07136;0,10936
09.09.2019 09:00;09.09.2019 10:00;56,51;0,05651;0,05651;0,09451
09.09.2019 10:00;09.09.2019 11:00;48,71;0,04871;0,04871;0,08671
09.09.2019 11:00;09.09.2019 12:00;47,83;0,04783;0,04783;0,08583
09.09.2019 12:00;09.09.2019 13:00;46;0,046;0,046;0,084
09.09.2019 13:00;09.09.2019 14:00;45,23;0,04523;0,04523;0,08323
09.09.2019 14:00;09.09.2019 15:00;42,64;0,04264;0,04264;0,08064
09.09.2019 15:00;09.09.2019 16:00;42,23;0,04223;0,04223;0,08023
09.09.2019 16:00;09.09.2019 17:00;41,6;0,0416;0,0416;0,0796
09.09.2019 17:00;09.09.2019 18:00;45,14;0,04514;0,04514;0,08314
09.09.2019 18:00;09.09.2019 19:00;49,99;0,04999;0,04999;0,08799
09.09.2019 19:00;09.09.2019 20:00;60,94;0,06094;0,06094;0,09894
09.09.2019 20:00;09.09.2019 21:00;57,48;0,05748;0,05748;0,09548
09.09.2019 21:00;09.09.2019 22:00;45,94;0,04594;0,04594;0,08394
09.09.2019 22:00;09.09.2019 23:00;40,38;0,04038;0,04038;0,07838
09.09.2019 23:00;10.09.2019 00:00;34,35;0,03435;0,03435;0,07235
10.09.2019 00:00;10.09.2019 01:00;33,01;0,03301;0,03301;0,07101
10.09.2019 01:00;10.09.2019 02:00;32,45;0,03245;0,03245;0,07045
10.09.2019 02:00;10.09.2019 03:00;31;0,031;0,031;0,069
10.09.2019 03:00;10.09.2019 04:00;30,02;0,03002;0,03002;0,06802
10.09.2019 04:00;10.09.2019 05:00;29,9;0,0299;0,0299;0,0679
10.09.2019 05:00;10.09.2019 06:00;32,23;0,03223;0,03223;0,07023
10.09.2019 06:00;10.09.2019 07:00;41;0,041;0,041;0,079
10.09.2019 07:00;10.09.2019 08:00;44,95;0,04495;0,04495;0,08295
10.09.2019 08:00;10.09.2019 09:00;45,93;0,04593;0,04593;0,08393
10.09.2019 09:00;10.09.2019 10:00;41;0,041;0,041;0,079
10.09.2019 10:00;10.09.2019 11:00;36;0,036;0,036;0,074
10.09.2019 11:00;10.09.2019 12:00;32,6;0,0326;0,0326;0,0706
10.09.2019 12:00;10.09.2019 13:00;31,04;0,03104;0,03104;0,06904
10.09.2019 13:00;10.09.2019 14:00;31,07;0,03107;0,03107;0,06907
10.09.2019 14:00;10.09.2019 15:00;31,3;0,0313;0,0313;0,0693
10.09.2019 15:00;10.09.2019 16:00;32,01;0,03201;0,03201;0,07001
10.09.2019 16:00;10.09.2019 17:00;34,1;0,0341;0,0341;0,0721
10.09.2019 17:00;10.09.2019 18:00;39,18;0,03918;0,03918;0,07718
10.09.2019 18:00;10.09.2019 19:00;44,94;0,04494;0,04494;0,08294
10.09.2019 19:00;10.09.2019 20:00;48,02;0,04802;0,04802;0,08602
10.09.2019 20:00;10.09.2019 21:00;51,59;0,05159;0,05159;0,08959
10.09.2019 21:00;10.09.2019 22:00;42,75;0,04275;0,04275;0,08075
10.09.2019 22:00;10.09.2019 23:00;35,89;0,03589;0,03589;0,07389
10.09.2019 23:00;11.09.2019 00:00;31,7;0,0317;0,0317;0,0697
11.09.2019 00:00;11.09.2019 01:00;31,25;0,03125;0,03125;0,06925
11.09.2019 01:00;11.09.2019 02:00;30,23;0,03023;0,03023;0,06823
11.09.2019 02:00;11.09.2019 03:00;28,62;0,02862;0,02862;0,06662
11.09.2019 03:00;11.09.2019 04:00;28,88;0,02888;0,02888;0,06688
11.09.2019 04:00;11.09.2019 05:00;29,9;0,0299;0,0299;0,0679
11.09.2019 05:00;11.09.2019 06:00;30,64;0,03064;0,03064;0,06864
11.09.2019 06:00;11.09.2019 07:00;38,82;0,03882;0,03882;0,07682
11.09.2019 07:00;11.09.2019 08:00;42,57;0,04257;0,04257;0,08057
11.09.2019 08:00;11.09.2019 09:00;43,25;0,04325;0,04325;0,08125
11.09.2019 09:00;11.09.2019 10:00;39,82;0,03982;0,03982;0,07782
11.09.2019 10:00;11.09.2019 11:00;36,29;0,03629;0,03629;0,07429
11.09.2019 11:00;11.09.2019 12:00;33,94;0,03394;0,03394;0,07194
11.09.2019 12:00;11.09.2019 13:00;30,55;0,03055;0,03055;0,06855
11.09.2019 13:00;11.09.2019 14:00;28,79;0,02879;0,02879;0,06679
11.09.2019 14:00;11.09.2019 15:00;28,68;0,02868;0,02868;0,06668
11.09.2019 15:00;11.09.2019 16:00;30,02;0,03002;0,03002;0,06802
11.09.2019 16:00;11.09.2019 17:00;29,33;0,02933;0,02933;0,06733
11.09.2019 17:00;11.09.2019 18:00;33,06;0,03306;0,03306;0,07106
11.09.2019 18:00;11.09.2019 19:00;37,34;0,03734;0,03734;0,07534
11.09.2019 19:00;11.09.2019 20:00;39,67;0,03967;0,03967;0,07767
11.09.2019 20:00;11.09.2019 21:00;41,1;0,0411;0,0411;0,0791
11.09.2019 21:00;11.09.2019 22:00;38,37;0,03837;0,03837;0,07637
11.09.2019 22:00;11.09.2019 23:00;33,04;0,03304;0,03304;0,07104
11.09.2019 23:00;12.09.2019 00:00;30,1;0,0301;0,0301;0,0681
12.09.2019 00:00;12.09.2019 01:00;27,88;0,02788;0,02788;0,06588
12.09.2019 01:00;12.09.2019 02:00;27,21;0,02721;0,02721;0,06521
12.09.2019 02:00;12.09.2019 03:00;27,53;0,02753;0,02753;0,06553
12.09.2019 03:00;12.09.2019 04:00;26,89;0,02689;0,02689;0,06489
12.09.2019 04:00;12.09.2019 05:00;28,03;0,02803;0,02803;0,06603
12.09.2019 05:00;12.09.2019 06:00;30,74;0,03074;0,03074;0,06874
12.09.2019 06:00;12.09.2019 07:00;44,66;0,04466;0,04466;0,08266
12.09.2019 07:00;12.09.2019 08:00;50,32;0,05032;0,05032;0,08832
12.09.2019 08:00;12.09.2019 09:00;55,55;0,05555;0,05555;0,09355
12.09.2019 09:00;12.09.2019 10:00;47,96;0,04796;0,04796;0,08596
12.09.2019 10:00;12.09.2019 11:00;43,93;0,04393;0,04393;0,08193
12.09.2019 11:00;12.09.2019 12:00;41,97;0,04197;0,04197;0,07997
12.09.2019 12:00;12.09.2019 13:00;40,99;0,04099;0,04099;0,07899
12.09.2019 13:00;12.09.2019 14:00;35,28;0,03528;0,03528;0,07328
12.09.2019 14:00;12.09.2019 15:00;32,68;0,03268;0,03268;0,07068
12.09.2019 15:00;12.09.2019 16:00;32,72;0,03272;0,03272;0,07072
12.09.2019 16:00;12.09.2019 17:00;32,75;0,03275;0,03275;0,07075
12.09.2019 17:00;12.09.2019 18:00;39,9;0,0399;0,0399;0,0779
12.09.2019 18:00;12.09.2019 19:00;42;0,042;0,042;0,08
12.09.2019 19:00;12.09.2019 20:00;44,27;0,04427;0,04427;0,08227
12.09.2019 20:00;12.09.2019 21:00;44,17;0,04417;0,04417;0,08217
12.09.2019 21:00;12.09.2019 22:00;41,51;0,04151;0,04151;0,07951
12.09.2019 22:00;12.09.2019 23:00;36,84;0,03684;0,03684;0,07484
12.09.2019 23:00;13.09.2019 00:00;30,93;0,03093;0,03093;0,06893
13.09.2019 00:00;13.09.2019 01:00;30,05;0,03005;0,03005;0,06805
13.09.2019 01:00;13.09.2019 02:00;28,31;0,02831;0,02831;0,06631
13.09.2019 02:00;13.09.2019 03:00;27,11;0,02711;0,02711;0,06511
13.09.2019 03:00;13.09.2019 04:00;26,24;0,02624;0,02624;0,06424
13.09.2019 04:00;13.09.2019 05:00;27,05;0,02705;0,02705;0,06505
13.09.2019 05:00;13.09.2019 06:00;30,01;0,03001;0,03001;0,06801
13.09.2019 06:00;13.09.2019 07:00;40,01;0,04001;0,04001;0,07801
13.09.2019 07:00;13.09.2019 08:00;43,98;0,04398;0,04398;0,08198
13.09.2019 08:00;13.09.2019 09:00;45,72;0,04572;0,04572;0,08372
13.09.2019 09:00;13.09.2019 10:00;44,69;0,04469;0,04469;0,08269
13.09.2019 10:00;13.09.2019 11:00;43,65;0,04365;0,04365;0,08165
13.09.2019 11:00;13.09.2019 12:00;42,21;0,04221;0,04221;0,08021
13.09.2019 12:00;13.09.2019 13:00;40,92;0,04092;0,04092;0,07892
13.09.2019 13:00;13.09.2019 14:00;38,11;0,03811;0,03811;0,07611
13.09.2019 14:00;13.09.2019 15:00;37,06;0,03706;0,03706;0,07506
13.09.2019 15:00;13.09.2019 16:00;36,25;0,03625;0,03625;0,07425
13.09.2019 16:00;13.09.2019 17:00;37,53;0,03753;0,03753;0,07553
13.09.2019 17:00;13.09.2019 18:00;42,48;0,04248;0,04248;0,08048
13.09.2019 18:00;13.09.2019 19:00;46,13;0,04613;0,04613;0,08413
13.09.2019 19:00;13.09.2019 20:00;50,91;0,05091;0,05091;0,08891
13.09.2019 20:00;13.09.2019 21:00;52,07;0,05207;0,05207;0,09007
13.09.2019 21:00;13.09.2019 22:00;44,91;0,04491;0,04491;0,08291
13.09.2019 22:00;13.09.2019 23:00;42,02;0,04202;0,04202;0,08002
13.09.2019 23:00;14.09.2019 00:00;39;0,039;0,039;0,077
14.09.2019 00:00;14.09.2019 01:00;39,7;0,0397;0,0397;0,0777
14.09.2019 01:00;14.09.2019 02:00;32,5;0,0325;0,0325;0,0705
14.09.2019 02:00;14.09.2019 03:00;32,07;0,03207;0,03207;0,07007
14.09.2019 03:00;14.09.2019 04:00;31,95;0,03195;0,03195;0,06995
14.09.2019 04:00;14.09.2019 05:00;31,93;0,03193;0,03193;0,06993
14.09.2019 05:00;14.09.2019 06:00;31,98;0,03198;0,03198;0,06998
14.09.2019 06:00;14.09.2019 07:00;32,86;0,03286;0,03286;0,07086
14.09.2019 07:00;14.09.2019 08:00;40,52;0,04052;0,04052;0,07852
14.09.2019 08:00;14.09.2019 09:00;41,95;0,04195;0,04195;0,07995
14.09.2019 09:00;14.09.2019 10:00;41,77;0,04177;0,04177;0,07977
14.09.2019 10:00;14.09.2019 11:00;36,49;0,03649;0,03649;0,07449
14.09.2019 11:00;14.09.2019 12:00;32,54;0,03254;0,03254;0,07054
14.09.2019 12:00;14.09.2019 13:00;31,28;0,03128;0,03128;0,06928
14.09.2019 13:00;14.09.2019 14:00;30,01;0,03001;0,03001;0,06801
14.09.2019 14:00;14.09.2019 15:00;28,03;0,02803;0,02803;0,06603
14.09.2019 15:00;14.09.2019 16:00;28,02;0,02802;0,02802;0,06602
14.09.2019 16:00;14.09.2019 17:00;30;0,03;0,03;0,068
14.09.2019 17:00;14.09.2019 18:00;35,48;0,03548;0,03548;0,07348
14.09.2019 18:00;14.09.2019 19:00;42,96;0,04296;0,04296;0,08096
14.09.2019 19:00;14.09.2019 20:00;50,85;0,05085;0,05085;0,08885
14.09.2019 20:00;14.09.2019 21:00;47,99;0,04799;0,04799;0,08599
14.09.2019 21:00;14.09.2019 22:00;44,05;0,04405;0,04405;0,08205
14.09.2019 22:00;14.09.2019 23:00;40,95;0,04095;0,04095;0,07895
14.09.2019 23:00;15.09.2019 00:00;32,89;0,03289;0,03289;0,07089
15.09.2019 00:00;15.09.2019 01:00;33,08;0,03308;0,03308;0,07108
15.09.2019 01:00;15.09.2019 02:00;29,4;0,0294;0,0294;0,0674
15.09.2019 02:00;15.09.2019 03:00;25,35;0,02535;0,02535;0,06335
15.09.2019 03:00;15.09.2019 04:00;17,86;0,01786;0,01786;0,05586
15.09.2019 04:00;15.09.2019 05:00;16,29;0,01629;0,01629;0,05429
15.09.2019 05:00;15.09.2019 06:00;17,42;0,01742;0,01742;0,05542
15.09.2019 06:00;15.09.2019 07:00;19,75;0,01975;0,01975;0,05775
15.09.2019 07:00;15.09.2019 08:00;19,15;0,01915;0,01915;0,05715
15.09.2019 08:00;15.09.2019 09:00;24,24;0,02424;0,02424;0,06224
15.09.2019 09:00;15.09.2019 10:00;24,83;0,02483;0,02483;0,06283
15.09.2019 10:00;15.09.2019 11:00;20,99;0,02099;0,02099;0,05899
15.09.2019 11:00;15.09.2019 12:00;8,51;0,00851;0,00851;0,04651
15.09.2019 12:00;15.09.2019 13:00;-0,07;-0,00007;0,00007;0,03793
15.09.2019 13:00;15.09.2019 14:00;-7,45;-0,00745;0,00745;0,03055
15.09.2019 14:00;15.09.2019 15:00;-6,83;-0,00683;0,00683;0,03117
15.09.2019 15:00;15.09.2019 16:00;0,07;0,00007;0,00007;0,03807
15.09.2019 16:00;15.09.2019 17:00;25,48;0,02548;0,02548;0,06348
15.09.2019 17:00;15.09.2019 18:00;32,4;0,0324;0,0324;0,0704
15.09.2019 18:00;15.09.2019 19:00;41,75;0,04175;0,04175;0,07975
15.09.2019 19:00;15.09.2019 20:00;43,96;0,04396;0,04396;0,08196
15.09.2019 20:00;15.09.2019 21:00;48,9;0,0489;0,0489;0,0869
15.09.2019 21:00;15.09.2019 22:00;47,99;0,04799;0,04799;0,08599
15.09.2019 22:00;15.09.2019 23:00;45,91;0,04591;0,04591;0,08391
15.09.2019 23:00;16.09.2019 00:00;41,17;0,04117;0,04117;0,07917
16.09.2019 00:00;16.09.2019 01:00;32,45;0,03245;0,03245;0,07045
16.09.2019 01:00;16.09.2019 02:00;32,57;0,03257;0,03257;0,07057
16.09.2019 02:00;16.09.2019 03:00;32,09;0,03209;0,03209;0,07009
16.09.2019 03:00;16.09.2019 04:00;30,43;0,03043;0,03043;0,06843
16.09.2019 04:00;16.09.2019 05:00;30,92;0,03092;0,03092;0,06892
16.09.2019 05:00;16.09.2019 06:00;33,3;0,0333;0,0333;0,0713
16.09.2019 06:00;16.09.2019 07:00;50,67;0,05067;0,05067;0,08867
16.09.2019 07:00;16.09.2019 08:00;52,98;0,05298;0,05298;0,09098
16.09.2019 08:00;16.09.2019 09:00;59,69;0,05969;0,05969;0,09769
16.09.2019 09:00;16.09.2019 10:00;55,31;0,05531;0,05531;0,09331
16.09.2019 10:00;16.09.2019 11:00;50,79;0,05079;0,05079;0,08879
16.09.2019 11:00;16.09.2019 12:00;54,69;0,05469;0,05469;0,09269
16.09.2019 12:00;16.09.2019 13:00;50;0,05;0,05;0,088
16.09.2019 13:00;16.09.2019 14:00;50,32;0,05032;0,05032;0,08832
16.09.2019 14:00;16.09.2019 15:00;49,39;0,04939;0,04939;0,08739
16.09.2019 15:00;16.09.2019 16:00;48,91;0,04891;0,04891;0,08691
16.09.2019 16:00;16.09.2019 17:00;48,11;0,04811;0,04811;0,08611
16.09.2019 17:00;16.09.2019 18:00;51,93;0,05193;0,05193;0,08993
16.09.2019 18:00;16.09.2019 19:00;56,67;0,05667;0,05667;0,09467
16.09.2019 19:00;16.09.2019 20:00;60,91;0,06091;0,06091;0,09891
16.09.2019 20:00;16.09.2019 21:00;60,16;0,06016;0,06016;0,09816
16.09.2019 21:00;16.09.2019 22:00;51,09;0,05109;0,05109;0,08909
16.09.2019 22:00;16.09.2019 23:00;47,91;0,04791;0,04791;0,08591
16.09.2019 23:00;17.09.2019 00:00;40,32;0,04032;0,04032;0,07832
17.09.2019 00:00;17.09.2019 01:00;36,88;0,03688;0,03688;0,07488
17.09.2019 01:00;17.09.2019 02:00;33,02;0,03302;0,03302;0,07102
17.09.2019 02:00;17.09.2019 03:00;30,91;0,03091;0,03091;0,06891
17.09.2019 03:00;17.09.2019 04:00;30,5;0,0305;0,0305;0,0685
17.09.2019 04:00;17.09.2019 05:00;30,57;0,03057;0,03057;0,06857
17.09.2019 05:00;17.09.2019 06:00;33,15;0,03315;0,03315;0,07115
17.09.2019 06:00;17.09.2019 07:00;45,9;0,0459;0,0459;0,0839
17.09.2019 07:00;17.09.2019 08:00;50,91;0,05091;0,05091;0,08891
17.09.2019 08:00;17.09.2019 09:00;52,03;0,05203;0,05203;0,09003
17.09.2019 09:00;17.09.2019 10:00;45,09;0,04509;0,04509;0,08309
17.09.2019 10:00;17.09.2019 11:00;36,32;0,03632;0,03632;0,07432
17.09.2019 11:00;17.09.2019 12:00;30,23;0,03023;0,03023;0,06823
17.09.2019 12:00;17.09.2019 13:00;27,51;0,02751;0,02751;0,06551
17.09.2019 13:00;17.09.2019 14:00;26,46;0,02646;0,02646;0,06446
17.09.2019 14:00;17.09.2019 15:00;17,88;0,01788;0,01788;0,05588
17.09.2019 15:00;17.09.2019 16:00;20,45;0,02045;0,02045;0,05845
17.09.2019 16:00;17.09.2019 17:00;25,03;0,02503;0,02503;0,06303
17.09.2019 17:00;17.09.2019 18:00;27,99;0,02799;0,02799;0,06599
17.09.2019 18:00;17.09.2019 19:00;34,68;0,03468;0,03468;0,07268
17.09.2019 19:00;17.09.2019 20:00;39,49;0,03949;0,03949;0,07749
17.09.2019 20:00;17.09.2019 21:00;38,81;0,03881;0,03881;0,07681
17.09.2019 21:00;17.09.2019 22:00;35,77;0,03577;0,03577;0,07377
17.09.2019 22:00;17.09.2019 23:00;33,23;0,03323;0,03323;0,07123
17.09.2019 23:00;18.09.2019 00:00;30,03;0,03003;0,03003;0,06803
18.09.2019 00:00;18.09.2019 01:00;27,53;0,02753;0,02753;0,06553
18.09.2019 01:00;18.09.2019 02:00;27,16;0,02716;0,02716;0,06516
18.09.2019 02:00;18.09.2019 03:00;27;0,027;0,027;0,065
18.09.2019 03:00;18.09.2019 04:00;26,74;0,02674;0,02674;0,06474
18.09.2019 04:00;18.09.2019 05:00;27,7;0,0277;0,0277;0,0657
18.09.2019 05:00;18.09.2019 06:00;30,18;0,03018;0,03018;0,06818
18.09.2019 06:00;18.09.2019 07:00;39,77;0,03977;0,03977;0,07777
18.09.2019 07:00;18.09.2019 08:00;49,95;0,04995;0,04995;0,08795
18.09.2019 08:00;18.09.2019 09:00;51,22;0,05122;0,05122;0,08922
18.09.2019 09:00;18.09.2019 10:00;46,36;0,04636;0,04636;0,08436
18.09.2019 10:00;18.09.2019 11:00;32,66;0,03266;0,03266;0,07066
18.09.2019 11:00;18.09.2019 12:00;29,23;0,02923;0,02923;0,06723
18.09.2019 12:00;18.09.2019 13:00;27,65;0,02765;0,02765;0,06565
18.09.2019 13:00;18.09.2019 14:00;27,05;0,02705;0,02705;0,06505
18.09.2019 14:00;18.09.2019 15:00;26,09;0,02609;0,02609;0,06409
18.09.2019 15:00;18.09.2019 16:00;27,66;0,02766;0,02766;0,06566
18.09.2019 16:00;18.09.2019 17:00;29,65;0,02965;0,02965;0,06765
18.09.2019 17:00;18.09.2019 18:00;37,91;0,03791;0,03791;0,07591
18.09.2019 18:00;18.09.2019 19:00;48,29;0,04829;0,04829;0,08629
18.09.2019 19:00;18.09.2019 20:00;52,27;0,05227;0,05227;0,09027
18.09.2019 20:00;18.09.2019 21:00;53,17;0,05317;0,05317;0,09117
18.09.2019 21:00;18.09.2019 22:00;48,07;0,04807;0,04807;0,08607
18.09.2019 22:00;18.09.2019 23:00;45,19;0,04519;0,04519;0,08319
18.09.2019 23:00;19.09.2019 00:00;37;0,037;0,037;0,075
19.09.2019 00:00;19.09.2019 01:00;33,34;0,03334;0,03334;0,07134
19.09.2019 01:00;19.09.2019 02:00;31,15;0,03115;0,03115;0,06915
19.09.2019 02:00;19.09.2019 03:00;30,78;0,03078;0,03078;0,06878
19.09.2019 03:00;19.09.2019 04:00;30,36;0,03036;0,03036;0,06836
19.09.2019 04:00;19.09.2019 05:00;31,43;0,03143;0,03143;0,06943
19.09.2019 05:00;19.09.2019 06:00;34,5;0,0345;0,0345;0,0725
19.09.2019 06:00;19.09.2019 07:00;48,73;0,04873;0,04873;0,08673
19.09.2019 07:00;19.09.2019 08:00;51,79;0,05179;0,05179;0,08979
19.09.2019 08:00;19.09.2019 09:00;54;0,054;0,054;0,092
19.09.2019 09:00;19.09.2019 10:00;52;0,052;0,052;0,09
19.09.2019 10:00;19.09.2019 11:00;50,19;0,05019;0,05019;0,08819
19.09.2019 11:00;19.09.2019 12:00;44,3;0,0443;0,0443;0,0823
19.09.2019 12:00;19.09.2019 13:00;37,81;0,03781;0,03781;0,07581
19.09.2019 13:00;19.09.2019 14:00;36,31;0,03631;0,03631;0,07431
19.09.2019 14:00;19.09.2019 15:00;36;0,036;0,036;0,074
19.09.2019 15:00;19.09.2019 16:00;36,41;0,03641;0,03641;0,07441
19.09.2019 16:00;19.09.2019 17:00;38,88;0,03888;0,03888;0,07688
19.09.2019 17:00;19.09.2019 18:00;50;0,05;0,05;0,088
19.09.2019 18:00;19.09.2019 19:00;52,2;0,0522;0,0522;0,0902
19.09.2019 19:00;19.09.2019 20:00;71,47;0,07147;0,07147;0,10947
19.09.2019 20:00;19.09.2019 21:00;61,13;0,06113;0,06113;0,09913
19.09.2019 21:00;19.09.2019 22:00;51,24;0,05124;0,05124;0,08924
19.09.2019 22:00;19.09.2019 23:00;48,09;0,04809;0,04809;0,08609
19.09.2019 23:00;20.09.2019 00:00;38,61;0,03861;0,03861;0,07661
20.09.2019 00:00;20.09.2019 01:00;37,37;0,03737;0,03737;0,07537
20.09.2019 01:00;20.09.2019 02:00;36,06;0,03606;0,03606;0,07406
20.09.2019 02:00;20.09.2019 03:00;35,04;0,03504;0,03504;0,07304
20.09.2019 03:00;20.09.2019 04:00;35,4;0,0354;0,0354;0,0734
20.09.2019 04:00;20.09.2019 05:00;36,13;0,03613;0,03613;0,07413
20.09.2019 05:00;20.09.2019 06:00;37,25;0,03725;0,03725;0,07525
20.09.2019 06:00;20.09.2019 07:00;48,77;0,04877;0,04877;0,08677
20.09.2019 07:00;20.09.2019 08:00;53,47;0,05347;0,05347;0,09147
20.09.2019 08:00;20.09.2019 09:00;60,73;0,06073;0,06073;0,09873
20.09.2019 09:00;20.09.2019 10:00;52,09;0,05209;0,05209;0,09009
20.09.2019 10:00;20.09.2019 11:00;49,48;0,04948;0,04948;0,08748
20.09.2019 11:00;20.09.2019 12:00;42,85;0,04285;0,04285;0,08085
20.09.2019 12:00;20.09.2019 13:00;37,02;0,03702;0,03702;0,07502
20.09.2019 13:00;20.09.2019 14:00;34,63;0,03463;0,03463;0,07263
20.09.2019 14:00;20.09.2019 15:00;33,38;0,03338;0,03338;0,07138
20.09.2019 15:00;20.09.2019 16:00;33,81;0,03381;0,03381;0,07181
20.09.2019 16:00;20.09.2019 17:00;36,52;0,03652;0,03652;0,07452
20.09.2019 17:00;20.09.2019 18:00;46,13;0,04613;0,04613;0,08413
20.09.2019 18:00;20.09.2019 19:00;52,96;0,05296;0,05296;0,09096
20.09.2019 19:00;20.09.2019 20:00;56,94;0,05694;0,05694;0,09494
20.09.2019 20:00;20.09.2019 21:00;51,22;0,05122;0,05122;0,08922
20.09.2019 21:00;20.09.2019 22:00;44,08;0,04408;0,04408;0,08208
20.09.2019 22:00;20.09.2019 23:00;39,18;0,03918;0,03918;0,07718
20.09.2019 23:00;21.09.2019 00:00;34,2;0,0342;0,0342;0,0722
21.09.2019 00:00;21.09.2019 01:00;33,07;0,03307;0,03307;0,07107
21.09.2019 01:00;21.09.2019 02:00;30,01;0,03001;0,03001;0,06801
21.09.2019 02:00;21.09.2019 03:00;29,45;0,02945;0,02945;0,06745
21.09.2019 03:00;21.09.2019 04:00;30,09;0,03009;0,03009;0,06809
21.09.2019 04:00;21.09.2019 05:00;31,97;0,03197;0,03197;0,06997
21.09.2019 05:00;21.09.2019 06:00;32,96;0,03296;0,03296;0,07096
21.09.2019 06:00;21.09.2019 07:00;35,38;0,03538;0,03538;0,07338
21.09.2019 07:00;21.09.2019 08:00;44,98;0,04498;0,04498;0,08298
21.09.2019 08:00;21.09.2019 09:00;43,4;0,0434;0,0434;0,0814
21.09.2019 09:00;21.09.2019 10:00;36,5;0,0365;0,0365;0,0745
21.09.2019 10:00;21.09.2019 11:00;31,49;0,03149;0,03149;0,06949
21.09.2019 11:00;21.09.2019 12:00;29,86;0,02986;0,02986;0,06786
21.09.2019 12:00;21.09.2019 13:00;28,27;0,02827;0,02827;0,06627
21.09.2019 13:00;21.09.2019 14:00;27,25;0,02725;0,02725;0,06525
21.09.2019 14:00;21.09.2019 15:00;26,7;0,0267;0,0267;0,0647
21.09.2019 15:00;21.09.2019 16:00;27,67;0,02767;0,02767;0,06567
21.09.2019 16:00;21.09.2019 17:00;28;0,028;0,028;0,066
21.09.2019 17:00;21.09.2019 18:00;39,66;0,03966;0,03966;0,07766
21.09.2019 18:00;21.09.2019 19:00;50;0,05;0,05;0,088
21.09.2019 19:00;21.09.2019 20:00;50;0,05;0,05;0,088
21.09.2019 20:00;21.09.2019 21:00;46,32;0,04632;0,04632;0,08432
21.09.2019 21:00;21.09.2019 22:00;34,93;0,03493;0,03493;0,07293
21.09.2019 22:00;21.09.2019 23:00;33,1;0,0331;0,0331;0,0711
21.09.2019 23:00;22.09.2019 00:00;30,56;0,03056;0,03056;0,06856
22.09.2019 00:00;22.09.2019 01:00;27,62;0,02762;0,02762;0,06562
22.09.2019 01:00;22.09.2019 02:00;28,14;0,02814;0,02814;0,06614
22.09.2019 02:00;22.09.2019 03:00;28,36;0,02836;0,02836;0,06636
22.09.2019 03:00;22.09.2019 04:00;28,54;0,02854;0,02854;0,06654
22.09.2019 04:00;22.09.2019 05:00;29,87;0,02987;0,02987;0,06787
22.09.2019 05:00;22.09.2019 06:00;27,3;0,0273;0,0273;0,0653
22.09.2019 06:00;22.09.2019 07:00;26,6;0,0266;0,0266;0,0646
22.09.2019 07:00;22.09.2019 08:00;26,88;0,02688;0,02688;0,06488
22.09.2019 08:00;22.09.2019 09:00;26;0,026;0,026;0,064
22.09.2019 09:00;22.09.2019 10:00;25,33;0,02533;0,02533;0,06333
22.09.2019 10:00;22.09.2019 11:00;26,24;0,02624;0,02624;0,06424
22.09.2019 11:00;22.09.2019 12:00;26,91;0,02691;0,02691;0,06491
22.09.2019 12:00;22.09.2019 13:00;26,58;0,02658;0,02658;0,06458
22.09.2019 13:00;22.09.2019 14:00;24,9;0,0249;0,0249;0,0629
22.09.2019 14:00;22.09.2019 15:00;25,05;0,02505;0,02505;0,06305
22.09.2019 15:00;22.09.2019 16:00;26,49;0,02649;0,02649;0,06449
22.09.2019 16:00;22.09.2019 17:00;27,27;0,02727;0,02727;0,06527
22.09.2019 17:00;22.09.2019 18:00;34,99;0,03499;0,03499;0,07299
22.09.2019 18:00;22.09.2019 19:00;39,01;0,03901;0,03901;0,07701
22.09.2019 19:00;22.09.2019 20:00;40,97;0,04097;0,04097;0,07897
22.09.2019 20:00;22.09.2019 21:00;38,5;0,0385;0,0385;0,0765
22.09.2019 21:00;22.09.2019 22:00;34,44;0,03444;0,03444;0,07244
22.09.2019 22:00;22.09.2019 23:00;33,4;0,0334;0,0334;0,0714
22.09.2019 23:00;23.09.2019 00:00;31,99;0,03199;0,03199;0,06999
23.09.2019 00:00;23.09.2019 01:00;27,66;0,02766;0,02766;0,06566
23.09.2019 01:00;23.09.2019 02:00;27,2;0,0272;0,0272;0,0652
23.09.2019 02:00;23.09.2019 03:00;27,38;0,02738;0,02738;0,06538
23.09.2019 03:00;23.09.2019 04:00;27,62;0,02762;0,02762;0,06562
23.09.2019 04:00;23.09.2019 05:00;27,24;0,02724;0,02724;0,06524
23.09.2019 05:00;23.09.2019 06:00;31,31;0,03131;0,03131;0,06931
23.09.2019 06:00;23.09.2019 07:00;39,14;0,03914;0,03914;0,07714
23.09.2019 07:00;23.09.2019 08:00;48,99;0,04899;0,04899;0,08699
23.09.2019 08:00;23.09.2019 09:00;50;0,05;0,05;0,088
23.09.2019 09:00;23.09.2019 10:00;49,98;0,04998;0,04998;0,08798
23.09.2019 10:00;23.09.2019 11:00;49,99;0,04999;0,04999;0,08799
23.09.2019 11:00;23.09.2019 12:00;50,5;0,0505;0,0505;0,0885
23.09.2019 12:00;23.09.2019 13:00;48,76;0,04876;0,04876;0,08676
23.09.2019 13:00;23.09.2019 14:00;48,27;0,04827;0,04827;0,08627
23.09.2019 14:00;23.09.2019 15:00;47,27;0,04727;0,04727;0,08527
23.09.2019 15:00;23.09.2019 16:00;48,36;0,04836;0,04836;0,08636
23.09.2019 16:00;23.09.2019 17:00;53,92;0,05392;0,05392;0,09192
23.09.2019 17:00;23.09.2019 18:00;53,97;0,05397;0,05397;0,09197
23.09.2019 18:00;23.09.2019 19:00;55,58;0,05558;0,05558;0,09358
23.09.2019 19:00;23.09.2019 20:00;64,98;0,06498;0,06498;0,10298
23.09.2019 20:00;23.09.2019 21:00;53,1;0,0531;0,0531;0,0911
23.09.2019 21:00;23.09.2019 22:00;49,21;0,04921;0,04921;0,08721
23.09.2019 22:00;23.09.2019 23:00;42,85;0,04285;0,04285;0,08085
23.09.2019 23:00;24.09.2019 00:00;35,79;0,03579;0,03579;0,07379
24.09.2019 00:00;24.09.2019 01:00;36,35;0,03635;0,03635;0,07435
24.09.2019 01:00;24.09.2019 02:00;35,44;0,03544;0,03544;0,07344
24.09.2019 02:00;24.09.2019 03:00;35,24;0,03524;0,03524;0,07324
24.09.2019 03:00;24.09.2019 04:00;35,43;0,03543;0,03543;0,07343
24.09.2019 04:00;24.09.2019 05:00;36,33;0,03633;0,03633;0,07433
24.09.2019 05:00;24.09.2019 06:00;38,95;0,03895;0,03895;0,07695
24.09.2019 06:00;24.09.2019 07:00;55,98;0,05598;0,05598;0,09398
24.09.2019 07:00;24.09.2019 08:00;65,17;0,06517;0,06517;0,10317
24.09.2019 08:00;24.09.2019 09:00;65,19;0,06519;0,06519;0,10319
24.09.2019 09:00;24.09.2019 10:00;53,04;0,05304;0,05304;0,09104
24.09.2019 10:00;24.09.2019 11:00;52,95;0,05295;0,05295;0,09095
24.09.2019 11:00;24.09.2019 12:00;50,9;0,0509;0,0509;0,0889
24.09.2019 12:00;24.09.2019 13:00;49,15;0,04915;0,04915;0,08715
24.09.2019 13:00;24.09.2019 14:00;46,99;0,04699;0,04699;0,08499
24.09.2019 14:00;24.09.2019 15:00;45,74;0,04574;0,04574;0,08374
24.09.2019 15:00;24.09.2019 16:00;46,82;0,04682;0,04682;0,08482
24.09.2019 16:00;24.09.2019 17:00;49,77;0,04977;0,04977;0,08777
24.09.2019 17:00;24.09.2019 18:00;54,96;0,05496;0,05496;0,09296
24.09.2019 18:00;24.09.2019 19:00;60,2;0,0602;0,0602;0,0982
24.09.2019 19:00;24.09.2019 20:00;54,19;0,05419;0,05419;0,09219
24.09.2019 20:00;24.09.2019 21:00;51,18;0,05118;0,05118;0,08918
24.09.2019 21:00;24.09.2019 22:00;46,41;0,04641;0,04641;0,08441
24.09.2019 22:00;24.09.2019 23:00;37,58;0,03758;0,03758;0,07558
24.09.2019 23:00;25.09.2019 00:00;34,72;0,03472;0,03472;0,07272
25.09.2019 00:00;25.09.2019 01:00;34,31;0,03431;0,03431;0,07231
25.09.2019 01:00;25.09.2019 02:00;33,17;0,03317;0,03317;0,07117
25.09.2019 02:00;25.09.2019 03:00;33;0,033;0,033;0,071
25.09.2019 03:00;25.09.2019 04:00;34,25;0,03425;0,03425;0,07225
25.09.2019 04:00;25.09.2019 05:00;34,9;0,0349;0,0349;0,0729
25.09.2019 05:00;25.09.2019 06:00;36,5;0,0365;0,0365;0,0745
25.09.2019 06:00;25.09.2019 07:00;50,91;0,05091;0,05091;0,08891
25.09.2019 07:00;25.09.2019 08:00;56,97;0,05697;0,05697;0,09497
25.09.2019 08:00;25.09.2019 09:00;62,08;0,06208;0,06208;0,10008
25.09.2019 09:00;25.09.2019 10:00;56,64;0,05664;0,05664;0,09464
25.09.2019 10:00;25.09.2019 11:00;51,67;0,05167;0,05167;0,08967
25.09.2019 11:00;25.09.2019 12:00;50,98;0,05098;0,05098;0,08898
25.09.2019 12:00;25.09.2019 13:00;49,8;0,0498;0,0498;0,0878
25.09.2019 13:00;25.09.2019 14:00;50,24;0,05024;0,05024;0,08824
25.09.2019 14:00;25.09.2019 15:00;50,02;0,05002;0,05002;0,08802
25.09.2019 15:00;25.09.2019 16:00;49,95;0,04995;0,04995;0,08795
25.09.2019 16:00;25.09.2019 17:00;48,48;0,04848;0,04848;0,08648
25.09.2019 17:00;25.09.2019 18:00;49,99;0,04999;0,04999;0,08799
25.09.2019 18:00;25.09.2019 19:00;54,19;0,05419;0,05419;0,09219
25.09.2019 19:00;25.09.2019 20:00;59,66;0,05966;0,05966;0,09766
25.09.2019 20:00;25.09.2019 21:00;51,74;0,05174;0,05174;0,08974
25.09.2019 21:00;25.09.2019 22:00;47,68;0,04768;0,04768;0,08568
25.09.2019 22:00;25.09.2019 23:00;39,69;0,03969;0,03969;0,07769
25.09.2019 23:00;26.09.2019 00:00;35,05;0,03505;0,03505;0,07305
26.09.2019 00:00;26.09.2019 01:00;34,18;0,03418;0,03418;0,07218
26.09.2019 01:00;26.09.2019 02:00;32,92;0,03292;0,03292;0,07092
26.09.2019 02:00;26.09.2019 03:00;31,8;0,0318;0,0318;0,0698
26.09.2019 03:00;26.09.2019 04:00;31,55;0,03155;0,03155;0,06955
26.09.2019 04:00;26.09.2019 05:00;32,12;0,03212;0,03212;0,07012
26.09.2019 05:00;26.09.2019 06:00;34,9;0,0349;0,0349;0,0729
26.09.2019 06:00;26.09.2019 07:00;46,21;0,04621;0,04621;0,08421
26.09.2019 07:00;26.09.2019 08:00;50,29;0,05029;0,05029;0,08829
26.09.2019 08:00;26.09.2019 09:00;51,51;0,05151;0,05151;0,08951
26.09.2019 09:00;26.09.2019 10:00;50,52;0,05052;0,05052;0,08852
26.09.2019 10:00;26.09.2019 11:00;49,84;0,04984;0,04984;0,08784
26.09.2019 11:00;26.09.2019 12:00;48,93;0,04893;0,04893;0,08693
26.09.2019 12:00;26.09.2019 13:00;47,35;0,04735;0,04735;0,08535
26.09.2019 13:00;26.09.2019 14:00;46,6;0,0466;0,0466;0,0846
26.09.2019 14:00;26.09.2019 15:00;44,7;0,0447;0,0447;0,0827
26.09.2019 15:00;26.09.2019 16:00;44,37;0,04437;0,04437;0,08237
26.09.2019 16:00;26.09.2019 17:00;44,38;0,04438;0,04438;0,08238
26.09.2019 17:00;26.09.2019 18:00;45,04;0,04504;0,04504;0,08304
26.09.2019 18:00;26.09.2019 19:00;45,28;0,04528;0,04528;0,08328
26.09.2019 19:00;26.09.2019 20:00;43,4;0,0434;0,0434;0,0814
26.09.2019 20:00;26.09.2019 21:00;42,49;0,04249;0,04249;0,08049
26.09.2019 21:00;26.09.2019 22:00;36,12;0,03612;0,03612;0,07412
26.09.2019 22:00;26.09.2019 23:00;32,8;0,0328;0,0328;0,0708
26.09.2019 23:00;27.09.2019 00:00;30,29;0,03029;0,03029;0,06829
27.09.2019 00:00;27.09.2019 01:00;29,05;0,02905;0,02905;0,06705
27.09.2019 01:00;27.09.2019 02:00;27,95;0,02795;0,02795;0,06595
27.09.2019 02:00;27.09.2019 03:00;27,9;0,0279;0,0279;0,0659
27.09.2019 03:00;27.09.2019 04:00;27,99;0,02799;0,02799;0,06599
27.09.2019 04:00;27.09.2019 05:00;28,87;0,02887;0,02887;0,06687
27.09.2019 05:00;27.09.2019 06:00;31,9;0,0319;0,0319;0,0699
27.09.2019 06:00;27.09.2019 07:00;42,55;0,04255;0,04255;0,08055
27.09.2019 07:00;27.09.2019 08:00;48,37;0,04837;0,04837;0,08637
27.09.2019 08:00;27.09.2019 09:00;50,31;0,05031;0,05031;0,08831
27.09.2019 09:00;27.09.2019 10:00;50,08;0,05008;0,05008;0,08808
27.09.2019 10:00;27.09.2019 11:00;47,27;0,04727;0,04727;0,08527
27.09.2019 11:00;27.09.2019 12:00;44,14;0,04414;0,04414;0,08214
27.09.2019 12:00;27.09.2019 13:00;38,81;0,03881;0,03881;0,07681
27.09.2019 13:00;27.09.2019 14:00;35,72;0,03572;0,03572;0,07372
27.09.2019 14:00;27.09.2019 15:00;34,46;0,03446;0,03446;0,07246
27.09.2019 15:00;27.09.2019 16:00;33,94;0,03394;0,03394;0,07194
27.09.2019 16:00;27.09.2019 17:00;36,79;0,03679;0,03679;0,07479
27.09.2019 17:00;27.09.2019 18:00;44,8;0,0448;0,0448;0,0828
27.09.2019 18:00;27.09.2019 19:00;46,54;0,04654;0,04654;0,08454
27.09.2019 19:00;27.09.2019 20:00;48,36;0,04836;0,04836;0,08636
27.09.2019 20:00;27.09.2019 21:00;47,49;0,04749;0,04749;0,08549
27.09.2019 21:00;27.09.2019 22:00;35,14;0,03514;0,03514;0,07314
27.09.2019 22:00;27.09.2019 23:00;34;0,034;0,034;0,072
27.09.2019 23:00;28.09.2019 00:00;30,07;0,03007;0,03007;0,06807
28.09.2019 00:00;28.09.2019 01:00;26,5;0,0265;0,0265;0,0645
28.09.2019 01:00;28.09.2019 02:00;24,5;0,0245;0,0245;0,0625
28.09.2019 02:00;28.09.2019 03:00;23;0,023;0,023;0,061
28.09.2019 03:00;28.09.2019 04:00;22,78;0,02278;0,02278;0,06078
28.09.2019 04:00;28.09.2019 05:00;22,94;0,02294;0,02294;0,06094
28.09.2019 05:00;28.09.2019 06:00;22,73;0,02273;0,02273;0,06073
28.09.2019 06:00;28.09.2019 07:00;25,94;0,02594;0,02594;0,06394
28.09.2019 07:00;28.09.2019 08:00;27,46;0,02746;0,02746;0,06546
28.09.2019 08:00;28.09.2019 09:00;33,2;0,0332;0,0332;0,0712
28.09.2019 09:00;28.09.2019 10:00;34,58;0,03458;0,03458;0,07258
28.09.2019 10:00;28.09.2019 11:00;30,11;0,03011;0,03011;0,06811
28.09.2019 11:00;28.09.2019 12:00;25,7;0,0257;0,0257;0,0637
28.09.2019 12:00;28.09.2019 13:00;14,06;0,01406;0,01406;0,05206
28.09.2019 13:00;28.09.2019 14:00;-1,56;-0,00156;0,00156;0,03644
28.09.2019 14:00;28.09.2019 15:00;-2,77;-0,00277;0,00277;0,03523
28.09.2019 15:00;28.09.2019 16:00;10,27;0,01027;0,01027;0,04827
28.09.2019 16:00;28.09.2019 17:00;23;0,023;0,023;0,061
28.09.2019 17:00;28.09.2019 18:00;32,28;0,03228;0,03228;0,07028
28.09.2019 18:00;28.09.2019 19:00;38,19;0,03819;0,03819;0,07619
28.09.2019 19:00;28.09.2019 20:00;43,69;0,04369;0,04369;0,08169
28.09.2019 20:00;28.09.2019 21:00;33,4;0,0334;0,0334;0,0714
28.09.2019 21:00;28.09.2019 22:00;26,1;0,0261;0,0261;0,0641
28.09.2019 22:00;28.09.2019 23:00;22,99;0,02299;0,02299;0,06099
28.09.2019 23:00;29.09.2019 00:00;19,38;0,01938;0,01938;0,05738
29.09.2019 00:00;29.09.2019 01:00;-2,97;-0,00297;0,00297;0,03503
29.09.2019 01:00;29.09.2019 02:00;1,19;0,00119;0,00119;0,03919
29.09.2019 02:00;29.09.2019 03:00;12,79;0,01279;0,01279;0,05079
29.09.2019 03:00;29.09.2019 04:00;13,15;0,01315;0,01315;0,05115
29.09.2019 04:00;29.09.2019 05:00;13,96;0,01396;0,01396;0,05196
29.09.2019 05:00;29.09.2019 06:00;13,08;0,01308;0,01308;0,05108
29.09.2019 06:00;29.09.2019 07:00;18,11;0,01811;0,01811;0,05611
29.09.2019 07:00;29.09.2019 08:00;22,43;0,02243;0,02243;0,06043
29.09.2019 08:00;29.09.2019 09:00;22,48;0,02248;0,02248;0,06048
29.09.2019 09:00;29.09.2019 10:00;23,49;0,02349;0,02349;0,06149
29.09.2019 10:00;29.09.2019 11:00;18,13;0,01813;0,01813;0,05613
29.09.2019 11:00;29.09.2019 12:00;18,02;0,01802;0,01802;0,05602
29.09.2019 12:00;29.09.2019 13:00;7,22;0,00722;0,00722;0,04522
29.09.2019 13:00;29.09.2019 14:00;-0,33;-0,00033;0,00033;0,03767
29.09.2019 14:00;29.09.2019 15:00;-12,77;-0,01277;0,01277;0,02523
29.09.2019 15:00;29.09.2019 16:00;-10,92;-0,01092;0,01092;0,02708
29.09.2019 16:00;29.09.2019 17:00;-0,47;-0,00047;0,00047;0,03753
29.09.2019 17:00;29.09.2019 18:00;6,83;0,00683;0,00683;0,04483
29.09.2019 18:00;29.09.2019 19:00;16,58;0,01658;0,01658;0,05458
29.09.2019 19:00;29.09.2019 20:00;28;0,028;0,028;0,066
29.09.2019 20:00;29.09.2019 21:00;25,48;0,02548;0,02548;0,06348
29.09.2019 21:00;29.09.2019 22:00;13,97;0,01397;0,01397;0,05197
29.09.2019 22:00;29.09.2019 23:00;13,92;0,01392;0,01392;0,05192
29.09.2019 23:00;30.09.2019 00:00;3,99;0,00399;0,00399;0,04199
30.09.2019 00:00;30.09.2019 01:00;5,07;0,00507;0,00507;0,04307
30.09.2019 01:00;30.09.2019 02:00;-3,93;-0,00393;0,00393;0,03407
30.09.2019 02:00;30.09.2019 03:00;-24,32;-0,02432;0,02432;0,01368
30.09.2019 03:00;30.09.2019 04:00;-37,29;-0,03729;0,03729;0,00071
30.09.2019 04:00;30.09.2019 05:00;-32,38;-0,03238;0,03238;0,00562
30.09.2019 05:00;30.09.2019 06:00;-0,49;-0,00049;0,00049;0,03751
30.09.2019 06:00;30.09.2019 07:00;29,9;0,0299;0,0299;0,0679
30.09.2019 07:00;30.09.2019 08:00;45,33;0,04533;0,04533;0,08333
30.09.2019 08:00;30.09.2019 09:00;40,33;0,04033;0,04033;0,07833
30.09.2019 09:00;30.09.2019 10:00;29,21;0,02921;0,02921;0,06721
30.09.2019 10:00;30.09.2019 11:00;28,21;0,02821;0,02821;0,06621
30.09.2019 11:00;30.09.2019 12:00;25,41;0,02541;0,02541;0,06341
30.09.2019 12:00;30.09.2019 13:00;11,82;0,01182;0,01182;0,04982
30.09.2019 13:00;30.09.2019 14:00;12,99;0,01299;0,01299;0,05099
30.09.2019 14:00;30.09.2019 15:00;6,9;0,0069;0,0069;0,0449
30.09.2019 15:00;30.09.2019 16:00;25,32;0,02532;0,02532;0,06332
30.09.2019 16:00;30.09.2019 17:00;26,62;0,02662;0,02662;0,06462
30.09.2019 17:00;30.09.2019 18:00;41,39;0,04139;0,04139;0,07939
30.09.2019 18:00;30.09.2019 19:00;50,18;0,05018;0,05018;0,08818
30.09.2019 19:00;30.09.2019 20:00;64,37;0,06437;0,06437;0,10237
30.09.2019 20:00;30.09.2019 21:00;57,34;0,05734;0,05734;0,09534
30.09.2019 21:00;30.09.2019 22:00;49,27;0,04927;0,04927;0,08727
30.09.2019 22:00;30.09.2019 23:00;44,58;0,04458;0,04458;0,08258
30.09.2019 23:00;01.10.2019 00:00;34,6;0,0346;0,0346;0,0726
01.10.2019 00:00;01.10.2019 01:00;33,09;0,03309;0,03309;0,07109
01.10.2019 01:00;01.10.2019 02:00;31,58;0,03158;0,03158;0,06958
01.10.2019 02:00;01.10.2019 03:00;30,04;0,03004;0,03004;0,06804
01.10.2019 03:00;01.10.2019 04:00;30,2;0,0302;0,0302;0,0682
01.10.2019 04:00;01.10.2019 05:00;30,13;0,03013;0,03013;0,06813
01.10.2019 05:00;01.10.2019 06:00;33,01;0,03301;0,03301;0,07101
01.10.2019 06:00;01.10.2019 07:00;47,47;0,04747;0,04747;0,08547
01.10.2019 07:00;01.10.2019 08:00;50,98;0,05098;0,05098;0,08898
01.10.2019 08:00;01.10.2019 09:00;51,05;0,05105;0,05105;0,08905
01.10.2019 09:00;01.10.2019 10:00;49,63;0,04963;0,04963;0,08763
01.10.2019 10:00;01.10.2019 11:00;46,86;0,04686;0,04686;0,08486
01.10.2019 11:00;01.10.2019 12:00;44,92;0,04492;0,04492;0,08292
01.10.2019 12:00;01.10.2019 13:00;42,17;0,04217;0,04217;0,08017
01.10.2019 13:00;01.10.2019 14:00;41,04;0,04104;0,04104;0,07904
01.10.2019 14:00;01.10.2019 15:00;39,49;0,03949;0,03949;0,07749
01.10.2019 15:00;01.10.2019 16:00;39,38;0,03938;0,03938;0,07738
01.10.2019 16:00;01.10.2019 17:00;42,88;0,04288;0,04288;0,08088
01.10.2019 17:00;01.10.2019 18:00;48,6;0,0486;0,0486;0,0866
01.10.2019 18:00;01.10.2019 19:00;50,16;0,05016;0,05016;0,08816
01.10.2019 19:00;01.10.2019 20:00;54,99;0,05499;0,05499;0,09299
01.10.2019 20:00;01.10.2019 21:00;52,92;0,05292;0,05292;0,09092
01.10.2019 21:00;01.10.2019 22:00;50,02;0,05002;0,05002;0,08802
01.10.2019 22:00;01.10.2019 23:00;45,06;0,04506;0,04506;0,08306
01.10.2019 23:00;02.10.2019 00:00;35,53;0,03553;0,03553;0,07353
02.10.2019 00:00;02.10.2019 01:00;33,49;0,03349;0,03349;0,07149
02.10.2019 01:00;02.10.2019 02:00;31,92;0,03192;0,03192;0,06992
02.10.2019 02:00;02.10.2019 03:00;32,39;0,03239;0,03239;0,07039
02.10.2019 03:00;02.10.2019 04:00;32,03;0,03203;0,03203;0,07003
02.10.2019 04:00;02.10.2019 05:00;32,95;0,03295;0,03295;0,07095
02.10.2019 05:00;02.10.2019 06:00;35,1;0,0351;0,0351;0,0731
02.10.2019 06:00;02.10.2019 07:00;48,61;0,04861;0,04861;0,08661
02.10.2019 07:00;02.10.2019 08:00;52,79;0,05279;0,05279;0,09079
02.10.2019 08:00;02.10.2019 09:00;52,63;0,05263;0,05263;0,09063
02.10.2019 09:00;02.10.2019 10:00;51,75;0,05175;0,05175;0,08975
02.10.2019 10:00;02.10.2019 11:00;50;0,05;0,05;0,088
02.10.2019 11:00;02.10.2019 12:00;48,04;0,04804;0,04804;0,08604
02.10.2019 12:00;02.10.2019 13:00;41,4;0,0414;0,0414;0,0794
02.10.2019 13:00;02.10.2019 14:00;36,58;0,03658;0,03658;0,07458
02.10.2019 14:00;02.10.2019 15:00;35,22;0,03522;0,03522;0,07322
02.10.2019 15:00;02.10.2019 16:00;34,92;0,03492;0,03492;0,07292
02.10.2019 16:00;02.10.2019 17:00;35,17;0,03517;0,03517;0,07317
02.10.2019 17:00;02.10.2019 18:00;40,49;0,04049;0,04049;0,07849
02.10.2019 18:00;02.10.2019 19:00;48,01;0,04801;0,04801;0,08601
02.10.2019 19:00;02.10.2019 20:00;51,61;0,05161;0,05161;0,08961
02.10.2019 20:00;02.10.2019 21:00;48,47;0,04847;0,04847;0,08647
02.10.2019 21:00;02.10.2019 22:00;40,21;0,04021;0,04021;0,07821
02.10.2019 22:00;02.10.2019 23:00;35,05;0,03505;0,03505;0,07305
02.10.2019 23:00;03.10.2019 00:00;31,8;0,0318;0,0318;0,0698
03.10.2019 00:00;03.10.2019 01:00;26,21;0,02621;0,02621;0,06421
03.10.2019 01:00;03.10.2019 02:00;26,41;0,02641;0,02641;0,06441
03.10.2019 02:00;03.10.2019 03:00;25,3;0,0253;0,0253;0,0633
03.10.2019 03:00;03.10.2019 04:00;25,35;0,02535;0,02535;0,06335
03.10.2019 04:00;03.10.2019 05:00;26,43;0,02643;0,02643;0,06443
03.10.2019 05:00;03.10.2019 06:00;29,31;0,02931;0,02931;0,06731
03.10.2019 06:00;03.10.2019 07:00;35,32;0,03532;0,03532;0,07332
03.10.2019 07:00;03.10.2019 08:00;42,98;0,04298;0,04298;0,08098
03.10.2019 08:00;03.10.2019 09:00;49,92;0,04992;0,04992;0,08792
03.10.2019 09:00;03.10.2019 10:00;47,89;0,04789;0,04789;0,08589
03.10.2019 10:00;03.10.2019 11:00;46,8;0,0468;0,0468;0,0848
03.10.2019 11:00;03.10.2019 12:00;47,61;0,04761;0,04761;0,08561
03.10.2019 12:00;03.10.2019 13:00;42,93;0,04293;0,04293;0,08093
03.10.2019 13:00;03.10.2019 14:00;37,82;0,03782;0,03782;0,07582
03.10.2019 14:00;03.10.2019 15:00;36,74;0,03674;0,03674;0,07474
03.10.2019 15:00;03.10.2019 16:00;36,86;0,03686;0,03686;0,07486
03.10.2019 16:00;03.10.2019 17:00;40,4;0,0404;0,0404;0,0784
03.10.2019 17:00;03.10.2019 18:00;47,93;0,04793;0,04793;0,08593
03.10.2019 18:00;03.10.2019 19:00;51,23;0,05123;0,05123;0,08923
03.10.2019 19:00;03.10.2019 20:00;55,06;0,05506;0,05506;0,09306
03.10.2019 20:00;03.10.2019 21:00;53,53;0,05353;0,05353;0,09153
03.10.2019 21:00;03.10.2019 22:00;48,06;0,04806;0,04806;0,08606
03.10.2019 22:00;03.10.2019 23:00;45,59;0,04559;0,04559;0,08359
03.10.2019 23:00;04.10.2019 00:00;35,93;0,03593;0,03593;0,07393
04.10.2019 00:00;04.10.2019 01:00;37,49;0,03749;0,03749;0,07549
04.10.2019 01:00;04.10.2019 02:00;34,96;0,03496;0,03496;0,07296
04.10.2019 02:00;04.10.2019 03:00;33,79;0,03379;0,03379;0,07179
04.10.2019 03:00;04.10.2019 04:00;32,9;0,0329;0,0329;0,0709
04.10.2019 04:00;04.10.2019 05:00;32,59;0,03259;0,03259;0,07059
04.10.2019 05:00;04.10.2019 06:00;33,5;0,0335;0,0335;0,0715
04.10.2019 06:00;04.10.2019 07:00;43,33;0,04333;0,04333;0,08133
04.10.2019 07:00;04.10.2019 08:00;48,77;0,04877;0,04877;0,08677
04.10.2019 08:00;04.10.2019 09:00;50,06;0,05006;0,05006;0,08806
04.10.2019 09:00;04.10.2019 10:00;49,87;0,04987;0,04987;0,08787
04.10.2019 10:00;04.10.2019 11:00;48,71;0,04871;0,04871;0,08671
04.10.2019 11:00;04.10.2019 12:00;48,72;0,04872;0,04872;0,08672
04.10.2019 12:00;04.10.2019 13:00;49,41;0,04941;0,04941;0,08741
04.10.2019 13:00;04.10.2019 14:00;47,78;0,04778;0,04778;0,08578
04.10.2019 14:00;04.10.2019 15:00;45,35;0,04535;0,04535;0,08335
04.10.2019 15:00;04.10.2019 16:00;47,93;0,04793;0,04793;0,08593
04.10.2019 16:00;04.10.2019 17:00;49,49;0,04949;0,04949;0,08749
04.10.2019 17:00;04.10.2019 18:00;50,05;0,05005;0,05005;0,08805
04.10.2019 18:00;04.10.2019 19:00;50,27;0,05027;0,05027;0,08827
04.10.2019 19:00;04.10.2019 20:00;53,52;0,05352;0,05352;0,09152
04.10.2019 20:00;04.10.2019 21:00;49,22;0,04922;0,04922;0,08722
04.10.2019 21:00;04.10.2019 22:00;40,5;0,0405;0,0405;0,0785
04.10.2019 22:00;04.10.2019 23:00;35,87;0,03587;0,03587;0,07387
04.10.2019 23:00;05.10.2019 00:00;34,35;0,03435;0,03435;0,07235
05.10.2019 00:00;05.10.2019 01:00;28,3;0,0283;0,0283;0,0663
05.10.2019 01:00;05.10.2019 02:00;32,17;0,03217;0,03217;0,07017
05.10.2019 02:00;05.10.2019 03:00;29,28;0,02928;0,02928;0,06728
05.10.2019 03:00;05.10.2019 04:00;28,24;0,02824;0,02824;0,06624
05.10.2019 04:00;05.10.2019 05:00;27,33;0,02733;0,02733;0,06533
05.10.2019 05:00;05.10.2019 06:00;28,39;0,02839;0,02839;0,06639
05.10.2019 06:00;05.10.2019 07:00;29,3;0,0293;0,0293;0,0673
05.10.2019 07:00;05.10.2019 08:00;31,51;0,03151;0,03151;0,06951
05.10.2019 08:00;05.10.2019 09:00;37,03;0,03703;0,03703;0,07503
05.10.2019 09:00;05.10.2019 10:00;42,95;0,04295;0,04295;0,08095
05.10.2019 10:00;05.10.2019 11:00;39,96;0,03996;0,03996;0,07796
05.10.2019 11:00;05.10.2019 12:00;37,7;0,0377;0,0377;0,0757
05.10.2019 12:00;05.10.2019 13:00;37,18;0,03718;0,03718;0,07518
05.10.2019 13:00;05.10.2019 14:00;36,51;0,03651;0,03651;0,07451
05.10.2019 14:00;05.10.2019 15:00;35,24;0,03524;0,03524;0,07324
05.10.2019 15:00;05.10.2019 16:00;35,89;0,03589;0,03589;0,07389
05.10.2019 16:00;05.10.2019 17:00;38,05;0,03805;0,03805;0,07605
05.10.2019 17:00;05.10.2019 18:00;43,59;0,04359;0,04359;0,08159
05.10.2019 18:00;05.10.2019 19:00;48,11;0,04811;0,04811;0,08611
05.10.2019 19:00;05.10.2019 20:00;52,09;0,05209;0,05209;0,09009
05.10.2019 20:00;05.10.2019 21:00;49,75;0,04975;0,04975;0,08775
05.10.2019 21:00;05.10.2019 22:00;41;0,041;0,041;0,079
05.10.2019 22:00;05.10.2019 23:00;40;0,04;0,04;0,078
05.10.2019 23:00;06.10.2019 00:00;35,9;0,0359;0,0359;0,0739
06.10.2019 00:00;06.10.2019 01:00;34,22;0,03422;0,03422;0,07222
06.10.2019 01:00;06.10.2019 02:00;28,94;0,02894;0,02894;0,06694
06.10.2019 02:00;06.10.2019 03:00;27,43;0,02743;0,02743;0,06543
06.10.2019 03:00;06.10.2019 04:00;28,99;0,02899;0,02899;0,06699
06.10.2019 04:00;06.10.2019 05:00;27;0,027;0,027;0,065
06.10.2019 05:00;06.10.2019 06:00;27,08;0,02708;0,02708;0,06508
06.10.2019 06:00;06.10.2019 07:00;27,1;0,0271;0,0271;0,0651
06.10.2019 07:00;06.10.2019 08:00;28,97;0,02897;0,02897;0,06697
06.10.2019 08:00;06.10.2019 09:00;28,22;0,02822;0,02822;0,06622
06.10.2019 09:00;06.10.2019 10:00;32,83;0,03283;0,03283;0,07083
06.10.2019 10:00;06.10.2019 11:00;33,93;0,03393;0,03393;0,07193
06.10.2019 11:00;06.10.2019 12:00;35,87;0,03587;0,03587;0,07387
06.10.2019 12:00;06.10.2019 13:00;33,96;0,03396;0,03396;0,07196
06.10.2019 13:00;06.10.2019 14:00;30,2;0,0302;0,0302;0,0682
06.10.2019 14:00;06.10.2019 15:00;28,03;0,02803;0,02803;0,06603
06.10.2019 15:00;06.10.2019 16:00;29;0,029;0,029;0,067
06.10.2019 16:00;06.10.2019 17:00;28,92;0,02892;0,02892;0,06692
06.10.2019 17:00;06.10.2019 18:00;32,99;0,03299;0,03299;0,07099
06.10.2019 18:00;06.10.2019 19:00;38,09;0,03809;0,03809;0,07609
06.10.2019 19:00;06.10.2019 20:00;43,35;0,04335;0,04335;0,08135
06.10.2019 20:00;06.10.2019 21:00;38,41;0,03841;0,03841;0,07641
06.10.2019 21:00;06.10.2019 22:00;34,93;0,03493;0,03493;0,07293
06.10.2019 22:00;06.10.2019 23:00;35,36;0,03536;0,03536;0,07336
06.10.2019 23:00;07.10.2019 00:00;34,06;0,03406;0,03406;0,07206
07.10.2019 00:00;07.10.2019 01:00;28,99;0,02899;0,02899;0,06699
07.10.2019 01:00;07.10.2019 02:00;27,07;0,02707;0,02707;0,06507
07.10.2019 02:00;07.10.2019 03:00;27;0,027;0,027;0,065
07.10.2019 03:00;07.10.2019 04:00;27,99;0,02799;0,02799;0,06599
07.10.2019 04:00;07.10.2019 05:00;27,06;0,02706;0,02706;0,06506
07.10.2019 05:00;07.10.2019 06:00;30,23;0,03023;0,03023;0,06823
07.10.2019 06:00;07.10.2019 07:00;50,62;0,05062;0,05062;0,08862
07.10.2019 07:00;07.10.2019 08:00;56,49;0,05649;0,05649;0,09449
07.10.2019 08:00;07.10.2019 09:00;59,86;0,05986;0,05986;0,09786
07.10.2019 09:00;07.10.2019 10:00;56,51;0,05651;0,05651;0,09451
07.10.2019 10:00;07.10.2019 11:00;53,08;0,05308;0,05308;0,09108
07.10.2019 11:00;07.10.2019 12:00;51,75;0,05175;0,05175;0,08975
07.10.2019 12:00;07.10.2019 13:00;49,91;0,04991;0,04991;0,08791
07.10.2019 13:00;07.10.2019 14:00;48,8;0,0488;0,0488;0,0868
07.10.2019 14:00;07.10.2019 15:00;47,57;0,04757;0,04757;0,08557
07.10.2019 15:00;07.10.2019 16:00;48,04;0,04804;0,04804;0,08604
07.10.2019 16:00;07.10.2019 17:00;48,78;0,04878;0,04878;0,08678
07.10.2019 17:00;07.10.2019 18:00;51,5;0,0515;0,0515;0,0895
07.10.2019 18:00;07.10.2019 19:00;54,91;0,05491;0,05491;0,09291
07.10.2019 19:00;07.10.2019 20:00;61,76;0,06176;0,06176;0,09976
07.10.2019 20:00;07.10.2019 21:00;52;0,052;0,052;0,09
07.10.2019 21:00;07.10.2019 22:00;43,46;0,04346;0,04346;0,08146
07.10.2019 22:00;07.10.2019 23:00;39,18;0,03918;0,03918;0,07718
07.10.2019 23:00;08.10.2019 00:00;28,44;0,02844;0,02844;0,06644
08.10.2019 00:00;08.10.2019 01:00;30,64;0,03064;0,03064;0,06864
08.10.2019 01:00;08.10.2019 02:00;27,93;0,02793;0,02793;0,06593
08.10.2019 02:00;08.10.2019 03:00;25;0,025;0,025;0,063
08.10.2019 03:00;08.10.2019 04:00;22,98;0,02298;0,02298;0,06098
08.10.2019 04:00;08.10.2019 05:00;22,02;0,02202;0,02202;0,06002
08.10.2019 05:00;08.10.2019 06:00;24,5;0,0245;0,0245;0,0625
08.10.2019 06:00;08.10.2019 07:00;30,52;0,03052;0,03052;0,06852
08.10.2019 07:00;08.10.2019 08:00;42,12;0,04212;0,04212;0,08012
08.10.2019 08:00;08.10.2019 09:00;47,19;0,04719;0,04719;0,08519
08.10.2019 09:00;08.10.2019 10:00;43,04;0,04304;0,04304;0,08104
08.10.2019 10:00;08.10.2019 11:00;40,16;0,04016;0,04016;0,07816
08.10.2019 11:00;08.10.2019 12:00;38,73;0,03873;0,03873;0,07673
08.10.2019 12:00;08.10.2019 13:00;37,54;0,03754;0,03754;0,07554
08.10.2019 13:00;08.10.2019 14:00;36,95;0,03695;0,03695;0,07495
08.10.2019 14:00;08.10.2019 15:00;36,2;0,0362;0,0362;0,0742
08.10.2019 15:00;08.10.2019 16:00;36,3;0,0363;0,0363;0,0743
08.10.2019 16:00;08.10.2019 17:00;36,28;0,03628;0,03628;0,07428
08.10.2019 17:00;08.10.2019 18:00;40,62;0,04062;0,04062;0,07862
08.10.2019 18:00;08.10.2019 19:00;44,44;0,04444;0,04444;0,08244
08.10.2019 19:00;08.10.2019 20:00;50,15;0,05015;0,05015;0,08815
08.10.2019 20:00;08.10.2019 21:00;37,5;0,0375;0,0375;0,0755
08.10.2019 21:00;08.10.2019 22:00;33,16;0,03316;0,03316;0,07116
08.10.2019 22:00;08.10.2019 23:00;28,5;0,0285;0,0285;0,0665
08.10.2019 23:00;09.10.2019 00:00;24,24;0,02424;0,02424;0,06224
09.10.2019 00:00;09.10.2019 01:00;24,19;0,02419;0,02419;0,06219
09.10.2019 01:00;09.10.2019 02:00;23,63;0,02363;0,02363;0,06163
09.10.2019 02:00;09.10.2019 03:00;22,25;0,02225;0,02225;0,06025
09.10.2019 03:00;09.10.2019 04:00;19,44;0,01944;0,01944;0,05744
09.10.2019 04:00;09.10.2019 05:00;21,92;0,02192;0,02192;0,05992
09.10.2019 05:00;09.10.2019 06:00;25,22;0,02522;0,02522;0,06322
09.10.2019 06:00;09.10.2019 07:00;30,87;0,03087;0,03087;0,06887
09.10.2019 07:00;09.10.2019 08:00;44,22;0,04422;0,04422;0,08222
09.10.2019 08:00;09.10.2019 09:00;45,51;0,04551;0,04551;0,08351
09.10.2019 09:00;09.10.2019 10:00;47,06;0,04706;0,04706;0,08506
09.10.2019 10:00;09.10.2019 11:00;42,62;0,04262;0,04262;0,08062
09.10.2019 11:00;09.10.2019 12:00;38,9;0,0389;0,0389;0,0769
09.10.2019 12:00;09.10.2019 13:00;37,37;0,03737;0,03737;0,07537
09.10.2019 13:00;09.10.2019 14:00;36,1;0,0361;0,0361;0,0741
09.10.2019 14:00;09.10.2019 15:00;35,65;0,03565;0,03565;0,07365
09.10.2019 15:00;09.10.2019 16:00;35,25;0,03525;0,03525;0,07325
09.10.2019 16:00;09.10.2019 17:00;33,49;0,03349;0,03349;0,07149
09.10.2019 17:00;09.10.2019 18:00;40,73;0,04073;0,04073;0,07873
09.10.2019 18:00;09.10.2019 19:00;45,14;0,04514;0,04514;0,08314
09.10.2019 19:00;09.10.2019 20:00;51,44;0,05144;0,05144;0,08944
09.10.2019 20:00;09.10.2019 21:00;43,27;0,04327;0,04327;0,08127
09.10.2019 21:00;09.10.2019 22:00;38,13;0,03813;0,03813;0,07613
09.10.2019 22:00;09.10.2019 23:00;34,2;0,0342;0,0342;0,0722
09.10.2019 23:00;10.10.2019 00:00;28,08;0,02808;0,02808;0,06608
10.10.2019 00:00;10.10.2019 01:00;23,88;0,02388;0,02388;0,06188
10.10.2019 01:00;10.10.2019 02:00;22,73;0,02273;0,02273;0,06073
10.10.2019 02:00;10.10.2019 03:00;21,61;0,02161;0,02161;0,05961
10.10.2019 03:00;10.10.2019 04:00;18,26;0,01826;0,01826;0,05626
10.10.2019 04:00;10.10.2019 05:00;18,95;0,01895;0,01895;0,05695
10.10.2019 05:00;10.10.2019 06:00;22,2;0,0222;0,0222;0,0602
10.10.2019 06:00;10.10.2019 07:00;34,73;0,03473;0,03473;0,07273
10.10.2019 07:00;10.10.2019 08:00;45,97;0,04597;0,04597;0,08397
10.10.2019 08:00;10.10.2019 09:00;47,74;0,04774;0,04774;0,08574
10.10.2019 09:00;10.10.2019 10:00;44;0,044;0,044;0,082
10.10.2019 10:00;10.10.2019 11:00;29,95;0,02995;0,02995;0,06795
10.10.2019 11:00;10.10.2019 12:00;26,33;0,02633;0,02633;0,06433
10.10.2019 12:00;10.10.2019 13:00;25,23;0,02523;0,02523;0,06323
10.10.2019 13:00;10.10.2019 14:00;23,45;0,02345;0,02345;0,06145
10.10.2019 14:00;10.10.2019 15:00;23,41;0,02341;0,02341;0,06141
10.10.2019 15:00;10.10.2019 16:00;23,83;0,02383;0,02383;0,06183
10.10.2019 16:00;10.10.2019 17:00;26,38;0,02638;0,02638;0,06438
10.10.2019 17:00;10.10.2019 18:00;36,95;0,03695;0,03695;0,07495
10.10.2019 18:00;10.10.2019 19:00;43,3;0,0433;0,0433;0,0813
10.10.2019 19:00;10.10.2019 20:00;47,79;0,04779;0,04779;0,08579
10.10.2019 20:00;10.10.2019 21:00;41,78;0,04178;0,04178;0,07978
10.10.2019 21:00;10.10.2019 22:00;29;0,029;0,029;0,067
10.10.2019 22:00;10.10.2019 23:00;28,39;0,02839;0,02839;0,06639
10.10.2019 23:00;11.10.2019 00:00;25,23;0,02523;0,02523;0,06323
11.10.2019 00:00;11.10.2019 01:00;23,75;0,02375;0,02375;0,06175
11.10.2019 01:00;11.10.2019 02:00;22,34;0,02234;0,02234;0,06034
11.10.2019 02:00;11.10.2019 03:00;17,65;0,01765;0,01765;0,05565
11.10.2019 03:00;11.10.2019 04:00;12,57;0,01257;0,01257;0,05057
11.10.2019 04:00;11.10.2019 05:00;14,54;0,01454;0,01454;0,05254
11.10.2019 05:00;11.10.2019 06:00;20,15;0,02015;0,02015;0,05815
11.10.2019 06:00;11.10.2019 07:00;26,04;0,02604;0,02604;0,06404
11.10.2019 07:00;11.10.2019 08:00;38,69;0,03869;0,03869;0,07669
11.10.2019 08:00;11.10.2019 09:00;40,84;0,04084;0,04084;0,07884
11.10.2019 09:00;11.10.2019 10:00;37,42;0,03742;0,03742;0,07542
11.10.2019 10:00;11.10.2019 11:00;33,9;0,0339;0,0339;0,0719
11.10.2019 11:00;11.10.2019 12:00;30,41;0,03041;0,03041;0,06841
11.10.2019 12:00;11.10.2019 13:00;23,59;0,02359;0,02359;0,06159
11.10.2019 13:00;11.10.2019 14:00;22,93;0,02293;0,02293;0,06093
11.10.2019 14:00;11.10.2019 15:00;21,77;0,02177;0,02177;0,05977
11.10.2019 15:00;11.10.2019 16:00;22,11;0,02211;0,02211;0,06011
11.10.2019 16:00;11.10.2019 17:00;23,8;0,0238;0,0238;0,0618
11.10.2019 17:00;11.10.2019 18:00;30,38;0,03038;0,03038;0,06838
11.10.2019 18:00;11.10.2019 19:00;33,65;0,03365;0,03365;0,07165
11.10.2019 19:00;11.10.2019 20:00;34,92;0,03492;0,03492;0,07292
11.10.2019 20:00;11.10.2019 21:00;31,19;0,03119;0,03119;0,06919
11.10.2019 21:00;11.10.2019 22:00;24,8;0,0248;0,0248;0,0628
11.10.2019 22:00;11.10.2019 23:00;22,98;0,02298;0,02298;0,06098
11.10.2019 23:00;12.10.2019 00:00;12,94;0,01294;0,01294;0,05094
12.10.2019 00:00;12.10.2019 01:00;0,47;0,00047;0,00047;0,03847
12.10.2019 01:00;12.10.2019 02:00;0,03;0,00003;0,00003;0,03803
12.10.2019 02:00;12.10.2019 03:00;-4,91;-0,00491;0,00491;0,03309
12.10.2019 03:00;12.10.2019 04:00;0,09;0,00009;0,00009;0,03809
12.10.2019 04:00;12.10.2019 05:00;5,8;0,0058;0,0058;0,0438
12.10.2019 05:00;12.10.2019 06:00;10,79;0,01079;0,01079;0,04879
12.10.2019 06:00;12.10.2019 07:00;19,47;0,01947;0,01947;0,05747
12.10.2019 07:00;12.10.2019 08:00;24,44;0,02444;0,02444;0,06244
12.10.2019 08:00;12.10.2019 09:00;23,47;0,02347;0,02347;0,06147
12.10.2019 09:00;12.10.2019 10:00;22,96;0,02296;0,02296;0,06096
12.10.2019 10:00;12.10.2019 11:00;12,75;0,01275;0,01275;0,05075
12.10.2019 11:00;12.10.2019 12:00;7,49;0,00749;0,00749;0,04549
12.10.2019 12:00;12.10.2019 13:00;10,13;0,01013;0,01013;0,04813
12.10.2019 13:00;12.10.2019 14:00;5,83;0,00583;0,00583;0,04383
12.10.2019 14:00;12.10.2019 15:00;20,29;0,02029;0,02029;0,05829
12.10.2019 15:00;12.10.2019 16:00;24,64;0,02464;0,02464;0,06264
12.10.2019 16:00;12.10.2019 17:00;28,93;0,02893;0,02893;0,06693
12.10.2019 17:00;12.10.2019 18:00;35,74;0,03574;0,03574;0,07374
12.10.2019 18:00;12.10.2019 19:00;42,07;0,04207;0,04207;0,08007
12.10.2019 19:00;12.10.2019 20:00;44,65;0,04465;0,04465;0,08265
12.10.2019 20:00;12.10.2019 21:00;40,13;0,04013;0,04013;0,07813
12.10.2019 21:00;12.10.2019 22:00;33,15;0,03315;0,03315;0,07115
12.10.2019 22:00;12.10.2019 23:00;33,59;0,03359;0,03359;0,07159
12.10.2019 23:00;13.10.2019 00:00;31,53;0,03153;0,03153;0,06953
13.10.2019 00:00;13.10.2019 01:00;31,44;0,03144;0,03144;0,06944
13.10.2019 01:00;13.10.2019 02:00;25,66;0,02566;0,02566;0,06366
13.10.2019 02:00;13.10.2019 03:00;24,05;0,02405;0,02405;0,06205
13.10.2019 03:00;13.10.2019 04:00;24,11;0,02411;0,02411;0,06211
13.10.2019 04:00;13.10.2019 05:00;25,12;0,02512;0,02512;0,06312
13.10.2019 05:00;13.10.2019 06:00;25,29;0,02529;0,02529;0,06329
13.10.2019 06:00;13.10.2019 07:00;25,82;0,02582;0,02582;0,06382
13.10.2019 07:00;13.10.2019 08:00;28,37;0,02837;0,02837;0,06637
13.10.2019 08:00;13.10.2019 09:00;27,85;0,02785;0,02785;0,06585
13.10.2019 09:00;13.10.2019 10:00;26,58;0,02658;0,02658;0,06458
13.10.2019 10:00;13.10.2019 11:00;25,1;0,0251;0,0251;0,0631
13.10.2019 11:00;13.10.2019 12:00;24;0,024;0,024;0,062
13.10.2019 12:00;13.10.2019 13:00;23,08;0,02308;0,02308;0,06108
13.10.2019 13:00;13.10.2019 14:00;12,12;0,01212;0,01212;0,05012
13.10.2019 14:00;13.10.2019 15:00;4,77;0,00477;0,00477;0,04277
13.10.2019 15:00;13.10.2019 16:00;10,02;0,01002;0,01002;0,04802
13.10.2019 16:00;13.10.2019 17:00;21,29;0,02129;0,02129;0,05929
13.10.2019 17:00;13.10.2019 18:00;27,94;0,02794;0,02794;0,06594
13.10.2019 18:00;13.10.2019 19:00;30;0,03;0,03;0,068
13.10.2019 19:00;13.10.2019 20:00;28,47;0,02847;0,02847;0,06647
13.10.2019 20:00;13.10.2019 21:00;22,45;0,02245;0,02245;0,06045
13.10.2019 21:00;13.10.2019 22:00;17,39;0,01739;0,01739;0,05539
13.10.2019 22:00;13.10.2019 23:00;16,51;0,01651;0,01651;0,05451
13.10.2019 23:00;14.10.2019 00:00;4,02;0,00402;0,00402;0,04202
14.10.2019 00:00;14.10.2019 01:00;-8,25;-0,00825;0,00825;0,02975
14.10.2019 01:00;14.10.2019 02:00;3,17;0,00317;0,00317;0,04117
14.10.2019 02:00;14.10.2019 03:00;9,31;0,00931;0,00931;0,04731
14.10.2019 03:00;14.10.2019 04:00;15,17;0,01517;0,01517;0,05317
14.10.2019 04:00;14.10.2019 05:00;16;0,016;0,016;0,054
14.10.2019 05:00;14.10.2019 06:00;24,63;0,02463;0,02463;0,06263
14.10.2019 06:00;14.10.2019 07:00;36,06;0,03606;0,03606;0,07406
14.10.2019 07:00;14.10.2019 08:00;48,92;0,04892;0,04892;0,08692
14.10.2019 08:00;14.10.2019 09:00;50,24;0,05024;0,05024;0,08824
14.10.2019 09:00;14.10.2019 10:00;49,6;0,0496;0,0496;0,0876
14.10.2019 10:00;14.10.2019 11:00;48,34;0,04834;0,04834;0,08634
14.10.2019 11:00;14.10.2019 12:00;48;0,048;0,048;0,086
14.10.2019 12:00;14.10.2019 13:00;45,25;0,04525;0,04525;0,08325
14.10.2019 13:00;14.10.2019 14:00;43;0,043;0,043;0,081
14.10.2019 14:00;14.10.2019 15:00;39,5;0,0395;0,0395;0,0775
14.10.2019 15:00;14.10.2019 16:00;42,19;0,04219;0,04219;0,08019
14.10.2019 16:00;14.10.2019 17:00;46,86;0,04686;0,04686;0,08486
14.10.2019 17:00;14.10.2019 18:00;49;0,049;0,049;0,087
14.10.2019 18:00;14.10.2019 19:00;50,09;0,05009;0,05009;0,08809
14.10.2019 19:00;14.10.2019 20:00;52,79;0,05279;0,05279;0,09079
14.10.2019 20:00;14.10.2019 21:00;48,93;0,04893;0,04893;0,08693
14.10.2019 21:00;14.10.2019 22:00;37,01;0,03701;0,03701;0,07501
14.10.2019 22:00;14.10.2019 23:00;32,51;0,03251;0,03251;0,07051
14.10.2019 23:00;15.10.2019 00:00;25,18;0,02518;0,02518;0,06318
15.10.2019 00:00;15.10.2019 01:00;26;0,026;0,026;0,064
15.10.2019 01:00;15.10.2019 02:00;25,72;0,02572;0,02572;0,06372
15.10.2019 02:00;15.10.2019 03:00;25;0,025;0,025;0,063
15.10.2019 03:00;15.10.2019 04:00;24,27;0,02427;0,02427;0,06227
15.10.2019 04:00;15.10.2019 05:00;25;0,025;0,025;0,063
15.10.2019 05:00;15.10.2019 06:00;29,99;0,02999;0,02999;0,06799
15.10.2019 06:00;15.10.2019 07:00;40,61;0,04061;0,04061;0,07861
15.10.2019 07:00;15.10.2019 08:00;52,64;0,05264;0,05264;0,09064
15.10.2019 08:00;15.10.2019 09:00;55,21;0,05521;0,05521;0,09321
15.10.2019 09:00;15.10.2019 10:00;54,8;0,0548;0,0548;0,0928
15.10.2019 10:00;15.10.2019 11:00;51,76;0,05176;0,05176;0,08976
15.10.2019 11:00;15.10.2019 12:00;50,62;0,05062;0,05062;0,08862
15.10.2019 12:00;15.10.2019 13:00;47,9;0,0479;0,0479;0,0859
15.10.2019 13:00;15.10.2019 14:00;46,64;0,04664;0,04664;0,08464
15.10.2019 14:00;15.10.2019 15:00;44,58;0,04458;0,04458;0,08258
15.10.2019 15:00;15.10.2019 16:00;45,38;0,04538;0,04538;0,08338
15.10.2019 16:00;15.10.2019 17:00;47,96;0,04796;0,04796;0,08596
15.10.2019 17:00;15.10.2019 18:00;53,1;0,0531;0,0531;0,0911
15.10.2019 18:00;15.10.2019 19:00;58,33;0,05833;0,05833;0,09633
15.10.2019 19:00;15.10.2019 20:00;67,95;0,06795;0,06795;0,10595
15.10.2019 20:00;15.10.2019 21:00;55,29;0,05529;0,05529;0,09329
15.10.2019 21:00;15.10.2019 22:00;45,97;0,04597;0,04597;0,08397
15.10.2019 22:00;15.10.2019 23:00;39,95;0,03995;0,03995;0,07795
15.10.2019 23:00;16.10.2019 00:00;32,46;0,03246;0,03246;0,07046
16.10.2019 00:00;16.10.2019 01:00;34,81;0,03481;0,03481;0,07281
16.10.2019 01:00;16.10.2019 02:00;33,02;0,03302;0,03302;0,07102
16.10.2019 02:00;16.10.2019 03:00;29,25;0,02925;0,02925;0,06725
16.10.2019 03:00;16.10.2019 04:00;28,4;0,0284;0,0284;0,0664
16.10.2019 04:00;16.10.2019 05:00;29;0,029;0,029;0,067
16.10.2019 05:00;16.10.2019 06:00;31,45;0,03145;0,03145;0,06945
16.10.2019 06:00;16.10.2019 07:00;38,68;0,03868;0,03868;0,07668
16.10.2019 07:00;16.10.2019 08:00;49,97;0,04997;0,04997;0,08797
16.10.2019 08:00;16.10.2019 09:00;51,3;0,0513;0,0513;0,0893
16.10.2019 09:00;16.10.2019 10:00;50,14;0,05014;0,05014;0,08814
16.10.2019 10:00;16.10.2019 11:00;46,99;0,04699;0,04699;0,08499
16.10.2019 11:00;16.10.2019 12:00;42,92;0,04292;0,04292;0,08092
16.10.2019 12:00;16.10.2019 13:00;37,55;0,03755;0,03755;0,07555
16.10.2019 13:00;16.10.2019 14:00;37,01;0,03701;0,03701;0,07501
16.10.2019 14:00;16.10.2019 15:00;36,17;0,03617;0,03617;0,07417
16.10.2019 15:00;16.10.2019 16:00;36,98;0,03698;0,03698;0,07498
16.10.2019 16:00;16.10.2019 17:00;38,06;0,03806;0,03806;0,07606
16.10.2019 17:00;16.10.2019 18:00;46,99;0,04699;0,04699;0,08499
16.10.2019 18:00;16.10.2019 19:00;50,07;0,05007;0,05007;0,08807
16.10.2019 19:00;16.10.2019 20:00;49,95;0,04995;0,04995;0,08795
16.10.2019 20:00;16.10.2019 21:00;45,01;0,04501;0,04501;0,08301
16.10.2019 21:00;16.10.2019 22:00;37,07;0,03707;0,03707;0,07507
16.10.2019 22:00;16.10.2019 23:00;35,44;0,03544;0,03544;0,07344
16.10.2019 23:00;17.10.2019 00:00;30,87;0,03087;0,03087;0,06887
17.10.2019 00:00;17.10.2019 01:00;27,65;0,02765;0,02765;0,06565
17.10.2019 01:00;17.10.2019 02:00;28,1;0,0281;0,0281;0,0661
17.10.2019 02:00;17.10.2019 03:00;26,6;0,0266;0,0266;0,0646
17.10.2019 03:00;17.10.2019 04:00;26,34;0,02634;0,02634;0,06434
17.10.2019 04:00;17.10.2019 05:00;28,43;0,02843;0,02843;0,06643
17.10.2019 05:00;17.10.2019 06:00;31,29;0,03129;0,03129;0,06929
17.10.2019 06:00;17.10.2019 07:00;40,5;0,0405;0,0405;0,0785
17.10.2019 07:00;17.10.2019 08:00;52,13;0,05213;0,05213;0,09013
17.10.2019 08:00;17.10.2019 09:00;54,42;0,05442;0,05442;0,09242
17.10.2019 09:00;17.10.2019 10:00;54,03;0,05403;0,05403;0,09203
17.10.2019 10:00;17.10.2019 11:00;51,97;0,05197;0,05197;0,08997
17.10.2019 11:00;17.10.2019 12:00;51,11;0,05111;0,05111;0,08911
17.10.2019 12:00;17.10.2019 13:00;48,7;0,0487;0,0487;0,0867
17.10.2019 13:00;17.10.2019 14:00;44,39;0,04439;0,04439;0,08239
17.10.2019 14:00;17.10.2019 15:00;42,91;0,04291;0,04291;0,08091
17.10.2019 15:00;17.10.2019 16:00;45,01;0,04501;0,04501;0,08301
17.10.2019 16:00;17.10.2019 17:00;49,76;0,04976;0,04976;0,08776
17.10.2019 17:00;17.10.2019 18:00;52;0,052;0,052;0,09
17.10.2019 18:00;17.10.2019 19:00;56,62;0,05662;0,05662;0,09462
17.10.2019 19:00;17.10.2019 20:00;63,96;0,06396;0,06396;0,10196
17.10.2019 20:00;17.10.2019 21:00;54,41;0,05441;0,05441;0,09241
17.10.2019 21:00;17.10.2019 22:00;45,59;0,04559;0,04559;0,08359
17.10.2019 22:00;17.10.2019 23:00;39,34;0,03934;0,03934;0,07734
17.10.2019 23:00;18.10.2019 00:00;35,11;0,03511;0,03511;0,07311
18.10.2019 00:00;18.10.2019 01:00;33,15;0,03315;0,03315;0,07115
18.10.2019 01:00;18.10.2019 02:00;31,05;0,03105;0,03105;0,06905
18.10.2019 02:00;18.10.2019 03:00;28,31;0,02831;0,02831;0,06631
18.10.2019 03:00;18.10.2019 04:00;29,32;0,02932;0,02932;0,06732
18.10.2019 04:00;18.10.2019 05:00;30,11;0,03011;0,03011;0,06811
18.10.2019 05:00;18.10.2019 06:00;33,11;0,03311;0,03311;0,07111
18.10.2019 06:00;18.10.2019 07:00;38,2;0,0382;0,0382;0,0762
18.10.2019 07:00;18.10.2019 08:00;47,58;0,04758;0,04758;0,08558
18.10.2019 08:00;18.10.2019 09:00;51,46;0,05146;0,05146;0,08946
18.10.2019 09:00;18.10.2019 10:00;47,7;0,0477;0,0477;0,0857
18.10.2019 10:00;18.10.2019 11:00;41,79;0,04179;0,04179;0,07979
18.10.2019 11:00;18.10.2019 12:00;38,69;0,03869;0,03869;0,07669
18.10.2019 12:00;18.10.2019 13:00;33,96;0,03396;0,03396;0,07196
18.10.2019 13:00;18.10.2019 14:00;30,41;0,03041;0,03041;0,06841
18.10.2019 14:00;18.10.2019 15:00;30,49;0,03049;0,03049;0,06849
18.10.2019 15:00;18.10.2019 16:00;30,5;0,0305;0,0305;0,0685
18.10.2019 16:00;18.10.2019 17:00;30,78;0,03078;0,03078;0,06878
18.10.2019 17:00;18.10.2019 18:00;37,52;0,03752;0,03752;0,07552
18.10.2019 18:00;18.10.2019 19:00;39,61;0,03961;0,03961;0,07761
18.10.2019 19:00;18.10.2019 20:00;39,09;0,03909;0,03909;0,07709
18.10.2019 20:00;18.10.2019 21:00;34,98;0,03498;0,03498;0,07298
18.10.2019 21:00;18.10.2019 22:00;30,29;0,03029;0,03029;0,06829
18.10.2019 22:00;18.10.2019 23:00;30,42;0,03042;0,03042;0,06842
18.10.2019 23:00;19.10.2019 00:00;29,99;0,02999;0,02999;0,06799
19.10.2019 00:00;19.10.2019 01:00;27,04;0,02704;0,02704;0,06504
19.10.2019 01:00;19.10.2019 02:00;27,56;0,02756;0,02756;0,06556
19.10.2019 02:00;19.10.2019 03:00;25,4;0,0254;0,0254;0,0634
19.10.2019 03:00;19.10.2019 04:00;23,9;0,0239;0,0239;0,0619
19.10.2019 04:00;19.10.2019 05:00;24,2;0,0242;0,0242;0,0622
19.10.2019 05:00;19.10.2019 06:00;25,09;0,02509;0,02509;0,06309
19.10.2019 06:00;19.10.2019 07:00;26,89;0,02689;0,02689;0,06489
19.10.2019 07:00;19.10.2019 08:00;29,7;0,0297;0,0297;0,0677
19.10.2019 08:00;19.10.2019 09:00;32,97;0,03297;0,03297;0,07097
19.10.2019 09:00;19.10.2019 10:00;35,14;0,03514;0,03514;0,07314
19.10.2019 10:00;19.10.2019 11:00;36;0,036;0,036;0,074
19.10.2019 11:00;19.10.2019 12:00;36,53;0,03653;0,03653;0,07453
19.10.2019 12:00;19.10.2019 13:00;35,2;0,0352;0,0352;0,0732
19.10.2019 13:00;19.10.2019 14:00;34,08;0,03408;0,03408;0,07208
19.10.2019 14:00;19.10.2019 15:00;33,3;0,0333;0,0333;0,0713
19.10.2019 15:00;19.10.2019 16:00;33,07;0,03307;0,03307;0,07107
19.10.2019 16:00;19.10.2019 17:00;35,04;0,03504;0,03504;0,07304
19.10.2019 17:00;19.10.2019 18:00;38,48;0,03848;0,03848;0,07648
19.10.2019 18:00;19.10.2019 19:00;44,08;0,04408;0,04408;0,08208
19.10.2019 19:00;19.10.2019 20:00;47,9;0,0479;0,0479;0,0859
19.10.2019 20:00;19.10.2019 21:00;39,19;0,03919;0,03919;0,07719
19.10.2019 21:00;19.10.2019 22:00;35,06;0,03506;0,03506;0,07306
19.10.2019 22:00;19.10.2019 23:00;35,05;0,03505;0,03505;0,07305
19.10.2019 23:00;20.10.2019 00:00;33,18;0,03318;0,03318;0,07118
20.10.2019 00:00;20.10.2019 01:00;29,99;0,02999;0,02999;0,06799
20.10.2019 01:00;20.10.2019 02:00;26,01;0,02601;0,02601;0,06401
20.10.2019 02:00;20.10.2019 03:00;27,01;0,02701;0,02701;0,06501
20.10.2019 03:00;20.10.2019 04:00;26,9;0,0269;0,0269;0,0649
20.10.2019 04:00;20.10.2019 05:00;26,51;0,02651;0,02651;0,06451
20.10.2019 05:00;20.10.2019 06:00;26,3;0,0263;0,0263;0,0643
20.10.2019 06:00;20.10.2019 07:00;27,03;0,02703;0,02703;0,06503
20.10.2019 07:00;20.10.2019 08:00;29,94;0,02994;0,02994;0,06794
20.10.2019 08:00;20.10.2019 09:00;31,74;0,03174;0,03174;0,06974
20.10.2019 09:00;20.10.2019 10:00;36,37;0,03637;0,03637;0,07437
20.10.2019 10:00;20.10.2019 11:00;37,47;0,03747;0,03747;0,07547
20.10.2019 11:00;20.10.2019 12:00;38,32;0,03832;0,03832;0,07632
20.10.2019 12:00;20.10.2019 13:00;37,9;0,0379;0,0379;0,0759
20.10.2019 13:00;20.10.2019 14:00;35,02;0,03502;0,03502;0,07302
20.10.2019 14:00;20.10.2019 15:00;31,04;0,03104;0,03104;0,06904
20.10.2019 15:00;20.10.2019 16:00;32,8;0,0328;0,0328;0,0708
20.10.2019 16:00;20.10.2019 17:00;35,73;0,03573;0,03573;0,07373
20.10.2019 17:00;20.10.2019 18:00;40,38;0,04038;0,04038;0,07838
20.10.2019 18:00;20.10.2019 19:00;47,58;0,04758;0,04758;0,08558
20.10.2019 19:00;20.10.2019 20:00;51,06;0,05106;0,05106;0,08906
20.10.2019 20:00;20.10.2019 21:00;47,1;0,0471;0,0471;0,0851
20.10.2019 21:00;20.10.2019 22:00;39,62;0,03962;0,03962;0,07762
20.10.2019 22:00;20.10.2019 23:00;38,09;0,03809;0,03809;0,07609
20.10.2019 23:00;21.10.2019 00:00;36;0,036;0,036;0,074
21.10.2019 00:00;21.10.2019 01:00;30,34;0,03034;0,03034;0,06834
21.10.2019 01:00;21.10.2019 02:00;27,11;0,02711;0,02711;0,06511
21.10.2019 02:00;21.10.2019 03:00;26,28;0,02628;0,02628;0,06428
21.10.2019 03:00;21.10.2019 04:00;25,79;0,02579;0,02579;0,06379
21.10.2019 04:00;21.10.2019 05:00;25,7;0,0257;0,0257;0,0637
21.10.2019 05:00;21.10.2019 06:00;26,39;0,02639;0,02639;0,06439
21.10.2019 06:00;21.10.2019 07:00;38,01;0,03801;0,03801;0,07601
21.10.2019 07:00;21.10.2019 08:00;51,93;0,05193;0,05193;0,08993
21.10.2019 08:00;21.10.2019 09:00;52,43;0,05243;0,05243;0,09043
21.10.2019 09:00;21.10.2019 10:00;51,96;0,05196;0,05196;0,08996
21.10.2019 10:00;21.10.2019 11:00;50,32;0,05032;0,05032;0,08832
21.10.2019 11:00;21.10.2019 12:00;50,32;0,05032;0,05032;0,08832
21.10.2019 12:00;21.10.2019 13:00;45,57;0,04557;0,04557;0,08357
21.10.2019 13:00;21.10.2019 14:00;44,14;0,04414;0,04414;0,08214
21.10.2019 14:00;21.10.2019 15:00;45,21;0,04521;0,04521;0,08321
21.10.2019 15:00;21.10.2019 16:00;47,71;0,04771;0,04771;0,08571
21.10.2019 16:00;21.10.2019 17:00;50,03;0,05003;0,05003;0,08803
21.10.2019 17:00;21.10.2019 18:00;54,11;0,05411;0,05411;0,09211
21.10.2019 18:00;21.10.2019 19:00;58,02;0,05802;0,05802;0,09602
21.10.2019 19:00;21.10.2019 20:00;66,51;0,06651;0,06651;0,10451
21.10.2019 20:00;21.10.2019 21:00;52,2;0,0522;0,0522;0,0902
21.10.2019 21:00;21.10.2019 22:00;49,02;0,04902;0,04902;0,08702
21.10.2019 22:00;21.10.2019 23:00;43;0,043;0,043;0,081
21.10.2019 23:00;22.10.2019 00:00;37,24;0,03724;0,03724;0,07524
22.10.2019 00:00;22.10.2019 01:00;39,79;0,03979;0,03979;0,07779
22.10.2019 01:00;22.10.2019 02:00;35,88;0,03588;0,03588;0,07388
22.10.2019 02:00;22.10.2019 03:00;34,64;0,03464;0,03464;0,07264
22.10.2019 03:00;22.10.2019 04:00;31,84;0,03184;0,03184;0,06984
22.10.2019 04:00;22.10.2019 05:00;33,69;0,03369;0,03369;0,07169
22.10.2019 05:00;22.10.2019 06:00;36,2;0,0362;0,0362;0,0742
22.10.2019 06:00;22.10.2019 07:00;46,99;0,04699;0,04699;0,08499
22.10.2019 07:00;22.10.2019 08:00;56,43;0,05643;0,05643;0,09443
22.10.2019 08:00;22.10.2019 09:00;61,3;0,0613;0,0613;0,0993
22.10.2019 09:00;22.10.2019 10:00;60;0,06;0,06;0,098
22.10.2019 10:00;22.10.2019 11:00;55,49;0,05549;0,05549;0,09349
22.10.2019 11:00;22.10.2019 12:00;52,72;0,05272;0,05272;0,09072
22.10.2019 12:00;22.10.2019 13:00;46,35;0,04635;0,04635;0,08435
22.10.2019 13:00;22.10.2019 14:00;43,67;0,04367;0,04367;0,08167
22.10.2019 14:00;22.10.2019 15:00;43,99;0,04399;0,04399;0,08199
22.10.2019 15:00;22.10.2019 16:00;43,66;0,04366;0,04366;0,08166
22.10.2019 16:00;22.10.2019 17:00;46,24;0,04624;0,04624;0,08424
22.10.2019 17:00;22.10.2019 18:00;51,93;0,05193;0,05193;0,08993
22.10.2019 18:00;22.10.2019 19:00;60;0,06;0,06;0,098
22.10.2019 19:00;22.10.2019 20:00;65,47;0,06547;0,06547;0,10347
22.10.2019 20:00;22.10.2019 21:00;52,95;0,05295;0,05295;0,09095
22.10.2019 21:00;22.10.2019 22:00;46,34;0,04634;0,04634;0,08434
22.10.2019 22:00;22.10.2019 23:00;41,16;0,04116;0,04116;0,07916
22.10.2019 23:00;23.10.2019 00:00;37,15;0,03715;0,03715;0,07515
23.10.2019 00:00;23.10.2019 01:00;35,61;0,03561;0,03561;0,07361
23.10.2019 01:00;23.10.2019 02:00;32,31;0,03231;0,03231;0,07031
23.10.2019 02:00;23.10.2019 03:00;31,36;0,03136;0,03136;0,06936
23.10.2019 03:00;23.10.2019 04:00;30,09;0,03009;0,03009;0,06809
23.10.2019 04:00;23.10.2019 05:00;30,39;0,03039;0,03039;0,06839
23.10.2019 05:00;23.10.2019 06:00;34,92;0,03492;0,03492;0,07292
23.10.2019 06:00;23.10.2019 07:00;40,7;0,0407;0,0407;0,0787
23.10.2019 07:00;23.10.2019 08:00;52,4;0,0524;0,0524;0,0904
23.10.2019 08:00;23.10.2019 09:00;59,77;0,05977;0,05977;0,09777
23.10.2019 09:00;23.10.2019 10:00;57,12;0,05712;0,05712;0,09512
23.10.2019 10:00;23.10.2019 11:00;54,11;0,05411;0,05411;0,09211
23.10.2019 11:00;23.10.2019 12:00;51,23;0,05123;0,05123;0,08923
23.10.2019 12:00;23.10.2019 13:00;44,48;0,04448;0,04448;0,08248
23.10.2019 13:00;23.10.2019 14:00;42,55;0,04255;0,04255;0,08055
23.10.2019 14:00;23.10.2019 15:00;41,94;0,04194;0,04194;0,07994
23.10.2019 15:00;23.10.2019 16:00;43,26;0,04326;0,04326;0,08126
23.10.2019 16:00;23.10.2019 17:00;45,87;0,04587;0,04587;0,08387
23.10.2019 17:00;23.10.2019 18:00;50,67;0,05067;0,05067;0,08867
23.10.2019 18:00;23.10.2019 19:00;53,49;0,05349;0,05349;0,09149
23.10.2019 19:00;23.10.2019 20:00;55,23;0,05523;0,05523;0,09323
23.10.2019 20:00;23.10.2019 21:00;45,91;0,04591;0,04591;0,08391
23.10.2019 21:00;23.10.2019 22:00;39,16;0,03916;0,03916;0,07716
23.10.2019 22:00;23.10.2019 23:00;37,38;0,03738;0,03738;0,07538
23.10.2019 23:00;24.10.2019 00:00;34,41;0,03441;0,03441;0,07241
24.10.2019 00:00;24.10.2019 01:00;33,59;0,03359;0,03359;0,07159
24.10.2019 01:00;24.10.2019 02:00;31,04;0,03104;0,03104;0,06904
24.10.2019 02:00;24.10.2019 03:00;30,02;0,03002;0,03002;0,06802
24.10.2019 03:00;24.10.2019 04:00;29,41;0,02941;0,02941;0,06741
24.10.2019 04:00;24.10.2019 05:00;30,06;0,03006;0,03006;0,06806
24.10.2019 05:00;24.10.2019 06:00;32,89;0,03289;0,03289;0,07089
24.10.2019 06:00;24.10.2019 07:00;39,55;0,03955;0,03955;0,07755
24.10.2019 07:00;24.10.2019 08:00;48,98;0,04898;0,04898;0,08698
24.10.2019 08:00;24.10.2019 09:00;54,11;0,05411;0,05411;0,09211
24.10.2019 09:00;24.10.2019 10:00;54,11;0,05411;0,05411;0,09211
24.10.2019 10:00;24.10.2019 11:00;51,08;0,05108;0,05108;0,08908
24.10.2019 11:00;24.10.2019 12:00;46,93;0,04693;0,04693;0,08493
24.10.2019 12:00;24.10.2019 13:00;43,94;0,04394;0,04394;0,08194
24.10.2019 13:00;24.10.2019 14:00;40,52;0,04052;0,04052;0,07852
24.10.2019 14:00;24.10.2019 15:00;38;0,038;0,038;0,076
24.10.2019 15:00;24.10.2019 16:00;36,78;0,03678;0,03678;0,07478
24.10.2019 16:00;24.10.2019 17:00;38,07;0,03807;0,03807;0,07607
24.10.2019 17:00;24.10.2019 18:00;39,9;0,0399;0,0399;0,0779
24.10.2019 18:00;24.10.2019 19:00;43,55;0,04355;0,04355;0,08155
24.10.2019 19:00;24.10.2019 20:00;42,1;0,0421;0,0421;0,0801
24.10.2019 20:00;24.10.2019 21:00;35,75;0,03575;0,03575;0,07375
24.10.2019 21:00;24.10.2019 22:00;30,07;0,03007;0,03007;0,06807
24.10.2019 22:00;24.10.2019 23:00;30,21;0,03021;0,03021;0,06821
24.10.2019 23:00;25.10.2019 00:00;26,03;0,02603;0,02603;0,06403
25.10.2019 00:00;25.10.2019 01:00;25,92;0,02592;0,02592;0,06392
25.10.2019 01:00;25.10.2019 02:00;25,27;0,02527;0,02527;0,06327
25.10.2019 02:00;25.10.2019 03:00;25,2;0,0252;0,0252;0,0632
25.10.2019 03:00;25.10.2019 04:00;24,42;0,02442;0,02442;0,06242
25.10.2019 04:00;25.10.2019 05:00;25,2;0,0252;0,0252;0,0632
25.10.2019 05:00;25.10.2019 06:00;28,22;0,02822;0,02822;0,06622
25.10.2019 06:00;25.10.2019 07:00;36,06;0,03606;0,03606;0,07406
25.10.2019 07:00;25.10.2019 08:00;47,9;0,0479;0,0479;0,0859
25.10.2019 08:00;25.10.2019 09:00;51,52;0,05152;0,05152;0,08952
25.10.2019 09:00;25.10.2019 10:00;46,68;0,04668;0,04668;0,08468
25.10.2019 10:00;25.10.2019 11:00;44,49;0,04449;0,04449;0,08249
25.10.2019 11:00;25.10.2019 12:00;39,76;0,03976;0,03976;0,07776
25.10.2019 12:00;25.10.2019 13:00;35,65;0,03565;0,03565;0,07365
25.10.2019 13:00;25.10.2019 14:00;36,07;0,03607;0,03607;0,07407
25.10.2019 14:00;25.10.2019 15:00;34,78;0,03478;0,03478;0,07278
25.10.2019 15:00;25.10.2019 16:00;35,33;0,03533;0,03533;0,07333
25.10.2019 16:00;25.10.2019 17:00;36,92;0,03692;0,03692;0,07492
25.10.2019 17:00;25.10.2019 18:00;43,83;0,04383;0,04383;0,08183
25.10.2019 18:00;25.10.2019 19:00;48,11;0,04811;0,04811;0,08611
25.10.2019 19:00;25.10.2019 20:00;48,24;0,04824;0,04824;0,08624
25.10.2019 20:00;25.10.2019 21:00;38,03;0,03803;0,03803;0,07603
25.10.2019 21:00;25.10.2019 22:00;33,21;0,03321;0,03321;0,07121
25.10.2019 22:00;25.10.2019 23:00;30,35;0,03035;0,03035;0,06835
25.10.2019 23:00;26.10.2019 00:00;25,51;0,02551;0,02551;0,06351
26.10.2019 00:00;26.10.2019 01:00;23,54;0,02354;0,02354;0,06154
26.10.2019 01:00;26.10.2019 02:00;18,84;0,01884;0,01884;0,05684
26.10.2019 02:00;26.10.2019 03:00;19,89;0,01989;0,01989;0,05789
26.10.2019 03:00;26.10.2019 04:00;15,78;0,01578;0,01578;0,05378
26.10.2019 04:00;26.10.2019 05:00;8,55;0,00855;0,00855;0,04655
26.10.2019 05:00;26.10.2019 06:00;15,84;0,01584;0,01584;0,05384
26.10.2019 06:00;26.10.2019 07:00;14,62;0,01462;0,01462;0,05262
26.10.2019 07:00;26.10.2019 08:00;24,61;0,02461;0,02461;0,06261
26.10.2019 08:00;26.10.2019 09:00;29,36;0,02936;0,02936;0,06736
26.10.2019 09:00;26.10.2019 10:00;25,92;0,02592;0,02592;0,06392
26.10.2019 10:00;26.10.2019 11:00;22,9;0,0229;0,0229;0,0609
26.10.2019 11:00;26.10.2019 12:00;20,24;0,02024;0,02024;0,05824
26.10.2019 12:00;26.10.2019 13:00;4,83;0,00483;0,00483;0,04283
26.10.2019 13:00;26.10.2019 14:00;1,37;0,00137;0,00137;0,03937
26.10.2019 14:00;26.10.2019 15:00;3,96;0,00396;0,00396;0,04196
26.10.2019 15:00;26.10.2019 16:00;19,73;0,01973;0,01973;0,05773
26.10.2019 16:00;26.10.2019 17:00;24,17;0,02417;0,02417;0,06217
26.10.2019 17:00;26.10.2019 18:00;28,01;0,02801;0,02801;0,06601
26.10.2019 18:00;26.10.2019 19:00;36,55;0,03655;0,03655;0,07455
26.10.2019 19:00;26.10.2019 20:00;37,37;0,03737;0,03737;0,07537
26.10.2019 20:00;26.10.2019 21:00;27,18;0,02718;0,02718;0,06518
26.10.2019 21:00;26.10.2019 22:00;23,17;0,02317;0,02317;0,06117
26.10.2019 22:00;26.10.2019 23:00;26,12;0,02612;0,02612;0,06412
26.10.2019 23:00;27.10.2019 00:00;12,38;0,01238;0,01238;0,05038
27.10.2019 00:00;27.10.2019 01:00;0,03;0,00003;0,00003;0,03803
27.10.2019 01:00;27.10.2019 02:00;-34,57;-0,03457;0,03457;0,00343
27.10.2019 02:00;27.10.2019 03:00;-29,97;-0,02997;0,02997;0,00803
27.10.2019 02:00;27.10.2019 03:00;-9,97;-0,00997;0,00997;0,02803
27.10.2019 03:00;27.10.2019 04:00;0,12;0,00012;0,00012;0,03812
27.10.2019 04:00;27.10.2019 05:00;5,5;0,0055;0,0055;0,0435
27.10.2019 05:00;27.10.2019 06:00;17,28;0,01728;0,01728;0,05528
27.10.2019 06:00;27.10.2019 07:00;20,54;0,02054;0,02054;0,05854
27.10.2019 07:00;27.10.2019 08:00;25,09;0,02509;0,02509;0,06309
27.10.2019 08:00;27.10.2019 09:00;28,85;0,02885;0,02885;0,06685
27.10.2019 09:00;27.10.2019 10:00;28,91;0,02891;0,02891;0,06691
27.10.2019 10:00;27.10.2019 11:00;27,95;0,02795;0,02795;0,06595
27.10.2019 11:00;27.10.2019 12:00;30;0,03;0,03;0,068
27.10.2019 12:00;27.10.2019 13:00;28,44;0,02844;0,02844;0,06644
27.10.2019 13:00;27.10.2019 14:00;28;0,028;0,028;0,066
27.10.2019 14:00;27.10.2019 15:00;28;0,028;0,028;0,066
27.10.2019 15:00;27.10.2019 16:00;31,1;0,0311;0,0311;0,0691
27.10.2019 16:00;27.10.2019 17:00;36,3;0,0363;0,0363;0,0743
27.10.2019 17:00;27.10.2019 18:00;44,44;0,04444;0,04444;0,08244
27.10.2019 18:00;27.10.2019 19:00;45,9;0,0459;0,0459;0,0839
27.10.2019 19:00;27.10.2019 20:00;41,32;0,04132;0,04132;0,07932
27.10.2019 20:00;27.10.2019 21:00;36,06;0,03606;0,03606;0,07406
27.10.2019 21:00;27.10.2019 22:00;34,06;0,03406;0,03406;0,07206
27.10.2019 22:00;27.10.2019 23:00;29,85;0,02985;0,02985;0,06785
27.10.2019 23:00;28.10.2019 00:00;25,82;0,02582;0,02582;0,06382
28.10.2019 00:00;28.10.2019 01:00;26,4;0,0264;0,0264;0,0644
28.10.2019 01:00;28.10.2019 02:00;26,6;0,0266;0,0266;0,0646
28.10.2019 02:00;28.10.2019 03:00;26,9;0,0269;0,0269;0,0649
28.10.2019 03:00;28.10.2019 04:00;27,64;0,02764;0,02764;0,06564
28.10.2019 04:00;28.10.2019 05:00;27,93;0,02793;0,02793;0,06593
28.10.2019 05:00;28.10.2019 06:00;30,97;0,03097;0,03097;0,06897
28.10.2019 06:00;28.10.2019 07:00;40;0,04;0,04;0,078
28.10.2019 07:00;28.10.2019 08:00;48,47;0,04847;0,04847;0,08647
28.10.2019 08:00;28.10.2019 09:00;45,93;0,04593;0,04593;0,08393
28.10.2019 09:00;28.10.2019 10:00;44,01;0,04401;0,04401;0,08201
28.10.2019 10:00;28.10.2019 11:00;43,06;0,04306;0,04306;0,08106
28.10.2019 11:00;28.10.2019 12:00;42,33;0,04233;0,04233;0,08033
28.10.2019 12:00;28.10.2019 13:00;40,58;0,04058;0,04058;0,07858
28.10.2019 13:00;28.10.2019 14:00;43,28;0,04328;0,04328;0,08128
28.10.2019 14:00;28.10.2019 15:00;48,83;0,04883;0,04883;0,08683
28.10.2019 15:00;28.10.2019 16:00;51,42;0,05142;0,05142;0,08942
28.10.2019 16:00;28.10.2019 17:00;54,99;0,05499;0,05499;0,09299
28.10.2019 17:00;28.10.2019 18:00;61,23;0,06123;0,06123;0,09923
28.10.2019 18:00;28.10.2019 19:00;63,62;0,06362;0,06362;0,10162
28.10.2019 19:00;28.10.2019 20:00;57,39;0,05739;0,05739;0,09539
28.10.2019 20:00;28.10.2019 21:00;48,69;0,04869;0,04869;0,08669
28.10.2019 21:00;28.10.2019 22:00;41,62;0,04162;0,04162;0,07962
28.10.2019 22:00;28.10.2019 23:00;40,23;0,04023;0,04023;0,07823
28.10.2019 23:00;29.10.2019 00:00;36,55;0,03655;0,03655;0,07455
29.10.2019 00:00;29.10.2019 01:00;37,02;0,03702;0,03702;0,07502
29.10.2019 01:00;29.10.2019 02:00;36,6;0,0366;0,0366;0,0746
29.10.2019 02:00;29.10.2019 03:00;35,83;0,03583;0,03583;0,07383
29.10.2019 03:00;29.10.2019 04:00;35,22;0,03522;0,03522;0,07322
29.10.2019 04:00;29.10.2019 05:00;35,17;0,03517;0,03517;0,07317
29.10.2019 05:00;29.10.2019 06:00;36;0,036;0,036;0,074
29.10.2019 06:00;29.10.2019 07:00;43,26;0,04326;0,04326;0,08126
29.10.2019 07:00;29.10.2019 08:00;53,5;0,0535;0,0535;0,0915
29.10.2019 08:00;29.10.2019 09:00;55,81;0,05581;0,05581;0,09381
29.10.2019 09:00;29.10.2019 10:00;55,01;0,05501;0,05501;0,09301
29.10.2019 10:00;29.10.2019 11:00;51,56;0,05156;0,05156;0,08956
29.10.2019 11:00;29.10.2019 12:00;51,46;0,05146;0,05146;0,08946
29.10.2019 12:00;29.10.2019 13:00;47,32;0,04732;0,04732;0,08532
29.10.2019 13:00;29.10.2019 14:00;47,75;0,04775;0,04775;0,08575
29.10.2019 14:00;29.10.2019 15:00;52,3;0,0523;0,0523;0,0903
29.10.2019 15:00;29.10.2019 16:00;55,01;0,05501;0,05501;0,09301
29.10.2019 16:00;29.10.2019 17:00;57,2;0,0572;0,0572;0,0952
29.10.2019 17:00;29.10.2019 18:00;62,44;0,06244;0,06244;0,10044
29.10.2019 18:00;29.10.2019 19:00;66,18;0,06618;0,06618;0,10418
29.10.2019 19:00;29.10.2019 20:00;60,75;0,06075;0,06075;0,09875
29.10.2019 20:00;29.10.2019 21:00;53,91;0,05391;0,05391;0,09191
29.10.2019 21:00;29.10.2019 22:00;45,91;0,04591;0,04591;0,08391
29.10.2019 22:00;29.10.2019 23:00;40,91;0,04091;0,04091;0,07891
29.10.2019 23:00;30.10.2019 00:00;38,62;0,03862;0,03862;0,07662
30.10.2019 00:00;30.10.2019 01:00;37,92;0,03792;0,03792;0,07592
30.10.2019 01:00;30.10.2019 02:00;36,86;0,03686;0,03686;0,07486
30.10.2019 02:00;30.10.2019 03:00;36,14;0,03614;0,03614;0,07414
30.10.2019 03:00;30.10.2019 04:00;35,58;0,03558;0,03558;0,07358
30.10.2019 04:00;30.10.2019 05:00;36,15;0,03615;0,03615;0,07415
30.10.2019 05:00;30.10.2019 06:00;38,25;0,03825;0,03825;0,07625
30.10.2019 06:00;30.10.2019 07:00;46,67;0,04667;0,04667;0,08467
30.10.2019 07:00;30.10.2019 08:00;54,12;0,05412;0,05412;0,09212
30.10.2019 08:00;30.10.2019 09:00;57,6;0,0576;0,0576;0,0956
30.10.2019 09:00;30.10.2019 10:00;54,37;0,05437;0,05437;0,09237
30.10.2019 10:00;30.10.2019 11:00;50,39;0,05039;0,05039;0,08839
30.10.2019 11:00;30.10.2019 12:00;48,92;0,04892;0,04892;0,08692
30.10.2019 12:00;30.10.2019 13:00;47,31;0,04731;0,04731;0,08531
30.10.2019 13:00;30.10.2019 14:00;46,37;0,04637;0,04637;0,08437
30.10.2019 14:00;30.10.2019 15:00;49,95;0,04995;0,04995;0,08795
30.10.2019 15:00;30.10.2019 16:00;54,03;0,05403;0,05403;0,09203
30.10.2019 16:00;30.10.2019 17:00;56,17;0,05617;0,05617;0,09417
30.10.2019 17:00;30.10.2019 18:00;61,57;0,06157;0,06157;0,09957
30.10.2019 18:00;30.10.2019 19:00;66,7;0,0667;0,0667;0,1047
30.10.2019 19:00;30.10.2019 20:00;60;0,06;0,06;0,098
30.10.2019 20:00;30.10.2019 21:00;53,59;0,05359;0,05359;0,09159
30.10.2019 21:00;30.10.2019 22:00;44,61;0,04461;0,04461;0,08261
30.10.2019 22:00;30.10.2019 23:00;41,79;0,04179;0,04179;0,07979
30.10.2019 23:00;31.10.2019 00:00;37,47;0,03747;0,03747;0,07547
31.10.2019 00:00;31.10.2019 01:00;36,2;0,0362;0,0362;0,0742
31.10.2019 01:00;31.10.2019 02:00;34,98;0,03498;0,03498;0,07298
31.10.2019 02:00;31.10.2019 03:00;33,94;0,03394;0,03394;0,07194
31.10.2019 03:00;31.10.2019 04:00;33,16;0,03316;0,03316;0,07116
31.10.2019 04:00;31.10.2019 05:00;33,86;0,03386;0,03386;0,07186
31.10.2019 05:00;31.10.2019 06:00;35,84;0,03584;0,03584;0,07384
31.10.2019 06:00;31.10.2019 07:00;41,98;0,04198;0,04198;0,07998
31.10.2019 07:00;31.10.2019 08:00;46,68;0,04668;0,04668;0,08468
31.10.2019 08:00;31.10.2019 09:00;48,37;0,04837;0,04837;0,08637
31.10.2019 09:00;31.10.2019 10:00;45,21;0,04521;0,04521;0,08321
31.10.2019 10:00;31.10.2019 11:00;40,52;0,04052;0,04052;0,07852
31.10.2019 11:00;31.10.2019 12:00;40,1;0,0401;0,0401;0,0781
31.10.2019 12:00;31.10.2019 13:00;39,38;0,03938;0,03938;0,07738
31.10.2019 13:00;31.10.2019 14:00;40,15;0,04015;0,04015;0,07815
31.10.2019 14:00;31.10.2019 15:00;43,95;0,04395;0,04395;0,08195
31.10.2019 15:00;31.10.2019 16:00;47,75;0,04775;0,04775;0,08575
31.10.2019 16:00;31.10.2019 17:00;51,08;0,05108;0,05108;0,08908
31.10.2019 17:00;31.10.2019 18:00;56,01;0,05601;0,05601;0,09401
31.10.2019 18:00;31.10.2019 19:00;55,44;0,05544;0,05544;0,09344
31.10.2019 19:00;31.10.2019 20:00;50,35;0,05035;0,05035;0,08835
31.10.2019 20:00;31.10.2019 21:00;47,93;0,04793;0,04793;0,08593
31.10.2019 21:00;31.10.2019 22:00;43,12;0,04312;0,04312;0,08112
31.10.2019 22:00;31.10.2019 23:00;40;0,04;0,04;0,078
31.10.2019 23:00;01.11.2019 00:00;37,23;0,03723;0,03723;0,07523
01.11.2019 00:00;01.11.2019 01:00;35,94;0,03594;0,03594;0,07394
01.11.2019 01:00;01.11.2019 02:00;33,49;0,03349;0,03349;0,07149
01.11.2019 02:00;01.11.2019 03:00;28,99;0,02899;0,02899;0,06699
01.11.2019 03:00;01.11.2019 04:00;27,12;0,02712;0,02712;0,06512
01.11.2019 04:00;01.11.2019 05:00;26,17;0,02617;0,02617;0,06417
01.11.2019 05:00;01.11.2019 06:00;26,14;0,02614;0,02614;0,06414
01.11.2019 06:00;01.11.2019 07:00;29,1;0,0291;0,0291;0,0671
01.11.2019 07:00;01.11.2019 08:00;32,86;0,03286;0,03286;0,07086
01.11.2019 08:00;01.11.2019 09:00;35,01;0,03501;0,03501;0,07301
01.11.2019 09:00;01.11.2019 10:00;35,07;0,03507;0,03507;0,07307
01.11.2019 10:00;01.11.2019 11:00;33,01;0,03301;0,03301;0,07101
01.11.2019 11:00;01.11.2019 12:00;34,04;0,03404;0,03404;0,07204
01.11.2019 12:00;01.11.2019 13:00;35,9;0,0359;0,0359;0,0739
01.11.2019 13:00;01.11.2019 14:00;33,43;0,03343;0,03343;0,07143
01.11.2019 14:00;01.11.2019 15:00;31,5;0,0315;0,0315;0,0695
01.11.2019 15:00;01.11.2019 16:00;31,52;0,03152;0,03152;0,06952
01.11.2019 16:00;01.11.2019 17:00;31,59;0,03159;0,03159;0,06959
01.11.2019 17:00;01.11.2019 18:00;38,94;0,03894;0,03894;0,07694
01.11.2019 18:00;01.11.2019 19:00;38,08;0,03808;0,03808;0,07608
01.11.2019 19:00;01.11.2019 20:00;37,01;0,03701;0,03701;0,07501
01.11.2019 20:00;01.11.2019 21:00;31,98;0,03198;0,03198;0,06998
01.11.2019 21:00;01.11.2019 22:00;30,11;0,03011;0,03011;0,06811
01.11.2019 22:00;01.11.2019 23:00;30,49;0,03049;0,03049;0,06849
01.11.2019 23:00;02.11.2019 00:00;26,89;0,02689;0,02689;0,06489
02.11.2019 00:00;02.11.2019 01:00;25,79;0,02579;0,02579;0,06379
02.11.2019 01:00;02.11.2019 02:00;24,71;0,02471;0,02471;0,06271
02.11.2019 02:00;02.11.2019 03:00;24,37;0,02437;0,02437;0,06237
02.11.2019 03:00;02.11.2019 04:00;19,44;0,01944;0,01944;0,05744
02.11.2019 04:00;02.11.2019 05:00;18,99;0,01899;0,01899;0,05699
02.11.2019 05:00;02.11.2019 06:00;21,86;0,02186;0,02186;0,05986
02.11.2019 06:00;02.11.2019 07:00;24,01;0,02401;0,02401;0,06201
02.11.2019 07:00;02.11.2019 08:00;25,81;0,02581;0,02581;0,06381
02.11.2019 08:00;02.11.2019 09:00;27,38;0,02738;0,02738;0,06538
02.11.2019 09:00;02.11.2019 10:00;30,28;0,03028;0,03028;0,06828
02.11.2019 10:00;02.11.2019 11:00;28,59;0,02859;0,02859;0,06659
02.11.2019 11:00;02.11.2019 12:00;27,56;0,02756;0,02756;0,06556
02.11.2019 12:00;02.11.2019 13:00;29,41;0,02941;0,02941;0,06741
02.11.2019 13:00;02.11.2019 14:00;27,1;0,0271;0,0271;0,0651
02.11.2019 14:00;02.11.2019 15:00;26,69;0,02669;0,02669;0,06469
02.11.2019 15:00;02.11.2019 16:00;27,94;0,02794;0,02794;0,06594
02.11.2019 16:00;02.11.2019 17:00;30;0,03;0,03;0,068
02.11.2019 17:00;02.11.2019 18:00;33,91;0,03391;0,03391;0,07191
02.11.2019 18:00;02.11.2019 19:00;39,44;0,03944;0,03944;0,07744
02.11.2019 19:00;02.11.2019 20:00;33,14;0,03314;0,03314;0,07114
02.11.2019 20:00;02.11.2019 21:00;29,71;0,02971;0,02971;0,06771
02.11.2019 21:00;02.11.2019 22:00;27,85;0,02785;0,02785;0,06585
02.11.2019 22:00;02.11.2019 23:00;28,81;0,02881;0,02881;0,06681
02.11.2019 23:00;03.11.2019 00:00;26,62;0,02662;0,02662;0,06462
03.11.2019 00:00;03.11.2019 01:00;15,1;0,0151;0,0151;0,0531
03.11.2019 01:00;03.11.2019 02:00;9,13;0,00913;0,00913;0,04713
03.11.2019 02:00;03.11.2019 03:00;5,4;0,0054;0,0054;0,0434
03.11.2019 03:00;03.11.2019 04:00;1,4;0,0014;0,0014;0,0394
03.11.2019 04:00;03.11.2019 05:00;4,49;0,00449;0,00449;0,04249
03.11.2019 05:00;03.11.2019 06:00;9,57;0,00957;0,00957;0,04757
03.11.2019 06:00;03.11.2019 07:00;13,6;0,0136;0,0136;0,0516
03.11.2019 07:00;03.11.2019 08:00;19,45;0,01945;0,01945;0,05745
03.11.2019 08:00;03.11.2019 09:00;24,2;0,0242;0,0242;0,0622
03.11.2019 09:00;03.11.2019 10:00;29,11;0,02911;0,02911;0,06711
03.11.2019 10:00;03.11.2019 11:00;30,02;0,03002;0,03002;0,06802
03.11.2019 11:00;03.11.2019 12:00;35,19;0,03519;0,03519;0,07319
03.11.2019 12:00;03.11.2019 13:00;37,76;0,03776;0,03776;0,07576
03.11.2019 13:00;03.11.2019 14:00;36,97;0,03697;0,03697;0,07497
03.11.2019 14:00;03.11.2019 15:00;37,32;0,03732;0,03732;0,07532
03.11.2019 15:00;03.11.2019 16:00;36,52;0,03652;0,03652;0,07452
03.11.2019 16:00;03.11.2019 17:00;39,76;0,03976;0,03976;0,07776
03.11.2019 17:00;03.11.2019 18:00;41,24;0,04124;0,04124;0,07924
03.11.2019 18:00;03.11.2019 19:00;42,83;0,04283;0,04283;0,08083
03.11.2019 19:00;03.11.2019 20:00;41,04;0,04104;0,04104;0,07904
03.11.2019 20:00;03.11.2019 21:00;38,29;0,03829;0,03829;0,07629
03.11.2019 21:00;03.11.2019 22:00;34,3;0,0343;0,0343;0,0723
03.11.2019 22:00;03.11.2019 23:00;31,37;0,03137;0,03137;0,06937
03.11.2019 23:00;04.11.2019 00:00;26,46;0,02646;0,02646;0,06446
04.11.2019 00:00;04.11.2019 01:00;26,68;0,02668;0,02668;0,06468
04.11.2019 01:00;04.11.2019 02:00;24,94;0,02494;0,02494;0,06294
04.11.2019 02:00;04.11.2019 03:00;22,51;0,02251;0,02251;0,06051
04.11.2019 03:00;04.11.2019 04:00;22,28;0,02228;0,02228;0,06028
04.11.2019 04:00;04.11.2019 05:00;22,85;0,02285;0,02285;0,06085
04.11.2019 05:00;04.11.2019 06:00;26,1;0,0261;0,0261;0,0641
04.11.2019 06:00;04.11.2019 07:00;35,5;0,0355;0,0355;0,0735
04.11.2019 07:00;04.11.2019 08:00;43,56;0,04356;0,04356;0,08156
04.11.2019 08:00;04.11.2019 09:00;45,35;0,04535;0,04535;0,08335
04.11.2019 09:00;04.11.2019 10:00;45,07;0,04507;0,04507;0,08307
04.11.2019 10:00;04.11.2019 11:00;43,97;0,04397;0,04397;0,08197
04.11.2019 11:00;04.11.2019 12:00;43,33;0,04333;0,04333;0,08133
04.11.2019 12:00;04.11.2019 13:00;41,71;0,04171;0,04171;0,07971
04.11.2019 13:00;04.11.2019 14:00;43,65;0,04365;0,04365;0,08165
04.11.2019 14:00;04.11.2019 15:00;44,39;0,04439;0,04439;0,08239
04.11.2019 15:00;04.11.2019 16:00;46,38;0,04638;0,04638;0,08438
04.11.2019 16:00;04.11.2019 17:00;48,19;0,04819;0,04819;0,08619
04.11.2019 17:00;04.11.2019 18:00;52,89;0,05289;0,05289;0,09089
04.11.2019 18:00;04.11.2019 19:00;52,92;0,05292;0,05292;0,09092
04.11.2019 19:00;04.11.2019 20:00;48,91;0,04891;0,04891;0,08691
04.11.2019 20:00;04.11.2019 21:00;44,21;0,04421;0,04421;0,08221
04.11.2019 21:00;04.11.2019 22:00;37,95;0,03795;0,03795;0,07595
04.11.2019 22:00;04.11.2019 23:00;35,5;0,0355;0,0355;0,0735
04.11.2019 23:00;05.11.2019 00:00;30;0,03;0,03;0,068
05.11.2019 00:00;05.11.2019 01:00;26,5;0,0265;0,0265;0,0645
05.11.2019 01:00;05.11.2019 02:00;25,64;0,02564;0,02564;0,06364
05.11.2019 02:00;05.11.2019 03:00;25,97;0,02597;0,02597;0,06397
05.11.2019 03:00;05.11.2019 04:00;24,99;0,02499;0,02499;0,06299
05.11.2019 04:00;05.11.2019 05:00;26,04;0,02604;0,02604;0,06404
05.11.2019 05:00;05.11.2019 06:00;27,94;0,02794;0,02794;0,06594
05.11.2019 06:00;05.11.2019 07:00;38,92;0,03892;0,03892;0,07692
05.11.2019 07:00;05.11.2019 08:00;45,52;0,04552;0,04552;0,08352
05.11.2019 08:00;05.11.2019 09:00;47,97;0,04797;0,04797;0,08597
05.11.2019 09:00;05.11.2019 10:00;47,43;0,04743;0,04743;0,08543
05.11.2019 10:00;05.11.2019 11:00;47,98;0,04798;0,04798;0,08598
05.11.2019 11:00;05.11.2019 12:00;48,43;0,04843;0,04843;0,08643
05.11.2019 12:00;05.11.2019 13:00;46,96;0,04696;0,04696;0,08496
05.11.2019 13:00;05.11.2019 14:00;48,34;0,04834;0,04834;0,08634
05.11.2019 14:00;05.11.2019 15:00;49,91;0,04991;0,04991;0,08791
05.11.2019 15:00;05.11.2019 16:00;50;0,05;0,05;0,088
05.11.2019 16:00;05.11.2019 17:00;50,04;0,05004;0,05004;0,08804
05.11.2019 17:00;05.11.2019 18:00;60,71;0,06071;0,06071;0,09871
05.11.2019 18:00;05.11.2019 19:00;62,89;0,06289;0,06289;0,10089
05.11.2019 19:00;05.11.2019 20:00;52,3;0,0523;0,0523;0,0903
05.11.2019 20:00;05.11.2019 21:00;47,56;0,04756;0,04756;0,08556
05.11.2019 21:00;05.11.2019 22:00;43,3;0,0433;0,0433;0,0813
05.11.2019 22:00;05.11.2019 23:00;41,21;0,04121;0,04121;0,07921
05.11.2019 23:00;06.11.2019 00:00;38,3;0,0383;0,0383;0,0763
06.11.2019 00:00;06.11.2019 01:00;36,97;0,03697;0,03697;0,07497
06.11.2019 01:00;06.11.2019 02:00;35,75;0,03575;0,03575;0,07375
06.11.2019 02:00;06.11.2019 03:00;34,27;0,03427;0,03427;0,07227
06.11.2019 03:00;06.11.2019 04:00;33,79;0,03379;0,03379;0,07179
06.11.2019 04:00;06.11.2019 05:00;34,45;0,03445;0,03445;0,07245
06.11.2019 05:00;06.11.2019 06:00;37,74;0,03774;0,03774;0,07574
06.11.2019 06:00;06.11.2019 07:00;45,63;0,04563;0,04563;0,08363
06.11.2019 07:00;06.11.2019 08:00;55,77;0,05577;0,05577;0,09377
06.11.2019 08:00;06.11.2019 09:00;57,77;0,05777;0,05777;0,09577
06.11.2019 09:00;06.11.2019 10:00;56,92;0,05692;0,05692;0,09492
06.11.2019 10:00;06.11.2019 11:00;56,8;0,0568;0,0568;0,0948
06.11.2019 11:00;06.11.2019 12:00;56,44;0,05644;0,05644;0,09444
06.11.2019 12:00;06.11.2019 13:00;54,42;0,05442;0,05442;0,09242
06.11.2019 13:00;06.11.2019 14:00;55,8;0,0558;0,0558;0,0938
06.11.2019 14:00;06.11.2019 15:00;57,28;0,05728;0,05728;0,09528
06.11.2019 15:00;06.11.2019 16:00;57,39;0,05739;0,05739;0,09539
06.11.2019 16:00;06.11.2019 17:00;60,71;0,06071;0,06071;0,09871
06.11.2019 17:00;06.11.2019 18:00;76,08;0,07608;0,07608;0,11408
06.11.2019 18:00;06.11.2019 19:00;87,12;0,08712;0,08712;0,12512
06.11.2019 19:00;06.11.2019 20:00;65;0,065;0,065;0,103
06.11.2019 20:00;06.11.2019 21:00;54,47;0,05447;0,05447;0,09247
06.11.2019 21:00;06.11.2019 22:00;47,52;0,04752;0,04752;0,08552
06.11.2019 22:00;06.11.2019 23:00;44,59;0,04459;0,04459;0,08259
06.11.2019 23:00;07.11.2019 00:00;40,3;0,0403;0,0403;0,0783
07.11.2019 00:00;07.11.2019 01:00;39,07;0,03907;0,03907;0,07707
07.11.2019 01:00;07.11.2019 02:00;35,95;0,03595;0,03595;0,07395
07.11.2019 02:00;07.11.2019 03:00;33,4;0,0334;0,0334;0,0714
07.11.2019 03:00;07.11.2019 04:00;32,67;0,03267;0,03267;0,07067
07.11.2019 04:00;07.11.2019 05:00;32,98;0,03298;0,03298;0,07098
07.11.2019 05:00;07.11.2019 06:00;35,3;0,0353;0,0353;0,0733
07.11.2019 06:00;07.11.2019 07:00;42,62;0,04262;0,04262;0,08062
07.11.2019 07:00;07.11.2019 08:00;48,12;0,04812;0,04812;0,08612
07.11.2019 08:00;07.11.2019 09:00;51,29;0,05129;0,05129;0,08929
07.11.2019 09:00;07.11.2019 10:00;48,56;0,04856;0,04856;0,08656
07.11.2019 10:00;07.11.2019 11:00;47,54;0,04754;0,04754;0,08554
07.11.2019 11:00;07.11.2019 12:00;46,36;0,04636;0,04636;0,08436
07.11.2019 12:00;07.11.2019 13:00;43,91;0,04391;0,04391;0,08191
07.11.2019 13:00;07.11.2019 14:00;44,57;0,04457;0,04457;0,08257
07.11.2019 14:00;07.11.2019 15:00;45,61;0,04561;0,04561;0,08361
07.11.2019 15:00;07.11.2019 16:00;46,83;0,04683;0,04683;0,08483
07.11.2019 16:00;07.11.2019 17:00;48,68;0,04868;0,04868;0,08668
07.11.2019 17:00;07.11.2019 18:00;51,17;0,05117;0,05117;0,08917
07.11.2019 18:00;07.11.2019 19:00;48,19;0,04819;0,04819;0,08619
07.11.2019 19:00;07.11.2019 20:00;46,72;0,04672;0,04672;0,08472
07.11.2019 20:00;07.11.2019 21:00;44,98;0,04498;0,04498;0,08298
07.11.2019 21:00;07.11.2019 22:00;37,8;0,0378;0,0378;0,0758
07.11.2019 22:00;07.11.2019 23:00;37,55;0,03755;0,03755;0,07555
07.11.2019 23:00;08.11.2019 00:00;35,33;0,03533;0,03533;0,07333
08.11.2019 00:00;08.11.2019 01:00;32,8;0,0328;0,0328;0,0708
08.11.2019 01:00;08.11.2019 02:00;32,91;0,03291;0,03291;0,07091
08.11.2019 02:00;08.11.2019 03:00;32,07;0,03207;0,03207;0,07007
08.11.2019 03:00;08.11.2019 04:00;31,82;0,03182;0,03182;0,06982
08.11.2019 04:00;08.11.2019 05:00;33,19;0,03319;0,03319;0,07119
08.11.2019 05:00;08.11.2019 06:00;35,22;0,03522;0,03522;0,07322
08.11.2019 06:00;08.11.2019 07:00;45,05;0,04505;0,04505;0,08305
08.11.2019 07:00;08.11.2019 08:00;51,78;0,05178;0,05178;0,08978
08.11.2019 08:00;08.11.2019 09:00;54,32;0,05432;0,05432;0,09232
08.11.2019 09:00;08.11.2019 10:00;55,62;0,05562;0,05562;0,09362
08.11.2019 10:00;08.11.2019 11:00;54,94;0,05494;0,05494;0,09294
08.11.2019 11:00;08.11.2019 12:00;53,95;0,05395;0,05395;0,09195
08.11.2019 12:00;08.11.2019 13:00;52,44;0,05244;0,05244;0,09044
08.11.2019 13:00;08.11.2019 14:00;52,52;0,05252;0,05252;0,09052
08.11.2019 14:00;08.11.2019 15:00;53,01;0,05301;0,05301;0,09101
08.11.2019 15:00;08.11.2019 16:00;52,19;0,05219;0,05219;0,09019
08.11.2019 16:00;08.11.2019 17:00;54,3;0,0543;0,0543;0,0923
08.11.2019 17:00;08.11.2019 18:00;66,47;0,06647;0,06647;0,10447
08.11.2019 18:00;08.11.2019 19:00;59,98;0,05998;0,05998;0,09798
08.11.2019 19:00;08.11.2019 20:00;51,97;0,05197;0,05197;0,08997
08.11.2019 20:00;08.11.2019 21:00;46,94;0,04694;0,04694;0,08494
08.11.2019 21:00;08.11.2019 22:00;43,83;0,04383;0,04383;0,08183
08.11.2019 22:00;08.11.2019 23:00;44,28;0,04428;0,04428;0,08228
08.11.2019 23:00;09.11.2019 00:00;39,34;0,03934;0,03934;0,07734
09.11.2019 00:00;09.11.2019 01:00;42,63;0,04263;0,04263;0,08063
09.11.2019 01:00;09.11.2019 02:00;39,78;0,03978;0,03978;0,07778
09.11.2019 02:00;09.11.2019 03:00;38,81;0,03881;0,03881;0,07681
09.11.2019 03:00;09.11.2019 04:00;36,94;0,03694;0,03694;0,07494
09.11.2019 04:00;09.11.2019 05:00;36,2;0,0362;0,0362;0,0742
09.11.2019 05:00;09.11.2019 06:00;36,13;0,03613;0,03613;0,07413
09.11.2019 06:00;09.11.2019 07:00;39,57;0,03957;0,03957;0,07757
09.11.2019 07:00;09.11.2019 08:00;41,56;0,04156;0,04156;0,07956
09.11.2019 08:00;09.11.2019 09:00;42,02;0,04202;0,04202;0,08002
09.11.2019 09:00;09.11.2019 10:00;44,57;0,04457;0,04457;0,08257
09.11.2019 10:00;09.11.2019 11:00;44,15;0,04415;0,04415;0,08215
09.11.2019 11:00;09.11.2019 12:00;42,55;0,04255;0,04255;0,08055
09.11.2019 12:00;09.11.2019 13:00;41,42;0,04142;0,04142;0,07942
09.11.2019 13:00;09.11.2019 14:00;40,01;0,04001;0,04001;0,07801
09.11.2019 14:00;09.11.2019 15:00;39,96;0,03996;0,03996;0,07796
09.11.2019 15:00;09.11.2019 16:00;41,67;0,04167;0,04167;0,07967
09.11.2019 16:00;09.11.2019 17:00;43,81;0,04381;0,04381;0,08181
09.11.2019 17:00;09.11.2019 18:00;49,95;0,04995;0,04995;0,08795
09.11.2019 18:00;09.11.2019 19:00;51;0,051;0,051;0,089
09.11.2019 19:00;09.11.2019 20:00;48,45;0,04845;0,04845;0,08645
09.11.2019 20:00;09.11.2019 21:00;42,75;0,04275;0,04275;0,08075
09.11.2019 21:00;09.11.2019 22:00;40,36;0,04036;0,04036;0,07836
09.11.2019 22:00;09.11.2019 23:00;39,66;0,03966;0,03966;0,07766
09.11.2019 23:00;10.11.2019 00:00;36,67;0,03667;0,03667;0,07467
10.11.2019 00:00;10.11.2019 01:00;37,57;0,03757;0,03757;0,07557
10.11.2019 01:00;10.11.2019 02:00;35,3;0,0353;0,0353;0,0733
10.11.2019 02:00;10.11.2019 03:00;35,13;0,03513;0,03513;0,07313
10.11.2019 03:00;10.11.2019 04:00;34,22;0,03422;0,03422;0,07222
10.11.2019 04:00;10.11.2019 05:00;33,86;0,03386;0,03386;0,07186
10.11.2019 05:00;10.11.2019 06:00;35,01;0,03501;0,03501;0,07301
10.11.2019 06:00;10.11.2019 07:00;35,6;0,0356;0,0356;0,0736
10.11.2019 07:00;10.11.2019 08:00;37,52;0,03752;0,03752;0,07552
10.11.2019 08:00;10.11.2019 09:00;37,52;0,03752;0,03752;0,07552
10.11.2019 09:00;10.11.2019 10:00;39,12;0,03912;0,03912;0,07712
10.11.2019 10:00;10.11.2019 11:00;38,4;0,0384;0,0384;0,0764
10.11.2019 11:00;10.11.2019 12:00;38,84;0,03884;0,03884;0,07684
10.11.2019 12:00;10.11.2019 13:00;40,1;0,0401;0,0401;0,0781
10.11.2019 13:00;10.11.2019 14:00;37,8;0,0378;0,0378;0,0758
10.11.2019 14:00;10.11.2019 15:00;39,68;0,03968;0,03968;0,07768
10.11.2019 15:00;10.11.2019 16:00;41,35;0,04135;0,04135;0,07935
10.11.2019 16:00;10.11.2019 17:00;46,41;0,04641;0,04641;0,08441
10.11.2019 17:00;10.11.2019 18:00;52,17;0,05217;0,05217;0,09017
10.11.2019 18:00;10.11.2019 19:00;53,09;0,05309;0,05309;0,09109
10.11.2019 19:00;10.11.2019 20:00;52,51;0,05251;0,05251;0,09051
10.11.2019 20:00;10.11.2019 21:00;51,01;0,05101;0,05101;0,08901
10.11.2019 21:00;10.11.2019 22:00;47;0,047;0,047;0,085
10.11.2019 22:00;10.11.2019 23:00;44,25;0,04425;0,04425;0,08225
10.11.2019 23:00;11.11.2019 00:00;39,88;0,03988;0,03988;0,07788
11.11.2019 00:00;11.11.2019 01:00;35,66;0,03566;0,03566;0,07366
11.11.2019 01:00;11.11.2019 02:00;35,97;0,03597;0,03597;0,07397
11.11.2019 02:00;11.11.2019 03:00;36,03;0,03603;0,03603;0,07403
11.11.2019 03:00;11.11.2019 04:00;34,75;0,03475;0,03475;0,07275
11.11.2019 04:00;11.11.2019 05:00;34,8;0,0348;0,0348;0,0728
11.11.2019 05:00;11.11.2019 06:00;36,58;0,03658;0,03658;0,07458
11.11.2019 06:00;11.11.2019 07:00;43,42;0,04342;0,04342;0,08142
11.11.2019 07:00;11.11.2019 08:00;47,69;0,04769;0,04769;0,08569
11.11.2019 08:00;11.11.2019 09:00;51;0,051;0,051;0,089
11.11.2019 09:00;11.11.2019 10:00;49,85;0,04985;0,04985;0,08785
11.11.2019 10:00;11.11.2019 11:00;48;0,048;0,048;0,086
11.11.2019 11:00;11.11.2019 12:00;47,42;0,04742;0,04742;0,08542
11.11.2019 12:00;11.11.2019 13:00;46;0,046;0,046;0,084
11.11.2019 13:00;11.11.2019 14:00;45,64;0,04564;0,04564;0,08364
11.11.2019 14:00;11.11.2019 15:00;44,11;0,04411;0,04411;0,08211
11.11.2019 15:00;11.11.2019 16:00;44,62;0,04462;0,04462;0,08262
11.11.2019 16:00;11.11.2019 17:00;44,78;0,04478;0,04478;0,08278
11.11.2019 17:00;11.11.2019 18:00;48,28;0,04828;0,04828;0,08628
11.11.2019 18:00;11.11.2019 19:00;45,39;0,04539;0,04539;0,08339
11.11.2019 19:00;11.11.2019 20:00;40,36;0,04036;0,04036;0,07836
11.11.2019 20:00;11.11.2019 21:00;35,26;0,03526;0,03526;0,07326
11.11.2019 21:00;11.11.2019 22:00;32,8;0,0328;0,0328;0,0708
11.11.2019 22:00;11.11.2019 23:00;32,05;0,03205;0,03205;0,07005
11.11.2019 23:00;12.11.2019 00:00;26,09;0,02609;0,02609;0,06409
12.11.2019 00:00;12.11.2019 01:00;30,9;0,0309;0,0309;0,0689
12.11.2019 01:00;12.11.2019 02:00;31,45;0,03145;0,03145;0,06945
12.11.2019 02:00;12.11.2019 03:00;30,67;0,03067;0,03067;0,06867
12.11.2019 03:00;12.11.2019 04:00;29,1;0,0291;0,0291;0,0671
12.11.2019 04:00;12.11.2019 05:00;32,3;0,0323;0,0323;0,0703
12.11.2019 05:00;12.11.2019 06:00;35,3;0,0353;0,0353;0,0733
12.11.2019 06:00;12.11.2019 07:00;40,66;0,04066;0,04066;0,07866
12.11.2019 07:00;12.11.2019 08:00;46,35;0,04635;0,04635;0,08435
12.11.2019 08:00;12.11.2019 09:00;43,99;0,04399;0,04399;0,08199
12.11.2019 09:00;12.11.2019 10:00;43;0,043;0,043;0,081
12.11.2019 10:00;12.11.2019 11:00;42,41;0,04241;0,04241;0,08041
12.11.2019 11:00;12.11.2019 12:00;42,03;0,04203;0,04203;0,08003
12.11.2019 12:00;12.11.2019 13:00;40,5;0,0405;0,0405;0,0785
12.11.2019 13:00;12.11.2019 14:00;43,79;0,04379;0,04379;0,08179
12.11.2019 14:00;12.11.2019 15:00;46,39;0,04639;0,04639;0,08439
12.11.2019 15:00;12.11.2019 16:00;51,18;0,05118;0,05118;0,08918
12.11.2019 16:00;12.11.2019 17:00;51,08;0,05108;0,05108;0,08908
12.11.2019 17:00;12.11.2019 18:00;59,21;0,05921;0,05921;0,09721
12.11.2019 18:00;12.11.2019 19:00;58,32;0,05832;0,05832;0,09632
12.11.2019 19:00;12.11.2019 20:00;50,42;0,05042;0,05042;0,08842
12.11.2019 20:00;12.11.2019 21:00;46,81;0,04681;0,04681;0,08481
12.11.2019 21:00;12.11.2019 22:00;40,95;0,04095;0,04095;0,07895
12.11.2019 22:00;12.11.2019 23:00;39,26;0,03926;0,03926;0,07726
12.11.2019 23:00;13.11.2019 00:00;36,74;0,03674;0,03674;0,07474
13.11.2019 00:00;13.11.2019 01:00;34;0,034;0,034;0,072
13.11.2019 01:00;13.11.2019 02:00;34,83;0,03483;0,03483;0,07283
13.11.2019 02:00;13.11.2019 03:00;35,01;0,03501;0,03501;0,07301
13.11.2019 03:00;13.11.2019 04:00;35,01;0,03501;0,03501;0,07301
13.11.2019 04:00;13.11.2019 05:00;35,13;0,03513;0,03513;0,07313
13.11.2019 05:00;13.11.2019 06:00;36,06;0,03606;0,03606;0,07406
13.11.2019 06:00;13.11.2019 07:00;40,71;0,04071;0,04071;0,07871
13.11.2019 07:00;13.11.2019 08:00;47,7;0,0477;0,0477;0,0857
13.11.2019 08:00;13.11.2019 09:00;52,08;0,05208;0,05208;0,09008
13.11.2019 09:00;13.11.2019 10:00;51,56;0,05156;0,05156;0,08956
13.11.2019 10:00;13.11.2019 11:00;50,12;0,05012;0,05012;0,08812
13.11.2019 11:00;13.11.2019 12:00;50,59;0,05059;0,05059;0,08859
13.11.2019 12:00;13.11.2019 13:00;48,97;0,04897;0,04897;0,08697
13.11.2019 13:00;13.11.2019 14:00;55,12;0,05512;0,05512;0,09312
13.11.2019 14:00;13.11.2019 15:00;55,98;0,05598;0,05598;0,09398
13.11.2019 15:00;13.11.2019 16:00;58,42;0,05842;0,05842;0,09642
13.11.2019 16:00;13.11.2019 17:00;63,51;0,06351;0,06351;0,10151
13.11.2019 17:00;13.11.2019 18:00;67,2;0,0672;0,0672;0,1052
13.11.2019 18:00;13.11.2019 19:00;56,09;0,05609;0,05609;0,09409
13.11.2019 19:00;13.11.2019 20:00;52,94;0,05294;0,05294;0,09094
13.11.2019 20:00;13.11.2019 21:00;46,22;0,04622;0,04622;0,08422
13.11.2019 21:00;13.11.2019 22:00;42,91;0,04291;0,04291;0,08091
13.11.2019 22:00;13.11.2019 23:00;41,47;0,04147;0,04147;0,07947
13.11.2019 23:00;14.11.2019 00:00;38,28;0,03828;0,03828;0,07628
14.11.2019 00:00;14.11.2019 01:00;37,6;0,0376;0,0376;0,0756
14.11.2019 01:00;14.11.2019 02:00;37,85;0,03785;0,03785;0,07585
14.11.2019 02:00;14.11.2019 03:00;36,51;0,03651;0,03651;0,07451
14.11.2019 03:00;14.11.2019 04:00;35,37;0,03537;0,03537;0,07337
14.11.2019 04:00;14.11.2019 05:00;35,77;0,03577;0,03577;0,07377
14.11.2019 05:00;14.11.2019 06:00;38,18;0,03818;0,03818;0,07618
14.11.2019 06:00;14.11.2019 07:00;45,31;0,04531;0,04531;0,08331
14.11.2019 07:00;14.11.2019 08:00;53,7;0,0537;0,0537;0,0917
14.11.2019 08:00;14.11.2019 09:00;52,32;0,05232;0,05232;0,09032
14.11.2019 09:00;14.11.2019 10:00;49,1;0,0491;0,0491;0,0871
14.11.2019 10:00;14.11.2019 11:00;47,24;0,04724;0,04724;0,08524
14.11.2019 11:00;14.11.2019 12:00;47,95;0,04795;0,04795;0,08595
14.11.2019 12:00;14.11.2019 13:00;48,64;0,04864;0,04864;0,08664
14.11.2019 13:00;14.11.2019 14:00;50,62;0,05062;0,05062;0,08862
14.11.2019 14:00;14.11.2019 15:00;53,7;0,0537;0,0537;0,0917
14.11.2019 15:00;14.11.2019 16:00;54,12;0,05412;0,05412;0,09212
14.11.2019 16:00;14.11.2019 17:00;56,15;0,05615;0,05615;0,09415
14.11.2019 17:00;14.11.2019 18:00;58,5;0,0585;0,0585;0,0965
14.11.2019 18:00;14.11.2019 19:00;49,8;0,0498;0,0498;0,0878
14.11.2019 19:00;14.11.2019 20:00;45,1;0,0451;0,0451;0,0831
14.11.2019 20:00;14.11.2019 21:00;41,71;0,04171;0,04171;0,07971
14.11.2019 21:00;14.11.2019 22:00;38,49;0,03849;0,03849;0,07649
14.11.2019 22:00;14.11.2019 23:00;38,65;0,03865;0,03865;0,07665
14.11.2019 23:00;15.11.2019 00:00;35,38;0,03538;0,03538;0,07338
15.11.2019 00:00;15.11.2019 01:00;29,65;0,02965;0,02965;0,06765
15.11.2019 01:00;15.11.2019 02:00;28,38;0,02838;0,02838;0,06638
15.11.2019 02:00;15.11.2019 03:00;28,32;0,02832;0,02832;0,06632
15.11.2019 03:00;15.11.2019 04:00;25,16;0,02516;0,02516;0,06316
15.11.2019 04:00;15.11.2019 05:00;25,41;0,02541;0,02541;0,06341
15.11.2019 05:00;15.11.2019 06:00;30,12;0,03012;0,03012;0,06812
15.11.2019 06:00;15.11.2019 07:00;34,1;0,0341;0,0341;0,0721
15.11.2019 07:00;15.11.2019 08:00;39,73;0,03973;0,03973;0,07773
15.11.2019 08:00;15.11.2019 09:00;40,86;0,04086;0,04086;0,07886
15.11.2019 09:00;15.11.2019 10:00;35,4;0,0354;0,0354;0,0734
15.11.2019 10:00;15.11.2019 11:00;35,76;0,03576;0,03576;0,07376
15.11.2019 11:00;15.11.2019 12:00;34,85;0,03485;0,03485;0,07285
15.11.2019 12:00;15.11.2019 13:00;36,13;0,03613;0,03613;0,07413
15.11.2019 13:00;15.11.2019 14:00;39,68;0,03968;0,03968;0,07768
15.11.2019 14:00;15.11.2019 15:00;42;0,042;0,042;0,08
15.11.2019 15:00;15.11.2019 16:00;45,41;0,04541;0,04541;0,08341
15.11.2019 16:00;15.11.2019 17:00;49;0,049;0,049;0,087
15.11.2019 17:00;15.11.2019 18:00;51,12;0,05112;0,05112;0,08912
15.11.2019 18:00;15.11.2019 19:00;45,91;0,04591;0,04591;0,08391
15.11.2019 19:00;15.11.2019 20:00;47,21;0,04721;0,04721;0,08521
15.11.2019 20:00;15.11.2019 21:00;42,92;0,04292;0,04292;0,08092
15.11.2019 21:00;15.11.2019 22:00;43,98;0,04398;0,04398;0,08198
15.11.2019 22:00;15.11.2019 23:00;40,04;0,04004;0,04004;0,07804
15.11.2019 23:00;16.11.2019 00:00;38,46;0,03846;0,03846;0,07646
16.11.2019 00:00;16.11.2019 01:00;36,98;0,03698;0,03698;0,07498
16.11.2019 01:00;16.11.2019 02:00;37,07;0,03707;0,03707;0,07507
16.11.2019 02:00;16.11.2019 03:00;36,53;0,03653;0,03653;0,07453
16.11.2019 03:00;16.11.2019 04:00;37,19;0,03719;0,03719;0,07519
16.11.2019 04:00;16.11.2019 05:00;37,32;0,03732;0,03732;0,07532
16.11.2019 05:00;16.11.2019 06:00;37,49;0,03749;0,03749;0,07549
16.11.2019 06:00;16.11.2019 07:00;38,42;0,03842;0,03842;0,07642
16.11.2019 07:00;16.11.2019 08:00;39,01;0,03901;0,03901;0,07701
16.11.2019 08:00;16.11.2019 09:00;42,47;0,04247;0,04247;0,08047
16.11.2019 09:00;16.11.2019 10:00;43,13;0,04313;0,04313;0,08113
16.11.2019 10:00;16.11.2019 11:00;41,51;0,04151;0,04151;0,07951
16.11.2019 11:00;16.11.2019 12:00;41,9;0,0419;0,0419;0,0799
16.11.2019 12:00;16.11.2019 13:00;38,97;0,03897;0,03897;0,07697
16.11.2019 13:00;16.11.2019 14:00;35,15;0,03515;0,03515;0,07315
16.11.2019 14:00;16.11.2019 15:00;34,98;0,03498;0,03498;0,07298
16.11.2019 15:00;16.11.2019 16:00;37,37;0,03737;0,03737;0,07537
16.11.2019 16:00;16.11.2019 17:00;41,25;0,04125;0,04125;0,07925
16.11.2019 17:00;16.11.2019 18:00;42,47;0,04247;0,04247;0,08047
16.11.2019 18:00;16.11.2019 19:00;42,2;0,0422;0,0422;0,0802
16.11.2019 19:00;16.11.2019 20:00;39,32;0,03932;0,03932;0,07732
16.11.2019 20:00;16.11.2019 21:00;35,37;0,03537;0,03537;0,07337
16.11.2019 21:00;16.11.2019 22:00;34,23;0,03423;0,03423;0,07223
16.11.2019 22:00;16.11.2019 23:00;34,3;0,0343;0,0343;0,0723
16.11.2019 23:00;17.11.2019 00:00;29,73;0,02973;0,02973;0,06773
17.11.2019 00:00;17.11.2019 01:00;29,06;0,02906;0,02906;0,06706
17.11.2019 01:00;17.11.2019 02:00;30,96;0,03096;0,03096;0,06896
17.11.2019 02:00;17.11.2019 03:00;31,59;0,03159;0,03159;0,06959
17.11.2019 03:00;17.11.2019 04:00;32,23;0,03223;0,03223;0,07023
17.11.2019 04:00;17.11.2019 05:00;32,86;0,03286;0,03286;0,07086
17.11.2019 05:00;17.11.2019 06:00;33,75;0,03375;0,03375;0,07175
17.11.2019 06:00;17.11.2019 07:00;32,49;0,03249;0,03249;0,07049
17.11.2019 07:00;17.11.2019 08:00;33,88;0,03388;0,03388;0,07188
17.11.2019 08:00;17.11.2019 09:00;36,85;0,03685;0,03685;0,07485
17.11.2019 09:00;17.11.2019 10:00;38,81;0,03881;0,03881;0,07681
17.11.2019 10:00;17.11.2019 11:00;39,72;0,03972;0,03972;0,07772
17.11.2019 11:00;17.11.2019 12:00;40,76;0,04076;0,04076;0,07876
17.11.2019 12:00;17.11.2019 13:00;40,15;0,04015;0,04015;0,07815
17.11.2019 13:00;17.11.2019 14:00;39,25;0,03925;0,03925;0,07725
17.11.2019 14:00;17.11.2019 15:00;39,06;0,03906;0,03906;0,07706
17.11.2019 15:00;17.11.2019 16:00;39,83;0,03983;0,03983;0,07783
17.11.2019 16:00;17.11.2019 17:00;41,15;0,04115;0,04115;0,07915
17.11.2019 17:00;17.11.2019 18:00;45,44;0,04544;0,04544;0,08344
17.11.2019 18:00;17.11.2019 19:00;43,67;0,04367;0,04367;0,08167
17.11.2019 19:00;17.11.2019 20:00;41,92;0,04192;0,04192;0,07992
17.11.2019 20:00;17.11.2019 21:00;37,18;0,03718;0,03718;0,07518
17.11.2019 21:00;17.11.2019 22:00;35,67;0,03567;0,03567;0,07367
17.11.2019 22:00;17.11.2019 23:00;35,06;0,03506;0,03506;0,07306
17.11.2019 23:00;18.11.2019 00:00;32,3;0,0323;0,0323;0,0703
18.11.2019 00:00;18.11.2019 01:00;24,76;0,02476;0,02476;0,06276
18.11.2019 01:00;18.11.2019 02:00;27,83;0,02783;0,02783;0,06583
18.11.2019 02:00;18.11.2019 03:00;26,31;0,02631;0,02631;0,06431
18.11.2019 03:00;18.11.2019 04:00;28,16;0,02816;0,02816;0,06616
18.11.2019 04:00;18.11.2019 05:00;29,68;0,02968;0,02968;0,06768
18.11.2019 05:00;18.11.2019 06:00;34,22;0,03422;0,03422;0,07222
18.11.2019 06:00;18.11.2019 07:00;41,34;0,04134;0,04134;0,07934
18.11.2019 07:00;18.11.2019 08:00;50,23;0,05023;0,05023;0,08823
18.11.2019 08:00;18.11.2019 09:00;49,86;0,04986;0,04986;0,08786
18.11.2019 09:00;18.11.2019 10:00;49,79;0,04979;0,04979;0,08779
18.11.2019 10:00;18.11.2019 11:00;48,38;0,04838;0,04838;0,08638
18.11.2019 11:00;18.11.2019 12:00;49,79;0,04979;0,04979;0,08779
18.11.2019 12:00;18.11.2019 13:00;48,81;0,04881;0,04881;0,08681
18.11.2019 13:00;18.11.2019 14:00;51,58;0,05158;0,05158;0,08958
18.11.2019 14:00;18.11.2019 15:00;49,8;0,0498;0,0498;0,0878
18.11.2019 15:00;18.11.2019 16:00;52,87;0,05287;0,05287;0,09087
18.11.2019 16:00;18.11.2019 17:00;55;0,055;0,055;0,093
18.11.2019 17:00;18.11.2019 18:00;54,94;0,05494;0,05494;0,09294
18.11.2019 18:00;18.11.2019 19:00;43,67;0,04367;0,04367;0,08167
18.11.2019 19:00;18.11.2019 20:00;41,62;0,04162;0,04162;0,07962
18.11.2019 20:00;18.11.2019 21:00;35,9;0,0359;0,0359;0,0739
18.11.2019 21:00;18.11.2019 22:00;35,28;0,03528;0,03528;0,07328
18.11.2019 22:00;18.11.2019 23:00;33,89;0,03389;0,03389;0,07189
18.11.2019 23:00;19.11.2019 00:00;28,97;0,02897;0,02897;0,06697
19.11.2019 00:00;19.11.2019 01:00;27,75;0,02775;0,02775;0,06575
19.11.2019 01:00;19.11.2019 02:00;27,35;0,02735;0,02735;0,06535
19.11.2019 02:00;19.11.2019 03:00;24,53;0,02453;0,02453;0,06253
19.11.2019 03:00;19.11.2019 04:00;24,29;0,02429;0,02429;0,06229
19.11.2019 04:00;19.11.2019 05:00;27,73;0,02773;0,02773;0,06573
19.11.2019 05:00;19.11.2019 06:00;32,9;0,0329;0,0329;0,0709
19.11.2019 06:00;19.11.2019 07:00;38,36;0,03836;0,03836;0,07636
19.11.2019 07:00;19.11.2019 08:00;43,32;0,04332;0,04332;0,08132
19.11.2019 08:00;19.11.2019 09:00;44,86;0,04486;0,04486;0,08286
19.11.2019 09:00;19.11.2019 10:00;41,99;0,04199;0,04199;0,07999
19.11.2019 10:00;19.11.2019 11:00;41,7;0,0417;0,0417;0,0797
19.11.2019 11:00;19.11.2019 12:00;41,77;0,04177;0,04177;0,07977
19.11.2019 12:00;19.11.2019 13:00;41,96;0,04196;0,04196;0,07996
19.11.2019 13:00;19.11.2019 14:00;47,97;0,04797;0,04797;0,08597
19.11.2019 14:00;19.11.2019 15:00;53,95;0,05395;0,05395;0,09195
19.11.2019 15:00;19.11.2019 16:00;61,81;0,06181;0,06181;0,09981
19.11.2019 16:00;19.11.2019 17:00;70,43;0,07043;0,07043;0,10843
19.11.2019 17:00;19.11.2019 18:00;80,1;0,0801;0,0801;0,1181
19.11.2019 18:00;19.11.2019 19:00;76,09;0,07609;0,07609;0,11409
19.11.2019 19:00;19.11.2019 20:00;71,91;0,07191;0,07191;0,10991
19.11.2019 20:00;19.11.2019 21:00;58,97;0,05897;0,05897;0,09697
19.11.2019 21:00;19.11.2019 22:00;53,1;0,0531;0,0531;0,0911
19.11.2019 22:00;19.11.2019 23:00;43,34;0,04334;0,04334;0,08134
19.11.2019 23:00;20.11.2019 00:00;39,53;0,03953;0,03953;0,07753
20.11.2019 00:00;20.11.2019 01:00;38,77;0,03877;0,03877;0,07677
20.11.2019 01:00;20.11.2019 02:00;39,92;0,03992;0,03992;0,07792
20.11.2019 02:00;20.11.2019 03:00;39,7;0,0397;0,0397;0,0777
20.11.2019 03:00;20.11.2019 04:00;39,73;0,03973;0,03973;0,07773
20.11.2019 04:00;20.11.2019 05:00;39,5;0,0395;0,0395;0,0775
20.11.2019 05:00;20.11.2019 06:00;40,79;0,04079;0,04079;0,07879
20.11.2019 06:00;20.11.2019 07:00;51,77;0,05177;0,05177;0,08977
20.11.2019 07:00;20.11.2019 08:00;60,52;0,06052;0,06052;0,09852
20.11.2019 08:00;20.11.2019 09:00;68,9;0,0689;0,0689;0,1069
20.11.2019 09:00;20.11.2019 10:00;65,93;0,06593;0,06593;0,10393
20.11.2019 10:00;20.11.2019 11:00;61,02;0,06102;0,06102;0,09902
20.11.2019 11:00;20.11.2019 12:00;60,68;0,06068;0,06068;0,09868
20.11.2019 12:00;20.11.2019 13:00;59,12;0,05912;0,05912;0,09712
20.11.2019 13:00;20.11.2019 14:00;59,05;0,05905;0,05905;0,09705
20.11.2019 14:00;20.11.2019 15:00;59,82;0,05982;0,05982;0,09782
20.11.2019 15:00;20.11.2019 16:00;60,69;0,06069;0,06069;0,09869
20.11.2019 16:00;20.11.2019 17:00;63,29;0,06329;0,06329;0,10129
20.11.2019 17:00;20.11.2019 18:00;71,05;0,07105;0,07105;0,10905
20.11.2019 18:00;20.11.2019 19:00;63,5;0,0635;0,0635;0,1015
20.11.2019 19:00;20.11.2019 20:00;55,9;0,0559;0,0559;0,0939
20.11.2019 20:00;20.11.2019 21:00;53,95;0,05395;0,05395;0,09195
20.11.2019 21:00;20.11.2019 22:00;45,11;0,04511;0,04511;0,08311
20.11.2019 22:00;20.11.2019 23:00;40,76;0,04076;0,04076;0,07876
20.11.2019 23:00;21.11.2019 00:00;38,61;0,03861;0,03861;0,07661
21.11.2019 00:00;21.11.2019 01:00;38,62;0,03862;0,03862;0,07662
21.11.2019 01:00;21.11.2019 02:00;37,59;0,03759;0,03759;0,07559
21.11.2019 02:00;21.11.2019 03:00;37,05;0,03705;0,03705;0,07505
21.11.2019 03:00;21.11.2019 04:00;37,67;0,03767;0,03767;0,07567
21.11.2019 04:00;21.11.2019 05:00;38,39;0,03839;0,03839;0,07639
21.11.2019 05:00;21.11.2019 06:00;39,96;0,03996;0,03996;0,07796
21.11.2019 06:00;21.11.2019 07:00;45,59;0,04559;0,04559;0,08359
21.11.2019 07:00;21.11.2019 08:00;57,98;0,05798;0,05798;0,09598
21.11.2019 08:00;21.11.2019 09:00;58,4;0,0584;0,0584;0,0964
21.11.2019 09:00;21.11.2019 10:00;58,93;0,05893;0,05893;0,09693
21.11.2019 10:00;21.11.2019 11:00;59,16;0,05916;0,05916;0,09716
21.11.2019 11:00;21.11.2019 12:00;59,11;0,05911;0,05911;0,09711
21.11.2019 12:00;21.11.2019 13:00;56,28;0,05628;0,05628;0,09428
21.11.2019 13:00;21.11.2019 14:00;58,09;0,05809;0,05809;0,09609
21.11.2019 14:00;21.11.2019 15:00;57,32;0,05732;0,05732;0,09532
21.11.2019 15:00;21.11.2019 16:00;58,13;0,05813;0,05813;0,09613
21.11.2019 16:00;21.11.2019 17:00;59,86;0,05986;0,05986;0,09786
21.11.2019 17:00;21.11.2019 18:00;63,38;0,06338;0,06338;0,10138
21.11.2019 18:00;21.11.2019 19:00;55,58;0,05558;0,05558;0,09358
21.11.2019 19:00;21.11.2019 20:00;53,92;0,05392;0,05392;0,09192
21.11.2019 20:00;21.11.2019 21:00;50,06;0,05006;0,05006;0,08806
21.11.2019 21:00;21.11.2019 22:00;43,77;0,04377;0,04377;0,08177
21.11.2019 22:00;21.11.2019 23:00;40,13;0,04013;0,04013;0,07813
21.11.2019 23:00;22.11.2019 00:00;37,1;0,0371;0,0371;0,0751
22.11.2019 00:00;22.11.2019 01:00;35,3;0,0353;0,0353;0,0733
22.11.2019 01:00;22.11.2019 02:00;34,72;0,03472;0,03472;0,07272
22.11.2019 02:00;22.11.2019 03:00;35,73;0,03573;0,03573;0,07373
22.11.2019 03:00;22.11.2019 04:00;35,94;0,03594;0,03594;0,07394
22.11.2019 04:00;22.11.2019 05:00;35,59;0,03559;0,03559;0,07359
22.11.2019 05:00;22.11.2019 06:00;37,24;0,03724;0,03724;0,07524
22.11.2019 06:00;22.11.2019 07:00;41,22;0,04122;0,04122;0,07922
22.11.2019 07:00;22.11.2019 08:00;52,1;0,0521;0,0521;0,0901
22.11.2019 08:00;22.11.2019 09:00;52,79;0,05279;0,05279;0,09079
22.11.2019 09:00;22.11.2019 10:00;51,44;0,05144;0,05144;0,08944
22.11.2019 10:00;22.11.2019 11:00;50,9;0,0509;0,0509;0,0889
22.11.2019 11:00;22.11.2019 12:00;49,56;0,04956;0,04956;0,08756
22.11.2019 12:00;22.11.2019 13:00;47,87;0,04787;0,04787;0,08587
22.11.2019 13:00;22.11.2019 14:00;47,98;0,04798;0,04798;0,08598
22.11.2019 14:00;22.11.2019 15:00;49,03;0,04903;0,04903;0,08703
22.11.2019 15:00;22.11.2019 16:00;49,5;0,0495;0,0495;0,0875
22.11.2019 16:00;22.11.2019 17:00;49,04;0,04904;0,04904;0,08704
22.11.2019 17:00;22.11.2019 18:00;51,91;0,05191;0,05191;0,08991
22.11.2019 18:00;22.11.2019 19:00;45,75;0,04575;0,04575;0,08375
22.11.2019 19:00;22.11.2019 20:00;40,81;0,04081;0,04081;0,07881
22.11.2019 20:00;22.11.2019 21:00;39,56;0,03956;0,03956;0,07756
22.11.2019 21:00;22.11.2019 22:00;39,27;0,03927;0,03927;0,07727
22.11.2019 22:00;22.11.2019 23:00;38,32;0,03832;0,03832;0,07632
22.11.2019 23:00;23.11.2019 00:00;34,35;0,03435;0,03435;0,07235
23.11.2019 00:00;23.11.2019 01:00;32,31;0,03231;0,03231;0,07031
23.11.2019 01:00;23.11.2019 02:00;26,97;0,02697;0,02697;0,06497
23.11.2019 02:00;23.11.2019 03:00;26,15;0,02615;0,02615;0,06415
23.11.2019 03:00;23.11.2019 04:00;24,44;0,02444;0,02444;0,06244
23.11.2019 04:00;23.11.2019 05:00;22,89;0,02289;0,02289;0,06089
23.11.2019 05:00;23.11.2019 06:00;24,17;0,02417;0,02417;0,06217
23.11.2019 06:00;23.11.2019 07:00;26,47;0,02647;0,02647;0,06447
23.11.2019 07:00;23.11.2019 08:00;28,14;0,02814;0,02814;0,06614
23.11.2019 08:00;23.11.2019 09:00;33,76;0,03376;0,03376;0,07176
23.11.2019 09:00;23.11.2019 10:00;30,44;0,03044;0,03044;0,06844
23.11.2019 10:00;23.11.2019 11:00;30,31;0,03031;0,03031;0,06831
23.11.2019 11:00;23.11.2019 12:00;30,45;0,03045;0,03045;0,06845
23.11.2019 12:00;23.11.2019 13:00;29,9;0,0299;0,0299;0,0679
23.11.2019 13:00;23.11.2019 14:00;30,62;0,03062;0,03062;0,06862
23.11.2019 14:00;23.11.2019 15:00;32,4;0,0324;0,0324;0,0704
23.11.2019 15:00;23.11.2019 16:00;34,25;0,03425;0,03425;0,07225
23.11.2019 16:00;23.11.2019 17:00;39,01;0,03901;0,03901;0,07701
23.11.2019 17:00;23.11.2019 18:00;40,43;0,04043;0,04043;0,07843
23.11.2019 18:00;23.11.2019 19:00;40,02;0,04002;0,04002;0,07802
23.11.2019 19:00;23.11.2019 20:00;35,58;0,03558;0,03558;0,07358
23.11.2019 20:00;23.11.2019 21:00;30,19;0,03019;0,03019;0,06819
23.11.2019 21:00;23.11.2019 22:00;28,18;0,02818;0,02818;0,06618
23.11.2019 22:00;23.11.2019 23:00;29,6;0,0296;0,0296;0,0676
23.11.2019 23:00;24.11.2019 00:00;27,21;0,02721;0,02721;0,06521
24.11.2019 00:00;24.11.2019 01:00;13,15;0,01315;0,01315;0,05115
24.11.2019 01:00;24.11.2019 02:00;19,22;0,01922;0,01922;0,05722
24.11.2019 02:00;24.11.2019 03:00;13,28;0,01328;0,01328;0,05128
24.11.2019 03:00;24.11.2019 04:00;14,89;0,01489;0,01489;0,05289
24.11.2019 04:00;24.11.2019 05:00;10,19;0,01019;0,01019;0,04819
24.11.2019 05:00;24.11.2019 06:00;7,57;0,00757;0,00757;0,04557
24.11.2019 06:00;24.11.2019 07:00;19,09;0,01909;0,01909;0,05709
24.11.2019 07:00;24.11.2019 08:00;25,48;0,02548;0,02548;0,06348
24.11.2019 08:00;24.11.2019 09:00;30,45;0,03045;0,03045;0,06845
24.11.2019 09:00;24.11.2019 10:00;34,31;0,03431;0,03431;0,07231
24.11.2019 10:00;24.11.2019 11:00;37,55;0,03755;0,03755;0,07555
24.11.2019 11:00;24.11.2019 12:00;39,81;0,03981;0,03981;0,07781
24.11.2019 12:00;24.11.2019 13:00;39,81;0,03981;0,03981;0,07781
24.11.2019 13:00;24.11.2019 14:00;39,76;0,03976;0,03976;0,07776
24.11.2019 14:00;24.11.2019 15:00;40,05;0,04005;0,04005;0,07805
24.11.2019 15:00;24.11.2019 16:00;41,68;0,04168;0,04168;0,07968
24.11.2019 16:00;24.11.2019 17:00;45,01;0,04501;0,04501;0,08301
24.11.2019 17:00;24.11.2019 18:00;50;0,05;0,05;0,088
24.11.2019 18:00;24.11.2019 19:00;51,77;0,05177;0,05177;0,08977
24.11.2019 19:00;24.11.2019 20:00;50,11;0,05011;0,05011;0,08811
24.11.2019 20:00;24.11.2019 21:00;49,96;0,04996;0,04996;0,08796
24.11.2019 21:00;24.11.2019 22:00;45,7;0,0457;0,0457;0,0837
24.11.2019 22:00;24.11.2019 23:00;44,64;0,04464;0,04464;0,08264
24.11.2019 23:00;25.11.2019 00:00;39,8;0,0398;0,0398;0,0778
25.11.2019 00:00;25.11.2019 01:00;38,19;0,03819;0,03819;0,07619
25.11.2019 01:00;25.11.2019 02:00;36,3;0,0363;0,0363;0,0743
25.11.2019 02:00;25.11.2019 03:00;36,02;0,03602;0,03602;0,07402
25.11.2019 03:00;25.11.2019 04:00;35,4;0,0354;0,0354;0,0734
25.11.2019 04:00;25.11.2019 05:00;35,38;0,03538;0,03538;0,07338
25.11.2019 05:00;25.11.2019 06:00;37,84;0,03784;0,03784;0,07584
25.11.2019 06:00;25.11.2019 07:00;50;0,05;0,05;0,088
25.11.2019 07:00;25.11.2019 08:00;60,42;0,06042;0,06042;0,09842
25.11.2019 08:00;25.11.2019 09:00;58,37;0,05837;0,05837;0,09637
25.11.2019 09:00;25.11.2019 10:00;58,42;0,05842;0,05842;0,09642
25.11.2019 10:00;25.11.2019 11:00;57,3;0,0573;0,0573;0,0953
25.11.2019 11:00;25.11.2019 12:00;58,26;0,05826;0,05826;0,09626
25.11.2019 12:00;25.11.2019 13:00;58,77;0,05877;0,05877;0,09677
25.11.2019 13:00;25.11.2019 14:00;58,6;0,0586;0,0586;0,0966
25.11.2019 14:00;25.11.2019 15:00;57,05;0,05705;0,05705;0,09505
25.11.2019 15:00;25.11.2019 16:00;59,23;0,05923;0,05923;0,09723
25.11.2019 16:00;25.11.2019 17:00;58,4;0,0584;0,0584;0,0964
25.11.2019 17:00;25.11.2019 18:00;63,45;0,06345;0,06345;0,10145
25.11.2019 18:00;25.11.2019 19:00;59,36;0,05936;0,05936;0,09736
25.11.2019 19:00;25.11.2019 20:00;58,07;0,05807;0,05807;0,09607
25.11.2019 20:00;25.11.2019 21:00;53,93;0,05393;0,05393;0,09193
25.11.2019 21:00;25.11.2019 22:00;50,17;0,05017;0,05017;0,08817
25.11.2019 22:00;25.11.2019 23:00;46,36;0,04636;0,04636;0,08436
25.11.2019 23:00;26.11.2019 00:00;41,58;0,04158;0,04158;0,07958
26.11.2019 00:00;26.11.2019 01:00;39,07;0,03907;0,03907;0,07707
26.11.2019 01:00;26.11.2019 02:00;38,43;0,03843;0,03843;0,07643
26.11.2019 02:00;26.11.2019 03:00;36,2;0,0362;0,0362;0,0742
26.11.2019 03:00;26.11.2019 04:00;35,91;0,03591;0,03591;0,07391
26.11.2019 04:00;26.11.2019 05:00;35,98;0,03598;0,03598;0,07398
26.11.2019 05:00;26.11.2019 06:00;38,01;0,03801;0,03801;0,07601
26.11.2019 06:00;26.11.2019 07:00;45,21;0,04521;0,04521;0,08321
26.11.2019 07:00;26.11.2019 08:00;53,44;0,05344;0,05344;0,09144
26.11.2019 08:00;26.11.2019 09:00;54,79;0,05479;0,05479;0,09279
26.11.2019 09:00;26.11.2019 10:00;54,58;0,05458;0,05458;0,09258
26.11.2019 10:00;26.11.2019 11:00;54,79;0,05479;0,05479;0,09279
26.11.2019 11:00;26.11.2019 12:00;54,05;0,05405;0,05405;0,09205
26.11.2019 12:00;26.11.2019 13:00;52,91;0,05291;0,05291;0,09091
26.11.2019 13:00;26.11.2019 14:00;52,59;0,05259;0,05259;0,09059
26.11.2019 14:00;26.11.2019 15:00;52,99;0,05299;0,05299;0,09099
26.11.2019 15:00;26.11.2019 16:00;52,34;0,05234;0,05234;0,09034
26.11.2019 16:00;26.11.2019 17:00;52,43;0,05243;0,05243;0,09043
26.11.2019 17:00;26.11.2019 18:00;54,55;0,05455;0,05455;0,09255
26.11.2019 18:00;26.11.2019 19:00;54,52;0,05452;0,05452;0,09252
26.11.2019 19:00;26.11.2019 20:00;52,9;0,0529;0,0529;0,0909
26.11.2019 20:00;26.11.2019 21:00;47,51;0,04751;0,04751;0,08551
26.11.2019 21:00;26.11.2019 22:00;43,53;0,04353;0,04353;0,08153
26.11.2019 22:00;26.11.2019 23:00;42,28;0,04228;0,04228;0,08028
26.11.2019 23:00;27.11.2019 00:00;37,74;0,03774;0,03774;0,07574
27.11.2019 00:00;27.11.2019 01:00;36,2;0,0362;0,0362;0,0742
27.11.2019 01:00;27.11.2019 02:00;35,32;0,03532;0,03532;0,07332
27.11.2019 02:00;27.11.2019 03:00;32,84;0,03284;0,03284;0,07084
27.11.2019 03:00;27.11.2019 04:00;30,23;0,03023;0,03023;0,06823
27.11.2019 04:00;27.11.2019 05:00;31,65;0,03165;0,03165;0,06965
27.11.2019 05:00;27.11.2019 06:00;34,8;0,0348;0,0348;0,0728
27.11.2019 06:00;27.11.2019 07:00;41,94;0,04194;0,04194;0,07994
27.11.2019 07:00;27.11.2019 08:00;50,68;0,05068;0,05068;0,08868
27.11.2019 08:00;27.11.2019 09:00;50,54;0,05054;0,05054;0,08854
27.11.2019 09:00;27.11.2019 10:00;46,32;0,04632;0,04632;0,08432
27.11.2019 10:00;27.11.2019 11:00;43,94;0,04394;0,04394;0,08194
27.11.2019 11:00;27.11.2019 12:00;43,93;0,04393;0,04393;0,08193
27.11.2019 12:00;27.11.2019 13:00;44,12;0,04412;0,04412;0,08212
27.11.2019 13:00;27.11.2019 14:00;43,87;0,04387;0,04387;0,08187
27.11.2019 14:00;27.11.2019 15:00;43,21;0,04321;0,04321;0,08121
27.11.2019 15:00;27.11.2019 16:00;43,41;0,04341;0,04341;0,08141
27.11.2019 16:00;27.11.2019 17:00;43,71;0,04371;0,04371;0,08171
27.11.2019 17:00;27.11.2019 18:00;46,6;0,0466;0,0466;0,0846
27.11.2019 18:00;27.11.2019 19:00;43,38;0,04338;0,04338;0,08138
27.11.2019 19:00;27.11.2019 20:00;38,96;0,03896;0,03896;0,07696
27.11.2019 20:00;27.11.2019 21:00;34,47;0,03447;0,03447;0,07247
27.11.2019 21:00;27.11.2019 22:00;33,69;0,03369;0,03369;0,07169
27.11.2019 22:00;27.11.2019 23:00;28,6;0,0286;0,0286;0,0666
27.11.2019 23:00;28.11.2019 00:00;25,58;0,02558;0,02558;0,06358
28.11.2019 00:00;28.11.2019 01:00;25,24;0,02524;0,02524;0,06324
28.11.2019 01:00;28.11.2019 02:00;21,23;0,02123;0,02123;0,05923
28.11.2019 02:00;28.11.2019 03:00;5,32;0,00532;0,00532;0,04332
28.11.2019 03:00;28.11.2019 04:00;1,94;0,00194;0,00194;0,03994
28.11.2019 04:00;28.11.2019 05:00;11,75;0,01175;0,01175;0,04975
28.11.2019 05:00;28.11.2019 06:00;23,53;0,02353;0,02353;0,06153
28.11.2019 06:00;28.11.2019 07:00;29,82;0,02982;0,02982;0,06782
28.11.2019 07:00;28.11.2019 08:00;34,14;0,03414;0,03414;0,07214
28.11.2019 08:00;28.11.2019 09:00;40,38;0,04038;0,04038;0,07838
28.11.2019 09:00;28.11.2019 10:00;39,34;0,03934;0,03934;0,07734
28.11.2019 10:00;28.11.2019 11:00;38,52;0,03852;0,03852;0,07652
28.11.2019 11:00;28.11.2019 12:00;38,16;0,03816;0,03816;0,07616
28.11.2019 12:00;28.11.2019 13:00;35,44;0,03544;0,03544;0,07344
28.11.2019 13:00;28.11.2019 14:00;35,24;0,03524;0,03524;0,07324
28.11.2019 14:00;28.11.2019 15:00;35,7;0,0357;0,0357;0,0737
28.11.2019 15:00;28.11.2019 16:00;36,23;0,03623;0,03623;0,07423
28.11.2019 16:00;28.11.2019 17:00;38,05;0,03805;0,03805;0,07605
28.11.2019 17:00;28.11.2019 18:00;40,43;0,04043;0,04043;0,07843
28.11.2019 18:00;28.11.2019 19:00;40,58;0,04058;0,04058;0,07858
28.11.2019 19:00;28.11.2019 20:00;39,95;0,03995;0,03995;0,07795
28.11.2019 20:00;28.11.2019 21:00;36,16;0,03616;0,03616;0,07416
28.11.2019 21:00;28.11.2019 22:00;30,9;0,0309;0,0309;0,0689
28.11.2019 22:00;28.11.2019 23:00;28,46;0,02846;0,02846;0,06646
28.11.2019 23:00;29.11.2019 00:00;25,17;0,02517;0,02517;0,06317
29.11.2019 00:00;29.11.2019 01:00;23,95;0,02395;0,02395;0,06195
29.11.2019 01:00;29.11.2019 02:00;21,27;0,02127;0,02127;0,05927
29.11.2019 02:00;29.11.2019 03:00;11,79;0,01179;0,01179;0,04979
29.11.2019 03:00;29.11.2019 04:00;14,2;0,0142;0,0142;0,0522
29.11.2019 04:00;29.11.2019 05:00;27,56;0,02756;0,02756;0,06556
29.11.2019 05:00;29.11.2019 06:00;27,5;0,0275;0,0275;0,0655
29.11.2019 06:00;29.11.2019 07:00;39,86;0,03986;0,03986;0,07786
29.11.2019 07:00;29.11.2019 08:00;45,08;0,04508;0,04508;0,08308
29.11.2019 08:00;29.11.2019 09:00;45,89;0,04589;0,04589;0,08389
29.11.2019 09:00;29.11.2019 10:00;42,69;0,04269;0,04269;0,08069
29.11.2019 10:00;29.11.2019 11:00;42,42;0,04242;0,04242;0,08042
29.11.2019 11:00;29.11.2019 12:00;42,29;0,04229;0,04229;0,08029
29.11.2019 12:00;29.11.2019 13:00;41,65;0,04165;0,04165;0,07965
29.11.2019 13:00;29.11.2019 14:00;42,22;0,04222;0,04222;0,08022
29.11.2019 14:00;29.11.2019 15:00;47,91;0,04791;0,04791;0,08591
29.11.2019 15:00;29.11.2019 16:00;51,04;0,05104;0,05104;0,08904
29.11.2019 16:00;29.11.2019 17:00;52,14;0,05214;0,05214;0,09014
29.11.2019 17:00;29.11.2019 18:00;54,05;0,05405;0,05405;0,09205
29.11.2019 18:00;29.11.2019 19:00;55,36;0,05536;0,05536;0,09336
29.11.2019 19:00;29.11.2019 20:00;53,11;0,05311;0,05311;0,09111
29.11.2019 20:00;29.11.2019 21:00;52,01;0,05201;0,05201;0,09001
29.11.2019 21:00;29.11.2019 22:00;46,44;0,04644;0,04644;0,08444
29.11.2019 22:00;29.11.2019 23:00;42,24;0,04224;0,04224;0,08024
29.11.2019 23:00;30.11.2019 00:00;39,28;0,03928;0,03928;0,07728
30.11.2019 00:00;30.11.2019 01:00;36,29;0,03629;0,03629;0,07429
30.11.2019 01:00;30.11.2019 02:00;35,96;0,03596;0,03596;0,07396
30.11.2019 02:00;30.11.2019 03:00;35,99;0,03599;0,03599;0,07399
30.11.2019 03:00;30.11.2019 04:00;35,39;0,03539;0,03539;0,07339
30.11.2019 04:00;30.11.2019 05:00;35,39;0,03539;0,03539;0,07339
30.11.2019 05:00;30.11.2019 06:00;36,03;0,03603;0,03603;0,07403
30.11.2019 06:00;30.11.2019 07:00;36,56;0,03656;0,03656;0,07456
30.11.2019 07:00;30.11.2019 08:00;39,07;0,03907;0,03907;0,07707
30.11.2019 08:00;30.11.2019 09:00;42,29;0,04229;0,04229;0,08029
30.11.2019 09:00;30.11.2019 10:00;45,35;0,04535;0,04535;0,08335
30.11.2019 10:00;30.11.2019 11:00;44;0,044;0,044;0,082
30.11.2019 11:00;30.11.2019 12:00;42,7;0,0427;0,0427;0,0807
30.11.2019 12:00;30.11.2019 13:00;41,5;0,0415;0,0415;0,0795
30.11.2019 13:00;30.11.2019 14:00;40,77;0,04077;0,04077;0,07877
30.11.2019 14:00;30.11.2019 15:00;41,14;0,04114;0,04114;0,07914
30.11.2019 15:00;30.11.2019 16:00;43,02;0,04302;0,04302;0,08102
30.11.2019 16:00;30.11.2019 17:00;48,99;0,04899;0,04899;0,08699
30.11.2019 17:00;30.11.2019 18:00;52,9;0,0529;0,0529;0,0909
30.11.2019 18:00;30.11.2019 19:00;53,1;0,0531;0,0531;0,0911
30.11.2019 19:00;30.11.2019 20:00;50,01;0,05001;0,05001;0,08801
30.11.2019 20:00;30.11.2019 21:00;47,35;0,04735;0,04735;0,08535
30.11.2019 21:00;30.11.2019 22:00;42,42;0,04242;0,04242;0,08042
30.11.2019 22:00;30.11.2019 23:00;41,94;0,04194;0,04194;0,07994
30.11.2019 23:00;01.12.2019 00:00;40,13;0,04013;0,04013;0,07813
01.12.2019 00:00;01.12.2019 01:00;38,55;0,03855;0,03855;0,07655
01.12.2019 01:00;01.12.2019 02:00;37,07;0,03707;0,03707;0,07507
01.12.2019 02:00;01.12.2019 03:00;36,26;0,03626;0,03626;0,07426
01.12.2019 03:00;01.12.2019 04:00;35,93;0,03593;0,03593;0,07393
01.12.2019 04:00;01.12.2019 05:00;35,86;0,03586;0,03586;0,07386
01.12.2019 05:00;01.12.2019 06:00;35,92;0,03592;0,03592;0,07392
01.12.2019 06:00;01.12.2019 07:00;36,13;0,03613;0,03613;0,07413
01.12.2019 07:00;01.12.2019 08:00;37,04;0,03704;0,03704;0,07504
01.12.2019 08:00;01.12.2019 09:00;38,74;0,03874;0,03874;0,07674
01.12.2019 09:00;01.12.2019 10:00;42,12;0,04212;0,04212;0,08012
01.12.2019 10:00;01.12.2019 11:00;44,77;0,04477;0,04477;0,08277
01.12.2019 11:00;01.12.2019 12:00;48;0,048;0,048;0,086
01.12.2019 12:00;01.12.2019 13:00;48,15;0,04815;0,04815;0,08615
01.12.2019 13:00;01.12.2019 14:00;45,76;0,04576;0,04576;0,08376
01.12.2019 14:00;01.12.2019 15:00;44,7;0,0447;0,0447;0,0827
01.12.2019 15:00;01.12.2019 16:00;44,98;0,04498;0,04498;0,08298
01.12.2019 16:00;01.12.2019 17:00;47,79;0,04779;0,04779;0,08579
01.12.2019 17:00;01.12.2019 18:00;50,45;0,05045;0,05045;0,08845
01.12.2019 18:00;01.12.2019 19:00;52,4;0,0524;0,0524;0,0904
01.12.2019 19:00;01.12.2019 20:00;50,64;0,05064;0,05064;0,08864
01.12.2019 20:00;01.12.2019 21:00;46,84;0,04684;0,04684;0,08484
01.12.2019 21:00;01.12.2019 22:00;42,92;0,04292;0,04292;0,08092
01.12.2019 22:00;01.12.2019 23:00;39,9;0,0399;0,0399;0,0779
01.12.2019 23:00;02.12.2019 00:00;37,83;0,03783;0,03783;0,07583
02.12.2019 00:00;02.12.2019 01:00;36,03;0,03603;0,03603;0,07403
02.12.2019 01:00;02.12.2019 02:00;36,93;0,03693;0,03693;0,07493
02.12.2019 02:00;02.12.2019 03:00;35,4;0,0354;0,0354;0,0734
02.12.2019 03:00;02.12.2019 04:00;34,46;0,03446;0,03446;0,07246
02.12.2019 04:00;02.12.2019 05:00;35,4;0,0354;0,0354;0,0734
02.12.2019 05:00;02.12.2019 06:00;36,3;0,0363;0,0363;0,0743
02.12.2019 06:00;02.12.2019 07:00;44,84;0,04484;0,04484;0,08284
02.12.2019 07:00;02.12.2019 08:00;52,97;0,05297;0,05297;0,09097
02.12.2019 08:00;02.12.2019 09:00;54,58;0,05458;0,05458;0,09258
02.12.2019 09:00;02.12.2019 10:00;54,09;0,05409;0,05409;0,09209
02.12.2019 10:00;02.12.2019 11:00;45,9;0,0459;0,0459;0,0839
02.12.2019 11:00;02.12.2019 12:00;43,59;0,04359;0,04359;0,08159
02.12.2019 12:00;02.12.2019 13:00;41,96;0,04196;0,04196;0,07996
02.12.2019 13:00;02.12.2019 14:00;42,87;0,04287;0,04287;0,08087
02.12.2019 14:00;02.12.2019 15:00;49;0,049;0,049;0,087
02.12.2019 15:00;02.12.2019 16:00;52,95;0,05295;0,05295;0,09095
02.12.2019 16:00;02.12.2019 17:00;53,93;0,05393;0,05393;0,09193
02.12.2019 17:00;02.12.2019 18:00;57,23;0,05723;0,05723;0,09523
02.12.2019 18:00;02.12.2019 19:00;55,18;0,05518;0,05518;0,09318
02.12.2019 19:00;02.12.2019 20:00;55,5;0,0555;0,0555;0,0935
02.12.2019 20:00;02.12.2019 21:00;54,43;0,05443;0,05443;0,09243
02.12.2019 21:00;02.12.2019 22:00;49,33;0,04933;0,04933;0,08733
02.12.2019 22:00;02.12.2019 23:00;44,89;0,04489;0,04489;0,08289
02.12.2019 23:00;03.12.2019 00:00;40,58;0,04058;0,04058;0,07858
03.12.2019 00:00;03.12.2019 01:00;40,19;0,04019;0,04019;0,07819
03.12.2019 01:00;03.12.2019 02:00;39,74;0,03974;0,03974;0,07774
03.12.2019 02:00;03.12.2019 03:00;39,5;0,0395;0,0395;0,0775
03.12.2019 03:00;03.12.2019 04:00;38,5;0,0385;0,0385;0,0765
03.12.2019 04:00;03.12.2019 05:00;39,49;0,03949;0,03949;0,07749
03.12.2019 05:00;03.12.2019 06:00;42,81;0,04281;0,04281;0,08081
03.12.2019 06:00;03.12.2019 07:00;55,07;0,05507;0,05507;0,09307
03.12.2019 07:00;03.12.2019 08:00;67,28;0,06728;0,06728;0,10528
03.12.2019 08:00;03.12.2019 09:00;76,47;0,07647;0,07647;0,11447
03.12.2019 09:00;03.12.2019 10:00;71;0,071;0,071;0,109
03.12.2019 10:00;03.12.2019 11:00;60,49;0,06049;0,06049;0,09849
03.12.2019 11:00;03.12.2019 12:00;59,31;0,05931;0,05931;0,09731
03.12.2019 12:00;03.12.2019 13:00;55,24;0,05524;0,05524;0,09324
03.12.2019 13:00;03.12.2019 14:00;54,5;0,0545;0,0545;0,0925
03.12.2019 14:00;03.12.2019 15:00;56,86;0,05686;0,05686;0,09486
03.12.2019 15:00;03.12.2019 16:00;57,9;0,0579;0,0579;0,0959
03.12.2019 16:00;03.12.2019 17:00;60;0,06;0,06;0,098
03.12.2019 17:00;03.12.2019 18:00;61,8;0,0618;0,0618;0,0998
03.12.2019 18:00;03.12.2019 19:00;49,76;0,04976;0,04976;0,08776
03.12.2019 19:00;03.12.2019 20:00;47,32;0,04732;0,04732;0,08532
03.12.2019 20:00;03.12.2019 21:00;42,32;0,04232;0,04232;0,08032
03.12.2019 21:00;03.12.2019 22:00;40,67;0,04067;0,04067;0,07867
03.12.2019 22:00;03.12.2019 23:00;39,27;0,03927;0,03927;0,07727
03.12.2019 23:00;04.12.2019 00:00;37,05;0,03705;0,03705;0,07505
04.12.2019 00:00;04.12.2019 01:00;35;0,035;0,035;0,073
04.12.2019 01:00;04.12.2019 02:00;35;0,035;0,035;0,073
04.12.2019 02:00;04.12.2019 03:00;35,24;0,03524;0,03524;0,07324
04.12.2019 03:00;04.12.2019 04:00;35,58;0,03558;0,03558;0,07358
04.12.2019 04:00;04.12.2019 05:00;36,87;0,03687;0,03687;0,07487
04.12.2019 05:00;04.12.2019 06:00;37,51;0,03751;0,03751;0,07551
04.12.2019 06:00;04.12.2019 07:00;42,69;0,04269;0,04269;0,08069
04.12.2019 07:00;04.12.2019 08:00;53,4;0,0534;0,0534;0,0914
04.12.2019 08:00;04.12.2019 09:00;54,76;0,05476;0,05476;0,09276
04.12.2019 09:00;04.12.2019 10:00;51,47;0,05147;0,05147;0,08947
04.12.2019 10:00;04.12.2019 11:00;46,34;0,04634;0,04634;0,08434
04.12.2019 11:00;04.12.2019 12:00;44,99;0,04499;0,04499;0,08299
04.12.2019 12:00;04.12.2019 13:00;43,81;0,04381;0,04381;0,08181
04.12.2019 13:00;04.12.2019 14:00;47,99;0,04799;0,04799;0,08599
04.12.2019 14:00;04.12.2019 15:00;55,01;0,05501;0,05501;0,09301
04.12.2019 15:00;04.12.2019 16:00;58,3;0,0583;0,0583;0,0963
04.12.2019 16:00;04.12.2019 17:00;62,69;0,06269;0,06269;0,10069
04.12.2019 17:00;04.12.2019 18:00;70,6;0,0706;0,0706;0,1086
04.12.2019 18:00;04.12.2019 19:00;60,06;0,06006;0,06006;0,09806
04.12.2019 19:00;04.12.2019 20:00;60,1;0,0601;0,0601;0,0981
04.12.2019 20:00;04.12.2019 21:00;52,93;0,05293;0,05293;0,09093
04.12.2019 21:00;04.12.2019 22:00;49,5;0,0495;0,0495;0,0875
04.12.2019 22:00;04.12.2019 23:00;41,7;0,0417;0,0417;0,0797
04.12.2019 23:00;05.12.2019 00:00;39,1;0,0391;0,0391;0,0771
05.12.2019 00:00;05.12.2019 01:00;36,16;0,03616;0,03616;0,07416
05.12.2019 01:00;05.12.2019 02:00;35,73;0,03573;0,03573;0,07373
05.12.2019 02:00;05.12.2019 03:00;35,86;0,03586;0,03586;0,07386
05.12.2019 03:00;05.12.2019 04:00;35,75;0,03575;0,03575;0,07375
05.12.2019 04:00;05.12.2019 05:00;35,56;0,03556;0,03556;0,07356
05.12.2019 05:00;05.12.2019 06:00;36,14;0,03614;0,03614;0,07414
05.12.2019 06:00;05.12.2019 07:00;42,22;0,04222;0,04222;0,08022
05.12.2019 07:00;05.12.2019 08:00;59,59;0,05959;0,05959;0,09759
05.12.2019 08:00;05.12.2019 09:00;58,29;0,05829;0,05829;0,09629
05.12.2019 09:00;05.12.2019 10:00;51,23;0,05123;0,05123;0,08923
05.12.2019 10:00;05.12.2019 11:00;46,15;0,04615;0,04615;0,08415
05.12.2019 11:00;05.12.2019 12:00;41,87;0,04187;0,04187;0,07987
05.12.2019 12:00;05.12.2019 13:00;41,61;0,04161;0,04161;0,07961
05.12.2019 13:00;05.12.2019 14:00;41,52;0,04152;0,04152;0,07952
05.12.2019 14:00;05.12.2019 15:00;46,95;0,04695;0,04695;0,08495
05.12.2019 15:00;05.12.2019 16:00;50,41;0,05041;0,05041;0,08841
05.12.2019 16:00;05.12.2019 17:00;51,47;0,05147;0,05147;0,08947
05.12.2019 17:00;05.12.2019 18:00;46,63;0,04663;0,04663;0,08463
05.12.2019 18:00;05.12.2019 19:00;43,44;0,04344;0,04344;0,08144
05.12.2019 19:00;05.12.2019 20:00;38,15;0,03815;0,03815;0,07615
05.12.2019 20:00;05.12.2019 21:00;36,24;0,03624;0,03624;0,07424
05.12.2019 21:00;05.12.2019 22:00;34,89;0,03489;0,03489;0,07289
05.12.2019 22:00;05.12.2019 23:00;32,79;0,03279;0,03279;0,07079
05.12.2019 23:00;06.12.2019 00:00;24,94;0,02494;0,02494;0,06294
06.12.2019 00:00;06.12.2019 01:00;25,18;0,02518;0,02518;0,06318
06.12.2019 01:00;06.12.2019 02:00;25,03;0,02503;0,02503;0,06303
06.12.2019 02:00;06.12.2019 03:00;18,77;0,01877;0,01877;0,05677
06.12.2019 03:00;06.12.2019 04:00;13,6;0,0136;0,0136;0,0516
06.12.2019 04:00;06.12.2019 05:00;19,14;0,01914;0,01914;0,05714
06.12.2019 05:00;06.12.2019 06:00;25,16;0,02516;0,02516;0,06316
06.12.2019 06:00;06.12.2019 07:00;30,67;0,03067;0,03067;0,06867
06.12.2019 07:00;06.12.2019 08:00;38,86;0,03886;0,03886;0,07686
06.12.2019 08:00;06.12.2019 09:00;40,25;0,04025;0,04025;0,07825
06.12.2019 09:00;06.12.2019 10:00;37,96;0,03796;0,03796;0,07596
06.12.2019 10:00;06.12.2019 11:00;38,92;0,03892;0,03892;0,07692
06.12.2019 11:00;06.12.2019 12:00;38,9;0,0389;0,0389;0,0769
06.12.2019 12:00;06.12.2019 13:00;37,08;0,03708;0,03708;0,07508
06.12.2019 13:00;06.12.2019 14:00;37,79;0,03779;0,03779;0,07579
06.12.2019 14:00;06.12.2019 15:00;37,6;0,0376;0,0376;0,0756
06.12.2019 15:00;06.12.2019 16:00;35,36;0,03536;0,03536;0,07336
06.12.2019 16:00;06.12.2019 17:00;39,4;0,0394;0,0394;0,0774
06.12.2019 17:00;06.12.2019 18:00;40,07;0,04007;0,04007;0,07807
06.12.2019 18:00;06.12.2019 19:00;37,8;0,0378;0,0378;0,0758
06.12.2019 19:00;06.12.2019 20:00;32,82;0,03282;0,03282;0,07082
06.12.2019 20:00;06.12.2019 21:00;28,09;0,02809;0,02809;0,06609
06.12.2019 21:00;06.12.2019 22:00;26,03;0,02603;0,02603;0,06403
06.12.2019 22:00;06.12.2019 23:00;25,81;0,02581;0,02581;0,06381
06.12.2019 23:00;07.12.2019 00:00;16,1;0,0161;0,0161;0,0541
07.12.2019 00:00;07.12.2019 01:00;14,55;0,01455;0,01455;0,05255
07.12.2019 01:00;07.12.2019 02:00;4,16;0,00416;0,00416;0,04216
07.12.2019 02:00;07.12.2019 03:00;0,06;0,00006;0,00006;0,03806
07.12.2019 03:00;07.12.2019 04:00;-4,97;-0,00497;0,00497;0,03303
07.12.2019 04:00;07.12.2019 05:00;-7,17;-0,00717;0,00717;0,03083
07.12.2019 05:00;07.12.2019 06:00;0,07;0,00007;0,00007;0,03807
07.12.2019 06:00;07.12.2019 07:00;-2,44;-0,00244;0,00244;0,03556
07.12.2019 07:00;07.12.2019 08:00;25,63;0,02563;0,02563;0,06363
07.12.2019 08:00;07.12.2019 09:00;27,39;0,02739;0,02739;0,06539
07.12.2019 09:00;07.12.2019 10:00;34,18;0,03418;0,03418;0,07218
07.12.2019 10:00;07.12.2019 11:00;33,57;0,03357;0,03357;0,07157
07.12.2019 11:00;07.12.2019 12:00;36,5;0,0365;0,0365;0,0745
07.12.2019 12:00;07.12.2019 13:00;35,01;0,03501;0,03501;0,07301
07.12.2019 13:00;07.12.2019 14:00;33,07;0,03307;0,03307;0,07107
07.12.2019 14:00;07.12.2019 15:00;35,37;0,03537;0,03537;0,07337
07.12.2019 15:00;07.12.2019 16:00;38,03;0,03803;0,03803;0,07603
07.12.2019 16:00;07.12.2019 17:00;39,04;0,03904;0,03904;0,07704
07.12.2019 17:00;07.12.2019 18:00;41,29;0,04129;0,04129;0,07929
07.12.2019 18:00;07.12.2019 19:00;42,68;0,04268;0,04268;0,08068
07.12.2019 19:00;07.12.2019 20:00;39,97;0,03997;0,03997;0,07797
07.12.2019 20:00;07.12.2019 21:00;35,17;0,03517;0,03517;0,07317
07.12.2019 21:00;07.12.2019 22:00;34,21;0,03421;0,03421;0,07221
07.12.2019 22:00;07.12.2019 23:00;33,81;0,03381;0,03381;0,07181
07.12.2019 23:00;08.12.2019 00:00;28,72;0,02872;0,02872;0,06672
08.12.2019 00:00;08.12.2019 01:00;1,34;0,00134;0,00134;0,03934
08.12.2019 01:00;08.12.2019 02:00;-0,26;-0,00026;0,00026;0,03774
08.12.2019 02:00;08.12.2019 03:00;-11,71;-0,01171;0,01171;0,02629
08.12.2019 03:00;08.12.2019 04:00;-14,72;-0,01472;0,01472;0,02328
08.12.2019 04:00;08.12.2019 05:00;-39,98;-0,03998;0,03998;-0,00198
08.12.2019 05:00;08.12.2019 06:00;-49,91;-0,04991;0,04991;-0,01191
08.12.2019 06:00;08.12.2019 07:00;-50,43;-0,05043;0,05043;-0,01243
08.12.2019 07:00;08.12.2019 08:00;-49,95;-0,04995;0,04995;-0,01195
08.12.2019 08:00;08.12.2019 09:00;-49,91;-0,04991;0,04991;-0,01191
08.12.2019 09:00;08.12.2019 10:00;-49,92;-0,04992;0,04992;-0,01192
08.12.2019 10:00;08.12.2019 11:00;-49,98;-0,04998;0,04998;-0,01198
08.12.2019 11:00;08.12.2019 12:00;-35,34;-0,03534;0,03534;0,00266
08.12.2019 12:00;08.12.2019 13:00;-22,41;-0,02241;0,02241;0,01559
08.12.2019 13:00;08.12.2019 14:00;-2,01;-0,00201;0,00201;0,03599
08.12.2019 14:00;08.12.2019 15:00;-0,08;-0,00008;0,00008;0,03792
08.12.2019 15:00;08.12.2019 16:00;0,35;0,00035;0,00035;0,03835
08.12.2019 16:00;08.12.2019 17:00;4,13;0,00413;0,00413;0,04213
08.12.2019 17:00;08.12.2019 18:00;15,23;0,01523;0,01523;0,05323
08.12.2019 18:00;08.12.2019 19:00;14;0,014;0,014;0,052
08.12.2019 19:00;08.12.2019 20:00;12,08;0,01208;0,01208;0,05008
08.12.2019 20:00;08.12.2019 21:00;0,44;0,00044;0,00044;0,03844
08.12.2019 21:00;08.12.2019 22:00;0,07;0,00007;0,00007;0,03807
08.12.2019 22:00;08.12.2019 23:00;0,49;0,00049;0,00049;0,03849
08.12.2019 23:00;09.12.2019 00:00;-14,72;-0,01472;0,01472;0,02328
09.12.2019 00:00;09.12.2019 01:00;-11,1;-0,0111;0,0111;0,0269
09.12.2019 01:00;09.12.2019 02:00;-15,1;-0,0151;0,0151;0,0229
09.12.2019 02:00;09.12.2019 03:00;-16,09;-0,01609;0,01609;0,02191
09.12.2019 03:00;09.12.2019 04:00;-14,99;-0,01499;0,01499;0,02301
09.12.2019 04:00;09.12.2019 05:00;-12,76;-0,01276;0,01276;0,02524
09.12.2019 05:00;09.12.2019 06:00;-5,85;-0,00585;0,00585;0,03215
09.12.2019 06:00;09.12.2019 07:00;27,23;0,02723;0,02723;0,06523
09.12.2019 07:00;09.12.2019 08:00;38,57;0,03857;0,03857;0,07657
09.12.2019 08:00;09.12.2019 09:00;39,99;0,03999;0,03999;0,07799
09.12.2019 09:00;09.12.2019 10:00;39,77;0,03977;0,03977;0,07777
09.12.2019 10:00;09.12.2019 11:00;39,58;0,03958;0,03958;0,07758
09.12.2019 11:00;09.12.2019 12:00;39,73;0,03973;0,03973;0,07773
09.12.2019 12:00;09.12.2019 13:00;39,91;0,03991;0,03991;0,07791
09.12.2019 13:00;09.12.2019 14:00;39,93;0,03993;0,03993;0,07793
09.12.2019 14:00;09.12.2019 15:00;39,97;0,03997;0,03997;0,07797
09.12.2019 15:00;09.12.2019 16:00;39,58;0,03958;0,03958;0,07758
09.12.2019 16:00;09.12.2019 17:00;40,17;0,04017;0,04017;0,07817
09.12.2019 17:00;09.12.2019 18:00;40,68;0,04068;0,04068;0,07868
09.12.2019 18:00;09.12.2019 19:00;39,22;0,03922;0,03922;0,07722
09.12.2019 19:00;09.12.2019 20:00;37,95;0,03795;0,03795;0,07595
09.12.2019 20:00;09.12.2019 21:00;29,1;0,0291;0,0291;0,0671
09.12.2019 21:00;09.12.2019 22:00;25,89;0,02589;0,02589;0,06389
09.12.2019 22:00;09.12.2019 23:00;25,31;0,02531;0,02531;0,06331
09.12.2019 23:00;10.12.2019 00:00;14,08;0,01408;0,01408;0,05208
10.12.2019 00:00;10.12.2019 01:00;26,02;0,02602;0,02602;0,06402
10.12.2019 01:00;10.12.2019 02:00;25,74;0,02574;0,02574;0,06374
10.12.2019 02:00;10.12.2019 03:00;25,85;0,02585;0,02585;0,06385
10.12.2019 03:00;10.12.2019 04:00;28,53;0,02853;0,02853;0,06653
10.12.2019 04:00;10.12.2019 05:00;30,99;0,03099;0,03099;0,06899
10.12.2019 05:00;10.12.2019 06:00;35,51;0,03551;0,03551;0,07351
10.12.2019 06:00;10.12.2019 07:00;46,11;0,04611;0,04611;0,08411
10.12.2019 07:00;10.12.2019 08:00;53,1;0,0531;0,0531;0,0911
10.12.2019 08:00;10.12.2019 09:00;56,38;0,05638;0,05638;0,09438
10.12.2019 09:00;10.12.2019 10:00;54,93;0,05493;0,05493;0,09293
10.12.2019 10:00;10.12.2019 11:00;51;0,051;0,051;0,089
10.12.2019 11:00;10.12.2019 12:00;49,9;0,0499;0,0499;0,0879
10.12.2019 12:00;10.12.2019 13:00;47,34;0,04734;0,04734;0,08534
10.12.2019 13:00;10.12.2019 14:00;46,99;0,04699;0,04699;0,08499
10.12.2019 14:00;10.12.2019 15:00;46,87;0,04687;0,04687;0,08487
10.12.2019 15:00;10.12.2019 16:00;46,55;0,04655;0,04655;0,08455
10.12.2019 16:00;10.12.2019 17:00;45,41;0,04541;0,04541;0,08341
10.12.2019 17:00;10.12.2019 18:00;48,96;0,04896;0,04896;0,08696
10.12.2019 18:00;10.12.2019 19:00;39,84;0,03984;0,03984;0,07784
10.12.2019 19:00;10.12.2019 20:00;36,3;0,0363;0,0363;0,0743
10.12.2019 20:00;10.12.2019 21:00;35,22;0,03522;0,03522;0,07322
10.12.2019 21:00;10.12.2019 22:00;33,02;0,03302;0,03302;0,07102
10.12.2019 22:00;10.12.2019 23:00;29,78;0,02978;0,02978;0,06778
10.12.2019 23:00;11.12.2019 00:00;23,83;0,02383;0,02383;0,06183
11.12.2019 00:00;11.12.2019 01:00;17,85;0,01785;0,01785;0,05585
11.12.2019 01:00;11.12.2019 02:00;2,4;0,0024;0,0024;0,0404
11.12.2019 02:00;11.12.2019 03:00;0,09;0,00009;0,00009;0,03809
11.12.2019 03:00;11.12.2019 04:00;0,34;0,00034;0,00034;0,03834
11.12.2019 04:00;11.12.2019 05:00;20,57;0,02057;0,02057;0,05857
11.12.2019 05:00;11.12.2019 06:00;25,92;0,02592;0,02592;0,06392
11.12.2019 06:00;11.12.2019 07:00;32,31;0,03231;0,03231;0,07031
11.12.2019 07:00;11.12.2019 08:00;37,92;0,03792;0,03792;0,07592
11.12.2019 08:00;11.12.2019 09:00;40,95;0,04095;0,04095;0,07895
11.12.2019 09:00;11.12.2019 10:00;41,9;0,0419;0,0419;0,0799
11.12.2019 10:00;11.12.2019 11:00;44,15;0,04415;0,04415;0,08215
11.12.2019 11:00;11.12.2019 12:00;50,4;0,0504;0,0504;0,0884
11.12.2019 12:00;11.12.2019 13:00;50,6;0,0506;0,0506;0,0886
11.12.2019 13:00;11.12.2019 14:00;51,82;0,05182;0,05182;0,08982
11.12.2019 14:00;11.12.2019 15:00;51,29;0,05129;0,05129;0,08929
11.12.2019 15:00;11.12.2019 16:00;51,79;0,05179;0,05179;0,08979
11.12.2019 16:00;11.12.2019 17:00;52,86;0,05286;0,05286;0,09086
11.12.2019 17:00;11.12.2019 18:00;60,23;0,06023;0,06023;0,09823
11.12.2019 18:00;11.12.2019 19:00;56,36;0,05636;0,05636;0,09436
11.12.2019 19:00;11.12.2019 20:00;53,61;0,05361;0,05361;0,09161
11.12.2019 20:00;11.12.2019 21:00;48,3;0,0483;0,0483;0,0863
11.12.2019 21:00;11.12.2019 22:00;44,7;0,0447;0,0447;0,0827
11.12.2019 22:00;11.12.2019 23:00;41,34;0,04134;0,04134;0,07934
11.12.2019 23:00;12.12.2019 00:00;37,17;0,03717;0,03717;0,07517
12.12.2019 00:00;12.12.2019 01:00;37;0,037;0,037;0,075
12.12.2019 01:00;12.12.2019 02:00;35,83;0,03583;0,03583;0,07383
12.12.2019 02:00;12.12.2019 03:00;35,02;0,03502;0,03502;0,07302
12.12.2019 03:00;12.12.2019 04:00;34,65;0,03465;0,03465;0,07265
12.12.2019 04:00;12.12.2019 05:00;35,18;0,03518;0,03518;0,07318
12.12.2019 05:00;12.12.2019 06:00;36,98;0,03698;0,03698;0,07498
12.12.2019 06:00;12.12.2019 07:00;49;0,049;0,049;0,087
12.12.2019 07:00;12.12.2019 08:00;57,64;0,05764;0,05764;0,09564
12.12.2019 08:00;12.12.2019 09:00;61,6;0,0616;0,0616;0,0996
12.12.2019 09:00;12.12.2019 10:00;60,1;0,0601;0,0601;0,0981
12.12.2019 10:00;12.12.2019 11:00;54;0,054;0,054;0,092
12.12.2019 11:00;12.12.2019 12:00;49,69;0,04969;0,04969;0,08769
12.12.2019 12:00;12.12.2019 13:00;49;0,049;0,049;0,087
12.12.2019 13:00;12.12.2019 14:00;47,01;0,04701;0,04701;0,08501
12.12.2019 14:00;12.12.2019 15:00;47,19;0,04719;0,04719;0,08519
12.12.2019 15:00;12.12.2019 16:00;48,88;0,04888;0,04888;0,08688
12.12.2019 16:00;12.12.2019 17:00;47,76;0,04776;0,04776;0,08576
12.12.2019 17:00;12.12.2019 18:00;52,13;0,05213;0,05213;0,09013
12.12.2019 18:00;12.12.2019 19:00;47,05;0,04705;0,04705;0,08505
12.12.2019 19:00;12.12.2019 20:00;41,16;0,04116;0,04116;0,07916
12.12.2019 20:00;12.12.2019 21:00;38,48;0,03848;0,03848;0,07648
12.12.2019 21:00;12.12.2019 22:00;36,13;0,03613;0,03613;0,07413
12.12.2019 22:00;12.12.2019 23:00;35,07;0,03507;0,03507;0,07307
12.12.2019 23:00;13.12.2019 00:00;34,27;0,03427;0,03427;0,07227
13.12.2019 00:00;13.12.2019 01:00;28,64;0,02864;0,02864;0,06664
13.12.2019 01:00;13.12.2019 02:00;27,71;0,02771;0,02771;0,06571
13.12.2019 02:00;13.12.2019 03:00;23,34;0,02334;0,02334;0,06134
13.12.2019 03:00;13.12.2019 04:00;11,27;0,01127;0,01127;0,04927
13.12.2019 04:00;13.12.2019 05:00;16,25;0,01625;0,01625;0,05425
13.12.2019 05:00;13.12.2019 06:00;25,05;0,02505;0,02505;0,06305
13.12.2019 06:00;13.12.2019 07:00;32,83;0,03283;0,03283;0,07083
13.12.2019 07:00;13.12.2019 08:00;39,6;0,0396;0,0396;0,0776
13.12.2019 08:00;13.12.2019 09:00;43,99;0,04399;0,04399;0,08199
13.12.2019 09:00;13.12.2019 10:00;43,9;0,0439;0,0439;0,0819
13.12.2019 10:00;13.12.2019 11:00;40,82;0,04082;0,04082;0,07882
13.12.2019 11:00;13.12.2019 12:00;41,65;0,04165;0,04165;0,07965
13.12.2019 12:00;13.12.2019 13:00;43,91;0,04391;0,04391;0,08191
13.12.2019 13:00;13.12.2019 14:00;43,99;0,04399;0,04399;0,08199
13.12.2019 14:00;13.12.2019 15:00;40,7;0,0407;0,0407;0,0787
13.12.2019 15:00;13.12.2019 16:00;42,92;0,04292;0,04292;0,08092
13.12.2019 16:00;13.12.2019 17:00;45,04;0,04504;0,04504;0,08304
13.12.2019 17:00;13.12.2019 18:00;50,88;0,05088;0,05088;0,08888
13.12.2019 18:00;13.12.2019 19:00;46,71;0,04671;0,04671;0,08471
13.12.2019 19:00;13.12.2019 20:00;43,05;0,04305;0,04305;0,08105
13.12.2019 20:00;13.12.2019 21:00;39,02;0,03902;0,03902;0,07702
13.12.2019 21:00;13.12.2019 22:00;36,51;0,03651;0,03651;0,07451
13.12.2019 22:00;13.12.2019 23:00;35,04;0,03504;0,03504;0,07304
13.12.2019 23:00;14.12.2019 00:00;33,96;0,03396;0,03396;0,07196
14.12.2019 00:00;14.12.2019 01:00;34,39;0,03439;0,03439;0,07239
14.12.2019 01:00;14.12.2019 02:00;29,11;0,02911;0,02911;0,06711
14.12.2019 02:00;14.12.2019 03:00;27,6;0,0276;0,0276;0,0656
14.12.2019 03:00;14.12.2019 04:00;25,5;0,0255;0,0255;0,0635
14.12.2019 04:00;14.12.2019 05:00;21,92;0,02192;0,02192;0,05992
14.12.2019 05:00;14.12.2019 06:00;20,08;0,02008;0,02008;0,05808
14.12.2019 06:00;14.12.2019 07:00;21,91;0,02191;0,02191;0,05991
14.12.2019 07:00;14.12.2019 08:00;26,73;0,02673;0,02673;0,06473
14.12.2019 08:00;14.12.2019 09:00;31,97;0,03197;0,03197;0,06997
14.12.2019 09:00;14.12.2019 10:00;30,65;0,03065;0,03065;0,06865
14.12.2019 10:00;14.12.2019 11:00;28,99;0,02899;0,02899;0,06699
14.12.2019 11:00;14.12.2019 12:00;27,97;0,02797;0,02797;0,06597
14.12.2019 12:00;14.12.2019 13:00;23,93;0,02393;0,02393;0,06193
14.12.2019 13:00;14.12.2019 14:00;15,23;0,01523;0,01523;0,05323
14.12.2019 14:00;14.12.2019 15:00;15,93;0,01593;0,01593;0,05393
14.12.2019 15:00;14.12.2019 16:00;17,04;0,01704;0,01704;0,05504
14.12.2019 16:00;14.12.2019 17:00;23,84;0,02384;0,02384;0,06184
14.12.2019 17:00;14.12.2019 18:00;27,8;0,0278;0,0278;0,0658
14.12.2019 18:00;14.12.2019 19:00;29,05;0,02905;0,02905;0,06705
14.12.2019 19:00;14.12.2019 20:00;25,83;0,02583;0,02583;0,06383
14.12.2019 20:00;14.12.2019 21:00;13,85;0,01385;0,01385;0,05185
14.12.2019 21:00;14.12.2019 22:00;15,64;0,01564;0,01564;0,05364
14.12.2019 22:00;14.12.2019 23:00;18,15;0,01815;0,01815;0,05615
14.12.2019 23:00;15.12.2019 00:00;4,39;0,00439;0,00439;0,04239
15.12.2019 00:00;15.12.2019 01:00;0,32;0,00032;0,00032;0,03832
15.12.2019 01:00;15.12.2019 02:00;1,52;0,00152;0,00152;0,03952
15.12.2019 02:00;15.12.2019 03:00;2,3;0,0023;0,0023;0,0403
15.12.2019 03:00;15.12.2019 04:00;3,9;0,0039;0,0039;0,0419
15.12.2019 04:00;15.12.2019 05:00;2,2;0,0022;0,0022;0,0402
15.12.2019 05:00;15.12.2019 06:00;0,97;0,00097;0,00097;0,03897
15.12.2019 06:00;15.12.2019 07:00;-5,12;-0,00512;0,00512;0,03288
15.12.2019 07:00;15.12.2019 08:00;-4,95;-0,00495;0,00495;0,03305
15.12.2019 08:00;15.12.2019 09:00;-0,07;-0,00007;0,00007;0,03793
15.12.2019 09:00;15.12.2019 10:00;0,1;0,0001;0,0001;0,0381
15.12.2019 10:00;15.12.2019 11:00;-0,94;-0,00094;0,00094;0,03706
15.12.2019 11:00;15.12.2019 12:00;8,47;0,00847;0,00847;0,04647
15.12.2019 12:00;15.12.2019 13:00;5,83;0,00583;0,00583;0,04383
15.12.2019 13:00;15.12.2019 14:00;5,29;0,00529;0,00529;0,04329
15.12.2019 14:00;15.12.2019 15:00;10,01;0,01001;0,01001;0,04801
15.12.2019 15:00;15.12.2019 16:00;20,82;0,02082;0,02082;0,05882
15.12.2019 16:00;15.12.2019 17:00;27,18;0,02718;0,02718;0,06518
15.12.2019 17:00;15.12.2019 18:00;33,51;0,03351;0,03351;0,07151
15.12.2019 18:00;15.12.2019 19:00;31,36;0,03136;0,03136;0,06936
15.12.2019 19:00;15.12.2019 20:00;35,63;0,03563;0,03563;0,07363
15.12.2019 20:00;15.12.2019 21:00;34,29;0,03429;0,03429;0,07229
15.12.2019 21:00;15.12.2019 22:00;29,1;0,0291;0,0291;0,0671
15.12.2019 22:00;15.12.2019 23:00;32,8;0,0328;0,0328;0,0708
15.12.2019 23:00;16.12.2019 00:00;29,83;0,02983;0,02983;0,06783
16.12.2019 00:00;16.12.2019 01:00;29,46;0,02946;0,02946;0,06746
16.12.2019 01:00;16.12.2019 02:00;30,18;0,03018;0,03018;0,06818
16.12.2019 02:00;16.12.2019 03:00;30,91;0,03091;0,03091;0,06891
16.12.2019 03:00;16.12.2019 04:00;29,49;0,02949;0,02949;0,06749
16.12.2019 04:00;16.12.2019 05:00;29,19;0,02919;0,02919;0,06719
16.12.2019 05:00;16.12.2019 06:00;31,77;0,03177;0,03177;0,06977
16.12.2019 06:00;16.12.2019 07:00;38,87;0,03887;0,03887;0,07687
16.12.2019 07:00;16.12.2019 08:00;50,01;0,05001;0,05001;0,08801
16.12.2019 08:00;16.12.2019 09:00;44,74;0,04474;0,04474;0,08274
16.12.2019 09:00;16.12.2019 10:00;42;0,042;0,042;0,08
16.12.2019 10:00;16.12.2019 11:00;41,2;0,0412;0,0412;0,0792
16.12.2019 11:00;16.12.2019 12:00;41,84;0,04184;0,04184;0,07984
16.12.2019 12:00;16.12.2019 13:00;42,11;0,04211;0,04211;0,08011
16.12.2019 13:00;16.12.2019 14:00;44,72;0,04472;0,04472;0,08272
16.12.2019 14:00;16.12.2019 15:00;46,03;0,04603;0,04603;0,08403
16.12.2019 15:00;16.12.2019 16:00;47,34;0,04734;0,04734;0,08534
16.12.2019 16:00;16.12.2019 17:00;50;0,05;0,05;0,088
16.12.2019 17:00;16.12.2019 18:00;52,01;0,05201;0,05201;0,09001
16.12.2019 18:00;16.12.2019 19:00;51,96;0,05196;0,05196;0,08996
16.12.2019 19:00;16.12.2019 20:00;48,61;0,04861;0,04861;0,08661
16.12.2019 20:00;16.12.2019 21:00;43,5;0,0435;0,0435;0,0815
16.12.2019 21:00;16.12.2019 22:00;40,1;0,0401;0,0401;0,0781
16.12.2019 22:00;16.12.2019 23:00;38,08;0,03808;0,03808;0,07608
16.12.2019 23:00;17.12.2019 00:00;36;0,036;0,036;0,074
17.12.2019 00:00;17.12.2019 01:00;32,71;0,03271;0,03271;0,07071
17.12.2019 01:00;17.12.2019 02:00;31,9;0,0319;0,0319;0,0699
17.12.2019 02:00;17.12.2019 03:00;30,5;0,0305;0,0305;0,0685
17.12.2019 03:00;17.12.2019 04:00;29,19;0,02919;0,02919;0,06719
17.12.2019 04:00;17.12.2019 05:00;29,4;0,0294;0,0294;0,0674
17.12.2019 05:00;17.12.2019 06:00;31,25;0,03125;0,03125;0,06925
17.12.2019 06:00;17.12.2019 07:00;35,74;0,03574;0,03574;0,07374
17.12.2019 07:00;17.12.2019 08:00;44,17;0,04417;0,04417;0,08217
17.12.2019 08:00;17.12.2019 09:00;49,5;0,0495;0,0495;0,0875
17.12.2019 09:00;17.12.2019 10:00;42,35;0,04235;0,04235;0,08035
17.12.2019 10:00;17.12.2019 11:00;40,15;0,04015;0,04015;0,07815
17.12.2019 11:00;17.12.2019 12:00;38,23;0,03823;0,03823;0,07623
17.12.2019 12:00;17.12.2019 13:00;38,88;0,03888;0,03888;0,07688
17.12.2019 13:00;17.12.2019 14:00;39,05;0,03905;0,03905;0,07705
17.12.2019 14:00;17.12.2019 15:00;39,6;0,0396;0,0396;0,0776
17.12.2019 15:00;17.12.2019 16:00;42,52;0,04252;0,04252;0,08052
17.12.2019 16:00;17.12.2019 17:00;42,57;0,04257;0,04257;0,08057
17.12.2019 17:00;17.12.2019 18:00;42,83;0,04283;0,04283;0,08083
17.12.2019 18:00;17.12.2019 19:00;38,79;0,03879;0,03879;0,07679
17.12.2019 19:00;17.12.2019 20:00;36,74;0,03674;0,03674;0,07474
17.12.2019 20:00;17.12.2019 21:00;33,99;0,03399;0,03399;0,07199
17.12.2019 21:00;17.12.2019 22:00;32,69;0,03269;0,03269;0,07069
17.12.2019 22:00;17.12.2019 23:00;30,28;0,03028;0,03028;0,06828
17.12.2019 23:00;18.12.2019 00:00;28,15;0,02815;0,02815;0,06615
18.12.2019 00:00;18.12.2019 01:00;21,95;0,02195;0,02195;0,05995
18.12.2019 01:00;18.12.2019 02:00;25,39;0,02539;0,02539;0,06339
18.12.2019 02:00;18.12.2019 03:00;26,35;0,02635;0,02635;0,06435
18.12.2019 03:00;18.12.2019 04:00;26,04;0,02604;0,02604;0,06404
18.12.2019 04:00;18.12.2019 05:00;28,39;0,02839;0,02839;0,06639
18.12.2019 05:00;18.12.2019 06:00;30,19;0,03019;0,03019;0,06819
18.12.2019 06:00;18.12.2019 07:00;36,19;0,03619;0,03619;0,07419
18.12.2019 07:00;18.12.2019 08:00;42,05;0,04205;0,04205;0,08005
18.12.2019 08:00;18.12.2019 09:00;47,45;0,04745;0,04745;0,08545
18.12.2019 09:00;18.12.2019 10:00;45,71;0,04571;0,04571;0,08371
18.12.2019 10:00;18.12.2019 11:00;44,48;0,04448;0,04448;0,08248
18.12.2019 11:00;18.12.2019 12:00;48,14;0,04814;0,04814;0,08614
18.12.2019 12:00;18.12.2019 13:00;46,45;0,04645;0,04645;0,08445
18.12.2019 13:00;18.12.2019 14:00;46,79;0,04679;0,04679;0,08479
18.12.2019 14:00;18.12.2019 15:00;47,85;0,04785;0,04785;0,08585
18.12.2019 15:00;18.12.2019 16:00;47,9;0,0479;0,0479;0,0859
18.12.2019 16:00;18.12.2019 17:00;51;0,051;0,051;0,089
18.12.2019 17:00;18.12.2019 18:00;54,19;0,05419;0,05419;0,09219
18.12.2019 18:00;18.12.2019 19:00;51;0,051;0,051;0,089
18.12.2019 19:00;18.12.2019 20:00;46,3;0,0463;0,0463;0,0843
18.12.2019 20:00;18.12.2019 21:00;43,85;0,04385;0,04385;0,08185
18.12.2019 21:00;18.12.2019 22:00;39,15;0,03915;0,03915;0,07715
18.12.2019 22:00;18.12.2019 23:00;35,9;0,0359;0,0359;0,0739
18.12.2019 23:00;19.12.2019 00:00;32,19;0,03219;0,03219;0,07019
19.12.2019 00:00;19.12.2019 01:00;29,08;0,02908;0,02908;0,06708
19.12.2019 01:00;19.12.2019 02:00;26,41;0,02641;0,02641;0,06441
19.12.2019 02:00;19.12.2019 03:00;26,72;0,02672;0,02672;0,06472
19.12.2019 03:00;19.12.2019 04:00;24,8;0,0248;0,0248;0,0628
19.12.2019 04:00;19.12.2019 05:00;25,97;0,02597;0,02597;0,06397
19.12.2019 05:00;19.12.2019 06:00;27,24;0,02724;0,02724;0,06524
19.12.2019 06:00;19.12.2019 07:00;31,56;0,03156;0,03156;0,06956
19.12.2019 07:00;19.12.2019 08:00;40;0,04;0,04;0,078
19.12.2019 08:00;19.12.2019 09:00;42,95;0,04295;0,04295;0,08095
19.12.2019 09:00;19.12.2019 10:00;39,62;0,03962;0,03962;0,07762
19.12.2019 10:00;19.12.2019 11:00;37,86;0,03786;0,03786;0,07586
19.12.2019 11:00;19.12.2019 12:00;37,69;0,03769;0,03769;0,07569
19.12.2019 12:00;19.12.2019 13:00;36,87;0,03687;0,03687;0,07487
19.12.2019 13:00;19.12.2019 14:00;37,41;0,03741;0,03741;0,07541
19.12.2019 14:00;19.12.2019 15:00;38,01;0,03801;0,03801;0,07601
19.12.2019 15:00;19.12.2019 16:00;38,72;0,03872;0,03872;0,07672
19.12.2019 16:00;19.12.2019 17:00;40,46;0,04046;0,04046;0,07846
19.12.2019 17:00;19.12.2019 18:00;40,31;0,04031;0,04031;0,07831
19.12.2019 18:00;19.12.2019 19:00;39,91;0,03991;0,03991;0,07791
19.12.2019 19:00;19.12.2019 20:00;38,95;0,03895;0,03895;0,07695
19.12.2019 20:00;19.12.2019 21:00;35,69;0,03569;0,03569;0,07369
19.12.2019 21:00;19.12.2019 22:00;35,09;0,03509;0,03509;0,07309
19.12.2019 22:00;19.12.2019 23:00;32,95;0,03295;0,03295;0,07095
19.12.2019 23:00;20.12.2019 00:00;27,22;0,02722;0,02722;0,06522
20.12.2019 00:00;20.12.2019 01:00;26,56;0,02656;0,02656;0,06456
20.12.2019 01:00;20.12.2019 02:00;25,95;0,02595;0,02595;0,06395
20.12.2019 02:00;20.12.2019 03:00;23,3;0,0233;0,0233;0,0613
20.12.2019 03:00;20.12.2019 04:00;19,01;0,01901;0,01901;0,05701
20.12.2019 04:00;20.12.2019 05:00;24,59;0,02459;0,02459;0,06259
20.12.2019 05:00;20.12.2019 06:00;25,03;0,02503;0,02503;0,06303
20.12.2019 06:00;20.12.2019 07:00;26,92;0,02692;0,02692;0,06492
20.12.2019 07:00;20.12.2019 08:00;32,57;0,03257;0,03257;0,07057
20.12.2019 08:00;20.12.2019 09:00;35,4;0,0354;0,0354;0,0734
20.12.2019 09:00;20.12.2019 10:00;33,01;0,03301;0,03301;0,07101
20.12.2019 10:00;20.12.2019 11:00;30,67;0,03067;0,03067;0,06867
20.12.2019 11:00;20.12.2019 12:00;30,04;0,03004;0,03004;0,06804
20.12.2019 12:00;20.12.2019 13:00;28,17;0,02817;0,02817;0,06617
20.12.2019 13:00;20.12.2019 14:00;26,84;0,02684;0,02684;0,06484
20.12.2019 14:00;20.12.2019 15:00;27;0,027;0,027;0,065
20.12.2019 15:00;20.12.2019 16:00;30,28;0,03028;0,03028;0,06828
20.12.2019 16:00;20.12.2019 17:00;33,51;0,03351;0,03351;0,07151
20.12.2019 17:00;20.12.2019 18:00;37,29;0,03729;0,03729;0,07529
20.12.2019 18:00;20.12.2019 19:00;37,48;0,03748;0,03748;0,07548
20.12.2019 19:00;20.12.2019 20:00;37;0,037;0,037;0,075
20.12.2019 20:00;20.12.2019 21:00;34,01;0,03401;0,03401;0,07201
20.12.2019 21:00;20.12.2019 22:00;27,33;0,02733;0,02733;0,06533
20.12.2019 22:00;20.12.2019 23:00;26,97;0,02697;0,02697;0,06497
20.12.2019 23:00;21.12.2019 00:00;26,82;0,02682;0,02682;0,06482
21.12.2019 00:00;21.12.2019 01:00;18,11;0,01811;0,01811;0,05611
21.12.2019 01:00;21.12.2019 02:00;13,61;0,01361;0,01361;0,05161
21.12.2019 02:00;21.12.2019 03:00;10;0,01;0,01;0,048
21.12.2019 03:00;21.12.2019 04:00;9,15;0,00915;0,00915;0,04715
21.12.2019 04:00;21.12.2019 05:00;7,82;0,00782;0,00782;0,04582
21.12.2019 05:00;21.12.2019 06:00;12,83;0,01283;0,01283;0,05083
21.12.2019 06:00;21.12.2019 07:00;21,36;0,02136;0,02136;0,05936
21.12.2019 07:00;21.12.2019 08:00;27,48;0,02748;0,02748;0,06548
21.12.2019 08:00;21.12.2019 09:00;31,23;0,03123;0,03123;0,06923
21.12.2019 09:00;21.12.2019 10:00;35,9;0,0359;0,0359;0,0739
21.12.2019 10:00;21.12.2019 11:00;35,94;0,03594;0,03594;0,07394
21.12.2019 11:00;21.12.2019 12:00;35,99;0,03599;0,03599;0,07399
21.12.2019 12:00;21.12.2019 13:00;36,07;0,03607;0,03607;0,07407
21.12.2019 13:00;21.12.2019 14:00;35,95;0,03595;0,03595;0,07395
21.12.2019 14:00;21.12.2019 15:00;36,21;0,03621;0,03621;0,07421
21.12.2019 15:00;21.12.2019 16:00;36,99;0,03699;0,03699;0,07499
21.12.2019 16:00;21.12.2019 17:00;39,83;0,03983;0,03983;0,07783
21.12.2019 17:00;21.12.2019 18:00;42,2;0,0422;0,0422;0,0802
21.12.2019 18:00;21.12.2019 19:00;37,76;0,03776;0,03776;0,07576
21.12.2019 19:00;21.12.2019 20:00;36,92;0,03692;0,03692;0,07492
21.12.2019 20:00;21.12.2019 21:00;31,98;0,03198;0,03198;0,06998
21.12.2019 21:00;21.12.2019 22:00;30,2;0,0302;0,0302;0,0682
21.12.2019 22:00;21.12.2019 23:00;28,01;0,02801;0,02801;0,06601
21.12.2019 23:00;22.12.2019 00:00;23,04;0,02304;0,02304;0,06104
22.12.2019 00:00;22.12.2019 01:00;18,43;0,01843;0,01843;0,05643
22.12.2019 01:00;22.12.2019 02:00;8,39;0,00839;0,00839;0,04639
22.12.2019 02:00;22.12.2019 03:00;12,2;0,0122;0,0122;0,0502
22.12.2019 03:00;22.12.2019 04:00;5,52;0,00552;0,00552;0,04352
22.12.2019 04:00;22.12.2019 05:00;4,25;0,00425;0,00425;0,04225
22.12.2019 05:00;22.12.2019 06:00;6,58;0,00658;0,00658;0,04458
22.12.2019 06:00;22.12.2019 07:00;9,31;0,00931;0,00931;0,04731
22.12.2019 07:00;22.12.2019 08:00;19,42;0,01942;0,01942;0,05742
22.12.2019 08:00;22.12.2019 09:00;28,07;0,02807;0,02807;0,06607
22.12.2019 09:00;22.12.2019 10:00;33,04;0,03304;0,03304;0,07104
22.12.2019 10:00;22.12.2019 11:00;35,64;0,03564;0,03564;0,07364
22.12.2019 11:00;22.12.2019 12:00;37,6;0,0376;0,0376;0,0756
22.12.2019 12:00;22.12.2019 13:00;37,54;0,03754;0,03754;0,07554
22.12.2019 13:00;22.12.2019 14:00;37,08;0,03708;0,03708;0,07508
22.12.2019 14:00;22.12.2019 15:00;37,33;0,03733;0,03733;0,07533
22.12.2019 15:00;22.12.2019 16:00;37,09;0,03709;0,03709;0,07509
22.12.2019 16:00;22.12.2019 17:00;39,01;0,03901;0,03901;0,07701
22.12.2019 17:00;22.12.2019 18:00;40;0,04;0,04;0,078
22.12.2019 18:00;22.12.2019 19:00;38,68;0,03868;0,03868;0,07668
22.12.2019 19:00;22.12.2019 20:00;37;0,037;0,037;0,075
22.12.2019 20:00;22.12.2019 21:00;34,77;0,03477;0,03477;0,07277
22.12.2019 21:00;22.12.2019 22:00;31,78;0,03178;0,03178;0,06978
22.12.2019 22:00;22.12.2019 23:00;28,01;0,02801;0,02801;0,06601
22.12.2019 23:00;23.12.2019 00:00;18,67;0,01867;0,01867;0,05667
23.12.2019 00:00;23.12.2019 01:00;6,89;0,00689;0,00689;0,04489
23.12.2019 01:00;23.12.2019 02:00;-0,31;-0,00031;0,00031;0,03769
23.12.2019 02:00;23.12.2019 03:00;-4,85;-0,00485;0,00485;0,03315
23.12.2019 03:00;23.12.2019 04:00;-6,75;-0,00675;0,00675;0,03125
23.12.2019 04:00;23.12.2019 05:00;-5,39;-0,00539;0,00539;0,03261
23.12.2019 05:00;23.12.2019 06:00;2,16;0,00216;0,00216;0,04016
23.12.2019 06:00;23.12.2019 07:00;22,84;0,02284;0,02284;0,06084
23.12.2019 07:00;23.12.2019 08:00;30,6;0,0306;0,0306;0,0686
23.12.2019 08:00;23.12.2019 09:00;35;0,035;0,035;0,073
23.12.2019 09:00;23.12.2019 10:00;37;0,037;0,037;0,075
23.12.2019 10:00;23.12.2019 11:00;36,51;0,03651;0,03651;0,07451
23.12.2019 11:00;23.12.2019 12:00;34;0,034;0,034;0,072
23.12.2019 12:00;23.12.2019 13:00;32,66;0,03266;0,03266;0,07066
23.12.2019 13:00;23.12.2019 14:00;30,75;0,03075;0,03075;0,06875
23.12.2019 14:00;23.12.2019 15:00;35,9;0,0359;0,0359;0,0739
23.12.2019 15:00;23.12.2019 16:00;37,42;0,03742;0,03742;0,07542
23.12.2019 16:00;23.12.2019 17:00;37,18;0,03718;0,03718;0,07518
23.12.2019 17:00;23.12.2019 18:00;40;0,04;0,04;0,078
23.12.2019 18:00;23.12.2019 19:00;40,93;0,04093;0,04093;0,07893
23.12.2019 19:00;23.12.2019 20:00;38,9;0,0389;0,0389;0,0769
23.12.2019 20:00;23.12.2019 21:00;35,98;0,03598;0,03598;0,07398
23.12.2019 21:00;23.12.2019 22:00;29,2;0,0292;0,0292;0,0672
23.12.2019 22:00;23.12.2019 23:00;27,26;0,02726;0,02726;0,06526
23.12.2019 23:00;24.12.2019 00:00;14,03;0,01403;0,01403;0,05203
24.12.2019 00:00;24.12.2019 01:00;0,4;0,0004;0,0004;0,0384
24.12.2019 01:00;24.12.2019 02:00;-2,99;-0,00299;0,00299;0,03501
24.12.2019 02:00;24.12.2019 03:00;-5,19;-0,00519;0,00519;0,03281
24.12.2019 03:00;24.12.2019 04:00;-7,45;-0,00745;0,00745;0,03055
24.12.2019 04:00;24.12.2019 05:00;-4,99;-0,00499;0,00499;0,03301
24.12.2019 05:00;24.12.2019 06:00;-1,7;-0,0017;0,0017;0,0363
24.12.2019 06:00;24.12.2019 07:00;-3,23;-0,00323;0,00323;0,03477
24.12.2019 07:00;24.12.2019 08:00;14,92;0,01492;0,01492;0,05292
24.12.2019 08:00;24.12.2019 09:00;25,39;0,02539;0,02539;0,06339
24.12.2019 09:00;24.12.2019 10:00;29,47;0,02947;0,02947;0,06747
24.12.2019 10:00;24.12.2019 11:00;30,65;0,03065;0,03065;0,06865
24.12.2019 11:00;24.12.2019 12:00;30,78;0,03078;0,03078;0,06878
24.12.2019 12:00;24.12.2019 13:00;31,05;0,03105;0,03105;0,06905
24.12.2019 13:00;24.12.2019 14:00;31,75;0,03175;0,03175;0,06975
24.12.2019 14:00;24.12.2019 15:00;34,97;0,03497;0,03497;0,07297
24.12.2019 15:00;24.12.2019 16:00;37,17;0,03717;0,03717;0,07517
24.12.2019 16:00;24.12.2019 17:00;37,77;0,03777;0,03777;0,07577
24.12.2019 17:00;24.12.2019 18:00;40;0,04;0,04;0,078
24.12.2019 18:00;24.12.2019 19:00;36,51;0,03651;0,03651;0,07451
24.12.2019 19:00;24.12.2019 20:00;34,03;0,03403;0,03403;0,07203
24.12.2019 20:00;24.12.2019 21:00;28,38;0,02838;0,02838;0,06638
24.12.2019 21:00;24.12.2019 22:00;27,87;0,02787;0,02787;0,06587
24.12.2019 22:00;24.12.2019 23:00;27,01;0,02701;0,02701;0,06501
24.12.2019 23:00;25.12.2019 00:00;19,8;0,0198;0,0198;0,0578
25.12.2019 00:00;25.12.2019 01:00;22,95;0,02295;0,02295;0,06095
25.12.2019 01:00;25.12.2019 02:00;19,5;0,0195;0,0195;0,0575
25.12.2019 02:00;25.12.2019 03:00;15,84;0,01584;0,01584;0,05384
25.12.2019 03:00;25.12.2019 04:00;11,96;0,01196;0,01196;0,04996
25.12.2019 04:00;25.12.2019 05:00;10,07;0,01007;0,01007;0,04807
25.12.2019 05:00;25.12.2019 06:00;16,67;0,01667;0,01667;0,05467
25.12.2019 06:00;25.12.2019 07:00;10,1;0,0101;0,0101;0,0481
25.12.2019 07:00;25.12.2019 08:00;17,81;0,01781;0,01781;0,05581
25.12.2019 08:00;25.12.2019 09:00;26,45;0,02645;0,02645;0,06445
25.12.2019 09:00;25.12.2019 10:00;33,1;0,0331;0,0331;0,0711
25.12.2019 10:00;25.12.2019 11:00;31,62;0,03162;0,03162;0,06962
25.12.2019 11:00;25.12.2019 12:00;32,86;0,03286;0,03286;0,07086
25.12.2019 12:00;25.12.2019 13:00;30,88;0,03088;0,03088;0,06888
25.12.2019 13:00;25.12.2019 14:00;29,65;0,02965;0,02965;0,06765
25.12.2019 14:00;25.12.2019 15:00;30,54;0,03054;0,03054;0,06854
25.12.2019 15:00;25.12.2019 16:00;35,44;0,03544;0,03544;0,07344
25.12.2019 16:00;25.12.2019 17:00;36,3;0,0363;0,0363;0,0743
25.12.2019 17:00;25.12.2019 18:00;37,37;0,03737;0,03737;0,07537
25.12.2019 18:00;25.12.2019 19:00;36,45;0,03645;0,03645;0,07445
25.12.2019 19:00;25.12.2019 20:00;35,46;0,03546;0,03546;0,07346
25.12.2019 20:00;25.12.2019 21:00;32,93;0,03293;0,03293;0,07093
25.12.2019 21:00;25.12.2019 22:00;33,65;0,03365;0,03365;0,07165
25.12.2019 22:00;25.12.2019 23:00;34,28;0,03428;0,03428;0,07228
25.12.2019 23:00;26.12.2019 00:00;32,09;0,03209;0,03209;0,07009
26.12.2019 00:00;26.12.2019 01:00;27,95;0,02795;0,02795;0,06595
26.12.2019 01:00;26.12.2019 02:00;26,35;0,02635;0,02635;0,06435
26.12.2019 02:00;26.12.2019 03:00;26,34;0,02634;0,02634;0,06434
26.12.2019 03:00;26.12.2019 04:00;25,58;0,02558;0,02558;0,06358
26.12.2019 04:00;26.12.2019 05:00;26,33;0,02633;0,02633;0,06433
26.12.2019 05:00;26.12.2019 06:00;28,37;0,02837;0,02837;0,06637
26.12.2019 06:00;26.12.2019 07:00;27,14;0,02714;0,02714;0,06514
26.12.2019 07:00;26.12.2019 08:00;26,78;0,02678;0,02678;0,06478
26.12.2019 08:00;26.12.2019 09:00;30;0,03;0,03;0,068
26.12.2019 09:00;26.12.2019 10:00;34,47;0,03447;0,03447;0,07247
26.12.2019 10:00;26.12.2019 11:00;34,95;0,03495;0,03495;0,07295
26.12.2019 11:00;26.12.2019 12:00;35,71;0,03571;0,03571;0,07371
26.12.2019 12:00;26.12.2019 13:00;35,69;0,03569;0,03569;0,07369
26.12.2019 13:00;26.12.2019 14:00;34,96;0,03496;0,03496;0,07296
26.12.2019 14:00;26.12.2019 15:00;36,83;0,03683;0,03683;0,07483
26.12.2019 15:00;26.12.2019 16:00;38,53;0,03853;0,03853;0,07653
26.12.2019 16:00;26.12.2019 17:00;39,75;0,03975;0,03975;0,07775
26.12.2019 17:00;26.12.2019 18:00;42,55;0,04255;0,04255;0,08055
26.12.2019 18:00;26.12.2019 19:00;42,64;0,04264;0,04264;0,08064
26.12.2019 19:00;26.12.2019 20:00;40,92;0,04092;0,04092;0,07892
26.12.2019 20:00;26.12.2019 21:00;37,24;0,03724;0,03724;0,07524
26.12.2019 21:00;26.12.2019 22:00;36,78;0,03678;0,03678;0,07478
26.12.2019 22:00;26.12.2019 23:00;36,45;0,03645;0,03645;0,07445
26.12.2019 23:00;27.12.2019 00:00;34,75;0,03475;0,03475;0,07275
27.12.2019 00:00;27.12.2019 01:00;31,17;0,03117;0,03117;0,06917
27.12.2019 01:00;27.12.2019 02:00;30,02;0,03002;0,03002;0,06802
27.12.2019 02:00;27.12.2019 03:00;28,67;0,02867;0,02867;0,06667
27.12.2019 03:00;27.12.2019 04:00;28,7;0,0287;0,0287;0,0667
27.12.2019 04:00;27.12.2019 05:00;29,19;0,02919;0,02919;0,06719
27.12.2019 05:00;27.12.2019 06:00;31,03;0,03103;0,03103;0,06903
27.12.2019 06:00;27.12.2019 07:00;33,1;0,0331;0,0331;0,0711
27.12.2019 07:00;27.12.2019 08:00;38,89;0,03889;0,03889;0,07689
27.12.2019 08:00;27.12.2019 09:00;38,55;0,03855;0,03855;0,07655
27.12.2019 09:00;27.12.2019 10:00;40;0,04;0,04;0,078
27.12.2019 10:00;27.12.2019 11:00;40;0,04;0,04;0,078
27.12.2019 11:00;27.12.2019 12:00;40,47;0,04047;0,04047;0,07847
27.12.2019 12:00;27.12.2019 13:00;40,15;0,04015;0,04015;0,07815
27.12.2019 13:00;27.12.2019 14:00;40,41;0,04041;0,04041;0,07841
27.12.2019 14:00;27.12.2019 15:00;42,2;0,0422;0,0422;0,0802
27.12.2019 15:00;27.12.2019 16:00;45,13;0,04513;0,04513;0,08313
27.12.2019 16:00;27.12.2019 17:00;46,53;0,04653;0,04653;0,08453
27.12.2019 17:00;27.12.2019 18:00;49,38;0,04938;0,04938;0,08738
27.12.2019 18:00;27.12.2019 19:00;44,88;0,04488;0,04488;0,08288
27.12.2019 19:00;27.12.2019 20:00;43,99;0,04399;0,04399;0,08199
27.12.2019 20:00;27.12.2019 21:00;39,52;0,03952;0,03952;0,07752
27.12.2019 21:00;27.12.2019 22:00;36,67;0,03667;0,03667;0,07467
27.12.2019 22:00;27.12.2019 23:00;35,38;0,03538;0,03538;0,07338
27.12.2019 23:00;28.12.2019 00:00;33,57;0,03357;0,03357;0,07157
28.12.2019 00:00;28.12.2019 01:00;30,17;0,03017;0,03017;0,06817
28.12.2019 01:00;28.12.2019 02:00;29,5;0,0295;0,0295;0,0675
28.12.2019 02:00;28.12.2019 03:00;29,43;0,02943;0,02943;0,06743
28.12.2019 03:00;28.12.2019 04:00;28,2;0,0282;0,0282;0,0662
28.12.2019 04:00;28.12.2019 05:00;28,53;0,02853;0,02853;0,06653
28.12.2019 05:00;28.12.2019 06:00;27,4;0,0274;0,0274;0,0654
28.12.2019 06:00;28.12.2019 07:00;29,2;0,0292;0,0292;0,0672
28.12.2019 07:00;28.12.2019 08:00;31,63;0,03163;0,03163;0,06963
28.12.2019 08:00;28.12.2019 09:00;34,61;0,03461;0,03461;0,07261
28.12.2019 09:00;28.12.2019 10:00;36,82;0,03682;0,03682;0,07482
28.12.2019 10:00;28.12.2019 11:00;35,61;0,03561;0,03561;0,07361
28.12.2019 11:00;28.12.2019 12:00;35,05;0,03505;0,03505;0,07305
28.12.2019 12:00;28.12.2019 13:00;34,7;0,0347;0,0347;0,0727
28.12.2019 13:00;28.12.2019 14:00;33,78;0,03378;0,03378;0,07178
28.12.2019 14:00;28.12.2019 15:00;34,91;0,03491;0,03491;0,07291
28.12.2019 15:00;28.12.2019 16:00;35,86;0,03586;0,03586;0,07386
28.12.2019 16:00;28.12.2019 17:00;39,86;0,03986;0,03986;0,07786
28.12.2019 17:00;28.12.2019 18:00;40,79;0,04079;0,04079;0,07879
28.12.2019 18:00;28.12.2019 19:00;43,75;0,04375;0,04375;0,08175
28.12.2019 19:00;28.12.2019 20:00;43,29;0,04329;0,04329;0,08129
28.12.2019 20:00;28.12.2019 21:00;39,62;0,03962;0,03962;0,07762
28.12.2019 21:00;28.12.2019 22:00;35,39;0,03539;0,03539;0,07339
28.12.2019 22:00;28.12.2019 23:00;34,75;0,03475;0,03475;0,07275
28.12.2019 23:00;29.12.2019 00:00;30,17;0,03017;0,03017;0,06817
29.12.2019 00:00;29.12.2019 01:00;30,6;0,0306;0,0306;0,0686
29.12.2019 01:00;29.12.2019 02:00;28,1;0,0281;0,0281;0,0661
29.12.2019 02:00;29.12.2019 03:00;26,92;0,02692;0,02692;0,06492
29.12.2019 03:00;29.12.2019 04:00;22,85;0,02285;0,02285;0,06085
29.12.2019 04:00;29.12.2019 05:00;20,97;0,02097;0,02097;0,05897
29.12.2019 05:00;29.12.2019 06:00;21,31;0,02131;0,02131;0,05931
29.12.2019 06:00;29.12.2019 07:00;22,72;0,02272;0,02272;0,06072
29.12.2019 07:00;29.12.2019 08:00;25,1;0,0251;0,0251;0,0631
29.12.2019 08:00;29.12.2019 09:00;27,52;0,02752;0,02752;0,06552
29.12.2019 09:00;29.12.2019 10:00;30,04;0,03004;0,03004;0,06804
29.12.2019 10:00;29.12.2019 11:00;30,6;0,0306;0,0306;0,0686
29.12.2019 11:00;29.12.2019 12:00;30,93;0,03093;0,03093;0,06893
29.12.2019 12:00;29.12.2019 13:00;32,03;0,03203;0,03203;0,07003
29.12.2019 13:00;29.12.2019 14:00;30,61;0,03061;0,03061;0,06861
29.12.2019 14:00;29.12.2019 15:00;30,8;0,0308;0,0308;0,0688
29.12.2019 15:00;29.12.2019 16:00;32,86;0,03286;0,03286;0,07086
29.12.2019 16:00;29.12.2019 17:00;33,97;0,03397;0,03397;0,07197
29.12.2019 17:00;29.12.2019 18:00;39,53;0,03953;0,03953;0,07753
29.12.2019 18:00;29.12.2019 19:00;41,16;0,04116;0,04116;0,07916
29.12.2019 19:00;29.12.2019 20:00;39,6;0,0396;0,0396;0,0776
29.12.2019 20:00;29.12.2019 21:00;38,14;0,03814;0,03814;0,07614
29.12.2019 21:00;29.12.2019 22:00;32;0,032;0,032;0,07
29.12.2019 22:00;29.12.2019 23:00;30,11;0,03011;0,03011;0,06811
29.12.2019 23:00;30.12.2019 00:00;25,52;0,02552;0,02552;0,06352
30.12.2019 00:00;30.12.2019 01:00;11,07;0,01107;0,01107;0,04907
30.12.2019 01:00;30.12.2019 02:00;11,84;0,01184;0,01184;0,04984
30.12.2019 02:00;30.12.2019 03:00;6,16;0,00616;0,00616;0,04416
30.12.2019 03:00;30.12.2019 04:00;1,4;0,0014;0,0014;0,0394
30.12.2019 04:00;30.12.2019 05:00;4,81;0,00481;0,00481;0,04281
30.12.2019 05:00;30.12.2019 06:00;16,43;0,01643;0,01643;0,05443
30.12.2019 06:00;30.12.2019 07:00;26,9;0,0269;0,0269;0,0649
30.12.2019 07:00;30.12.2019 08:00;30,38;0,03038;0,03038;0,06838
30.12.2019 08:00;30.12.2019 09:00;32,04;0,03204;0,03204;0,07004
30.12.2019 09:00;30.12.2019 10:00;31,9;0,0319;0,0319;0,0699
30.12.2019 10:00;30.12.2019 11:00;29,06;0,02906;0,02906;0,06706
30.12.2019 11:00;30.12.2019 12:00;26,94;0,02694;0,02694;0,06494
30.12.2019 12:00;30.12.2019 13:00;30,3;0,0303;0,0303;0,0683
30.12.2019 13:00;30.12.2019 14:00;30,61;0,03061;0,03061;0,06861
30.12.2019 14:00;30.12.2019 15:00;31,53;0,03153;0,03153;0,06953
30.12.2019 15:00;30.12.2019 16:00;33,61;0,03361;0,03361;0,07161
30.12.2019 16:00;30.12.2019 17:00;35,25;0,03525;0,03525;0,07325
30.12.2019 17:00;30.12.2019 18:00;38,09;0,03809;0,03809;0,07609
30.12.2019 18:00;30.12.2019 19:00;39,35;0,03935;0,03935;0,07735
30.12.2019 19:00;30.12.2019 20:00;31,58;0,03158;0,03158;0,06958
30.12.2019 20:00;30.12.2019 21:00;30,68;0,03068;0,03068;0,06868
30.12.2019 21:00;30.12.2019 22:00;29,67;0,02967;0,02967;0,06767
30.12.2019 22:00;30.12.2019 23:00;29,68;0,02968;0,02968;0,06768
30.12.2019 23:00;31.12.2019 00:00;24,33;0,02433;0,02433;0,06233
31.12.2019 00:00;31.12.2019 01:00;24,14;0,02414;0,02414;0,06214
31.12.2019 01:00;31.12.2019 02:00;22,12;0,02212;0,02212;0,06012
31.12.2019 02:00;31.12.2019 03:00;13,01;0,01301;0,01301;0,05101
31.12.2019 03:00;31.12.2019 04:00;4,97;0,00497;0,00497;0,04297
31.12.2019 04:00;31.12.2019 05:00;9,81;0,00981;0,00981;0,04781
31.12.2019 05:00;31.12.2019 06:00;18,37;0,01837;0,01837;0,05637
31.12.2019 06:00;31.12.2019 07:00;23,5;0,0235;0,0235;0,0615
31.12.2019 07:00;31.12.2019 08:00;27,17;0,02717;0,02717;0,06517
31.12.2019 08:00;31.12.2019 09:00;36,56;0,03656;0,03656;0,07456
31.12.2019 09:00;31.12.2019 10:00;40,43;0,04043;0,04043;0,07843
31.12.2019 10:00;31.12.2019 11:00;32,22;0,03222;0,03222;0,07022
31.12.2019 11:00;31.12.2019 12:00;38,98;0,03898;0,03898;0,07698
31.12.2019 12:00;31.12.2019 13:00;38,6;0,0386;0,0386;0,0766
31.12.2019 13:00;31.12.2019 14:00;37,9;0,0379;0,0379;0,0759
31.12.2019 14:00;31.12.2019 15:00;38;0,038;0,038;0,076
31.12.2019 15:00;31.12.2019 16:00;39,58;0,03958;0,03958;0,07758
31.12.2019 16:00;31.12.2019 17:00;42,28;0,04228;0,04228;0,08028
31.12.2019 17:00;31.12.2019 18:00;46,06;0,04606;0,04606;0,08406
31.12.2019 18:00;31.12.2019 19:00;47,73;0,04773;0,04773;0,08573
31.12.2019 19:00;31.12.2019 20:00;46;0,046;0,046;0,084
31.12.2019 20:00;31.12.2019 21:00;42,2;0,0422;0,0422;0,0802
31.12.2019 21:00;31.12.2019 22:00;39,74;0,03974;0,03974;0,07774
31.12.2019 22:00;31.12.2019 23:00;38,88;0,03888;0,03888;0,07688
31.12.2019 23:00;01.01.2020 00:00;37,39;0,03739;0,03739;0,07539
31.12.2019 23:00;01.01.2020 00:00;37,39;0,03739;0,03739;0,07539
