;j_1_T_supply;j_1_T_return;V_1_T_supply;V_1_T_return;V_1_Q_demand;j_2_T_supply;j_2_T_return;j_2_Q_demand;j_3_T_supply;j_3_T_return;j_3_Q_demand;j_4_T_supply;j_4_T_return;j_4_Q_demand;j_5_T_supply;j_5_T_return;j_5_Q_demand;j_6_T_supply;j_6_T_return;j_6_Q_demand;j_7_T_supply;j_7_T_return;j_7_Q_demand;j_8_T_supply;j_8_T_return;j_8_Q_demand;j_9_T_supply;j_9_T_return;j_9_Q_demand;j_10_T_supply;j_10_T_return;j_10_Q_demand;j_11_T_supply;j_12_T_supply;j_13_T_supply;j_14_T_supply;j_14_T_return;j_14_Q_demand;j_15_T_supply;j_15_T_return;j_15_Q_demand;V_18_T_supply;V_18_T_return;V_18_Q_demand;V_19_T_supply;V_19_T_return;V_19_Q_demand;V_20_T_supply;V_20_T_return;V_20_Q_demand;V_21_T_supply;V_21_T_return;V_21_Q_demand;V_22_T_supply;V_22_T_return;V_22_Q_demand;V_23_T_supply;V_23_T_return;V_23_Q_demand;V_24_T_supply;V_24_T_return;V_24_Q_demand
1;60.0;30.0;100.0;40.0;0.1;100.0;40.0;0.3;100.0;40.0;0.2;100.0;40.0;1.5841470984807895;100.0;40.0;0.6682941969615793;100.0;40.0;1.5207354924039482;100.0;40.0;0.1;100.0;40.0;0.1;100.0;40.0;0.2;100.0;40.0;0.1;100.0;100.0;100.0;100.0;40.0;1.682941969615793;100.0;40.0;0.25244129544236893;100.0;40.0;0.1;100.0;40.0;0.1;100.0;40.0;0.1;100.0;40.0;0.1;100.0;40.0;0.1;100.0;40.0;0.5;100.0;40.0;2.2378792063699047
2;60.0;30.0;100.0;40.0;0.1;100.0;40.0;0.3;100.0;40.0;0.2;100.0;40.0;1.5958649339027922;100.0;40.0;0.6917298678055843;100.0;40.0;1.5793246695139609;100.0;40.0;0.1;100.0;40.0;0.1;100.0;40.0;0.2;100.0;40.0;0.1;100.0;100.0;100.0;100.0;40.0;1.9172986780558432;100.0;40.0;0.2875948017083765;100.0;40.0;0.1;100.0;40.0;0.1;100.0;40.0;0.1;100.0;40.0;0.1;100.0;40.0;0.1;100.0;40.0;0.5;100.0;40.0;2.8485182174691754
3;60.0;30.0;100.0;40.0;0.1;100.0;40.0;0.3;100.0;40.0;0.2;100.0;40.0;1.5545279646535182;100.0;40.0;0.6090559293070362;100.0;40.0;1.3726398232675905;100.0;40.0;0.1;100.0;40.0;0.1;100.0;40.0;0.2;100.0;40.0;0.1;100.0;100.0;100.0;100.0;40.0;1.0905592930703623;100.0;40.0;0.16358389396055434;100.0;40.0;0.1;100.0;40.0;0.1;100.0;40.0;0.1;100.0;40.0;0.1;100.0;40.0;0.1;100.0;40.0;0.5;100.0;40.0;1.213258364787166
4;60.0;30.0;100.0;40.0;0.1;100.0;40.0;0.3;100.0;40.0;0.2;100.0;40.0;1.592812264082943;100.0;40.0;0.6856245281658863;100.0;40.0;1.5640613204147156;100.0;40.0;0.1;100.0;40.0;0.1;100.0;40.0;0.2;100.0;40.0;0.1;100.0;100.0;100.0;100.0;40.0;1.8562452816588622;100.0;40.0;0.27843679224882933;100.0;40.0;0.1;100.0;40.0;0.1;100.0;40.0;0.1;100.0;40.0;0.1;100.0;40.0;0.1;100.0;40.0;0.5;100.0;40.0;2.6712685381294055
5;60.0;30.0;100.0;40.0;0.1;100.0;40.0;0.3;100.0;40.0;0.2;100.0;40.0;1.5846683958412908;100.0;40.0;0.6693367916825815;100.0;40.0;1.523341979206454;100.0;40.0;0.1;100.0;40.0;0.1;100.0;40.0;0.2;100.0;40.0;0.1;100.0;100.0;100.0;100.0;40.0;1.6933679168258156;100.0;40.0;0.2540051875238723;100.0;40.0;0.1;100.0;40.0;0.1;100.0;40.0;0.1;100.0;40.0;0.1;100.0;40.0;0.1;100.0;40.0;0.5;100.0;40.0;2.2614966835897614
6;60.0;30.0;100.0;40.0;0.1;100.0;40.0;0.3;100.0;40.0;0.2;100.0;40.0;1.5692462976459787;100.0;40.0;0.6384925952919575;100.0;40.0;1.4462314882298934;100.0;40.0;0.1;100.0;40.0;0.1;100.0;40.0;0.2;100.0;40.0;0.1;100.0;100.0;100.0;100.0;40.0;1.384925952919574;100.0;40.0;0.2077388929379361;100.0;40.0;0.1;100.0;40.0;0.1;100.0;40.0;0.1;100.0;40.0;0.1;100.0;40.0;0.1;100.0;40.0;0.5;100.0;40.0;1.6589705079449548
7;60.0;30.0;100.0;40.0;0.1;100.0;40.0;0.3;100.0;40.0;0.2;100.0;40.0;1.5966807182607632;100.0;40.0;0.6933614365215264;100.0;40.0;1.5834035913038158;100.0;40.0;0.1;100.0;40.0;0.1;100.0;40.0;0.2;100.0;40.0;0.1;100.0;100.0;100.0;100.0;40.0;1.933614365215263;100.0;40.0;0.29004215478228945;100.0;40.0;0.1;100.0;40.0;0.1;100.0;40.0;0.1;100.0;40.0;0.1;100.0;40.0;0.1;100.0;40.0;0.5;100.0;40.0;2.8985124912655325
8;60.0;30.0;100.0;40.0;0.1;100.0;40.0;0.3;100.0;40.0;0.2;100.0;40.0;1.5803084799870208;100.0;40.0;0.6606169599740417;100.0;40.0;1.501542399935104;100.0;40.0;0.1;100.0;40.0;0.1;100.0;40.0;0.2;100.0;40.0;0.1;100.0;100.0;100.0;100.0;40.0;1.6061695997404164;100.0;40.0;0.24092543996106244;100.0;40.0;0.1;100.0;40.0;0.1;100.0;40.0;0.1;100.0;40.0;0.1;100.0;40.0;0.1;100.0;40.0;0.5;100.0;40.0;2.072027989441955
9;60.0;30.0;100.0;40.0;0.1;100.0;40.0;0.3;100.0;40.0;0.2;100.0;40.0;1.576273523613788;100.0;40.0;0.6525470472275758;100.0;40.0;1.4813676180689395;100.0;40.0;0.1;100.0;40.0;0.1;100.0;40.0;0.2;100.0;40.0;0.1;100.0;100.0;100.0;100.0;40.0;1.5254704722757582;100.0;40.0;0.2288205708413637;100.0;40.0;0.1;100.0;40.0;0.1;100.0;40.0;0.1;100.0;40.0;0.1;100.0;40.0;0.1;100.0;40.0;0.5;100.0;40.0;1.9113423537954304
10;60.0;30.0;100.0;40.0;0.1;100.0;40.0;0.3;100.0;40.0;0.2;100.0;40.0;1.5985126084049126;100.0;40.0;0.6970252168098254;100.0;40.0;1.5925630420245636;100.0;40.0;0.1;100.0;40.0;0.1;100.0;40.0;0.2;100.0;40.0;0.1;100.0;100.0;100.0;100.0;40.0;1.9702521680982543;100.0;40.0;0.29553782521473815;100.0;40.0;0.1;100.0;40.0;0.1;100.0;40.0;0.1;100.0;40.0;0.1;100.0;40.0;0.1;100.0;40.0;0.5;100.0;40.0;3.01521359819869
11;60.0;30.0;100.0;40.0;0.1;100.0;40.0;0.3;100.0;40.0;0.2;100.0;40.0;1.5783773523485192;100.0;40.0;0.6567547046970386;100.0;40.0;1.4918867617425964;100.0;40.0;0.1;100.0;40.0;0.1;100.0;40.0;0.2;100.0;40.0;0.1;100.0;100.0;100.0;100.0;40.0;1.5675470469703852;100.0;40.0;0.23513205704555776;100.0;40.0;0.1;100.0;40.0;0.1;100.0;40.0;0.1;100.0;40.0;0.1;100.0;40.0;0.1;100.0;40.0;0.5;100.0;40.0;1.9935119753464972
12;60.0;30.0;100.0;40.0;0.1;100.0;40.0;0.3;100.0;40.0;0.2;100.0;40.0;1.5804120190432098;100.0;40.0;0.6608240380864198;100.0;40.0;1.5020600952160494;100.0;40.0;0.1;100.0;40.0;0.1;100.0;40.0;0.2;100.0;40.0;0.1;100.0;100.0;100.0;100.0;40.0;1.6082403808641974;100.0;40.0;0.2412360571296296;100.0;40.0;0.1;100.0;40.0;0.1;100.0;40.0;0.1;100.0;40.0;0.1;100.0;40.0;0.1;100.0;40.0;0.5;100.0;40.0;2.0763260036356606
13;60.0;30.0;100.0;40.0;0.1;100.0;40.0;0.3;100.0;40.0;0.2;100.0;40.0;1.5994106493421434;100.0;40.0;0.698821298684287;100.0;40.0;1.5970532467107175;100.0;40.0;0.1;100.0;40.0;0.1;100.0;40.0;0.2;100.0;40.0;0.1;100.0;100.0;100.0;100.0;40.0;1.9882129868428702;100.0;40.0;0.2982319480264305;100.0;40.0;0.1;100.0;40.0;0.1;100.0;40.0;0.1;100.0;40.0;0.1;100.0;40.0;0.1;100.0;40.0;0.5;100.0;40.0;3.0748055849193725
14;60.0;30.0;100.0;40.0;0.1;100.0;40.0;0.3;100.0;40.0;0.2;100.0;40.0;1.5774773802986346;100.0;40.0;0.6549547605972694;100.0;40.0;1.4873869014931735;100.0;40.0;0.1;100.0;40.0;0.1;100.0;40.0;0.2;100.0;40.0;0.1;100.0;100.0;100.0;100.0;40.0;1.549547605972694;100.0;40.0;0.23243214089590408;100.0;40.0;0.1;100.0;40.0;0.1;100.0;40.0;0.1;100.0;40.0;0.1;100.0;40.0;0.1;100.0;40.0;0.5;100.0;40.0;1.957947754313698
15;60.0;30.0;100.0;40.0;0.1;100.0;40.0;0.3;100.0;40.0;0.2;100.0;40.0;1.5831362532480295;100.0;40.0;0.6662725064960592;100.0;40.0;1.5156812662401478;100.0;40.0;0.1;100.0;40.0;0.1;100.0;40.0;0.2;100.0;40.0;0.1;100.0;100.0;100.0;100.0;40.0;1.6627250649605914;100.0;40.0;0.2494087597440887;100.0;40.0;0.1;100.0;40.0;0.1;100.0;40.0;0.1;100.0;40.0;0.1;100.0;40.0;0.1;100.0;40.0;0.5;100.0;40.0;2.192857905890921
16;60.0;30.0;100.0;40.0;0.1;100.0;40.0;0.3;100.0;40.0;0.2;100.0;40.0;1.59982991203337;100.0;40.0;0.6996598240667404;100.0;40.0;1.599149560166851;100.0;40.0;0.1;100.0;40.0;0.1;100.0;40.0;0.2;100.0;40.0;0.1;100.0;100.0;100.0;100.0;40.0;1.9965982406674043;100.0;40.0;0.29948973610011065;100.0;40.0;0.1;100.0;40.0;0.1;100.0;40.0;0.1;100.0;40.0;0.1;100.0;40.0;0.1;100.0;40.0;0.5;100.0;40.0;3.1031934337753078
17;60.0;30.0;100.0;40.0;0.1;100.0;40.0;0.3;100.0;40.0;0.2;100.0;40.0;1.5770820130305294;100.0;40.0;0.6541640260610588;100.0;40.0;1.4854100651526472;100.0;40.0;0.1;100.0;40.0;0.1;100.0;40.0;0.2;100.0;40.0;0.1;100.0;100.0;100.0;100.0;40.0;1.5416402606105886;100.0;40.0;0.23124603909158828;100.0;40.0;0.1;100.0;40.0;0.1;100.0;40.0;0.1;100.0;40.0;0.1;100.0;40.0;0.1;100.0;40.0;0.5;100.0;40.0;1.9425217161542738
18;60.0;30.0;100.0;40.0;0.1;100.0;40.0;0.3;100.0;40.0;0.2;100.0;40.0;1.5850606679360641;100.0;40.0;0.6701213358721283;100.0;40.0;1.5253033396803206;100.0;40.0;0.1;100.0;40.0;0.1;100.0;40.0;0.2;100.0;40.0;0.1;100.0;100.0;100.0;100.0;40.0;1.7012133587212828;100.0;40.0;0.2551820038081924;100.0;40.0;0.1;100.0;40.0;0.1;100.0;40.0;0.1;100.0;40.0;0.1;100.0;40.0;0.1;100.0;40.0;0.5;100.0;40.0;2.279452982503115
19;60.0;30.0;100.0;40.0;0.1;100.0;40.0;0.3;100.0;40.0;0.2;100.0;40.0;1.59998471805507;100.0;40.0;0.6999694361101398;100.0;40.0;1.5999235902753497;100.0;40.0;0.1;100.0;40.0;0.1;100.0;40.0;0.2;100.0;40.0;0.1;100.0;100.0;100.0;100.0;40.0;1.9996943611013986;100.0;40.0;0.29995415416520976;100.0;40.0;0.1;100.0;40.0;0.1;100.0;40.0;0.1;100.0;40.0;0.1;100.0;40.0;0.1;100.0;40.0;0.5;100.0;40.0;3.1137687266244165
20;60.0;30.0;100.0;40.0;0.1;100.0;40.0;0.3;100.0;40.0;0.2;100.0;40.0;1.57695643124701;100.0;40.0;0.6539128624940198;100.0;40.0;1.4847821562350494;100.0;40.0;0.1;100.0;40.0;0.1;100.0;40.0;0.2;100.0;40.0;0.1;100.0;100.0;100.0;100.0;40.0;1.5391286249401979;100.0;40.0;0.23086929374102966;100.0;40.0;0.1;100.0;40.0;0.1;100.0;40.0;0.1;100.0;40.0;0.1;100.0;40.0;0.1;100.0;40.0;0.5;100.0;40.0;1.9376466785162685
21;60.0;30.0;100.0;40.0;0.1;100.0;40.0;0.3;100.0;40.0;0.2;100.0;40.0;1.586488576446107;100.0;40.0;0.6729771528922142;100.0;40.0;1.5324428822305354;100.0;40.0;0.1;100.0;40.0;0.1;100.0;40.0;0.2;100.0;40.0;0.1;100.0;100.0;100.0;100.0;40.0;1.7297715289221411;100.0;40.0;0.2594657293383212;100.0;40.0;0.1;100.0;40.0;0.1;100.0;40.0;0.1;100.0;40.0;0.1;100.0;40.0;0.1;100.0;40.0;0.5;100.0;40.0;2.346198310566472
22;60.0;30.0;100.0;40.0;0.1;100.0;40.0;0.3;100.0;40.0;0.2;100.0;40.0;1.5999862943395213;100.0;40.0;0.6999725886790427;100.0;40.0;1.5999314716976065;100.0;40.0;0.1;100.0;40.0;0.1;100.0;40.0;0.2;100.0;40.0;0.1;100.0;100.0;100.0;100.0;40.0;1.999725886790426;100.0;40.0;0.2999588830185639;100.0;40.0;0.1;100.0;40.0;0.1;100.0;40.0;0.1;100.0;40.0;0.1;100.0;40.0;0.1;100.0;40.0;0.5;100.0;40.0;3.113876669730828
23;60.0;30.0;100.0;40.0;0.1;100.0;40.0;0.3;100.0;40.0;0.2;100.0;40.0;1.5769832645785296;100.0;40.0;0.6539665291570593;100.0;40.0;1.484916322892648;100.0;40.0;0.1;100.0;40.0;0.1;100.0;40.0;0.2;100.0;40.0;0.1;100.0;100.0;100.0;100.0;40.0;1.5396652915705926;100.0;40.0;0.23094979373558888;100.0;40.0;0.1;100.0;40.0;0.1;100.0;40.0;0.1;100.0;40.0;0.1;100.0;40.0;0.1;100.0;40.0;0.5;100.0;40.0;1.9386873410250847
24;60.0;30.0;100.0;40.0;0.1;100.0;40.0;0.3;100.0;40.0;0.2;100.0;40.0;1.5875872816342524;100.0;40.0;0.6751745632685052;100.0;40.0;1.537936408171263;100.0;40.0;0.1;100.0;40.0;0.1;100.0;40.0;0.2;100.0;40.0;0.1;100.0;100.0;100.0;100.0;40.0;1.7517456326850518;100.0;40.0;0.2627618449027578;100.0;40.0;0.1;100.0;40.0;0.1;100.0;40.0;0.1;100.0;40.0;0.1;100.0;40.0;0.1;100.0;40.0;0.5;100.0;40.0;2.3990962577068435
25;60.0;30.0;100.0;40.0;0.1;100.0;40.0;0.3;100.0;40.0;0.2;100.0;40.0;1.5998965787238522;100.0;40.0;0.6997931574477042;100.0;40.0;1.5994828936192604;100.0;40.0;0.1;100.0;40.0;0.1;100.0;40.0;0.2;100.0;40.0;0.1;100.0;100.0;100.0;100.0;40.0;1.9979315744770418;100.0;40.0;0.29968973617155625;100.0;40.0;0.1;100.0;40.0;0.1;100.0;40.0;0.1;100.0;40.0;0.1;100.0;40.0;0.1;100.0;40.0;0.5;100.0;40.0;3.107741410319872
26;60.0;30.0;100.0;40.0;0.1;100.0;40.0;0.3;100.0;40.0;0.2;100.0;40.0;1.5770989571021925;100.0;40.0;0.6541979142043851;100.0;40.0;1.4854947855109626;100.0;40.0;0.1;100.0;40.0;0.1;100.0;40.0;0.2;100.0;40.0;0.1;100.0;100.0;100.0;100.0;40.0;1.5419791420438507;100.0;40.0;0.23129687130657758;100.0;40.0;0.1;100.0;40.0;0.1;100.0;40.0;0.1;100.0;40.0;0.1;100.0;40.0;0.1;100.0;40.0;0.5;100.0;40.0;1.943180388997576
27;60.0;30.0;100.0;40.0;0.1;100.0;40.0;0.3;100.0;40.0;0.2;100.0;40.0;1.5884566820724935;100.0;40.0;0.676913364144987;100.0;40.0;1.5422834103624674;100.0;40.0;0.1;100.0;40.0;0.1;100.0;40.0;0.2;100.0;40.0;0.1;100.0;100.0;100.0;100.0;40.0;1.76913364144987;100.0;40.0;0.2653700462174805;100.0;40.0;0.1;100.0;40.0;0.1;100.0;40.0;0.1;100.0;40.0;0.1;100.0;40.0;0.1;100.0;40.0;0.5;100.0;40.0;2.441952164243571
28;60.0;30.0;100.0;40.0;0.1;100.0;40.0;0.3;100.0;40.0;0.2;100.0;40.0;1.59975190932074;100.0;40.0;0.6995038186414798;100.0;40.0;1.5987595466036997;100.0;40.0;0.1;100.0;40.0;0.1;100.0;40.0;0.2;100.0;40.0;0.1;100.0;100.0;100.0;100.0;40.0;1.9950381864147984;100.0;40.0;0.2992557279622197;100.0;40.0;0.1;100.0;40.0;0.1;100.0;40.0;0.1;100.0;40.0;0.1;100.0;40.0;0.1;100.0;40.0;0.5;100.0;40.0;3.0978840480185865
29;60.0;30.0;100.0;40.0;0.1;100.0;40.0;0.3;100.0;40.0;0.2;100.0;40.0;1.5772670324151448;100.0;40.0;0.6545340648302895;100.0;40.0;1.486335162075724;100.0;40.0;0.1;100.0;40.0;0.1;100.0;40.0;0.2;100.0;40.0;0.1;100.0;100.0;100.0;100.0;40.0;1.5453406483028955;100.0;40.0;0.23180109724543432;100.0;40.0;0.1;100.0;40.0;0.1;100.0;40.0;0.1;100.0;40.0;0.1;100.0;40.0;0.1;100.0;40.0;0.5;100.0;40.0;1.9497258100239852
30;60.0;30.0;100.0;40.0;0.1;100.0;40.0;0.3;100.0;40.0;0.2;100.0;40.0;1.5891601092405887;100.0;40.0;0.6783202184811775;100.0;40.0;1.5458005462029438;100.0;40.0;0.1;100.0;40.0;0.1;100.0;40.0;0.2;100.0;40.0;0.1;100.0;100.0;100.0;100.0;40.0;1.783202184811775;100.0;40.0;0.2674803277217662;100.0;40.0;0.1;100.0;40.0;0.1;100.0;40.0;0.1;100.0;40.0;0.1;100.0;40.0;0.1;100.0;40.0;0.5;100.0;40.0;2.477298004163277
31;60.0;30.0;100.0;40.0;0.1;100.0;40.0;0.3;100.0;40.0;0.2;100.0;40.0;1.5995744557742868;100.0;40.0;0.699148911548574;100.0;40.0;1.5978722788714348;100.0;40.0;0.1;100.0;40.0;0.1;100.0;40.0;0.2;100.0;40.0;0.1;100.0;100.0;100.0;100.0;40.0;1.9914891154857395;100.0;40.0;0.2987233673228609;100.0;40.0;0.1;100.0;40.0;0.1;100.0;40.0;0.1;100.0;40.0;0.1;100.0;40.0;0.1;100.0;40.0;0.5;100.0;40.0;3.0858530266577446
32;60.0;30.0;100.0;40.0;0.1;100.0;40.0;0.3;100.0;40.0;0.2;100.0;40.0;1.577465635437179;100.0;40.0;0.654931270874358;100.0;40.0;1.4873281771858948;100.0;40.0;0.1;100.0;40.0;0.1;100.0;40.0;0.2;100.0;40.0;0.1;100.0;100.0;100.0;100.0;40.0;1.5493127087435796;100.0;40.0;0.23239690631153692;100.0;40.0;0.1;100.0;40.0;0.1;100.0;40.0;0.1;100.0;40.0;0.1;100.0;40.0;0.1;100.0;40.0;0.5;100.0;40.0;1.957487786848443
33;60.0;30.0;100.0;40.0;0.1;100.0;40.0;0.3;100.0;40.0;0.2;100.0;40.0;1.5897396438887559;100.0;40.0;0.6794792877775118;100.0;40.0;1.5486982194437795;100.0;40.0;0.1;100.0;40.0;0.1;100.0;40.0;0.2;100.0;40.0;0.1;100.0;100.0;100.0;100.0;40.0;1.7947928777751176;100.0;40.0;0.26921893166626765;100.0;40.0;0.1;100.0;40.0;0.1;100.0;40.0;0.1;100.0;40.0;0.1;100.0;40.0;0.1;100.0;40.0;0.5;100.0;40.0;2.5068844480210766
34;60.0;30.0;100.0;40.0;0.1;100.0;40.0;0.3;100.0;40.0;0.2;100.0;40.0;1.5993781450473354;100.0;40.0;0.6987562900946711;100.0;40.0;1.5968907252366777;100.0;40.0;0.1;100.0;40.0;0.1;100.0;40.0;0.2;100.0;40.0;0.1;100.0;100.0;100.0;100.0;40.0;1.9875629009467106;100.0;40.0;0.2981344351420066;100.0;40.0;0.1;100.0;40.0;0.1;100.0;40.0;0.1;100.0;40.0;0.1;100.0;40.0;0.1;100.0;40.0;0.5;100.0;40.0;3.0726200433094637
35;60.0;30.0;100.0;40.0;0.1;100.0;40.0;0.3;100.0;40.0;0.2;100.0;40.0;1.577681248484171;100.0;40.0;0.6553624969683421;100.0;40.0;1.4884062424208553;100.0;40.0;0.1;100.0;40.0;0.1;100.0;40.0;0.2;100.0;40.0;0.1;100.0;100.0;100.0;100.0;40.0;1.553624969683421;100.0;40.0;0.23304374545251313;100.0;40.0;0.1;100.0;40.0;0.1;100.0;40.0;0.1;100.0;40.0;0.1;100.0;40.0;0.1;100.0;40.0;0.5;100.0;40.0;1.9659488017337503
36;60.0;30.0;100.0;40.0;0.1;100.0;40.0;0.3;100.0;40.0;0.2;100.0;40.0;1.590224327732852;100.0;40.0;0.6804486554657043;100.0;40.0;1.551121638664261;100.0;40.0;0.1;100.0;40.0;0.1;100.0;40.0;0.2;100.0;40.0;0.1;100.0;100.0;100.0;100.0;40.0;1.8044865546570437;100.0;40.0;0.27067298319855654;100.0;40.0;0.1;100.0;40.0;0.1;100.0;40.0;0.1;100.0;40.0;0.1;100.0;40.0;0.1;100.0;40.0;0.5;100.0;40.0;2.5319605690221114
37;60.0;30.0;100.0;40.0;0.1;100.0;40.0;0.3;100.0;40.0;0.2;100.0;40.0;1.5991719140292853;100.0;40.0;0.6983438280585705;100.0;40.0;1.5958595701464262;100.0;40.0;0.1;100.0;40.0;0.1;100.0;40.0;0.2;100.0;40.0;0.1;100.0;100.0;100.0;100.0;40.0;1.9834382805857051;100.0;40.0;0.29751574208785575;100.0;40.0;0.1;100.0;40.0;0.1;100.0;40.0;0.1;100.0;40.0;0.1;100.0;40.0;0.1;100.0;40.0;0.5;100.0;40.0;3.0588040482902903
38;60.0;30.0;100.0;40.0;0.1;100.0;40.0;0.3;100.0;40.0;0.2;100.0;40.0;1.5779053176608158;100.0;40.0;0.6558106353216315;100.0;40.0;1.489526588304079;100.0;40.0;0.1;100.0;40.0;0.1;100.0;40.0;0.2;100.0;40.0;0.1;100.0;100.0;100.0;100.0;40.0;1.5581063532163153;100.0;40.0;0.2337159529824473;100.0;40.0;0.1;100.0;40.0;0.1;100.0;40.0;0.1;100.0;40.0;0.1;100.0;40.0;0.1;100.0;40.0;0.5;100.0;40.0;1.9747797366334836
39;60.0;30.0;100.0;40.0;0.1;100.0;40.0;0.3;100.0;40.0;0.2;100.0;40.0;1.5906348414162021;100.0;40.0;0.6812696828324043;100.0;40.0;1.5531742070810106;100.0;40.0;0.1;100.0;40.0;0.1;100.0;40.0;0.2;100.0;40.0;0.1;100.0;100.0;100.0;100.0;40.0;1.8126968283240426;100.0;40.0;0.2719045242486064;100.0;40.0;0.1;100.0;40.0;0.1;100.0;40.0;0.1;100.0;40.0;0.1;100.0;40.0;0.1;100.0;40.0;0.5;100.0;40.0;2.5534412544866716
40;60.0;30.0;100.0;40.0;0.1;100.0;40.0;0.3;100.0;40.0;0.2;100.0;40.0;1.5989615798734162;100.0;40.0;0.6979231597468325;100.0;40.0;1.5948078993670811;100.0;40.0;0.1;100.0;40.0;0.1;100.0;40.0;0.2;100.0;40.0;0.1;100.0;100.0;100.0;100.0;40.0;1.9792315974683243;100.0;40.0;0.29688473962024864;100.0;40.0;0.1;100.0;40.0;0.1;100.0;40.0;0.1;100.0;40.0;0.1;100.0;40.0;0.1;100.0;40.0;0.5;100.0;40.0;3.0448026563714414
41;60.0;30.0;100.0;40.0;0.1;100.0;40.0;0.3;100.0;40.0;0.2;100.0;40.0;1.5781323483453888;100.0;40.0;0.6562646966907778;100.0;40.0;1.4906617417269445;100.0;40.0;0.1;100.0;40.0;0.1;100.0;40.0;0.2;100.0;40.0;0.1;100.0;100.0;100.0;100.0;40.0;1.5626469669077783;100.0;40.0;0.23439704503616673;100.0;40.0;0.1;100.0;40.0;0.1;100.0;40.0;0.1;100.0;40.0;0.1;100.0;40.0;0.1;100.0;40.0;0.5;100.0;40.0;1.9837673333099777
42;60.0;30.0;100.0;40.0;0.1;100.0;40.0;0.3;100.0;40.0;0.2;100.0;40.0;1.5909863045362245;100.0;40.0;0.681972609072449;100.0;40.0;1.5549315226811227;100.0;40.0;0.1;100.0;40.0;0.1;100.0;40.0;0.2;100.0;40.0;0.1;100.0;100.0;100.0;100.0;40.0;1.8197260907244905;100.0;40.0;0.2729589136086736;100.0;40.0;0.1;100.0;40.0;0.1;100.0;40.0;0.1;100.0;40.0;0.1;100.0;40.0;0.1;100.0;40.0;0.5;100.0;40.0;2.5720117299174783
43;60.0;30.0;100.0;40.0;0.1;100.0;40.0;0.3;100.0;40.0;0.2;100.0;40.0;1.5987509576350702;100.0;40.0;0.6975019152701407;100.0;40.0;1.5937547881753518;100.0;40.0;0.1;100.0;40.0;0.1;100.0;40.0;0.2;100.0;40.0;0.1;100.0;100.0;100.0;100.0;40.0;1.9750191527014074;100.0;40.0;0.2962528729052111;100.0;40.0;0.1;100.0;40.0;0.1;100.0;40.0;0.1;100.0;40.0;0.1;100.0;40.0;0.1;100.0;40.0;0.5;100.0;40.0;3.030871653299653
44;60.0;30.0;100.0;40.0;0.1;100.0;40.0;0.3;100.0;40.0;0.2;100.0;40.0;1.5783587847779976;100.0;40.0;0.6567175695559954;100.0;40.0;1.4917939238899882;100.0;40.0;0.1;100.0;40.0;0.1;100.0;40.0;0.2;100.0;40.0;0.1;100.0;100.0;100.0;100.0;40.0;1.5671756955599532;100.0;40.0;0.23507635433399296;100.0;40.0;0.1;100.0;40.0;0.1;100.0;40.0;0.1;100.0;40.0;0.1;100.0;40.0;0.1;100.0;40.0;0.5;100.0;40.0;1.9927718149302571
45;60.0;30.0;100.0;40.0;0.1;100.0;40.0;0.3;100.0;40.0;0.2;100.0;40.0;1.591290022084493;100.0;40.0;0.6825800441689861;100.0;40.0;1.5564501104224653;100.0;40.0;0.1;100.0;40.0;0.1;100.0;40.0;0.2;100.0;40.0;0.1;100.0;100.0;100.0;100.0;40.0;1.825800441689861;100.0;40.0;0.27387006625347915;100.0;40.0;0.1;100.0;40.0;0.1;100.0;40.0;0.1;100.0;40.0;0.1;100.0;40.0;0.1;100.0;40.0;0.5;100.0;40.0;2.5881951692927703
46;60.0;30.0;100.0;40.0;0.1;100.0;40.0;0.3;100.0;40.0;0.2;100.0;40.0;1.5985425499484978;100.0;40.0;0.6970850998969957;100.0;40.0;1.5927127497424893;100.0;40.0;0.1;100.0;40.0;0.1;100.0;40.0;0.2;100.0;40.0;0.1;100.0;100.0;100.0;100.0;40.0;1.9708509989699572;100.0;40.0;0.29562764984549356;100.0;40.0;0.1;100.0;40.0;0.1;100.0;40.0;0.1;100.0;40.0;0.1;100.0;40.0;0.1;100.0;40.0;0.5;100.0;40.0;3.0171743838992406
47;60.0;30.0;100.0;40.0;0.1;100.0;40.0;0.3;100.0;40.0;0.2;100.0;40.0;1.5785823279467868;100.0;40.0;0.6571646558935736;100.0;40.0;1.4929116397339341;100.0;40.0;0.1;100.0;40.0;0.1;100.0;40.0;0.2;100.0;40.0;0.1;100.0;100.0;100.0;100.0;40.0;1.5716465589357362;100.0;40.0;0.2357469838403604;100.0;40.0;0.1;100.0;40.0;0.1;100.0;40.0;0.1;100.0;40.0;0.1;100.0;40.0;0.1;100.0;40.0;0.5;100.0;40.0;2.0017011875863426
48;60.0;30.0;100.0;40.0;0.1;100.0;40.0;0.3;100.0;40.0;0.2;100.0;40.0;1.5915546123980657;100.0;40.0;0.6831092247961316;100.0;40.0;1.557773061990329;100.0;40.0;0.1;100.0;40.0;0.1;100.0;40.0;0.2;100.0;40.0;0.1;100.0;100.0;100.0;100.0;40.0;1.8310922479613159;100.0;40.0;0.27466383719419735;100.0;40.0;0.1;100.0;40.0;0.1;100.0;40.0;0.1;100.0;40.0;0.1;100.0;40.0;0.1;100.0;40.0;0.5;100.0;40.0;2.602397766625291
49;60.0;30.0;100.0;40.0;0.1;100.0;40.0;0.3;100.0;40.0;0.2;100.0;40.0;1.5983379843249144;100.0;40.0;0.6966759686498287;100.0;40.0;1.5916899216245717;100.0;40.0;0.1;100.0;40.0;0.1;100.0;40.0;0.2;100.0;40.0;0.1;100.0;100.0;100.0;100.0;40.0;1.966759686498287;100.0;40.0;0.29501395297474303;100.0;40.0;0.1;100.0;40.0;0.1;100.0;40.0;0.1;100.0;40.0;0.1;100.0;40.0;0.1;100.0;40.0;0.5;100.0;40.0;3.003813132878619
50;60.0;30.0;100.0;40.0;0.1;100.0;40.0;0.3;100.0;40.0;0.2;100.0;40.0;1.5788015081851994;100.0;40.0;0.657603016370399;100.0;40.0;1.4940075409259974;100.0;40.0;0.1;100.0;40.0;0.1;100.0;40.0;0.2;100.0;40.0;0.1;100.0;100.0;100.0;100.0;40.0;1.5760301637039893;100.0;40.0;0.23640452455559838;100.0;40.0;0.1;100.0;40.0;0.1;100.0;40.0;0.1;100.0;40.0;0.1;100.0;40.0;0.1;100.0;40.0;0.5;100.0;40.0;2.010495162761185
51;60.0;30.0;100.0;40.0;0.1;100.0;40.0;0.3;100.0;40.0;0.2;100.0;40.0;1.591786757797001;100.0;40.0;0.6835735155940024;100.0;40.0;1.5589337889850057;100.0;40.0;0.1;100.0;40.0;0.1;100.0;40.0;0.2;100.0;40.0;0.1;100.0;100.0;100.0;100.0;40.0;1.835735155940023;100.0;40.0;0.27536027339100344;100.0;40.0;0.1;100.0;40.0;0.1;100.0;40.0;0.1;100.0;40.0;0.1;100.0;40.0;0.1;100.0;40.0;0.5;100.0;40.0;2.614939575391354
52;60.0;30.0;100.0;40.0;0.1;100.0;40.0;0.3;100.0;40.0;0.2;100.0;40.0;1.5981382968940208;100.0;40.0;0.6962765937880415;100.0;40.0;1.5906914844701037;100.0;40.0;0.1;100.0;40.0;0.1;100.0;40.0;0.2;100.0;40.0;0.1;100.0;100.0;100.0;100.0;40.0;1.9627659378804148;100.0;40.0;0.2944148906820622;100.0;40.0;0.1;100.0;40.0;0.1;100.0;40.0;0.1;100.0;40.0;0.1;100.0;40.0;0.1;100.0;40.0;0.5;100.0;40.0;2.990849454689965
53;60.0;30.0;100.0;40.0;0.1;100.0;40.0;0.3;100.0;40.0;0.2;100.0;40.0;1.5790154107703822;100.0;40.0;0.6580308215407646;100.0;40.0;1.4950770538519116;100.0;40.0;0.1;100.0;40.0;0.1;100.0;40.0;0.2;100.0;40.0;0.1;100.0;100.0;100.0;100.0;40.0;1.580308215407646;100.0;40.0;0.23704623231114688;100.0;40.0;0.1;100.0;40.0;0.1;100.0;40.0;0.1;100.0;40.0;0.1;100.0;40.0;0.1;100.0;40.0;0.5;100.0;40.0;2.0191148304140807
54;60.0;30.0;100.0;40.0;0.1;100.0;40.0;0.3;100.0;40.0;0.2;100.0;40.0;1.5919917172862783;100.0;40.0;0.6839834345725565;100.0;40.0;1.5599585864313914;100.0;40.0;0.1;100.0;40.0;0.1;100.0;40.0;0.2;100.0;40.0;0.1;100.0;100.0;100.0;100.0;40.0;1.8398343457255653;100.0;40.0;0.27597515185883476;100.0;40.0;0.1;100.0;40.0;0.1;100.0;40.0;0.1;100.0;40.0;0.1;100.0;40.0;0.1;100.0;40.0;0.5;100.0;40.0;2.626076095898267
55;60.0;30.0;100.0;40.0;0.1;100.0;40.0;0.3;100.0;40.0;0.2;100.0;40.0;1.5979441201637519;100.0;40.0;0.6958882403275036;100.0;40.0;1.5897206008187592;100.0;40.0;0.1;100.0;40.0;0.1;100.0;40.0;0.2;100.0;40.0;0.1;100.0;100.0;100.0;100.0;40.0;1.9588824032750365;100.0;40.0;0.29383236049125544;100.0;40.0;0.1;100.0;40.0;0.1;100.0;40.0;0.1;100.0;40.0;0.1;100.0;40.0;0.1;100.0;40.0;0.5;100.0;40.0;2.9783175645537194
56;60.0;30.0;100.0;40.0;0.1;100.0;40.0;0.3;100.0;40.0;0.2;100.0;40.0;1.5792234960771647;100.0;40.0;0.6584469921543293;100.0;40.0;1.4961174803858235;100.0;40.0;0.1;100.0;40.0;0.1;100.0;40.0;0.2;100.0;40.0;0.1;100.0;100.0;100.0;100.0;40.0;1.5844699215432936;100.0;40.0;0.23767048823149403;100.0;40.0;0.1;100.0;40.0;0.1;100.0;40.0;0.1;100.0;40.0;0.1;100.0;40.0;0.1;100.0;40.0;0.5;100.0;40.0;2.0275358757264437
57;60.0;30.0;100.0;40.0;0.1;100.0;40.0;0.3;100.0;40.0;0.2;100.0;40.0;1.5921736848238353;100.0;40.0;0.6843473696476706;100.0;40.0;1.5608684241191766;100.0;40.0;0.1;100.0;40.0;0.1;100.0;40.0;0.2;100.0;40.0;0.1;100.0;100.0;100.0;100.0;40.0;1.8434736964767062;100.0;40.0;0.27652105447150593;100.0;40.0;0.1;100.0;40.0;0.1;100.0;40.0;0.1;100.0;40.0;0.1;100.0;40.0;0.1;100.0;40.0;0.5;100.0;40.0;2.6360136930507903
58;60.0;30.0;100.0;40.0;0.1;100.0;40.0;0.3;100.0;40.0;0.2;100.0;40.0;1.5977558093643525;100.0;40.0;0.6955116187287048;100.0;40.0;1.5887790468217622;100.0;40.0;0.1;100.0;40.0;0.1;100.0;40.0;0.2;100.0;40.0;0.1;100.0;100.0;100.0;100.0;40.0;1.9551161872870484;100.0;40.0;0.2932674280930572;100.0;40.0;0.1;100.0;40.0;0.1;100.0;40.0;0.1;100.0;40.0;0.1;100.0;40.0;0.1;100.0;40.0;0.5;100.0;40.0;2.9662332840653773
59;60.0;30.0;100.0;40.0;0.1;100.0;40.0;0.3;100.0;40.0;0.2;100.0;40.0;1.5794254796237226;100.0;40.0;0.6588509592474454;100.0;40.0;1.4971273981186135;100.0;40.0;0.1;100.0;40.0;0.1;100.0;40.0;0.2;100.0;40.0;0.1;100.0;100.0;100.0;100.0;40.0;1.588509592474454;100.0;40.0;0.23827643887116806;100.0;40.0;0.1;100.0;40.0;0.1;100.0;40.0;0.1;100.0;40.0;0.1;100.0;40.0;0.1;100.0;40.0;0.5;100.0;40.0;2.0357440377695264
60;60.0;30.0;100.0;40.0;0.1;100.0;40.0;0.3;100.0;40.0;0.2;100.0;40.0;1.592336044777739;100.0;40.0;0.6846720895554782;100.0;40.0;1.5616802238886953;100.0;40.0;0.1;100.0;40.0;0.1;100.0;40.0;0.2;100.0;40.0;0.1;100.0;100.0;100.0;100.0;40.0;1.8467208955547816;100.0;40.0;0.27700813433321725;100.0;40.0;0.1;100.0;40.0;0.1;100.0;40.0;0.1;100.0;40.0;0.1;100.0;40.0;0.1;100.0;40.0;0.5;100.0;40.0;2.6449208064789422
61;60.0;30.0;100.0;40.0;0.1;100.0;40.0;0.3;100.0;40.0;0.2;100.0;40.0;1.5975735286823263;100.0;40.0;0.6951470573646525;100.0;40.0;1.5878676434116314;100.0;40.0;0.1;100.0;40.0;0.1;100.0;40.0;0.2;100.0;40.0;0.1;100.0;100.0;100.0;100.0;40.0;1.9514705736465254;100.0;40.0;0.2927205860469788;100.0;40.0;0.1;100.0;40.0;0.1;100.0;40.0;0.1;100.0;40.0;0.1;100.0;40.0;0.1;100.0;40.0;0.5;100.0;40.0;2.9546000878669565
62;60.0;30.0;100.0;40.0;0.1;100.0;40.0;0.3;100.0;40.0;0.2;100.0;40.0;1.5796212508741825;100.0;40.0;0.659242501748365;100.0;40.0;1.4981062543709123;100.0;40.0;0.1;100.0;40.0;0.1;100.0;40.0;0.2;100.0;40.0;0.1;100.0;100.0;100.0;100.0;40.0;1.592425017483649;100.0;40.0;0.23886375262254733;100.0;40.0;0.1;100.0;40.0;0.1;100.0;40.0;0.1;100.0;40.0;0.1;100.0;40.0;0.1;100.0;40.0;0.5;100.0;40.0;2.043732019371729
63;60.0;30.0;100.0;40.0;0.1;100.0;40.0;0.3;100.0;40.0;0.2;100.0;40.0;1.5924815573831255;100.0;40.0;0.6849631147662513;100.0;40.0;1.562407786915628;100.0;40.0;0.1;100.0;40.0;0.1;100.0;40.0;0.2;100.0;40.0;0.1;100.0;100.0;100.0;100.0;40.0;1.8496311476625122;100.0;40.0;0.27744467214937685;100.0;40.0;0.1;100.0;40.0;0.1;100.0;40.0;0.1;100.0;40.0;0.1;100.0;40.0;0.1;100.0;40.0;0.5;100.0;40.0;2.652936233032048
64;60.0;30.0;100.0;40.0;0.1;100.0;40.0;0.3;100.0;40.0;0.2;100.0;40.0;1.5973973108245796;100.0;40.0;0.6947946216491595;100.0;40.0;1.5869865541228987;100.0;40.0;0.1;100.0;40.0;0.1;100.0;40.0;0.2;100.0;40.0;0.1;100.0;100.0;100.0;100.0;40.0;1.9479462164915946;100.0;40.0;0.2921919324737392;100.0;40.0;0.1;100.0;40.0;0.1;100.0;40.0;0.1;100.0;40.0;0.1;100.0;40.0;0.1;100.0;40.0;0.5;100.0;40.0;2.9434132301047216
65;60.0;30.0;100.0;40.0;0.1;100.0;40.0;0.3;100.0;40.0;0.2;100.0;40.0;1.5798108175954755;100.0;40.0;0.659621635190951;100.0;40.0;1.4990540879773773;100.0;40.0;0.1;100.0;40.0;0.1;100.0;40.0;0.2;100.0;40.0;0.1;100.0;100.0;100.0;100.0;40.0;1.5962163519095092;100.0;40.0;0.23943245278642636;100.0;40.0;0.1;100.0;40.0;0.1;100.0;40.0;0.1;100.0;40.0;0.1;100.0;40.0;0.1;100.0;40.0;0.5;100.0;40.0;2.0514973553287725
66;60.0;30.0;100.0;40.0;0.1;100.0;40.0;0.3;100.0;40.0;0.2;100.0;40.0;1.5926124955719065;100.0;40.0;0.6852249911438134;100.0;40.0;1.5630624778595335;100.0;40.0;0.1;100.0;40.0;0.1;100.0;40.0;0.2;100.0;40.0;0.1;100.0;100.0;100.0;100.0;40.0;1.8522499114381341;100.0;40.0;0.2778374867157201;100.0;40.0;0.1;100.0;40.0;0.1;100.0;40.0;0.1;100.0;40.0;0.1;100.0;40.0;0.1;100.0;40.0;0.5;100.0;40.0;2.6601753353250697
67;60.0;30.0;100.0;40.0;0.1;100.0;40.0;0.3;100.0;40.0;0.2;100.0;40.0;1.5972270985676296;100.0;40.0;0.6944541971352594;100.0;40.0;1.5861354928381484;100.0;40.0;0.1;100.0;40.0;0.1;100.0;40.0;0.2;100.0;40.0;0.1;100.0;100.0;100.0;100.0;40.0;1.9445419713525938;100.0;40.0;0.29168129570288903;100.0;40.0;0.1;100.0;40.0;0.1;100.0;40.0;0.1;100.0;40.0;0.1;100.0;40.0;0.1;100.0;40.0;0.5;100.0;40.0;2.932662581368042
68;60.0;30.0;100.0;40.0;0.1;100.0;40.0;0.3;100.0;40.0;0.2;100.0;40.0;1.5799942673418303;100.0;40.0;0.6599885346836607;100.0;40.0;1.4999713367091518;100.0;40.0;0.1;100.0;40.0;0.1;100.0;40.0;0.2;100.0;40.0;0.1;100.0;100.0;100.0;100.0;40.0;1.599885346836607;100.0;40.0;0.23998280202549105;100.0;40.0;0.1;100.0;40.0;0.1;100.0;40.0;0.1;100.0;40.0;0.1;100.0;40.0;0.1;100.0;40.0;0.5;100.0;40.0;2.0590409246898798
69;60.0;30.0;100.0;40.0;0.1;100.0;40.0;0.3;100.0;40.0;0.2;100.0;40.0;1.5927307474073502;100.0;40.0;0.6854614948147008;100.0;40.0;1.5636537370367518;100.0;40.0;0.1;100.0;40.0;0.1;100.0;40.0;0.2;100.0;40.0;0.1;100.0;100.0;100.0;100.0;40.0;1.8546149481470073;100.0;40.0;0.2781922422220511;100.0;40.0;0.1;100.0;40.0;0.1;100.0;40.0;0.1;100.0;40.0;0.1;100.0;40.0;0.1;100.0;40.0;0.5;100.0;40.0;2.6667347570676503
70;60.0;30.0;100.0;40.0;0.1;100.0;40.0;0.3;100.0;40.0;0.2;100.0;40.0;1.5970627739682317;100.0;40.0;0.6941255479364634;100.0;40.0;1.5853138698411586;100.0;40.0;0.1;100.0;40.0;0.1;100.0;40.0;0.2;100.0;40.0;0.1;100.0;100.0;100.0;100.0;40.0;1.9412554793646344;100.0;40.0;0.2911883219046951;100.0;40.0;0.1;100.0;40.0;0.1;100.0;40.0;0.1;100.0;40.0;0.1;100.0;40.0;0.1;100.0;40.0;0.5;100.0;40.0;2.922334589174703
71;60.0;30.0;100.0;40.0;0.1;100.0;40.0;0.3;100.0;40.0;0.2;100.0;40.0;1.5801717405850237;100.0;40.0;0.6603434811700475;100.0;40.0;1.5008587029251188;100.0;40.0;0.1;100.0;40.0;0.1;100.0;40.0;0.2;100.0;40.0;0.1;100.0;100.0;100.0;100.0;40.0;1.6034348117004753;100.0;40.0;0.24051522175507128;100.0;40.0;0.1;100.0;40.0;0.1;100.0;40.0;0.1;100.0;40.0;0.1;100.0;40.0;0.1;100.0;40.0;0.5;100.0;40.0;2.0663659026425285
72;60.0;30.0;100.0;40.0;0.1;100.0;40.0;0.3;100.0;40.0;0.2;100.0;40.0;1.592837893790116;100.0;40.0;0.6856757875802322;100.0;40.0;1.5641894689505802;100.0;40.0;0.1;100.0;40.0;0.1;100.0;40.0;0.2;100.0;40.0;0.1;100.0;100.0;100.0;100.0;40.0;1.856757875802321;100.0;40.0;0.27851368137034815;100.0;40.0;0.1;100.0;40.0;0.1;100.0;40.0;0.1;100.0;40.0;0.1;100.0;40.0;0.1;100.0;40.0;0.5;100.0;40.0;2.6726960473487713
73;60.0;30.0;100.0;40.0;0.1;100.0;40.0;0.3;100.0;40.0;0.2;100.0;40.0;1.5969041790197913;100.0;40.0;0.6938083580395829;100.0;40.0;1.584520895098957;100.0;40.0;0.1;100.0;40.0;0.1;100.0;40.0;0.2;100.0;40.0;0.1;100.0;100.0;100.0;100.0;40.0;1.9380835803958283;100.0;40.0;0.2907125370593742;100.0;40.0;0.1;100.0;40.0;0.1;100.0;40.0;0.1;100.0;40.0;0.1;100.0;40.0;0.1;100.0;40.0;0.5;100.0;40.0;2.912413636501772
74;60.0;30.0;100.0;40.0;0.1;100.0;40.0;0.3;100.0;40.0;0.2;100.0;40.0;1.5803434118630109;100.0;40.0;0.6606868237260219;100.0;40.0;1.5017170593150548;100.0;40.0;0.1;100.0;40.0;0.1;100.0;40.0;0.2;100.0;40.0;0.1;100.0;100.0;100.0;100.0;40.0;1.6068682372602192;100.0;40.0;0.24103023558903286;100.0;40.0;0.1;100.0;40.0;0.1;100.0;40.0;0.1;100.0;40.0;0.1;100.0;40.0;0.1;100.0;40.0;0.5;100.0;40.0;2.0734770165363585
75;60.0;30.0;100.0;40.0;0.1;100.0;40.0;0.3;100.0;40.0;0.2;100.0;40.0;1.5929352681201234;100.0;40.0;0.6858705362402472;100.0;40.0;1.5646763406006179;100.0;40.0;0.1;100.0;40.0;0.1;100.0;40.0;0.2;100.0;40.0;0.1;100.0;100.0;100.0;100.0;40.0;1.8587053624024714;100.0;40.0;0.2788058043603707;100.0;40.0;0.1;100.0;40.0;0.1;100.0;40.0;0.1;100.0;40.0;0.1;100.0;40.0;0.1;100.0;40.0;0.5;100.0;40.0;2.678128476952716
76;60.0;30.0;100.0;40.0;0.1;100.0;40.0;0.3;100.0;40.0;0.2;100.0;40.0;1.5967511303148685;100.0;40.0;0.6935022606297372;100.0;40.0;1.5837556515743427;100.0;40.0;0.1;100.0;40.0;0.1;100.0;40.0;0.2;100.0;40.0;0.1;100.0;100.0;100.0;100.0;40.0;1.9350226062973712;100.0;40.0;0.29025339094460567;100.0;40.0;0.1;100.0;40.0;0.1;100.0;40.0;0.1;100.0;40.0;0.1;100.0;40.0;0.1;100.0;40.0;0.5;100.0;40.0;2.902882983179472
77;60.0;30.0;100.0;40.0;0.1;100.0;40.0;0.3;100.0;40.0;0.2;100.0;40.0;1.580509476509908;100.0;40.0;0.661018953019816;100.0;40.0;1.50254738254954;100.0;40.0;0.1;100.0;40.0;0.1;100.0;40.0;0.2;100.0;40.0;0.1;100.0;100.0;100.0;100.0;40.0;1.6101895301981595;100.0;40.0;0.24152842952972392;100.0;40.0;0.1;100.0;40.0;0.1;100.0;40.0;0.1;100.0;40.0;0.1;100.0;40.0;0.1;100.0;40.0;0.5;100.0;40.0;2.0803800148522202
78;60.0;30.0;100.0;40.0;0.1;100.0;40.0;0.3;100.0;40.0;0.2;100.0;40.0;1.593024002612456;100.0;40.0;0.686048005224912;100.0;40.0;1.56512001306228;100.0;40.0;0.1;100.0;40.0;0.1;100.0;40.0;0.2;100.0;40.0;0.1;100.0;100.0;100.0;100.0;40.0;1.8604800522491203;100.0;40.0;0.279072007837368;100.0;40.0;0.1;100.0;40.0;0.1;100.0;40.0;0.1;100.0;40.0;0.1;100.0;40.0;0.1;100.0;40.0;0.5;100.0;40.0;2.6830912489292835
79;60.0;30.0;100.0;40.0;0.1;100.0;40.0;0.3;100.0;40.0;0.2;100.0;40.0;1.5966034294689333;100.0;40.0;0.6932068589378668;100.0;40.0;1.583017147344667;100.0;40.0;0.1;100.0;40.0;0.1;100.0;40.0;0.2;100.0;40.0;0.1;100.0;100.0;100.0;100.0;40.0;1.9320685893786684;100.0;40.0;0.28981028840680023;100.0;40.0;0.1;100.0;40.0;0.1;100.0;40.0;0.1;100.0;40.0;0.1;100.0;40.0;0.1;100.0;40.0;0.5;100.0;40.0;2.8937254160525265
80;60.0;30.0;100.0;40.0;0.1;100.0;40.0;0.3;100.0;40.0;0.2;100.0;40.0;1.580670141307581;100.0;40.0;0.6613402826151621;100.0;40.0;1.503350706537905;100.0;40.0;0.1;100.0;40.0;0.1;100.0;40.0;0.2;100.0;40.0;0.1;100.0;100.0;100.0;100.0;40.0;1.6134028261516205;100.0;40.0;0.24201042392274305;100.0;40.0;0.1;100.0;40.0;0.1;100.0;40.0;0.1;100.0;40.0;0.1;100.0;40.0;0.1;100.0;40.0;0.5;100.0;40.0;2.0870812868293838
81;60.0;30.0;100.0;40.0;0.1;100.0;40.0;0.3;100.0;40.0;0.2;100.0;40.0;1.593105064619067;100.0;40.0;0.6862101292381343;100.0;40.0;1.5655253230953357;100.0;40.0;0.1;100.0;40.0;0.1;100.0;40.0;0.2;100.0;40.0;0.1;100.0;100.0;100.0;100.0;40.0;1.862101292381343;100.0;40.0;0.27931519385720144;100.0;40.0;0.1;100.0;40.0;0.1;100.0;40.0;0.1;100.0;40.0;0.1;100.0;40.0;0.1;100.0;40.0;0.5;100.0;40.0;2.687635249858843
82;60.0;30.0;100.0;40.0;0.1;100.0;40.0;0.3;100.0;40.0;0.2;100.0;40.0;1.5964608705229113;100.0;40.0;0.6929217410458226;100.0;40.0;1.5823043526145564;100.0;40.0;0.1;100.0;40.0;0.1;100.0;40.0;0.2;100.0;40.0;0.1;100.0;100.0;100.0;100.0;40.0;1.9292174104582258;100.0;40.0;0.28938261156873385;100.0;40.0;0.1;100.0;40.0;0.1;100.0;40.0;0.1;100.0;40.0;0.1;100.0;40.0;0.1;100.0;40.0;0.5;100.0;40.0;2.8849236945847476
83;60.0;30.0;100.0;40.0;0.1;100.0;40.0;0.3;100.0;40.0;0.2;100.0;40.0;1.5808256179146059;100.0;40.0;0.6616512358292117;100.0;40.0;1.5041280895730291;100.0;40.0;0.1;100.0;40.0;0.1;100.0;40.0;0.2;100.0;40.0;0.1;100.0;100.0;100.0;100.0;40.0;1.6165123582921164;100.0;40.0;0.24247685374381744;100.0;40.0;0.1;100.0;40.0;0.1;100.0;40.0;0.1;100.0;40.0;0.1;100.0;40.0;0.1;100.0;40.0;0.5;100.0;40.0;2.0935875896521208
84;60.0;30.0;100.0;40.0;0.1;100.0;40.0;0.3;100.0;40.0;0.2;100.0;40.0;1.5931792853804208;100.0;40.0;0.6863585707608415;100.0;40.0;1.5658964269021036;100.0;40.0;0.1;100.0;40.0;0.1;100.0;40.0;0.2;100.0;40.0;0.1;100.0;100.0;100.0;100.0;40.0;1.8635857076084148;100.0;40.0;0.2795378561412622;100.0;40.0;0.1;100.0;40.0;0.1;100.0;40.0;0.1;100.0;40.0;0.1;100.0;40.0;0.1;100.0;40.0;0.5;100.0;40.0;2.691804449192906
85;60.0;30.0;100.0;40.0;0.1;100.0;40.0;0.3;100.0;40.0;0.2;100.0;40.0;1.5963232451781337;100.0;40.0;0.6926464903562678;100.0;40.0;1.5816162258906694;100.0;40.0;0.1;100.0;40.0;0.1;100.0;40.0;0.2;100.0;40.0;0.1;100.0;100.0;100.0;100.0;40.0;1.926464903562678;100.0;40.0;0.2889697355344017;100.0;40.0;0.1;100.0;40.0;0.1;100.0;40.0;0.1;100.0;40.0;0.1;100.0;40.0;0.1;100.0;40.0;0.5;100.0;40.0;2.87646085213702
86;60.0;30.0;100.0;40.0;0.1;100.0;40.0;0.3;100.0;40.0;0.2;100.0;40.0;1.5809761182751014;100.0;40.0;0.6619522365502029;100.0;40.0;1.504880591375507;100.0;40.0;0.1;100.0;40.0;0.1;100.0;40.0;0.2;100.0;40.0;0.1;100.0;100.0;100.0;100.0;40.0;1.619522365502028;100.0;40.0;0.2429283548253042;100.0;40.0;0.1;100.0;40.0;0.1;100.0;40.0;0.1;100.0;40.0;0.1;100.0;40.0;0.1;100.0;40.0;0.5;100.0;40.0;2.099905853023777
87;60.0;30.0;100.0;40.0;0.1;100.0;40.0;0.3;100.0;40.0;0.2;100.0;40.0;1.5932473829825051;100.0;40.0;0.6864947659650101;100.0;40.0;1.5662369149125255;100.0;40.0;0.1;100.0;40.0;0.1;100.0;40.0;0.2;100.0;40.0;0.1;100.0;100.0;100.0;100.0;40.0;1.8649476596501016;100.0;40.0;0.2797421489475152;100.0;40.0;0.1;100.0;40.0;0.1;100.0;40.0;0.1;100.0;40.0;0.1;100.0;40.0;0.1;100.0;40.0;0.5;100.0;40.0;2.695637026324872
88;60.0;30.0;100.0;40.0;0.1;100.0;40.0;0.3;100.0;40.0;0.2;100.0;40.0;1.5961903464678937;100.0;40.0;0.6923806929357876;100.0;40.0;1.5809517323394693;100.0;40.0;0.1;100.0;40.0;0.1;100.0;40.0;0.2;100.0;40.0;0.1;100.0;100.0;100.0;100.0;40.0;1.9238069293578768;100.0;40.0;0.2885710394036815;100.0;40.0;0.1;100.0;40.0;0.1;100.0;40.0;0.1;100.0;40.0;0.1;100.0;40.0;0.1;100.0;40.0;0.5;100.0;40.0;2.868320395118762
89;60.0;30.0;100.0;40.0;0.1;100.0;40.0;0.3;100.0;40.0;0.2;100.0;40.0;1.5811218514461745;100.0;40.0;0.6622437028923492;100.0;40.0;1.505609257230873;100.0;40.0;0.1;100.0;40.0;0.1;100.0;40.0;0.2;100.0;40.0;0.1;100.0;100.0;100.0;100.0;40.0;1.6224370289234922;100.0;40.0;0.2433655543385238;100.0;40.0;0.1;100.0;40.0;0.1;100.0;40.0;0.1;100.0;40.0;0.1;100.0;40.0;0.1;100.0;40.0;0.5;100.0;40.0;2.1060430397832324
90;60.0;30.0;100.0;40.0;0.1;100.0;40.0;0.3;100.0;40.0;0.2;100.0;40.0;1.59330998083479;100.0;40.0;0.6866199616695798;100.0;40.0;1.5665499041739495;100.0;40.0;0.1;100.0;40.0;0.1;100.0;40.0;0.2;100.0;40.0;0.1;100.0;100.0;100.0;100.0;40.0;1.866199616695798;100.0;40.0;0.2799299425043697;100.0;40.0;0.1;100.0;40.0;0.1;100.0;40.0;0.1;100.0;40.0;0.1;100.0;40.0;0.1;100.0;40.0;0.5;100.0;40.0;2.6991662851149916
91;60.0;30.0;100.0;40.0;0.1;100.0;40.0;0.3;100.0;40.0;0.2;100.0;40.0;1.5960619712969049;100.0;40.0;0.6921239425938099;100.0;40.0;1.5803098564845248;100.0;40.0;0.1;100.0;40.0;0.1;100.0;40.0;0.2;100.0;40.0;0.1;100.0;100.0;100.0;100.0;40.0;1.921239425938099;100.0;40.0;0.28818591389071485;100.0;40.0;0.1;100.0;40.0;0.1;100.0;40.0;0.1;100.0;40.0;0.1;100.0;40.0;0.1;100.0;40.0;0.5;100.0;40.0;2.8604864297940638
92;60.0;30.0;100.0;40.0;0.1;100.0;40.0;0.3;100.0;40.0;0.2;100.0;40.0;1.5812630214455428;100.0;40.0;0.6625260428910855;100.0;40.0;1.506315107227714;100.0;40.0;0.1;100.0;40.0;0.1;100.0;40.0;0.2;100.0;40.0;0.1;100.0;100.0;100.0;100.0;40.0;1.6252604289108552;100.0;40.0;0.24378906433662828;100.0;40.0;0.1;100.0;40.0;0.1;100.0;40.0;0.1;100.0;40.0;0.1;100.0;40.0;0.1;100.0;40.0;0.5;100.0;40.0;2.112006047320391
93;60.0;30.0;100.0;40.0;0.1;100.0;40.0;0.3;100.0;40.0;0.2;100.0;40.0;1.5933676226545066;100.0;40.0;0.6867352453090135;100.0;40.0;1.5668381132725338;100.0;40.0;0.1;100.0;40.0;0.1;100.0;40.0;0.2;100.0;40.0;0.1;100.0;100.0;100.0;100.0;40.0;1.8673524530901349;100.0;40.0;0.28010286796352024;100.0;40.0;0.1;100.0;40.0;0.1;100.0;40.0;0.1;100.0;40.0;0.1;100.0;40.0;0.1;100.0;40.0;0.5;100.0;40.0;2.7024214010978485
94;60.0;30.0;100.0;40.0;0.1;100.0;40.0;0.3;100.0;40.0;0.2;100.0;40.0;1.595937922158877;100.0;40.0;0.6918758443177538;100.0;40.0;1.5796896107943845;100.0;40.0;0.1;100.0;40.0;0.1;100.0;40.0;0.2;100.0;40.0;0.1;100.0;100.0;100.0;100.0;40.0;1.9187584431775382;100.0;40.0;0.2878137664766307;100.0;40.0;0.1;100.0;40.0;0.1;100.0;40.0;0.1;100.0;40.0;0.1;100.0;40.0;0.1;100.0;40.0;0.5;100.0;40.0;2.8529437378895155
95;60.0;30.0;100.0;40.0;0.1;100.0;40.0;0.3;100.0;40.0;0.2;100.0;40.0;1.5813998258343314;100.0;40.0;0.662799651668663;100.0;40.0;1.5069991291716576;100.0;40.0;0.1;100.0;40.0;0.1;100.0;40.0;0.2;100.0;40.0;0.1;100.0;100.0;100.0;100.0;40.0;1.62799651668663;100.0;40.0;0.24419947750299448;100.0;40.0;0.1;100.0;40.0;0.1;100.0;40.0;0.1;100.0;40.0;0.1;100.0;40.0;0.1;100.0;40.0;0.5;100.0;40.0;2.1178016388126695
96;60.0;30.0;100.0;40.0;0.1;100.0;40.0;0.3;100.0;40.0;0.2;100.0;40.0;1.5934207847027633;100.0;40.0;0.6868415694055265;100.0;40.0;1.5671039235138164;100.0;40.0;0.1;100.0;40.0;0.1;100.0;40.0;0.2;100.0;40.0;0.1;100.0;100.0;100.0;100.0;40.0;1.8684156940552656;100.0;40.0;0.2802623541082898;100.0;40.0;0.1;100.0;40.0;0.1;100.0;40.0;0.1;100.0;40.0;0.1;100.0;40.0;0.1;100.0;40.0;0.5;100.0;40.0;2.705428035942875
97;60.0;30.0;100.0;40.0;0.1;100.0;40.0;0.3;100.0;40.0;0.2;100.0;40.0;1.5958180082567957;100.0;40.0;0.6916360165135916;100.0;40.0;1.579090041283979;100.0;40.0;0.1;100.0;40.0;0.1;100.0;40.0;0.2;100.0;40.0;0.1;100.0;100.0;100.0;100.0;40.0;1.9163601651359161;100.0;40.0;0.2874540247703874;100.0;40.0;0.1;100.0;40.0;0.1;100.0;40.0;0.1;100.0;40.0;0.1;100.0;40.0;0.1;100.0;40.0;0.5;100.0;40.0;2.8456778160970075
98;60.0;30.0;100.0;40.0;0.1;100.0;40.0;0.3;100.0;40.0;0.2;100.0;40.0;1.5815324548298308;100.0;40.0;0.6630649096596617;100.0;40.0;1.5076622741491543;100.0;40.0;0.1;100.0;40.0;0.1;100.0;40.0;0.2;100.0;40.0;0.1;100.0;100.0;100.0;100.0;40.0;1.630649096596617;100.0;40.0;0.24459736448949254;100.0;40.0;0.1;100.0;40.0;0.1;100.0;40.0;0.1;100.0;40.0;0.1;100.0;40.0;0.1;100.0;40.0;0.5;100.0;40.0;2.12343639631693
99;60.0;30.0;100.0;40.0;0.1;100.0;40.0;0.3;100.0;40.0;0.2;100.0;40.0;1.5934698858418188;100.0;40.0;0.6869397716836376;100.0;40.0;1.5673494292090941;100.0;40.0;0.1;100.0;40.0;0.1;100.0;40.0;0.2;100.0;40.0;0.1;100.0;100.0;100.0;100.0;40.0;1.8693977168363767;100.0;40.0;0.2804096575254565;100.0;40.0;0.1;100.0;40.0;0.1;100.0;40.0;0.1;100.0;40.0;0.1;100.0;40.0;0.1;100.0;40.0;0.5;100.0;40.0;2.708208845822034
100;60.0;30.0;100.0;40.0;0.1;100.0;40.0;0.3;100.0;40.0;0.2;100.0;40.0;1.5957020461894469;100.0;40.0;0.6914040923788938;100.0;40.0;1.5785102309472343;100.0;40.0;0.1;100.0;40.0;0.1;100.0;40.0;0.2;100.0;40.0;0.1;100.0;100.0;100.0;100.0;40.0;1.914040923788937;100.0;40.0;0.28710613856834055;100.0;40.0;0.1;100.0;40.0;0.1;100.0;40.0;0.1;100.0;40.0;0.1;100.0;40.0;0.1;100.0;40.0;0.5;100.0;40.0;2.8386748902879244
101;60.0;30.0;100.0;40.0;0.1;100.0;40.0;0.3;100.0;40.0;0.2;100.0;40.0;1.5816610907996045;100.0;40.0;0.663322181599209;100.0;40.0;1.5083054539980225;100.0;40.0;0.1;100.0;40.0;0.1;100.0;40.0;0.2;100.0;40.0;0.1;100.0;100.0;100.0;100.0;40.0;1.6332218159920897;100.0;40.0;0.24498327239881346;100.0;40.0;0.1;100.0;40.0;0.1;100.0;40.0;0.1;100.0;40.0;0.1;100.0;40.0;0.1;100.0;40.0;0.5;100.0;40.0;2.128916689898782
102;60.0;30.0;100.0;40.0;0.1;100.0;40.0;0.3;100.0;40.0;0.2;100.0;40.0;1.5935152958521195;100.0;40.0;0.6870305917042392;100.0;40.0;1.5675764792605977;100.0;40.0;0.1;100.0;40.0;0.1;100.0;40.0;0.2;100.0;40.0;0.1;100.0;100.0;100.0;100.0;40.0;1.8703059170423912;100.0;40.0;0.2805458875563587;100.0;40.0;0.1;100.0;40.0;0.1;100.0;40.0;0.1;100.0;40.0;0.1;100.0;40.0;0.1;100.0;40.0;0.5;100.0;40.0;2.7107839044030286
103;60.0;30.0;100.0;40.0;0.1;100.0;40.0;0.3;100.0;40.0;0.2;100.0;40.0;1.5955898603238312;100.0;40.0;0.6911797206476626;100.0;40.0;1.5779493016191566;100.0;40.0;0.1;100.0;40.0;0.1;100.0;40.0;0.2;100.0;40.0;0.1;100.0;100.0;100.0;100.0;40.0;1.911797206476626;100.0;40.0;0.2867695809714939;100.0;40.0;0.1;100.0;40.0;0.1;100.0;40.0;0.1;100.0;40.0;0.1;100.0;40.0;0.1;100.0;40.0;0.5;100.0;40.0;2.831921912212743
104;60.0;30.0;100.0;40.0;0.1;100.0;40.0;0.3;100.0;40.0;0.2;100.0;40.0;1.5817859080288372;100.0;40.0;0.6635718160576747;100.0;40.0;1.5089295401441867;100.0;40.0;0.1;100.0;40.0;0.1;100.0;40.0;0.2;100.0;40.0;0.1;100.0;100.0;100.0;100.0;40.0;1.6357181605767463;100.0;40.0;0.24535772408651194;100.0;40.0;0.1;100.0;40.0;0.1;100.0;40.0;0.1;100.0;40.0;0.1;100.0;40.0;0.1;100.0;40.0;0.5;100.0;40.0;2.134248658525206
105;60.0;30.0;100.0;40.0;0.1;100.0;40.0;0.3;100.0;40.0;0.2;100.0;40.0;1.5935573423497564;100.0;40.0;0.6871146846995129;100.0;40.0;1.567786711748782;100.0;40.0;0.1;100.0;40.0;0.1;100.0;40.0;0.2;100.0;40.0;0.1;100.0;100.0;100.0;100.0;40.0;1.871146846995128;100.0;40.0;0.2806720270492692;100.0;40.0;0.1;100.0;40.0;0.1;100.0;40.0;0.1;100.0;40.0;0.1;100.0;40.0;0.1;100.0;40.0;0.5;100.0;40.0;2.713171056695668
106;60.0;30.0;100.0;40.0;0.1;100.0;40.0;0.3;100.0;40.0;0.2;100.0;40.0;1.5954812829413667;100.0;40.0;0.6909625658827334;100.0;40.0;1.5774064147068336;100.0;40.0;0.1;100.0;40.0;0.1;100.0;40.0;0.2;100.0;40.0;0.1;100.0;100.0;100.0;100.0;40.0;1.9096256588273341;100.0;40.0;0.2864438488241001;100.0;40.0;0.1;100.0;40.0;0.1;100.0;40.0;0.1;100.0;40.0;0.1;100.0;40.0;0.1;100.0;40.0;0.5;100.0;40.0;2.8254065442829313
107;60.0;30.0;100.0;40.0;0.1;100.0;40.0;0.3;100.0;40.0;0.2;100.0;40.0;1.5819070726819766;100.0;40.0;0.6638141453639532;100.0;40.0;1.509535363409883;100.0;40.0;0.1;100.0;40.0;0.1;100.0;40.0;0.2;100.0;40.0;0.1;100.0;100.0;100.0;100.0;40.0;1.6381414536395316;100.0;40.0;0.24572121804592972;100.0;40.0;0.1;100.0;40.0;0.1;100.0;40.0;0.1;100.0;40.0;0.1;100.0;40.0;0.1;100.0;40.0;0.5;100.0;40.0;2.1394381995653684
108;60.0;30.0;100.0;40.0;0.1;100.0;40.0;0.3;100.0;40.0;0.2;100.0;40.0;1.5935963165709823;100.0;40.0;0.6871926331419649;100.0;40.0;1.567981582854912;100.0;40.0;0.1;100.0;40.0;0.1;100.0;40.0;0.2;100.0;40.0;0.1;100.0;100.0;100.0;100.0;40.0;1.8719263314196481;100.0;40.0;0.2807889497129472;100.0;40.0;0.1;100.0;40.0;0.1;100.0;40.0;0.1;100.0;40.0;0.1;100.0;40.0;0.1;100.0;40.0;0.5;100.0;40.0;2.7153862165532487
109;60.0;30.0;100.0;40.0;0.1;100.0;40.0;0.3;100.0;40.0;0.2;100.0;40.0;1.595376154222619;100.0;40.0;0.6907523084452382;100.0;40.0;1.5768807711130954;100.0;40.0;0.1;100.0;40.0;0.1;100.0;40.0;0.2;100.0;40.0;0.1;100.0;100.0;100.0;100.0;40.0;1.9075230844523814;100.0;40.0;0.2861284626678572;100.0;40.0;0.1;100.0;40.0;0.1;100.0;40.0;0.1;100.0;40.0;0.1;100.0;40.0;0.1;100.0;40.0;0.5;100.0;40.0;2.8191171364655987
110;60.0;30.0;100.0;40.0;0.1;100.0;40.0;0.3;100.0;40.0;0.2;100.0;40.0;1.5820247429008674;100.0;40.0;0.6640494858017348;100.0;40.0;1.5101237145043371;100.0;40.0;0.1;100.0;40.0;0.1;100.0;40.0;0.2;100.0;40.0;0.1;100.0;100.0;100.0;100.0;40.0;1.6404948580173484;100.0;40.0;0.24607422870260226;100.0;40.0;0.1;100.0;40.0;0.1;100.0;40.0;0.1;100.0;40.0;0.1;100.0;40.0;0.1;100.0;40.0;0.5;100.0;40.0;2.14449096456094
111;60.0;30.0;100.0;40.0;0.1;100.0;40.0;0.3;100.0;40.0;0.2;100.0;40.0;1.5936324782339988;100.0;40.0;0.6872649564679976;100.0;40.0;1.568162391169994;100.0;40.0;0.1;100.0;40.0;0.1;100.0;40.0;0.2;100.0;40.0;0.1;100.0;100.0;100.0;100.0;40.0;1.8726495646799761;100.0;40.0;0.2808974347019964;100.0;40.0;0.1;100.0;40.0;0.1;100.0;40.0;0.1;100.0;40.0;0.1;100.0;40.0;0.1;100.0;40.0;0.5;100.0;40.0;2.7174436179966674
112;60.0;30.0;100.0;40.0;0.1;100.0;40.0;0.3;100.0;40.0;0.2;100.0;40.0;1.5952743221183618;100.0;40.0;0.690548644236724;100.0;40.0;1.57637161059181;100.0;40.0;0.1;100.0;40.0;0.1;100.0;40.0;0.2;100.0;40.0;0.1;100.0;100.0;100.0;100.0;40.0;1.9054864423672397;100.0;40.0;0.285822966355086;100.0;40.0;0.1;100.0;40.0;0.1;100.0;40.0;0.1;100.0;40.0;0.1;100.0;40.0;0.1;100.0;40.0;0.5;100.0;40.0;2.8130426981894003
113;60.0;30.0;100.0;40.0;0.1;100.0;40.0;0.3;100.0;40.0;0.2;100.0;40.0;1.582139068997004;100.0;40.0;0.6642781379940084;100.0;40.0;1.5106953449850211;100.0;40.0;0.1;100.0;40.0;0.1;100.0;40.0;0.2;100.0;40.0;0.1;100.0;100.0;100.0;100.0;40.0;1.642781379940084;100.0;40.0;0.2464172069910126;100.0;40.0;0.1;100.0;40.0;0.1;100.0;40.0;0.1;100.0;40.0;0.1;100.0;40.0;0.1;100.0;40.0;0.5;100.0;40.0;2.1494123595269254
114;60.0;30.0;100.0;40.0;0.1;100.0;40.0;0.3;100.0;40.0;0.2;100.0;40.0;1.5936660596448646;100.0;40.0;0.6873321192897295;100.0;40.0;1.5683302982243237;100.0;40.0;0.1;100.0;40.0;0.1;100.0;40.0;0.2;100.0;40.0;0.1;100.0;100.0;100.0;100.0;40.0;1.8733211928972948;100.0;40.0;0.2809981789345942;100.0;40.0;0.1;100.0;40.0;0.1;100.0;40.0;0.1;100.0;40.0;0.1;100.0;40.0;0.1;100.0;40.0;0.5;100.0;40.0;2.7193560284885883
115;60.0;30.0;100.0;40.0;0.1;100.0;40.0;0.3;100.0;40.0;0.2;100.0;40.0;1.595175642142274;100.0;40.0;0.6903512842845483;100.0;40.0;1.5758782107113707;100.0;40.0;0.1;100.0;40.0;0.1;100.0;40.0;0.2;100.0;40.0;0.1;100.0;100.0;100.0;100.0;40.0;1.9035128428454824;100.0;40.0;0.28552692642682237;100.0;40.0;0.1;100.0;40.0;0.1;100.0;40.0;0.1;100.0;40.0;0.1;100.0;40.0;0.1;100.0;40.0;0.5;100.0;40.0;2.8071728673390743
116;60.0;30.0;100.0;40.0;0.1;100.0;40.0;0.3;100.0;40.0;0.2;100.0;40.0;1.5822501937068192;100.0;40.0;0.6645003874136385;100.0;40.0;1.511250968534096;100.0;40.0;0.1;100.0;40.0;0.1;100.0;40.0;0.2;100.0;40.0;0.1;100.0;100.0;100.0;100.0;40.0;1.6450038741363844;100.0;40.0;0.24675058112045764;100.0;40.0;0.1;100.0;40.0;0.1;100.0;40.0;0.1;100.0;40.0;0.1;100.0;40.0;0.1;100.0;40.0;0.5;100.0;40.0;2.1542075484870407
117;60.0;30.0;100.0;40.0;0.1;100.0;40.0;0.3;100.0;40.0;0.2;100.0;40.0;1.593697269180828;100.0;40.0;0.687394538361656;100.0;40.0;1.5684863459041398;100.0;40.0;0.1;100.0;40.0;0.1;100.0;40.0;0.2;100.0;40.0;0.1;100.0;100.0;100.0;100.0;40.0;1.8739453836165596;100.0;40.0;0.2810918075424839;100.0;40.0;0.1;100.0;40.0;0.1;100.0;40.0;0.1;100.0;40.0;0.1;100.0;40.0;0.1;100.0;40.0;0.5;100.0;40.0;2.7211349306933847
118;60.0;30.0;100.0;40.0;0.1;100.0;40.0;0.3;100.0;40.0;0.2;100.0;40.0;1.5950799771113513;100.0;40.0;0.6901599542227026;100.0;40.0;1.5753998855567564;100.0;40.0;0.1;100.0;40.0;0.1;100.0;40.0;0.2;100.0;40.0;0.1;100.0;100.0;100.0;100.0;40.0;1.9015995422270258;100.0;40.0;0.28523993133405384;100.0;40.0;0.1;100.0;40.0;0.1;100.0;40.0;0.1;100.0;40.0;0.1;100.0;40.0;0.1;100.0;40.0;0.5;100.0;40.0;2.8014978778186164
119;60.0;30.0;100.0;40.0;0.1;100.0;40.0;0.3;100.0;40.0;0.2;100.0;40.0;1.5823582524872468;100.0;40.0;0.6647165049744937;100.0;40.0;1.5117912624362344;100.0;40.0;0.1;100.0;40.0;0.1;100.0;40.0;0.2;100.0;40.0;0.1;100.0;100.0;100.0;100.0;40.0;1.6471650497449375;100.0;40.0;0.24707475746174062;100.0;40.0;0.1;100.0;40.0;0.1;100.0;40.0;0.1;100.0;40.0;0.1;100.0;40.0;0.1;100.0;40.0;0.5;100.0;40.0;2.1588814592765795
120;60.0;30.0;100.0;40.0;0.1;100.0;40.0;0.3;100.0;40.0;0.2;100.0;40.0;1.593726294258212;100.0;40.0;0.687452588516424;100.0;40.0;1.56863147129106;100.0;40.0;0.1;100.0;40.0;0.1;100.0;40.0;0.2;100.0;40.0;0.1;100.0;100.0;100.0;100.0;40.0;1.8745258851642401;100.0;40.0;0.281178882774636;100.0;40.0;0.1;100.0;40.0;0.1;100.0;40.0;0.1;100.0;40.0;0.1;100.0;40.0;0.1;100.0;40.0;0.5;100.0;40.0;2.722790678008707
121;60.0;30.0;100.0;40.0;0.1;100.0;40.0;0.3;100.0;40.0;0.2;100.0;40.0;1.594987196853255;100.0;40.0;0.68997439370651;100.0;40.0;1.5749359842662751;100.0;40.0;0.1;100.0;40.0;0.1;100.0;40.0;0.2;100.0;40.0;0.1;100.0;100.0;100.0;100.0;40.0;1.8997439370651004;100.0;40.0;0.28496159055976505;100.0;40.0;0.1;100.0;40.0;0.1;100.0;40.0;0.1;100.0;40.0;0.1;100.0;40.0;0.1;100.0;40.0;0.5;100.0;40.0;2.796008526727769
122;60.0;30.0;100.0;40.0;0.1;100.0;40.0;0.3;100.0;40.0;0.2;100.0;40.0;1.5824633738349432;100.0;40.0;0.6649267476698866;100.0;40.0;1.5123168691747162;100.0;40.0;0.1;100.0;40.0;0.1;100.0;40.0;0.2;100.0;40.0;0.1;100.0;100.0;100.0;100.0;40.0;1.649267476698865;100.0;40.0;0.24739012150482975;100.0;40.0;0.1;100.0;40.0;0.1;100.0;40.0;0.1;100.0;40.0;0.1;100.0;40.0;0.1;100.0;40.0;0.5;100.0;40.0;2.1634387908910586
123;60.0;30.0;100.0;40.0;0.1;100.0;40.0;0.3;100.0;40.0;0.2;100.0;40.0;1.5937533038714666;100.0;40.0;0.6875066077429334;100.0;40.0;1.5687665193573335;100.0;40.0;0.1;100.0;40.0;0.1;100.0;40.0;0.2;100.0;40.0;0.1;100.0;100.0;100.0;100.0;40.0;1.8750660774293335;100.0;40.0;0.2812599116144;100.0;40.0;0.1;100.0;40.0;0.1;100.0;40.0;0.1;100.0;40.0;0.1;100.0;40.0;0.1;100.0;40.0;0.5;100.0;40.0;2.724332628167006
124;60.0;30.0;100.0;40.0;0.1;100.0;40.0;0.3;100.0;40.0;0.2;100.0;40.0;1.5948971778947127;100.0;40.0;0.6897943557894255;100.0;40.0;1.5744858894735636;100.0;40.0;0.1;100.0;40.0;0.1;100.0;40.0;0.2;100.0;40.0;0.1;100.0;100.0;100.0;100.0;40.0;1.8979435578942547;100.0;40.0;0.2846915336841382;100.0;40.0;0.1;100.0;40.0;0.1;100.0;40.0;0.1;100.0;40.0;0.1;100.0;40.0;0.1;100.0;40.0;0.5;100.0;40.0;2.790696141878749
125;60.0;30.0;100.0;40.0;0.1;100.0;40.0;0.3;100.0;40.0;0.2;100.0;40.0;1.582565679617093;100.0;40.0;0.6651313592341861;100.0;40.0;1.5128283980854653;100.0;40.0;0.1;100.0;40.0;0.1;100.0;40.0;0.2;100.0;40.0;0.1;100.0;100.0;100.0;100.0;40.0;1.651313592341861;100.0;40.0;0.24769703885127914;100.0;40.0;0.1;100.0;40.0;0.1;100.0;40.0;0.1;100.0;40.0;0.1;100.0;40.0;0.1;100.0;40.0;0.5;100.0;40.0;2.1678840218427244
126;60.0;30.0;100.0;40.0;0.1;100.0;40.0;0.3;100.0;40.0;0.2;100.0;40.0;1.5937784507737767;100.0;40.0;0.6875569015475533;100.0;40.0;1.5688922538688832;100.0;40.0;0.1;100.0;40.0;0.1;100.0;40.0;0.2;100.0;40.0;0.1;100.0;100.0;100.0;100.0;40.0;1.8755690154755331;100.0;40.0;0.28133535232132995;100.0;40.0;0.1;100.0;40.0;0.1;100.0;40.0;0.1;100.0;40.0;0.1;100.0;40.0;0.1;100.0;40.0;0.5;100.0;40.0;2.7257692584203155
127;60.0;30.0;100.0;40.0;0.1;100.0;40.0;0.3;100.0;40.0;0.2;100.0;40.0;1.5948098031412739;100.0;40.0;0.6896196062825479;100.0;40.0;1.5740490157063696;100.0;40.0;0.1;100.0;40.0;0.1;100.0;40.0;0.2;100.0;40.0;0.1;100.0;100.0;100.0;100.0;40.0;1.8961960628254786;100.0;40.0;0.2844294094238218;100.0;40.0;0.1;100.0;40.0;0.1;100.0;40.0;0.1;100.0;40.0;0.1;100.0;40.0;0.1;100.0;40.0;0.5;100.0;40.0;2.7855525501484593
128;60.0;30.0;100.0;40.0;0.1;100.0;40.0;0.3;100.0;40.0;0.2;100.0;40.0;1.5826652854051109;100.0;40.0;0.6653305708102217;100.0;40.0;1.5133264270255544;100.0;40.0;0.1;100.0;40.0;0.1;100.0;40.0;0.2;100.0;40.0;0.1;100.0;100.0;100.0;100.0;40.0;1.6533057081022178;100.0;40.0;0.24799585621533266;100.0;40.0;0.1;100.0;40.0;0.1;100.0;40.0;0.1;100.0;40.0;0.1;100.0;40.0;0.1;100.0;40.0;0.5;100.0;40.0;2.1722214191249756
129;60.0;30.0;100.0;40.0;0.1;100.0;40.0;0.3;100.0;40.0;0.2;100.0;40.0;1.5938018733567407;100.0;40.0;0.6876037467134817;100.0;40.0;1.5690093667837044;100.0;40.0;0.1;100.0;40.0;0.1;100.0;40.0;0.2;100.0;40.0;0.1;100.0;100.0;100.0;100.0;40.0;1.8760374671348172;100.0;40.0;0.2814056200702226;100.0;40.0;0.1;100.0;40.0;0.1;100.0;40.0;0.1;100.0;40.0;0.1;100.0;40.0;0.1;100.0;40.0;0.5;100.0;40.0;2.7271082651939977
130;60.0;30.0;100.0;40.0;0.1;100.0;40.0;0.3;100.0;40.0;0.2;100.0;40.0;1.5947249615558763;100.0;40.0;0.6894499231117527;100.0;40.0;1.5736248077793817;100.0;40.0;0.1;100.0;40.0;0.1;100.0;40.0;0.2;100.0;40.0;0.1;100.0;100.0;100.0;100.0;40.0;1.8944992311175266;100.0;40.0;0.28417488466762897;100.0;40.0;0.1;100.0;40.0;0.1;100.0;40.0;0.1;100.0;40.0;0.1;100.0;40.0;0.1;100.0;40.0;0.5;100.0;40.0;2.78057004699259
131;60.0;30.0;100.0;40.0;0.1;100.0;40.0;0.3;100.0;40.0;0.2;100.0;40.0;1.5827623008050553;100.0;40.0;0.6655246016101108;100.0;40.0;1.513811504025277;100.0;40.0;0.1;100.0;40.0;0.1;100.0;40.0;0.2;100.0;40.0;0.1;100.0;100.0;100.0;100.0;40.0;1.655246016101108;100.0;40.0;0.24828690241516618;100.0;40.0;0.1;100.0;40.0;0.1;100.0;40.0;0.1;100.0;40.0;0.1;100.0;40.0;0.1;100.0;40.0;0.5;100.0;40.0;2.1764550474888176
132;60.0;30.0;100.0;40.0;0.1;100.0;40.0;0.3;100.0;40.0;0.2;100.0;40.0;1.5938236972763453;100.0;40.0;0.6876473945526906;100.0;40.0;1.5691184863817265;100.0;40.0;0.1;100.0;40.0;0.1;100.0;40.0;0.2;100.0;40.0;0.1;100.0;100.0;100.0;100.0;40.0;1.876473945526906;100.0;40.0;0.2814710918290359;100.0;40.0;0.1;100.0;40.0;0.1;100.0;40.0;0.1;100.0;40.0;0.1;100.0;40.0;0.1;100.0;40.0;0.5;100.0;40.0;2.7283566505908294
133;60.0;30.0;100.0;40.0;0.1;100.0;40.0;0.3;100.0;40.0;0.2;100.0;40.0;1.594642547841544;100.0;40.0;0.6892850956830883;100.0;40.0;1.5732127392077209;100.0;40.0;0.1;100.0;40.0;0.1;100.0;40.0;0.2;100.0;40.0;0.1;100.0;100.0;100.0;100.0;40.0;1.8928509568308831;100.0;40.0;0.28392764352463246;100.0;40.0;0.1;100.0;40.0;0.1;100.0;40.0;0.1;100.0;40.0;0.1;100.0;40.0;0.1;100.0;40.0;0.5;100.0;40.0;2.775741367325501
134;60.0;30.0;100.0;40.0;0.1;100.0;40.0;0.3;100.0;40.0;0.2;100.0;40.0;1.5828568297804384;100.0;40.0;0.6657136595608768;100.0;40.0;1.514284148902192;100.0;40.0;0.1;100.0;40.0;0.1;100.0;40.0;0.2;100.0;40.0;0.1;100.0;100.0;100.0;100.0;40.0;1.657136595608768;100.0;40.0;0.2485704893413152;100.0;40.0;0.1;100.0;40.0;0.1;100.0;40.0;0.1;100.0;40.0;0.1;100.0;40.0;0.1;100.0;40.0;0.5;100.0;40.0;2.1805887788139207
135;60.0;30.0;100.0;40.0;0.1;100.0;40.0;0.3;100.0;40.0;0.2;100.0;40.0;1.5938440368641837;100.0;40.0;0.6876880737283674;100.0;40.0;1.5692201843209186;100.0;40.0;0.1;100.0;40.0;0.1;100.0;40.0;0.2;100.0;40.0;0.1;100.0;100.0;100.0;100.0;40.0;1.876880737283674;100.0;40.0;0.28153211059255107;100.0;40.0;0.1;100.0;40.0;0.1;100.0;40.0;0.1;100.0;40.0;0.1;100.0;40.0;0.1;100.0;40.0;0.5;100.0;40.0;2.7295207977193097
136;60.0;30.0;100.0;40.0;0.1;100.0;40.0;0.3;100.0;40.0;0.2;100.0;40.0;1.5945624621319432;100.0;40.0;0.6891249242638866;100.0;40.0;1.5728123106597163;100.0;40.0;0.1;100.0;40.0;0.1;100.0;40.0;0.2;100.0;40.0;0.1;100.0;100.0;100.0;100.0;40.0;1.8912492426388654;100.0;40.0;0.2836873863958298;100.0;40.0;0.1;100.0;40.0;0.1;100.0;40.0;0.1;100.0;40.0;0.1;100.0;40.0;0.1;100.0;40.0;0.5;100.0;40.0;2.771059657881157
137;60.0;30.0;100.0;40.0;0.1;100.0;40.0;0.3;100.0;40.0;0.2;100.0;40.0;1.5829489709644982;100.0;40.0;0.6658979419289967;100.0;40.0;1.5147448548224915;100.0;40.0;0.1;100.0;40.0;0.1;100.0;40.0;0.2;100.0;40.0;0.1;100.0;100.0;100.0;100.0;40.0;1.6589794192899663;100.0;40.0;0.24884691289349492;100.0;40.0;0.1;100.0;40.0;0.1;100.0;40.0;0.1;100.0;40.0;0.1;100.0;40.0;0.1;100.0;40.0;0.5;100.0;40.0;2.184626301416246
138;60.0;30.0;100.0;40.0;0.1;100.0;40.0;0.3;100.0;40.0;0.2;100.0;40.0;1.593862996356204;100.0;40.0;0.6877259927124084;100.0;40.0;1.569314981781021;100.0;40.0;0.1;100.0;40.0;0.1;100.0;40.0;0.2;100.0;40.0;0.1;100.0;100.0;100.0;100.0;40.0;1.8772599271240844;100.0;40.0;0.2815889890686126;100.0;40.0;0.1;100.0;40.0;0.1;100.0;40.0;0.1;100.0;40.0;0.1;100.0;40.0;0.1;100.0;40.0;0.5;100.0;40.0;2.7306065364892946
139;60.0;30.0;100.0;40.0;0.1;100.0;40.0;0.3;100.0;40.0;0.2;100.0;40.0;1.5944846096923273;100.0;40.0;0.6889692193846545;100.0;40.0;1.5724230484616362;100.0;40.0;0.1;100.0;40.0;0.1;100.0;40.0;0.2;100.0;40.0;0.1;100.0;100.0;100.0;100.0;40.0;1.8896921938465447;100.0;40.0;0.2834538290769817;100.0;40.0;0.1;100.0;40.0;0.1;100.0;40.0;0.1;100.0;40.0;0.1;100.0;40.0;0.1;100.0;40.0;0.5;100.0;40.0;2.7665184511070113
140;60.0;30.0;100.0;40.0;0.1;100.0;40.0;0.3;100.0;40.0;0.2;100.0;40.0;1.5830388179600303;100.0;40.0;0.6660776359200609;100.0;40.0;1.5151940898001524;100.0;40.0;0.1;100.0;40.0;0.1;100.0;40.0;0.2;100.0;40.0;0.1;100.0;100.0;100.0;100.0;40.0;1.660776359200609;100.0;40.0;0.24911645388009135;100.0;40.0;0.1;100.0;40.0;0.1;100.0;40.0;0.1;100.0;40.0;0.1;100.0;40.0;0.1;100.0;40.0;0.5;100.0;40.0;2.188571129178972
141;60.0;30.0;100.0;40.0;0.1;100.0;40.0;0.3;100.0;40.0;0.2;100.0;40.0;1.5938806709658424;100.0;40.0;0.687761341931685;100.0;40.0;1.5694033548292123;100.0;40.0;0.1;100.0;40.0;0.1;100.0;40.0;0.2;100.0;40.0;0.1;100.0;100.0;100.0;100.0;40.0;1.8776134193168497;100.0;40.0;0.28164201289752744;100.0;40.0;0.1;100.0;40.0;0.1;100.0;40.0;0.1;100.0;40.0;0.1;100.0;40.0;0.1;100.0;40.0;0.5;100.0;40.0;2.7316192012482348
142;60.0;30.0;100.0;40.0;0.1;100.0;40.0;0.3;100.0;40.0;0.2;100.0;40.0;1.5944089006325186;100.0;40.0;0.6888178012650376;100.0;40.0;1.5720445031625938;100.0;40.0;0.1;100.0;40.0;0.1;100.0;40.0;0.2;100.0;40.0;0.1;100.0;100.0;100.0;100.0;40.0;1.888178012650375;100.0;40.0;0.2832267018975563;100.0;40.0;0.1;100.0;40.0;0.1;100.0;40.0;0.1;100.0;40.0;0.1;100.0;40.0;0.1;100.0;40.0;0.5;100.0;40.0;2.762111640597767
143;60.0;30.0;100.0;40.0;0.1;100.0;40.0;0.3;100.0;40.0;0.2;100.0;40.0;1.583126459625628;100.0;40.0;0.666252919251256;100.0;40.0;1.51563229812814;100.0;40.0;0.1;100.0;40.0;0.1;100.0;40.0;0.2;100.0;40.0;0.1;100.0;100.0;100.0;100.0;40.0;1.6625291925125598;100.0;40.0;0.24937937887688397;100.0;40.0;0.1;100.0;40.0;0.1;100.0;40.0;0.1;100.0;40.0;0.1;100.0;40.0;0.1;100.0;40.0;0.5;100.0;40.0;2.192426610427511
144;60.0;30.0;100.0;40.0;0.1;100.0;40.0;0.3;100.0;40.0;0.2;100.0;40.0;1.593897147823985;100.0;40.0;0.6877942956479701;100.0;40.0;1.5694857391199253;100.0;40.0;0.1;100.0;40.0;0.1;100.0;40.0;0.2;100.0;40.0;0.1;100.0;100.0;100.0;100.0;40.0;1.8779429564797012;100.0;40.0;0.2816914434719552;100.0;40.0;0.1;100.0;40.0;0.1;100.0;40.0;0.1;100.0;40.0;0.1;100.0;40.0;0.1;100.0;40.0;0.5;100.0;40.0;2.732563681410306
145;60.0;30.0;100.0;40.0;0.1;100.0;40.0;0.3;100.0;40.0;0.2;100.0;40.0;1.5943352496329097;100.0;40.0;0.6886704992658197;100.0;40.0;1.571676248164549;100.0;40.0;0.1;100.0;40.0;0.1;100.0;40.0;0.2;100.0;40.0;0.1;100.0;100.0;100.0;100.0;40.0;1.8867049926581962;100.0;40.0;0.2830057488987294;100.0;40.0;0.1;100.0;40.0;0.1;100.0;40.0;0.1;100.0;40.0;0.1;100.0;40.0;0.1;100.0;40.0;0.5;100.0;40.0;2.7578334580445216
146;60.0;30.0;100.0;40.0;0.1;100.0;40.0;0.3;100.0;40.0;0.2;100.0;40.0;1.5832119803477394;100.0;40.0;0.6664239606954787;100.0;40.0;1.5160599017386969;100.0;40.0;0.1;100.0;40.0;0.1;100.0;40.0;0.2;100.0;40.0;0.1;100.0;100.0;100.0;100.0;40.0;1.6642396069547876;100.0;40.0;0.24963594104321812;100.0;40.0;0.1;100.0;40.0;0.1;100.0;40.0;0.1;100.0;40.0;0.1;100.0;40.0;0.1;100.0;40.0;0.5;100.0;40.0;2.1961959364948496
147;60.0;30.0;100.0;40.0;0.1;100.0;40.0;0.3;100.0;40.0;0.2;100.0;40.0;1.593912506804589;100.0;40.0;0.6878250136091779;100.0;40.0;1.5695625340229449;100.0;40.0;0.1;100.0;40.0;0.1;100.0;40.0;0.2;100.0;40.0;0.1;100.0;100.0;100.0;100.0;40.0;1.8782501360917796;100.0;40.0;0.28173752041376693;100.0;40.0;0.1;100.0;40.0;0.1;100.0;40.0;0.1;100.0;40.0;0.1;100.0;40.0;0.1;100.0;40.0;0.5;100.0;40.0;2.73344446604879
148;60.0;30.0;100.0;40.0;0.1;100.0;40.0;0.3;100.0;40.0;0.2;100.0;40.0;1.5942635756839796;100.0;40.0;0.6885271513679594;100.0;40.0;1.5713178784198985;100.0;40.0;0.1;100.0;40.0;0.1;100.0;40.0;0.2;100.0;40.0;0.1;100.0;100.0;100.0;100.0;40.0;1.8852715136795934;100.0;40.0;0.28279072705193903;100.0;40.0;0.1;100.0;40.0;0.1;100.0;40.0;0.1;100.0;40.0;0.1;100.0;40.0;0.1;100.0;40.0;0.5;100.0;40.0;2.7536784516536956
149;60.0;30.0;100.0;40.0;0.1;100.0;40.0;0.3;100.0;40.0;0.2;100.0;40.0;1.5832954602983549;100.0;40.0;0.6665909205967098;100.0;40.0;1.5164773014917745;100.0;40.0;0.1;100.0;40.0;0.1;100.0;40.0;0.2;100.0;40.0;0.1;100.0;100.0;100.0;100.0;40.0;1.6659092059670981;100.0;40.0;0.2498863808950647;100.0;40.0;0.1;100.0;40.0;0.1;100.0;40.0;0.1;100.0;40.0;0.1;100.0;40.0;0.1;100.0;40.0;0.5;100.0;40.0;2.19988214994282
150;60.0;30.0;100.0;40.0;0.1;100.0;40.0;0.3;100.0;40.0;0.2;100.0;40.0;1.5939268212518085;100.0;40.0;0.687853642503617;100.0;40.0;1.5696341062590426;100.0;40.0;0.1;100.0;40.0;0.1;100.0;40.0;0.2;100.0;40.0;0.1;100.0;100.0;100.0;100.0;40.0;1.8785364250361702;100.0;40.0;0.28178046375542554;100.0;40.0;0.1;100.0;40.0;0.1;100.0;40.0;0.1;100.0;40.0;0.1;100.0;40.0;0.1;100.0;40.0;0.5;100.0;40.0;2.734265683271886
151;60.0;30.0;100.0;40.0;0.1;100.0;40.0;0.3;100.0;40.0;0.2;100.0;40.0;1.5941938018394708;100.0;40.0;0.6883876036789417;100.0;40.0;1.5709690091973543;100.0;40.0;0.1;100.0;40.0;0.1;100.0;40.0;0.2;100.0;40.0;0.1;100.0;100.0;100.0;100.0;40.0;1.883876036789417;100.0;40.0;0.28258140551841254;100.0;40.0;0.1;100.0;40.0;0.1;100.0;40.0;0.1;100.0;40.0;0.1;100.0;40.0;0.1;100.0;40.0;0.5;100.0;40.0;2.749641465976038
152;60.0;30.0;100.0;40.0;0.1;100.0;40.0;0.3;100.0;40.0;0.2;100.0;40.0;1.5833769756784237;100.0;40.0;0.6667539513568476;100.0;40.0;1.516884878392119;100.0;40.0;0.1;100.0;40.0;0.1;100.0;40.0;0.2;100.0;40.0;0.1;100.0;100.0;100.0;100.0;40.0;1.6675395135684759;100.0;40.0;0.25013092703527134;100.0;40.0;0.1;100.0;40.0;0.1;100.0;40.0;0.1;100.0;40.0;0.1;100.0;40.0;0.1;100.0;40.0;0.5;100.0;40.0;2.203488152419277
153;60.0;30.0;100.0;40.0;0.1;100.0;40.0;0.3;100.0;40.0;0.2;100.0;40.0;1.5939401586220225;100.0;40.0;0.6878803172440452;100.0;40.0;1.5697007931101128;100.0;40.0;0.1;100.0;40.0;0.1;100.0;40.0;0.2;100.0;40.0;0.1;100.0;100.0;100.0;100.0;40.0;1.8788031724404515;100.0;40.0;0.28182047586606773;100.0;40.0;0.1;100.0;40.0;0.1;100.0;40.0;0.1;100.0;40.0;0.1;100.0;40.0;0.1;100.0;40.0;0.5;100.0;40.0;2.7350311350774557
154;60.0;30.0;100.0;40.0;0.1;100.0;40.0;0.3;100.0;40.0;0.2;100.0;40.0;1.5941258549831083;100.0;40.0;0.6882517099662167;100.0;40.0;1.5706292749155417;100.0;40.0;0.1;100.0;40.0;0.1;100.0;40.0;0.2;100.0;40.0;0.1;100.0;100.0;100.0;100.0;40.0;1.8825170996621665;100.0;40.0;0.282377564949325;100.0;40.0;0.1;100.0;40.0;0.1;100.0;40.0;0.1;100.0;40.0;0.1;100.0;40.0;0.1;100.0;40.0;0.5;100.0;40.0;2.7457176230776144
155;60.0;30.0;100.0;40.0;0.1;100.0;40.0;0.3;100.0;40.0;0.2;100.0;40.0;1.5834565989473086;100.0;40.0;0.6669131978946176;100.0;40.0;1.5172829947365438;100.0;40.0;0.1;100.0;40.0;0.1;100.0;40.0;0.2;100.0;40.0;0.1;100.0;100.0;100.0;100.0;40.0;1.6691319789461752;100.0;40.0;0.2503697968419263;100.0;40.0;0.1;100.0;40.0;0.1;100.0;40.0;0.1;100.0;40.0;0.1;100.0;40.0;0.1;100.0;40.0;0.5;100.0;40.0;2.2070167121419315
156;60.0;30.0;100.0;40.0;0.1;100.0;40.0;0.3;100.0;40.0;0.2;100.0;40.0;1.5939525810521187;100.0;40.0;0.6879051621042376;100.0;40.0;1.569762905260594;100.0;40.0;0.1;100.0;40.0;0.1;100.0;40.0;0.2;100.0;40.0;0.1;100.0;100.0;100.0;100.0;40.0;1.8790516210423753;100.0;40.0;0.2818577431563563;100.0;40.0;0.1;100.0;40.0;0.1;100.0;40.0;0.1;100.0;40.0;0.1;100.0;40.0;0.1;100.0;40.0;0.5;100.0;40.0;2.7357443282784994
157;60.0;30.0;100.0;40.0;0.1;100.0;40.0;0.3;100.0;40.0;0.2;100.0;40.0;1.5940596656085637;100.0;40.0;0.6881193312171274;100.0;40.0;1.5702983280428187;100.0;40.0;0.1;100.0;40.0;0.1;100.0;40.0;0.2;100.0;40.0;0.1;100.0;100.0;100.0;100.0;40.0;1.8811933121712745;100.0;40.0;0.28217899682569114;100.0;40.0;0.1;100.0;40.0;0.1;100.0;40.0;0.1;100.0;40.0;0.1;100.0;40.0;0.1;100.0;40.0;0.5;100.0;40.0;2.7419023049799724
158;60.0;30.0;100.0;40.0;0.1;100.0;40.0;0.3;100.0;40.0;0.2;100.0;40.0;1.5835343990387256;100.0;40.0;0.6670687980774516;100.0;40.0;1.5176719951936288;100.0;40.0;0.1;100.0;40.0;0.1;100.0;40.0;0.2;100.0;40.0;0.1;100.0;100.0;100.0;100.0;40.0;1.6706879807745152;100.0;40.0;0.2506031971161773;100.0;40.0;0.1;100.0;40.0;0.1;100.0;40.0;0.1;100.0;40.0;0.1;100.0;40.0;0.1;100.0;40.0;0.5;100.0;40.0;2.2104704710075187
159;60.0;30.0;100.0;40.0;0.1;100.0;40.0;0.3;100.0;40.0;0.2;100.0;40.0;1.5939641458636942;100.0;40.0;0.6879282917273885;100.0;40.0;1.5698207293184712;100.0;40.0;0.1;100.0;40.0;0.1;100.0;40.0;0.2;100.0;40.0;0.1;100.0;100.0;100.0;100.0;40.0;1.8792829172738847;100.0;40.0;0.2818924375910827;100.0;40.0;0.1;100.0;40.0;0.1;100.0;40.0;0.1;100.0;40.0;0.1;100.0;40.0;0.1;100.0;40.0;0.5;100.0;40.0;2.7364085020044495
160;60.0;30.0;100.0;40.0;0.1;100.0;40.0;0.3;100.0;40.0;0.2;100.0;40.0;1.5939951676122404;100.0;40.0;0.6879903352244809;100.0;40.0;1.5699758380612023;100.0;40.0;0.1;100.0;40.0;0.1;100.0;40.0;0.2;100.0;40.0;0.1;100.0;100.0;100.0;100.0;40.0;1.879903352244809;100.0;40.0;0.28198550283672136;100.0;40.0;0.1;100.0;40.0;0.1;100.0;40.0;0.1;100.0;40.0;0.1;100.0;40.0;0.1;100.0;40.0;0.5;100.0;40.0;2.738191137294899
161;60.0;30.0;100.0;40.0;0.1;100.0;40.0;0.3;100.0;40.0;0.2;100.0;40.0;1.5836104415637091;100.0;40.0;0.6672208831274183;100.0;40.0;1.5180522078185459;100.0;40.0;0.1;100.0;40.0;0.1;100.0;40.0;0.2;100.0;40.0;0.1;100.0;100.0;100.0;100.0;40.0;1.6722088312741836;100.0;40.0;0.2508313246911275;100.0;40.0;0.1;100.0;40.0;0.1;100.0;40.0;0.1;100.0;40.0;0.1;100.0;40.0;0.1;100.0;40.0;0.5;100.0;40.0;2.213851951330745
162;60.0;30.0;100.0;40.0;0.1;100.0;40.0;0.3;100.0;40.0;0.2;100.0;40.0;1.5939749060114172;100.0;40.0;0.6879498120228343;100.0;40.0;1.5698745300570858;100.0;40.0;0.1;100.0;40.0;0.1;100.0;40.0;0.2;100.0;40.0;0.1;100.0;100.0;100.0;100.0;40.0;1.8794981202283434;100.0;40.0;0.2819247180342515;100.0;40.0;0.1;100.0;40.0;0.1;100.0;40.0;0.1;100.0;40.0;0.1;100.0;40.0;0.1;100.0;40.0;0.5;100.0;40.0;2.7370266522107105
163;60.0;30.0;100.0;40.0;0.1;100.0;40.0;0.3;100.0;40.0;0.2;100.0;40.0;1.5939322980983721;100.0;40.0;0.6878645961967444;100.0;40.0;1.569661490491861;100.0;40.0;0.1;100.0;40.0;0.1;100.0;40.0;0.2;100.0;40.0;0.1;100.0;100.0;100.0;100.0;40.0;1.8786459619674443;100.0;40.0;0.2817968942951166;100.0;40.0;0.1;100.0;40.0;0.1;100.0;40.0;0.1;100.0;40.0;0.1;100.0;40.0;0.1;100.0;40.0;0.5;100.0;40.0;2.734579973979343
164;60.0;30.0;100.0;40.0;0.1;100.0;40.0;0.3;100.0;40.0;0.2;100.0;40.0;1.5836847890012002;100.0;40.0;0.6673695780024004;100.0;40.0;1.5184239450060009;100.0;40.0;0.1;100.0;40.0;0.1;100.0;40.0;0.2;100.0;40.0;0.1;100.0;100.0;100.0;100.0;40.0;1.6736957800240038;100.0;40.0;0.25105436700360056;100.0;40.0;0.1;100.0;40.0;0.1;100.0;40.0;0.1;100.0;40.0;0.1;100.0;40.0;0.1;100.0;40.0;0.5;100.0;40.0;2.2171635622216033
165;60.0;30.0;100.0;40.0;0.1;100.0;40.0;0.3;100.0;40.0;0.2;100.0;40.0;1.593984910482605;100.0;40.0;0.68796982096521;100.0;40.0;1.569924552413025;100.0;40.0;0.1;100.0;40.0;0.1;100.0;40.0;0.2;100.0;40.0;0.1;100.0;100.0;100.0;100.0;40.0;1.8796982096521;100.0;40.0;0.28195473144781497;100.0;40.0;0.1;100.0;40.0;0.1;100.0;40.0;0.1;100.0;40.0;0.1;100.0;40.0;0.1;100.0;40.0;0.5;100.0;40.0;2.737601553567705
166;60.0;30.0;100.0;40.0;0.1;100.0;40.0;0.3;100.0;40.0;0.2;100.0;40.0;1.5938709971958755;100.0;40.0;0.6877419943917511;100.0;40.0;1.5693549859793776;100.0;40.0;0.1;100.0;40.0;0.1;100.0;40.0;0.2;100.0;40.0;0.1;100.0;100.0;100.0;100.0;40.0;1.8774199439175103;100.0;40.0;0.28161299158762654;100.0;40.0;0.1;100.0;40.0;0.1;100.0;40.0;0.1;100.0;40.0;0.1;100.0;40.0;0.1;100.0;40.0;0.5;100.0;40.0;2.7310648831376483
167;60.0;30.0;100.0;40.0;0.1;100.0;40.0;0.3;100.0;40.0;0.2;100.0;40.0;1.5837575008768865;100.0;40.0;0.6675150017537732;100.0;40.0;1.518787504384433;100.0;40.0;0.1;100.0;40.0;0.1;100.0;40.0;0.2;100.0;40.0;0.1;100.0;100.0;100.0;100.0;40.0;1.6751500175377323;100.0;40.0;0.2512725026306598;100.0;40.0;0.1;100.0;40.0;0.1;100.0;40.0;0.1;100.0;40.0;0.1;100.0;40.0;0.1;100.0;40.0;0.5;100.0;40.0;2.220407605612517
168;60.0;30.0;100.0;40.0;0.1;100.0;40.0;0.3;100.0;40.0;0.2;100.0;40.0;1.5939942046540774;100.0;40.0;0.687988409308155;100.0;40.0;1.5699710232703874;100.0;40.0;0.1;100.0;40.0;0.1;100.0;40.0;0.2;100.0;40.0;0.1;100.0;100.0;100.0;100.0;40.0;1.8798840930815492;100.0;40.0;0.2819826139622324;100.0;40.0;0.1;100.0;40.0;0.1;100.0;40.0;0.1;100.0;40.0;0.1;100.0;40.0;0.1;100.0;40.0;0.5;100.0;40.0;2.7381357790491343
169;60.0;30.0;100.0;40.0;0.1;100.0;40.0;0.3;100.0;40.0;0.2;100.0;40.0;1.593811207886368;100.0;40.0;0.6876224157727362;100.0;40.0;1.5690560394318405;100.0;40.0;0.1;100.0;40.0;0.1;100.0;40.0;0.2;100.0;40.0;0.1;100.0;100.0;100.0;100.0;40.0;1.8762241577273617;100.0;40.0;0.28143362365910424;100.0;40.0;0.1;100.0;40.0;0.1;100.0;40.0;0.1;100.0;40.0;0.1;100.0;40.0;0.1;100.0;40.0;0.5;100.0;40.0;2.727642133800725
170;60.0;30.0;100.0;40.0;0.1;100.0;40.0;0.3;100.0;40.0;0.2;100.0;40.0;1.5838286339309346;100.0;40.0;0.6676572678618693;100.0;40.0;1.5191431696546733;100.0;40.0;0.1;100.0;40.0;0.1;100.0;40.0;0.2;100.0;40.0;0.1;100.0;100.0;100.0;100.0;40.0;1.676572678618693;100.0;40.0;0.25148590179280395;100.0;40.0;0.1;100.0;40.0;0.1;100.0;40.0;0.1;100.0;40.0;0.1;100.0;40.0;0.1;100.0;40.0;0.5;100.0;40.0;2.223586281948723
171;60.0;30.0;100.0;40.0;0.1;100.0;40.0;0.3;100.0;40.0;0.2;100.0;40.0;1.5940028306114984;100.0;40.0;0.6880056612229971;100.0;40.0;1.5700141530574927;100.0;40.0;0.1;100.0;40.0;0.1;100.0;40.0;0.2;100.0;40.0;0.1;100.0;100.0;100.0;100.0;40.0;1.8800566122299711;100.0;40.0;0.28200849183449567;100.0;40.0;0.1;100.0;40.0;0.1;100.0;40.0;0.1;100.0;40.0;0.1;100.0;40.0;0.1;100.0;40.0;0.5;100.0;40.0;2.7386317174953843
172;60.0;30.0;100.0;40.0;0.1;100.0;40.0;0.3;100.0;40.0;0.2;100.0;40.0;1.5937528758427553;100.0;40.0;0.6875057516855106;100.0;40.0;1.5687643792137764;100.0;40.0;0.1;100.0;40.0;0.1;100.0;40.0;0.2;100.0;40.0;0.1;100.0;100.0;100.0;100.0;40.0;1.875057516855106;100.0;40.0;0.2812586275282659;100.0;40.0;0.1;100.0;40.0;0.1;100.0;40.0;0.1;100.0;40.0;0.1;100.0;40.0;0.1;100.0;40.0;0.5;100.0;40.0;2.7243081836149283
173;60.0;30.0;100.0;40.0;0.1;100.0;40.0;0.3;100.0;40.0;0.2;100.0;40.0;1.5838982422752494;100.0;40.0;0.6677964845504991;100.0;40.0;1.5194912113762475;100.0;40.0;0.1;100.0;40.0;0.1;100.0;40.0;0.2;100.0;40.0;0.1;100.0;100.0;100.0;100.0;40.0;1.6779648455049905;100.0;40.0;0.25169472682574856;100.0;40.0;0.1;100.0;40.0;0.1;100.0;40.0;0.1;100.0;40.0;0.1;100.0;40.0;0.1;100.0;40.0;0.5;100.0;40.0;2.226701695556488
174;60.0;30.0;100.0;40.0;0.1;100.0;40.0;0.3;100.0;40.0;0.2;100.0;40.0;1.59401082743571;100.0;40.0;0.6880216548714201;100.0;40.0;1.5700541371785501;100.0;40.0;0.1;100.0;40.0;0.1;100.0;40.0;0.2;100.0;40.0;0.1;100.0;100.0;100.0;100.0;40.0;1.8802165487142009;100.0;40.0;0.28203248230713013;100.0;40.0;0.1;100.0;40.0;0.1;100.0;40.0;0.1;100.0;40.0;0.1;100.0;40.0;0.1;100.0;40.0;0.5;100.0;40.0;2.739091589391034
175;60.0;30.0;100.0;40.0;0.1;100.0;40.0;0.3;100.0;40.0;0.2;100.0;40.0;1.5936959492777873;100.0;40.0;0.6873918985555746;100.0;40.0;1.5684797463889364;100.0;40.0;0.1;100.0;40.0;0.1;100.0;40.0;0.2;100.0;40.0;0.1;100.0;100.0;100.0;100.0;40.0;1.8739189855557459;100.0;40.0;0.2810878478333619;100.0;40.0;0.1;100.0;40.0;0.1;100.0;40.0;0.1;100.0;40.0;0.1;100.0;40.0;0.1;100.0;40.0;0.5;100.0;40.0;2.721059667376818
176;60.0;30.0;100.0;40.0;0.1;100.0;40.0;0.3;100.0;40.0;0.2;100.0;40.0;1.5839663775408903;100.0;40.0;0.6679327550817807;100.0;40.0;1.5198318877044517;100.0;40.0;0.1;100.0;40.0;0.1;100.0;40.0;0.2;100.0;40.0;0.1;100.0;100.0;100.0;100.0;40.0;1.679327550817807;100.0;40.0;0.25189913262267105;100.0;40.0;0.1;100.0;40.0;0.1;100.0;40.0;0.1;100.0;40.0;0.1;100.0;40.0;0.1;100.0;40.0;0.5;100.0;40.0;2.2297558597044245
177;60.0;30.0;100.0;40.0;0.1;100.0;40.0;0.3;100.0;40.0;0.2;100.0;40.0;1.5940182314599518;100.0;40.0;0.6880364629199035;100.0;40.0;1.570091157299759;100.0;40.0;0.1;100.0;40.0;0.1;100.0;40.0;0.2;100.0;40.0;0.1;100.0;100.0;100.0;100.0;40.0;1.8803646291990352;100.0;40.0;0.28205469437985525;100.0;40.0;0.1;100.0;40.0;0.1;100.0;40.0;0.1;100.0;40.0;0.1;100.0;40.0;0.1;100.0;40.0;0.5;100.0;40.0;2.7395174610637087
178;60.0;30.0;100.0;40.0;0.1;100.0;40.0;0.3;100.0;40.0;0.2;100.0;40.0;1.593640378802002;100.0;40.0;0.6872807576040041;100.0;40.0;1.5682018940100102;100.0;40.0;0.1;100.0;40.0;0.1;100.0;40.0;0.2;100.0;40.0;0.1;100.0;100.0;100.0;100.0;40.0;1.8728075760400409;100.0;40.0;0.28092113640600613;100.0;40.0;0.1;100.0;40.0;0.1;100.0;40.0;0.1;100.0;40.0;0.1;100.0;40.0;0.1;100.0;40.0;0.5;100.0;40.0;2.717893386353705
179;60.0;30.0;100.0;40.0;0.1;100.0;40.0;0.3;100.0;40.0;0.2;100.0;40.0;1.5840330890162448;100.0;40.0;0.6680661780324898;100.0;40.0;1.5201654450812243;100.0;40.0;0.1;100.0;40.0;0.1;100.0;40.0;0.2;100.0;40.0;0.1;100.0;100.0;100.0;100.0;40.0;1.6806617803248975;100.0;40.0;0.25209926704873464;100.0;40.0;0.1;100.0;40.0;0.1;100.0;40.0;0.1;100.0;40.0;0.1;100.0;40.0;0.1;100.0;40.0;0.5;100.0;40.0;2.232750701373463
180;60.0;30.0;100.0;40.0;0.1;100.0;40.0;0.3;100.0;40.0;0.2;100.0;40.0;1.59402507650135;100.0;40.0;0.6880501530027001;100.0;40.0;1.5701253825067505;100.0;40.0;0.1;100.0;40.0;0.1;100.0;40.0;0.2;100.0;40.0;0.1;100.0;100.0;100.0;100.0;40.0;1.8805015300270016;100.0;40.0;0.28207522950405023;100.0;40.0;0.1;100.0;40.0;0.1;100.0;40.0;0.1;100.0;40.0;0.1;100.0;40.0;0.1;100.0;40.0;0.5;100.0;40.0;2.7399112574846667
181;60.0;30.0;100.0;40.0;0.1;100.0;40.0;0.3;100.0;40.0;0.2;100.0;40.0;1.5935861172904853;100.0;40.0;0.6871722345809709;100.0;40.0;1.567930586452427;100.0;40.0;0.1;100.0;40.0;0.1;100.0;40.0;0.2;100.0;40.0;0.1;100.0;100.0;100.0;100.0;40.0;1.8717223458097083;100.0;40.0;0.28075835187145626;100.0;40.0;0.1;100.0;40.0;0.1;100.0;40.0;0.1;100.0;40.0;0.1;100.0;40.0;0.1;100.0;40.0;0.5;100.0;40.0;2.7148062983335124
182;60.0;30.0;100.0;40.0;0.1;100.0;40.0;0.3;100.0;40.0;0.2;100.0;40.0;1.5840984237765454;100.0;40.0;0.6681968475530912;100.0;40.0;1.5204921188827278;100.0;40.0;0.1;100.0;40.0;0.1;100.0;40.0;0.2;100.0;40.0;0.1;100.0;100.0;100.0;100.0;40.0;1.6819684755309114;100.0;40.0;0.2522952713296367;100.0;40.0;0.1;100.0;40.0;0.1;100.0;40.0;0.1;100.0;40.0;0.1;100.0;40.0;0.1;100.0;40.0;0.5;100.0;40.0;2.235688065750943
183;60.0;30.0;100.0;40.0;0.1;100.0;40.0;0.3;100.0;40.0;0.2;100.0;40.0;1.5940313940696145;100.0;40.0;0.6880627881392289;100.0;40.0;1.5701569703480722;100.0;40.0;0.1;100.0;40.0;0.1;100.0;40.0;0.2;100.0;40.0;0.1;100.0;100.0;100.0;100.0;40.0;1.8806278813922892;100.0;40.0;0.28209418220884336;100.0;40.0;0.1;100.0;40.0;0.1;100.0;40.0;0.1;100.0;40.0;0.1;100.0;40.0;0.1;100.0;40.0;0.5;100.0;40.0;2.7402747738283137
184;60.0;30.0;100.0;40.0;0.1;100.0;40.0;0.3;100.0;40.0;0.2;100.0;40.0;1.5935331197579026;100.0;40.0;0.687066239515805;100.0;40.0;1.5676655987895125;100.0;40.0;0.1;100.0;40.0;0.1;100.0;40.0;0.2;100.0;40.0;0.1;100.0;100.0;100.0;100.0;40.0;1.8706623951580503;100.0;40.0;0.28059935927370755;100.0;40.0;0.1;100.0;40.0;0.1;100.0;40.0;0.1;100.0;40.0;0.1;100.0;40.0;0.1;100.0;40.0;0.5;100.0;40.0;2.711795508351234
185;60.0;30.0;100.0;40.0;0.1;100.0;40.0;0.3;100.0;40.0;0.2;100.0;40.0;1.584162426805282;100.0;40.0;0.6683248536105642;100.0;40.0;1.5208121340264105;100.0;40.0;0.1;100.0;40.0;0.1;100.0;40.0;0.2;100.0;40.0;0.1;100.0;100.0;100.0;100.0;40.0;1.6832485361056417;100.0;40.0;0.2524872804158462;100.0;40.0;0.1;100.0;40.0;0.1;100.0;40.0;0.1;100.0;40.0;0.1;100.0;40.0;0.1;100.0;40.0;0.5;100.0;40.0;2.2385697204640866
186;60.0;30.0;100.0;40.0;0.1;100.0;40.0;0.3;100.0;40.0;0.2;100.0;40.0;1.5940372135555056;100.0;40.0;0.6880744271110115;100.0;40.0;1.5701860677775288;100.0;40.0;0.1;100.0;40.0;0.1;100.0;40.0;0.2;100.0;40.0;0.1;100.0;100.0;100.0;100.0;40.0;1.8807442711101148;100.0;40.0;0.2821116406665172;100.0;40.0;0.1;100.0;40.0;0.1;100.0;40.0;0.1;100.0;40.0;0.1;100.0;40.0;0.1;100.0;40.0;0.5;100.0;40.0;2.7406096859280633
187;60.0;30.0;100.0;40.0;0.1;100.0;40.0;0.3;100.0;40.0;0.2;100.0;40.0;1.5934813432412782;100.0;40.0;0.6869626864825564;100.0;40.0;1.5674067162063912;100.0;40.0;0.1;100.0;40.0;0.1;100.0;40.0;0.2;100.0;40.0;0.1;100.0;100.0;100.0;100.0;40.0;1.8696268648255647;100.0;40.0;0.2804440297238347;100.0;40.0;0.1;100.0;40.0;0.1;100.0;40.0;0.1;100.0;40.0;0.1;100.0;40.0;0.1;100.0;40.0;0.5;100.0;40.0;2.708858260042814
188;60.0;30.0;100.0;40.0;0.1;100.0;40.0;0.3;100.0;40.0;0.2;100.0;40.0;1.584225141108036;100.0;40.0;0.6684502822160718;100.0;40.0;1.5211257055401797;100.0;40.0;0.1;100.0;40.0;0.1;100.0;40.0;0.2;100.0;40.0;0.1;100.0;100.0;100.0;100.0;40.0;1.6845028221607188;100.0;40.0;0.2526754233241078;100.0;40.0;0.1;100.0;40.0;0.1;100.0;40.0;0.1;100.0;40.0;0.1;100.0;40.0;0.1;100.0;40.0;0.5;100.0;40.0;2.2413973595676633
189;60.0;30.0;100.0;40.0;0.1;100.0;40.0;0.3;100.0;40.0;0.2;100.0;40.0;1.5940425624013166;100.0;40.0;0.6880851248026331;100.0;40.0;1.5702128120065828;100.0;40.0;0.1;100.0;40.0;0.1;100.0;40.0;0.2;100.0;40.0;0.1;100.0;100.0;100.0;100.0;40.0;1.8808512480263309;100.0;40.0;0.2821276872039496;100.0;40.0;0.1;100.0;40.0;0.1;100.0;40.0;0.1;100.0;40.0;0.1;100.0;40.0;0.1;100.0;40.0;0.5;100.0;40.0;2.740917559748903
190;60.0;30.0;100.0;40.0;0.1;100.0;40.0;0.3;100.0;40.0;0.2;100.0;40.0;1.593430746690031;100.0;40.0;0.6868614933800623;100.0;40.0;1.567153733450156;100.0;40.0;0.1;100.0;40.0;0.1;100.0;40.0;0.2;100.0;40.0;0.1;100.0;100.0;100.0;100.0;40.0;1.8686149338006235;100.0;40.0;0.2802922400700935;100.0;40.0;0.1;100.0;40.0;0.1;100.0;40.0;0.1;100.0;40.0;0.1;100.0;40.0;0.1;100.0;40.0;0.5;100.0;40.0;2.7059919275807225
191;60.0;30.0;100.0;40.0;0.1;100.0;40.0;0.3;100.0;40.0;0.2;100.0;40.0;1.5842866078192346;100.0;40.0;0.6685732156384692;100.0;40.0;1.5214330390961728;100.0;40.0;0.1;100.0;40.0;0.1;100.0;40.0;0.2;100.0;40.0;0.1;100.0;100.0;100.0;100.0;40.0;1.6857321563846914;100.0;40.0;0.2528598234577037;100.0;40.0;0.1;100.0;40.0;0.1;100.0;40.0;0.1;100.0;40.0;0.1;100.0;40.0;0.1;100.0;40.0;0.5;100.0;40.0;2.244172607300149
192;60.0;30.0;100.0;40.0;0.1;100.0;40.0;0.3;100.0;40.0;0.2;100.0;40.0;1.5940474662553252;100.0;40.0;0.6880949325106505;100.0;40.0;1.570237331276626;100.0;40.0;0.1;100.0;40.0;0.1;100.0;40.0;0.2;100.0;40.0;0.1;100.0;100.0;100.0;100.0;40.0;1.8809493251065044;100.0;40.0;0.28214239876597563;100.0;40.0;0.1;100.0;40.0;0.1;100.0;40.0;0.1;100.0;40.0;0.1;100.0;40.0;0.1;100.0;40.0;0.5;100.0;40.0;2.741199859982261
193;60.0;30.0;100.0;40.0;0.1;100.0;40.0;0.3;100.0;40.0;0.2;100.0;40.0;1.5933812908627922;100.0;40.0;0.6867625817255845;100.0;40.0;1.566906454313961;100.0;40.0;0.1;100.0;40.0;0.1;100.0;40.0;0.2;100.0;40.0;0.1;100.0;100.0;100.0;100.0;40.0;1.8676258172558442;100.0;40.0;0.28014387258837664;100.0;40.0;0.1;100.0;40.0;0.1;100.0;40.0;0.1;100.0;40.0;0.1;100.0;40.0;0.1;100.0;40.0;0.5;100.0;40.0;2.7031940081487957
194;60.0;30.0;100.0;40.0;0.1;100.0;40.0;0.3;100.0;40.0;0.2;100.0;40.0;1.5843468663022926;100.0;40.0;0.6686937326045851;100.0;40.0;1.5217343315114629;100.0;40.0;0.1;100.0;40.0;0.1;100.0;40.0;0.2;100.0;40.0;0.1;100.0;100.0;100.0;100.0;40.0;1.6869373260458511;100.0;40.0;0.25304059890687763;100.0;40.0;0.1;100.0;40.0;0.1;100.0;40.0;0.1;100.0;40.0;0.1;100.0;40.0;0.1;100.0;40.0;0.5;100.0;40.0;2.246897021622108
195;60.0;30.0;100.0;40.0;0.1;100.0;40.0;0.3;100.0;40.0;0.2;100.0;40.0;1.5940519491119451;100.0;40.0;0.6881038982238906;100.0;40.0;1.5702597455597265;100.0;40.0;0.1;100.0;40.0;0.1;100.0;40.0;0.2;100.0;40.0;0.1;100.0;100.0;100.0;100.0;40.0;1.8810389822389058;100.0;40.0;0.2821558473358359;100.0;40.0;0.1;100.0;40.0;0.1;100.0;40.0;0.1;100.0;40.0;0.1;100.0;40.0;0.1;100.0;40.0;0.5;100.0;40.0;2.7414579578560927
196;60.0;30.0;100.0;40.0;0.1;100.0;40.0;0.3;100.0;40.0;0.2;100.0;40.0;1.5933329382305657;100.0;40.0;0.6866658764611314;100.0;40.0;1.5666646911528286;100.0;40.0;0.1;100.0;40.0;0.1;100.0;40.0;0.2;100.0;40.0;0.1;100.0;100.0;100.0;100.0;40.0;1.8666587646113144;100.0;40.0;0.27999881469169713;100.0;40.0;0.1;100.0;40.0;0.1;100.0;40.0;0.1;100.0;40.0;0.1;100.0;40.0;0.1;100.0;40.0;0.5;100.0;40.0;2.700462114917016
197;60.0;30.0;100.0;40.0;0.1;100.0;40.0;0.3;100.0;40.0;0.2;100.0;40.0;1.5844059542435789;100.0;40.0;0.6688119084871578;100.0;40.0;1.5220297712178945;100.0;40.0;0.1;100.0;40.0;0.1;100.0;40.0;0.2;100.0;40.0;0.1;100.0;100.0;100.0;100.0;40.0;1.688119084871578;100.0;40.0;0.25321786273073665;100.0;40.0;0.1;100.0;40.0;0.1;100.0;40.0;0.1;100.0;40.0;0.1;100.0;40.0;0.1;100.0;40.0;0.5;100.0;40.0;2.2495720975498563
198;60.0;30.0;100.0;40.0;0.1;100.0;40.0;0.3;100.0;40.0;0.2;100.0;40.0;1.5940560334390845;100.0;40.0;0.688112066878169;100.0;40.0;1.5702801671954223;100.0;40.0;0.1;100.0;40.0;0.1;100.0;40.0;0.2;100.0;40.0;0.1;100.0;100.0;100.0;100.0;40.0;1.8811206687816893;100.0;40.0;0.28216810031725337;100.0;40.0;0.1;100.0;40.0;0.1;100.0;40.0;0.1;100.0;40.0;0.1;100.0;40.0;0.1;100.0;40.0;0.5;100.0;40.0;2.741693138242039
199;60.0;30.0;100.0;40.0;0.1;100.0;40.0;0.3;100.0;40.0;0.2;100.0;40.0;1.5932856528858177;100.0;40.0;0.6865713057716354;100.0;40.0;1.5664282644290886;100.0;40.0;0.1;100.0;40.0;0.1;100.0;40.0;0.2;100.0;40.0;0.1;100.0;100.0;100.0;100.0;40.0;1.8657130577163539;100.0;40.0;0.2798569586574531;100.0;40.0;0.1;100.0;40.0;0.1;100.0;40.0;0.1;100.0;40.0;0.1;100.0;40.0;0.1;100.0;40.0;0.5;100.0;40.0;2.6977939704797986
200;60.0;30.0;100.0;40.0;0.1;100.0;40.0;0.3;100.0;40.0;0.2;100.0;40.0;1.5844639077406215;100.0;40.0;0.6689278154812432;100.0;40.0;1.522319538703108;100.0;40.0;0.1;100.0;40.0;0.1;100.0;40.0;0.2;100.0;40.0;0.1;100.0;100.0;100.0;100.0;40.0;1.6892781548124327;100.0;40.0;0.2533917232218649;100.0;40.0;0.1;100.0;40.0;0.1;100.0;40.0;0.1;100.0;40.0;0.1;100.0;40.0;0.1;100.0;40.0;0.5;100.0;40.0;2.252199270296849
201;60.0;30.0;100.0;40.0;0.1;100.0;40.0;0.3;100.0;40.0;0.2;100.0;40.0;1.5940597402940473;100.0;40.0;0.6881194805880946;100.0;40.0;1.5702987014702365;100.0;40.0;0.1;100.0;40.0;0.1;100.0;40.0;0.2;100.0;40.0;0.1;100.0;100.0;100.0;100.0;40.0;1.8811948058809458;100.0;40.0;0.28217922088214187;100.0;40.0;0.1;100.0;40.0;0.1;100.0;40.0;0.1;100.0;40.0;0.1;100.0;40.0;0.1;100.0;40.0;0.5;100.0;40.0;2.7419066061319244
202;60.0;30.0;100.0;40.0;0.1;100.0;40.0;0.3;100.0;40.0;0.2;100.0;40.0;1.5932394004571013;100.0;40.0;0.686478800914203;100.0;40.0;1.5661970022855074;100.0;40.0;0.1;100.0;40.0;0.1;100.0;40.0;0.2;100.0;40.0;0.1;100.0;100.0;100.0;100.0;40.0;1.8647880091420295;100.0;40.0;0.27971820137130443;100.0;40.0;0.1;100.0;40.0;0.1;100.0;40.0;0.1;100.0;40.0;0.1;100.0;40.0;0.1;100.0;40.0;0.5;100.0;40.0;2.6951874007241248
203;60.0;30.0;100.0;40.0;0.1;100.0;40.0;0.3;100.0;40.0;0.2;100.0;40.0;1.5845207613849341;100.0;40.0;0.6690415227698685;100.0;40.0;1.5226038069246712;100.0;40.0;0.1;100.0;40.0;0.1;100.0;40.0;0.2;100.0;40.0;0.1;100.0;100.0;100.0;100.0;40.0;1.6904152276986846;100.0;40.0;0.2535622841548027;100.0;40.0;0.1;100.0;40.0;0.1;100.0;40.0;0.1;100.0;40.0;0.1;100.0;40.0;0.1;100.0;40.0;0.5;100.0;40.0;2.2547799182345374
204;60.0;30.0;100.0;40.0;0.1;100.0;40.0;0.3;100.0;40.0;0.2;100.0;40.0;1.5940630894291594;100.0;40.0;0.6881261788583191;100.0;40.0;1.5703154471457978;100.0;40.0;0.1;100.0;40.0;0.1;100.0;40.0;0.2;100.0;40.0;0.1;100.0;100.0;100.0;100.0;40.0;1.881261788583191;100.0;40.0;0.28218926828747865;100.0;40.0;0.1;100.0;40.0;0.1;100.0;40.0;0.1;100.0;40.0;0.1;100.0;40.0;0.1;100.0;40.0;0.5;100.0;40.0;2.7420994925475477
205;60.0;30.0;100.0;40.0;0.1;100.0;40.0;0.3;100.0;40.0;0.2;100.0;40.0;1.5931941480288558;100.0;40.0;0.6863882960577119;100.0;40.0;1.5659707401442797;100.0;40.0;0.1;100.0;40.0;0.1;100.0;40.0;0.2;100.0;40.0;0.1;100.0;100.0;100.0;100.0;40.0;1.863882960577119;100.0;40.0;0.27958244408656785;100.0;40.0;0.1;100.0;40.0;0.1;100.0;40.0;0.1;100.0;40.0;0.1;100.0;40.0;0.1;100.0;40.0;0.5;100.0;40.0;2.6926403290963603
206;60.0;30.0;100.0;40.0;0.1;100.0;40.0;0.3;100.0;40.0;0.2;100.0;40.0;1.5845765483398222;100.0;40.0;0.6691530966796447;100.0;40.0;1.5228827416991118;100.0;40.0;0.1;100.0;40.0;0.1;100.0;40.0;0.2;100.0;40.0;0.1;100.0;100.0;100.0;100.0;40.0;1.691530966796447;100.0;40.0;0.25372964501946704;100.0;40.0;0.1;100.0;40.0;0.1;100.0;40.0;0.1;100.0;40.0;0.1;100.0;40.0;0.1;100.0;40.0;0.5;100.0;40.0;2.2573153656838083
207;60.0;30.0;100.0;40.0;0.1;100.0;40.0;0.3;100.0;40.0;0.2;100.0;40.0;1.5940660993881561;100.0;40.0;0.6881321987763125;100.0;40.0;1.570330496940781;100.0;40.0;0.1;100.0;40.0;0.1;100.0;40.0;0.2;100.0;40.0;0.1;100.0;100.0;100.0;100.0;40.0;1.8813219877631242;100.0;40.0;0.2821982981644686;100.0;40.0;0.1;100.0;40.0;0.1;100.0;40.0;0.1;100.0;40.0;0.1;100.0;40.0;0.1;100.0;40.0;0.5;100.0;40.0;2.7422728599404085
208;60.0;30.0;100.0;40.0;0.1;100.0;40.0;0.3;100.0;40.0;0.2;100.0;40.0;1.5931498640660353;100.0;40.0;0.6862997281320709;100.0;40.0;1.5657493203301769;100.0;40.0;0.1;100.0;40.0;0.1;100.0;40.0;0.2;100.0;40.0;0.1;100.0;100.0;100.0;100.0;40.0;1.8629972813207079;100.0;40.0;0.27944959219810617;100.0;40.0;0.1;100.0;40.0;0.1;100.0;40.0;0.1;100.0;40.0;0.1;100.0;40.0;0.1;100.0;40.0;0.5;100.0;40.0;2.6901507712390083
209;60.0;30.0;100.0;40.0;0.1;100.0;40.0;0.3;100.0;40.0;0.2;100.0;40.0;1.5846313004135062;100.0;40.0;0.6692626008270125;100.0;40.0;1.5231565020675313;100.0;40.0;0.1;100.0;40.0;0.1;100.0;40.0;0.2;100.0;40.0;0.1;100.0;100.0;100.0;100.0;40.0;1.6926260082701252;100.0;40.0;0.25389390124051875;100.0;40.0;0.1;100.0;40.0;0.1;100.0;40.0;0.1;100.0;40.0;0.1;100.0;40.0;0.1;100.0;40.0;0.5;100.0;40.0;2.2598068855474702
210;60.0;30.0;100.0;40.0;0.1;100.0;40.0;0.3;100.0;40.0;0.2;100.0;40.0;1.5940687875942565;100.0;40.0;0.6881375751885129;100.0;40.0;1.5703439379712822;100.0;40.0;0.1;100.0;40.0;0.1;100.0;40.0;0.2;100.0;40.0;0.1;100.0;100.0;100.0;100.0;40.0;1.8813757518851293;100.0;40.0;0.2822063627827694;100.0;40.0;0.1;100.0;40.0;0.1;100.0;40.0;0.1;100.0;40.0;0.1;100.0;40.0;0.1;100.0;40.0;0.5;100.0;40.0;2.742427707131683
211;60.0;30.0;100.0;40.0;0.1;100.0;40.0;0.3;100.0;40.0;0.2;100.0;40.0;1.5931065183432522;100.0;40.0;0.6862130366865047;100.0;40.0;1.5655325917162617;100.0;40.0;0.1;100.0;40.0;0.1;100.0;40.0;0.2;100.0;40.0;0.1;100.0;100.0;100.0;100.0;40.0;1.8621303668650466;100.0;40.0;0.27931955502975697;100.0;40.0;0.1;100.0;40.0;0.1;100.0;40.0;0.1;100.0;40.0;0.1;100.0;40.0;0.1;100.0;40.0;0.5;100.0;40.0;2.6877168299708
212;60.0;30.0;100.0;40.0;0.1;100.0;40.0;0.3;100.0;40.0;0.2;100.0;40.0;1.5846850481278698;100.0;40.0;0.6693700962557395;100.0;40.0;1.523425240639349;100.0;40.0;0.1;100.0;40.0;0.1;100.0;40.0;0.2;100.0;40.0;0.1;100.0;100.0;100.0;100.0;40.0;1.6937009625573953;100.0;40.0;0.25405514438360927;100.0;40.0;0.1;100.0;40.0;0.1;100.0;40.0;0.1;100.0;40.0;0.1;100.0;40.0;0.1;100.0;40.0;0.5;100.0;40.0;2.2622557017936114
213;60.0;30.0;100.0;40.0;0.1;100.0;40.0;0.3;100.0;40.0;0.2;100.0;40.0;1.5940711704307453;100.0;40.0;0.6881423408614908;100.0;40.0;1.570355852153727;100.0;40.0;0.1;100.0;40.0;0.1;100.0;40.0;0.2;100.0;40.0;0.1;100.0;100.0;100.0;100.0;40.0;1.8814234086149084;100.0;40.0;0.28221351129223626;100.0;40.0;0.1;100.0;40.0;0.1;100.0;40.0;0.1;100.0;40.0;0.1;100.0;40.0;0.1;100.0;40.0;0.5;100.0;40.0;2.742564973837171
214;60.0;30.0;100.0;40.0;0.1;100.0;40.0;0.3;100.0;40.0;0.2;100.0;40.0;1.5930640818781363;100.0;40.0;0.686128163756273;100.0;40.0;1.5653204093906823;100.0;40.0;0.1;100.0;40.0;0.1;100.0;40.0;0.2;100.0;40.0;0.1;100.0;100.0;100.0;100.0;40.0;1.861281637562729;100.0;40.0;0.27919224563440936;100.0;40.0;0.1;100.0;40.0;0.1;100.0;40.0;0.1;100.0;40.0;0.1;100.0;40.0;0.1;100.0;40.0;0.5;100.0;40.0;2.6853366905855873
215;60.0;30.0;100.0;40.0;0.1;100.0;40.0;0.3;100.0;40.0;0.2;100.0;40.0;1.5847378207831269;100.0;40.0;0.6694756415662536;100.0;40.0;1.5236891039156342;100.0;40.0;0.1;100.0;40.0;0.1;100.0;40.0;0.2;100.0;40.0;0.1;100.0;100.0;100.0;100.0;40.0;1.6947564156625363;100.0;40.0;0.2542134623493804;100.0;40.0;0.1;100.0;40.0;0.1;100.0;40.0;0.1;100.0;40.0;0.1;100.0;40.0;0.1;100.0;40.0;0.5;100.0;40.0;2.264662991799077
216;60.0;30.0;100.0;40.0;0.1;100.0;40.0;0.3;100.0;40.0;0.2;100.0;40.0;1.594073263314791;100.0;40.0;0.6881465266295822;100.0;40.0;1.5703663165739554;100.0;40.0;0.1;100.0;40.0;0.1;100.0;40.0;0.2;100.0;40.0;0.1;100.0;100.0;100.0;100.0;40.0;1.8814652662958216;100.0;40.0;0.28221978994437324;100.0;40.0;0.1;100.0;40.0;0.1;100.0;40.0;0.1;100.0;40.0;0.1;100.0;40.0;0.1;100.0;40.0;0.5;100.0;40.0;2.7426855448170464
217;60.0;30.0;100.0;40.0;0.1;100.0;40.0;0.3;100.0;40.0;0.2;100.0;40.0;1.5930225268686327;100.0;40.0;0.6860450537372654;100.0;40.0;1.5651126343431636;100.0;40.0;0.1;100.0;40.0;0.1;100.0;40.0;0.2;100.0;40.0;0.1;100.0;100.0;100.0;100.0;40.0;1.8604505373726545;100.0;40.0;0.27906758060589815;100.0;40.0;0.1;100.0;40.0;0.1;100.0;40.0;0.1;100.0;40.0;0.1;100.0;40.0;0.1;100.0;40.0;0.5;100.0;40.0;2.683008616447367
218;60.0;30.0;100.0;40.0;0.1;100.0;40.0;0.3;100.0;40.0;0.2;100.0;40.0;1.5847896465186755;100.0;40.0;0.6695792930373509;100.0;40.0;1.5239482325933773;100.0;40.0;0.1;100.0;40.0;0.1;100.0;40.0;0.2;100.0;40.0;0.1;100.0;100.0;100.0;100.0;40.0;1.6957929303735089;100.0;40.0;0.2543689395560263;100.0;40.0;0.1;100.0;40.0;0.1;100.0;40.0;0.1;100.0;40.0;0.1;100.0;40.0;0.1;100.0;40.0;0.5;100.0;40.0;2.2670298885617353
219;60.0;30.0;100.0;40.0;0.1;100.0;40.0;0.3;100.0;40.0;0.2;100.0;40.0;1.5940750807651463;100.0;40.0;0.6881501615302928;100.0;40.0;1.570375403825732;100.0;40.0;0.1;100.0;40.0;0.1;100.0;40.0;0.2;100.0;40.0;0.1;100.0;100.0;100.0;100.0;40.0;1.881501615302928;100.0;40.0;0.2822252422954392;100.0;40.0;0.1;100.0;40.0;0.1;100.0;40.0;0.1;100.0;40.0;0.1;100.0;40.0;0.1;100.0;40.0;0.5;100.0;40.0;2.742790253685986
220;60.0;30.0;100.0;40.0;0.1;100.0;40.0;0.3;100.0;40.0;0.2;100.0;40.0;1.5929818266339804;100.0;40.0;0.6859636532679607;100.0;40.0;1.5649091331699017;100.0;40.0;0.1;100.0;40.0;0.1;100.0;40.0;0.2;100.0;40.0;0.1;100.0;100.0;100.0;100.0;40.0;1.8596365326796065;100.0;40.0;0.27894547990194096;100.0;40.0;0.1;100.0;40.0;0.1;100.0;40.0;0.1;100.0;40.0;0.1;100.0;40.0;0.1;100.0;40.0;0.5;100.0;40.0;2.680730944860485
221;60.0;30.0;100.0;40.0;0.1;100.0;40.0;0.3;100.0;40.0;0.2;100.0;40.0;1.5848405523703903;100.0;40.0;0.6696811047407808;100.0;40.0;1.524202761851952;100.0;40.0;0.1;100.0;40.0;0.1;100.0;40.0;0.2;100.0;40.0;0.1;100.0;100.0;100.0;100.0;40.0;1.6968110474078077;100.0;40.0;0.25452165711117114;100.0;40.0;0.1;100.0;40.0;0.1;100.0;40.0;0.1;100.0;40.0;0.1;100.0;40.0;0.1;100.0;40.0;0.5;100.0;40.0;2.2693574827896326
222;60.0;30.0;100.0;40.0;0.1;100.0;40.0;0.3;100.0;40.0;0.2;100.0;40.0;1.5940766364643153;100.0;40.0;0.6881532729286305;100.0;40.0;1.5703831823215764;100.0;40.0;0.1;100.0;40.0;0.1;100.0;40.0;0.2;100.0;40.0;0.1;100.0;100.0;100.0;100.0;40.0;1.881532729286305;100.0;40.0;0.28222990939294573;100.0;40.0;0.1;100.0;40.0;0.1;100.0;40.0;0.1;100.0;40.0;0.1;100.0;40.0;0.1;100.0;40.0;0.5;100.0;40.0;2.7428798864154174
223;60.0;30.0;100.0;40.0;0.1;100.0;40.0;0.3;100.0;40.0;0.2;100.0;40.0;1.5929419555591326;100.0;40.0;0.6858839111182653;100.0;40.0;1.5647097777956631;100.0;40.0;0.1;100.0;40.0;0.1;100.0;40.0;0.2;100.0;40.0;0.1;100.0;100.0;100.0;100.0;40.0;1.8588391111826523;100.0;40.0;0.27882586667739784;100.0;40.0;0.1;100.0;40.0;0.1;100.0;40.0;0.1;100.0;40.0;0.1;100.0;40.0;0.1;100.0;40.0;0.5;100.0;40.0;2.678502083195709
224;60.0;30.0;100.0;40.0;0.1;100.0;40.0;0.3;100.0;40.0;0.2;100.0;40.0;1.584890564324588;100.0;40.0;0.6697811286491763;100.0;40.0;1.5244528216229407;100.0;40.0;0.1;100.0;40.0;0.1;100.0;40.0;0.2;100.0;40.0;0.1;100.0;100.0;100.0;100.0;40.0;1.6978112864917625;100.0;40.0;0.25467169297376435;100.0;40.0;0.1;100.0;40.0;0.1;100.0;40.0;0.1;100.0;40.0;0.1;100.0;40.0;0.1;100.0;40.0;0.5;100.0;40.0;2.271646824874657
225;60.0;30.0;100.0;40.0;0.1;100.0;40.0;0.3;100.0;40.0;0.2;100.0;40.0;1.5940779433156997;100.0;40.0;0.6881558866313997;100.0;40.0;1.5703897165784992;100.0;40.0;0.1;100.0;40.0;0.1;100.0;40.0;0.2;100.0;40.0;0.1;100.0;100.0;100.0;100.0;40.0;1.8815588663139968;100.0;40.0;0.2822338299470995;100.0;40.0;0.1;100.0;40.0;0.1;100.0;40.0;0.1;100.0;40.0;0.1;100.0;40.0;0.1;100.0;40.0;0.5;100.0;40.0;2.7429551845563154
226;60.0;30.0;100.0;40.0;0.1;100.0;40.0;0.3;100.0;40.0;0.2;100.0;40.0;1.5929028890423937;100.0;40.0;0.6858057780847877;100.0;40.0;1.5645144452119693;100.0;40.0;0.1;100.0;40.0;0.1;100.0;40.0;0.2;100.0;40.0;0.1;100.0;100.0;100.0;100.0;40.0;1.8580577808478769;100.0;40.0;0.2787086671271815;100.0;40.0;0.1;100.0;40.0;0.1;100.0;40.0;0.1;100.0;40.0;0.1;100.0;40.0;0.1;100.0;40.0;0.5;100.0;40.0;2.676320505254265
227;60.0;30.0;100.0;40.0;0.1;100.0;40.0;0.3;100.0;40.0;0.2;100.0;40.0;1.584939707368882;100.0;40.0;0.669879414737764;100.0;40.0;1.5246985368444101;100.0;40.0;0.1;100.0;40.0;0.1;100.0;40.0;0.2;100.0;40.0;0.1;100.0;100.0;100.0;100.0;40.0;1.6987941473776402;100.0;40.0;0.25481912210664603;100.0;40.0;0.1;100.0;40.0;0.1;100.0;40.0;0.1;100.0;40.0;0.1;100.0;40.0;0.1;100.0;40.0;0.5;100.0;40.0;2.273898926757833
228;60.0;30.0;100.0;40.0;0.1;100.0;40.0;0.3;100.0;40.0;0.2;100.0;40.0;1.5940790134961929;100.0;40.0;0.6881580269923857;100.0;40.0;1.5703950674809644;100.0;40.0;0.1;100.0;40.0;0.1;100.0;40.0;0.2;100.0;40.0;0.1;100.0;100.0;100.0;100.0;40.0;1.8815802699238573;100.0;40.0;0.28223704048857856;100.0;40.0;0.1;100.0;40.0;0.1;100.0;40.0;0.1;100.0;40.0;0.1;100.0;40.0;0.1;100.0;40.0;0.5;100.0;40.0;2.743016848208026
229;60.0;30.0;100.0;40.0;0.1;100.0;40.0;0.3;100.0;40.0;0.2;100.0;40.0;1.592864603446065;100.0;40.0;0.6857292068921299;100.0;40.0;1.5643230172303249;100.0;40.0;0.1;100.0;40.0;0.1;100.0;40.0;0.2;100.0;40.0;0.1;100.0;100.0;100.0;100.0;40.0;1.8572920689212995;100.0;40.0;0.2785938103381949;100.0;40.0;0.1;100.0;40.0;0.1;100.0;40.0;0.1;100.0;40.0;0.1;100.0;40.0;0.1;100.0;40.0;0.5;100.0;40.0;2.674184747853379
230;60.0;30.0;100.0;40.0;0.1;100.0;40.0;0.3;100.0;40.0;0.2;100.0;40.0;1.5849880055401289;100.0;40.0;0.6699760110802577;100.0;40.0;1.5249400277006442;100.0;40.0;0.1;100.0;40.0;0.1;100.0;40.0;0.2;100.0;40.0;0.1;100.0;100.0;100.0;100.0;40.0;1.699760110802577;100.0;40.0;0.25496401662038654;100.0;40.0;0.1;100.0;40.0;0.1;100.0;40.0;0.1;100.0;40.0;0.1;100.0;40.0;0.1;100.0;40.0;0.5;100.0;40.0;2.2761147636928696
231;60.0;30.0;100.0;40.0;0.1;100.0;40.0;0.3;100.0;40.0;0.2;100.0;40.0;1.5940798585046299;100.0;40.0;0.6881597170092599;100.0;40.0;1.5703992925231498;100.0;40.0;0.1;100.0;40.0;0.1;100.0;40.0;0.2;100.0;40.0;0.1;100.0;100.0;100.0;100.0;40.0;1.8815971700925995;100.0;40.0;0.2822395755138899;100.0;40.0;0.1;100.0;40.0;0.1;100.0;40.0;0.1;100.0;40.0;0.1;100.0;40.0;0.1;100.0;40.0;0.5;100.0;40.0;2.743065538756012
232;60.0;30.0;100.0;40.0;0.1;100.0;40.0;0.3;100.0;40.0;0.2;100.0;40.0;1.592827076049904;100.0;40.0;0.6856541520998078;100.0;40.0;1.5641353802495195;100.0;40.0;0.1;100.0;40.0;0.1;100.0;40.0;0.2;100.0;40.0;0.1;100.0;100.0;100.0;100.0;40.0;1.8565415209980778;100.0;40.0;0.27848122814971166;100.0;40.0;0.1;100.0;40.0;0.1;100.0;40.0;0.1;100.0;40.0;0.1;100.0;40.0;0.1;100.0;40.0;0.5;100.0;40.0;2.6720934076179996
233;60.0;30.0;100.0;40.0;0.1;100.0;40.0;0.3;100.0;40.0;0.2;100.0;40.0;1.5850354819696555;100.0;40.0;0.6700709639393112;100.0;40.0;1.525177409848278;100.0;40.0;0.1;100.0;40.0;0.1;100.0;40.0;0.2;100.0;40.0;0.1;100.0;100.0;100.0;100.0;40.0;1.7007096393931118;100.0;40.0;0.25510644590896675;100.0;40.0;0.1;100.0;40.0;0.1;100.0;40.0;0.1;100.0;40.0;0.1;100.0;40.0;0.1;100.0;40.0;0.5;100.0;40.0;2.2782952759142243
234;60.0;30.0;100.0;40.0;0.1;100.0;40.0;0.3;100.0;40.0;0.2;100.0;40.0;1.5940804892064742;100.0;40.0;0.6881609784129487;100.0;40.0;1.5704024460323716;100.0;40.0;0.1;100.0;40.0;0.1;100.0;40.0;0.2;100.0;40.0;0.1;100.0;100.0;100.0;100.0;40.0;1.881609784129486;100.0;40.0;0.2822414676194229;100.0;40.0;0.1;100.0;40.0;0.1;100.0;40.0;0.1;100.0;40.0;0.1;100.0;40.0;0.1;100.0;40.0;0.5;100.0;40.0;2.7431018813990224
235;60.0;30.0;100.0;40.0;0.1;100.0;40.0;0.3;100.0;40.0;0.2;100.0;40.0;1.5927902850072204;100.0;40.0;0.6855805700144411;100.0;40.0;1.5639514250361026;100.0;40.0;0.1;100.0;40.0;0.1;100.0;40.0;0.2;100.0;40.0;0.1;100.0;100.0;100.0;100.0;40.0;1.8558057001444104;100.0;40.0;0.27837085502166153;100.0;40.0;0.1;100.0;40.0;0.1;100.0;40.0;0.1;100.0;40.0;0.1;100.0;40.0;0.1;100.0;40.0;0.5;100.0;40.0;2.6700451379646593
236;60.0;30.0;100.0;40.0;0.1;100.0;40.0;0.3;100.0;40.0;0.2;100.0;40.0;1.5850821589259405;100.0;40.0;0.670164317851881;100.0;40.0;1.5254107946297026;100.0;40.0;0.1;100.0;40.0;0.1;100.0;40.0;0.2;100.0;40.0;0.1;100.0;100.0;100.0;100.0;40.0;1.7016431785188102;100.0;40.0;0.25524647677782153;100.0;40.0;0.1;100.0;40.0;0.1;100.0;40.0;0.1;100.0;40.0;0.1;100.0;40.0;0.1;100.0;40.0;0.5;100.0;40.0;2.280441370215485
237;60.0;30.0;100.0;40.0;0.1;100.0;40.0;0.3;100.0;40.0;0.2;100.0;40.0;1.5940809158750688;100.0;40.0;0.6881618317501377;100.0;40.0;1.5704045793753443;100.0;40.0;0.1;100.0;40.0;0.1;100.0;40.0;0.2;100.0;40.0;0.1;100.0;100.0;100.0;100.0;40.0;1.8816183175013768;100.0;40.0;0.2822427476252065;100.0;40.0;0.1;100.0;40.0;0.1;100.0;40.0;0.1;100.0;40.0;0.1;100.0;40.0;0.1;100.0;40.0;0.5;100.0;40.0;2.743126467484244
238;60.0;30.0;100.0;40.0;0.1;100.0;40.0;0.3;100.0;40.0;0.2;100.0;40.0;1.592754209303438;100.0;40.0;0.6855084186068762;100.0;40.0;1.5637710465171903;100.0;40.0;0.1;100.0;40.0;0.1;100.0;40.0;0.2;100.0;40.0;0.1;100.0;100.0;100.0;100.0;40.0;1.8550841860687612;100.0;40.0;0.2782626279103142;100.0;40.0;0.1;100.0;40.0;0.1;100.0;40.0;0.1;100.0;40.0;0.1;100.0;40.0;0.1;100.0;40.0;0.5;100.0;40.0;2.6680386462643746
239;60.0;30.0;100.0;40.0;0.1;100.0;40.0;0.3;100.0;40.0;0.2;100.0;40.0;1.5851280578549112;100.0;40.0;0.6702561157098227;100.0;40.0;1.5256402892745566;100.0;40.0;0.1;100.0;40.0;0.1;100.0;40.0;0.2;100.0;40.0;0.1;100.0;100.0;100.0;100.0;40.0;1.7025611570982264;100.0;40.0;0.255384173564734;100.0;40.0;0.1;100.0;40.0;0.1;100.0;40.0;0.1;100.0;40.0;0.1;100.0;40.0;0.1;100.0;40.0;0.5;100.0;40.0;2.282553921443496
240;60.0;30.0;100.0;40.0;0.1;100.0;40.0;0.3;100.0;40.0;0.2;100.0;40.0;1.5940811482297574;100.0;40.0;0.6881622964595151;100.0;40.0;1.5704057411487877;100.0;40.0;0.1;100.0;40.0;0.1;100.0;40.0;0.2;100.0;40.0;0.1;100.0;100.0;100.0;100.0;40.0;1.8816229645951505;100.0;40.0;0.2822434446892726;100.0;40.0;0.1;100.0;40.0;0.1;100.0;40.0;0.1;100.0;40.0;0.1;100.0;40.0;0.1;100.0;40.0;0.5;100.0;40.0;2.7431398566670606
241;60.0;30.0;100.0;40.0;0.1;100.0;40.0;0.3;100.0;40.0;0.2;100.0;40.0;1.5927188287169645;100.0;40.0;0.6854376574339289;100.0;40.0;1.5635941435848224;100.0;40.0;0.1;100.0;40.0;0.1;100.0;40.0;0.2;100.0;40.0;0.1;100.0;100.0;100.0;100.0;40.0;1.8543765743392895;100.0;40.0;0.2781564861508934;100.0;40.0;0.1;100.0;40.0;0.1;100.0;40.0;0.1;100.0;40.0;0.1;100.0;40.0;0.1;100.0;40.0;0.5;100.0;40.0;2.6660726911725305
242;60.0;30.0;100.0;40.0;0.1;100.0;40.0;0.3;100.0;40.0;0.2;100.0;40.0;1.585173199418012;100.0;40.0;0.670346398836024;100.0;40.0;1.5258659970900599;100.0;40.0;0.1;100.0;40.0;0.1;100.0;40.0;0.2;100.0;40.0;0.1;100.0;100.0;100.0;100.0;40.0;1.7034639883602396;100.0;40.0;0.2555195982540359;100.0;40.0;0.1;100.0;40.0;0.1;100.0;40.0;0.1;100.0;40.0;0.1;100.0;40.0;0.1;100.0;40.0;0.5;100.0;40.0;2.2846337739133484
243;60.0;30.0;100.0;40.0;0.1;100.0;40.0;0.3;100.0;40.0;0.2;100.0;40.0;1.5940811954711471;100.0;40.0;0.6881623909422944;100.0;40.0;1.570405977355736;100.0;40.0;0.1;100.0;40.0;0.1;100.0;40.0;0.2;100.0;40.0;0.1;100.0;100.0;100.0;100.0;40.0;1.8816239094229434;100.0;40.0;0.2822435864134415;100.0;40.0;0.1;100.0;40.0;0.1;100.0;40.0;0.1;100.0;40.0;0.1;100.0;40.0;0.1;100.0;40.0;0.5;100.0;40.0;2.743142578910505
244;60.0;30.0;100.0;40.0;0.1;100.0;40.0;0.3;100.0;40.0;0.2;100.0;40.0;1.5926841237822285;100.0;40.0;0.6853682475644569;100.0;40.0;1.5634206189111421;100.0;40.0;0.1;100.0;40.0;0.1;100.0;40.0;0.2;100.0;40.0;0.1;100.0;100.0;100.0;100.0;40.0;1.853682475644569;100.0;40.0;0.2780523713466853;100.0;40.0;0.1;100.0;40.0;0.1;100.0;40.0;0.1;100.0;40.0;0.1;100.0;40.0;0.1;100.0;40.0;0.5;100.0;40.0;2.664146080114574
245;60.0;30.0;100.0;40.0;0.1;100.0;40.0;0.3;100.0;40.0;0.2;100.0;40.0;1.5852176035281778;100.0;40.0;0.6704352070563557;100.0;40.0;1.5260880176408893;100.0;40.0;0.1;100.0;40.0;0.1;100.0;40.0;0.2;100.0;40.0;0.1;100.0;100.0;100.0;100.0;40.0;1.7043520705635575;100.0;40.0;0.2556528105845336;100.0;40.0;0.1;100.0;40.0;0.1;100.0;40.0;0.1;100.0;40.0;0.1;100.0;40.0;0.1;100.0;40.0;0.5;100.0;40.0;2.2866817427489425
246;60.0;30.0;100.0;40.0;0.1;100.0;40.0;0.3;100.0;40.0;0.2;100.0;40.0;1.594081066313755;100.0;40.0;0.6881621326275102;100.0;40.0;1.5704053315687758;100.0;40.0;0.1;100.0;40.0;0.1;100.0;40.0;0.2;100.0;40.0;0.1;100.0;100.0;100.0;100.0;40.0;1.881621326275103;100.0;40.0;0.2822431989412654;100.0;40.0;0.1;100.0;40.0;0.1;100.0;40.0;0.1;100.0;40.0;0.1;100.0;40.0;0.1;100.0;40.0;0.5;100.0;40.0;2.7431351363379775
247;60.0;30.0;100.0;40.0;0.1;100.0;40.0;0.3;100.0;40.0;0.2;100.0;40.0;1.5926500757547442;100.0;40.0;0.6853001515094882;100.0;40.0;1.5632503787737204;100.0;40.0;0.1;100.0;40.0;0.1;100.0;40.0;0.2;100.0;40.0;0.1;100.0;100.0;100.0;100.0;40.0;1.853001515094882;100.0;40.0;0.2779502272642323;100.0;40.0;0.1;100.0;40.0;0.1;100.0;40.0;0.1;100.0;40.0;0.1;100.0;40.0;0.1;100.0;40.0;0.5;100.0;40.0;2.6622576669171454
248;60.0;30.0;100.0;40.0;0.1;100.0;40.0;0.3;100.0;40.0;0.2;100.0;40.0;1.5852612893838518;100.0;40.0;0.6705225787677037;100.0;40.0;1.5263064469192593;100.0;40.0;0.1;100.0;40.0;0.1;100.0;40.0;0.2;100.0;40.0;0.1;100.0;100.0;100.0;100.0;40.0;1.7052257876770371;100.0;40.0;0.25578386815155557;100.0;40.0;0.1;100.0;40.0;0.1;100.0;40.0;0.1;100.0;40.0;0.1;100.0;40.0;0.1;100.0;40.0;0.5;100.0;40.0;2.2886986151536193
249;60.0;30.0;100.0;40.0;0.1;100.0;40.0;0.3;100.0;40.0;0.2;100.0;40.0;1.5940807690162644;100.0;40.0;0.6881615380325289;100.0;40.0;1.570403845081322;100.0;40.0;0.1;100.0;40.0;0.1;100.0;40.0;0.2;100.0;40.0;0.1;100.0;100.0;100.0;100.0;40.0;1.8816153803252884;100.0;40.0;0.2822423070487933;100.0;40.0;0.1;100.0;40.0;0.1;100.0;40.0;0.1;100.0;40.0;0.1;100.0;40.0;0.1;100.0;40.0;0.5;100.0;40.0;2.7431180049515334
250;60.0;30.0;100.0;40.0;0.1;100.0;40.0;0.3;100.0;40.0;0.2;100.0;40.0;1.5926166665780783;100.0;40.0;0.6852333331561565;100.0;40.0;1.5630833328903915;100.0;40.0;0.1;100.0;40.0;0.1;100.0;40.0;0.2;100.0;40.0;0.1;100.0;100.0;100.0;100.0;40.0;1.8523333315615655;100.0;40.0;0.2778499997342348;100.0;40.0;0.1;100.0;40.0;0.1;100.0;40.0;0.1;100.0;40.0;0.1;100.0;40.0;0.1;100.0;40.0;0.5;100.0;40.0;2.660406349575069
251;60.0;30.0;100.0;40.0;0.1;100.0;40.0;0.3;100.0;40.0;0.2;100.0;40.0;1.5853042755011613;100.0;40.0;0.6706085510023228;100.0;40.0;1.526521377505807;100.0;40.0;0.1;100.0;40.0;0.1;100.0;40.0;0.2;100.0;40.0;0.1;100.0;100.0;100.0;100.0;40.0;1.706085510023228;100.0;40.0;0.2559128265034842;100.0;40.0;0.1;100.0;40.0;0.1;100.0;40.0;0.1;100.0;40.0;0.1;100.0;40.0;0.1;100.0;40.0;0.5;100.0;40.0;2.290685151614964
252;60.0;30.0;100.0;40.0;0.1;100.0;40.0;0.3;100.0;40.0;0.2;100.0;40.0;1.5940803114095865;100.0;40.0;0.6881606228191731;100.0;40.0;1.5704015570479328;100.0;40.0;0.1;100.0;40.0;0.1;100.0;40.0;0.2;100.0;40.0;0.1;100.0;100.0;100.0;100.0;40.0;1.8816062281917314;100.0;40.0;0.2822409342287597;100.0;40.0;0.1;100.0;40.0;0.1;100.0;40.0;0.1;100.0;40.0;0.1;100.0;40.0;0.1;100.0;40.0;0.5;100.0;40.0;2.743091636226893
253;60.0;30.0;100.0;40.0;0.1;100.0;40.0;0.3;100.0;40.0;0.2;100.0;40.0;1.592583878852603;100.0;40.0;0.6851677577052061;100.0;40.0;1.5629193942630153;100.0;40.0;0.1;100.0;40.0;0.1;100.0;40.0;0.2;100.0;40.0;0.1;100.0;100.0;100.0;100.0;40.0;1.8516775770520608;100.0;40.0;0.2777516365578091;100.0;40.0;0.1;100.0;40.0;0.1;100.0;40.0;0.1;100.0;40.0;0.1;100.0;40.0;0.1;100.0;40.0;0.5;100.0;40.0;2.6585910681453306
254;60.0;30.0;100.0;40.0;0.1;100.0;40.0;0.3;100.0;40.0;0.2;100.0;40.0;1.5853465797443715;100.0;40.0;0.6706931594887431;100.0;40.0;1.5267328987218578;100.0;40.0;0.1;100.0;40.0;0.1;100.0;40.0;0.2;100.0;40.0;0.1;100.0;100.0;100.0;100.0;40.0;1.706931594887431;100.0;40.0;0.2560397392331146;100.0;40.0;0.1;100.0;40.0;0.1;100.0;40.0;0.1;100.0;40.0;0.1;100.0;40.0;0.1;100.0;40.0;0.5;100.0;40.0;2.292642087047693
255;60.0;30.0;100.0;40.0;0.1;100.0;40.0;0.3;100.0;40.0;0.2;100.0;40.0;1.594079700922914;100.0;40.0;0.6881594018458281;100.0;40.0;1.5703985046145703;100.0;40.0;0.1;100.0;40.0;0.1;100.0;40.0;0.2;100.0;40.0;0.1;100.0;100.0;100.0;100.0;40.0;1.8815940184582816;100.0;40.0;0.2822391027687422;100.0;40.0;0.1;100.0;40.0;0.1;100.0;40.0;0.1;100.0;40.0;0.1;100.0;40.0;0.1;100.0;40.0;0.5;100.0;40.0;2.7430564585952664
256;60.0;30.0;100.0;40.0;0.1;100.0;40.0;0.3;100.0;40.0;0.2;100.0;40.0;1.592551695805923;100.0;40.0;0.6851033916118461;100.0;40.0;1.5627584790296152;100.0;40.0;0.1;100.0;40.0;0.1;100.0;40.0;0.2;100.0;40.0;0.1;100.0;100.0;100.0;100.0;40.0;1.8510339161184604;100.0;40.0;0.27765508741776906;100.0;40.0;0.1;100.0;40.0;0.1;100.0;40.0;0.1;100.0;40.0;0.1;100.0;40.0;0.1;100.0;40.0;0.5;100.0;40.0;2.6568108027597543
257;60.0;30.0;100.0;40.0;0.1;100.0;40.0;0.3;100.0;40.0;0.2;100.0;40.0;1.5853882193547193;100.0;40.0;0.6707764387094387;100.0;40.0;1.5269410967735966;100.0;40.0;0.1;100.0;40.0;0.1;100.0;40.0;0.2;100.0;40.0;0.1;100.0;100.0;100.0;100.0;40.0;1.7077643870943866;100.0;40.0;0.256164658064158;100.0;40.0;0.1;100.0;40.0;0.1;100.0;40.0;0.1;100.0;40.0;0.1;100.0;40.0;0.1;100.0;40.0;0.5;100.0;40.0;2.2945701318782676
258;60.0;30.0;100.0;40.0;0.1;100.0;40.0;0.3;100.0;40.0;0.2;100.0;40.0;1.5940789446079267;100.0;40.0;0.6881578892158532;100.0;40.0;1.5703947230396331;100.0;40.0;0.1;100.0;40.0;0.1;100.0;40.0;0.2;100.0;40.0;0.1;100.0;100.0;100.0;100.0;40.0;1.8815788921585321;100.0;40.0;0.2822368338237798;100.0;40.0;0.1;100.0;40.0;0.1;100.0;40.0;0.1;100.0;40.0;0.1;100.0;40.0;0.1;100.0;40.0;0.5;100.0;40.0;2.7430128788211605
259;60.0;30.0;100.0;40.0;0.1;100.0;40.0;0.3;100.0;40.0;0.2;100.0;40.0;1.5925201012648755;100.0;40.0;0.6850402025297513;100.0;40.0;1.5626005063243782;100.0;40.0;0.1;100.0;40.0;0.1;100.0;40.0;0.2;100.0;40.0;0.1;100.0;100.0;100.0;100.0;40.0;1.8504020252975129;100.0;40.0;0.27756030379462693;100.0;40.0;0.1;100.0;40.0;0.1;100.0;40.0;0.1;100.0;40.0;0.1;100.0;40.0;0.1;100.0;40.0;0.5;100.0;40.0;2.655064571748751
260;60.0;30.0;100.0;40.0;0.1;100.0;40.0;0.3;100.0;40.0;0.2;100.0;40.0;1.585429210977728;100.0;40.0;0.6708584219554558;100.0;40.0;1.5271460548886395;100.0;40.0;0.1;100.0;40.0;0.1;100.0;40.0;0.2;100.0;40.0;0.1;100.0;100.0;100.0;100.0;40.0;1.7085842195545577;100.0;40.0;0.25628763293318363;100.0;40.0;0.1;100.0;40.0;0.1;100.0;40.0;0.1;100.0;40.0;0.1;100.0;40.0;0.1;100.0;40.0;0.5;100.0;40.0;2.296469973074618
261;60.0;30.0;100.0;40.0;0.1;100.0;40.0;0.3;100.0;40.0;0.2;100.0;40.0;1.5940780491613011;100.0;40.0;0.6881560983226023;100.0;40.0;1.5703902458065055;100.0;40.0;0.1;100.0;40.0;0.1;100.0;40.0;0.2;100.0;40.0;0.1;100.0;100.0;100.0;100.0;40.0;1.8815609832260223;100.0;40.0;0.28223414748390335;100.0;40.0;0.1;100.0;40.0;0.1;100.0;40.0;0.1;100.0;40.0;0.1;100.0;40.0;0.1;100.0;40.0;0.5;100.0;40.0;2.7429612832845325
262;60.0;30.0;100.0;40.0;0.1;100.0;40.0;0.3;100.0;40.0;0.2;100.0;40.0;1.5924890796290092;100.0;40.0;0.6849781592580186;100.0;40.0;1.5624453981450466;100.0;40.0;0.1;100.0;40.0;0.1;100.0;40.0;0.2;100.0;40.0;0.1;100.0;100.0;100.0;100.0;40.0;1.8497815925801862;100.0;40.0;0.2774672388870279;100.0;40.0;0.1;100.0;40.0;0.1;100.0;40.0;0.1;100.0;40.0;0.1;100.0;40.0;0.1;100.0;40.0;0.5;100.0;40.0;2.6533514298690517
263;60.0;30.0;100.0;40.0;0.1;100.0;40.0;0.3;100.0;40.0;0.2;100.0;40.0;1.5854695706890922;100.0;40.0;0.6709391413781844;100.0;40.0;1.527347853445461;100.0;40.0;0.1;100.0;40.0;0.1;100.0;40.0;0.2;100.0;40.0;0.1;100.0;100.0;100.0;100.0;40.0;1.7093914137818438;100.0;40.0;0.25640871206727656;100.0;40.0;0.1;100.0;40.0;0.1;100.0;40.0;0.1;100.0;40.0;0.1;100.0;40.0;0.1;100.0;40.0;0.5;100.0;40.0;2.298342275124136
264;60.0;30.0;100.0;40.0;0.1;100.0;40.0;0.3;100.0;40.0;0.2;100.0;40.0;1.594077020945661;100.0;40.0;0.688154041891322;100.0;40.0;1.570385104728305;100.0;40.0;0.1;100.0;40.0;0.1;100.0;40.0;0.2;100.0;40.0;0.1;100.0;100.0;100.0;100.0;40.0;1.88154041891322;100.0;40.0;0.282231062836983;100.0;40.0;0.1;100.0;40.0;0.1;100.0;40.0;0.1;100.0;40.0;0.1;100.0;40.0;0.1;100.0;40.0;0.5;100.0;40.0;2.7429020391748384
265;60.0;30.0;100.0;40.0;0.1;100.0;40.0;0.3;100.0;40.0;0.2;100.0;40.0;1.59245861584545;100.0;40.0;0.6849172316908998;100.0;40.0;1.5622930792272496;100.0;40.0;0.1;100.0;40.0;0.1;100.0;40.0;0.2;100.0;40.0;0.1;100.0;100.0;100.0;100.0;40.0;1.849172316908998;100.0;40.0;0.2773758475363497;100.0;40.0;0.1;100.0;40.0;0.1;100.0;40.0;0.1;100.0;40.0;0.1;100.0;40.0;0.1;100.0;40.0;0.5;100.0;40.0;2.6516704666288082
266;60.0;30.0;100.0;40.0;0.1;100.0;40.0;0.3;100.0;40.0;0.2;100.0;40.0;1.5855093140192227;100.0;40.0;0.6710186280384456;100.0;40.0;1.527546570096114;100.0;40.0;0.1;100.0;40.0;0.1;100.0;40.0;0.2;100.0;40.0;0.1;100.0;100.0;100.0;100.0;40.0;1.7101862803844554;100.0;40.0;0.2565279420576683;100.0;40.0;0.1;100.0;40.0;0.1;100.0;40.0;0.1;100.0;40.0;0.1;100.0;40.0;0.1;100.0;40.0;0.5;100.0;40.0;2.3001876809629724
267;60.0;30.0;100.0;40.0;0.1;100.0;40.0;0.3;100.0;40.0;0.2;100.0;40.0;1.5940758660090886;100.0;40.0;0.6881517320181774;100.0;40.0;1.5703793300454434;100.0;40.0;0.1;100.0;40.0;0.1;100.0;40.0;0.2;100.0;40.0;0.1;100.0;100.0;100.0;100.0;40.0;1.8815173201817734;100.0;40.0;0.282227598027266;100.0;40.0;0.1;100.0;40.0;0.1;100.0;40.0;0.1;100.0;40.0;0.1;100.0;40.0;0.1;100.0;40.0;0.5;100.0;40.0;2.7428354956039227
268;60.0;30.0;100.0;40.0;0.1;100.0;40.0;0.3;100.0;40.0;0.2;100.0;40.0;1.5924286953850726;100.0;40.0;0.6848573907701455;100.0;40.0;1.5621434769253637;100.0;40.0;0.1;100.0;40.0;0.1;100.0;40.0;0.2;100.0;40.0;0.1;100.0;100.0;100.0;100.0;40.0;1.8485739077014551;100.0;40.0;0.27728608615521827;100.0;40.0;0.1;100.0;40.0;0.1;100.0;40.0;0.1;100.0;40.0;0.1;100.0;40.0;0.1;100.0;40.0;0.5;100.0;40.0;2.6500208047039218
269;60.0;30.0;100.0;40.0;0.1;100.0;40.0;0.3;100.0;40.0;0.2;100.0;40.0;1.585548455976527;100.0;40.0;0.6710969119530538;100.0;40.0;1.5277422798826346;100.0;40.0;0.1;100.0;40.0;0.1;100.0;40.0;0.2;100.0;40.0;0.1;100.0;100.0;100.0;100.0;40.0;1.7109691195305379;100.0;40.0;0.25664536792958065;100.0;40.0;0.1;100.0;40.0;0.1;100.0;40.0;0.1;100.0;40.0;0.1;100.0;40.0;0.1;100.0;40.0;0.5;100.0;40.0;2.302006812859374
270;60.0;30.0;100.0;40.0;0.1;100.0;40.0;0.3;100.0;40.0;0.2;100.0;40.0;1.5940745901033135;100.0;40.0;0.6881491802066271;100.0;40.0;1.5703729505165676;100.0;40.0;0.1;100.0;40.0;0.1;100.0;40.0;0.2;100.0;40.0;0.1;100.0;100.0;100.0;100.0;40.0;1.8814918020662705;100.0;40.0;0.28222377030994056;100.0;40.0;0.1;100.0;40.0;0.1;100.0;40.0;0.1;100.0;40.0;0.1;100.0;40.0;0.1;100.0;40.0;0.5;100.0;40.0;2.7427619846440203
271;60.0;30.0;100.0;40.0;0.1;100.0;40.0;0.3;100.0;40.0;0.2;100.0;40.0;1.5923993042199027;100.0;40.0;0.6847986084398056;100.0;40.0;1.561996521099514;100.0;40.0;0.1;100.0;40.0;0.1;100.0;40.0;0.2;100.0;40.0;0.1;100.0;100.0;100.0;100.0;40.0;1.8479860843980553;100.0;40.0;0.2771979126597083;100.0;40.0;0.1;100.0;40.0;0.1;100.0;40.0;0.1;100.0;40.0;0.1;100.0;40.0;0.1;100.0;40.0;0.5;100.0;40.0;2.6484015984399325
272;60.0;30.0;100.0;40.0;0.1;100.0;40.0;0.3;100.0;40.0;0.2;100.0;40.0;1.5855870110695018;100.0;40.0;0.6711740221390039;100.0;40.0;1.5279350553475095;100.0;40.0;0.1;100.0;40.0;0.1;100.0;40.0;0.2;100.0;40.0;0.1;100.0;100.0;100.0;100.0;40.0;1.7117402213900383;100.0;40.0;0.25676103320850574;100.0;40.0;0.1;100.0;40.0;0.1;100.0;40.0;0.1;100.0;40.0;0.1;100.0;40.0;0.1;100.0;40.0;0.5;100.0;40.0;2.303800273253687
273;60.0;30.0;100.0;40.0;0.1;100.0;40.0;0.3;100.0;40.0;0.2;100.0;40.0;1.5940731987006784;100.0;40.0;0.688146397401357;100.0;40.0;1.5703659935033925;100.0;40.0;0.1;100.0;40.0;0.1;100.0;40.0;0.2;100.0;40.0;0.1;100.0;100.0;100.0;100.0;40.0;1.8814639740135695;100.0;40.0;0.2822195961020354;100.0;40.0;0.1;100.0;40.0;0.1;100.0;40.0;0.1;100.0;40.0;0.1;100.0;40.0;0.1;100.0;40.0;0.5;100.0;40.0;2.7426818222966434
274;60.0;30.0;100.0;40.0;0.1;100.0;40.0;0.3;100.0;40.0;0.2;100.0;40.0;1.59237042880167;100.0;40.0;0.6847408576033401;100.0;40.0;1.5618521440083504;100.0;40.0;0.1;100.0;40.0;0.1;100.0;40.0;0.2;100.0;40.0;0.1;100.0;100.0;100.0;100.0;40.0;1.8474085760334014;100.0;40.0;0.2771112864050102;100.0;40.0;0.1;100.0;40.0;0.1;100.0;40.0;0.1;100.0;40.0;0.1;100.0;40.0;0.1;100.0;40.0;0.5;100.0;40.0;2.6468120324341458
275;60.0;30.0;100.0;40.0;0.1;100.0;40.0;0.3;100.0;40.0;0.2;100.0;40.0;1.585624993327711;100.0;40.0;0.671249986655422;100.0;40.0;1.5281249666385552;100.0;40.0;0.1;100.0;40.0;0.1;100.0;40.0;0.2;100.0;40.0;0.1;100.0;100.0;100.0;100.0;40.0;1.7124998665542206;100.0;40.0;0.2568749799831331;100.0;40.0;0.1;100.0;40.0;0.1;100.0;40.0;0.1;100.0;40.0;0.1;100.0;40.0;0.1;100.0;40.0;0.5;100.0;40.0;2.305568645557487
276;60.0;30.0;100.0;40.0;0.1;100.0;40.0;0.3;100.0;40.0;0.2;100.0;40.0;1.5940716970099784;100.0;40.0;0.6881433940199568;100.0;40.0;1.5703584850498922;100.0;40.0;0.1;100.0;40.0;0.1;100.0;40.0;0.2;100.0;40.0;0.1;100.0;100.0;100.0;100.0;40.0;1.8814339401995686;100.0;40.0;0.28221509102993525;100.0;40.0;0.1;100.0;40.0;0.1;100.0;40.0;0.1;100.0;40.0;0.1;100.0;40.0;0.1;100.0;40.0;0.5;100.0;40.0;2.7425953093975894
277;60.0;30.0;100.0;40.0;0.1;100.0;40.0;0.3;100.0;40.0;0.2;100.0;40.0;1.5923420560414534;100.0;40.0;0.6846841120829069;100.0;40.0;1.5617102802072673;100.0;40.0;0.1;100.0;40.0;0.1;100.0;40.0;0.2;100.0;40.0;0.1;100.0;100.0;100.0;100.0;40.0;1.8468411208290691;100.0;40.0;0.2770261681243604;100.0;40.0;0.1;100.0;40.0;0.1;100.0;40.0;0.1;100.0;40.0;0.1;100.0;40.0;0.1;100.0;40.0;0.5;100.0;40.0;2.6452513201930583
278;60.0;30.0;100.0;40.0;0.1;100.0;40.0;0.3;100.0;40.0;0.2;100.0;40.0;1.585662416321706;100.0;40.0;0.6713248326434118;100.0;40.0;1.5283120816085296;100.0;40.0;0.1;100.0;40.0;0.1;100.0;40.0;0.2;100.0;40.0;0.1;100.0;100.0;100.0;100.0;40.0;1.7132483264341183;100.0;40.0;0.2569872489651177;100.0;40.0;0.1;100.0;40.0;0.1;100.0;40.0;0.1;100.0;40.0;0.1;100.0;40.0;0.1;100.0;40.0;0.5;100.0;40.0;2.307312494914097
279;60.0;30.0;100.0;40.0;0.1;100.0;40.0;0.3;100.0;40.0;0.2;100.0;40.0;1.5940700899912568;100.0;40.0;0.6881401799825135;100.0;40.0;1.5703504499562837;100.0;40.0;0.1;100.0;40.0;0.1;100.0;40.0;0.2;100.0;40.0;0.1;100.0;100.0;100.0;100.0;40.0;1.8814017998251347;100.0;40.0;0.2822102699737702;100.0;40.0;0.1;100.0;40.0;0.1;100.0;40.0;0.1;100.0;40.0;0.1;100.0;40.0;0.1;100.0;40.0;0.5;100.0;40.0;2.7425027324628943
280;60.0;30.0;100.0;40.0;0.1;100.0;40.0;0.3;100.0;40.0;0.2;100.0;40.0;1.5923141732903487;100.0;40.0;0.6846283465806975;100.0;40.0;1.5615708664517436;100.0;40.0;0.1;100.0;40.0;0.1;100.0;40.0;0.2;100.0;40.0;0.1;100.0;100.0;100.0;100.0;40.0;1.8462834658069747;100.0;40.0;0.2769425198710462;100.0;40.0;0.1;100.0;40.0;0.1;100.0;40.0;0.1;100.0;40.0;0.1;100.0;40.0;0.1;100.0;40.0;0.5;100.0;40.0;2.6437187028605162
281;60.0;30.0;100.0;40.0;0.1;100.0;40.0;0.3;100.0;40.0;0.2;100.0;40.0;1.5856992931819578;100.0;40.0;0.6713985863639157;100.0;40.0;1.5284964659097893;100.0;40.0;0.1;100.0;40.0;0.1;100.0;40.0;0.2;100.0;40.0;0.1;100.0;100.0;100.0;100.0;40.0;1.7139858636391567;100.0;40.0;0.2570978795458735;100.0;40.0;0.1;100.0;40.0;0.1;100.0;40.0;0.1;100.0;40.0;0.1;100.0;40.0;0.1;100.0;40.0;0.5;100.0;40.0;2.309032368922672
282;60.0;30.0;100.0;40.0;0.1;100.0;40.0;0.3;100.0;40.0;0.2;100.0;40.0;1.5940683823696375;100.0;40.0;0.6881367647392754;100.0;40.0;1.5703419118481885;100.0;40.0;0.1;100.0;40.0;0.1;100.0;40.0;0.2;100.0;40.0;0.1;100.0;100.0;100.0;100.0;40.0;1.8813676473927539;100.0;40.0;0.2822051471089131;100.0;40.0;0.1;100.0;40.0;0.1;100.0;40.0;0.1;100.0;40.0;0.1;100.0;40.0;0.1;100.0;40.0;0.5;100.0;40.0;2.7424043644801226
283;60.0;30.0;100.0;40.0;0.1;100.0;40.0;0.3;100.0;40.0;0.2;100.0;40.0;1.592286768321102;100.0;40.0;0.6845735366422042;100.0;40.0;1.5614338416055105;100.0;40.0;0.1;100.0;40.0;0.1;100.0;40.0;0.2;100.0;40.0;0.1;100.0;100.0;100.0;100.0;40.0;1.8457353664220422;100.0;40.0;0.2768603049633063;100.0;40.0;0.1;100.0;40.0;0.1;100.0;40.0;0.1;100.0;40.0;0.1;100.0;40.0;0.1;100.0;40.0;0.5;100.0;40.0;2.64221344801228
284;60.0;30.0;100.0;40.0;0.1;100.0;40.0;0.3;100.0;40.0;0.2;100.0;40.0;1.5857356366168538;100.0;40.0;0.6714712732337076;100.0;40.0;1.5286781830842688;100.0;40.0;0.1;100.0;40.0;0.1;100.0;40.0;0.2;100.0;40.0;0.1;100.0;100.0;100.0;100.0;40.0;1.7147127323370754;100.0;40.0;0.2572069098505613;100.0;40.0;0.1;100.0;40.0;0.1;100.0;40.0;0.1;100.0;40.0;0.1;100.0;40.0;0.1;100.0;40.0;0.5;100.0;40.0;2.3107287983278457
285;60.0;30.0;100.0;40.0;0.1;100.0;40.0;0.3;100.0;40.0;0.2;100.0;40.0;1.5940665786482666;100.0;40.0;0.6881331572965336;100.0;40.0;1.5703328932413338;100.0;40.0;0.1;100.0;40.0;0.1;100.0;40.0;0.2;100.0;40.0;0.1;100.0;100.0;100.0;100.0;40.0;1.8813315729653353;100.0;40.0;0.2821997359448003;100.0;40.0;0.1;100.0;40.0;0.1;100.0;40.0;0.1;100.0;40.0;0.1;100.0;40.0;0.1;100.0;40.0;0.5;100.0;40.0;2.742300465649011
286;60.0;30.0;100.0;40.0;0.1;100.0;40.0;0.3;100.0;40.0;0.2;100.0;40.0;1.5922598293106542;100.0;40.0;0.6845196586213084;100.0;40.0;1.561299146553271;100.0;40.0;0.1;100.0;40.0;0.1;100.0;40.0;0.2;100.0;40.0;0.1;100.0;100.0;100.0;100.0;40.0;1.845196586213084;100.0;40.0;0.27677948793196255;100.0;40.0;0.1;100.0;40.0;0.1;100.0;40.0;0.1;100.0;40.0;0.1;100.0;40.0;0.1;100.0;40.0;0.5;100.0;40.0;2.640734848513057
287;60.0;30.0;100.0;40.0;0.1;100.0;40.0;0.3;100.0;40.0;0.2;100.0;40.0;1.5857714589298113;100.0;40.0;0.6715429178596225;100.0;40.0;1.5288572946490564;100.0;40.0;0.1;100.0;40.0;0.1;100.0;40.0;0.2;100.0;40.0;0.1;100.0;100.0;100.0;100.0;40.0;1.7154291785962252;100.0;40.0;0.25731437678943375;100.0;40.0;0.1;100.0;40.0;0.1;100.0;40.0;0.1;100.0;40.0;0.1;100.0;40.0;0.1;100.0;40.0;0.5;100.0;40.0;2.312402297676844
288;60.0;30.0;100.0;40.0;0.1;100.0;40.0;0.3;100.0;40.0;0.2;100.0;40.0;1.5940646831204244;100.0;40.0;0.6881293662408487;100.0;40.0;1.5703234156021217;100.0;40.0;0.1;100.0;40.0;0.1;100.0;40.0;0.2;100.0;40.0;0.1;100.0;100.0;100.0;100.0;40.0;1.8812936624084873;100.0;40.0;0.28219404936127307;100.0;40.0;0.1;100.0;40.0;0.1;100.0;40.0;0.1;100.0;40.0;0.1;100.0;40.0;0.1;100.0;40.0;0.5;100.0;40.0;2.742191284075183
289;60.0;30.0;100.0;40.0;0.1;100.0;40.0;0.3;100.0;40.0;0.2;100.0;40.0;1.592233344823542;100.0;40.0;0.6844666896470842;100.0;40.0;1.5611667241177105;100.0;40.0;0.1;100.0;40.0;0.1;100.0;40.0;0.2;100.0;40.0;0.1;100.0;100.0;100.0;100.0;40.0;1.8446668964708421;100.0;40.0;0.2767000344706263;100.0;40.0;0.1;100.0;40.0;0.1;100.0;40.0;0.1;100.0;40.0;0.1;100.0;40.0;0.1;100.0;40.0;0.5;100.0;40.0;2.639282221432245
290;60.0;30.0;100.0;40.0;0.1;100.0;40.0;0.3;100.0;40.0;0.2;100.0;40.0;1.585806772035561;100.0;40.0;0.6716135440711225;100.0;40.0;1.5290338601778062;100.0;40.0;0.1;100.0;40.0;0.1;100.0;40.0;0.2;100.0;40.0;0.1;100.0;100.0;100.0;100.0;40.0;1.7161354407112246;100.0;40.0;0.2574203161066837;100.0;40.0;0.1;100.0;40.0;0.1;100.0;40.0;0.1;100.0;40.0;0.1;100.0;40.0;0.1;100.0;40.0;0.5;100.0;40.0;2.3140533659458202
291;60.0;30.0;100.0;40.0;0.1;100.0;40.0;0.3;100.0;40.0;0.2;100.0;40.0;1.5940626998808736;100.0;40.0;0.6881253997617471;100.0;40.0;1.570313499404368;100.0;40.0;0.1;100.0;40.0;0.1;100.0;40.0;0.2;100.0;40.0;0.1;100.0;100.0;100.0;100.0;40.0;1.8812539976174716;100.0;40.0;0.2821880996426207;100.0;40.0;0.1;100.0;40.0;0.1;100.0;40.0;0.1;100.0;40.0;0.1;100.0;40.0;0.1;100.0;40.0;0.5;100.0;40.0;2.742077056420321
292;60.0;30.0;100.0;40.0;0.1;100.0;40.0;0.3;100.0;40.0;0.2;100.0;40.0;1.5922073037961113;100.0;40.0;0.6844146075922225;100.0;40.0;1.5610365189805564;100.0;40.0;0.1;100.0;40.0;0.1;100.0;40.0;0.2;100.0;40.0;0.1;100.0;100.0;100.0;100.0;40.0;1.8441460759222252;100.0;40.0;0.27662191138833375;100.0;40.0;0.1;100.0;40.0;0.1;100.0;40.0;0.1;100.0;40.0;0.1;100.0;40.0;0.1;100.0;40.0;0.5;100.0;40.0;2.6378549070149173
293;60.0;30.0;100.0;40.0;0.1;100.0;40.0;0.3;100.0;40.0;0.2;100.0;40.0;1.5858415874756462;100.0;40.0;0.6716831749512927;100.0;40.0;1.5292079373782317;100.0;40.0;0.1;100.0;40.0;0.1;100.0;40.0;0.2;100.0;40.0;0.1;100.0;100.0;100.0;100.0;40.0;1.716831749512927;100.0;40.0;0.25752476242693906;100.0;40.0;0.1;100.0;40.0;0.1;100.0;40.0;0.1;100.0;40.0;0.1;100.0;40.0;0.1;100.0;40.0;0.5;100.0;40.0;2.3156824871371033
294;60.0;30.0;100.0;40.0;0.1;100.0;40.0;0.3;100.0;40.0;0.2;100.0;40.0;1.5940606328364968;100.0;40.0;0.6881212656729939;100.0;40.0;1.5703031641824847;100.0;40.0;0.1;100.0;40.0;0.1;100.0;40.0;0.2;100.0;40.0;0.1;100.0;100.0;100.0;100.0;40.0;1.881212656729939;100.0;40.0;0.2821818985094908;100.0;40.0;0.1;100.0;40.0;0.1;100.0;40.0;0.1;100.0;40.0;0.1;100.0;40.0;0.1;100.0;40.0;0.5;100.0;40.0;2.741958008511911
295;60.0;30.0;100.0;40.0;0.1;100.0;40.0;0.3;100.0;40.0;0.2;100.0;40.0;1.5921816955214918;100.0;40.0;0.6843633910429838;100.0;40.0;1.5609084776074595;100.0;40.0;0.1;100.0;40.0;0.1;100.0;40.0;0.2;100.0;40.0;0.1;100.0;100.0;100.0;100.0;40.0;1.8436339104298383;100.0;40.0;0.27654508656447574;100.0;40.0;0.1;100.0;40.0;0.1;100.0;40.0;0.1;100.0;40.0;0.1;100.0;40.0;0.1;100.0;40.0;0.5;100.0;40.0;2.636452267704829
296;60.0;30.0;100.0;40.0;0.1;100.0;40.0;0.3;100.0;40.0;0.2;100.0;40.0;1.585875916433178;100.0;40.0;0.6717518328663559;100.0;40.0;1.5293795821658895;100.0;40.0;0.1;100.0;40.0;0.1;100.0;40.0;0.2;100.0;40.0;0.1;100.0;100.0;100.0;100.0;40.0;1.7175183286635582;100.0;40.0;0.25762774929953375;100.0;40.0;0.1;100.0;40.0;0.1;100.0;40.0;0.1;100.0;40.0;0.1;100.0;40.0;0.1;100.0;40.0;0.5;100.0;40.0;2.3172901308488973
297;60.0;30.0;100.0;40.0;0.1;100.0;40.0;0.3;100.0;40.0;0.2;100.0;40.0;1.594058485716273;100.0;40.0;0.6881169714325462;100.0;40.0;1.5702924285813655;100.0;40.0;0.1;100.0;40.0;0.1;100.0;40.0;0.2;100.0;40.0;0.1;100.0;100.0;100.0;100.0;40.0;1.881169714325462;100.0;40.0;0.2821754571488193;100.0;40.0;0.1;100.0;40.0;0.1;100.0;40.0;0.1;100.0;40.0;0.1;100.0;40.0;0.1;100.0;40.0;0.5;100.0;40.0;2.741834355915419
298;60.0;30.0;100.0;40.0;0.1;100.0;40.0;0.3;100.0;40.0;0.2;100.0;40.0;1.5921565096352972;100.0;40.0;0.6843130192705944;100.0;40.0;1.5607825481764859;100.0;40.0;0.1;100.0;40.0;0.1;100.0;40.0;0.2;100.0;40.0;0.1;100.0;100.0;100.0;100.0;40.0;1.8431301927059436;100.0;40.0;0.27646952890589155;100.0;40.0;0.1;100.0;40.0;0.1;100.0;40.0;0.1;100.0;40.0;0.1;100.0;40.0;0.1;100.0;40.0;0.5;100.0;40.0;2.635073687216394
299;60.0;30.0;100.0;40.0;0.1;100.0;40.0;0.3;100.0;40.0;0.2;100.0;40.0;1.585909769746893;100.0;40.0;0.6718195394937858;100.0;40.0;1.5295488487344644;100.0;40.0;0.1;100.0;40.0;0.1;100.0;40.0;0.2;100.0;40.0;0.1;100.0;100.0;100.0;100.0;40.0;1.7181953949378574;100.0;40.0;0.2577293092406786;100.0;40.0;0.1;100.0;40.0;0.1;100.0;40.0;0.1;100.0;40.0;0.1;100.0;40.0;0.1;100.0;40.0;0.5;100.0;40.0;2.3188767528189267
300;60.0;30.0;100.0;40.0;0.1;100.0;40.0;0.3;100.0;40.0;0.2;100.0;40.0;1.5940562620806402;100.0;40.0;0.6881125241612807;100.0;40.0;1.5702813104032018;100.0;40.0;0.1;100.0;40.0;0.1;100.0;40.0;0.2;100.0;40.0;0.1;100.0;100.0;100.0;100.0;40.0;1.881125241612807;100.0;40.0;0.28216878624192104;100.0;40.0;0.1;100.0;40.0;0.1;100.0;40.0;0.1;100.0;40.0;0.1;100.0;40.0;0.1;100.0;40.0;0.5;100.0;40.0;2.7417063044715624
301;60.0;30.0;100.0;40.0;0.1;100.0;40.0;0.3;100.0;40.0;0.2;100.0;40.0;1.592131736102003;100.0;40.0;0.6842634722040063;100.0;40.0;1.5606586805100158;100.0;40.0;0.1;100.0;40.0;0.1;100.0;40.0;0.2;100.0;40.0;0.1;100.0;100.0;100.0;100.0;40.0;1.842634722040063;100.0;40.0;0.27639520830600944;100.0;40.0;0.1;100.0;40.0;0.1;100.0;40.0;0.1;100.0;40.0;0.1;100.0;40.0;0.1;100.0;40.0;0.5;100.0;40.0;2.6337185696528116
302;60.0;30.0;100.0;40.0;0.1;100.0;40.0;0.3;100.0;40.0;0.2;100.0;40.0;1.5859431579245489;100.0;40.0;0.6718863158490979;100.0;40.0;1.5297157896227447;100.0;40.0;0.1;100.0;40.0;0.1;100.0;40.0;0.2;100.0;40.0;0.1;100.0;100.0;100.0;100.0;40.0;1.7188631584909784;100.0;40.0;0.25782947377364673;100.0;40.0;0.1;100.0;40.0;0.1;100.0;40.0;0.1;100.0;40.0;0.1;100.0;40.0;0.1;100.0;40.0;0.5;100.0;40.0;2.320442795443384
303;60.0;30.0;100.0;40.0;0.1;100.0;40.0;0.3;100.0;40.0;0.2;100.0;40.0;1.5940539653302896;100.0;40.0;0.6881079306605795;100.0;40.0;1.570269826651449;100.0;40.0;0.1;100.0;40.0;0.1;100.0;40.0;0.2;100.0;40.0;0.1;100.0;100.0;100.0;100.0;40.0;1.8810793066057956;100.0;40.0;0.2821618959908693;100.0;40.0;0.1;100.0;40.0;0.1;100.0;40.0;0.1;100.0;40.0;0.1;100.0;40.0;0.1;100.0;40.0;0.5;100.0;40.0;2.741574050801072
304;60.0;30.0;100.0;40.0;0.1;100.0;40.0;0.3;100.0;40.0;0.2;100.0;40.0;1.5921073652019735;100.0;40.0;0.684214730403947;100.0;40.0;1.5605368260098675;100.0;40.0;0.1;100.0;40.0;0.1;100.0;40.0;0.2;100.0;40.0;0.1;100.0;100.0;100.0;100.0;40.0;1.84214730403947;100.0;40.0;0.27632209560592047;100.0;40.0;0.1;100.0;40.0;0.1;100.0;40.0;0.1;100.0;40.0;0.1;100.0;40.0;0.1;100.0;40.0;0.5;100.0;40.0;2.632386338667708
305;60.0;30.0;100.0;40.0;0.1;100.0;40.0;0.3;100.0;40.0;0.2;100.0;40.0;1.5859760911556942;100.0;40.0;0.6719521823113885;100.0;40.0;1.5298804557784713;100.0;40.0;0.1;100.0;40.0;0.1;100.0;40.0;0.2;100.0;40.0;0.1;100.0;100.0;100.0;100.0;40.0;1.719521823113885;100.0;40.0;0.25792827346708275;100.0;40.0;0.1;100.0;40.0;0.1;100.0;40.0;0.1;100.0;40.0;0.1;100.0;40.0;0.1;100.0;40.0;0.5;100.0;40.0;2.3219886882725014
306;60.0;30.0;100.0;40.0;0.1;100.0;40.0;0.3;100.0;40.0;0.2;100.0;40.0;1.594051598714428;100.0;40.0;0.6881031974288558;100.0;40.0;1.5702579935721397;100.0;40.0;0.1;100.0;40.0;0.1;100.0;40.0;0.2;100.0;40.0;0.1;100.0;100.0;100.0;100.0;40.0;1.8810319742885588;100.0;40.0;0.2821547961432838;100.0;40.0;0.1;100.0;40.0;0.1;100.0;40.0;0.1;100.0;40.0;0.1;100.0;40.0;0.1;100.0;40.0;0.5;100.0;40.0;2.7414377827792205
307;60.0;30.0;100.0;40.0;0.1;100.0;40.0;0.3;100.0;40.0;0.2;100.0;40.0;1.592083387519093;100.0;40.0;0.6841667750381862;100.0;40.0;1.5604169375954655;100.0;40.0;0.1;100.0;40.0;0.1;100.0;40.0;0.2;100.0;40.0;0.1;100.0;100.0;100.0;100.0;40.0;1.8416677503818624;100.0;40.0;0.27625016255727936;100.0;40.0;0.1;100.0;40.0;0.1;100.0;40.0;0.1;100.0;40.0;0.1;100.0;40.0;0.1;100.0;40.0;0.5;100.0;40.0;2.6310764366677835
308;60.0;30.0;100.0;40.0;0.1;100.0;40.0;0.3;100.0;40.0;0.2;100.0;40.0;1.5860085793238456;100.0;40.0;0.6720171586476913;100.0;40.0;1.530042896619228;100.0;40.0;0.1;100.0;40.0;0.1;100.0;40.0;0.2;100.0;40.0;0.1;100.0;100.0;100.0;100.0;40.0;1.7201715864769123;100.0;40.0;0.25802573797153683;100.0;40.0;0.1;100.0;40.0;0.1;100.0;40.0;0.1;100.0;40.0;0.1;100.0;40.0;0.1;100.0;40.0;0.5;100.0;40.0;2.3235148484839643
309;60.0;30.0;100.0;40.0;0.1;100.0;40.0;0.3;100.0;40.0;0.2;100.0;40.0;1.5940491653385451;100.0;40.0;0.6880983306770906;100.0;40.0;1.5702458266927264;100.0;40.0;0.1;100.0;40.0;0.1;100.0;40.0;0.2;100.0;40.0;0.1;100.0;100.0;100.0;100.0;40.0;1.8809833067709054;100.0;40.0;0.2821474960156358;100.0;40.0;0.1;100.0;40.0;0.1;100.0;40.0;0.1;100.0;40.0;0.1;100.0;40.0;0.1;100.0;40.0;0.5;100.0;40.0;2.74129767998215
310;60.0;30.0;100.0;40.0;0.1;100.0;40.0;0.3;100.0;40.0;0.2;100.0;40.0;1.5920597939289785;100.0;40.0;0.6841195878579569;100.0;40.0;1.5602989696448921;100.0;40.0;0.1;100.0;40.0;0.1;100.0;40.0;0.2;100.0;40.0;0.1;100.0;100.0;100.0;100.0;40.0;1.8411958785795688;100.0;40.0;0.2761793817869353;100.0;40.0;0.1;100.0;40.0;0.1;100.0;40.0;0.1;100.0;40.0;0.1;100.0;40.0;0.1;100.0;40.0;0.5;100.0;40.0;2.6297883240541955
311;60.0;30.0;100.0;40.0;0.1;100.0;40.0;0.3;100.0;40.0;0.2;100.0;40.0;1.5860406320181062;100.0;40.0;0.6720812640362126;100.0;40.0;1.5302031600905315;100.0;40.0;0.1;100.0;40.0;0.1;100.0;40.0;0.2;100.0;40.0;0.1;100.0;100.0;100.0;100.0;40.0;1.7208126403621258;100.0;40.0;0.25812189605431884;100.0;40.0;0.1;100.0;40.0;0.1;100.0;40.0;0.1;100.0;40.0;0.1;100.0;40.0;0.1;100.0;40.0;0.5;100.0;40.0;2.325021681335298
312;60.0;30.0;100.0;40.0;0.1;100.0;40.0;0.3;100.0;40.0;0.2;100.0;40.0;1.5940466681717242;100.0;40.0;0.6880933363434484;100.0;40.0;1.5702333408586209;100.0;40.0;0.1;100.0;40.0;0.1;100.0;40.0;0.2;100.0;40.0;0.1;100.0;100.0;100.0;100.0;40.0;1.8809333634344836;100.0;40.0;0.2821400045151725;100.0;40.0;0.1;100.0;40.0;0.1;100.0;40.0;0.1;100.0;40.0;0.1;100.0;40.0;0.1;100.0;40.0;0.5;100.0;40.0;2.7411539141069317
313;60.0;30.0;100.0;40.0;0.1;100.0;40.0;0.3;100.0;40.0;0.2;100.0;40.0;1.5920365755877328;100.0;40.0;0.6840731511754657;100.0;40.0;1.5601828779386644;100.0;40.0;0.1;100.0;40.0;0.1;100.0;40.0;0.2;100.0;40.0;0.1;100.0;100.0;100.0;100.0;40.0;1.8407315117546577;100.0;40.0;0.2761097267631986;100.0;40.0;0.1;100.0;40.0;0.1;100.0;40.0;0.1;100.0;40.0;0.1;100.0;40.0;0.1;100.0;40.0;0.5;100.0;40.0;2.6285214785004705
314;60.0;30.0;100.0;40.0;0.1;100.0;40.0;0.3;100.0;40.0;0.2;100.0;40.0;1.5860722585442542;100.0;40.0;0.6721445170885082;100.0;40.0;1.5303612927212704;100.0;40.0;0.1;100.0;40.0;0.1;100.0;40.0;0.2;100.0;40.0;0.1;100.0;100.0;100.0;100.0;40.0;1.7214451708850818;100.0;40.0;0.25821677563276224;100.0;40.0;0.1;100.0;40.0;0.1;100.0;40.0;0.1;100.0;40.0;0.1;100.0;40.0;0.1;100.0;40.0;0.5;100.0;40.0;2.326509580596337
315;60.0;30.0;100.0;40.0;0.1;100.0;40.0;0.3;100.0;40.0;0.2;100.0;40.0;1.5940441100535179;100.0;40.0;0.688088220107036;100.0;40.0;1.5702205502675899;100.0;40.0;0.1;100.0;40.0;0.1;100.0;40.0;0.2;100.0;40.0;0.1;100.0;100.0;100.0;100.0;40.0;1.8808822010703596;100.0;40.0;0.28213233016055395;100.0;40.0;0.1;100.0;40.0;0.1;100.0;40.0;0.1;100.0;40.0;0.1;100.0;40.0;0.1;100.0;40.0;0.5;100.0;40.0;2.7410066493671126
316;60.0;30.0;100.0;40.0;0.1;100.0;40.0;0.3;100.0;40.0;0.2;100.0;40.0;1.5920137239212186;100.0;40.0;0.6840274478424373;100.0;40.0;1.560068619606093;100.0;40.0;0.1;100.0;40.0;0.1;100.0;40.0;0.2;100.0;40.0;0.1;100.0;100.0;100.0;100.0;40.0;1.8402744784243723;100.0;40.0;0.27604117176365583;100.0;40.0;0.1;100.0;40.0;0.1;100.0;40.0;0.1;100.0;40.0;0.1;100.0;40.0;0.1;100.0;40.0;0.5;100.0;40.0;2.627275394264929
317;60.0;30.0;100.0;40.0;0.1;100.0;40.0;0.3;100.0;40.0;0.2;100.0;40.0;1.5861034679353274;100.0;40.0;0.6722069358706548;100.0;40.0;1.530517339676637;100.0;40.0;0.1;100.0;40.0;0.1;100.0;40.0;0.2;100.0;40.0;0.1;100.0;100.0;100.0;100.0;40.0;1.722069358706548;100.0;40.0;0.2583104038059822;100.0;40.0;0.1;100.0;40.0;0.1;100.0;40.0;0.1;100.0;40.0;0.1;100.0;40.0;0.1;100.0;40.0;0.5;100.0;40.0;2.3279789289627786
318;60.0;30.0;100.0;40.0;0.1;100.0;40.0;0.3;100.0;40.0;0.2;100.0;40.0;1.594041493700429;100.0;40.0;0.6880829874008584;100.0;40.0;1.5702074685021459;100.0;40.0;0.1;100.0;40.0;0.1;100.0;40.0;0.2;100.0;40.0;0.1;100.0;100.0;100.0;100.0;40.0;1.8808298740085834;100.0;40.0;0.2821244811012875;100.0;40.0;0.1;100.0;40.0;0.1;100.0;40.0;0.1;100.0;40.0;0.1;100.0;40.0;0.1;100.0;40.0;0.5;100.0;40.0;2.740856042865371
319;60.0;30.0;100.0;40.0;0.1;100.0;40.0;0.3;100.0;40.0;0.2;100.0;40.0;1.5919912306148174;100.0;40.0;0.6839824612296348;100.0;40.0;1.5599561530740869;100.0;40.0;0.1;100.0;40.0;0.1;100.0;40.0;0.2;100.0;40.0;0.1;100.0;100.0;100.0;100.0;40.0;1.8398246122963473;100.0;40.0;0.2759736918444521;100.0;40.0;0.1;100.0;40.0;0.1;100.0;40.0;0.1;100.0;40.0;0.1;100.0;40.0;0.1;100.0;40.0;0.5;100.0;40.0;2.626049581535726
320;60.0;30.0;100.0;40.0;0.1;100.0;40.0;0.3;100.0;40.0;0.2;100.0;40.0;1.5861342689617357;100.0;40.0;0.6722685379234714;100.0;40.0;1.5306713448086784;100.0;40.0;0.1;100.0;40.0;0.1;100.0;40.0;0.2;100.0;40.0;0.1;100.0;100.0;100.0;100.0;40.0;1.7226853792347139;100.0;40.0;0.25840280688520706;100.0;40.0;0.1;100.0;40.0;0.1;100.0;40.0;0.1;100.0;40.0;0.1;100.0;40.0;0.1;100.0;40.0;0.5;100.0;40.0;2.329430098451795
321;60.0;30.0;100.0;40.0;0.1;100.0;40.0;0.3;100.0;40.0;0.2;100.0;40.0;1.5940388217120136;100.0;40.0;0.6880776434240274;100.0;40.0;1.5701941085600686;100.0;40.0;0.1;100.0;40.0;0.1;100.0;40.0;0.2;100.0;40.0;0.1;100.0;100.0;100.0;100.0;40.0;1.8807764342402746;100.0;40.0;0.28211646513604116;100.0;40.0;0.1;100.0;40.0;0.1;100.0;40.0;0.1;100.0;40.0;0.1;100.0;40.0;0.1;100.0;40.0;0.5;100.0;40.0;2.740702244944796
322;60.0;30.0;100.0;40.0;0.1;100.0;40.0;0.3;100.0;40.0;0.2;100.0;40.0;1.591969087603654;100.0;40.0;0.6839381752073084;100.0;40.0;1.559845438018271;100.0;40.0;0.1;100.0;40.0;0.1;100.0;40.0;0.2;100.0;40.0;0.1;100.0;100.0;100.0;100.0;40.0;1.8393817520730833;100.0;40.0;0.2759072628109625;100.0;40.0;0.1;100.0;40.0;0.1;100.0;40.0;0.1;100.0;40.0;0.1;100.0;40.0;0.1;100.0;40.0;0.5;100.0;40.0;2.6248435658066955
323;60.0;30.0;100.0;40.0;0.1;100.0;40.0;0.3;100.0;40.0;0.2;100.0;40.0;1.5861646701409189;100.0;40.0;0.672329340281838;100.0;40.0;1.530823350704595;100.0;40.0;0.1;100.0;40.0;0.1;100.0;40.0;0.2;100.0;40.0;0.1;100.0;100.0;100.0;100.0;40.0;1.7232934028183795;100.0;40.0;0.25849401042275694;100.0;40.0;0.1;100.0;40.0;0.1;100.0;40.0;0.1;100.0;40.0;0.1;100.0;40.0;0.1;100.0;40.0;0.5;100.0;40.0;2.330863450780589
324;60.0;30.0;100.0;40.0;0.1;100.0;40.0;0.3;100.0;40.0;0.2;100.0;40.0;1.5940360965766363;100.0;40.0;0.6880721931532726;100.0;40.0;1.5701804828831813;100.0;40.0;0.1;100.0;40.0;0.1;100.0;40.0;0.2;100.0;40.0;0.1;100.0;100.0;100.0;100.0;40.0;1.8807219315327257;100.0;40.0;0.28210828972990887;100.0;40.0;0.1;100.0;40.0;0.1;100.0;40.0;0.1;100.0;40.0;0.1;100.0;40.0;0.1;100.0;40.0;0.5;100.0;40.0;2.7405453995201903
325;60.0;30.0;100.0;40.0;0.1;100.0;40.0;0.3;100.0;40.0;0.2;100.0;40.0;1.5919472870632603;100.0;40.0;0.6838945741265207;100.0;40.0;1.5597364353163015;100.0;40.0;0.1;100.0;40.0;0.1;100.0;40.0;0.2;100.0;40.0;0.1;100.0;100.0;100.0;100.0;40.0;1.8389457412652062;100.0;40.0;0.27584186118978093;100.0;40.0;0.1;100.0;40.0;0.1;100.0;40.0;0.1;100.0;40.0;0.1;100.0;40.0;0.1;100.0;40.0;0.5;100.0;40.0;2.6236568872823547
326;60.0;30.0;100.0;40.0;0.1;100.0;40.0;0.3;100.0;40.0;0.2;100.0;40.0;1.5861946797465802;100.0;40.0;0.6723893594931604;100.0;40.0;1.5309733987329008;100.0;40.0;0.1;100.0;40.0;0.1;100.0;40.0;0.2;100.0;40.0;0.1;100.0;100.0;100.0;100.0;40.0;1.7238935949316037;100.0;40.0;0.25858403923974055;100.0;40.0;0.1;100.0;40.0;0.1;100.0;40.0;0.1;100.0;40.0;0.1;100.0;40.0;0.1;100.0;40.0;0.5;100.0;40.0;2.3322793377287776
327;60.0;30.0;100.0;40.0;0.1;100.0;40.0;0.3;100.0;40.0;0.2;100.0;40.0;1.5940333206768986;100.0;40.0;0.6880666413537974;100.0;40.0;1.5701666033844934;100.0;40.0;0.1;100.0;40.0;0.1;100.0;40.0;0.2;100.0;40.0;0.1;100.0;100.0;100.0;100.0;40.0;1.8806664135379736;100.0;40.0;0.28209996203069604;100.0;40.0;0.1;100.0;40.0;0.1;100.0;40.0;0.1;100.0;40.0;0.1;100.0;40.0;0.1;100.0;40.0;0.5;100.0;40.0;2.740385644390689
328;60.0;30.0;100.0;40.0;0.1;100.0;40.0;0.3;100.0;40.0;0.2;100.0;40.0;1.5919258214006522;100.0;40.0;0.6838516428013044;100.0;40.0;1.559629107003261;100.0;40.0;0.1;100.0;40.0;0.1;100.0;40.0;0.2;100.0;40.0;0.1;100.0;100.0;100.0;100.0;40.0;1.838516428013044;100.0;40.0;0.2757774642019566;100.0;40.0;0.1;100.0;40.0;0.1;100.0;40.0;0.1;100.0;40.0;0.1;100.0;40.0;0.1;100.0;40.0;0.5;100.0;40.0;2.6224891003104616
329;60.0;30.0;100.0;40.0;0.1;100.0;40.0;0.3;100.0;40.0;0.2;100.0;40.0;1.5862243058175118;100.0;40.0;0.6724486116350239;100.0;40.0;1.5311215290875597;100.0;40.0;0.1;100.0;40.0;0.1;100.0;40.0;0.2;100.0;40.0;0.1;100.0;100.0;100.0;100.0;40.0;1.7244861163502385;100.0;40.0;0.2586729174525358;100.0;40.0;0.1;100.0;40.0;0.1;100.0;40.0;0.1;100.0;40.0;0.1;100.0;40.0;0.1;100.0;40.0;0.5;100.0;40.0;2.333678101485383
330;60.0;30.0;100.0;40.0;0.1;100.0;40.0;0.3;100.0;40.0;0.2;100.0;40.0;1.5940304962947631;100.0;40.0;0.6880609925895262;100.0;40.0;1.5701524814738155;100.0;40.0;0.1;100.0;40.0;0.1;100.0;40.0;0.2;100.0;40.0;0.1;100.0;100.0;100.0;100.0;40.0;1.880609925895262;100.0;40.0;0.2820914888842893;100.0;40.0;0.1;100.0;40.0;0.1;100.0;40.0;0.1;100.0;40.0;0.1;100.0;40.0;0.1;100.0;40.0;0.5;100.0;40.0;2.740223111534891
331;60.0;30.0;100.0;40.0;0.1;100.0;40.0;0.3;100.0;40.0;0.2;100.0;40.0;1.5919046832458053;100.0;40.0;0.6838093664916108;100.0;40.0;1.559523416229027;100.0;40.0;0.1;100.0;40.0;0.1;100.0;40.0;0.2;100.0;40.0;0.1;100.0;100.0;100.0;100.0;40.0;1.838093664916108;100.0;40.0;0.2757140497374162;100.0;40.0;0.1;100.0;40.0;0.1;100.0;40.0;0.1;100.0;40.0;0.1;100.0;40.0;0.1;100.0;40.0;0.5;100.0;40.0;2.6213397728406873
332;60.0;30.0;100.0;40.0;0.1;100.0;40.0;0.3;100.0;40.0;0.2;100.0;40.0;1.5862535561660382;100.0;40.0;0.6725071123320767;100.0;40.0;1.5312677808301918;100.0;40.0;0.1;100.0;40.0;0.1;100.0;40.0;0.2;100.0;40.0;0.1;100.0;100.0;100.0;100.0;40.0;1.7250711233207674;100.0;40.0;0.2587606684981151;100.0;40.0;0.1;100.0;40.0;0.1;100.0;40.0;0.1;100.0;40.0;0.1;100.0;40.0;0.1;100.0;40.0;0.5;100.0;40.0;2.335060074981199
333;60.0;30.0;100.0;40.0;0.1;100.0;40.0;0.3;100.0;40.0;0.2;100.0;40.0;1.594027625616389;100.0;40.0;0.6880552512327783;100.0;40.0;1.5701381280819457;100.0;40.0;0.1;100.0;40.0;0.1;100.0;40.0;0.2;100.0;40.0;0.1;100.0;100.0;100.0;100.0;40.0;1.8805525123277833;100.0;40.0;0.2820828768491675;100.0;40.0;0.1;100.0;40.0;0.1;100.0;40.0;0.1;100.0;40.0;0.1;100.0;40.0;0.1;100.0;40.0;0.5;100.0;40.0;2.740057927389599
334;60.0;30.0;100.0;40.0;0.1;100.0;40.0;0.3;100.0;40.0;0.2;100.0;40.0;1.591883865443503;100.0;40.0;0.6837677308870059;100.0;40.0;1.559419327217515;100.0;40.0;0.1;100.0;40.0;0.1;100.0;40.0;0.2;100.0;40.0;0.1;100.0;100.0;100.0;100.0;40.0;1.8376773088700595;100.0;40.0;0.2756515963305089;100.0;40.0;0.1;100.0;40.0;0.1;100.0;40.0;0.1;100.0;40.0;0.1;100.0;40.0;0.1;100.0;40.0;0.5;100.0;40.0;2.6202084859079844
335;60.0;30.0;100.0;40.0;0.1;100.0;40.0;0.3;100.0;40.0;0.2;100.0;40.0;1.586282438386092;100.0;40.0;0.6725648767721842;100.0;40.0;1.5314121919304606;100.0;40.0;0.1;100.0;40.0;0.1;100.0;40.0;0.2;100.0;40.0;0.1;100.0;100.0;100.0;100.0;40.0;1.7256487677218426;100.0;40.0;0.25884731515827636;100.0;40.0;0.1;100.0;40.0;0.1;100.0;40.0;0.1;100.0;40.0;0.1;100.0;40.0;0.1;100.0;40.0;0.5;100.0;40.0;2.336425582207258
336;60.0;30.0;100.0;40.0;0.1;100.0;40.0;0.3;100.0;40.0;0.2;100.0;40.0;1.5940247107367038;100.0;40.0;0.6880494214734076;100.0;40.0;1.5701235536835192;100.0;40.0;0.1;100.0;40.0;0.1;100.0;40.0;0.2;100.0;40.0;0.1;100.0;100.0;100.0;100.0;40.0;1.8804942147340766;100.0;40.0;0.28207413221011146;100.0;40.0;0.1;100.0;40.0;0.1;100.0;40.0;0.1;100.0;40.0;0.1;100.0;40.0;0.1;100.0;40.0;0.5;100.0;40.0;2.739890213113259
337;60.0;30.0;100.0;40.0;0.1;100.0;40.0;0.3;100.0;40.0;0.2;100.0;40.0;1.5918633610455393;100.0;40.0;0.6837267220910788;100.0;40.0;1.5593168052276971;100.0;40.0;0.1;100.0;40.0;0.1;100.0;40.0;0.2;100.0;40.0;0.1;100.0;100.0;100.0;100.0;40.0;1.837267220910788;100.0;40.0;0.2755900831366182;100.0;40.0;0.1;100.0;40.0;0.1;100.0;40.0;0.1;100.0;40.0;0.1;100.0;40.0;0.1;100.0;40.0;0.5;100.0;40.0;2.6190948331393558
338;60.0;30.0;100.0;40.0;0.1;100.0;40.0;0.3;100.0;40.0;0.2;100.0;40.0;1.5863109598609442;100.0;40.0;0.6726219197218882;100.0;40.0;1.5315547993047205;100.0;40.0;0.1;100.0;40.0;0.1;100.0;40.0;0.2;100.0;40.0;0.1;100.0;100.0;100.0;100.0;40.0;1.726219197218882;100.0;40.0;0.2589328795828323;100.0;40.0;0.1;100.0;40.0;0.1;100.0;40.0;0.1;100.0;40.0;0.1;100.0;40.0;0.1;100.0;40.0;0.5;100.0;40.0;2.337774938520067
339;60.0;30.0;100.0;40.0;0.1;100.0;40.0;0.3;100.0;40.0;0.2;100.0;40.0;1.59402175366372;100.0;40.0;0.68804350732744;100.0;40.0;1.5701087683186001;100.0;40.0;0.1;100.0;40.0;0.1;100.0;40.0;0.2;100.0;40.0;0.1;100.0;100.0;100.0;100.0;40.0;1.8804350732744002;100.0;40.0;0.28206526099116;100.0;40.0;0.1;100.0;40.0;0.1;100.0;40.0;0.1;100.0;40.0;0.1;100.0;40.0;0.1;100.0;40.0;0.5;100.0;40.0;2.7397200848349823
340;60.0;30.0;100.0;40.0;0.1;100.0;40.0;0.3;100.0;40.0;0.2;100.0;40.0;1.591843163303262;100.0;40.0;0.6836863266065241;100.0;40.0;1.5592158165163104;100.0;40.0;0.1;100.0;40.0;0.1;100.0;40.0;0.2;100.0;40.0;0.1;100.0;100.0;100.0;100.0;40.0;1.836863266065241;100.0;40.0;0.27552948990978615;100.0;40.0;0.1;100.0;40.0;0.1;100.0;40.0;0.1;100.0;40.0;0.1;100.0;40.0;0.1;100.0;40.0;0.5;100.0;40.0;2.6179984202827975
341;60.0;30.0;100.0;40.0;0.1;100.0;40.0;0.3;100.0;40.0;0.2;100.0;40.0;1.5863391277706038;100.0;40.0;0.6726782555412075;100.0;40.0;1.531695638853019;100.0;40.0;0.1;100.0;40.0;0.1;100.0;40.0;0.2;100.0;40.0;0.1;100.0;100.0;100.0;100.0;40.0;1.7267825554120755;100.0;40.0;0.2590173833118113;100.0;40.0;0.1;100.0;40.0;0.1;100.0;40.0;0.1;100.0;40.0;0.1;100.0;40.0;0.1;100.0;40.0;0.5;100.0;40.0;2.3391084509342517
342;60.0;30.0;100.0;40.0;0.1;100.0;40.0;0.3;100.0;40.0;0.2;100.0;40.0;1.5940187563226202;100.0;40.0;0.6880375126452406;100.0;40.0;1.5700937816131015;100.0;40.0;0.1;100.0;40.0;0.1;100.0;40.0;0.2;100.0;40.0;0.1;100.0;100.0;100.0;100.0;40.0;1.8803751264524058;100.0;40.0;0.28205626896786085;100.0;40.0;0.1;100.0;40.0;0.1;100.0;40.0;0.1;100.0;40.0;0.1;100.0;40.0;0.1;100.0;40.0;0.5;100.0;40.0;2.739547653890102
343;60.0;30.0;100.0;40.0;0.1;100.0;40.0;0.3;100.0;40.0;0.2;100.0;40.0;1.5918232656604336;100.0;40.0;0.6836465313208673;100.0;40.0;1.559116328302168;100.0;40.0;0.1;100.0;40.0;0.1;100.0;40.0;0.2;100.0;40.0;0.1;100.0;100.0;100.0;100.0;40.0;1.8364653132086726;100.0;40.0;0.27546979698130086;100.0;40.0;0.1;100.0;40.0;0.1;100.0;40.0;0.1;100.0;40.0;0.1;100.0;40.0;0.1;100.0;40.0;0.5;100.0;40.0;2.616918864757281
344;60.0;30.0;100.0;40.0;0.1;100.0;40.0;0.3;100.0;40.0;0.2;100.0;40.0;1.5863669490989065;100.0;40.0;0.6727338981978132;100.0;40.0;1.5318347454945327;100.0;40.0;0.1;100.0;40.0;0.1;100.0;40.0;0.2;100.0;40.0;0.1;100.0;100.0;100.0;100.0;40.0;1.727338981978131;100.0;40.0;0.25910084729671967;100.0;40.0;0.1;100.0;40.0;0.1;100.0;40.0;0.1;100.0;40.0;0.1;100.0;40.0;0.1;100.0;40.0;0.5;100.0;40.0;2.3404264184032324
345;60.0;30.0;100.0;40.0;0.1;100.0;40.0;0.3;100.0;40.0;0.2;100.0;40.0;1.59401572055962;100.0;40.0;0.68803144111924;100.0;40.0;1.5700786027981;100.0;40.0;0.1;100.0;40.0;0.1;100.0;40.0;0.2;100.0;40.0;0.1;100.0;100.0;100.0;100.0;40.0;1.8803144111923995;100.0;40.0;0.2820471616788599;100.0;40.0;0.1;100.0;40.0;0.1;100.0;40.0;0.1;100.0;40.0;0.1;100.0;40.0;0.1;100.0;40.0;0.5;100.0;40.0;2.7393730270430607
346;60.0;30.0;100.0;40.0;0.1;100.0;40.0;0.3;100.0;40.0;0.2;100.0;40.0;1.591803661746399;100.0;40.0;0.6836073234927981;100.0;40.0;1.5590183087319953;100.0;40.0;0.1;100.0;40.0;0.1;100.0;40.0;0.2;100.0;40.0;0.1;100.0;100.0;100.0;100.0;40.0;1.836073234927981;100.0;40.0;0.2754109852391971;100.0;40.0;0.1;100.0;40.0;0.1;100.0;40.0;0.1;100.0;40.0;0.1;100.0;40.0;0.1;100.0;40.0;0.5;100.0;40.0;2.615855795222653
347;60.0;30.0;100.0;40.0;0.1;100.0;40.0;0.3;100.0;40.0;0.2;100.0;40.0;1.586394430640303;100.0;40.0;0.6727888612806061;100.0;40.0;1.5319721532015154;100.0;40.0;0.1;100.0;40.0;0.1;100.0;40.0;0.2;100.0;40.0;0.1;100.0;100.0;100.0;100.0;40.0;1.7278886128060615;100.0;40.0;0.2591832919209092;100.0;40.0;0.1;100.0;40.0;0.1;100.0;40.0;0.1;100.0;40.0;0.1;100.0;40.0;0.1;100.0;40.0;0.5;100.0;40.0;2.341729132088473
348;60.0;30.0;100.0;40.0;0.1;100.0;40.0;0.3;100.0;40.0;0.2;100.0;40.0;1.5940126481456234;100.0;40.0;0.6880252962912469;100.0;40.0;1.570063240728117;100.0;40.0;0.1;100.0;40.0;0.1;100.0;40.0;0.2;100.0;40.0;0.1;100.0;100.0;100.0;100.0;40.0;1.8802529629124682;100.0;40.0;0.28203794443687025;100.0;40.0;0.1;100.0;40.0;0.1;100.0;40.0;0.1;100.0;40.0;0.1;100.0;40.0;0.1;100.0;40.0;0.5;100.0;40.0;2.7391963066984366
349;60.0;30.0;100.0;40.0;0.1;100.0;40.0;0.3;100.0;40.0;0.2;100.0;40.0;1.5917843453695422;100.0;40.0;0.6835686907390843;100.0;40.0;1.5589217268477107;100.0;40.0;0.1;100.0;40.0;0.1;100.0;40.0;0.2;100.0;40.0;0.1;100.0;100.0;100.0;100.0;40.0;1.8356869073908428;100.0;40.0;0.27535303610862644;100.0;40.0;0.1;100.0;40.0;0.1;100.0;40.0;0.1;100.0;40.0;0.1;100.0;40.0;0.1;100.0;40.0;0.5;100.0;40.0;2.614808851168457
350;60.0;30.0;100.0;40.0;0.1;100.0;40.0;0.3;100.0;40.0;0.2;100.0;40.0;1.5864215790063654;100.0;40.0;0.6728431580127311;100.0;40.0;1.5321078950318276;100.0;40.0;0.1;100.0;40.0;0.1;100.0;40.0;0.2;100.0;40.0;0.1;100.0;100.0;100.0;100.0;40.0;1.7284315801273105;100.0;40.0;0.2592647370190966;100.0;40.0;0.1;100.0;40.0;0.1;100.0;40.0;0.1;100.0;40.0;0.1;100.0;40.0;0.1;100.0;40.0;0.5;100.0;40.0;2.3430168756178724
351;60.0;30.0;100.0;40.0;0.1;100.0;40.0;0.3;100.0;40.0;0.2;100.0;40.0;1.5940095407796855;100.0;40.0;0.6880190815593712;100.0;40.0;1.570047703898428;100.0;40.0;0.1;100.0;40.0;0.1;100.0;40.0;0.2;100.0;40.0;0.1;100.0;100.0;100.0;100.0;40.0;1.8801908155937115;100.0;40.0;0.28202862233905673;100.0;40.0;0.1;100.0;40.0;0.1;100.0;40.0;0.1;100.0;40.0;0.1;100.0;40.0;0.1;100.0;40.0;0.5;100.0;40.0;2.7390175911007826
352;60.0;30.0;100.0;40.0;0.1;100.0;40.0;0.3;100.0;40.0;0.2;100.0;40.0;1.5917653105110177;100.0;40.0;0.6835306210220354;100.0;40.0;1.5588265525550886;100.0;40.0;0.1;100.0;40.0;0.1;100.0;40.0;0.2;100.0;40.0;0.1;100.0;100.0;100.0;100.0;40.0;1.8353062102203543;100.0;40.0;0.27529593153305315;100.0;40.0;0.1;100.0;40.0;0.1;100.0;40.0;0.1;100.0;40.0;0.1;100.0;40.0;0.1;100.0;40.0;0.5;100.0;40.0;2.613777682520703
353;60.0;30.0;100.0;40.0;0.1;100.0;40.0;0.3;100.0;40.0;0.2;100.0;40.0;1.5864484006320243;100.0;40.0;0.6728968012640488;100.0;40.0;1.532242003160122;100.0;40.0;0.1;100.0;40.0;0.1;100.0;40.0;0.2;100.0;40.0;0.1;100.0;100.0;100.0;100.0;40.0;1.728968012640488;100.0;40.0;0.2593452018960732;100.0;40.0;0.1;100.0;40.0;0.1;100.0;40.0;0.1;100.0;40.0;0.1;100.0;40.0;0.1;100.0;40.0;0.5;100.0;40.0;2.3442899253337917
354;60.0;30.0;100.0;40.0;0.1;100.0;40.0;0.3;100.0;40.0;0.2;100.0;40.0;1.5940064000922913;100.0;40.0;0.6880128001845826;100.0;40.0;1.5700320004614565;100.0;40.0;0.1;100.0;40.0;0.1;100.0;40.0;0.2;100.0;40.0;0.1;100.0;100.0;100.0;100.0;40.0;1.8801280018458257;100.0;40.0;0.2820192002768738;100.0;40.0;0.1;100.0;40.0;0.1;100.0;40.0;0.1;100.0;40.0;0.1;100.0;40.0;0.1;100.0;40.0;0.5;100.0;40.0;2.7388369745239887
355;60.0;30.0;100.0;40.0;0.1;100.0;40.0;0.3;100.0;40.0;0.2;100.0;40.0;1.5917465513187459;100.0;40.0;0.6834931026374916;100.0;40.0;1.5587327565937292;100.0;40.0;0.1;100.0;40.0;0.1;100.0;40.0;0.2;100.0;40.0;0.1;100.0;100.0;100.0;100.0;40.0;1.8349310263749166;100.0;40.0;0.27523965395623745;100.0;40.0;0.1;100.0;40.0;0.1;100.0;40.0;0.1;100.0;40.0;0.1;100.0;40.0;0.1;100.0;40.0;0.5;100.0;40.0;2.612761949265687
356;60.0;30.0;100.0;40.0;0.1;100.0;40.0;0.3;100.0;40.0;0.2;100.0;40.0;1.586474901781549;100.0;40.0;0.6729498035630979;100.0;40.0;1.5323745089077445;100.0;40.0;0.1;100.0;40.0;0.1;100.0;40.0;0.2;100.0;40.0;0.1;100.0;100.0;100.0;100.0;40.0;1.7294980356309784;100.0;40.0;0.25942470534464673;100.0;40.0;0.1;100.0;40.0;0.1;100.0;40.0;0.1;100.0;40.0;0.1;100.0;40.0;0.1;100.0;40.0;0.5;100.0;40.0;2.34554855053121
357;60.0;30.0;100.0;40.0;0.1;100.0;40.0;0.3;100.0;40.0;0.2;100.0;40.0;1.5940032276484626;100.0;40.0;0.6880064552969255;100.0;40.0;1.5700161382423137;100.0;40.0;0.1;100.0;40.0;0.1;100.0;40.0;0.2;100.0;40.0;0.1;100.0;100.0;100.0;100.0;40.0;1.8800645529692546;100.0;40.0;0.2820096829453882;100.0;40.0;0.1;100.0;40.0;0.1;100.0;40.0;0.1;100.0;40.0;0.1;100.0;40.0;0.1;100.0;40.0;0.5;100.0;40.0;2.7386545474507757
358;60.0;30.0;100.0;40.0;0.1;100.0;40.0;0.3;100.0;40.0;0.2;100.0;40.0;1.5917280621016552;100.0;40.0;0.6834561242033103;100.0;40.0;1.5586403105082756;100.0;40.0;0.1;100.0;40.0;0.1;100.0;40.0;0.2;100.0;40.0;0.1;100.0;100.0;100.0;100.0;40.0;1.8345612420331023;100.0;40.0;0.27518418630496533;100.0;40.0;0.1;100.0;40.0;0.1;100.0;40.0;0.1;100.0;40.0;0.1;100.0;40.0;0.1;100.0;40.0;0.5;100.0;40.0;2.611761321089987
359;60.0;30.0;100.0;40.0;0.1;100.0;40.0;0.3;100.0;40.0;0.2;100.0;40.0;1.5865010885542832;100.0;40.0;0.6730021771085667;100.0;40.0;1.5325054427714166;100.0;40.0;0.1;100.0;40.0;0.1;100.0;40.0;0.2;100.0;40.0;0.1;100.0;100.0;100.0;100.0;40.0;1.730021771085667;100.0;40.0;0.25950326566285004;100.0;40.0;0.1;100.0;40.0;0.1;100.0;40.0;0.1;100.0;40.0;0.1;100.0;40.0;0.1;100.0;40.0;0.5;100.0;40.0;2.3467930136864728
360;60.0;30.0;100.0;40.0;0.1;100.0;40.0;0.3;100.0;40.0;0.2;100.0;40.0;1.5940000249507054;100.0;40.0;0.6880000499014111;100.0;40.0;1.5700001247535276;100.0;40.0;0.1;100.0;40.0;0.1;100.0;40.0;0.2;100.0;40.0;0.1;100.0;100.0;100.0;100.0;40.0;1.8800004990141104;100.0;40.0;0.28200007485211653;100.0;40.0;0.1;100.0;40.0;0.1;100.0;40.0;0.1;100.0;40.0;0.1;100.0;40.0;0.1;100.0;40.0;0.5;100.0;40.0;2.738470396742909
361;60.0;30.0;100.0;40.0;0.1;100.0;40.0;0.3;100.0;40.0;0.2;100.0;40.0;1.5917098373241638;100.0;40.0;0.6834196746483276;100.0;40.0;1.5585491866208192;100.0;40.0;0.1;100.0;40.0;0.1;100.0;40.0;0.2;100.0;40.0;0.1;100.0;100.0;100.0;100.0;40.0;1.8341967464832765;100.0;40.0;0.27512951197249147;100.0;40.0;0.1;100.0;40.0;0.1;100.0;40.0;0.1;100.0;40.0;0.1;100.0;40.0;0.1;100.0;40.0;0.5;100.0;40.0;2.610775477035854
362;60.0;30.0;100.0;40.0;0.1;100.0;40.0;0.3;100.0;40.0;0.2;100.0;40.0;1.5865269668901505;100.0;40.0;0.6730539337803013;100.0;40.0;1.5326348344507532;100.0;40.0;0.1;100.0;40.0;0.1;100.0;40.0;0.2;100.0;40.0;0.1;100.0;100.0;100.0;100.0;40.0;1.7305393378030127;100.0;40.0;0.2595809006704519;100.0;40.0;0.1;100.0;40.0;0.1;100.0;40.0;0.1;100.0;40.0;0.1;100.0;40.0;0.1;100.0;40.0;0.5;100.0;40.0;2.348023570677051
363;60.0;30.0;100.0;40.0;0.1;100.0;40.0;0.3;100.0;40.0;0.2;100.0;40.0;1.5939967934418027;100.0;40.0;0.6879935868836056;100.0;40.0;1.5699839672090141;100.0;40.0;0.1;100.0;40.0;0.1;100.0;40.0;0.2;100.0;40.0;0.1;100.0;100.0;100.0;100.0;40.0;1.8799358688360561;100.0;40.0;0.2819903803254084;100.0;40.0;0.1;100.0;40.0;0.1;100.0;40.0;0.1;100.0;40.0;0.1;100.0;40.0;0.1;100.0;40.0;0.5;100.0;40.0;2.7382846058026677
364;60.0;30.0;100.0;40.0;0.1;100.0;40.0;0.3;100.0;40.0;0.2;100.0;40.0;1.5916918716008865;100.0;40.0;0.6833837432017733;100.0;40.0;1.558459358004433;100.0;40.0;0.1;100.0;40.0;0.1;100.0;40.0;0.2;100.0;40.0;0.1;100.0;100.0;100.0;100.0;40.0;1.8338374320177324;100.0;40.0;0.27507561480265985;100.0;40.0;0.1;100.0;40.0;0.1;100.0;40.0;0.1;100.0;40.0;0.1;100.0;40.0;0.1;100.0;40.0;0.5;100.0;40.0;2.6098041051712157
365;60.0;30.0;100.0;40.0;0.1;100.0;40.0;0.3;100.0;40.0;0.2;100.0;40.0;1.5865525425749345;100.0;40.0;0.6731050851498693;100.0;40.0;1.5327627128746732;100.0;40.0;0.1;100.0;40.0;0.1;100.0;40.0;0.2;100.0;40.0;0.1;100.0;100.0;100.0;100.0;40.0;1.7310508514986933;100.0;40.0;0.259657627724804;100.0;40.0;0.1;100.0;40.0;0.1;100.0;40.0;0.1;100.0;40.0;0.1;100.0;40.0;0.1;100.0;40.0;0.5;100.0;40.0;2.349240470992737
366;60.0;30.0;100.0;40.0;0.1;100.0;40.0;0.3;100.0;40.0;0.2;100.0;40.0;1.5939935345074663;100.0;40.0;0.6879870690149329;100.0;40.0;1.5699676725373322;100.0;40.0;0.1;100.0;40.0;0.1;100.0;40.0;0.2;100.0;40.0;0.1;100.0;100.0;100.0;100.0;40.0;1.8798706901493285;100.0;40.0;0.2819806035223993;100.0;40.0;0.1;100.0;40.0;0.1;100.0;40.0;0.1;100.0;40.0;0.1;100.0;40.0;0.1;100.0;40.0;0.5;100.0;40.0;2.7380972547260916
367;60.0;30.0;100.0;40.0;0.1;100.0;40.0;0.3;100.0;40.0;0.2;100.0;40.0;1.5916741596915567;100.0;40.0;0.6833483193831136;100.0;40.0;1.558370798457784;100.0;40.0;0.1;100.0;40.0;0.1;100.0;40.0;0.2;100.0;40.0;0.1;100.0;100.0;100.0;100.0;40.0;1.8334831938311353;100.0;40.0;0.2750224790746703;100.0;40.0;0.1;100.0;40.0;0.1;100.0;40.0;0.1;100.0;40.0;0.1;100.0;40.0;0.1;100.0;40.0;0.5;100.0;40.0;2.6088469022735765
368;60.0;30.0;100.0;40.0;0.1;100.0;40.0;0.3;100.0;40.0;0.2;100.0;40.0;1.5865778212453512;100.0;40.0;0.6731556424907026;100.0;40.0;1.5328891062267564;100.0;40.0;0.1;100.0;40.0;0.1;100.0;40.0;0.2;100.0;40.0;0.1;100.0;100.0;100.0;100.0;40.0;1.7315564249070259;100.0;40.0;0.2597334637360539;100.0;40.0;0.1;100.0;40.0;0.1;100.0;40.0;0.1;100.0;40.0;0.1;100.0;40.0;0.1;100.0;40.0;0.5;100.0;40.0;2.3504439579386633
369;60.0;30.0;100.0;40.0;0.1;100.0;40.0;0.3;100.0;40.0;0.2;100.0;40.0;1.5939902494788534;100.0;40.0;0.6879804989577071;100.0;40.0;1.5699512473942676;100.0;40.0;0.1;100.0;40.0;0.1;100.0;40.0;0.2;100.0;40.0;0.1;100.0;100.0;100.0;100.0;40.0;1.8798049895770708;100.0;40.0;0.2819707484365606;100.0;40.0;0.1;100.0;40.0;0.1;100.0;40.0;0.1;100.0;40.0;0.1;100.0;40.0;0.1;100.0;40.0;0.5;100.0;40.0;2.7379084204484845
370;60.0;30.0;100.0;40.0;0.1;100.0;40.0;0.3;100.0;40.0;0.2;100.0;40.0;1.5916566964961532;100.0;40.0;0.6833133929923065;100.0;40.0;1.5582834824807663;100.0;40.0;0.1;100.0;40.0;0.1;100.0;40.0;0.2;100.0;40.0;0.1;100.0;100.0;100.0;100.0;40.0;1.8331339299230651;100.0;40.0;0.27497008948845975;100.0;40.0;0.1;100.0;40.0;0.1;100.0;40.0;0.1;100.0;40.0;0.1;100.0;40.0;0.1;100.0;40.0;0.5;100.0;40.0;2.607903573527142
371;60.0;30.0;100.0;40.0;0.1;100.0;40.0;0.3;100.0;40.0;0.2;100.0;40.0;1.586602808393918;100.0;40.0;0.6732056167878362;100.0;40.0;1.5330140419695906;100.0;40.0;0.1;100.0;40.0;0.1;100.0;40.0;0.2;100.0;40.0;0.1;100.0;100.0;100.0;100.0;40.0;1.7320561678783621;100.0;40.0;0.2598084251817543;100.0;40.0;0.1;100.0;40.0;0.1;100.0;40.0;0.1;100.0;40.0;0.1;100.0;40.0;0.1;100.0;40.0;0.5;100.0;40.0;2.3516342688305123
372;60.0;30.0;100.0;40.0;0.1;100.0;40.0;0.3;100.0;40.0;0.2;100.0;40.0;1.593986939634956;100.0;40.0;0.6879738792699123;100.0;40.0;1.5699346981747806;100.0;40.0;0.1;100.0;40.0;0.1;100.0;40.0;0.2;100.0;40.0;0.1;100.0;100.0;100.0;100.0;40.0;1.8797387926991223;100.0;40.0;0.28196081890486835;100.0;40.0;0.1;100.0;40.0;0.1;100.0;40.0;0.1;100.0;40.0;0.1;100.0;40.0;0.1;100.0;40.0;0.5;100.0;40.0;2.7377181768825998
373;60.0;30.0;100.0;40.0;0.1;100.0;40.0;0.3;100.0;40.0;0.2;100.0;40.0;1.5916394770502238;100.0;40.0;0.6832789541004475;100.0;40.0;1.5581973852511188;100.0;40.0;0.1;100.0;40.0;0.1;100.0;40.0;0.2;100.0;40.0;0.1;100.0;100.0;100.0;100.0;40.0;1.832789541004475;100.0;40.0;0.2749184311506712;100.0;40.0;0.1;100.0;40.0;0.1;100.0;40.0;0.1;100.0;40.0;0.1;100.0;40.0;0.1;100.0;40.0;0.5;100.0;40.0;2.6069738322325287
374;60.0;30.0;100.0;40.0;0.1;100.0;40.0;0.3;100.0;40.0;0.2;100.0;40.0;1.5866275093736322;100.0;40.0;0.6732550187472645;100.0;40.0;1.533137546868161;100.0;40.0;0.1;100.0;40.0;0.1;100.0;40.0;0.2;100.0;40.0;0.1;100.0;100.0;100.0;100.0;40.0;1.732550187472644;100.0;40.0;0.2598825281208966;100.0;40.0;0.1;100.0;40.0;0.1;100.0;40.0;0.1;100.0;40.0;0.1;100.0;40.0;0.1;100.0;40.0;0.5;100.0;40.0;2.352811635182268
375;60.0;30.0;100.0;40.0;0.1;100.0;40.0;0.3;100.0;40.0;0.2;100.0;40.0;1.593983606204871;100.0;40.0;0.6879672124097419;100.0;40.0;1.5699180310243546;100.0;40.0;0.1;100.0;40.0;0.1;100.0;40.0;0.2;100.0;40.0;0.1;100.0;100.0;100.0;100.0;40.0;1.8796721240974186;100.0;40.0;0.2819508186146128;100.0;40.0;0.1;100.0;40.0;0.1;100.0;40.0;0.1;100.0;40.0;0.1;100.0;40.0;0.1;100.0;40.0;0.5;100.0;40.0;2.7375265950499386
376;60.0;30.0;100.0;40.0;0.1;100.0;40.0;0.3;100.0;40.0;0.2;100.0;40.0;1.5916224965203938;100.0;40.0;0.6832449930407878;100.0;40.0;1.5581124826019694;100.0;40.0;0.1;100.0;40.0;0.1;100.0;40.0;0.2;100.0;40.0;0.1;100.0;100.0;100.0;100.0;40.0;1.8324499304078774;100.0;40.0;0.2748674895611816;100.0;40.0;0.1;100.0;40.0;0.1;100.0;40.0;0.1;100.0;40.0;0.1;100.0;40.0;0.1;100.0;40.0;0.5;100.0;40.0;2.6060573995284506
377;60.0;30.0;100.0;40.0;0.1;100.0;40.0;0.3;100.0;40.0;0.2;100.0;40.0;1.5866519294024648;100.0;40.0;0.6733038588049297;100.0;40.0;1.5332596470123243;100.0;40.0;0.1;100.0;40.0;0.1;100.0;40.0;0.2;100.0;40.0;0.1;100.0;100.0;100.0;100.0;40.0;1.733038588049297;100.0;40.0;0.2599557882073945;100.0;40.0;0.1;100.0;40.0;0.1;100.0;40.0;0.1;100.0;40.0;0.1;100.0;40.0;0.1;100.0;40.0;0.5;100.0;40.0;2.353976282886846
378;60.0;30.0;100.0;40.0;0.1;100.0;40.0;0.3;100.0;40.0;0.2;100.0;40.0;1.5939802503699565;100.0;40.0;0.6879605007399133;100.0;40.0;1.5699012518497832;100.0;40.0;0.1;100.0;40.0;0.1;100.0;40.0;0.2;100.0;40.0;0.1;100.0;100.0;100.0;100.0;40.0;1.8796050073991328;100.0;40.0;0.28194075110986994;100.0;40.0;0.1;100.0;40.0;0.1;100.0;40.0;0.1;100.0;40.0;0.1;100.0;40.0;0.1;100.0;40.0;0.5;100.0;40.0;2.7373337432055456
379;60.0;30.0;100.0;40.0;0.1;100.0;40.0;0.3;100.0;40.0;0.2;100.0;40.0;1.591605750200054;100.0;40.0;0.6832115004001083;100.0;40.0;1.5580287510002706;100.0;40.0;0.1;100.0;40.0;0.1;100.0;40.0;0.2;100.0;40.0;0.1;100.0;100.0;100.0;100.0;40.0;1.832115004001082;100.0;40.0;0.2748172506001623;100.0;40.0;0.1;100.0;40.0;0.1;100.0;40.0;0.1;100.0;40.0;0.1;100.0;40.0;0.1;100.0;40.0;0.5;100.0;40.0;2.605154004124796
380;60.0;30.0;100.0;40.0;0.1;100.0;40.0;0.3;100.0;40.0;0.2;100.0;40.0;1.5866760735676813;100.0;40.0;0.6733521471353627;100.0;40.0;1.5333803678384068;100.0;40.0;0.1;100.0;40.0;0.1;100.0;40.0;0.2;100.0;40.0;0.1;100.0;100.0;100.0;100.0;40.0;1.7335214713536269;100.0;40.0;0.26002822070304404;100.0;40.0;0.1;100.0;40.0;0.1;100.0;40.0;0.1;100.0;40.0;0.1;100.0;40.0;0.1;100.0;40.0;0.5;100.0;40.0;2.3551284323899164
381;60.0;30.0;100.0;40.0;0.1;100.0;40.0;0.3;100.0;40.0;0.2;100.0;40.0;1.5939768732658846;100.0;40.0;0.6879537465317691;100.0;40.0;1.5698843663294226;100.0;40.0;0.1;100.0;40.0;0.1;100.0;40.0;0.2;100.0;40.0;0.1;100.0;100.0;100.0;100.0;40.0;1.8795374653176908;100.0;40.0;0.2819306197976536;100.0;40.0;0.1;100.0;40.0;0.1;100.0;40.0;0.1;100.0;40.0;0.1;100.0;40.0;0.1;100.0;40.0;0.5;100.0;40.0;2.7371396869566773
382;60.0;30.0;100.0;40.0;0.1;100.0;40.0;0.3;100.0;40.0;0.2;100.0;40.0;1.5915892335052166;100.0;40.0;0.6831784670104333;100.0;40.0;1.557946167526083;100.0;40.0;0.1;100.0;40.0;0.1;100.0;40.0;0.2;100.0;40.0;0.1;100.0;100.0;100.0;100.0;40.0;1.831784670104332;100.0;40.0;0.2747677005156498;100.0;40.0;0.1;100.0;40.0;0.1;100.0;40.0;0.1;100.0;40.0;0.1;100.0;40.0;0.1;100.0;40.0;0.5;100.0;40.0;2.604263382046576
383;60.0;30.0;100.0;40.0;0.1;100.0;40.0;0.3;100.0;40.0;0.2;100.0;40.0;1.586699946829994;100.0;40.0;0.6733998936599881;100.0;40.0;1.53349973414997;100.0;40.0;0.1;100.0;40.0;0.1;100.0;40.0;0.2;100.0;40.0;0.1;100.0;100.0;100.0;100.0;40.0;1.7339989365998807;100.0;40.0;0.2600998404899821;100.0;40.0;0.1;100.0;40.0;0.1;100.0;40.0;0.1;100.0;40.0;0.1;100.0;40.0;0.1;100.0;40.0;0.5;100.0;40.0;2.356268298857215
384;60.0;30.0;100.0;40.0;0.1;100.0;40.0;0.3;100.0;40.0;0.2;100.0;40.0;1.5939734759845887;100.0;40.0;0.6879469519691774;100.0;40.0;1.5698673799229437;100.0;40.0;0.1;100.0;40.0;0.1;100.0;40.0;0.2;100.0;40.0;0.1;100.0;100.0;100.0;100.0;40.0;1.8794695196917746;100.0;40.0;0.28192042795376615;100.0;40.0;0.1;100.0;40.0;0.1;100.0;40.0;0.1;100.0;40.0;0.1;100.0;40.0;0.1;100.0;40.0;0.5;100.0;40.0;2.7369444893756714
385;60.0;30.0;100.0;40.0;0.1;100.0;40.0;0.3;100.0;40.0;0.2;100.0;40.0;1.5915729419705338;100.0;40.0;0.6831458839410675;100.0;40.0;1.5578647098526686;100.0;40.0;0.1;100.0;40.0;0.1;100.0;40.0;0.2;100.0;40.0;0.1;100.0;100.0;100.0;100.0;40.0;1.8314588394106743;100.0;40.0;0.2747188259116011;100.0;40.0;0.1;100.0;40.0;0.1;100.0;40.0;0.1;100.0;40.0;0.1;100.0;40.0;0.1;100.0;40.0;0.5;100.0;40.0;2.603385276388218
386;60.0;30.0;100.0;40.0;0.1;100.0;40.0;0.3;100.0;40.0;0.2;100.0;40.0;1.586723554027556;100.0;40.0;0.673447108055112;100.0;40.0;1.53361777013778;100.0;40.0;0.1;100.0;40.0;0.1;100.0;40.0;0.2;100.0;40.0;0.1;100.0;100.0;100.0;100.0;40.0;1.73447108055112;100.0;40.0;0.260170662082668;100.0;40.0;0.1;100.0;40.0;0.1;100.0;40.0;0.1;100.0;40.0;0.1;100.0;40.0;0.1;100.0;40.0;0.5;100.0;40.0;2.3573960923356356
387;60.0;30.0;100.0;40.0;0.1;100.0;40.0;0.3;100.0;40.0;0.2;100.0;40.0;1.5939700595761213;100.0;40.0;0.6879401191522426;100.0;40.0;1.5698502978806066;100.0;40.0;0.1;100.0;40.0;0.1;100.0;40.0;0.2;100.0;40.0;0.1;100.0;100.0;100.0;100.0;40.0;1.8794011915224265;100.0;40.0;0.28191017872836394;100.0;40.0;0.1;100.0;40.0;0.1;100.0;40.0;0.1;100.0;40.0;0.1;100.0;40.0;0.1;100.0;40.0;0.5;100.0;40.0;2.7367482111073396
388;60.0;30.0;100.0;40.0;0.1;100.0;40.0;0.3;100.0;40.0;0.2;100.0;40.0;1.591556871245471;100.0;40.0;0.6831137424909423;100.0;40.0;1.5577843562273557;100.0;40.0;0.1;100.0;40.0;0.1;100.0;40.0;0.2;100.0;40.0;0.1;100.0;100.0;100.0;100.0;40.0;1.8311374249094226;100.0;40.0;0.2746706137364134;100.0;40.0;0.1;100.0;40.0;0.1;100.0;40.0;0.1;100.0;40.0;0.1;100.0;40.0;0.1;100.0;40.0;0.5;100.0;40.0;2.602519437077714
389;60.0;30.0;100.0;40.0;0.1;100.0;40.0;0.3;100.0;40.0;0.2;100.0;40.0;1.5867468998798024;100.0;40.0;0.6734937997596051;100.0;40.0;1.533734499399013;100.0;40.0;0.1;100.0;40.0;0.1;100.0;40.0;0.2;100.0;40.0;0.1;100.0;100.0;100.0;100.0;40.0;1.7349379975960515;100.0;40.0;0.2602406996394077;100.0;40.0;0.1;100.0;40.0;0.1;100.0;40.0;0.1;100.0;40.0;0.1;100.0;40.0;0.1;100.0;40.0;0.5;100.0;40.0;2.3585120179083656
390;60.0;30.0;100.0;40.0;0.1;100.0;40.0;0.3;100.0;40.0;0.2;100.0;40.0;1.593966625050418;100.0;40.0;0.6879332501008363;100.0;40.0;1.5698331252520907;100.0;40.0;0.1;100.0;40.0;0.1;100.0;40.0;0.2;100.0;40.0;0.1;100.0;100.0;100.0;100.0;40.0;1.879332501008363;100.0;40.0;0.2818998751512544;100.0;40.0;0.1;100.0;40.0;0.1;100.0;40.0;0.1;100.0;40.0;0.1;100.0;40.0;0.1;100.0;40.0;0.5;100.0;40.0;2.7365509104711965
391;60.0;30.0;100.0;40.0;0.1;100.0;40.0;0.3;100.0;40.0;0.2;100.0;40.0;1.5915410170906288;100.0;40.0;0.6830820341812576;100.0;40.0;1.5577050854531438;100.0;40.0;0.1;100.0;40.0;0.1;100.0;40.0;0.2;100.0;40.0;0.1;100.0;100.0;100.0;100.0;40.0;1.8308203418125755;100.0;40.0;0.2746230512718863;100.0;40.0;0.1;100.0;40.0;0.1;100.0;40.0;0.1;100.0;40.0;0.1;100.0;40.0;0.1;100.0;40.0;0.5;100.0;40.0;2.601665620650196
392;60.0;30.0;100.0;40.0;0.1;100.0;40.0;0.3;100.0;40.0;0.2;100.0;40.0;1.5867699889911475;100.0;40.0;0.6735399779822949;100.0;40.0;1.5338499449557372;100.0;40.0;0.1;100.0;40.0;0.1;100.0;40.0;0.2;100.0;40.0;0.1;100.0;100.0;100.0;100.0;40.0;1.735399779822949;100.0;40.0;0.26030996697344233;100.0;40.0;0.1;100.0;40.0;0.1;100.0;40.0;0.1;100.0;40.0;0.1;100.0;40.0;0.1;100.0;40.0;0.5;100.0;40.0;2.359616275844334
393;60.0;30.0;100.0;40.0;0.1;100.0;40.0;0.3;100.0;40.0;0.2;100.0;40.0;1.5939631733789794;100.0;40.0;0.6879263467579589;100.0;40.0;1.5698158668948974;100.0;40.0;0.1;100.0;40.0;0.1;100.0;40.0;0.2;100.0;40.0;0.1;100.0;100.0;100.0;100.0;40.0;1.8792634675795894;100.0;40.0;0.2818895201369384;100.0;40.0;0.1;100.0;40.0;0.1;100.0;40.0;0.1;100.0;40.0;0.1;100.0;40.0;0.1;100.0;40.0;0.5;100.0;40.0;2.736352643558786
394;60.0;30.0;100.0;40.0;0.1;100.0;40.0;0.3;100.0;40.0;0.2;100.0;40.0;1.5915253753742022;100.0;40.0;0.6830507507484048;100.0;40.0;1.557626876871012;100.0;40.0;0.1;100.0;40.0;0.1;100.0;40.0;0.2;100.0;40.0;0.1;100.0;100.0;100.0;100.0;40.0;1.8305075074840482;100.0;40.0;0.27457612612260723;100.0;40.0;0.1;100.0;40.0;0.1;100.0;40.0;0.1;100.0;40.0;0.1;100.0;40.0;0.1;100.0;40.0;0.5;100.0;40.0;2.600823590030446
395;60.0;30.0;100.0;40.0;0.1;100.0;40.0;0.3;100.0;40.0;0.2;100.0;40.0;1.5867928258545398;100.0;40.0;0.6735856517090796;100.0;40.0;1.5339641292726989;100.0;40.0;0.1;100.0;40.0;0.1;100.0;40.0;0.2;100.0;40.0;0.1;100.0;100.0;100.0;100.0;40.0;1.7358565170907956;100.0;40.0;0.2603784775636193;100.0;40.0;0.1;100.0;40.0;0.1;100.0;40.0;0.1;100.0;40.0;0.1;100.0;40.0;0.1;100.0;40.0;0.5;100.0;40.0;2.3607090617422015
396;60.0;30.0;100.0;40.0;0.1;100.0;40.0;0.3;100.0;40.0;0.2;100.0;40.0;1.5939597054964707;100.0;40.0;0.6879194109929417;100.0;40.0;1.5697985274823543;100.0;40.0;0.1;100.0;40.0;0.1;100.0;40.0;0.2;100.0;40.0;0.1;100.0;100.0;100.0;100.0;40.0;1.879194109929417;100.0;40.0;0.28187911648941255;100.0;40.0;0.1;100.0;40.0;0.1;100.0;40.0;0.1;100.0;40.0;0.1;100.0;40.0;0.1;100.0;40.0;0.5;100.0;40.0;2.7361534643264007
397;60.0;30.0;100.0;40.0;0.1;100.0;40.0;0.3;100.0;40.0;0.2;100.0;40.0;1.59150994206858;100.0;40.0;0.6830198841371604;100.0;40.0;1.557549710342901;100.0;40.0;0.1;100.0;40.0;0.1;100.0;40.0;0.2;100.0;40.0;0.1;100.0;100.0;100.0;100.0;40.0;1.830198841371604;100.0;40.0;0.27452982620574057;100.0;40.0;0.1;100.0;40.0;0.1;100.0;40.0;0.1;100.0;40.0;0.1;100.0;40.0;0.1;100.0;40.0;0.5;100.0;40.0;2.599993114323992
398;60.0;30.0;100.0;40.0;0.1;100.0;40.0;0.3;100.0;40.0;0.2;100.0;40.0;1.5868154148548883;100.0;40.0;0.6736308297097766;100.0;40.0;1.5340770742744416;100.0;40.0;0.1;100.0;40.0;0.1;100.0;40.0;0.2;100.0;40.0;0.1;100.0;100.0;100.0;100.0;40.0;1.7363082970977666;100.0;40.0;0.260446244564665;100.0;40.0;0.1;100.0;40.0;0.1;100.0;40.0;0.1;100.0;40.0;0.1;100.0;40.0;0.1;100.0;40.0;0.5;100.0;40.0;2.361790566669135
399;60.0;30.0;100.0;40.0;0.1;100.0;40.0;0.3;100.0;40.0;0.2;100.0;40.0;1.5939562223022479;100.0;40.0;0.687912444604496;100.0;40.0;1.56978111151124;100.0;40.0;0.1;100.0;40.0;0.1;100.0;40.0;0.2;100.0;40.0;0.1;100.0;100.0;100.0;100.0;40.0;1.8791244460449597;100.0;40.0;0.28186866690674395;100.0;40.0;0.1;100.0;40.0;0.1;100.0;40.0;0.1;100.0;40.0;0.1;100.0;40.0;0.1;100.0;40.0;0.5;100.0;40.0;2.7359534246834087
400;60.0;30.0;100.0;40.0;0.1;100.0;40.0;0.3;100.0;40.0;0.2;100.0;40.0;1.5914947132470678;100.0;40.0;0.6829894264941357;100.0;40.0;1.5574735662353394;100.0;40.0;0.1;100.0;40.0;0.1;100.0;40.0;0.2;100.0;40.0;0.1;100.0;100.0;100.0;100.0;40.0;1.8298942649413574;100.0;40.0;0.2744841397412036;100.0;40.0;0.1;100.0;40.0;0.1;100.0;40.0;0.1;100.0;40.0;0.1;100.0;40.0;0.1;100.0;40.0;0.5;100.0;40.0;2.5991739686163515
401;60.0;30.0;100.0;40.0;0.1;100.0;40.0;0.3;100.0;40.0;0.2;100.0;40.0;1.586837760272359;100.0;40.0;0.6736755205447177;100.0;40.0;1.5341888013617941;100.0;40.0;0.1;100.0;40.0;0.1;100.0;40.0;0.2;100.0;40.0;0.1;100.0;100.0;100.0;100.0;40.0;1.7367552054471767;100.0;40.0;0.2605132808170765;100.0;40.0;0.1;100.0;40.0;0.1;100.0;40.0;0.1;100.0;40.0;0.1;100.0;40.0;0.1;100.0;40.0;0.5;100.0;40.0;2.362860977294594
402;60.0;30.0;100.0;40.0;0.1;100.0;40.0;0.3;100.0;40.0;0.2;100.0;40.0;1.59395272466181;100.0;40.0;0.6879054493236199;100.0;40.0;1.5697636233090497;100.0;40.0;0.1;100.0;40.0;0.1;100.0;40.0;0.2;100.0;40.0;0.1;100.0;100.0;100.0;100.0;40.0;1.879054493236199;100.0;40.0;0.28185817398542984;100.0;40.0;0.1;100.0;40.0;0.1;100.0;40.0;0.1;100.0;40.0;0.1;100.0;40.0;0.1;100.0;40.0;0.5;100.0;40.0;2.735752574576448
403;60.0;30.0;100.0;40.0;0.1;100.0;40.0;0.3;100.0;40.0;0.2;100.0;40.0;1.5914796850807371;100.0;40.0;0.6829593701614742;100.0;40.0;1.5573984254036857;100.0;40.0;0.1;100.0;40.0;0.1;100.0;40.0;0.2;100.0;40.0;0.1;100.0;100.0;100.0;100.0;40.0;1.8295937016147423;100.0;40.0;0.27443905524221135;100.0;40.0;0.1;100.0;40.0;0.1;100.0;40.0;0.1;100.0;40.0;0.1;100.0;40.0;0.1;100.0;40.0;0.5;100.0;40.0;2.598365933780077
404;60.0;30.0;100.0;40.0;0.1;100.0;40.0;0.3;100.0;40.0;0.2;100.0;40.0;1.5868598662855493;100.0;40.0;0.6737197325710985;100.0;40.0;1.5342993314277464;100.0;40.0;0.1;100.0;40.0;0.1;100.0;40.0;0.2;100.0;40.0;0.1;100.0;100.0;100.0;100.0;40.0;1.7371973257109854;100.0;40.0;0.2605795988566478;100.0;40.0;0.1;100.0;40.0;0.1;100.0;40.0;0.1;100.0;40.0;0.1;100.0;40.0;0.1;100.0;40.0;0.5;100.0;40.0;2.363920476019315
405;60.0;30.0;100.0;40.0;0.1;100.0;40.0;0.3;100.0;40.0;0.2;100.0;40.0;1.5939492134081843;100.0;40.0;0.6878984268163688;100.0;40.0;1.5697460670409218;100.0;40.0;0.1;100.0;40.0;0.1;100.0;40.0;0.2;100.0;40.0;0.1;100.0;100.0;100.0;100.0;40.0;1.8789842681636875;100.0;40.0;0.2818476402245531;100.0;40.0;0.1;100.0;40.0;0.1;100.0;40.0;0.1;100.0;40.0;0.1;100.0;40.0;0.1;100.0;40.0;0.5;100.0;40.0;2.7355509620696887
406;60.0;30.0;100.0;40.0;0.1;100.0;40.0;0.3;100.0;40.0;0.2;100.0;40.0;1.5914648538353917;100.0;40.0;0.6829297076707834;100.0;40.0;1.5573242691769584;100.0;40.0;0.1;100.0;40.0;0.1;100.0;40.0;0.2;100.0;40.0;0.1;100.0;100.0;100.0;100.0;40.0;1.829297076707834;100.0;40.0;0.2743945615061751;100.0;40.0;0.1;100.0;40.0;0.1;100.0;40.0;0.1;100.0;40.0;0.1;100.0;40.0;0.1;100.0;40.0;0.5;100.0;40.0;2.5975687962892495
407;60.0;30.0;100.0;40.0;0.1;100.0;40.0;0.3;100.0;40.0;0.2;100.0;40.0;1.5868817369745494;100.0;40.0;0.6737634739490986;100.0;40.0;1.5344086848727465;100.0;40.0;0.1;100.0;40.0;0.1;100.0;40.0;0.2;100.0;40.0;0.1;100.0;100.0;100.0;100.0;40.0;1.7376347394909863;100.0;40.0;0.26064521092364795;100.0;40.0;0.1;100.0;40.0;0.1;100.0;40.0;0.1;100.0;40.0;0.1;100.0;40.0;0.1;100.0;40.0;0.5;100.0;40.0;2.364969241099725
408;60.0;30.0;100.0;40.0;0.1;100.0;40.0;0.3;100.0;40.0;0.2;100.0;40.0;1.5939456893432484;100.0;40.0;0.6878913786864969;100.0;40.0;1.5697284467162422;100.0;40.0;0.1;100.0;40.0;0.1;100.0;40.0;0.2;100.0;40.0;0.1;100.0;100.0;100.0;100.0;40.0;1.8789137868649688;100.0;40.0;0.2818370680297453;100.0;40.0;0.1;100.0;40.0;0.1;100.0;40.0;0.1;100.0;40.0;0.1;100.0;40.0;0.1;100.0;40.0;0.5;100.0;40.0;2.7353486334213897
409;60.0;30.0;100.0;40.0;0.1;100.0;40.0;0.3;100.0;40.0;0.2;100.0;40.0;1.591450215868646;100.0;40.0;0.6829004317372924;100.0;40.0;1.557251079343231;100.0;40.0;0.1;100.0;40.0;0.1;100.0;40.0;0.2;100.0;40.0;0.1;100.0;100.0;100.0;100.0;40.0;1.8290043173729238;100.0;40.0;0.2743506476059386;100.0;40.0;0.1;100.0;40.0;0.1;100.0;40.0;0.1;100.0;40.0;0.1;100.0;40.0;0.1;100.0;40.0;0.5;100.0;40.0;2.5967823480410757
410;60.0;30.0;100.0;40.0;0.1;100.0;40.0;0.3;100.0;40.0;0.2;100.0;40.0;1.586903376323888;100.0;40.0;0.6738067526477763;100.0;40.0;1.5345168816194408;100.0;40.0;0.1;100.0;40.0;0.1;100.0;40.0;0.2;100.0;40.0;0.1;100.0;100.0;100.0;100.0;40.0;1.738067526477763;100.0;40.0;0.26071012897166446;100.0;40.0;0.1;100.0;40.0;0.1;100.0;40.0;0.1;100.0;40.0;0.1;100.0;40.0;0.1;100.0;40.0;0.5;100.0;40.0;2.366007446767956
411;60.0;30.0;100.0;40.0;0.1;100.0;40.0;0.3;100.0;40.0;0.2;100.0;40.0;1.5939421532389888;100.0;40.0;0.6878843064779779;100.0;40.0;1.5697107661949448;100.0;40.0;0.1;100.0;40.0;0.1;100.0;40.0;0.2;100.0;40.0;0.1;100.0;100.0;100.0;100.0;40.0;1.8788430647797791;100.0;40.0;0.28182645971696685;100.0;40.0;0.1;100.0;40.0;0.1;100.0;40.0;0.1;100.0;40.0;0.1;100.0;40.0;0.1;100.0;40.0;0.5;100.0;40.0;2.7351456331569293
412;60.0;30.0;100.0;40.0;0.1;100.0;40.0;0.3;100.0;40.0;0.2;100.0;40.0;1.5914357676271123;100.0;40.0;0.6828715352542247;100.0;40.0;1.5571788381355618;100.0;40.0;0.1;100.0;40.0;0.1;100.0;40.0;0.2;100.0;40.0;0.1;100.0;100.0;100.0;100.0;40.0;1.828715352542247;100.0;40.0;0.27430730288133703;100.0;40.0;0.1;100.0;40.0;0.1;100.0;40.0;0.1;100.0;40.0;0.1;100.0;40.0;0.1;100.0;40.0;0.5;100.0;40.0;2.596006386184278
413;60.0;30.0;100.0;40.0;0.1;100.0;40.0;0.3;100.0;40.0;0.2;100.0;40.0;1.5869247882253756;100.0;40.0;0.6738495764507514;100.0;40.0;1.5346239411268783;100.0;40.0;0.1;100.0;40.0;0.1;100.0;40.0;0.2;100.0;40.0;0.1;100.0;100.0;100.0;100.0;40.0;1.7384957645075134;100.0;40.0;0.260774364676127;100.0;40.0;0.1;100.0;40.0;0.1;100.0;40.0;0.1;100.0;40.0;0.1;100.0;40.0;0.1;100.0;40.0;0.5;100.0;40.0;2.3670352633476432
414;60.0;30.0;100.0;40.0;0.1;100.0;40.0;0.3;100.0;40.0;0.2;100.0;40.0;1.5939386058387046;100.0;40.0;0.6878772116774092;100.0;40.0;1.569693029193523;100.0;40.0;0.1;100.0;40.0;0.1;100.0;40.0;0.2;100.0;40.0;0.1;100.0;100.0;100.0;100.0;40.0;1.8787721167740918;100.0;40.0;0.2818158175161138;100.0;40.0;0.1;100.0;40.0;0.1;100.0;40.0;0.1;100.0;40.0;0.1;100.0;40.0;0.1;100.0;40.0;0.5;100.0;40.0;2.7349420041384995
415;60.0;30.0;100.0;40.0;0.1;100.0;40.0;0.3;100.0;40.0;0.2;100.0;40.0;1.591421505643689;100.0;40.0;0.6828430112873778;100.0;40.0;1.5571075282184446;100.0;40.0;0.1;100.0;40.0;0.1;100.0;40.0;0.2;100.0;40.0;0.1;100.0;100.0;100.0;100.0;40.0;1.8284301128737783;100.0;40.0;0.27426451693106674;100.0;40.0;0.1;100.0;40.0;0.1;100.0;40.0;0.1;100.0;40.0;0.1;100.0;40.0;0.1;100.0;40.0;0.5;100.0;40.0;2.5952407129539865
416;60.0;30.0;100.0;40.0;0.1;100.0;40.0;0.3;100.0;40.0;0.2;100.0;40.0;1.5869459764808416;100.0;40.0;0.6738919529616835;100.0;40.0;1.5347298824042086;100.0;40.0;0.1;100.0;40.0;0.1;100.0;40.0;0.2;100.0;40.0;0.1;100.0;100.0;100.0;100.0;40.0;1.7389195296168347;100.0;40.0;0.2608379294425252;100.0;40.0;0.1;100.0;40.0;0.1;100.0;40.0;0.1;100.0;40.0;0.1;100.0;40.0;0.1;100.0;40.0;0.5;100.0;40.0;2.3680528573656883
417;60.0;30.0;100.0;40.0;0.1;100.0;40.0;0.3;100.0;40.0;0.2;100.0;40.0;1.5939350478581533;100.0;40.0;0.6878700957163068;100.0;40.0;1.569675239290767;100.0;40.0;0.1;100.0;40.0;0.1;100.0;40.0;0.2;100.0;40.0;0.1;100.0;100.0;100.0;100.0;40.0;1.8787009571630675;100.0;40.0;0.2818051435744601;100.0;40.0;0.1;100.0;40.0;0.1;100.0;40.0;0.1;100.0;40.0;0.1;100.0;40.0;0.1;100.0;40.0;0.5;100.0;40.0;2.7347377876316292
418;60.0;30.0;100.0;40.0;0.1;100.0;40.0;0.3;100.0;40.0;0.2;100.0;40.0;1.5914074265349498;100.0;40.0;0.6828148530698998;100.0;40.0;1.5570371326747492;100.0;40.0;0.1;100.0;40.0;0.1;100.0;40.0;0.2;100.0;40.0;0.1;100.0;100.0;100.0;100.0;40.0;1.828148530698997;100.0;40.0;0.2742222796048496;100.0;40.0;0.1;100.0;40.0;0.1;100.0;40.0;0.1;100.0;40.0;0.1;100.0;40.0;0.1;100.0;40.0;0.5;100.0;40.0;2.5944851355128296
419;60.0;30.0;100.0;40.0;0.1;100.0;40.0;0.3;100.0;40.0;0.2;100.0;40.0;1.5869669448047774;100.0;40.0;0.6739338896095548;100.0;40.0;1.534834724023887;100.0;40.0;0.1;100.0;40.0;0.1;100.0;40.0;0.2;100.0;40.0;0.1;100.0;100.0;100.0;100.0;40.0;1.7393388960955485;100.0;40.0;0.26090083441433226;100.0;40.0;0.1;100.0;40.0;0.1;100.0;40.0;0.1;100.0;40.0;0.1;100.0;40.0;0.1;100.0;40.0;0.5;100.0;40.0;2.369060391660148
420;60.0;30.0;100.0;40.0;0.1;100.0;40.0;0.3;100.0;40.0;0.2;100.0;40.0;1.5939314799866482;100.0;40.0;0.6878629599732966;100.0;40.0;1.5696573999332415;100.0;40.0;0.1;100.0;40.0;0.1;100.0;40.0;0.2;100.0;40.0;0.1;100.0;100.0;100.0;100.0;40.0;1.8786295997329656;100.0;40.0;0.28179443995994485;100.0;40.0;0.1;100.0;40.0;0.1;100.0;40.0;0.1;100.0;40.0;0.1;100.0;40.0;0.1;100.0;40.0;0.5;100.0;40.0;2.73453302336871
421;60.0;30.0;100.0;40.0;0.1;100.0;40.0;0.3;100.0;40.0;0.2;100.0;40.0;1.5913935269986275;100.0;40.0;0.6827870539972549;100.0;40.0;1.5569676349931372;100.0;40.0;0.1;100.0;40.0;0.1;100.0;40.0;0.2;100.0;40.0;0.1;100.0;100.0;100.0;100.0;40.0;1.827870539972549;100.0;40.0;0.27418058099588233;100.0;40.0;0.1;100.0;40.0;0.1;100.0;40.0;0.1;100.0;40.0;0.1;100.0;40.0;0.1;100.0;40.0;0.5;100.0;40.0;2.5937394657979684
422;60.0;30.0;100.0;40.0;0.1;100.0;40.0;0.3;100.0;40.0;0.2;100.0;40.0;1.5869876968268826;100.0;40.0;0.6739753936537655;100.0;40.0;1.5349384841344136;100.0;40.0;0.1;100.0;40.0;0.1;100.0;40.0;0.2;100.0;40.0;0.1;100.0;100.0;100.0;100.0;40.0;1.7397539365376544;100.0;40.0;0.26096309048064814;100.0;40.0;0.1;100.0;40.0;0.1;100.0;40.0;0.1;100.0;40.0;0.1;100.0;40.0;0.1;100.0;40.0;0.5;100.0;40.0;2.370058025484405
423;60.0;30.0;100.0;40.0;0.1;100.0;40.0;0.3;100.0;40.0;0.2;100.0;40.0;1.5939279028881035;100.0;40.0;0.6878558057762071;100.0;40.0;1.5696395144405175;100.0;40.0;0.1;100.0;40.0;0.1;100.0;40.0;0.2;100.0;40.0;0.1;100.0;100.0;100.0;100.0;40.0;1.8785580577620704;100.0;40.0;0.2817837086643106;100.0;40.0;0.1;100.0;40.0;0.1;100.0;40.0;0.1;100.0;40.0;0.1;100.0;40.0;0.1;100.0;40.0;0.5;100.0;40.0;2.734327749609669
424;60.0;30.0;100.0;40.0;0.1;100.0;40.0;0.3;100.0;40.0;0.2;100.0;40.0;1.591379803811186;100.0;40.0;0.682759607622372;100.0;40.0;1.55689901905593;100.0;40.0;0.1;100.0;40.0;0.1;100.0;40.0;0.2;100.0;40.0;0.1;100.0;100.0;100.0;100.0;40.0;1.8275960762237198;100.0;40.0;0.27413941143355797;100.0;40.0;0.1;100.0;40.0;0.1;100.0;40.0;0.1;100.0;40.0;0.1;100.0;40.0;0.1;100.0;40.0;0.5;100.0;40.0;2.5930035203738173
425;60.0;30.0;100.0;40.0;0.1;100.0;40.0;0.3;100.0;40.0;0.2;100.0;40.0;1.5870082360945241;100.0;40.0;0.6740164721890483;100.0;40.0;1.5350411804726207;100.0;40.0;0.1;100.0;40.0;0.1;100.0;40.0;0.2;100.0;40.0;0.1;100.0;100.0;100.0;100.0;40.0;1.7401647218904828;100.0;40.0;0.2610247082835724;100.0;40.0;0.1;100.0;40.0;0.1;100.0;40.0;0.1;100.0;40.0;0.1;100.0;40.0;0.1;100.0;40.0;0.5;100.0;40.0;2.3710459146077674
426;60.0;30.0;100.0;40.0;0.1;100.0;40.0;0.3;100.0;40.0;0.2;100.0;40.0;1.593924317202034;100.0;40.0;0.6878486344040683;100.0;40.0;1.5696215860101708;100.0;40.0;0.1;100.0;40.0;0.1;100.0;40.0;0.2;100.0;40.0;0.1;100.0;100.0;100.0;100.0;40.0;1.8784863440406827;100.0;40.0;0.2817729516061024;100.0;40.0;0.1;100.0;40.0;0.1;100.0;40.0;0.1;100.0;40.0;0.1;100.0;40.0;0.1;100.0;40.0;0.5;100.0;40.0;2.7341220031999383
427;60.0;30.0;100.0;40.0;0.1;100.0;40.0;0.3;100.0;40.0;0.2;100.0;40.0;1.5913662538254818;100.0;40.0;0.6827325076509638;100.0;40.0;1.5568312691274095;100.0;40.0;0.1;100.0;40.0;0.1;100.0;40.0;0.2;100.0;40.0;0.1;100.0;100.0;100.0;100.0;40.0;1.8273250765096385;100.0;40.0;0.27409876147644574;100.0;40.0;0.1;100.0;40.0;0.1;100.0;40.0;0.1;100.0;40.0;0.1;100.0;40.0;0.1;100.0;40.0;0.5;100.0;40.0;2.5922771202901744
428;60.0;30.0;100.0;40.0;0.1;100.0;40.0;0.3;100.0;40.0;0.2;100.0;40.0;1.5870285660751065;100.0;40.0;0.674057132150213;100.0;40.0;1.5351428303755326;100.0;40.0;0.1;100.0;40.0;0.1;100.0;40.0;0.2;100.0;40.0;0.1;100.0;100.0;100.0;100.0;40.0;1.74057132150213;100.0;40.0;0.26108569822531946;100.0;40.0;0.1;100.0;40.0;0.1;100.0;40.0;0.1;100.0;40.0;0.1;100.0;40.0;0.1;100.0;40.0;0.5;100.0;40.0;2.372024211412654
429;60.0;30.0;100.0;40.0;0.1;100.0;40.0;0.3;100.0;40.0;0.2;100.0;40.0;1.593920723544511;100.0;40.0;0.6878414470890222;100.0;40.0;1.5696036177225556;100.0;40.0;0.1;100.0;40.0;0.1;100.0;40.0;0.2;100.0;40.0;0.1;100.0;100.0;100.0;100.0;40.0;1.8784144708902222;100.0;40.0;0.2817621706335333;100.0;40.0;0.1;100.0;40.0;0.1;100.0;40.0;0.1;100.0;40.0;0.1;100.0;40.0;0.1;100.0;40.0;0.5;100.0;40.0;2.733915819625855
430;60.0;30.0;100.0;40.0;0.1;100.0;40.0;0.3;100.0;40.0;0.2;100.0;40.0;1.5913528739685074;100.0;40.0;0.6827057479370152;100.0;40.0;1.556764369842538;100.0;40.0;0.1;100.0;40.0;0.1;100.0;40.0;0.2;100.0;40.0;0.1;100.0;100.0;100.0;100.0;40.0;1.827057479370152;100.0;40.0;0.27405862190552277;100.0;40.0;0.1;100.0;40.0;0.1;100.0;40.0;0.1;100.0;40.0;0.1;100.0;40.0;0.1;100.0;40.0;0.5;100.0;40.0;2.5915600909455803
431;60.0;30.0;100.0;40.0;0.1;100.0;40.0;0.3;100.0;40.0;0.2;100.0;40.0;1.5870486901583618;100.0;40.0;0.6740973803167235;100.0;40.0;1.535243450791809;100.0;40.0;0.1;100.0;40.0;0.1;100.0;40.0;0.2;100.0;40.0;0.1;100.0;100.0;100.0;100.0;40.0;1.7409738031672353;100.0;40.0;0.26114607047508526;100.0;40.0;0.1;100.0;40.0;0.1;100.0;40.0;0.1;100.0;40.0;0.1;100.0;40.0;0.1;100.0;40.0;0.5;100.0;40.0;2.3729930649884823
432;60.0;30.0;100.0;40.0;0.1;100.0;40.0;0.3;100.0;40.0;0.2;100.0;40.0;1.5939171225090742;100.0;40.0;0.6878342450181485;100.0;40.0;1.5695856125453713;100.0;40.0;0.1;100.0;40.0;0.1;100.0;40.0;0.2;100.0;40.0;0.1;100.0;100.0;100.0;100.0;40.0;1.8783424501814852;100.0;40.0;0.28175136752722274;100.0;40.0;0.1;100.0;40.0;0.1;100.0;40.0;0.1;100.0;40.0;0.1;100.0;40.0;0.1;100.0;40.0;0.5;100.0;40.0;2.733709233067613
433;60.0;30.0;100.0;40.0;0.1;100.0;40.0;0.3;100.0;40.0;0.2;100.0;40.0;1.5913396612392146;100.0;40.0;0.6826793224784293;100.0;40.0;1.5566983061960733;100.0;40.0;0.1;100.0;40.0;0.1;100.0;40.0;0.2;100.0;40.0;0.1;100.0;100.0;100.0;100.0;40.0;1.826793224784293;100.0;40.0;0.27401898371764394;100.0;40.0;0.1;100.0;40.0;0.1;100.0;40.0;0.1;100.0;40.0;0.1;100.0;40.0;0.1;100.0;40.0;0.5;100.0;40.0;2.590852261955646
434;60.0;30.0;100.0;40.0;0.1;100.0;40.0;0.3;100.0;40.0;0.2;100.0;40.0;1.5870686116585588;100.0;40.0;0.674137223317118;100.0;40.0;1.535343058292795;100.0;40.0;0.1;100.0;40.0;0.1;100.0;40.0;0.2;100.0;40.0;0.1;100.0;100.0;100.0;100.0;40.0;1.74137223317118;100.0;40.0;0.261205834975677;100.0;40.0;0.1;100.0;40.0;0.1;100.0;40.0;0.1;100.0;40.0;0.1;100.0;40.0;0.1;100.0;40.0;0.5;100.0;40.0;2.3739526212224096
435;60.0;30.0;100.0;40.0;0.1;100.0;40.0;0.3;100.0;40.0;0.2;100.0;40.0;1.5939135146676051;100.0;40.0;0.6878270293352104;100.0;40.0;1.569567573338026;100.0;40.0;0.1;100.0;40.0;0.1;100.0;40.0;0.2;100.0;40.0;0.1;100.0;100.0;100.0;100.0;40.0;1.878270293352104;100.0;40.0;0.2817405440028156;100.0;40.0;0.1;100.0;40.0;0.1;100.0;40.0;0.1;100.0;40.0;0.1;100.0;40.0;0.1;100.0;40.0;0.5;100.0;40.0;2.733502276449906
436;60.0;30.0;100.0;40.0;0.1;100.0;40.0;0.3;100.0;40.0;0.2;100.0;40.0;1.5913266127064138;100.0;40.0;0.6826532254128277;100.0;40.0;1.5566330635320693;100.0;40.0;0.1;100.0;40.0;0.1;100.0;40.0;0.2;100.0;40.0;0.1;100.0;100.0;100.0;100.0;40.0;1.8265322541282771;100.0;40.0;0.27397983811924154;100.0;40.0;0.1;100.0;40.0;0.1;100.0;40.0;0.1;100.0;40.0;0.1;100.0;40.0;0.1;100.0;40.0;0.5;100.0;40.0;2.590153467026151
437;60.0;30.0;100.0;40.0;0.1;100.0;40.0;0.3;100.0;40.0;0.2;100.0;40.0;1.587088333816638;100.0;40.0;0.674176667633276;100.0;40.0;1.5354416690831898;100.0;40.0;0.1;100.0;40.0;0.1;100.0;40.0;0.2;100.0;40.0;0.1;100.0;100.0;100.0;100.0;40.0;1.7417666763327595;100.0;40.0;0.26126500144991394;100.0;40.0;0.1;100.0;40.0;0.1;100.0;40.0;0.1;100.0;40.0;0.1;100.0;40.0;0.1;100.0;40.0;0.5;100.0;40.0;2.374903022887031
438;60.0;30.0;100.0;40.0;0.1;100.0;40.0;0.3;100.0;40.0;0.2;100.0;40.0;1.593909900571162;100.0;40.0;0.6878198011423243;100.0;40.0;1.5695495028558109;100.0;40.0;0.1;100.0;40.0;0.1;100.0;40.0;0.2;100.0;40.0;0.1;100.0;100.0;100.0;100.0;40.0;1.878198011423243;100.0;40.0;0.28172970171348644;100.0;40.0;0.1;100.0;40.0;0.1;100.0;40.0;0.1;100.0;40.0;0.1;100.0;40.0;0.1;100.0;40.0;0.5;100.0;40.0;2.7332949814903613
439;60.0;30.0;100.0;40.0;0.1;100.0;40.0;0.3;100.0;40.0;0.2;100.0;40.0;1.5913137255067482;100.0;40.0;0.6826274510134964;100.0;40.0;1.556568627533741;100.0;40.0;0.1;100.0;40.0;0.1;100.0;40.0;0.2;100.0;40.0;0.1;100.0;100.0;100.0;100.0;40.0;1.826274510134964;100.0;40.0;0.2739411765202446;100.0;40.0;0.1;100.0;40.0;0.1;100.0;40.0;0.1;100.0;40.0;0.1;100.0;40.0;0.1;100.0;40.0;0.5;100.0;40.0;2.589463543830703
440;60.0;30.0;100.0;40.0;0.1;100.0;40.0;0.3;100.0;40.0;0.2;100.0;40.0;1.5871078598022696;100.0;40.0;0.6742157196045395;100.0;40.0;1.535539299011349;100.0;40.0;0.1;100.0;40.0;0.1;100.0;40.0;0.2;100.0;40.0;0.1;100.0;100.0;100.0;100.0;40.0;1.7421571960453957;100.0;40.0;0.26132357940680934;100.0;40.0;0.1;100.0;40.0;0.1;100.0;40.0;0.1;100.0;40.0;0.1;100.0;40.0;0.1;100.0;40.0;0.5;100.0;40.0;2.3758444097251648
441;60.0;30.0;100.0;40.0;0.1;100.0;40.0;0.3;100.0;40.0;0.2;100.0;40.0;1.5939062807507784;100.0;40.0;0.6878125615015571;100.0;40.0;1.5695314037538928;100.0;40.0;0.1;100.0;40.0;0.1;100.0;40.0;0.2;100.0;40.0;0.1;100.0;100.0;100.0;100.0;40.0;1.8781256150155712;100.0;40.0;0.2817188422523357;100.0;40.0;0.1;100.0;40.0;0.1;100.0;40.0;0.1;100.0;40.0;0.1;100.0;40.0;0.1;100.0;40.0;0.5;100.0;40.0;2.7330873787458767
442;60.0;30.0;100.0;40.0;0.1;100.0;40.0;0.3;100.0;40.0;0.2;100.0;40.0;1.5913009968427367;100.0;40.0;0.6826019936854735;100.0;40.0;1.5565049842136836;100.0;40.0;0.1;100.0;40.0;0.1;100.0;40.0;0.2;100.0;40.0;0.1;100.0;100.0;100.0;100.0;40.0;1.826019936854734;100.0;40.0;0.2739029905282101;100.0;40.0;0.1;100.0;40.0;0.1;100.0;40.0;0.1;100.0;40.0;0.1;100.0;40.0;0.1;100.0;40.0;0.5;100.0;40.0;2.5887823338927918
443;60.0;30.0;100.0;40.0;0.1;100.0;40.0;0.3;100.0;40.0;0.2;100.0;40.0;1.587127192715848;100.0;40.0;0.6742543854316958;100.0;40.0;1.5356359635792394;100.0;40.0;0.1;100.0;40.0;0.1;100.0;40.0;0.2;100.0;40.0;0.1;100.0;100.0;100.0;100.0;40.0;1.7425438543169578;100.0;40.0;0.26138157814754365;100.0;40.0;0.1;100.0;40.0;0.1;100.0;40.0;0.1;100.0;40.0;0.1;100.0;40.0;0.1;100.0;40.0;0.5;100.0;40.0;2.3767769185318555
444;60.0;30.0;100.0;40.0;0.1;100.0;40.0;0.3;100.0;40.0;0.2;100.0;40.0;1.593902655718227;100.0;40.0;0.6878053114364542;100.0;40.0;1.5695132785911354;100.0;40.0;0.1;100.0;40.0;0.1;100.0;40.0;0.2;100.0;40.0;0.1;100.0;100.0;100.0;100.0;40.0;1.878053114364542;100.0;40.0;0.28170796715468127;100.0;40.0;0.1;100.0;40.0;0.1;100.0;40.0;0.1;100.0;40.0;0.1;100.0;40.0;0.1;100.0;40.0;0.5;100.0;40.0;2.732879497656954
445;60.0;30.0;100.0;40.0;0.1;100.0;40.0;0.3;100.0;40.0;0.2;100.0;40.0;1.5912884239808853;100.0;40.0;0.6825768479617708;100.0;40.0;1.556442119904427;100.0;40.0;0.1;100.0;40.0;0.1;100.0;40.0;0.2;100.0;40.0;0.1;100.0;100.0;100.0;100.0;40.0;1.8257684796177074;100.0;40.0;0.2738652719426561;100.0;40.0;0.1;100.0;40.0;0.1;100.0;40.0;0.1;100.0;40.0;0.1;100.0;40.0;0.1;100.0;40.0;0.5;100.0;40.0;2.5881096824720196
446;60.0;30.0;100.0;40.0;0.1;100.0;40.0;0.3;100.0;40.0;0.2;100.0;40.0;1.5871463355904112;100.0;40.0;0.6742926711808226;100.0;40.0;1.5357316779520565;100.0;40.0;0.1;100.0;40.0;0.1;100.0;40.0;0.2;100.0;40.0;0.1;100.0;100.0;100.0;100.0;40.0;1.7429267118082261;100.0;40.0;0.2614390067712339;100.0;40.0;0.1;100.0;40.0;0.1;100.0;40.0;0.1;100.0;40.0;0.1;100.0;40.0;0.1;100.0;40.0;0.5;100.0;40.0;2.377700683233658
447;60.0;30.0;100.0;40.0;0.1;100.0;40.0;0.3;100.0;40.0;0.2;100.0;40.0;1.5938990259667511;100.0;40.0;0.6877980519335025;100.0;40.0;1.569495129833756;100.0;40.0;0.1;100.0;40.0;0.1;100.0;40.0;0.2;100.0;40.0;0.1;100.0;100.0;100.0;100.0;40.0;1.8779805193350245;100.0;40.0;0.28169707790025367;100.0;40.0;0.1;100.0;40.0;0.1;100.0;40.0;0.1;100.0;40.0;0.1;100.0;40.0;0.1;100.0;40.0;0.5;100.0;40.0;2.732671366590151
448;60.0;30.0;100.0;40.0;0.1;100.0;40.0;0.3;100.0;40.0;0.2;100.0;40.0;1.5912760042498633;100.0;40.0;0.6825520084997266;100.0;40.0;1.5563800212493166;100.0;40.0;0.1;100.0;40.0;0.1;100.0;40.0;0.2;100.0;40.0;0.1;100.0;100.0;100.0;100.0;40.0;1.8255200849972666;100.0;40.0;0.27382801274958996;100.0;40.0;0.1;100.0;40.0;0.1;100.0;40.0;0.1;100.0;40.0;0.1;100.0;40.0;0.1;100.0;40.0;0.5;100.0;40.0;2.5874454384543712
449;60.0;30.0;100.0;40.0;0.1;100.0;40.0;0.3;100.0;40.0;0.2;100.0;40.0;1.5871652913935033;100.0;40.0;0.6743305827870069;100.0;40.0;1.535826456967517;100.0;40.0;0.1;100.0;40.0;0.1;100.0;40.0;0.2;100.0;40.0;0.1;100.0;100.0;100.0;100.0;40.0;1.7433058278700686;100.0;40.0;0.2614958741805103;100.0;40.0;0.1;100.0;40.0;0.1;100.0;40.0;0.1;100.0;40.0;0.1;100.0;40.0;0.1;100.0;40.0;0.5;100.0;40.0;2.3786158349653506
450;60.0;30.0;100.0;40.0;0.1;100.0;40.0;0.3;100.0;40.0;0.2;100.0;40.0;1.5938953919717653;100.0;40.0;0.6877907839435308;100.0;40.0;1.569476959858827;100.0;40.0;0.1;100.0;40.0;0.1;100.0;40.0;0.2;100.0;40.0;0.1;100.0;100.0;100.0;100.0;40.0;1.877907839435308;100.0;40.0;0.28168617591529616;100.0;40.0;0.1;100.0;40.0;0.1;100.0;40.0;0.1;100.0;40.0;0.1;100.0;40.0;0.1;100.0;40.0;0.5;100.0;40.0;2.7324630128787204
451;60.0;30.0;100.0;40.0;0.1;100.0;40.0;0.3;100.0;40.0;0.2;100.0;40.0;1.5912637350387409;100.0;40.0;0.6825274700774817;100.0;40.0;1.5563186751937041;100.0;40.0;0.1;100.0;40.0;0.1;100.0;40.0;0.2;100.0;40.0;0.1;100.0;100.0;100.0;100.0;40.0;1.8252747007748167;100.0;40.0;0.2737912051162225;100.0;40.0;0.1;100.0;40.0;0.1;100.0;40.0;0.1;100.0;40.0;0.1;100.0;40.0;0.1;100.0;40.0;0.5;100.0;40.0;2.5867894542463192
452;60.0;30.0;100.0;40.0;0.1;100.0;40.0;0.3;100.0;40.0;0.2;100.0;40.0;1.5871840630289689;100.0;40.0;0.674368126057938;100.0;40.0;1.535920315144845;100.0;40.0;0.1;100.0;40.0;0.1;100.0;40.0;0.2;100.0;40.0;0.1;100.0;100.0;100.0;100.0;40.0;1.7436812605793806;100.0;40.0;0.2615521890869071;100.0;40.0;0.1;100.0;40.0;0.1;100.0;40.0;0.1;100.0;40.0;0.1;100.0;40.0;0.1;100.0;40.0;0.5;100.0;40.0;2.3795225021441633
453;60.0;30.0;100.0;40.0;0.1;100.0;40.0;0.3;100.0;40.0;0.2;100.0;40.0;1.5938917541915254;100.0;40.0;0.6877835083830511;100.0;40.0;1.5694587709576278;100.0;40.0;0.1;100.0;40.0;0.1;100.0;40.0;0.2;100.0;40.0;0.1;100.0;100.0;100.0;100.0;40.0;1.877835083830511;100.0;40.0;0.28167526257457665;100.0;40.0;0.1;100.0;40.0;0.1;100.0;40.0;0.1;100.0;40.0;0.1;100.0;40.0;0.1;100.0;40.0;0.5;100.0;40.0;2.7322544628615235
454;60.0;30.0;100.0;40.0;0.1;100.0;40.0;0.3;100.0;40.0;0.2;100.0;40.0;1.5912516137952872;100.0;40.0;0.6825032275905748;100.0;40.0;1.556258068976437;100.0;40.0;0.1;100.0;40.0;0.1;100.0;40.0;0.2;100.0;40.0;0.1;100.0;100.0;100.0;100.0;40.0;1.8250322759057478;100.0;40.0;0.27375484138586215;100.0;40.0;0.1;100.0;40.0;0.1;100.0;40.0;0.1;100.0;40.0;0.1;100.0;40.0;0.1;100.0;40.0;0.5;100.0;40.0;2.586141585672651
455;60.0;30.0;100.0;40.0;0.1;100.0;40.0;0.3;100.0;40.0;0.2;100.0;40.0;1.587202653338691;100.0;40.0;0.6744053066773822;100.0;40.0;1.5360132666934554;100.0;40.0;0.1;100.0;40.0;0.1;100.0;40.0;0.2;100.0;40.0;0.1;100.0;100.0;100.0;100.0;40.0;1.7440530667738214;100.0;40.0;0.2616079600160732;100.0;40.0;0.1;100.0;40.0;0.1;100.0;40.0;0.1;100.0;40.0;0.1;100.0;40.0;0.1;100.0;40.0;0.5;100.0;40.0;2.38042081054159
456;60.0;30.0;100.0;40.0;0.1;100.0;40.0;0.3;100.0;40.0;0.2;100.0;40.0;1.5938881130677713;100.0;40.0;0.6877762261355429;100.0;40.0;1.5694405653388572;100.0;40.0;0.1;100.0;40.0;0.1;100.0;40.0;0.2;100.0;40.0;0.1;100.0;100.0;100.0;100.0;40.0;1.8777622613554292;100.0;40.0;0.28166433920331435;100.0;40.0;0.1;100.0;40.0;0.1;100.0;40.0;0.1;100.0;40.0;0.1;100.0;40.0;0.1;100.0;40.0;0.5;100.0;40.0;2.7320457419203135
457;60.0;30.0;100.0;40.0;0.1;100.0;40.0;0.3;100.0;40.0;0.2;100.0;40.0;1.5912396380243272;100.0;40.0;0.6824792760486543;100.0;40.0;1.556198190121636;100.0;40.0;0.1;100.0;40.0;0.1;100.0;40.0;0.2;100.0;40.0;0.1;100.0;100.0;100.0;100.0;40.0;1.8247927604865435;100.0;40.0;0.2737189140729815;100.0;40.0;0.1;100.0;40.0;0.1;100.0;40.0;0.1;100.0;40.0;0.1;100.0;40.0;0.1;100.0;40.0;0.5;100.0;40.0;2.5855016918778317
458;60.0;30.0;100.0;40.0;0.1;100.0;40.0;0.3;100.0;40.0;0.2;100.0;40.0;1.5872210651042709;100.0;40.0;0.6744421302085416;100.0;40.0;1.5361053255213541;100.0;40.0;0.1;100.0;40.0;0.1;100.0;40.0;0.2;100.0;40.0;0.1;100.0;100.0;100.0;100.0;40.0;1.7444213020854162;100.0;40.0;0.2616631953128124;100.0;40.0;0.1;100.0;40.0;0.1;100.0;40.0;0.1;100.0;40.0;0.1;100.0;40.0;0.1;100.0;40.0;0.5;100.0;40.0;2.3813108833529246
459;60.0;30.0;100.0;40.0;0.1;100.0;40.0;0.3;100.0;40.0;0.2;100.0;40.0;1.5938844690263418;100.0;40.0;0.6877689380526839;100.0;40.0;1.5694223451317098;100.0;40.0;0.1;100.0;40.0;0.1;100.0;40.0;0.2;100.0;40.0;0.1;100.0;100.0;100.0;100.0;40.0;1.8776893805268389;100.0;40.0;0.2816534070790258;100.0;40.0;0.1;100.0;40.0;0.1;100.0;40.0;0.1;100.0;40.0;0.1;100.0;40.0;0.1;100.0;40.0;0.5;100.0;40.0;2.731836874515446
460;60.0;30.0;100.0;40.0;0.1;100.0;40.0;0.3;100.0;40.0;0.2;100.0;40.0;1.5912278052861495;100.0;40.0;0.6824556105722992;100.0;40.0;1.5561390264307482;100.0;40.0;0.1;100.0;40.0;0.1;100.0;40.0;0.2;100.0;40.0;0.1;100.0;100.0;100.0;100.0;40.0;1.8245561057229924;100.0;40.0;0.27368341585844885;100.0;40.0;0.1;100.0;40.0;0.1;100.0;40.0;0.1;100.0;40.0;0.1;100.0;40.0;0.1;100.0;40.0;0.5;100.0;40.0;2.58486963523078
461;60.0;30.0;100.0;40.0;0.1;100.0;40.0;0.3;100.0;40.0;0.2;100.0;40.0;1.587239301048652;100.0;40.0;0.6744786020973045;100.0;40.0;1.5361965052432611;100.0;40.0;0.1;100.0;40.0;0.1;100.0;40.0;0.2;100.0;40.0;0.1;100.0;100.0;100.0;100.0;40.0;1.7447860209730446;100.0;40.0;0.26171790314595667;100.0;40.0;0.1;100.0;40.0;0.1;100.0;40.0;0.1;100.0;40.0;0.1;100.0;40.0;0.1;100.0;40.0;0.5;100.0;40.0;2.3821928412645557
462;60.0;30.0;100.0;40.0;0.1;100.0;40.0;0.3;100.0;40.0;0.2;100.0;40.0;1.5938808224777647;100.0;40.0;0.6877616449555297;100.0;40.0;1.5694041123888245;100.0;40.0;0.1;100.0;40.0;0.1;100.0;40.0;0.2;100.0;40.0;0.1;100.0;100.0;100.0;100.0;40.0;1.8776164495552976;100.0;40.0;0.28164246743329463;100.0;40.0;0.1;100.0;40.0;0.1;100.0;40.0;0.1;100.0;40.0;0.1;100.0;40.0;0.1;100.0;40.0;0.5;100.0;40.0;2.731627884220132
463;60.0;30.0;100.0;40.0;0.1;100.0;40.0;0.3;100.0;40.0;0.2;100.0;40.0;1.5912161131949727;100.0;40.0;0.6824322263899456;100.0;40.0;1.5560805659748642;100.0;40.0;0.1;100.0;40.0;0.1;100.0;40.0;0.2;100.0;40.0;0.1;100.0;100.0;100.0;100.0;40.0;1.8243222638994565;100.0;40.0;0.27364833958491847;100.0;40.0;0.1;100.0;40.0;0.1;100.0;40.0;0.1;100.0;40.0;0.1;100.0;40.0;0.1;100.0;40.0;0.5;100.0;40.0;2.5842452812328984
464;60.0;30.0;100.0;40.0;0.1;100.0;40.0;0.3;100.0;40.0;0.2;100.0;40.0;1.587257363837694;100.0;40.0;0.6745147276753879;100.0;40.0;1.5362868191884698;100.0;40.0;0.1;100.0;40.0;0.1;100.0;40.0;0.2;100.0;40.0;0.1;100.0;100.0;100.0;100.0;40.0;1.7451472767538792;100.0;40.0;0.26177209151308184;100.0;40.0;0.1;100.0;40.0;0.1;100.0;40.0;0.1;100.0;40.0;0.1;100.0;40.0;0.1;100.0;40.0;0.5;100.0;40.0;2.3830668025191466
465;60.0;30.0;100.0;40.0;0.1;100.0;40.0;0.3;100.0;40.0;0.2;100.0;40.0;1.5938771738178221;100.0;40.0;0.6877543476356444;100.0;40.0;1.569385869089111;100.0;40.0;0.1;100.0;40.0;0.1;100.0;40.0;0.2;100.0;40.0;0.1;100.0;100.0;100.0;100.0;40.0;1.8775434763564438;100.0;40.0;0.28163152145346654;100.0;40.0;0.1;100.0;40.0;0.1;100.0;40.0;0.1;100.0;40.0;0.1;100.0;40.0;0.1;100.0;40.0;0.5;100.0;40.0;2.7314187937532313
466;60.0;30.0;100.0;40.0;0.1;100.0;40.0;0.3;100.0;40.0;0.2;100.0;40.0;1.5912045594174582;100.0;40.0;0.6824091188349166;100.0;40.0;1.5560227970872917;100.0;40.0;0.1;100.0;40.0;0.1;100.0;40.0;0.2;100.0;40.0;0.1;100.0;100.0;100.0;100.0;40.0;1.8240911883491666;100.0;40.0;0.273613678252375;100.0;40.0;0.1;100.0;40.0;0.1;100.0;40.0;0.1;100.0;40.0;0.1;100.0;40.0;0.1;100.0;40.0;0.5;100.0;40.0;2.583628498429265
467;60.0;30.0;100.0;40.0;0.1;100.0;40.0;0.3;100.0;40.0;0.2;100.0;40.0;1.5872752560816896;100.0;40.0;0.6745505121633796;100.0;40.0;1.5363762804084489;100.0;40.0;0.1;100.0;40.0;0.1;100.0;40.0;0.2;100.0;40.0;0.1;100.0;100.0;100.0;100.0;40.0;1.7455051216337953;100.0;40.0;0.2618257682450693;100.0;40.0;0.1;100.0;40.0;0.1;100.0;40.0;0.1;100.0;40.0;0.1;100.0;40.0;0.1;100.0;40.0;0.5;100.0;40.0;2.3839328829787414
468;60.0;30.0;100.0;40.0;0.1;100.0;40.0;0.3;100.0;40.0;0.2;100.0;40.0;1.5938735234280919;100.0;40.0;0.687747046856184;100.0;40.0;1.56936761714046;100.0;40.0;0.1;100.0;40.0;0.1;100.0;40.0;0.2;100.0;40.0;0.1;100.0;100.0;100.0;100.0;40.0;1.8774704685618404;100.0;40.0;0.28162057028427606;100.0;40.0;0.1;100.0;40.0;0.1;100.0;40.0;0.1;100.0;40.0;0.1;100.0;40.0;0.1;100.0;40.0;0.5;100.0;40.0;2.7312096250107345
469;60.0;30.0;100.0;40.0;0.1;100.0;40.0;0.3;100.0;40.0;0.2;100.0;40.0;1.5911931416712743;100.0;40.0;0.6823862833425488;100.0;40.0;1.555965708356372;100.0;40.0;0.1;100.0;40.0;0.1;100.0;40.0;0.2;100.0;40.0;0.1;100.0;100.0;100.0;100.0;40.0;1.823862833425488;100.0;40.0;0.2735794250138232;100.0;40.0;0.1;100.0;40.0;0.1;100.0;40.0;0.1;100.0;40.0;0.1;100.0;40.0;0.1;100.0;40.0;0.5;100.0;40.0;2.5830191583228155
470;60.0;30.0;100.0;40.0;0.1;100.0;40.0;0.3;100.0;40.0;0.2;100.0;40.0;1.5872929803368405;100.0;40.0;0.674585960673681;100.0;40.0;1.5364649016842025;100.0;40.0;0.1;100.0;40.0;0.1;100.0;40.0;0.2;100.0;40.0;0.1;100.0;100.0;100.0;100.0;40.0;1.7458596067368102;100.0;40.0;0.2618789410105215;100.0;40.0;0.1;100.0;40.0;0.1;100.0;40.0;0.1;100.0;40.0;0.1;100.0;40.0;0.1;100.0;40.0;0.5;100.0;40.0;2.3847911961859136
471;60.0;30.0;100.0;40.0;0.1;100.0;40.0;0.3;100.0;40.0;0.2;100.0;40.0;1.5938698716764683;100.0;40.0;0.6877397433529369;100.0;40.0;1.5693493583823421;100.0;40.0;0.1;100.0;40.0;0.1;100.0;40.0;0.2;100.0;40.0;0.1;100.0;100.0;100.0;100.0;40.0;1.8773974335293688;100.0;40.0;0.2816096150294053;100.0;40.0;0.1;100.0;40.0;0.1;100.0;40.0;0.1;100.0;40.0;0.1;100.0;40.0;0.1;100.0;40.0;0.5;100.0;40.0;2.731000399095931
472;60.0;30.0;100.0;40.0;0.1;100.0;40.0;0.3;100.0;40.0;0.2;100.0;40.0;1.5911818577237067;100.0;40.0;0.6823637154474137;100.0;40.0;1.5559092886185342;100.0;40.0;0.1;100.0;40.0;0.1;100.0;40.0;0.2;100.0;40.0;0.1;100.0;100.0;100.0;100.0;40.0;1.8236371544741365;100.0;40.0;0.2735455731711205;100.0;40.0;0.1;100.0;40.0;0.1;100.0;40.0;0.1;100.0;40.0;0.1;100.0;40.0;0.1;100.0;40.0;0.5;100.0;40.0;2.5824171352914376
473;60.0;30.0;100.0;40.0;0.1;100.0;40.0;0.3;100.0;40.0;0.2;100.0;40.0;1.5873105391066784;100.0;40.0;0.674621078213357;100.0;40.0;1.5365526955333926;100.0;40.0;0.1;100.0;40.0;0.1;100.0;40.0;0.2;100.0;40.0;0.1;100.0;100.0;100.0;100.0;40.0;1.7462107821335704;100.0;40.0;0.26193161732003556;100.0;40.0;0.1;100.0;40.0;0.1;100.0;40.0;0.1;100.0;40.0;0.1;100.0;40.0;0.1;100.0;40.0;0.5;100.0;40.0;2.3856418534229933
474;60.0;30.0;100.0;40.0;0.1;100.0;40.0;0.3;100.0;40.0;0.2;100.0;40.0;1.59386621891766;100.0;40.0;0.6877324378353199;100.0;40.0;1.5693310945883;100.0;40.0;0.1;100.0;40.0;0.1;100.0;40.0;0.2;100.0;40.0;0.1;100.0;100.0;100.0;100.0;40.0;1.8773243783531992;100.0;40.0;0.28159865675297985;100.0;40.0;0.1;100.0;40.0;0.1;100.0;40.0;0.1;100.0;40.0;0.1;100.0;40.0;0.1;100.0;40.0;0.5;100.0;40.0;2.730791136348355
475;60.0;30.0;100.0;40.0;0.1;100.0;40.0;0.3;100.0;40.0;0.2;100.0;40.0;1.5911707053903148;100.0;40.0;0.6823414107806298;100.0;40.0;1.5558535269515745;100.0;40.0;0.1;100.0;40.0;0.1;100.0;40.0;0.2;100.0;40.0;0.1;100.0;100.0;100.0;100.0;40.0;1.8234141078062978;100.0;40.0;0.2735121161709447;100.0;40.0;0.1;100.0;40.0;0.1;100.0;40.0;0.1;100.0;40.0;0.1;100.0;40.0;0.1;100.0;40.0;0.5;100.0;40.0;2.581822306507844
476;60.0;30.0;100.0;40.0;0.1;100.0;40.0;0.3;100.0;40.0;0.2;100.0;40.0;1.5873279348434466;100.0;40.0;0.6746558696868934;100.0;40.0;1.5366396742172337;100.0;40.0;0.1;100.0;40.0;0.1;100.0;40.0;0.2;100.0;40.0;0.1;100.0;100.0;100.0;100.0;40.0;1.7465586968689344;100.0;40.0;0.26198380453034015;100.0;40.0;0.1;100.0;40.0;0.1;100.0;40.0;0.1;100.0;40.0;0.1;100.0;40.0;0.1;100.0;40.0;0.5;100.0;40.0;2.386484963769463
477;60.0;30.0;100.0;40.0;0.1;100.0;40.0;0.3;100.0;40.0;0.2;100.0;40.0;1.5938625654936678;100.0;40.0;0.6877251309873358;100.0;40.0;1.5693128274683397;100.0;40.0;0.1;100.0;40.0;0.1;100.0;40.0;0.2;100.0;40.0;0.1;100.0;100.0;100.0;100.0;40.0;1.8772513098733583;100.0;40.0;0.28158769648100374;100.0;40.0;0.1;100.0;40.0;0.1;100.0;40.0;0.1;100.0;40.0;0.1;100.0;40.0;0.1;100.0;40.0;0.5;100.0;40.0;2.7305818563715603
478;60.0;30.0;100.0;40.0;0.1;100.0;40.0;0.3;100.0;40.0;0.2;100.0;40.0;1.5911596825336307;100.0;40.0;0.6823193650672614;100.0;40.0;1.5557984126681537;100.0;40.0;0.1;100.0;40.0;0.1;100.0;40.0;0.2;100.0;40.0;0.1;100.0;100.0;100.0;100.0;40.0;1.8231936506726143;100.0;40.0;0.27347904760089214;100.0;40.0;0.1;100.0;40.0;0.1;100.0;40.0;0.1;100.0;40.0;0.1;100.0;40.0;0.1;100.0;40.0;0.5;100.0;40.0;2.581234551862104
479;60.0;30.0;100.0;40.0;0.1;100.0;40.0;0.3;100.0;40.0;0.2;100.0;40.0;1.587345169949434;100.0;40.0;0.6746903398988681;100.0;40.0;1.5367258497471703;100.0;40.0;0.1;100.0;40.0;0.1;100.0;40.0;0.2;100.0;40.0;0.1;100.0;100.0;100.0;100.0;40.0;1.7469033989886809;100.0;40.0;0.2620355098483021;100.0;40.0;0.1;100.0;40.0;0.1;100.0;40.0;0.1;100.0;40.0;0.1;100.0;40.0;0.1;100.0;40.0;0.5;100.0;40.0;2.387320634157586
480;60.0;30.0;100.0;40.0;0.1;100.0;40.0;0.3;100.0;40.0;0.2;100.0;40.0;1.5938589117342454;100.0;40.0;0.6877178234684911;100.0;40.0;1.5692945586712277;100.0;40.0;0.1;100.0;40.0;0.1;100.0;40.0;0.2;100.0;40.0;0.1;100.0;100.0;100.0;100.0;40.0;1.8771782346849106;100.0;40.0;0.28157673520273657;100.0;40.0;0.1;100.0;40.0;0.1;100.0;40.0;0.1;100.0;40.0;0.1;100.0;40.0;0.1;100.0;40.0;0.5;100.0;40.0;2.7303725780597765
481;60.0;30.0;100.0;40.0;0.1;100.0;40.0;0.3;100.0;40.0;0.2;100.0;40.0;1.591148787061901;100.0;40.0;0.682297574123802;100.0;40.0;1.5557439353095048;100.0;40.0;0.1;100.0;40.0;0.1;100.0;40.0;0.2;100.0;40.0;0.1;100.0;100.0;100.0;100.0;40.0;1.8229757412380194;100.0;40.0;0.2734463611857029;100.0;40.0;0.1;100.0;40.0;0.1;100.0;40.0;0.1;100.0;40.0;0.1;100.0;40.0;0.1;100.0;40.0;0.5;100.0;40.0;2.5806537538867667
482;60.0;30.0;100.0;40.0;0.1;100.0;40.0;0.3;100.0;40.0;0.2;100.0;40.0;1.5873622467782686;100.0;40.0;0.6747244935565374;100.0;40.0;1.5368112338913436;100.0;40.0;0.1;100.0;40.0;0.1;100.0;40.0;0.2;100.0;40.0;0.1;100.0;100.0;100.0;100.0;40.0;1.747244935565374;100.0;40.0;0.2620867403348061;100.0;40.0;0.1;100.0;40.0;0.1;100.0;40.0;0.1;100.0;40.0;0.1;100.0;40.0;0.1;100.0;40.0;0.5;100.0;40.0;2.388148969426324
483;60.0;30.0;100.0;40.0;0.1;100.0;40.0;0.3;100.0;40.0;0.2;100.0;40.0;1.5938552579573384;100.0;40.0;0.6877105159146768;100.0;40.0;1.569276289786692;100.0;40.0;0.1;100.0;40.0;0.1;100.0;40.0;0.2;100.0;40.0;0.1;100.0;100.0;100.0;100.0;40.0;1.8771051591467682;100.0;40.0;0.2815657738720152;100.0;40.0;0.1;100.0;40.0;0.1;100.0;40.0;0.1;100.0;40.0;0.1;100.0;40.0;0.1;100.0;40.0;0.5;100.0;40.0;2.7301633196234834
484;60.0;30.0;100.0;40.0;0.1;100.0;40.0;0.3;100.0;40.0;0.2;100.0;40.0;1.5911380169278686;100.0;40.0;0.6822760338557373;100.0;40.0;1.5556900846393433;100.0;40.0;0.1;100.0;40.0;0.1;100.0;40.0;0.2;100.0;40.0;0.1;100.0;100.0;100.0;100.0;40.0;1.822760338557373;100.0;40.0;0.2734140507836059;100.0;40.0;0.1;100.0;40.0;0.1;100.0;40.0;0.1;100.0;40.0;0.1;100.0;40.0;0.1;100.0;40.0;0.5;100.0;40.0;2.580079797684439
485;60.0;30.0;100.0;40.0;0.1;100.0;40.0;0.3;100.0;40.0;0.2;100.0;40.0;1.5873791676361708;100.0;40.0;0.6747583352723419;100.0;40.0;1.5368958381808548;100.0;40.0;0.1;100.0;40.0;0.1;100.0;40.0;0.2;100.0;40.0;0.1;100.0;100.0;100.0;100.0;40.0;1.747583352723419;100.0;40.0;0.26213750290851284;100.0;40.0;0.1;100.0;40.0;0.1;100.0;40.0;0.1;100.0;40.0;0.1;100.0;40.0;0.1;100.0;40.0;0.5;100.0;40.0;2.388970072373617
486;60.0;30.0;100.0;40.0;0.1;100.0;40.0;0.3;100.0;40.0;0.2;100.0;40.0;1.5938516044695077;100.0;40.0;0.6877032089390156;100.0;40.0;1.5692580223475388;100.0;40.0;0.1;100.0;40.0;0.1;100.0;40.0;0.2;100.0;40.0;0.1;100.0;100.0;100.0;100.0;40.0;1.8770320893901553;100.0;40.0;0.2815548134085233;100.0;40.0;0.1;100.0;40.0;0.1;100.0;40.0;0.1;100.0;40.0;0.1;100.0;40.0;0.1;100.0;40.0;0.5;100.0;40.0;2.729954098613989
487;60.0;30.0;100.0;40.0;0.1;100.0;40.0;0.3;100.0;40.0;0.2;100.0;40.0;1.5911273701275936;100.0;40.0;0.6822547402551875;100.0;40.0;1.5556368506379685;100.0;40.0;0.1;100.0;40.0;0.1;100.0;40.0;0.2;100.0;40.0;0.1;100.0;100.0;100.0;100.0;40.0;1.8225474025518744;100.0;40.0;0.27338211038278115;100.0;40.0;0.1;100.0;40.0;0.1;100.0;40.0;0.1;100.0;40.0;0.1;100.0;40.0;0.1;100.0;40.0;0.5;100.0;40.0;2.57951257085774
488;60.0;30.0;100.0;40.0;0.1;100.0;40.0;0.3;100.0;40.0;0.2;100.0;40.0;1.5873959347831668;100.0;40.0;0.6747918695663337;100.0;40.0;1.5369796739158343;100.0;40.0;0.1;100.0;40.0;0.1;100.0;40.0;0.2;100.0;40.0;0.1;100.0;100.0;100.0;100.0;40.0;1.7479186956633377;100.0;40.0;0.2621878043495006;100.0;40.0;0.1;100.0;40.0;0.1;100.0;40.0;0.1;100.0;40.0;0.1;100.0;40.0;0.1;100.0;40.0;0.5;100.0;40.0;2.3897840438070777
489;60.0;30.0;100.0;40.0;0.1;100.0;40.0;0.3;100.0;40.0;0.2;100.0;40.0;1.5938479515663362;100.0;40.0;0.6876959031326726;100.0;40.0;1.5692397578316815;100.0;40.0;0.1;100.0;40.0;0.1;100.0;40.0;0.2;100.0;40.0;0.1;100.0;100.0;100.0;100.0;40.0;1.876959031326726;100.0;40.0;0.2815438546990089;100.0;40.0;0.1;100.0;40.0;0.1;100.0;40.0;0.1;100.0;40.0;0.1;100.0;40.0;0.1;100.0;40.0;0.5;100.0;40.0;2.729744931946996
490;60.0;30.0;100.0;40.0;0.1;100.0;40.0;0.3;100.0;40.0;0.2;100.0;40.0;1.5911168446993114;100.0;40.0;0.6822336893986229;100.0;40.0;1.5555842234965573;100.0;40.0;0.1;100.0;40.0;0.1;100.0;40.0;0.2;100.0;40.0;0.1;100.0;100.0;100.0;100.0;40.0;1.8223368939862297;100.0;40.0;0.2733505340979344;100.0;40.0;0.1;100.0;40.0;0.1;100.0;40.0;0.1;100.0;40.0;0.1;100.0;40.0;0.1;100.0;40.0;0.5;100.0;40.0;2.5789519634415514
491;60.0;30.0;100.0;40.0;0.1;100.0;40.0;0.3;100.0;40.0;0.2;100.0;40.0;1.5874125504342644;100.0;40.0;0.6748251008685289;100.0;40.0;1.5370627521713223;100.0;40.0;0.1;100.0;40.0;0.1;100.0;40.0;0.2;100.0;40.0;0.1;100.0;100.0;100.0;100.0;40.0;1.7482510086852892;100.0;40.0;0.26223765130279336;100.0;40.0;0.1;100.0;40.0;0.1;100.0;40.0;0.1;100.0;40.0;0.1;100.0;40.0;0.1;100.0;40.0;0.5;100.0;40.0;2.3905909825931526
492;60.0;30.0;100.0;40.0;0.1;100.0;40.0;0.3;100.0;40.0;0.2;100.0;40.0;1.5938442995328186;100.0;40.0;0.6876885990656374;100.0;40.0;1.5692214976640937;100.0;40.0;0.1;100.0;40.0;0.1;100.0;40.0;0.2;100.0;40.0;0.1;100.0;100.0;100.0;100.0;40.0;1.8768859906563744;100.0;40.0;0.28153289859845615;100.0;40.0;0.1;100.0;40.0;0.1;100.0;40.0;0.1;100.0;40.0;0.1;100.0;40.0;0.1;100.0;40.0;0.5;100.0;40.0;2.729535835925281
493;60.0;30.0;100.0;40.0;0.1;100.0;40.0;0.3;100.0;40.0;0.2;100.0;40.0;1.5911064387223266;100.0;40.0;0.6822128774446532;100.0;40.0;1.5555321936116329;100.0;40.0;0.1;100.0;40.0;0.1;100.0;40.0;0.2;100.0;40.0;0.1;100.0;100.0;100.0;100.0;40.0;1.8221287744465315;100.0;40.0;0.27331931616697974;100.0;40.0;0.1;100.0;40.0;0.1;100.0;40.0;0.1;100.0;40.0;0.1;100.0;40.0;0.1;100.0;40.0;0.5;100.0;40.0;2.57839786783745
494;60.0;30.0;100.0;40.0;0.1;100.0;40.0;0.3;100.0;40.0;0.2;100.0;40.0;1.5874290167605931;100.0;40.0;0.6748580335211866;100.0;40.0;1.5371450838029663;100.0;40.0;0.1;100.0;40.0;0.1;100.0;40.0;0.2;100.0;40.0;0.1;100.0;100.0;100.0;100.0;40.0;1.7485803352118652;100.0;40.0;0.2622870502817798;100.0;40.0;0.1;100.0;40.0;0.1;100.0;40.0;0.1;100.0;40.0;0.1;100.0;40.0;0.1;100.0;40.0;0.5;100.0;40.0;2.391390985704808
495;60.0;30.0;100.0;40.0;0.1;100.0;40.0;0.3;100.0;40.0;0.2;100.0;40.0;1.5938406486437362;100.0;40.0;0.6876812972874726;100.0;40.0;1.5692032432186815;100.0;40.0;0.1;100.0;40.0;0.1;100.0;40.0;0.2;100.0;40.0;0.1;100.0;100.0;100.0;100.0;40.0;1.8768129728747258;100.0;40.0;0.2815219459312089;100.0;40.0;0.1;100.0;40.0;0.1;100.0;40.0;0.1;100.0;40.0;0.1;100.0;40.0;0.1;100.0;40.0;0.5;100.0;40.0;2.7293268262604395
496;60.0;30.0;100.0;40.0;0.1;100.0;40.0;0.3;100.0;40.0;0.2;100.0;40.0;1.591096150315942;100.0;40.0;0.6821923006318841;100.0;40.0;1.5554807515797102;100.0;40.0;0.1;100.0;40.0;0.1;100.0;40.0;0.2;100.0;40.0;0.1;100.0;100.0;100.0;100.0;40.0;1.8219230063188405;100.0;40.0;0.27328845094782606;100.0;40.0;0.1;100.0;40.0;0.1;100.0;40.0;0.1;100.0;40.0;0.1;100.0;40.0;0.1;100.0;40.0;0.5;100.0;40.0;2.5778501787502712
497;60.0;30.0;100.0;40.0;0.1;100.0;40.0;0.3;100.0;40.0;0.2;100.0;40.0;1.5874453358905094;100.0;40.0;0.674890671781019;100.0;40.0;1.5372266794525478;100.0;40.0;0.1;100.0;40.0;0.1;100.0;40.0;0.2;100.0;40.0;0.1;100.0;100.0;100.0;100.0;40.0;1.7489067178101907;100.0;40.0;0.2623360076715286;100.0;40.0;0.1;100.0;40.0;0.1;100.0;40.0;0.1;100.0;40.0;0.1;100.0;40.0;0.1;100.0;40.0;0.5;100.0;40.0;2.392184148267801
498;60.0;30.0;100.0;40.0;0.1;100.0;40.0;0.3;100.0;40.0;0.2;100.0;40.0;1.5938369991640169;100.0;40.0;0.6876739983280341;100.0;40.0;1.5691849958200852;100.0;40.0;0.1;100.0;40.0;0.1;100.0;40.0;0.2;100.0;40.0;0.1;100.0;100.0;100.0;100.0;40.0;1.876739983280341;100.0;40.0;0.28151099749205116;100.0;40.0;0.1;100.0;40.0;0.1;100.0;40.0;0.1;100.0;40.0;0.1;100.0;40.0;0.1;100.0;40.0;0.5;100.0;40.0;2.7291179180938085
499;60.0;30.0;100.0;40.0;0.1;100.0;40.0;0.3;100.0;40.0;0.2;100.0;40.0;1.5910859776384214;100.0;40.0;0.682171955276843;100.0;40.0;1.5554298881921076;100.0;40.0;0.1;100.0;40.0;0.1;100.0;40.0;0.2;100.0;40.0;0.1;100.0;100.0;100.0;100.0;40.0;1.8217195527684302;100.0;40.0;0.2732579329152645;100.0;40.0;0.1;100.0;40.0;0.1;100.0;40.0;0.1;100.0;40.0;0.1;100.0;40.0;0.1;100.0;40.0;0.5;100.0;40.0;2.5773087931266914
500;60.0;30.0;100.0;40.0;0.1;100.0;40.0;0.3;100.0;40.0;0.2;100.0;40.0;1.5874615099106673;100.0;40.0;0.6749230198213346;100.0;40.0;1.5373075495533366;100.0;40.0;0.1;100.0;40.0;0.1;100.0;40.0;0.2;100.0;40.0;0.1;100.0;100.0;100.0;100.0;40.0;1.7492301982133465;100.0;40.0;0.26238452973200194;100.0;40.0;0.1;100.0;40.0;0.1;100.0;40.0;0.1;100.0;40.0;0.1;100.0;40.0;0.1;100.0;40.0;0.5;100.0;40.0;2.3929705636055725
501;60.0;30.0;100.0;40.0;0.1;100.0;40.0;0.3;100.0;40.0;0.2;100.0;40.0;1.5938333513490819;100.0;40.0;0.6876667026981639;100.0;40.0;1.5691667567454097;100.0;40.0;0.1;100.0;40.0;0.1;100.0;40.0;0.2;100.0;40.0;0.1;100.0;100.0;100.0;100.0;40.0;1.8766670269816386;100.0;40.0;0.28150005404724576;100.0;40.0;0.1;100.0;40.0;0.1;100.0;40.0;0.1;100.0;40.0;0.1;100.0;40.0;0.1;100.0;40.0;0.5;100.0;40.0;2.7289091260165623
502;60.0;30.0;100.0;40.0;0.1;100.0;40.0;0.3;100.0;40.0;0.2;100.0;40.0;1.591075918885984;100.0;40.0;0.6821518377719681;100.0;40.0;1.5553795944299202;100.0;40.0;0.1;100.0;40.0;0.1;100.0;40.0;0.2;100.0;40.0;0.1;100.0;100.0;100.0;100.0;40.0;1.8215183777196808;100.0;40.0;0.2732277566579521;100.0;40.0;0.1;100.0;40.0;0.1;100.0;40.0;0.1;100.0;40.0;0.1;100.0;40.0;0.1;100.0;40.0;0.5;100.0;40.0;2.5767736100957874
503;60.0;30.0;100.0;40.0;0.1;100.0;40.0;0.3;100.0;40.0;0.2;100.0;40.0;1.5874775408670572;100.0;40.0;0.6749550817341143;100.0;40.0;1.5373877043352857;100.0;40.0;0.1;100.0;40.0;0.1;100.0;40.0;0.2;100.0;40.0;0.1;100.0;100.0;100.0;100.0;40.0;1.749550817341143;100.0;40.0;0.26243262260117145;100.0;40.0;0.1;100.0;40.0;0.1;100.0;40.0;0.1;100.0;40.0;0.1;100.0;40.0;0.1;100.0;40.0;0.5;100.0;40.0;2.3937503232828132
504;60.0;30.0;100.0;40.0;0.1;100.0;40.0;0.3;100.0;40.0;0.2;100.0;40.0;1.5938297054451773;100.0;40.0;0.6876594108903549;100.0;40.0;1.569148527225887;100.0;40.0;0.1;100.0;40.0;0.1;100.0;40.0;0.2;100.0;40.0;0.1;100.0;100.0;100.0;100.0;40.0;1.876594108903548;100.0;40.0;0.2814891163355322;100.0;40.0;0.1;100.0;40.0;0.1;100.0;40.0;0.1;100.0;40.0;0.1;100.0;40.0;0.1;100.0;40.0;0.5;100.0;40.0;2.7287004640890316
505;60.0;30.0;100.0;40.0;0.1;100.0;40.0;0.3;100.0;40.0;0.2;100.0;40.0;1.5910659722918297;100.0;40.0;0.6821319445836593;100.0;40.0;1.5553298614591482;100.0;40.0;0.1;100.0;40.0;0.1;100.0;40.0;0.2;100.0;40.0;0.1;100.0;100.0;100.0;100.0;40.0;1.821319445836593;100.0;40.0;0.27319791687548894;100.0;40.0;0.1;100.0;40.0;0.1;100.0;40.0;0.1;100.0;40.0;0.1;100.0;40.0;0.1;100.0;40.0;0.5;100.0;40.0;2.576244530911474
506;60.0;30.0;100.0;40.0;0.1;100.0;40.0;0.3;100.0;40.0;0.2;100.0;40.0;1.5874934307660133;100.0;40.0;0.6749868615320267;100.0;40.0;1.5374671538300668;100.0;40.0;0.1;100.0;40.0;0.1;100.0;40.0;0.2;100.0;40.0;0.1;100.0;100.0;100.0;100.0;40.0;1.7498686153202674;100.0;40.0;0.2624802922980401;100.0;40.0;0.1;100.0;40.0;0.1;100.0;40.0;0.1;100.0;40.0;0.1;100.0;40.0;0.1;100.0;40.0;0.5;100.0;40.0;2.3945235171477544
507;60.0;30.0;100.0;40.0;0.1;100.0;40.0;0.3;100.0;40.0;0.2;100.0;40.0;1.5938260616896953;100.0;40.0;0.6876521233793909;100.0;40.0;1.5691303084484771;100.0;40.0;0.1;100.0;40.0;0.1;100.0;40.0;0.2;100.0;40.0;0.1;100.0;100.0;100.0;100.0;40.0;1.8765212337939086;100.0;40.0;0.2814781850690863;100.0;40.0;0.1;100.0;40.0;0.1;100.0;40.0;0.1;100.0;40.0;0.1;100.0;40.0;0.1;100.0;40.0;0.5;100.0;40.0;2.72849194585928
508;60.0;30.0;100.0;40.0;0.1;100.0;40.0;0.3;100.0;40.0;0.2;100.0;40.0;1.591056136125195;100.0;40.0;0.68211227225039;100.0;40.0;1.555280680625975;100.0;40.0;0.1;100.0;40.0;0.1;100.0;40.0;0.2;100.0;40.0;0.1;100.0;100.0;100.0;100.0;40.0;1.8211227225038995;100.0;40.0;0.2731684083755849;100.0;40.0;0.1;100.0;40.0;0.1;100.0;40.0;0.1;100.0;40.0;0.1;100.0;40.0;0.1;100.0;40.0;0.5;100.0;40.0;2.5757214588967563
509;60.0;30.0;100.0;40.0;0.1;100.0;40.0;0.3;100.0;40.0;0.2;100.0;40.0;1.5875091815751914;100.0;40.0;0.6750183631503829;100.0;40.0;1.5375459078759572;100.0;40.0;0.1;100.0;40.0;0.1;100.0;40.0;0.2;100.0;40.0;0.1;100.0;100.0;100.0;100.0;40.0;1.7501836315038286;100.0;40.0;0.26252754472557427;100.0;40.0;0.1;100.0;40.0;0.1;100.0;40.0;0.1;100.0;40.0;0.1;100.0;40.0;0.1;100.0;40.0;0.5;100.0;40.0;2.395290233373222
510;60.0;30.0;100.0;40.0;0.1;100.0;40.0;0.3;100.0;40.0;0.2;100.0;40.0;1.5938224203114808;100.0;40.0;0.6876448406229618;100.0;40.0;1.5691121015574045;100.0;40.0;0.1;100.0;40.0;0.1;100.0;40.0;0.2;100.0;40.0;0.1;100.0;100.0;100.0;100.0;40.0;1.8764484062296183;100.0;40.0;0.28146726093444274;100.0;40.0;0.1;100.0;40.0;0.1;100.0;40.0;0.1;100.0;40.0;0.1;100.0;40.0;0.1;100.0;40.0;0.5;100.0;40.0;2.7282835843809603
511;60.0;30.0;100.0;40.0;0.1;100.0;40.0;0.3;100.0;40.0;0.2;100.0;40.0;1.5910464086904377;100.0;40.0;0.6820928173808756;100.0;40.0;1.555232043452189;100.0;40.0;0.1;100.0;40.0;0.1;100.0;40.0;0.2;100.0;40.0;0.1;100.0;100.0;100.0;100.0;40.0;1.8209281738087553;100.0;40.0;0.2731392260713133;100.0;40.0;0.1;100.0;40.0;0.1;100.0;40.0;0.1;100.0;40.0;0.1;100.0;40.0;0.1;100.0;40.0;0.5;100.0;40.0;2.5752042993897404
512;60.0;30.0;100.0;40.0;0.1;100.0;40.0;0.3;100.0;40.0;0.2;100.0;40.0;1.5875247952245157;100.0;40.0;0.6750495904490316;100.0;40.0;1.5376239761225787;100.0;40.0;0.1;100.0;40.0;0.1;100.0;40.0;0.2;100.0;40.0;0.1;100.0;100.0;100.0;100.0;40.0;1.7504959044903152;100.0;40.0;0.2625743856735473;100.0;40.0;0.1;100.0;40.0;0.1;100.0;40.0;0.1;100.0;40.0;0.1;100.0;40.0;0.1;100.0;40.0;0.5;100.0;40.0;2.3960505584965013
513;60.0;30.0;100.0;40.0;0.1;100.0;40.0;0.3;100.0;40.0;0.2;100.0;40.0;1.5938187815311278;100.0;40.0;0.6876375630622555;100.0;40.0;1.5690939076556387;100.0;40.0;0.1;100.0;40.0;0.1;100.0;40.0;0.2;100.0;40.0;0.1;100.0;100.0;100.0;100.0;40.0;1.8763756306225547;100.0;40.0;0.2814563445933832;100.0;40.0;0.1;100.0;40.0;0.1;100.0;40.0;0.1;100.0;40.0;0.1;100.0;40.0;0.1;100.0;40.0;0.5;100.0;40.0;2.7280753922305037
514;60.0;30.0;100.0;40.0;0.1;100.0;40.0;0.3;100.0;40.0;0.2;100.0;40.0;1.5910367883261491;100.0;40.0;0.6820735766522986;100.0;40.0;1.5551839416307465;100.0;40.0;0.1;100.0;40.0;0.1;100.0;40.0;0.2;100.0;40.0;0.1;100.0;100.0;100.0;100.0;40.0;1.8207357665229857;100.0;40.0;0.2731103649784479;100.0;40.0;0.1;100.0;40.0;0.1;100.0;40.0;0.1;100.0;40.0;0.1;100.0;40.0;0.1;100.0;40.0;0.5;100.0;40.0;2.5746929596913244
515;60.0;30.0;100.0;40.0;0.1;100.0;40.0;0.3;100.0;40.0;0.2;100.0;40.0;1.5875402736070996;100.0;40.0;0.6750805472141992;100.0;40.0;1.537701368035498;100.0;40.0;0.1;100.0;40.0;0.1;100.0;40.0;0.2;100.0;40.0;0.1;100.0;100.0;100.0;100.0;40.0;1.7508054721419923;100.0;40.0;0.26262082082129884;100.0;40.0;0.1;100.0;40.0;0.1;100.0;40.0;0.1;100.0;40.0;0.1;100.0;40.0;0.1;100.0;40.0;0.5;100.0;40.0;2.396804577458041
516;60.0;30.0;100.0;40.0;0.1;100.0;40.0;0.3;100.0;40.0;0.2;100.0;40.0;1.593815145561263;100.0;40.0;0.6876302911225264;100.0;40.0;1.5690757278063159;100.0;40.0;0.1;100.0;40.0;0.1;100.0;40.0;0.2;100.0;40.0;0.1;100.0;100.0;100.0;100.0;40.0;1.8763029112252634;100.0;40.0;0.2814454366837895;100.0;40.0;0.1;100.0;40.0;0.1;100.0;40.0;0.1;100.0;40.0;0.1;100.0;40.0;0.1;100.0;40.0;0.5;100.0;40.0;2.727867381523634
517;60.0;30.0;100.0;40.0;0.1;100.0;40.0;0.3;100.0;40.0;0.2;100.0;40.0;1.5910272734042934;100.0;40.0;0.6820545468085869;100.0;40.0;1.5551363670214673;100.0;40.0;0.1;100.0;40.0;0.1;100.0;40.0;0.2;100.0;40.0;0.1;100.0;100.0;100.0;100.0;40.0;1.8205454680858693;100.0;40.0;0.27308182021288036;100.0;40.0;0.1;100.0;40.0;0.1;100.0;40.0;0.1;100.0;40.0;0.1;100.0;40.0;0.1;100.0;40.0;0.5;100.0;40.0;2.5741873490145153
518;60.0;30.0;100.0;40.0;0.1;100.0;40.0;0.3;100.0;40.0;0.2;100.0;40.0;1.5875556185801378;100.0;40.0;0.6751112371602757;100.0;40.0;1.5377780929006892;100.0;40.0;0.1;100.0;40.0;0.1;100.0;40.0;0.2;100.0;40.0;0.1;100.0;100.0;100.0;100.0;40.0;1.7511123716027566;100.0;40.0;0.2626668557404135;100.0;40.0;0.1;100.0;40.0;0.1;100.0;40.0;0.1;100.0;40.0;0.1;100.0;40.0;0.1;100.0;40.0;0.5;100.0;40.0;2.3975523736390567
519;60.0;30.0;100.0;40.0;0.1;100.0;40.0;0.3;100.0;40.0;0.2;100.0;40.0;1.5938115126068217;100.0;40.0;0.6876230252136436;100.0;40.0;1.569057563034109;100.0;40.0;0.1;100.0;40.0;0.1;100.0;40.0;0.2;100.0;40.0;0.1;100.0;100.0;100.0;100.0;40.0;1.876230252136436;100.0;40.0;0.2814345378204654;100.0;40.0;0.1;100.0;40.0;0.1;100.0;40.0;0.1;100.0;40.0;0.1;100.0;40.0;0.1;100.0;40.0;0.5;100.0;40.0;2.7276595639312755
520;60.0;30.0;100.0;40.0;0.1;100.0;40.0;0.3;100.0;40.0;0.2;100.0;40.0;1.591017862329372;100.0;40.0;0.6820357246587443;100.0;40.0;1.5550893116468607;100.0;40.0;0.1;100.0;40.0;0.1;100.0;40.0;0.2;100.0;40.0;0.1;100.0;100.0;100.0;100.0;40.0;1.8203572465874427;100.0;40.0;0.2730535869881164;100.0;40.0;0.1;100.0;40.0;0.1;100.0;40.0;0.1;100.0;40.0;0.1;100.0;40.0;0.1;100.0;40.0;0.5;100.0;40.0;2.5736873784353196
521;60.0;30.0;100.0;40.0;0.1;100.0;40.0;0.3;100.0;40.0;0.2;100.0;40.0;1.587570831965773;100.0;40.0;0.6751416639315464;100.0;40.0;1.537854159828866;100.0;40.0;0.1;100.0;40.0;0.1;100.0;40.0;0.2;100.0;40.0;0.1;100.0;100.0;100.0;100.0;40.0;1.7514166393154635;100.0;40.0;0.26271249589731954;100.0;40.0;0.1;100.0;40.0;0.1;100.0;40.0;0.1;100.0;40.0;0.1;100.0;40.0;0.1;100.0;40.0;0.5;100.0;40.0;2.398294028898047
522;60.0;30.0;100.0;40.0;0.1;100.0;40.0;0.3;100.0;40.0;0.2;100.0;40.0;1.593807882865309;100.0;40.0;0.6876157657306181;100.0;40.0;1.5690394143265454;100.0;40.0;0.1;100.0;40.0;0.1;100.0;40.0;0.2;100.0;40.0;0.1;100.0;100.0;100.0;100.0;40.0;1.8761576573061811;100.0;40.0;0.28142364859592717;100.0;40.0;0.1;100.0;40.0;0.1;100.0;40.0;0.1;100.0;40.0;0.1;100.0;40.0;0.1;100.0;40.0;0.5;100.0;40.0;2.7274519506948547
523;60.0;30.0;100.0;40.0;0.1;100.0;40.0;0.3;100.0;40.0;0.2;100.0;40.0;1.591008553537615;100.0;40.0;0.6820171070752303;100.0;40.0;1.5550427676880756;100.0;40.0;0.1;100.0;40.0;0.1;100.0;40.0;0.2;100.0;40.0;0.1;100.0;100.0;100.0;100.0;40.0;1.8201710707523027;100.0;40.0;0.2730256606128454;100.0;40.0;0.1;100.0;40.0;0.1;100.0;40.0;0.1;100.0;40.0;0.1;100.0;40.0;0.1;100.0;40.0;0.5;100.0;40.0;2.5731929608451343
524;60.0;30.0;100.0;40.0;0.1;100.0;40.0;0.3;100.0;40.0;0.2;100.0;40.0;1.5875859155519376;100.0;40.0;0.6751718311038752;100.0;40.0;1.537929577759688;100.0;40.0;0.1;100.0;40.0;0.1;100.0;40.0;0.2;100.0;40.0;0.1;100.0;100.0;100.0;100.0;40.0;1.751718311038752;100.0;40.0;0.2627577466558128;100.0;40.0;0.1;100.0;40.0;0.1;100.0;40.0;0.1;100.0;40.0;0.1;100.0;40.0;0.1;100.0;40.0;0.5;100.0;40.0;2.3990296236062822
525;60.0;30.0;100.0;40.0;0.1;100.0;40.0;0.3;100.0;40.0;0.2;100.0;40.0;1.5938042565270547;100.0;40.0;0.6876085130541094;100.0;40.0;1.5690212826352736;100.0;40.0;0.1;100.0;40.0;0.1;100.0;40.0;0.2;100.0;40.0;0.1;100.0;100.0;100.0;100.0;40.0;1.8760851305410944;100.0;40.0;0.2814127695811641;100.0;40.0;0.1;100.0;40.0;0.1;100.0;40.0;0.1;100.0;40.0;0.1;100.0;40.0;0.1;100.0;40.0;0.5;100.0;40.0;2.72724455264102
526;60.0;30.0;100.0;40.0;0.1;100.0;40.0;0.3;100.0;40.0;0.2;100.0;40.0;1.5909993454961946;100.0;40.0;0.6819986909923892;100.0;40.0;1.554996727480973;100.0;40.0;0.1;100.0;40.0;0.1;100.0;40.0;0.2;100.0;40.0;0.1;100.0;100.0;100.0;100.0;40.0;1.819986909923892;100.0;40.0;0.2729980364885838;100.0;40.0;0.1;100.0;40.0;0.1;100.0;40.0;0.1;100.0;40.0;0.1;100.0;40.0;0.1;100.0;40.0;0.5;100.0;40.0;2.5727040109045993
527;60.0;30.0;100.0;40.0;0.1;100.0;40.0;0.3;100.0;40.0;0.2;100.0;40.0;1.5876008710931688;100.0;40.0;0.6752017421863378;100.0;40.0;1.5380043554658445;100.0;40.0;0.1;100.0;40.0;0.1;100.0;40.0;0.2;100.0;40.0;0.1;100.0;100.0;100.0;100.0;40.0;1.7520174218633777;100.0;40.0;0.26280261327950666;100.0;40.0;0.1;100.0;40.0;0.1;100.0;40.0;0.1;100.0;40.0;0.1;100.0;40.0;0.1;100.0;40.0;0.5;100.0;40.0;2.3997592366822804
528;60.0;30.0;100.0;40.0;0.1;100.0;40.0;0.3;100.0;40.0;0.2;100.0;40.0;1.593800633775457;100.0;40.0;0.6876012675509144;100.0;40.0;1.569003168877286;100.0;40.0;0.1;100.0;40.0;0.1;100.0;40.0;0.2;100.0;40.0;0.1;100.0;100.0;100.0;100.0;40.0;1.8760126755091444;100.0;40.0;0.28140190132637166;100.0;40.0;0.1;100.0;40.0;0.1;100.0;40.0;0.1;100.0;40.0;0.1;100.0;40.0;0.1;100.0;40.0;0.5;100.0;40.0;2.7270373801958248
529;60.0;30.0;100.0;40.0;0.1;100.0;40.0;0.3;100.0;40.0;0.2;100.0;40.0;1.5909902367024624;100.0;40.0;0.6819804734049251;100.0;40.0;1.5549511835123127;100.0;40.0;0.1;100.0;40.0;0.1;100.0;40.0;0.2;100.0;40.0;0.1;100.0;100.0;100.0;100.0;40.0;1.8198047340492507;100.0;40.0;0.2729707101073876;100.0;40.0;0.1;100.0;40.0;0.1;100.0;40.0;0.1;100.0;40.0;0.1;100.0;40.0;0.1;100.0;40.0;0.5;100.0;40.0;2.5722204449988535
530;60.0;30.0;100.0;40.0;0.1;100.0;40.0;0.3;100.0;40.0;0.2;100.0;40.0;1.5876157003114035;100.0;40.0;0.6752314006228074;100.0;40.0;1.5380785015570184;100.0;40.0;0.1;100.0;40.0;0.1;100.0;40.0;0.2;100.0;40.0;0.1;100.0;100.0;100.0;100.0;40.0;1.7523140062280738;100.0;40.0;0.26284710093421104;100.0;40.0;0.1;100.0;40.0;0.1;100.0;40.0;0.1;100.0;40.0;0.1;100.0;40.0;0.1;100.0;40.0;0.5;100.0;40.0;2.400482945625314
531;60.0;30.0;100.0;40.0;0.1;100.0;40.0;0.3;100.0;40.0;0.2;100.0;40.0;1.5937970147872187;100.0;40.0;0.6875940295744374;100.0;40.0;1.5689850739360935;100.0;40.0;0.1;100.0;40.0;0.1;100.0;40.0;0.2;100.0;40.0;0.1;100.0;100.0;100.0;100.0;40.0;1.8759402957443738;100.0;40.0;0.2813910443616561;100.0;40.0;0.1;100.0;40.0;0.1;100.0;40.0;0.1;100.0;40.0;0.1;100.0;40.0;0.1;100.0;40.0;0.5;100.0;40.0;2.726830443398378
532;60.0;30.0;100.0;40.0;0.1;100.0;40.0;0.3;100.0;40.0;0.2;100.0;40.0;1.590981225683211;100.0;40.0;0.6819624513664222;100.0;40.0;1.5549061284160552;100.0;40.0;0.1;100.0;40.0;0.1;100.0;40.0;0.2;100.0;40.0;0.1;100.0;100.0;100.0;100.0;40.0;1.8196245136642213;100.0;40.0;0.2729436770496332;100.0;40.0;0.1;100.0;40.0;0.1;100.0;40.0;0.1;100.0;40.0;0.1;100.0;40.0;0.1;100.0;40.0;0.5;100.0;40.0;2.5717421811941508
533;60.0;30.0;100.0;40.0;0.1;100.0;40.0;0.3;100.0;40.0;0.2;100.0;40.0;1.5876304048967478;100.0;40.0;0.6752608097934955;100.0;40.0;1.5381520244837388;100.0;40.0;0.1;100.0;40.0;0.1;100.0;40.0;0.2;100.0;40.0;0.1;100.0;100.0;100.0;100.0;40.0;1.7526080979349548;100.0;40.0;0.2628912146902432;100.0;40.0;0.1;100.0;40.0;0.1;100.0;40.0;0.1;100.0;40.0;0.1;100.0;40.0;0.1;100.0;40.0;0.5;100.0;40.0;2.4012008265479756
534;60.0;30.0;100.0;40.0;0.1;100.0;40.0;0.3;100.0;40.0;0.2;100.0;40.0;1.5937933997325713;100.0;40.0;0.6875867994651426;100.0;40.0;1.5689669986628565;100.0;40.0;0.1;100.0;40.0;0.1;100.0;40.0;0.2;100.0;40.0;0.1;100.0;100.0;100.0;100.0;40.0;1.8758679946514256;100.0;40.0;0.28138019919771384;100.0;40.0;0.1;100.0;40.0;0.1;100.0;40.0;0.1;100.0;40.0;0.1;100.0;40.0;0.1;100.0;40.0;0.5;100.0;40.0;2.726623751913983
535;60.0;30.0;100.0;40.0;0.1;100.0;40.0;0.3;100.0;40.0;0.2;100.0;40.0;1.590972310993954;100.0;40.0;0.6819446219879082;100.0;40.0;1.5548615549697704;100.0;40.0;0.1;100.0;40.0;0.1;100.0;40.0;0.2;100.0;40.0;0.1;100.0;100.0;100.0;100.0;40.0;1.8194462198790815;100.0;40.0;0.2729169329818622;100.0;40.0;0.1;100.0;40.0;0.1;100.0;40.0;0.1;100.0;40.0;0.1;100.0;40.0;0.1;100.0;40.0;0.5;100.0;40.0;2.5712691391957714
536;60.0;30.0;100.0;40.0;0.1;100.0;40.0;0.3;100.0;40.0;0.2;100.0;40.0;1.587644986508224;100.0;40.0;0.6752899730164483;100.0;40.0;1.5382249325411208;100.0;40.0;0.1;100.0;40.0;0.1;100.0;40.0;0.2;100.0;40.0;0.1;100.0;100.0;100.0;100.0;40.0;1.7528997301644835;100.0;40.0;0.2629349595246725;100.0;40.0;0.1;100.0;40.0;0.1;100.0;40.0;0.1;100.0;40.0;0.1;100.0;40.0;0.1;100.0;40.0;0.5;100.0;40.0;2.4019129542078463
537;60.0;30.0;100.0;40.0;0.1;100.0;40.0;0.3;100.0;40.0;0.2;100.0;40.0;1.5937897887754953;100.0;40.0;0.6875795775509908;100.0;40.0;1.5689489438774769;100.0;40.0;0.1;100.0;40.0;0.1;100.0;40.0;0.2;100.0;40.0;0.1;100.0;100.0;100.0;100.0;40.0;1.8757957755099073;100.0;40.0;0.28136936632648607;100.0;40.0;0.1;100.0;40.0;0.1;100.0;40.0;0.1;100.0;40.0;0.1;100.0;40.0;0.1;100.0;40.0;0.5;100.0;40.0;2.726417315046804
538;60.0;30.0;100.0;40.0;0.1;100.0;40.0;0.3;100.0;40.0;0.2;100.0;40.0;1.59096349121823;100.0;40.0;0.6819269824364602;100.0;40.0;1.5548174560911505;100.0;40.0;0.1;100.0;40.0;0.1;100.0;40.0;0.2;100.0;40.0;0.1;100.0;100.0;100.0;100.0;40.0;1.8192698243646017;100.0;40.0;0.27289047365469027;100.0;40.0;0.1;100.0;40.0;0.1;100.0;40.0;0.1;100.0;40.0;0.1;100.0;40.0;0.1;100.0;40.0;0.5;100.0;40.0;2.570801240307203
539;60.0;30.0;100.0;40.0;0.1;100.0;40.0;0.3;100.0;40.0;0.2;100.0;40.0;1.5876594467745002;100.0;40.0;0.6753188935490007;100.0;40.0;1.5382972338725016;100.0;40.0;0.1;100.0;40.0;0.1;100.0;40.0;0.2;100.0;40.0;0.1;100.0;100.0;100.0;100.0;40.0;1.753188935490006;100.0;40.0;0.2629783403235009;100.0;40.0;0.1;100.0;40.0;0.1;100.0;40.0;0.1;100.0;40.0;0.1;100.0;40.0;0.1;100.0;40.0;0.5;100.0;40.0;2.4026194020382707
540;60.0;30.0;100.0;40.0;0.1;100.0;40.0;0.3;100.0;40.0;0.2;100.0;40.0;1.5937861820739294;100.0;40.0;0.687572364147859;100.0;40.0;1.5689309103696476;100.0;40.0;0.1;100.0;40.0;0.1;100.0;40.0;0.2;100.0;40.0;0.1;100.0;100.0;100.0;100.0;40.0;1.8757236414785905;100.0;40.0;0.2813585462217886;100.0;40.0;0.1;100.0;40.0;0.1;100.0;40.0;0.1;100.0;40.0;0.1;100.0;40.0;0.1;100.0;40.0;0.5;100.0;40.0;2.7262111417520605
541;60.0;30.0;100.0;40.0;0.1;100.0;40.0;0.3;100.0;40.0;0.2;100.0;40.0;1.5909547649669253;100.0;40.0;0.6819095299338507;100.0;40.0;1.5547738248346266;100.0;40.0;0.1;100.0;40.0;0.1;100.0;40.0;0.2;100.0;40.0;0.1;100.0;100.0;100.0;100.0;40.0;1.8190952993385066;100.0;40.0;0.27286429490077596;100.0;40.0;0.1;100.0;40.0;0.1;100.0;40.0;0.1;100.0;40.0;0.1;100.0;40.0;0.1;100.0;40.0;0.5;100.0;40.0;2.5703384073905378
542;60.0;30.0;100.0;40.0;0.1;100.0;40.0;0.3;100.0;40.0;0.2;100.0;40.0;1.5876737872945939;100.0;40.0;0.6753475745891879;100.0;40.0;1.5383689364729698;100.0;40.0;0.1;100.0;40.0;0.1;100.0;40.0;0.2;100.0;40.0;0.1;100.0;100.0;100.0;100.0;40.0;1.7534757458918788;100.0;40.0;0.26302136188378183;100.0;40.0;0.1;100.0;40.0;0.1;100.0;40.0;0.1;100.0;40.0;0.1;100.0;40.0;0.1;100.0;40.0;0.5;100.0;40.0;2.4033202421782924
543;60.0;30.0;100.0;40.0;0.1;100.0;40.0;0.3;100.0;40.0;0.2;100.0;40.0;1.593782579779973;100.0;40.0;0.6875651595599459;100.0;40.0;1.5689128988998646;100.0;40.0;0.1;100.0;40.0;0.1;100.0;40.0;0.2;100.0;40.0;0.1;100.0;100.0;100.0;100.0;40.0;1.8756515955994588;100.0;40.0;0.2813477393399188;100.0;40.0;0.1;100.0;40.0;0.1;100.0;40.0;0.1;100.0;40.0;0.1;100.0;40.0;0.1;100.0;40.0;0.5;100.0;40.0;2.7260052406477744
544;60.0;30.0;100.0;40.0;0.1;100.0;40.0;0.3;100.0;40.0;0.2;100.0;40.0;1.5909461308776163;100.0;40.0;0.6818922617552328;100.0;40.0;1.554730654388082;100.0;40.0;0.1;100.0;40.0;0.1;100.0;40.0;0.2;100.0;40.0;0.1;100.0;100.0;100.0;100.0;40.0;1.8189226175523272;100.0;40.0;0.2728383926328491;100.0;40.0;0.1;100.0;40.0;0.1;100.0;40.0;0.1;100.0;40.0;0.1;100.0;40.0;0.1;100.0;40.0;0.5;100.0;40.0;2.5698805648280416
545;60.0;30.0;100.0;40.0;0.1;100.0;40.0;0.3;100.0;40.0;0.2;100.0;40.0;1.58768800963856;100.0;40.0;0.6753760192771199;100.0;40.0;1.5384400481927996;100.0;40.0;0.1;100.0;40.0;0.1;100.0;40.0;0.2;100.0;40.0;0.1;100.0;100.0;100.0;100.0;40.0;1.7537601927711983;100.0;40.0;0.26306402891567976;100.0;40.0;0.1;100.0;40.0;0.1;100.0;40.0;0.1;100.0;40.0;0.1;100.0;40.0;0.1;100.0;40.0;0.5;100.0;40.0;2.4040155455017707
546;60.0;30.0;100.0;40.0;0.1;100.0;40.0;0.3;100.0;40.0;0.2;100.0;40.0;1.5937789820400803;100.0;40.0;0.6875579640801608;100.0;40.0;1.568894910200402;100.0;40.0;0.1;100.0;40.0;0.1;100.0;40.0;0.2;100.0;40.0;0.1;100.0;100.0;100.0;100.0;40.0;1.875579640801608;100.0;40.0;0.2813369461202412;100.0;40.0;0.1;100.0;40.0;0.1;100.0;40.0;0.1;100.0;40.0;0.1;100.0;40.0;0.1;100.0;40.0;0.5;100.0;40.0;2.7257996200260903
547;60.0;30.0;100.0;40.0;0.1;100.0;40.0;0.3;100.0;40.0;0.2;100.0;40.0;1.5909375876139316;100.0;40.0;0.6818751752278633;100.0;40.0;1.5546879380696583;100.0;40.0;0.1;100.0;40.0;0.1;100.0;40.0;0.2;100.0;40.0;0.1;100.0;100.0;100.0;100.0;40.0;1.8187517522786336;100.0;40.0;0.272812762841795;100.0;40.0;0.1;100.0;40.0;0.1;100.0;40.0;0.1;100.0;40.0;0.1;100.0;40.0;0.1;100.0;40.0;0.5;100.0;40.0;2.5694276384848607
548;60.0;30.0;100.0;40.0;0.1;100.0;40.0;0.3;100.0;40.0;0.2;100.0;40.0;1.587702115348157;100.0;40.0;0.675404230696314;100.0;40.0;1.5385105767407847;100.0;40.0;0.1;100.0;40.0;0.1;100.0;40.0;0.2;100.0;40.0;0.1;100.0;100.0;100.0;100.0;40.0;1.7540423069631392;100.0;40.0;0.26310634604447086;100.0;40.0;0.1;100.0;40.0;0.1;100.0;40.0;0.1;100.0;40.0;0.1;100.0;40.0;0.1;100.0;40.0;0.5;100.0;40.0;2.4047053816456847
549;60.0;30.0;100.0;40.0;0.1;100.0;40.0;0.3;100.0;40.0;0.2;100.0;40.0;1.5937753889952504;100.0;40.0;0.687550777990501;100.0;40.0;1.5688769449762523;100.0;40.0;0.1;100.0;40.0;0.1;100.0;40.0;0.2;100.0;40.0;0.1;100.0;100.0;100.0;100.0;40.0;1.8755077799050095;100.0;40.0;0.2813261669857514;100.0;40.0;0.1;100.0;40.0;0.1;100.0;40.0;0.1;100.0;40.0;0.1;100.0;40.0;0.1;100.0;40.0;0.5;100.0;40.0;2.7255942878642005
550;60.0;30.0;100.0;40.0;0.1;100.0;40.0;0.3;100.0;40.0;0.2;100.0;40.0;1.5909291338649314;100.0;40.0;0.6818582677298631;100.0;40.0;1.5546456693246578;100.0;40.0;0.1;100.0;40.0;0.1;100.0;40.0;0.2;100.0;40.0;0.1;100.0;100.0;100.0;100.0;40.0;1.8185826772986309;100.0;40.0;0.27278740159479464;100.0;40.0;0.1;100.0;40.0;0.1;100.0;40.0;0.1;100.0;40.0;0.1;100.0;40.0;0.1;100.0;40.0;0.5;100.0;40.0;2.568979555672821
551;60.0;30.0;100.0;40.0;0.1;100.0;40.0;0.3;100.0;40.0;0.2;100.0;40.0;1.5877161059374965;100.0;40.0;0.6754322118749929;100.0;40.0;1.5385805296874822;100.0;40.0;0.1;100.0;40.0;0.1;100.0;40.0;0.2;100.0;40.0;0.1;100.0;100.0;100.0;100.0;40.0;1.7543221187499287;100.0;40.0;0.2631483178124893;100.0;40.0;0.1;100.0;40.0;0.1;100.0;40.0;0.1;100.0;40.0;0.1;100.0;40.0;0.1;100.0;40.0;0.5;100.0;40.0;2.4053898190376892
552;60.0;30.0;100.0;40.0;0.1;100.0;40.0;0.3;100.0;40.0;0.2;100.0;40.0;1.5937718007812065;100.0;40.0;0.6875436015624129;100.0;40.0;1.5688590039060324;100.0;40.0;0.1;100.0;40.0;0.1;100.0;40.0;0.2;100.0;40.0;0.1;100.0;100.0;100.0;100.0;40.0;1.8754360156241292;100.0;40.0;0.28131540234361935;100.0;40.0;0.1;100.0;40.0;0.1;100.0;40.0;0.1;100.0;40.0;0.1;100.0;40.0;0.1;100.0;40.0;0.5;100.0;40.0;2.7253892518348475
553;60.0;30.0;100.0;40.0;0.1;100.0;40.0;0.3;100.0;40.0;0.2;100.0;40.0;1.5909207683445055;100.0;40.0;0.6818415366890113;100.0;40.0;1.554603841722528;100.0;40.0;0.1;100.0;40.0;0.1;100.0;40.0;0.2;100.0;40.0;0.1;100.0;100.0;100.0;100.0;40.0;1.8184153668901126;100.0;40.0;0.2727623050335169;100.0;40.0;0.1;100.0;40.0;0.1;100.0;40.0;0.1;100.0;40.0;0.1;100.0;40.0;0.1;100.0;40.0;0.5;100.0;40.0;2.5685362451152933
554;60.0;30.0;100.0;40.0;0.1;100.0;40.0;0.3;100.0;40.0;0.2;100.0;40.0;1.5877299828936726;100.0;40.0;0.6754599657873451;100.0;40.0;1.5386499144683627;100.0;40.0;0.1;100.0;40.0;0.1;100.0;40.0;0.2;100.0;40.0;0.1;100.0;100.0;100.0;100.0;40.0;1.7545996578734513;100.0;40.0;0.2631899486810177;100.0;40.0;0.1;100.0;40.0;0.1;100.0;40.0;0.1;100.0;40.0;0.1;100.0;40.0;0.1;100.0;40.0;0.5;100.0;40.0;2.4060689249229013
555;60.0;30.0;100.0;40.0;0.1;100.0;40.0;0.3;100.0;40.0;0.2;100.0;40.0;1.5937682175285712;100.0;40.0;0.6875364350571427;100.0;40.0;1.5688410876428567;100.0;40.0;0.1;100.0;40.0;0.1;100.0;40.0;0.2;100.0;40.0;0.1;100.0;100.0;100.0;100.0;40.0;1.8753643505714264;100.0;40.0;0.28130465258571397;100.0;40.0;0.1;100.0;40.0;0.1;100.0;40.0;0.1;100.0;40.0;0.1;100.0;40.0;0.1;100.0;40.0;0.5;100.0;40.0;2.7251845193164757
556;60.0;30.0;100.0;40.0;0.1;100.0;40.0;0.3;100.0;40.0;0.2;100.0;40.0;1.5909124897907874;100.0;40.0;0.6818249795815751;100.0;40.0;1.5545624489539376;100.0;40.0;0.1;100.0;40.0;0.1;100.0;40.0;0.2;100.0;40.0;0.1;100.0;100.0;100.0;100.0;40.0;1.8182497958157502;100.0;40.0;0.27273746937236254;100.0;40.0;0.1;100.0;40.0;0.1;100.0;40.0;0.1;100.0;40.0;0.1;100.0;40.0;0.1;100.0;40.0;0.5;100.0;40.0;2.5680976369130644
557;60.0;30.0;100.0;40.0;0.1;100.0;40.0;0.3;100.0;40.0;0.2;100.0;40.0;1.587743747677376;100.0;40.0;0.6754874953547518;100.0;40.0;1.5387187383868794;100.0;40.0;0.1;100.0;40.0;0.1;100.0;40.0;0.2;100.0;40.0;0.1;100.0;100.0;100.0;100.0;40.0;1.754874953547518;100.0;40.0;0.2632312430321277;100.0;40.0;0.1;100.0;40.0;0.1;100.0;40.0;0.1;100.0;40.0;0.1;100.0;40.0;0.1;100.0;40.0;0.5;100.0;40.0;2.406742765389999
558;60.0;30.0;100.0;40.0;0.1;100.0;40.0;0.3;100.0;40.0;0.2;100.0;40.0;1.5937646393630358;100.0;40.0;0.6875292787260718;100.0;40.0;1.5688231968151796;100.0;40.0;0.1;100.0;40.0;0.1;100.0;40.0;0.2;100.0;40.0;0.1;100.0;100.0;100.0;100.0;40.0;1.875292787260718;100.0;40.0;0.2812939180891077;100.0;40.0;0.1;100.0;40.0;0.1;100.0;40.0;0.1;100.0;40.0;0.1;100.0;40.0;0.1;100.0;40.0;0.5;100.0;40.0;2.7249800974029985
559;60.0;30.0;100.0;40.0;0.1;100.0;40.0;0.3;100.0;40.0;0.2;100.0;40.0;1.5909042969655858;100.0;40.0;0.6818085939311718;100.0;40.0;1.5545214848279294;100.0;40.0;0.1;100.0;40.0;0.1;100.0;40.0;0.2;100.0;40.0;0.1;100.0;100.0;100.0;100.0;40.0;1.8180859393117177;100.0;40.0;0.27271289089675765;100.0;40.0;0.1;100.0;40.0;0.1;100.0;40.0;0.1;100.0;40.0;0.1;100.0;40.0;0.1;100.0;40.0;0.5;100.0;40.0;2.56766366251121
560;60.0;30.0;100.0;40.0;0.1;100.0;40.0;0.3;100.0;40.0;0.2;100.0;40.0;1.587757401723489;100.0;40.0;0.6755148034469782;100.0;40.0;1.5387870086174458;100.0;40.0;0.1;100.0;40.0;0.1;100.0;40.0;0.2;100.0;40.0;0.1;100.0;100.0;100.0;100.0;40.0;1.7551480344697827;100.0;40.0;0.2632722051704674;100.0;40.0;0.1;100.0;40.0;0.1;100.0;40.0;0.1;100.0;40.0;0.1;100.0;40.0;0.1;100.0;40.0;0.5;100.0;40.0;2.4074114053965805
561;60.0;30.0;100.0;40.0;0.1;100.0;40.0;0.3;100.0;40.0;0.2;100.0;40.0;1.5937610664055217;100.0;40.0;0.6875221328110434;100.0;40.0;1.5688053320276085;100.0;40.0;0.1;100.0;40.0;0.1;100.0;40.0;0.2;100.0;40.0;0.1;100.0;100.0;100.0;100.0;40.0;1.8752213281104337;100.0;40.0;0.281283199216565;100.0;40.0;0.1;100.0;40.0;0.1;100.0;40.0;0.1;100.0;40.0;0.1;100.0;40.0;0.1;100.0;40.0;0.5;100.0;40.0;2.724775992913241
562;60.0;30.0;100.0;40.0;0.1;100.0;40.0;0.3;100.0;40.0;0.2;100.0;40.0;1.5908961886538318;100.0;40.0;0.6817923773076635;100.0;40.0;1.5544809432691586;100.0;40.0;0.1;100.0;40.0;0.1;100.0;40.0;0.2;100.0;40.0;0.1;100.0;100.0;100.0;100.0;40.0;1.8179237730766347;100.0;40.0;0.2726885659614952;100.0;40.0;0.1;100.0;40.0;0.1;100.0;40.0;0.1;100.0;40.0;0.1;100.0;40.0;0.1;100.0;40.0;0.5;100.0;40.0;2.567234254666917
563;60.0;30.0;100.0;40.0;0.1;100.0;40.0;0.3;100.0;40.0;0.2;100.0;40.0;1.5877709464416672;100.0;40.0;0.6755418928833345;100.0;40.0;1.5388547322083364;100.0;40.0;0.1;100.0;40.0;0.1;100.0;40.0;0.2;100.0;40.0;0.1;100.0;100.0;100.0;100.0;40.0;1.7554189288333455;100.0;40.0;0.2633128393250018;100.0;40.0;0.1;100.0;40.0;0.1;100.0;40.0;0.1;100.0;40.0;0.1;100.0;40.0;0.1;100.0;40.0;0.5;100.0;40.0;2.408074908793882
564;60.0;30.0;100.0;40.0;0.1;100.0;40.0;0.3;100.0;40.0;0.2;100.0;40.0;1.5937574987723373;100.0;40.0;0.6875149975446746;100.0;40.0;1.5687874938616864;100.0;40.0;0.1;100.0;40.0;0.1;100.0;40.0;0.2;100.0;40.0;0.1;100.0;100.0;100.0;100.0;40.0;1.8751499754467456;100.0;40.0;0.28127249631701184;100.0;40.0;0.1;100.0;40.0;0.1;100.0;40.0;0.1;100.0;40.0;0.1;100.0;40.0;0.1;100.0;40.0;0.5;100.0;40.0;2.7245722124000213
565;60.0;30.0;100.0;40.0;0.1;100.0;40.0;0.3;100.0;40.0;0.2;100.0;40.0;1.5908881636630408;100.0;40.0;0.6817763273260817;100.0;40.0;1.5544408183152043;100.0;40.0;0.1;100.0;40.0;0.1;100.0;40.0;0.2;100.0;40.0;0.1;100.0;100.0;100.0;100.0;40.0;1.817763273260817;100.0;40.0;0.27266449098912254;100.0;40.0;0.1;100.0;40.0;0.1;100.0;40.0;0.1;100.0;40.0;0.1;100.0;40.0;0.1;100.0;40.0;0.5;100.0;40.0;2.566809347418223
566;60.0;30.0;100.0;40.0;0.1;100.0;40.0;0.3;100.0;40.0;0.2;100.0;40.0;1.5877843832169016;100.0;40.0;0.6755687664338033;100.0;40.0;1.538921916084508;100.0;40.0;0.1;100.0;40.0;0.1;100.0;40.0;0.2;100.0;40.0;0.1;100.0;100.0;100.0;100.0;40.0;1.755687664338032;100.0;40.0;0.2633531496507048;100.0;40.0;0.1;100.0;40.0;0.1;100.0;40.0;0.1;100.0;40.0;0.1;100.0;40.0;0.1;100.0;40.0;0.5;100.0;40.0;2.408733338350815
567;60.0;30.0;100.0;40.0;0.1;100.0;40.0;0.3;100.0;40.0;0.2;100.0;40.0;1.5937539365753297;100.0;40.0;0.6875078731506594;100.0;40.0;1.5687696828766486;100.0;40.0;0.1;100.0;40.0;0.1;100.0;40.0;0.2;100.0;40.0;0.1;100.0;100.0;100.0;100.0;40.0;1.8750787315065944;100.0;40.0;0.28126180972598913;100.0;40.0;0.1;100.0;40.0;0.1;100.0;40.0;0.1;100.0;40.0;0.1;100.0;40.0;0.1;100.0;40.0;0.5;100.0;40.0;2.7243687621589334
568;60.0;30.0;100.0;40.0;0.1;100.0;40.0;0.3;100.0;40.0;0.2;100.0;40.0;1.5908802208227915;100.0;40.0;0.6817604416455831;100.0;40.0;1.5544011041139578;100.0;40.0;0.1;100.0;40.0;0.1;100.0;40.0;0.2;100.0;40.0;0.1;100.0;100.0;100.0;100.0;40.0;1.8176044164558316;100.0;40.0;0.2726406624683747;100.0;40.0;0.1;100.0;40.0;0.1;100.0;40.0;0.1;100.0;40.0;0.1;100.0;40.0;0.1;100.0;40.0;0.5;100.0;40.0;2.5663888760536637
569;60.0;30.0;100.0;40.0;0.1;100.0;40.0;0.3;100.0;40.0;0.2;100.0;40.0;1.5877977134100685;100.0;40.0;0.6755954268201371;100.0;40.0;1.5389885670503425;100.0;40.0;0.1;100.0;40.0;0.1;100.0;40.0;0.2;100.0;40.0;0.1;100.0;100.0;100.0;100.0;40.0;1.7559542682013702;100.0;40.0;0.26339314023020555;100.0;40.0;0.1;100.0;40.0;0.1;100.0;40.0;0.1;100.0;40.0;0.1;100.0;40.0;0.1;100.0;40.0;0.5;100.0;40.0;2.409386755777384
570;60.0;30.0;100.0;40.0;0.1;100.0;40.0;0.3;100.0;40.0;0.2;100.0;40.0;1.5937503799220303;100.0;40.0;0.6875007598440604;100.0;40.0;1.568751899610151;100.0;40.0;0.1;100.0;40.0;0.1;100.0;40.0;0.2;100.0;40.0;0.1;100.0;100.0;100.0;100.0;40.0;1.8750075984406045;100.0;40.0;0.2812511397660907;100.0;40.0;0.1;100.0;40.0;0.1;100.0;40.0;0.1;100.0;40.0;0.1;100.0;40.0;0.1;100.0;40.0;0.5;100.0;40.0;2.7241656482368013
571;60.0;30.0;100.0;40.0;0.1;100.0;40.0;0.3;100.0;40.0;0.2;100.0;40.0;1.5908723589842166;100.0;40.0;0.6817447179684334;100.0;40.0;1.5543617949210835;100.0;40.0;0.1;100.0;40.0;0.1;100.0;40.0;0.2;100.0;40.0;0.1;100.0;100.0;100.0;100.0;40.0;1.8174471796843341;100.0;40.0;0.2726170769526501;100.0;40.0;0.1;100.0;40.0;0.1;100.0;40.0;0.1;100.0;40.0;0.1;100.0;40.0;0.1;100.0;40.0;0.5;100.0;40.0;2.5659727770827603
572;60.0;30.0;100.0;40.0;0.1;100.0;40.0;0.3;100.0;40.0;0.2;100.0;40.0;1.5878109383584635;100.0;40.0;0.6756218767169271;100.0;40.0;1.5390546917923178;100.0;40.0;0.1;100.0;40.0;0.1;100.0;40.0;0.2;100.0;40.0;0.1;100.0;100.0;100.0;100.0;40.0;1.7562187671692708;100.0;40.0;0.2634328150753906;100.0;40.0;0.1;100.0;40.0;0.1;100.0;40.0;0.1;100.0;40.0;0.1;100.0;40.0;0.1;100.0;40.0;0.5;100.0;40.0;2.410035221747478
573;60.0;30.0;100.0;40.0;0.1;100.0;40.0;0.3;100.0;40.0;0.2;100.0;40.0;1.593746828915795;100.0;40.0;0.68749365783159;100.0;40.0;1.568734144578975;100.0;40.0;0.1;100.0;40.0;0.1;100.0;40.0;0.2;100.0;40.0;0.1;100.0;100.0;100.0;100.0;40.0;1.8749365783159004;100.0;40.0;0.28124048674738505;100.0;40.0;0.1;100.0;40.0;0.1;100.0;40.0;0.1;100.0;40.0;0.1;100.0;40.0;0.1;100.0;40.0;0.5;100.0;40.0;2.7239628764398516
574;60.0;30.0;100.0;40.0;0.1;100.0;40.0;0.3;100.0;40.0;0.2;100.0;40.0;1.5908645770195093;100.0;40.0;0.6817291540390189;100.0;40.0;1.5543228850975475;100.0;40.0;0.1;100.0;40.0;0.1;100.0;40.0;0.2;100.0;40.0;0.1;100.0;100.0;100.0;100.0;40.0;1.8172915403901895;100.0;40.0;0.2725937310585284;100.0;40.0;0.1;100.0;40.0;0.1;100.0;40.0;0.1;100.0;40.0;0.1;100.0;40.0;0.1;100.0;40.0;0.5;100.0;40.0;2.565560988207349
575;60.0;30.0;100.0;40.0;0.1;100.0;40.0;0.3;100.0;40.0;0.2;100.0;40.0;1.587824059376321;100.0;40.0;0.6756481187526422;100.0;40.0;1.5391202968816053;100.0;40.0;0.1;100.0;40.0;0.1;100.0;40.0;0.2;100.0;40.0;0.1;100.0;100.0;100.0;100.0;40.0;1.7564811875264217;100.0;40.0;0.26347217812896323;100.0;40.0;0.1;100.0;40.0;0.1;100.0;40.0;0.1;100.0;40.0;0.1;100.0;40.0;0.1;100.0;40.0;0.5;100.0;40.0;2.4106787959210774
576;60.0;30.0;100.0;40.0;0.1;100.0;40.0;0.3;100.0;40.0;0.2;100.0;40.0;1.593743283655941;100.0;40.0;0.6874865673118824;100.0;40.0;1.568716418279706;100.0;40.0;0.1;100.0;40.0;0.1;100.0;40.0;0.2;100.0;40.0;0.1;100.0;100.0;100.0;100.0;40.0;1.874865673118824;100.0;40.0;0.2812298509678236;100.0;40.0;0.1;100.0;40.0;0.1;100.0;40.0;0.1;100.0;40.0;0.1;100.0;40.0;0.1;100.0;40.0;0.5;100.0;40.0;2.7237604523415953
577;60.0;30.0;100.0;40.0;0.1;100.0;40.0;0.3;100.0;40.0;0.2;100.0;40.0;1.5908568738214433;100.0;40.0;0.6817137476428866;100.0;40.0;1.5542843691072166;100.0;40.0;0.1;100.0;40.0;0.1;100.0;40.0;0.2;100.0;40.0;0.1;100.0;100.0;100.0;100.0;40.0;1.8171374764288664;100.0;40.0;0.2725706214643299;100.0;40.0;0.1;100.0;40.0;0.1;100.0;40.0;0.1;100.0;40.0;0.1;100.0;40.0;0.1;100.0;40.0;0.5;100.0;40.0;2.565153448293727
578;60.0;30.0;100.0;40.0;0.1;100.0;40.0;0.3;100.0;40.0;0.2;100.0;40.0;1.5878370777553201;100.0;40.0;0.6756741555106403;100.0;40.0;1.5391853887766005;100.0;40.0;0.1;100.0;40.0;0.1;100.0;40.0;0.2;100.0;40.0;0.1;100.0;100.0;100.0;100.0;40.0;1.756741555106402;100.0;40.0;0.2635112332659603;100.0;40.0;0.1;100.0;40.0;0.1;100.0;40.0;0.1;100.0;40.0;0.1;100.0;40.0;0.1;100.0;40.0;0.5;100.0;40.0;2.41131753696587
579;60.0;30.0;100.0;40.0;0.1;100.0;40.0;0.3;100.0;40.0;0.2;100.0;40.0;1.5937397442378778;100.0;40.0;0.6874794884757556;100.0;40.0;1.568698721189389;100.0;40.0;0.1;100.0;40.0;0.1;100.0;40.0;0.2;100.0;40.0;0.1;100.0;100.0;100.0;100.0;40.0;1.8747948847575557;100.0;40.0;0.28121923271363336;100.0;40.0;0.1;100.0;40.0;0.1;100.0;40.0;0.1;100.0;40.0;0.1;100.0;40.0;0.1;100.0;40.0;0.5;100.0;40.0;2.723558381290431
580;60.0;30.0;100.0;40.0;0.1;100.0;40.0;0.3;100.0;40.0;0.2;100.0;40.0;1.5908492483029044;100.0;40.0;0.6816984966058088;100.0;40.0;1.5542462415145222;100.0;40.0;0.1;100.0;40.0;0.1;100.0;40.0;0.2;100.0;40.0;0.1;100.0;100.0;100.0;100.0;40.0;1.8169849660580888;100.0;40.0;0.2725477449087133;100.0;40.0;0.1;100.0;40.0;0.1;100.0;40.0;0.1;100.0;40.0;0.1;100.0;40.0;0.1;100.0;40.0;0.5;100.0;40.0;2.5647500973455584
581;60.0;30.0;100.0;40.0;0.1;100.0;40.0;0.3;100.0;40.0;0.2;100.0;40.0;1.5878499947650766;100.0;40.0;0.6756999895301532;100.0;40.0;1.539249973825383;100.0;40.0;0.1;100.0;40.0;0.1;100.0;40.0;0.2;100.0;40.0;0.1;100.0;100.0;100.0;100.0;40.0;1.7569998953015322;100.0;40.0;0.2635499842952298;100.0;40.0;0.1;100.0;40.0;0.1;100.0;40.0;0.1;100.0;40.0;0.1;100.0;40.0;0.1;100.0;40.0;0.5;100.0;40.0;2.4119515025783183
582;60.0;30.0;100.0;40.0;0.1;100.0;40.0;0.3;100.0;40.0;0.2;100.0;40.0;1.5937362107532322;100.0;40.0;0.6874724215064647;100.0;40.0;1.5686810537661617;100.0;40.0;0.1;100.0;40.0;0.1;100.0;40.0;0.2;100.0;40.0;0.1;100.0;100.0;100.0;100.0;40.0;1.874724215064647;100.0;40.0;0.28120863225969706;100.0;40.0;0.1;100.0;40.0;0.1;100.0;40.0;0.1;100.0;40.0;0.1;100.0;40.0;0.1;100.0;40.0;0.5;100.0;40.0;2.7233566684169905
583;60.0;30.0;100.0;40.0;0.1;100.0;40.0;0.3;100.0;40.0;0.2;100.0;40.0;1.5908416993964374;100.0;40.0;0.6816833987928748;100.0;40.0;1.5542084969821868;100.0;40.0;0.1;100.0;40.0;0.1;100.0;40.0;0.2;100.0;40.0;0.1;100.0;100.0;100.0;100.0;40.0;1.816833987928747;100.0;40.0;0.27252509818931203;100.0;40.0;0.1;100.0;40.0;0.1;100.0;40.0;0.1;100.0;40.0;0.1;100.0;40.0;0.1;100.0;40.0;0.5;100.0;40.0;2.5643508764775533
584;60.0;30.0;100.0;40.0;0.1;100.0;40.0;0.3;100.0;40.0;0.2;100.0;40.0;1.5878628116536229;100.0;40.0;0.6757256233072456;100.0;40.0;1.5393140582681142;100.0;40.0;0.1;100.0;40.0;0.1;100.0;40.0;0.2;100.0;40.0;0.1;100.0;100.0;100.0;100.0;40.0;1.7572562330724564;100.0;40.0;0.2635884349608684;100.0;40.0;0.1;100.0;40.0;0.1;100.0;40.0;0.1;100.0;40.0;0.1;100.0;40.0;0.1;100.0;40.0;0.5;100.0;40.0;2.4125807495041713
585;60.0;30.0;100.0;40.0;0.1;100.0;40.0;0.3;100.0;40.0;0.2;100.0;40.0;1.5937326832899732;100.0;40.0;0.6874653665799465;100.0;40.0;1.5686634164498663;100.0;40.0;0.1;100.0;40.0;0.1;100.0;40.0;0.2;100.0;40.0;0.1;100.0;100.0;100.0;100.0;40.0;1.8746536657994648;100.0;40.0;0.2811980498699197;100.0;40.0;0.1;100.0;40.0;0.1;100.0;40.0;0.1;100.0;40.0;0.1;100.0;40.0;0.1;100.0;40.0;0.5;100.0;40.0;2.7231553186412274
586;60.0;30.0;100.0;40.0;0.1;100.0;40.0;0.3;100.0;40.0;0.2;100.0;40.0;1.5908342260538024;100.0;40.0;0.6816684521076051;100.0;40.0;1.5541711302690127;100.0;40.0;0.1;100.0;40.0;0.1;100.0;40.0;0.2;100.0;40.0;0.1;100.0;100.0;100.0;100.0;40.0;1.816684521076051;100.0;40.0;0.2725026781614076;100.0;40.0;0.1;100.0;40.0;0.1;100.0;40.0;0.1;100.0;40.0;0.1;100.0;40.0;0.1;100.0;40.0;0.5;100.0;40.0;2.563955727889863
587;60.0;30.0;100.0;40.0;0.1;100.0;40.0;0.3;100.0;40.0;0.2;100.0;40.0;1.587875529647874;100.0;40.0;0.6757510592957481;100.0;40.0;1.53937764823937;100.0;40.0;0.1;100.0;40.0;0.1;100.0;40.0;0.2;100.0;40.0;0.1;100.0;100.0;100.0;100.0;40.0;1.7575105929574801;100.0;40.0;0.263626588943622;100.0;40.0;0.1;100.0;40.0;0.1;100.0;40.0;0.1;100.0;40.0;0.1;100.0;40.0;0.1;100.0;40.0;0.5;100.0;40.0;2.413205333558463
588;60.0;30.0;100.0;40.0;0.1;100.0;40.0;0.3;100.0;40.0;0.2;100.0;40.0;1.5937291619325276;100.0;40.0;0.6874583238650551;100.0;40.0;1.5686458096626377;100.0;40.0;0.1;100.0;40.0;0.1;100.0;40.0;0.2;100.0;40.0;0.1;100.0;100.0;100.0;100.0;40.0;1.8745832386505505;100.0;40.0;0.28118748579758257;100.0;40.0;0.1;100.0;40.0;0.1;100.0;40.0;0.1;100.0;40.0;0.1;100.0;40.0;0.1;100.0;40.0;0.5;100.0;40.0;2.722954336679259
589;60.0;30.0;100.0;40.0;0.1;100.0;40.0;0.3;100.0;40.0;0.2;100.0;40.0;1.5908268272455461;100.0;40.0;0.6816536544910923;100.0;40.0;1.5541341362277306;100.0;40.0;0.1;100.0;40.0;0.1;100.0;40.0;0.2;100.0;40.0;0.1;100.0;100.0;100.0;100.0;40.0;1.8165365449109223;100.0;40.0;0.27248048173663836;100.0;40.0;0.1;100.0;40.0;0.1;100.0;40.0;0.1;100.0;40.0;0.1;100.0;40.0;0.1;100.0;40.0;0.5;100.0;40.0;2.563564594843185
590;60.0;30.0;100.0;40.0;0.1;100.0;40.0;0.3;100.0;40.0;0.2;100.0;40.0;1.587888149954083;100.0;40.0;0.6757762999081658;100.0;40.0;1.5394407497704146;100.0;40.0;0.1;100.0;40.0;0.1;100.0;40.0;0.2;100.0;40.0;0.1;100.0;100.0;100.0;100.0;40.0;1.7577629990816583;100.0;40.0;0.26366444986224874;100.0;40.0;0.1;100.0;40.0;0.1;100.0;40.0;0.1;100.0;40.0;0.1;100.0;40.0;0.1;100.0;40.0;0.5;100.0;40.0;2.4138253096449898
591;60.0;30.0;100.0;40.0;0.1;100.0;40.0;0.3;100.0;40.0;0.2;100.0;40.0;1.5937256467618952;100.0;40.0;0.6874512935237903;100.0;40.0;1.5686282338094757;100.0;40.0;0.1;100.0;40.0;0.1;100.0;40.0;0.2;100.0;40.0;0.1;100.0;100.0;100.0;100.0;40.0;1.874512935237903;100.0;40.0;0.28117694028568546;100.0;40.0;0.1;100.0;40.0;0.1;100.0;40.0;0.1;100.0;40.0;0.1;100.0;40.0;0.1;100.0;40.0;0.5;100.0;40.0;2.7227537270499838
592;60.0;30.0;100.0;40.0;0.1;100.0;40.0;0.3;100.0;40.0;0.2;100.0;40.0;1.5908195019605809;100.0;40.0;0.6816390039211621;100.0;40.0;1.554097509802905;100.0;40.0;0.1;100.0;40.0;0.1;100.0;40.0;0.2;100.0;40.0;0.1;100.0;100.0;100.0;100.0;40.0;1.8163900392116203;100.0;40.0;0.27245850588174303;100.0;40.0;0.1;100.0;40.0;0.1;100.0;40.0;0.1;100.0;40.0;0.1;100.0;40.0;0.1;100.0;40.0;0.5;100.0;40.0;2.5631774216345584
593;60.0;30.0;100.0;40.0;0.1;100.0;40.0;0.3;100.0;40.0;0.2;100.0;40.0;1.5879006737582824;100.0;40.0;0.6758013475165647;100.0;40.0;1.5395033687914117;100.0;40.0;0.1;100.0;40.0;0.1;100.0;40.0;0.2;100.0;40.0;0.1;100.0;100.0;100.0;100.0;40.0;1.7580134751656467;100.0;40.0;0.263702021274847;100.0;40.0;0.1;100.0;40.0;0.1;100.0;40.0;0.1;100.0;40.0;0.1;100.0;40.0;0.1;100.0;40.0;0.5;100.0;40.0;2.414440731775294
594;60.0;30.0;100.0;40.0;0.1;100.0;40.0;0.3;100.0;40.0;0.2;100.0;40.0;1.5937221378557587;100.0;40.0;0.6874442757115176;100.0;40.0;1.568610689278794;100.0;40.0;0.1;100.0;40.0;0.1;100.0;40.0;0.2;100.0;40.0;0.1;100.0;100.0;100.0;100.0;40.0;1.874442757115176;100.0;40.0;0.2811664135672764;100.0;40.0;0.1;100.0;40.0;0.1;100.0;40.0;0.1;100.0;40.0;0.1;100.0;40.0;0.1;100.0;40.0;0.5;100.0;40.0;2.7225534940814575
595;60.0;30.0;100.0;40.0;0.1;100.0;40.0;0.3;100.0;40.0;0.2;100.0;40.0;1.5908122492057795;100.0;40.0;0.6816244984115588;100.0;40.0;1.5540612460288972;100.0;40.0;0.1;100.0;40.0;0.1;100.0;40.0;0.2;100.0;40.0;0.1;100.0;100.0;100.0;100.0;40.0;1.8162449841155883;100.0;40.0;0.2724367476173382;100.0;40.0;0.1;100.0;40.0;0.1;100.0;40.0;0.1;100.0;40.0;0.1;100.0;40.0;0.1;100.0;40.0;0.5;100.0;40.0;2.5627941535738126
596;60.0;30.0;100.0;40.0;0.1;100.0;40.0;0.3;100.0;40.0;0.2;100.0;40.0;1.5879131022267163;100.0;40.0;0.6758262044534326;100.0;40.0;1.5395655111335815;100.0;40.0;0.1;100.0;40.0;0.1;100.0;40.0;0.2;100.0;40.0;0.1;100.0;100.0;100.0;100.0;40.0;1.7582620445343258;100.0;40.0;0.26373930668014883;100.0;40.0;0.1;100.0;40.0;0.1;100.0;40.0;0.1;100.0;40.0;0.1;100.0;40.0;0.1;100.0;40.0;0.5;100.0;40.0;2.415051653087174
597;60.0;30.0;100.0;40.0;0.1;100.0;40.0;0.3;100.0;40.0;0.2;100.0;40.0;1.5937186352885904;100.0;40.0;0.6874372705771807;100.0;40.0;1.568593176442952;100.0;40.0;0.1;100.0;40.0;0.1;100.0;40.0;0.2;100.0;40.0;0.1;100.0;100.0;100.0;100.0;40.0;1.8743727057718078;100.0;40.0;0.28115590586577116;100.0;40.0;0.1;100.0;40.0;0.1;100.0;40.0;0.1;100.0;40.0;0.1;100.0;40.0;0.1;100.0;40.0;0.5;100.0;40.0;2.7223536419170626
598;60.0;30.0;100.0;40.0;0.1;100.0;40.0;0.3;100.0;40.0;0.2;100.0;40.0;1.5908050680055759;100.0;40.0;0.6816101360111517;100.0;40.0;1.5540253400278794;100.0;40.0;0.1;100.0;40.0;0.1;100.0;40.0;0.2;100.0;40.0;0.1;100.0;100.0;100.0;100.0;40.0;1.8161013601115172;100.0;40.0;0.2724152040167276;100.0;40.0;0.1;100.0;40.0;0.1;100.0;40.0;0.1;100.0;40.0;0.1;100.0;40.0;0.1;100.0;40.0;0.5;100.0;40.0;2.5624147369606582
599;60.0;30.0;100.0;40.0;0.1;100.0;40.0;0.3;100.0;40.0;0.2;100.0;40.0;1.5879254365062598;100.0;40.0;0.6758508730125198;100.0;40.0;1.5396271825312993;100.0;40.0;0.1;100.0;40.0;0.1;100.0;40.0;0.2;100.0;40.0;0.1;100.0;100.0;100.0;100.0;40.0;1.7585087301251974;100.0;40.0;0.2637763095187796;100.0;40.0;0.1;100.0;40.0;0.1;100.0;40.0;0.1;100.0;40.0;0.1;100.0;40.0;0.1;100.0;40.0;0.5;100.0;40.0;2.415658125862713
600;60.0;30.0;100.0;40.0;0.1;100.0;40.0;0.3;100.0;40.0;0.2;100.0;40.0;1.5937151391317539;100.0;40.0;0.6874302782635078;100.0;40.0;1.5685756956587693;100.0;40.0;0.1;100.0;40.0;0.1;100.0;40.0;0.2;100.0;40.0;0.1;100.0;100.0;100.0;100.0;40.0;1.8743027826350775;100.0;40.0;0.2811454173952616;100.0;40.0;0.1;100.0;40.0;0.1;100.0;40.0;0.1;100.0;40.0;0.1;100.0;40.0;0.1;100.0;40.0;0.5;100.0;40.0;2.722154174521472
601;60.0;30.0;100.0;40.0;0.1;100.0;40.0;0.3;100.0;40.0;0.2;100.0;40.0;1.590797957401581;100.0;40.0;0.6815959148031618;100.0;40.0;1.5539897870079045;100.0;40.0;0.1;100.0;40.0;0.1;100.0;40.0;0.2;100.0;40.0;0.1;100.0;100.0;100.0;100.0;40.0;1.815959148031618;100.0;40.0;0.2723938722047427;100.0;40.0;0.1;100.0;40.0;0.1;100.0;40.0;0.1;100.0;40.0;0.1;100.0;40.0;0.1;100.0;40.0;0.5;100.0;40.0;2.562039119062396
602;60.0;30.0;100.0;40.0;0.1;100.0;40.0;0.3;100.0;40.0;0.2;100.0;40.0;1.5879376777248286;100.0;40.0;0.6758753554496574;100.0;40.0;1.5396883886241435;100.0;40.0;0.1;100.0;40.0;0.1;100.0;40.0;0.2;100.0;40.0;0.1;100.0;100.0;100.0;100.0;40.0;1.7587535544965738;100.0;40.0;0.26381303317448607;100.0;40.0;0.1;100.0;40.0;0.1;100.0;40.0;0.1;100.0;40.0;0.1;100.0;40.0;0.1;100.0;40.0;0.5;100.0;40.0;2.4162602015458776
603;60.0;30.0;100.0;40.0;0.1;100.0;40.0;0.3;100.0;40.0;0.2;100.0;40.0;1.5937116494536043;100.0;40.0;0.6874232989072088;100.0;40.0;1.568558247268022;100.0;40.0;0.1;100.0;40.0;0.1;100.0;40.0;0.2;100.0;40.0;0.1;100.0;100.0;100.0;100.0;40.0;1.8742329890720875;100.0;40.0;0.2811349483608131;100.0;40.0;0.1;100.0;40.0;0.1;100.0;40.0;0.1;100.0;40.0;0.1;100.0;40.0;0.1;100.0;40.0;0.5;100.0;40.0;2.7219550956863947
604;60.0;30.0;100.0;40.0;0.1;100.0;40.0;0.3;100.0;40.0;0.2;100.0;40.0;1.5907909164522052;100.0;40.0;0.6815818329044104;100.0;40.0;1.5539545822610261;100.0;40.0;0.1;100.0;40.0;0.1;100.0;40.0;0.2;100.0;40.0;0.1;100.0;100.0;100.0;100.0;40.0;1.8158183290441041;100.0;40.0;0.2723727493566156;100.0;40.0;0.1;100.0;40.0;0.1;100.0;40.0;0.1;100.0;40.0;0.1;100.0;40.0;0.1;100.0;40.0;0.5;100.0;40.0;2.5616672480922418
605;60.0;30.0;100.0;40.0;0.1;100.0;40.0;0.3;100.0;40.0;0.2;100.0;40.0;1.5879498269917771;100.0;40.0;0.6758996539835544;100.0;40.0;1.5397491349588859;100.0;40.0;0.1;100.0;40.0;0.1;100.0;40.0;0.2;100.0;40.0;0.1;100.0;100.0;100.0;100.0;40.0;1.7589965398355438;100.0;40.0;0.26384948097533156;100.0;40.0;0.1;100.0;40.0;0.1;100.0;40.0;0.1;100.0;40.0;0.1;100.0;40.0;0.1;100.0;40.0;0.5;100.0;40.0;2.4168579307596496
606;60.0;30.0;100.0;40.0;0.1;100.0;40.0;0.3;100.0;40.0;0.2;100.0;40.0;1.5937081663195842;100.0;40.0;0.6874163326391685;100.0;40.0;1.5685408315979212;100.0;40.0;0.1;100.0;40.0;0.1;100.0;40.0;0.2;100.0;40.0;0.1;100.0;100.0;100.0;100.0;40.0;1.8741633263916846;100.0;40.0;0.2811244989587527;100.0;40.0;0.1;100.0;40.0;0.1;100.0;40.0;0.1;100.0;40.0;0.1;100.0;40.0;0.1;100.0;40.0;0.5;100.0;40.0;2.7217564090361437
607;60.0;30.0;100.0;40.0;0.1;100.0;40.0;0.3;100.0;40.0;0.2;100.0;40.0;1.590783944232293;100.0;40.0;0.6815678884645862;100.0;40.0;1.5539197211614653;100.0;40.0;0.1;100.0;40.0;0.1;100.0;40.0;0.2;100.0;40.0;0.1;100.0;100.0;100.0;100.0;40.0;1.815678884645861;100.0;40.0;0.2723518326968791;100.0;40.0;0.1;100.0;40.0;0.1;100.0;40.0;0.1;100.0;40.0;0.1;100.0;40.0;0.1;100.0;40.0;0.5;100.0;40.0;2.5612990731882084
608;60.0;30.0;100.0;40.0;0.1;100.0;40.0;0.3;100.0;40.0;0.2;100.0;40.0;1.5879618853982875;100.0;40.0;0.675923770796575;100.0;40.0;1.5398094269914375;100.0;40.0;0.1;100.0;40.0;0.1;100.0;40.0;0.2;100.0;40.0;0.1;100.0;100.0;100.0;100.0;40.0;1.7592377079657497;100.0;40.0;0.26388565619486243;100.0;40.0;0.1;100.0;40.0;0.1;100.0;40.0;0.1;100.0;40.0;0.1;100.0;40.0;0.1;100.0;40.0;0.5;100.0;40.0;2.4174513633227566
609;60.0;30.0;100.0;40.0;0.1;100.0;40.0;0.3;100.0;40.0;0.2;100.0;40.0;1.5937046897923157;100.0;40.0;0.6874093795846316;100.0;40.0;1.568523448961579;100.0;40.0;0.1;100.0;40.0;0.1;100.0;40.0;0.2;100.0;40.0;0.1;100.0;100.0;100.0;100.0;40.0;1.8740937958463153;100.0;40.0;0.2811140693769473;100.0;40.0;0.1;100.0;40.0;0.1;100.0;40.0;0.1;100.0;40.0;0.1;100.0;40.0;0.1;100.0;40.0;0.5;100.0;40.0;2.721558118033014
610;60.0;30.0;100.0;40.0;0.1;100.0;40.0;0.3;100.0;40.0;0.2;100.0;40.0;1.5907770398327656;100.0;40.0;0.6815540796655315;100.0;40.0;1.5538851991638287;100.0;40.0;0.1;100.0;40.0;0.1;100.0;40.0;0.2;100.0;40.0;0.1;100.0;100.0;100.0;100.0;40.0;1.8155407966553152;100.0;40.0;0.27233111949829725;100.0;40.0;0.1;100.0;40.0;0.1;100.0;40.0;0.1;100.0;40.0;0.1;100.0;40.0;0.1;100.0;40.0;0.5;100.0;40.0;2.5609345443925737
611;60.0;30.0;100.0;40.0;0.1;100.0;40.0;0.3;100.0;40.0;0.2;100.0;40.0;1.5879738540177477;100.0;40.0;0.6759477080354958;100.0;40.0;1.5398692700887393;100.0;40.0;0.1;100.0;40.0;0.1;100.0;40.0;0.2;100.0;40.0;0.1;100.0;100.0;100.0;100.0;40.0;1.759477080354957;100.0;40.0;0.2639215620532436;100.0;40.0;0.1;100.0;40.0;0.1;100.0;40.0;0.1;100.0;40.0;0.1;100.0;40.0;0.1;100.0;40.0;0.5;100.0;40.0;2.418040548265972
612;60.0;30.0;100.0;40.0;0.1;100.0;40.0;0.3;100.0;40.0;0.2;100.0;40.0;1.593701219931691;100.0;40.0;0.6874024398633817;100.0;40.0;1.5685060996584541;100.0;40.0;0.1;100.0;40.0;0.1;100.0;40.0;0.2;100.0;40.0;0.1;100.0;100.0;100.0;100.0;40.0;1.8740243986338165;100.0;40.0;0.28110365979507246;100.0;40.0;0.1;100.0;40.0;0.1;100.0;40.0;0.1;100.0;40.0;0.1;100.0;40.0;0.1;100.0;40.0;0.5;100.0;40.0;2.721360225982469
613;60.0;30.0;100.0;40.0;0.1;100.0;40.0;0.3;100.0;40.0;0.2;100.0;40.0;1.590770202360274;100.0;40.0;0.6815404047205484;100.0;40.0;1.5538510118013709;100.0;40.0;0.1;100.0;40.0;0.1;100.0;40.0;0.2;100.0;40.0;0.1;100.0;100.0;100.0;100.0;40.0;1.8154040472054838;100.0;40.0;0.27231060708082255;100.0;40.0;0.1;100.0;40.0;0.1;100.0;40.0;0.1;100.0;40.0;0.1;100.0;40.0;0.1;100.0;40.0;0.5;100.0;40.0;2.5605736126318774
614;60.0;30.0;100.0;40.0;0.1;100.0;40.0;0.3;100.0;40.0;0.2;100.0;40.0;1.5879857339061219;100.0;40.0;0.6759714678122438;100.0;40.0;1.5399286695306096;100.0;40.0;0.1;100.0;40.0;0.1;100.0;40.0;0.2;100.0;40.0;0.1;100.0;100.0;100.0;100.0;40.0;1.7597146781224382;100.0;40.0;0.26395720171836573;100.0;40.0;0.1;100.0;40.0;0.1;100.0;40.0;0.1;100.0;40.0;0.1;100.0;40.0;0.1;100.0;40.0;0.5;100.0;40.0;2.4186255338480236
615;60.0;30.0;100.0;40.0;0.1;100.0;40.0;0.3;100.0;40.0;0.2;100.0;40.0;1.5936977567949575;100.0;40.0;0.687395513589915;100.0;40.0;1.5684887839747876;100.0;40.0;0.1;100.0;40.0;0.1;100.0;40.0;0.2;100.0;40.0;0.1;100.0;100.0;100.0;100.0;40.0;1.8739551358991506;100.0;40.0;0.2810932703848726;100.0;40.0;0.1;100.0;40.0;0.1;100.0;40.0;0.1;100.0;40.0;0.1;100.0;40.0;0.1;100.0;40.0;0.5;100.0;40.0;2.7211627360381705
616;60.0;30.0;100.0;40.0;0.1;100.0;40.0;0.3;100.0;40.0;0.2;100.0;40.0;1.5907634309368603;100.0;40.0;0.6815268618737208;100.0;40.0;1.553817154684302;100.0;40.0;0.1;100.0;40.0;0.1;100.0;40.0;0.2;100.0;40.0;0.1;100.0;100.0;100.0;100.0;40.0;1.815268618737208;100.0;40.0;0.2722902928105812;100.0;40.0;0.1;100.0;40.0;0.1;100.0;40.0;0.1;100.0;40.0;0.1;100.0;40.0;0.1;100.0;40.0;0.5;100.0;40.0;2.5602162296974655
617;60.0;30.0;100.0;40.0;0.1;100.0;40.0;0.3;100.0;40.0;0.2;100.0;40.0;1.5879975261023083;100.0;40.0;0.6759950522046168;100.0;40.0;1.5399876305115419;100.0;40.0;0.1;100.0;40.0;0.1;100.0;40.0;0.2;100.0;40.0;0.1;100.0;100.0;100.0;100.0;40.0;1.759950522046167;100.0;40.0;0.2639925783069251;100.0;40.0;0.1;100.0;40.0;0.1;100.0;40.0;0.1;100.0;40.0;0.1;100.0;40.0;0.1;100.0;40.0;0.5;100.0;40.0;2.419206367571102
618;60.0;30.0;100.0;40.0;0.1;100.0;40.0;0.3;100.0;40.0;0.2;100.0;40.0;1.593694300436804;100.0;40.0;0.6873886008736081;100.0;40.0;1.56847150218402;100.0;40.0;0.1;100.0;40.0;0.1;100.0;40.0;0.2;100.0;40.0;0.1;100.0;100.0;100.0;100.0;40.0;1.8738860087360805;100.0;40.0;0.2810829013104121;100.0;40.0;0.1;100.0;40.0;0.1;100.0;40.0;0.1;100.0;40.0;0.1;100.0;40.0;0.1;100.0;40.0;0.5;100.0;40.0;2.7209656512068303
619;60.0;30.0;100.0;40.0;0.1;100.0;40.0;0.3;100.0;40.0;0.2;100.0;40.0;1.5907567246996277;100.0;40.0;0.6815134493992556;100.0;40.0;1.5537836234981393;100.0;40.0;0.1;100.0;40.0;0.1;100.0;40.0;0.2;100.0;40.0;0.1;100.0;100.0;100.0;100.0;40.0;1.8151344939925567;100.0;40.0;0.2722701740988835;100.0;40.0;0.1;100.0;40.0;0.1;100.0;40.0;0.1;100.0;40.0;0.1;100.0;40.0;0.1;100.0;40.0;0.5;100.0;40.0;2.559862348226529
620;60.0;30.0;100.0;40.0;0.1;100.0;40.0;0.3;100.0;40.0;0.2;100.0;40.0;1.5880092316284917;100.0;40.0;0.6760184632569837;100.0;40.0;1.5400461581424592;100.0;40.0;0.1;100.0;40.0;0.1;100.0;40.0;0.2;100.0;40.0;0.1;100.0;100.0;100.0;100.0;40.0;1.760184632569837;100.0;40.0;0.2640276948854755;100.0;40.0;0.1;100.0;40.0;0.1;100.0;40.0;0.1;100.0;40.0;0.1;100.0;40.0;0.1;100.0;40.0;0.5;100.0;40.0;2.4197830961960003
621;60.0;30.0;100.0;40.0;0.1;100.0;40.0;0.3;100.0;40.0;0.2;100.0;40.0;1.5936908509094394;100.0;40.0;0.6873817018188791;100.0;40.0;1.5684542545471978;100.0;40.0;0.1;100.0;40.0;0.1;100.0;40.0;0.2;100.0;40.0;0.1;100.0;100.0;100.0;100.0;40.0;1.8738170181887912;100.0;40.0;0.28107255272831866;100.0;40.0;0.1;100.0;40.0;0.1;100.0;40.0;0.1;100.0;40.0;0.1;100.0;40.0;0.1;100.0;40.0;0.5;100.0;40.0;2.720768974352908
622;60.0;30.0;100.0;40.0;0.1;100.0;40.0;0.3;100.0;40.0;0.2;100.0;40.0;1.59075008280042;100.0;40.0;0.6815001656008401;100.0;40.0;1.5537504140021001;100.0;40.0;0.1;100.0;40.0;0.1;100.0;40.0;0.2;100.0;40.0;0.1;100.0;100.0;100.0;100.0;40.0;1.8150016560084008;100.0;40.0;0.2722502484012601;100.0;40.0;0.1;100.0;40.0;0.1;100.0;40.0;0.1;100.0;40.0;0.1;100.0;40.0;0.1;100.0;40.0;0.5;100.0;40.0;2.5595119216836486
623;60.0;30.0;100.0;40.0;0.1;100.0;40.0;0.3;100.0;40.0;0.2;100.0;40.0;1.588020851490485;100.0;40.0;0.67604170298097;100.0;40.0;1.540104257452425;100.0;40.0;0.1;100.0;40.0;0.1;100.0;40.0;0.2;100.0;40.0;0.1;100.0;100.0;100.0;100.0;40.0;1.7604170298097;100.0;40.0;0.264062554471455;100.0;40.0;0.1;100.0;40.0;0.1;100.0;40.0;0.1;100.0;40.0;0.1;100.0;40.0;0.1;100.0;40.0;0.5;100.0;40.0;2.4203557657568773
624;60.0;30.0;100.0;40.0;0.1;100.0;40.0;0.3;100.0;40.0;0.2;100.0;40.0;1.5936874082626726;100.0;40.0;0.6873748165253455;100.0;40.0;1.5684370413133637;100.0;40.0;0.1;100.0;40.0;0.1;100.0;40.0;0.2;100.0;40.0;0.1;100.0;100.0;100.0;100.0;40.0;1.8737481652534551;100.0;40.0;0.28106222478801823;100.0;40.0;0.1;100.0;40.0;0.1;100.0;40.0;0.1;100.0;40.0;0.1;100.0;40.0;0.1;100.0;40.0;0.5;100.0;40.0;2.7205727082031443
625;60.0;30.0;100.0;40.0;0.1;100.0;40.0;0.3;100.0;40.0;0.2;100.0;40.0;1.5907435044055076;100.0;40.0;0.6814870088110154;100.0;40.0;1.5537175220275385;100.0;40.0;0.1;100.0;40.0;0.1;100.0;40.0;0.2;100.0;40.0;0.1;100.0;100.0;100.0;100.0;40.0;1.8148700881101538;100.0;40.0;0.2722305132165231;100.0;40.0;0.1;100.0;40.0;0.1;100.0;40.0;0.1;100.0;40.0;0.1;100.0;40.0;0.1;100.0;40.0;0.5;100.0;40.0;2.559164904342827
626;60.0;30.0;100.0;40.0;0.1;100.0;40.0;0.3;100.0;40.0;0.2;100.0;40.0;1.5880323866780621;100.0;40.0;0.6760647733561241;100.0;40.0;1.5401619333903103;100.0;40.0;0.1;100.0;40.0;0.1;100.0;40.0;0.2;100.0;40.0;0.1;100.0;100.0;100.0;100.0;40.0;1.7606477335612412;100.0;40.0;0.26409716003418615;100.0;40.0;0.1;100.0;40.0;0.1;100.0;40.0;0.1;100.0;40.0;0.1;100.0;40.0;0.1;100.0;40.0;0.5;100.0;40.0;2.420924421575673
627;60.0;30.0;100.0;40.0;0.1;100.0;40.0;0.3;100.0;40.0;0.2;100.0;40.0;1.5936839725439873;100.0;40.0;0.6873679450879748;100.0;40.0;1.568419862719937;100.0;40.0;0.1;100.0;40.0;0.1;100.0;40.0;0.2;100.0;40.0;0.1;100.0;100.0;100.0;100.0;40.0;1.873679450879748;100.0;40.0;0.2810519176319622;100.0;40.0;0.1;100.0;40.0;0.1;100.0;40.0;0.1;100.0;40.0;0.1;100.0;40.0;0.1;100.0;40.0;0.5;100.0;40.0;2.7203768553509518
628;60.0;30.0;100.0;40.0;0.1;100.0;40.0;0.3;100.0;40.0;0.2;100.0;40.0;1.5907369886952833;100.0;40.0;0.6814739773905669;100.0;40.0;1.5536849434764173;100.0;40.0;0.1;100.0;40.0;0.1;100.0;40.0;0.2;100.0;40.0;0.1;100.0;100.0;100.0;100.0;40.0;1.8147397739056692;100.0;40.0;0.2722109660858504;100.0;40.0;0.1;100.0;40.0;0.1;100.0;40.0;0.1;100.0;40.0;0.1;100.0;40.0;0.1;100.0;40.0;0.5;100.0;40.0;2.5588212512699777
629;60.0;30.0;100.0;40.0;0.1;100.0;40.0;0.3;100.0;40.0;0.2;100.0;40.0;1.5880438381652842;100.0;40.0;0.6760876763305682;100.0;40.0;1.5402191908264204;100.0;40.0;0.1;100.0;40.0;0.1;100.0;40.0;0.2;100.0;40.0;0.1;100.0;100.0;100.0;100.0;40.0;1.760876763305682;100.0;40.0;0.2641315144958523;100.0;40.0;0.1;100.0;40.0;0.1;100.0;40.0;0.1;100.0;40.0;0.1;100.0;40.0;0.1;100.0;40.0;0.5;100.0;40.0;2.421489108276162
630;60.0;30.0;100.0;40.0;0.1;100.0;40.0;0.3;100.0;40.0;0.2;100.0;40.0;1.5936805437986157;100.0;40.0;0.6873610875972316;100.0;40.0;1.568402718993079;100.0;40.0;0.1;100.0;40.0;0.1;100.0;40.0;0.2;100.0;40.0;0.1;100.0;100.0;100.0;100.0;40.0;1.8736108759723158;100.0;40.0;0.28104163139584737;100.0;40.0;0.1;100.0;40.0;0.1;100.0;40.0;0.1;100.0;40.0;0.1;100.0;40.0;0.1;100.0;40.0;0.5;100.0;40.0;2.7201814182606623
631;60.0;30.0;100.0;40.0;0.1;100.0;40.0;0.3;100.0;40.0;0.2;100.0;40.0;1.5907305348639647;100.0;40.0;0.6814610697279293;100.0;40.0;1.5536526743198233;100.0;40.0;0.1;100.0;40.0;0.1;100.0;40.0;0.2;100.0;40.0;0.1;100.0;100.0;100.0;100.0;40.0;1.8146106972792935;100.0;40.0;0.272191604591894;100.0;40.0;0.1;100.0;40.0;0.1;100.0;40.0;0.1;100.0;40.0;0.1;100.0;40.0;0.1;100.0;40.0;0.5;100.0;40.0;2.558480918305878
632;60.0;30.0;100.0;40.0;0.1;100.0;40.0;0.3;100.0;40.0;0.2;100.0;40.0;1.5880552069108165;100.0;40.0;0.676110413821633;100.0;40.0;1.5402760345540822;100.0;40.0;0.1;100.0;40.0;0.1;100.0;40.0;0.2;100.0;40.0;0.1;100.0;100.0;100.0;100.0;40.0;1.761104138216329;100.0;40.0;0.26416562073244937;100.0;40.0;0.1;100.0;40.0;0.1;100.0;40.0;0.1;100.0;40.0;0.1;100.0;40.0;0.1;100.0;40.0;0.5;100.0;40.0;2.4220498697976858
633;60.0;30.0;100.0;40.0;0.1;100.0;40.0;0.3;100.0;40.0;0.2;100.0;40.0;1.5936771220696095;100.0;40.0;0.6873542441392193;100.0;40.0;1.5683856103480482;100.0;40.0;0.1;100.0;40.0;0.1;100.0;40.0;0.2;100.0;40.0;0.1;100.0;100.0;100.0;100.0;40.0;1.873542441392193;100.0;40.0;0.28103136620882896;100.0;40.0;0.1;100.0;40.0;0.1;100.0;40.0;0.1;100.0;40.0;0.1;100.0;40.0;0.1;100.0;40.0;0.5;100.0;40.0;2.7199863992716353
634;60.0;30.0;100.0;40.0;0.1;100.0;40.0;0.3;100.0;40.0;0.2;100.0;40.0;1.5907241421193032;100.0;40.0;0.6814482842386067;100.0;40.0;1.5536207105965167;100.0;40.0;0.1;100.0;40.0;0.1;100.0;40.0;0.2;100.0;40.0;0.1;100.0;100.0;100.0;100.0;40.0;1.8144828423860666;100.0;40.0;0.27217242635791;100.0;40.0;0.1;100.0;40.0;0.1;100.0;40.0;0.1;100.0;40.0;0.1;100.0;40.0;0.1;100.0;40.0;0.5;100.0;40.0;2.5581438620495454
635;60.0;30.0;100.0;40.0;0.1;100.0;40.0;0.3;100.0;40.0;0.2;100.0;40.0;1.5880664938582383;100.0;40.0;0.6761329877164765;100.0;40.0;1.540332469291191;100.0;40.0;0.1;100.0;40.0;0.1;100.0;40.0;0.2;100.0;40.0;0.1;100.0;100.0;100.0;100.0;40.0;1.7613298771647645;100.0;40.0;0.2641994815747147;100.0;40.0;0.1;100.0;40.0;0.1;100.0;40.0;0.1;100.0;40.0;0.1;100.0;40.0;0.1;100.0;40.0;0.5;100.0;40.0;2.4226067494085446
636;60.0;30.0;100.0;40.0;0.1;100.0;40.0;0.3;100.0;40.0;0.2;100.0;40.0;1.5936737073979086;100.0;40.0;0.6873474147958175;100.0;40.0;1.5683685369895437;100.0;40.0;0.1;100.0;40.0;0.1;100.0;40.0;0.2;100.0;40.0;0.1;100.0;100.0;100.0;100.0;40.0;1.8734741479581751;100.0;40.0;0.28102112219372627;100.0;40.0;0.1;100.0;40.0;0.1;100.0;40.0;0.1;100.0;40.0;0.1;100.0;40.0;0.1;100.0;40.0;0.5;100.0;40.0;2.719791800602229
637;60.0;30.0;100.0;40.0;0.1;100.0;40.0;0.3;100.0;40.0;0.2;100.0;40.0;1.5907178096823036;100.0;40.0;0.6814356193646074;100.0;40.0;1.5535890484115182;100.0;40.0;0.1;100.0;40.0;0.1;100.0;40.0;0.2;100.0;40.0;0.1;100.0;100.0;100.0;100.0;40.0;1.8143561936460733;100.0;40.0;0.272153429046911;100.0;40.0;0.1;100.0;40.0;0.1;100.0;40.0;0.1;100.0;40.0;0.1;100.0;40.0;0.1;100.0;40.0;0.5;100.0;40.0;2.5578100398420633
638;60.0;30.0;100.0;40.0;0.1;100.0;40.0;0.3;100.0;40.0;0.2;100.0;40.0;1.5880776999363442;100.0;40.0;0.6761553998726886;100.0;40.0;1.5403884996817216;100.0;40.0;0.1;100.0;40.0;0.1;100.0;40.0;0.2;100.0;40.0;0.1;100.0;100.0;100.0;100.0;40.0;1.7615539987268862;100.0;40.0;0.2642330998090329;100.0;40.0;0.1;100.0;40.0;0.1;100.0;40.0;0.1;100.0;40.0;0.1;100.0;40.0;0.1;100.0;40.0;0.5;100.0;40.0;2.423159789719077
639;60.0;30.0;100.0;40.0;0.1;100.0;40.0;0.3;100.0;40.0;0.2;100.0;40.0;1.5936702998224073;100.0;40.0;0.6873405996448144;100.0;40.0;1.5683514991120362;100.0;40.0;0.1;100.0;40.0;0.1;100.0;40.0;0.2;100.0;40.0;0.1;100.0;100.0;100.0;100.0;40.0;1.8734059964481444;100.0;40.0;0.28101089946722163;100.0;40.0;0.1;100.0;40.0;0.1;100.0;40.0;0.1;100.0;40.0;0.1;100.0;40.0;0.1;100.0;40.0;0.5;100.0;40.0;2.7195976243536384
640;60.0;30.0;100.0;40.0;0.1;100.0;40.0;0.3;100.0;40.0;0.2;100.0;40.0;1.5907115367869464;100.0;40.0;0.6814230735738929;100.0;40.0;1.5535576839347323;100.0;40.0;0.1;100.0;40.0;0.1;100.0;40.0;0.2;100.0;40.0;0.1;100.0;100.0;100.0;100.0;40.0;1.8142307357389291;100.0;40.0;0.27213461036083936;100.0;40.0;0.1;100.0;40.0;0.1;100.0;40.0;0.1;100.0;40.0;0.1;100.0;40.0;0.1;100.0;40.0;0.5;100.0;40.0;2.5574794097507985
641;60.0;30.0;100.0;40.0;0.1;100.0;40.0;0.3;100.0;40.0;0.2;100.0;40.0;1.5880888260594401;100.0;40.0;0.6761776521188803;100.0;40.0;1.5404441302972005;100.0;40.0;0.1;100.0;40.0;0.1;100.0;40.0;0.2;100.0;40.0;0.1;100.0;100.0;100.0;100.0;40.0;1.761776521188802;100.0;40.0;0.2642664781783203;100.0;40.0;0.1;100.0;40.0;0.1;100.0;40.0;0.1;100.0;40.0;0.1;100.0;40.0;0.1;100.0;40.0;0.5;100.0;40.0;2.4237090326944277
642;60.0;30.0;100.0;40.0;0.1;100.0;40.0;0.3;100.0;40.0;0.2;100.0;40.0;1.5936668993800178;100.0;40.0;0.6873337987600359;100.0;40.0;1.5683344969000896;100.0;40.0;0.1;100.0;40.0;0.1;100.0;40.0;0.2;100.0;40.0;0.1;100.0;100.0;100.0;100.0;40.0;1.8733379876003582;100.0;40.0;0.28100069814005374;100.0;40.0;0.1;100.0;40.0;0.1;100.0;40.0;0.1;100.0;40.0;0.1;100.0;40.0;0.1;100.0;40.0;0.5;100.0;40.0;2.719403872513626
643;60.0;30.0;100.0;40.0;0.1;100.0;40.0;0.3;100.0;40.0;0.2;100.0;40.0;1.5907053226799204;100.0;40.0;0.6814106453598409;100.0;40.0;1.5535266133996022;100.0;40.0;0.1;100.0;40.0;0.1;100.0;40.0;0.2;100.0;40.0;0.1;100.0;100.0;100.0;100.0;40.0;1.8141064535984086;100.0;40.0;0.2721159680397613;100.0;40.0;0.1;100.0;40.0;0.1;100.0;40.0;0.1;100.0;40.0;0.1;100.0;40.0;0.1;100.0;40.0;0.5;100.0;40.0;2.5571519305540296
644;60.0;30.0;100.0;40.0;0.1;100.0;40.0;0.3;100.0;40.0;0.2;100.0;40.0;1.588099873127629;100.0;40.0;0.676199746255258;100.0;40.0;1.540499365638145;100.0;40.0;0.1;100.0;40.0;0.1;100.0;40.0;0.2;100.0;40.0;0.1;100.0;100.0;100.0;100.0;40.0;1.7619974625525796;100.0;40.0;0.26429961938288693;100.0;40.0;0.1;100.0;40.0;0.1;100.0;40.0;0.1;100.0;40.0;0.1;100.0;40.0;0.1;100.0;40.0;0.5;100.0;40.0;2.4242545196670156
645;60.0;30.0;100.0;40.0;0.1;100.0;40.0;0.3;100.0;40.0;0.2;100.0;40.0;1.5936635061057343;100.0;40.0;0.6873270122114687;100.0;40.0;1.5683175305286716;100.0;40.0;0.1;100.0;40.0;0.1;100.0;40.0;0.2;100.0;40.0;0.1;100.0;100.0;100.0;100.0;40.0;1.8732701221146868;100.0;40.0;0.280990518317203;100.0;40.0;0.1;100.0;40.0;0.1;100.0;40.0;0.1;100.0;40.0;0.1;100.0;40.0;0.1;100.0;40.0;0.5;100.0;40.0;2.719210546960103
646;60.0;30.0;100.0;40.0;0.1;100.0;40.0;0.3;100.0;40.0;0.2;100.0;40.0;1.5906991666203603;100.0;40.0;0.6813983332407207;100.0;40.0;1.5534958331018018;100.0;40.0;0.1;100.0;40.0;0.1;100.0;40.0;0.2;100.0;40.0;0.1;100.0;100.0;100.0;100.0;40.0;1.8139833324072077;100.0;40.0;0.2720974998610811;100.0;40.0;0.1;100.0;40.0;0.1;100.0;40.0;0.1;100.0;40.0;0.1;100.0;40.0;0.1;100.0;40.0;0.5;100.0;40.0;2.556827561725978
647;60.0;30.0;100.0;40.0;0.1;100.0;40.0;0.3;100.0;40.0;0.2;100.0;40.0;1.588110842027093;100.0;40.0;0.676221684054186;100.0;40.0;1.5405542101354652;100.0;40.0;0.1;100.0;40.0;0.1;100.0;40.0;0.2;100.0;40.0;0.1;100.0;100.0;100.0;100.0;40.0;1.7622168405418606;100.0;40.0;0.26433252608127905;100.0;40.0;0.1;100.0;40.0;0.1;100.0;40.0;0.1;100.0;40.0;0.1;100.0;40.0;0.1;100.0;40.0;0.5;100.0;40.0;2.424796291348705
648;60.0;30.0;100.0;40.0;0.1;100.0;40.0;0.3;100.0;40.0;0.2;100.0;40.0;1.5936601200326912;100.0;40.0;0.6873202400653824;100.0;40.0;1.568300600163456;100.0;40.0;0.1;100.0;40.0;0.1;100.0;40.0;0.2;100.0;40.0;0.1;100.0;100.0;100.0;100.0;40.0;1.8732024006538242;100.0;40.0;0.2809803600980736;100.0;40.0;0.1;100.0;40.0;0.1;100.0;40.0;0.1;100.0;40.0;0.1;100.0;40.0;0.1;100.0;40.0;0.5;100.0;40.0;2.7190176494646314
649;60.0;30.0;100.0;40.0;0.1;100.0;40.0;0.3;100.0;40.0;0.2;100.0;40.0;1.5906930678795912;100.0;40.0;0.6813861357591826;100.0;40.0;1.5534653393979565;100.0;40.0;0.1;100.0;40.0;0.1;100.0;40.0;0.2;100.0;40.0;0.1;100.0;100.0;100.0;100.0;40.0;1.8138613575918259;100.0;40.0;0.27207920363877386;100.0;40.0;0.1;100.0;40.0;0.1;100.0;40.0;0.1;100.0;40.0;0.1;100.0;40.0;0.1;100.0;40.0;0.5;100.0;40.0;2.5565062634221802
650;60.0;30.0;100.0;40.0;0.1;100.0;40.0;0.3;100.0;40.0;0.2;100.0;40.0;1.5881217336303668;100.0;40.0;0.6762434672607337;100.0;40.0;1.5406086681518343;100.0;40.0;0.1;100.0;40.0;0.1;100.0;40.0;0.2;100.0;40.0;0.1;100.0;100.0;100.0;100.0;40.0;1.7624346726073372;100.0;40.0;0.26436520089110055;100.0;40.0;0.1;100.0;40.0;0.1;100.0;40.0;0.1;100.0;40.0;0.1;100.0;40.0;0.1;100.0;40.0;0.5;100.0;40.0;2.4253343878426947
651;60.0;30.0;100.0;40.0;0.1;100.0;40.0;0.3;100.0;40.0;0.2;100.0;40.0;1.5936567411922224;100.0;40.0;0.6873134823844449;100.0;40.0;1.568283705961112;100.0;40.0;0.1;100.0;40.0;0.1;100.0;40.0;0.2;100.0;40.0;0.1;100.0;100.0;100.0;100.0;40.0;1.8731348238444483;100.0;40.0;0.28097022357666723;100.0;40.0;0.1;100.0;40.0;0.1;100.0;40.0;0.1;100.0;40.0;0.1;100.0;40.0;0.1;100.0;40.0;0.5;100.0;40.0;2.7188251816957827
652;60.0;30.0;100.0;40.0;0.1;100.0;40.0;0.3;100.0;40.0;0.2;100.0;40.0;1.5906870257408794;100.0;40.0;0.6813740514817588;100.0;40.0;1.5534351287043968;100.0;40.0;0.1;100.0;40.0;0.1;100.0;40.0;0.2;100.0;40.0;0.1;100.0;100.0;100.0;100.0;40.0;1.8137405148175871;100.0;40.0;0.27206107722263806;100.0;40.0;0.1;100.0;40.0;0.1;100.0;40.0;0.1;100.0;40.0;0.1;100.0;40.0;0.1;100.0;40.0;0.5;100.0;40.0;2.5561879964652694
653;60.0;30.0;100.0;40.0;0.1;100.0;40.0;0.3;100.0;40.0;0.2;100.0;40.0;1.5881325487966051;100.0;40.0;0.6762650975932103;100.0;40.0;1.5406627439830256;100.0;40.0;0.1;100.0;40.0;0.1;100.0;40.0;0.2;100.0;40.0;0.1;100.0;100.0;100.0;100.0;40.0;1.7626509759321027;100.0;40.0;0.2643976463898154;100.0;40.0;0.1;100.0;40.0;0.1;100.0;40.0;0.1;100.0;40.0;0.1;100.0;40.0;0.1;100.0;40.0;0.5;100.0;40.0;2.425868848655138
654;60.0;30.0;100.0;40.0;0.1;100.0;40.0;0.3;100.0;40.0;0.2;100.0;40.0;1.5936533696139175;100.0;40.0;0.687306739227835;100.0;40.0;1.5682668480695876;100.0;40.0;0.1;100.0;40.0;0.1;100.0;40.0;0.2;100.0;40.0;0.1;100.0;100.0;100.0;100.0;40.0;1.8730673922783503;100.0;40.0;0.28096010884175254;100.0;40.0;0.1;100.0;40.0;0.1;100.0;40.0;0.1;100.0;40.0;0.1;100.0;40.0;0.1;100.0;40.0;0.5;100.0;40.0;2.718633145222404
655;60.0;30.0;100.0;40.0;0.1;100.0;40.0;0.3;100.0;40.0;0.2;100.0;40.0;1.5906810394991888;100.0;40.0;0.6813620789983775;100.0;40.0;1.5534051974959437;100.0;40.0;0.1;100.0;40.0;0.1;100.0;40.0;0.2;100.0;40.0;0.1;100.0;100.0;100.0;100.0;40.0;1.813620789983775;100.0;40.0;0.27204311849756624;100.0;40.0;0.1;100.0;40.0;0.1;100.0;40.0;0.1;100.0;40.0;0.1;100.0;40.0;0.1;100.0;40.0;0.5;100.0;40.0;2.5558727223310878
656;60.0;30.0;100.0;40.0;0.1;100.0;40.0;0.3;100.0;40.0;0.2;100.0;40.0;1.5881432883718434;100.0;40.0;0.6762865767436866;100.0;40.0;1.5407164418592167;100.0;40.0;0.1;100.0;40.0;0.1;100.0;40.0;0.2;100.0;40.0;0.1;100.0;100.0;100.0;100.0;40.0;1.7628657674368666;100.0;40.0;0.26442986511552996;100.0;40.0;0.1;100.0;40.0;0.1;100.0;40.0;0.1;100.0;40.0;0.1;100.0;40.0;0.1;100.0;40.0;0.5;100.0;40.0;2.4263997127064707
657;60.0;30.0;100.0;40.0;0.1;100.0;40.0;0.3;100.0;40.0;0.2;100.0;40.0;1.5936500053256764;100.0;40.0;0.6873000106513527;100.0;40.0;1.5682500266283816;100.0;40.0;0.1;100.0;40.0;0.1;100.0;40.0;0.2;100.0;40.0;0.1;100.0;100.0;100.0;100.0;40.0;1.8730001065135267;100.0;40.0;0.280950015977029;100.0;40.0;0.1;100.0;40.0;0.1;100.0;40.0;0.1;100.0;40.0;0.1;100.0;40.0;0.1;100.0;40.0;0.5;100.0;40.0;2.718441541516777
658;60.0;30.0;100.0;40.0;0.1;100.0;40.0;0.3;100.0;40.0;0.2;100.0;40.0;1.5906751084609443;100.0;40.0;0.6813502169218886;100.0;40.0;1.5533755423047213;100.0;40.0;0.1;100.0;40.0;0.1;100.0;40.0;0.2;100.0;40.0;0.1;100.0;100.0;100.0;100.0;40.0;1.8135021692188855;100.0;40.0;0.2720253253828328;100.0;40.0;0.1;100.0;40.0;0.1;100.0;40.0;0.1;100.0;40.0;0.1;100.0;40.0;0.1;100.0;40.0;0.5;100.0;40.0;2.555560403135146
659;60.0;30.0;100.0;40.0;0.1;100.0;40.0;0.3;100.0;40.0;0.2;100.0;40.0;1.5881539531892528;100.0;40.0;0.6763079063785058;100.0;40.0;1.5407697659462647;100.0;40.0;0.1;100.0;40.0;0.1;100.0;40.0;0.2;100.0;40.0;0.1;100.0;100.0;100.0;100.0;40.0;1.7630790637850584;100.0;40.0;0.26446185956775875;100.0;40.0;0.1;100.0;40.0;0.1;100.0;40.0;0.1;100.0;40.0;0.1;100.0;40.0;0.1;100.0;40.0;0.5;100.0;40.0;2.4269270183425102
660;60.0;30.0;100.0;40.0;0.1;100.0;40.0;0.3;100.0;40.0;0.2;100.0;40.0;1.5936466483537617;100.0;40.0;0.6872932967075236;100.0;40.0;1.5682332417688087;100.0;40.0;0.1;100.0;40.0;0.1;100.0;40.0;0.2;100.0;40.0;0.1;100.0;100.0;100.0;100.0;40.0;1.8729329670752353;100.0;40.0;0.2809399450612853;100.0;40.0;0.1;100.0;40.0;0.1;100.0;40.0;0.1;100.0;40.0;0.1;100.0;40.0;0.1;100.0;40.0;0.5;100.0;40.0;2.7182503719576707
661;60.0;30.0;100.0;40.0;0.1;100.0;40.0;0.3;100.0;40.0;0.2;100.0;40.0;1.5906692319438;100.0;40.0;0.6813384638876002;100.0;40.0;1.5533461597190004;100.0;40.0;0.1;100.0;40.0;0.1;100.0;40.0;0.2;100.0;40.0;0.1;100.0;100.0;100.0;100.0;40.0;1.8133846388760018;100.0;40.0;0.2720076958314003;100.0;40.0;0.1;100.0;40.0;0.1;100.0;40.0;0.1;100.0;40.0;0.1;100.0;40.0;0.1;100.0;40.0;0.5;100.0;40.0;2.5552510016194336
662;60.0;30.0;100.0;40.0;0.1;100.0;40.0;0.3;100.0;40.0;0.2;100.0;40.0;1.58816454406939;100.0;40.0;0.6763290881387798;100.0;40.0;1.5408227203469496;100.0;40.0;0.1;100.0;40.0;0.1;100.0;40.0;0.2;100.0;40.0;0.1;100.0;100.0;100.0;100.0;40.0;1.7632908813877979;100.0;40.0;0.2644936322081697;100.0;40.0;0.1;100.0;40.0;0.1;100.0;40.0;0.1;100.0;40.0;0.1;100.0;40.0;0.1;100.0;40.0;0.5;100.0;40.0;2.4274508033452658
663;60.0;30.0;100.0;40.0;0.1;100.0;40.0;0.3;100.0;40.0;0.2;100.0;40.0;1.593643298722851;100.0;40.0;0.6872865974457023;100.0;40.0;1.5682164936142557;100.0;40.0;0.1;100.0;40.0;0.1;100.0;40.0;0.2;100.0;40.0;0.1;100.0;100.0;100.0;100.0;40.0;1.8728659744570229;100.0;40.0;0.2809298961685534;100.0;40.0;0.1;100.0;40.0;0.1;100.0;40.0;0.1;100.0;40.0;0.1;100.0;40.0;0.1;100.0;40.0;0.5;100.0;40.0;2.7180596378333144
664;60.0;30.0;100.0;40.0;0.1;100.0;40.0;0.3;100.0;40.0;0.2;100.0;40.0;1.5906634092764136;100.0;40.0;0.6813268185528273;100.0;40.0;1.5533170463820682;100.0;40.0;0.1;100.0;40.0;0.1;100.0;40.0;0.2;100.0;40.0;0.1;100.0;100.0;100.0;100.0;40.0;1.813268185528273;100.0;40.0;0.2719902278292409;100.0;40.0;0.1;100.0;40.0;0.1;100.0;40.0;0.1;100.0;40.0;0.1;100.0;40.0;0.1;100.0;40.0;0.5;100.0;40.0;2.554944481139535
665;60.0;30.0;100.0;40.0;0.1;100.0;40.0;0.3;100.0;40.0;0.2;100.0;40.0;1.5881750618204378;100.0;40.0;0.6763501236408759;100.0;40.0;1.5408753091021896;100.0;40.0;0.1;100.0;40.0;0.1;100.0;40.0;0.2;100.0;40.0;0.1;100.0;100.0;100.0;100.0;40.0;1.7635012364087586;100.0;40.0;0.26452518546131376;100.0;40.0;0.1;100.0;40.0;0.1;100.0;40.0;0.1;100.0;40.0;0.1;100.0;40.0;0.1;100.0;40.0;0.5;100.0;40.0;2.4279711049435235
666;60.0;30.0;100.0;40.0;0.1;100.0;40.0;0.3;100.0;40.0;0.2;100.0;40.0;1.5936399564560857;100.0;40.0;0.6872799129121714;100.0;40.0;1.5681997822804283;100.0;40.0;0.1;100.0;40.0;0.1;100.0;40.0;0.2;100.0;40.0;0.1;100.0;100.0;100.0;100.0;40.0;1.8727991291217132;100.0;40.0;0.28091986936825697;100.0;40.0;0.1;100.0;40.0;0.1;100.0;40.0;0.1;100.0;40.0;0.1;100.0;40.0;0.1;100.0;40.0;0.5;100.0;40.0;2.717869340344253
667;60.0;30.0;100.0;40.0;0.1;100.0;40.0;0.3;100.0;40.0;0.2;100.0;40.0;1.5906576397982253;100.0;40.0;0.6813152795964507;100.0;40.0;1.5532881989911267;100.0;40.0;0.1;100.0;40.0;0.1;100.0;40.0;0.2;100.0;40.0;0.1;100.0;100.0;100.0;100.0;40.0;1.8131527959645068;100.0;40.0;0.271972919394676;100.0;40.0;0.1;100.0;40.0;0.1;100.0;40.0;0.1;100.0;40.0;0.1;100.0;40.0;0.1;100.0;40.0;0.5;100.0;40.0;2.5546408056520775
668;60.0;30.0;100.0;40.0;0.1;100.0;40.0;0.3;100.0;40.0;0.2;100.0;40.0;1.5881855072384456;100.0;40.0;0.6763710144768915;100.0;40.0;1.540927536192229;100.0;40.0;0.1;100.0;40.0;0.1;100.0;40.0;0.2;100.0;40.0;0.1;100.0;100.0;100.0;100.0;40.0;1.7637101447689156;100.0;40.0;0.26455652171533733;100.0;40.0;0.1;100.0;40.0;0.1;100.0;40.0;0.1;100.0;40.0;0.1;100.0;40.0;0.1;100.0;40.0;0.5;100.0;40.0;2.428487959823188
669;60.0;30.0;100.0;40.0;0.1;100.0;40.0;0.3;100.0;40.0;0.2;100.0;40.0;1.5936366215751183;100.0;40.0;0.6872732431502369;100.0;40.0;1.568183107875592;100.0;40.0;0.1;100.0;40.0;0.1;100.0;40.0;0.2;100.0;40.0;0.1;100.0;100.0;100.0;100.0;40.0;1.872732431502368;100.0;40.0;0.2809098647253552;100.0;40.0;0.1;100.0;40.0;0.1;100.0;40.0;0.1;100.0;40.0;0.1;100.0;40.0;0.1;100.0;40.0;0.5;100.0;40.0;2.717679480606125
670;60.0;30.0;100.0;40.0;0.1;100.0;40.0;0.3;100.0;40.0;0.2;100.0;40.0;1.5906519228592433;100.0;40.0;0.6813038457184867;100.0;40.0;1.5532596142962167;100.0;40.0;0.1;100.0;40.0;0.1;100.0;40.0;0.2;100.0;40.0;0.1;100.0;100.0;100.0;100.0;40.0;1.8130384571848668;100.0;40.0;0.27195576857773;100.0;40.0;0.1;100.0;40.0;0.1;100.0;40.0;0.1;100.0;40.0;0.1;100.0;40.0;0.1;100.0;40.0;0.5;100.0;40.0;2.55433993970248
671;60.0;30.0;100.0;40.0;0.1;100.0;40.0;0.3;100.0;40.0;0.2;100.0;40.0;1.588195881107559;100.0;40.0;0.6763917622151179;100.0;40.0;1.5409794055377946;100.0;40.0;0.1;100.0;40.0;0.1;100.0;40.0;0.2;100.0;40.0;0.1;100.0;100.0;100.0;100.0;40.0;1.7639176221511783;100.0;40.0;0.26458764332267676;100.0;40.0;0.1;100.0;40.0;0.1;100.0;40.0;0.1;100.0;40.0;0.1;100.0;40.0;0.1;100.0;40.0;0.5;100.0;40.0;2.429001404137374
672;60.0;30.0;100.0;40.0;0.1;100.0;40.0;0.3;100.0;40.0;0.2;100.0;40.0;1.593633294100161;100.0;40.0;0.6872665882003219;100.0;40.0;1.568166470500805;100.0;40.0;0.1;100.0;40.0;0.1;100.0;40.0;0.2;100.0;40.0;0.1;100.0;100.0;100.0;100.0;40.0;1.8726658820032196;100.0;40.0;0.2808998823004829;100.0;40.0;0.1;100.0;40.0;0.1;100.0;40.0;0.1;100.0;40.0;0.1;100.0;40.0;0.1;100.0;40.0;0.5;100.0;40.0;2.71749005965236
673;60.0;30.0;100.0;40.0;0.1;100.0;40.0;0.3;100.0;40.0;0.2;100.0;40.0;1.5906462578198335;100.0;40.0;0.6812925156396672;100.0;40.0;1.553231289099168;100.0;40.0;0.1;100.0;40.0;0.1;100.0;40.0;0.2;100.0;40.0;0.1;100.0;100.0;100.0;100.0;40.0;1.8129251563966717;100.0;40.0;0.27193877345950074;100.0;40.0;0.1;100.0;40.0;0.1;100.0;40.0;0.1;100.0;40.0;0.1;100.0;40.0;0.1;100.0;40.0;0.5;100.0;40.0;2.554041848413003
674;60.0;30.0;100.0;40.0;0.1;100.0;40.0;0.3;100.0;40.0;0.2;100.0;40.0;1.588206184200246;100.0;40.0;0.6764123684004921;100.0;40.0;1.54103092100123;100.0;40.0;0.1;100.0;40.0;0.1;100.0;40.0;0.2;100.0;40.0;0.1;100.0;100.0;100.0;100.0;40.0;1.7641236840049206;100.0;40.0;0.2646185526007381;100.0;40.0;0.1;100.0;40.0;0.1;100.0;40.0;0.1;100.0;40.0;0.1;100.0;40.0;0.1;100.0;40.0;0.5;100.0;40.0;2.429511473516287
675;60.0;30.0;100.0;40.0;0.1;100.0;40.0;0.3;100.0;40.0;0.2;100.0;40.0;1.5936299740500286;100.0;40.0;0.6872599481000571;100.0;40.0;1.5681498702501426;100.0;40.0;0.1;100.0;40.0;0.1;100.0;40.0;0.2;100.0;40.0;0.1;100.0;100.0;100.0;100.0;40.0;1.8725994810005708;100.0;40.0;0.2808899221500856;100.0;40.0;0.1;100.0;40.0;0.1;100.0;40.0;0.1;100.0;40.0;0.1;100.0;40.0;0.1;100.0;40.0;0.5;100.0;40.0;2.717301078436775
676;60.0;30.0;100.0;40.0;0.1;100.0;40.0;0.3;100.0;40.0;0.2;100.0;40.0;1.5906406440505145;100.0;40.0;0.6812812881010294;100.0;40.0;1.5532032202525734;100.0;40.0;0.1;100.0;40.0;0.1;100.0;40.0;0.2;100.0;40.0;0.1;100.0;100.0;100.0;100.0;40.0;1.8128128810102935;100.0;40.0;0.27192193215154403;100.0;40.0;0.1;100.0;40.0;0.1;100.0;40.0;0.1;100.0;40.0;0.1;100.0;40.0;0.1;100.0;40.0;0.5;100.0;40.0;2.5537464974710846
677;60.0;30.0;100.0;40.0;0.1;100.0;40.0;0.3;100.0;40.0;0.2;100.0;40.0;1.5882164172775202;100.0;40.0;0.6764328345550407;100.0;40.0;1.5410820863876016;100.0;40.0;0.1;100.0;40.0;0.1;100.0;40.0;0.2;100.0;40.0;0.1;100.0;100.0;100.0;100.0;40.0;1.7643283455504064;100.0;40.0;0.26464925183256094;100.0;40.0;0.1;100.0;40.0;0.1;100.0;40.0;0.1;100.0;40.0;0.1;100.0;40.0;0.1;100.0;40.0;0.5;100.0;40.0;2.4300182030768736
678;60.0;30.0;100.0;40.0;0.1;100.0;40.0;0.3;100.0;40.0;0.2;100.0;40.0;1.5936266614421832;100.0;40.0;0.6872533228843667;100.0;40.0;1.5681333072109167;100.0;40.0;0.1;100.0;40.0;0.1;100.0;40.0;0.2;100.0;40.0;0.1;100.0;100.0;100.0;100.0;40.0;1.8725332288436667;100.0;40.0;0.28087998432655;100.0;40.0;0.1;100.0;40.0;0.1;100.0;40.0;0.1;100.0;40.0;0.1;100.0;40.0;0.1;100.0;40.0;0.5;100.0;40.0;2.717112537836096
679;60.0;30.0;100.0;40.0;0.1;100.0;40.0;0.3;100.0;40.0;0.2;100.0;40.0;1.590635080931758;100.0;40.0;0.6812701618635159;100.0;40.0;1.5531754046587896;100.0;40.0;0.1;100.0;40.0;0.1;100.0;40.0;0.2;100.0;40.0;0.1;100.0;100.0;100.0;100.0;40.0;1.8127016186351586;100.0;40.0;0.2719052427952738;100.0;40.0;0.1;100.0;40.0;0.1;100.0;40.0;0.1;100.0;40.0;0.1;100.0;40.0;0.1;100.0;40.0;0.5;100.0;40.0;2.5534538531179702
680;60.0;30.0;100.0;40.0;0.1;100.0;40.0;0.3;100.0;40.0;0.2;100.0;40.0;1.5882265810891556;100.0;40.0;0.6764531621783111;100.0;40.0;1.5411329054457776;100.0;40.0;0.1;100.0;40.0;0.1;100.0;40.0;0.2;100.0;40.0;0.1;100.0;100.0;100.0;100.0;40.0;1.7645316217831108;100.0;40.0;0.2646797432674666;100.0;40.0;0.1;100.0;40.0;0.1;100.0;40.0;0.1;100.0;40.0;0.1;100.0;40.0;0.1;100.0;40.0;0.5;100.0;40.0;2.430521627432256
681;60.0;30.0;100.0;40.0;0.1;100.0;40.0;0.3;100.0;40.0;0.2;100.0;40.0;1.593623356292777;100.0;40.0;0.6872467125855544;100.0;40.0;1.568116781463886;100.0;40.0;0.1;100.0;40.0;0.1;100.0;40.0;0.2;100.0;40.0;0.1;100.0;100.0;100.0;100.0;40.0;1.8724671258555434;100.0;40.0;0.2808700688783315;100.0;40.0;0.1;100.0;40.0;0.1;100.0;40.0;0.1;100.0;40.0;0.1;100.0;40.0;0.1;100.0;40.0;0.5;100.0;40.0;2.7169244386524105
682;60.0;30.0;100.0;40.0;0.1;100.0;40.0;0.3;100.0;40.0;0.2;100.0;40.0;1.5906295678537916;100.0;40.0;0.6812591357075832;100.0;40.0;1.553147839268958;100.0;40.0;0.1;100.0;40.0;0.1;100.0;40.0;0.2;100.0;40.0;0.1;100.0;100.0;100.0;100.0;40.0;1.8125913570758316;100.0;40.0;0.27188870356137473;100.0;40.0;0.1;100.0;40.0;0.1;100.0;40.0;0.1;100.0;40.0;0.1;100.0;40.0;0.1;100.0;40.0;0.5;100.0;40.0;2.553163882137593
683;60.0;30.0;100.0;40.0;0.1;100.0;40.0;0.3;100.0;40.0;0.2;100.0;40.0;1.588236676373897;100.0;40.0;0.6764733527477944;100.0;40.0;1.541183381869486;100.0;40.0;0.1;100.0;40.0;0.1;100.0;40.0;0.2;100.0;40.0;0.1;100.0;100.0;100.0;100.0;40.0;1.764733527477944;100.0;40.0;0.2647100291216916;100.0;40.0;0.1;100.0;40.0;0.1;100.0;40.0;0.1;100.0;40.0;0.1;100.0;40.0;0.1;100.0;40.0;0.5;100.0;40.0;2.4310217807009535
684;60.0;30.0;100.0;40.0;0.1;100.0;40.0;0.3;100.0;40.0;0.2;100.0;40.0;1.5936200586166922;100.0;40.0;0.6872401172333846;100.0;40.0;1.5681002930834615;100.0;40.0;0.1;100.0;40.0;0.1;100.0;40.0;0.2;100.0;40.0;0.1;100.0;100.0;100.0;100.0;40.0;1.8724011723338465;100.0;40.0;0.28086017585007694;100.0;40.0;0.1;100.0;40.0;0.1;100.0;40.0;0.1;100.0;40.0;0.1;100.0;40.0;0.1;100.0;40.0;0.5;100.0;40.0;2.7167367816155297
685;60.0;30.0;100.0;40.0;0.1;100.0;40.0;0.3;100.0;40.0;0.2;100.0;40.0;1.5906241042164102;100.0;40.0;0.6812482084328207;100.0;40.0;1.5531205210820518;100.0;40.0;0.1;100.0;40.0;0.1;100.0;40.0;0.2;100.0;40.0;0.1;100.0;100.0;100.0;100.0;40.0;1.8124820843282075;100.0;40.0;0.2718723126492311;100.0;40.0;0.1;100.0;40.0;0.1;100.0;40.0;0.1;100.0;40.0;0.1;100.0;40.0;0.1;100.0;40.0;0.5;100.0;40.0;2.552876551845755
686;60.0;30.0;100.0;40.0;0.1;100.0;40.0;0.3;100.0;40.0;0.2;100.0;40.0;1.5882467038596688;100.0;40.0;0.6764934077193379;100.0;40.0;1.5412335192983446;100.0;40.0;0.1;100.0;40.0;0.1;100.0;40.0;0.2;100.0;40.0;0.1;100.0;100.0;100.0;100.0;40.0;1.7649340771933781;100.0;40.0;0.26474011157900673;100.0;40.0;0.1;100.0;40.0;0.1;100.0;40.0;0.1;100.0;40.0;0.1;100.0;40.0;0.1;100.0;40.0;0.5;100.0;40.0;2.4315186965159015
687;60.0;30.0;100.0;40.0;0.1;100.0;40.0;0.3;100.0;40.0;0.2;100.0;40.0;1.5936167684275813;100.0;40.0;0.6872335368551624;100.0;40.0;1.5680838421379062;100.0;40.0;0.1;100.0;40.0;0.1;100.0;40.0;0.2;100.0;40.0;0.1;100.0;100.0;100.0;100.0;40.0;1.8723353685516244;100.0;40.0;0.28085030528274363;100.0;40.0;0.1;100.0;40.0;0.1;100.0;40.0;0.1;100.0;40.0;0.1;100.0;40.0;0.1;100.0;40.0;0.5;100.0;40.0;2.7165495673852798
688;60.0;30.0;100.0;40.0;0.1;100.0;40.0;0.3;100.0;40.0;0.2;100.0;40.0;1.5906186894287888;100.0;40.0;0.6812373788575777;100.0;40.0;1.5530934471439444;100.0;40.0;0.1;100.0;40.0;0.1;100.0;40.0;0.2;100.0;40.0;0.1;100.0;100.0;100.0;100.0;40.0;1.8123737885757774;100.0;40.0;0.2718560682863666;100.0;40.0;0.1;100.0;40.0;0.1;100.0;40.0;0.1;100.0;40.0;0.1;100.0;40.0;0.1;100.0;40.0;0.5;100.0;40.0;2.5525918300795354
689;60.0;30.0;100.0;40.0;0.1;100.0;40.0;0.3;100.0;40.0;0.2;100.0;40.0;1.588256664263774;100.0;40.0;0.6765133285275482;100.0;40.0;1.5412833213188704;100.0;40.0;0.1;100.0;40.0;0.1;100.0;40.0;0.2;100.0;40.0;0.1;100.0;100.0;100.0;100.0;40.0;1.7651332852754817;100.0;40.0;0.26476999279132224;100.0;40.0;0.1;100.0;40.0;0.1;100.0;40.0;0.1;100.0;40.0;0.1;100.0;40.0;0.1;100.0;40.0;0.5;100.0;40.0;2.432012408033271
690;60.0;30.0;100.0;40.0;0.1;100.0;40.0;0.3;100.0;40.0;0.2;100.0;40.0;1.593613485737905;100.0;40.0;0.6872269714758099;100.0;40.0;1.5680674286895249;100.0;40.0;0.1;100.0;40.0;0.1;100.0;40.0;0.2;100.0;40.0;0.1;100.0;100.0;100.0;100.0;40.0;1.8722697147580993;100.0;40.0;0.28084045721371487;100.0;40.0;0.1;100.0;40.0;0.1;100.0;40.0;0.1;100.0;40.0;0.1;100.0;40.0;0.1;100.0;40.0;0.5;100.0;40.0;2.716362796553728
691;60.0;30.0;100.0;40.0;0.1;100.0;40.0;0.3;100.0;40.0;0.2;100.0;40.0;1.5906133229092996;100.0;40.0;0.6812266458185992;100.0;40.0;1.553066614546498;100.0;40.0;0.1;100.0;40.0;0.1;100.0;40.0;0.2;100.0;40.0;0.1;100.0;100.0;100.0;100.0;40.0;1.8122664581859915;100.0;40.0;0.27183996872789873;100.0;40.0;0.1;100.0;40.0;0.1;100.0;40.0;0.1;100.0;40.0;0.1;100.0;40.0;0.1;100.0;40.0;0.5;100.0;40.0;2.5523096851869704
692;60.0;30.0;100.0;40.0;0.1;100.0;40.0;0.3;100.0;40.0;0.2;100.0;40.0;1.588266558293093;100.0;40.0;0.6765331165861862;100.0;40.0;1.5413327914654655;100.0;40.0;0.1;100.0;40.0;0.1;100.0;40.0;0.2;100.0;40.0;0.1;100.0;100.0;100.0;100.0;40.0;1.7653311658618618;100.0;40.0;0.26479967487927925;100.0;40.0;0.1;100.0;40.0;0.1;100.0;40.0;0.1;100.0;40.0;0.1;100.0;40.0;0.1;100.0;40.0;0.5;100.0;40.0;2.432502947941092
693;60.0;30.0;100.0;40.0;0.1;100.0;40.0;0.3;100.0;40.0;0.2;100.0;40.0;1.5936102105589707;100.0;40.0;0.6872204211179415;100.0;40.0;1.5680510527948535;100.0;40.0;0.1;100.0;40.0;0.1;100.0;40.0;0.2;100.0;40.0;0.1;100.0;100.0;100.0;100.0;40.0;1.8722042111794142;100.0;40.0;0.28083063167691213;100.0;40.0;0.1;100.0;40.0;0.1;100.0;40.0;0.1;100.0;40.0;0.1;100.0;40.0;0.1;100.0;40.0;0.5;100.0;40.0;2.7161764696473405
694;60.0;30.0;100.0;40.0;0.1;100.0;40.0;0.3;100.0;40.0;0.2;100.0;40.0;1.590608004085335;100.0;40.0;0.6812160081706701;100.0;40.0;1.553040020426675;100.0;40.0;0.1;100.0;40.0;0.1;100.0;40.0;0.2;100.0;40.0;0.1;100.0;100.0;100.0;100.0;40.0;1.8121600817067003;100.0;40.0;0.27182401225600505;100.0;40.0;0.1;100.0;40.0;0.1;100.0;40.0;0.1;100.0;40.0;0.1;100.0;40.0;0.1;100.0;40.0;0.5;100.0;40.0;2.552030086016963
695;60.0;30.0;100.0;40.0;0.1;100.0;40.0;0.3;100.0;40.0;0.2;100.0;40.0;1.5882763866442757;100.0;40.0;0.6765527732885518;100.0;40.0;1.5413819332213794;100.0;40.0;0.1;100.0;40.0;0.1;100.0;40.0;0.2;100.0;40.0;0.1;100.0;100.0;100.0;100.0;40.0;1.765527732885518;100.0;40.0;0.2648291599328277;100.0;40.0;0.1;100.0;40.0;0.1;100.0;40.0;0.1;100.0;40.0;0.1;100.0;40.0;0.1;100.0;40.0;0.5;100.0;40.0;2.4329903484676865
696;60.0;30.0;100.0;40.0;0.1;100.0;40.0;0.3;100.0;40.0;0.2;100.0;40.0;1.5936069429009676;100.0;40.0;0.6872138858019354;100.0;40.0;1.5680347145048388;100.0;40.0;0.1;100.0;40.0;0.1;100.0;40.0;0.2;100.0;40.0;0.1;100.0;100.0;100.0;100.0;40.0;1.8721388580193548;100.0;40.0;0.2808208287029032;100.0;40.0;0.1;100.0;40.0;0.1;100.0;40.0;0.1;100.0;40.0;0.1;100.0;40.0;0.1;100.0;40.0;0.5;100.0;40.0;2.715990587129064
697;60.0;30.0;100.0;40.0;0.1;100.0;40.0;0.3;100.0;40.0;0.2;100.0;40.0;1.5906027323931342;100.0;40.0;0.6812054647862683;100.0;40.0;1.553013661965671;100.0;40.0;0.1;100.0;40.0;0.1;100.0;40.0;0.2;100.0;40.0;0.1;100.0;100.0;100.0;100.0;40.0;1.8120546478626833;100.0;40.0;0.27180819717940247;100.0;40.0;0.1;100.0;40.0;0.1;100.0;40.0;0.1;100.0;40.0;0.1;100.0;40.0;0.1;100.0;40.0;0.5;100.0;40.0;2.5517530019094488
698;60.0;30.0;100.0;40.0;0.1;100.0;40.0;0.3;100.0;40.0;0.2;100.0;40.0;1.5882861500039305;100.0;40.0;0.6765723000078608;100.0;40.0;1.5414307500196522;100.0;40.0;0.1;100.0;40.0;0.1;100.0;40.0;0.2;100.0;40.0;0.1;100.0;100.0;100.0;100.0;40.0;1.7657230000786086;100.0;40.0;0.26485845001179126;100.0;40.0;0.1;100.0;40.0;0.1;100.0;40.0;0.1;100.0;40.0;0.1;100.0;40.0;0.1;100.0;40.0;0.5;100.0;40.0;2.433474641389919
699;60.0;30.0;100.0;40.0;0.1;100.0;40.0;0.3;100.0;40.0;0.2;100.0;40.0;1.5936036827730027;100.0;40.0;0.6872073655460053;100.0;40.0;1.5680184138650133;100.0;40.0;0.1;100.0;40.0;0.1;100.0;40.0;0.2;100.0;40.0;0.1;100.0;100.0;100.0;100.0;40.0;1.8720736554600528;100.0;40.0;0.2808110483190079;100.0;40.0;0.1;100.0;40.0;0.1;100.0;40.0;0.1;100.0;40.0;0.1;100.0;40.0;0.1;100.0;40.0;0.5;100.0;40.0;2.715805149400356
700;60.0;30.0;100.0;40.0;0.1;100.0;40.0;0.3;100.0;40.0;0.2;100.0;40.0;1.5905975072776126;100.0;40.0;0.6811950145552254;100.0;40.0;1.5529875363880634;100.0;40.0;0.1;100.0;40.0;0.1;100.0;40.0;0.2;100.0;40.0;0.1;100.0;100.0;100.0;100.0;40.0;1.8119501455522538;100.0;40.0;0.27179252183283803;100.0;40.0;0.1;100.0;40.0;0.1;100.0;40.0;0.1;100.0;40.0;0.1;100.0;40.0;0.1;100.0;40.0;0.5;100.0;40.0;2.551478402685775
701;60.0;30.0;100.0;40.0;0.1;100.0;40.0;0.3;100.0;40.0;0.2;100.0;40.0;1.5882958490488068;100.0;40.0;0.6765916980976137;100.0;40.0;1.541479245244034;100.0;40.0;0.1;100.0;40.0;0.1;100.0;40.0;0.2;100.0;40.0;0.1;100.0;100.0;100.0;100.0;40.0;1.765916980976136;100.0;40.0;0.2648875471464204;100.0;40.0;0.1;100.0;40.0;0.1;100.0;40.0;0.1;100.0;40.0;0.1;100.0;40.0;0.1;100.0;40.0;0.5;100.0;40.0;2.433955858041265
702;60.0;30.0;100.0;40.0;0.1;100.0;40.0;0.3;100.0;40.0;0.2;100.0;40.0;1.593600430183133;100.0;40.0;0.6872008603662662;100.0;40.0;1.5680021509156652;100.0;40.0;0.1;100.0;40.0;0.1;100.0;40.0;0.2;100.0;40.0;0.1;100.0;100.0;100.0;100.0;40.0;1.872008603662661;100.0;40.0;0.2808012905493992;100.0;40.0;0.1;100.0;40.0;0.1;100.0;40.0;0.1;100.0;40.0;0.1;100.0;40.0;0.1;100.0;40.0;0.5;100.0;40.0;2.7156201568031335
703;60.0;30.0;100.0;40.0;0.1;100.0;40.0;0.3;100.0;40.0;0.2;100.0;40.0;1.5905923281921972;100.0;40.0;0.6811846563843944;100.0;40.0;1.552961640960986;100.0;40.0;0.1;100.0;40.0;0.1;100.0;40.0;0.2;100.0;40.0;0.1;100.0;100.0;100.0;100.0;40.0;1.8118465638439445;100.0;40.0;0.27177698457659166;100.0;40.0;0.1;100.0;40.0;0.1;100.0;40.0;0.1;100.0;40.0;0.1;100.0;40.0;0.1;100.0;40.0;0.5;100.0;40.0;2.5512062586393203
704;60.0;30.0;100.0;40.0;0.1;100.0;40.0;0.3;100.0;40.0;0.2;100.0;40.0;1.5883054844459772;100.0;40.0;0.6766109688919546;100.0;40.0;1.5415274222298867;100.0;40.0;0.1;100.0;40.0;0.1;100.0;40.0;0.2;100.0;40.0;0.1;100.0;100.0;100.0;100.0;40.0;1.7661096889195464;100.0;40.0;0.26491645333793196;100.0;40.0;0.1;100.0;40.0;0.1;100.0;40.0;0.1;100.0;40.0;0.1;100.0;40.0;0.1;100.0;40.0;0.5;100.0;40.0;2.434434029319707
705;60.0;30.0;100.0;40.0;0.1;100.0;40.0;0.3;100.0;40.0;0.2;100.0;40.0;1.5935971851384008;100.0;40.0;0.6871943702768019;100.0;40.0;1.5679859256920046;100.0;40.0;0.1;100.0;40.0;0.1;100.0;40.0;0.2;100.0;40.0;0.1;100.0;100.0;100.0;100.0;40.0;1.8719437027680181;100.0;40.0;0.28079155541520273;100.0;40.0;0.1;100.0;40.0;0.1;100.0;40.0;0.1;100.0;40.0;0.1;100.0;40.0;0.1;100.0;40.0;0.5;100.0;40.0;2.715435609621688
706;60.0;30.0;100.0;40.0;0.1;100.0;40.0;0.3;100.0;40.0;0.2;100.0;40.0;1.5905871945986632;100.0;40.0;0.6811743891973265;100.0;40.0;1.552935972993316;100.0;40.0;0.1;100.0;40.0;0.1;100.0;40.0;0.2;100.0;40.0;0.1;100.0;100.0;100.0;100.0;40.0;1.8117438919732647;100.0;40.0;0.2717615837959897;100.0;40.0;0.1;100.0;40.0;0.1;100.0;40.0;0.1;100.0;40.0;0.1;100.0;40.0;0.1;100.0;40.0;0.5;100.0;40.0;2.550936540526318
707;60.0;30.0;100.0;40.0;0.1;100.0;40.0;0.3;100.0;40.0;0.2;100.0;40.0;1.5883150568530124;100.0;40.0;0.6766301137060252;100.0;40.0;1.541575284265063;100.0;40.0;0.1;100.0;40.0;0.1;100.0;40.0;0.2;100.0;40.0;0.1;100.0;100.0;100.0;100.0;40.0;1.7663011370602517;100.0;40.0;0.26494517055903777;100.0;40.0;0.1;100.0;40.0;0.1;100.0;40.0;0.1;100.0;40.0;0.1;100.0;40.0;0.1;100.0;40.0;0.5;100.0;40.0;2.434909185695456
708;60.0;30.0;100.0;40.0;0.1;100.0;40.0;0.3;100.0;40.0;0.2;100.0;40.0;1.5935939476448642;100.0;40.0;0.6871878952897283;100.0;40.0;1.567969738224321;100.0;40.0;0.1;100.0;40.0;0.1;100.0;40.0;0.2;100.0;40.0;0.1;100.0;100.0;100.0;100.0;40.0;1.8718789528972835;100.0;40.0;0.2807818429345925;100.0;40.0;0.1;100.0;40.0;0.1;100.0;40.0;0.1;100.0;40.0;0.1;100.0;40.0;0.1;100.0;40.0;0.5;100.0;40.0;2.71525150808452
709;60.0;30.0;100.0;40.0;0.1;100.0;40.0;0.3;100.0;40.0;0.2;100.0;40.0;1.5905821059669767;100.0;40.0;0.6811642119339536;100.0;40.0;1.5529105298348842;100.0;40.0;0.1;100.0;40.0;0.1;100.0;40.0;0.2;100.0;40.0;0.1;100.0;100.0;100.0;100.0;40.0;1.8116421193395364;100.0;40.0;0.27174631790093046;100.0;40.0;0.1;100.0;40.0;0.1;100.0;40.0;0.1;100.0;40.0;0.1;100.0;40.0;0.1;100.0;40.0;0.5;100.0;40.0;2.550669219556907
710;60.0;30.0;100.0;40.0;0.1;100.0;40.0;0.3;100.0;40.0;0.2;100.0;40.0;1.5883245669181536;100.0;40.0;0.6766491338363074;100.0;40.0;1.5416228345907685;100.0;40.0;0.1;100.0;40.0;0.1;100.0;40.0;0.2;100.0;40.0;0.1;100.0;100.0;100.0;100.0;40.0;1.7664913383630743;100.0;40.0;0.26497370075446114;100.0;40.0;0.1;100.0;40.0;0.1;100.0;40.0;0.1;100.0;40.0;0.1;100.0;40.0;0.1;100.0;40.0;0.5;100.0;40.0;2.4353813572185112
711;60.0;30.0;100.0;40.0;0.1;100.0;40.0;0.3;100.0;40.0;0.2;100.0;40.0;1.5935907177076278;100.0;40.0;0.6871814354152558;100.0;40.0;1.5679535885381395;100.0;40.0;0.1;100.0;40.0;0.1;100.0;40.0;0.2;100.0;40.0;0.1;100.0;100.0;100.0;100.0;40.0;1.8718143541525578;100.0;40.0;0.28077215312288367;100.0;40.0;0.1;100.0;40.0;0.1;100.0;40.0;0.1;100.0;40.0;0.1;100.0;40.0;0.1;100.0;40.0;0.5;100.0;40.0;2.715067852366127
712;60.0;30.0;100.0;40.0;0.1;100.0;40.0;0.3;100.0;40.0;0.2;100.0;40.0;1.59057706177514;100.0;40.0;0.6811541235502802;100.0;40.0;1.5528853088757004;100.0;40.0;0.1;100.0;40.0;0.1;100.0;40.0;0.2;100.0;40.0;0.1;100.0;100.0;100.0;100.0;40.0;1.8115412355028016;100.0;40.0;0.27173118532542023;100.0;40.0;0.1;100.0;40.0;0.1;100.0;40.0;0.1;100.0;40.0;0.1;100.0;40.0;0.1;100.0;40.0;0.5;100.0;40.0;2.550404267386387
713;60.0;30.0;100.0;40.0;0.1;100.0;40.0;0.3;100.0;40.0;0.2;100.0;40.0;1.5883340152804806;100.0;40.0;0.6766680305609611;100.0;40.0;1.5416700764024027;100.0;40.0;0.1;100.0;40.0;0.1;100.0;40.0;0.2;100.0;40.0;0.1;100.0;100.0;100.0;100.0;40.0;1.7666803056096112;100.0;40.0;0.26500204584144166;100.0;40.0;0.1;100.0;40.0;0.1;100.0;40.0;0.1;100.0;40.0;0.1;100.0;40.0;0.1;100.0;40.0;0.5;100.0;40.0;2.4358505735260443
714;60.0;30.0;100.0;40.0;0.1;100.0;40.0;0.3;100.0;40.0;0.2;100.0;40.0;1.5935874953308742;100.0;40.0;0.6871749906617486;100.0;40.0;1.5679374766543712;100.0;40.0;0.1;100.0;40.0;0.1;100.0;40.0;0.2;100.0;40.0;0.1;100.0;100.0;100.0;100.0;40.0;1.8717499066174852;100.0;40.0;0.28076248599262277;100.0;40.0;0.1;100.0;40.0;0.1;100.0;40.0;0.1;100.0;40.0;0.1;100.0;40.0;0.1;100.0;40.0;0.5;100.0;40.0;2.714884642588738
715;60.0;30.0;100.0;40.0;0.1;100.0;40.0;0.3;100.0;40.0;0.2;100.0;40.0;1.5905720615090397;100.0;40.0;0.6811441230180794;100.0;40.0;1.5528603075451985;100.0;40.0;0.1;100.0;40.0;0.1;100.0;40.0;0.2;100.0;40.0;0.1;100.0;100.0;100.0;100.0;40.0;1.8114412301807938;100.0;40.0;0.27171618452711904;100.0;40.0;0.1;100.0;40.0;0.1;100.0;40.0;0.1;100.0;40.0;0.1;100.0;40.0;0.1;100.0;40.0;0.5;100.0;40.0;2.5501416561066654
716;60.0;30.0;100.0;40.0;0.1;100.0;40.0;0.3;100.0;40.0;0.2;100.0;40.0;1.5883434025700767;100.0;40.0;0.6766868051401533;100.0;40.0;1.5417170128503832;100.0;40.0;0.1;100.0;40.0;0.1;100.0;40.0;0.2;100.0;40.0;0.1;100.0;100.0;100.0;100.0;40.0;1.7668680514015327;100.0;40.0;0.2650302077102299;100.0;40.0;0.1;100.0;40.0;0.1;100.0;40.0;0.1;100.0;40.0;0.1;100.0;40.0;0.1;100.0;40.0;0.5;100.0;40.0;2.436316863849646
717;60.0;30.0;100.0;40.0;0.1;100.0;40.0;0.3;100.0;40.0;0.2;100.0;40.0;1.5935842805178917;100.0;40.0;0.6871685610357836;100.0;40.0;1.567921402589459;100.0;40.0;0.1;100.0;40.0;0.1;100.0;40.0;0.2;100.0;40.0;0.1;100.0;100.0;100.0;100.0;40.0;1.8716856103578356;100.0;40.0;0.28075284155367536;100.0;40.0;0.1;100.0;40.0;0.1;100.0;40.0;0.1;100.0;40.0;0.1;100.0;40.0;0.1;100.0;40.0;0.5;100.0;40.0;2.7147018788239934
718;60.0;30.0;100.0;40.0;0.1;100.0;40.0;0.3;100.0;40.0;0.2;100.0;40.0;1.5905671046622991;100.0;40.0;0.6811342093245983;100.0;40.0;1.5528355233114959;100.0;40.0;0.1;100.0;40.0;0.1;100.0;40.0;0.2;100.0;40.0;0.1;100.0;100.0;100.0;100.0;40.0;1.8113420932459832;100.0;40.0;0.27170131398689745;100.0;40.0;0.1;100.0;40.0;0.1;100.0;40.0;0.1;100.0;40.0;0.1;100.0;40.0;0.1;100.0;40.0;0.5;100.0;40.0;2.5498813582379047
719;60.0;30.0;100.0;40.0;0.1;100.0;40.0;0.3;100.0;40.0;0.2;100.0;40.0;1.58835272940819;100.0;40.0;0.6767054588163803;100.0;40.0;1.5417636470409508;100.0;40.0;0.1;100.0;40.0;0.1;100.0;40.0;0.2;100.0;40.0;0.1;100.0;100.0;100.0;100.0;40.0;1.7670545881638036;100.0;40.0;0.2650581882245705;100.0;40.0;0.1;100.0;40.0;0.1;100.0;40.0;0.1;100.0;40.0;0.1;100.0;40.0;0.1;100.0;40.0;0.5;100.0;40.0;2.436780257022407
720;60.0;30.0;100.0;40.0;0.1;100.0;40.0;0.3;100.0;40.0;0.2;100.0;40.0;1.5935810732711033;100.0;40.0;0.6871621465422066;100.0;40.0;1.5679053663555167;100.0;40.0;0.1;100.0;40.0;0.1;100.0;40.0;0.2;100.0;40.0;0.1;100.0;100.0;100.0;100.0;40.0;1.8716214654220666;100.0;40.0;0.28074321981330996;100.0;40.0;0.1;100.0;40.0;0.1;100.0;40.0;0.1;100.0;40.0;0.1;100.0;40.0;0.1;100.0;40.0;0.5;100.0;40.0;2.7145195610945647
721;60.0;30.0;100.0;40.0;0.1;100.0;40.0;0.3;100.0;40.0;0.2;100.0;40.0;1.5905621907361345;100.0;40.0;0.6811243814722692;100.0;40.0;1.5528109536806727;100.0;40.0;0.1;100.0;40.0;0.1;100.0;40.0;0.2;100.0;40.0;0.1;100.0;100.0;100.0;100.0;40.0;1.811243814722691;100.0;40.0;0.27168657220840364;100.0;40.0;0.1;100.0;40.0;0.1;100.0;40.0;0.1;100.0;40.0;0.1;100.0;40.0;0.1;100.0;40.0;0.5;100.0;40.0;2.5496233467203817
722;60.0;30.0;100.0;40.0;0.1;100.0;40.0;0.3;100.0;40.0;0.2;100.0;40.0;1.5883619964073916;100.0;40.0;0.6767239928147835;100.0;40.0;1.5418099820369586;100.0;40.0;0.1;100.0;40.0;0.1;100.0;40.0;0.2;100.0;40.0;0.1;100.0;100.0;100.0;100.0;40.0;1.7672399281478348;100.0;40.0;0.2650859892221752;100.0;40.0;0.1;100.0;40.0;0.1;100.0;40.0;0.1;100.0;40.0;0.1;100.0;40.0;0.1;100.0;40.0;0.5;100.0;40.0;2.437240781485845
723;60.0;30.0;100.0;40.0;0.1;100.0;40.0;0.3;100.0;40.0;0.2;100.0;40.0;1.5935778735920938;100.0;40.0;0.6871557471841876;100.0;40.0;1.567889367960469;100.0;40.0;0.1;100.0;40.0;0.1;100.0;40.0;0.2;100.0;40.0;0.1;100.0;100.0;100.0;100.0;40.0;1.871557471841876;100.0;40.0;0.2807336207762814;100.0;40.0;0.1;100.0;40.0;0.1;100.0;40.0;0.1;100.0;40.0;0.1;100.0;40.0;0.1;100.0;40.0;0.5;100.0;40.0;2.7143376893757463
724;60.0;30.0;100.0;40.0;0.1;100.0;40.0;0.3;100.0;40.0;0.2;100.0;40.0;1.5905573192392128;100.0;40.0;0.6811146384784257;100.0;40.0;1.552786596196064;100.0;40.0;0.1;100.0;40.0;0.1;100.0;40.0;0.2;100.0;40.0;0.1;100.0;100.0;100.0;100.0;40.0;1.8111463847842562;100.0;40.0;0.2716719577176384;100.0;40.0;0.1;100.0;40.0;0.1;100.0;40.0;0.1;100.0;40.0;0.1;100.0;40.0;0.1;100.0;40.0;0.5;100.0;40.0;2.54936759490649
725;60.0;30.0;100.0;40.0;0.1;100.0;40.0;0.3;100.0;40.0;0.2;100.0;40.0;1.5883712041717284;100.0;40.0;0.6767424083434568;100.0;40.0;1.541856020858642;100.0;40.0;0.1;100.0;40.0;0.1;100.0;40.0;0.2;100.0;40.0;0.1;100.0;100.0;100.0;100.0;40.0;1.7674240834345678;100.0;40.0;0.26511361251518517;100.0;40.0;0.1;100.0;40.0;0.1;100.0;40.0;0.1;100.0;40.0;0.1;100.0;40.0;0.1;100.0;40.0;0.5;100.0;40.0;2.437698465296691
726;60.0;30.0;100.0;40.0;0.1;100.0;40.0;0.3;100.0;40.0;0.2;100.0;40.0;1.5935746814816365;100.0;40.0;0.687149362963273;100.0;40.0;1.5678734074081826;100.0;40.0;0.1;100.0;40.0;0.1;100.0;40.0;0.2;100.0;40.0;0.1;100.0;100.0;100.0;100.0;40.0;1.8714936296327305;100.0;40.0;0.28072404444490956;100.0;40.0;0.1;100.0;40.0;0.1;100.0;40.0;0.1;100.0;40.0;0.1;100.0;40.0;0.1;100.0;40.0;0.5;100.0;40.0;2.7141562635969776
727;60.0;30.0;100.0;40.0;0.1;100.0;40.0;0.3;100.0;40.0;0.2;100.0;40.0;1.5905524896875138;100.0;40.0;0.6811049793750279;100.0;40.0;1.5527624484375697;100.0;40.0;0.1;100.0;40.0;0.1;100.0;40.0;0.2;100.0;40.0;0.1;100.0;100.0;100.0;100.0;40.0;1.8110497937502787;100.0;40.0;0.2716574690625418;100.0;40.0;0.1;100.0;40.0;0.1;100.0;40.0;0.1;100.0;40.0;0.1;100.0;40.0;0.1;100.0;40.0;0.5;100.0;40.0;2.5491140765529656
728;60.0;30.0;100.0;40.0;0.1;100.0;40.0;0.3;100.0;40.0;0.2;100.0;40.0;1.5883803532968745;100.0;40.0;0.6767607065937493;100.0;40.0;1.5419017664843733;100.0;40.0;0.1;100.0;40.0;0.1;100.0;40.0;0.2;100.0;40.0;0.1;100.0;100.0;100.0;100.0;40.0;1.767607065937493;100.0;40.0;0.2651410598906239;100.0;40.0;0.1;100.0;40.0;0.1;100.0;40.0;0.1;100.0;40.0;0.1;100.0;40.0;0.1;100.0;40.0;0.5;100.0;40.0;2.4381533361335337
729;60.0;30.0;100.0;40.0;0.1;100.0;40.0;0.3;100.0;40.0;0.2;100.0;40.0;1.5935714969397192;100.0;40.0;0.6871429938794384;100.0;40.0;1.567857484698596;100.0;40.0;0.1;100.0;40.0;0.1;100.0;40.0;0.2;100.0;40.0;0.1;100.0;100.0;100.0;100.0;40.0;1.871429938794384;100.0;40.0;0.2807144908191576;100.0;40.0;0.1;100.0;40.0;0.1;100.0;40.0;0.1;100.0;40.0;0.1;100.0;40.0;0.1;100.0;40.0;0.5;100.0;40.0;2.713975283643336
730;60.0;30.0;100.0;40.0;0.1;100.0;40.0;0.3;100.0;40.0;0.2;100.0;40.0;1.5905477016041958;100.0;40.0;0.6810954032083918;100.0;40.0;1.5527385080209797;100.0;40.0;0.1;100.0;40.0;0.1;100.0;40.0;0.2;100.0;40.0;0.1;100.0;100.0;100.0;100.0;40.0;1.8109540320839184;100.0;40.0;0.27164310481258774;100.0;40.0;0.1;100.0;40.0;0.1;100.0;40.0;0.1;100.0;40.0;0.1;100.0;40.0;0.1;100.0;40.0;0.5;100.0;40.0;2.5488627658132694
731;60.0;30.0;100.0;40.0;0.1;100.0;40.0;0.3;100.0;40.0;0.2;100.0;40.0;1.58838944437028;100.0;40.0;0.6767788887405601;100.0;40.0;1.5419472218514003;100.0;40.0;0.1;100.0;40.0;0.1;100.0;40.0;0.2;100.0;40.0;0.1;100.0;100.0;100.0;100.0;40.0;1.7677888874056014;100.0;40.0;0.2651683331108402;100.0;40.0;0.1;100.0;40.0;0.1;100.0;40.0;0.1;100.0;40.0;0.1;100.0;40.0;0.1;100.0;40.0;0.5;100.0;40.0;2.4386054213033184
732;60.0;30.0;100.0;40.0;0.1;100.0;40.0;0.3;100.0;40.0;0.2;100.0;40.0;1.5935683199655686;100.0;40.0;0.6871366399311375;100.0;40.0;1.5678415998278437;100.0;40.0;0.1;100.0;40.0;0.1;100.0;40.0;0.2;100.0;40.0;0.1;100.0;100.0;100.0;100.0;40.0;1.8713663993113747;100.0;40.0;0.2807049598967062;100.0;40.0;0.1;100.0;40.0;0.1;100.0;40.0;0.1;100.0;40.0;0.1;100.0;40.0;0.1;100.0;40.0;0.5;100.0;40.0;2.7137947493569685
733;60.0;30.0;100.0;40.0;0.1;100.0;40.0;0.3;100.0;40.0;0.2;100.0;40.0;1.5905429545194625;100.0;40.0;0.6810859090389251;100.0;40.0;1.5527147725973127;100.0;40.0;0.1;100.0;40.0;0.1;100.0;40.0;0.2;100.0;40.0;0.1;100.0;100.0;100.0;100.0;40.0;1.8108590903892507;100.0;40.0;0.2716288635583876;100.0;40.0;0.1;100.0;40.0;0.1;100.0;40.0;0.1;100.0;40.0;0.1;100.0;40.0;0.1;100.0;40.0;0.5;100.0;40.0;2.5486136372301385
734;60.0;30.0;100.0;40.0;0.1;100.0;40.0;0.3;100.0;40.0;0.2;100.0;40.0;1.5883984779713136;100.0;40.0;0.6767969559426275;100.0;40.0;1.5419923898565688;100.0;40.0;0.1;100.0;40.0;0.1;100.0;40.0;0.2;100.0;40.0;0.1;100.0;100.0;100.0;100.0;40.0;1.767969559426275;100.0;40.0;0.26519543391394124;100.0;40.0;0.1;100.0;40.0;0.1;100.0;40.0;0.1;100.0;40.0;0.1;100.0;40.0;0.1;100.0;40.0;0.5;100.0;40.0;2.4390547477477154
735;60.0;30.0;100.0;40.0;0.1;100.0;40.0;0.3;100.0;40.0;0.2;100.0;40.0;1.5935651505576756;100.0;40.0;0.6871303011153513;100.0;40.0;1.5678257527883783;100.0;40.0;0.1;100.0;40.0;0.1;100.0;40.0;0.2;100.0;40.0;0.1;100.0;100.0;100.0;100.0;40.0;1.8713030111535132;100.0;40.0;0.28069545167302695;100.0;40.0;0.1;100.0;40.0;0.1;100.0;40.0;0.1;100.0;40.0;0.1;100.0;40.0;0.1;100.0;40.0;0.5;100.0;40.0;2.7136146605384974
736;60.0;30.0;100.0;40.0;0.1;100.0;40.0;0.3;100.0;40.0;0.2;100.0;40.0;1.5905382479704342;100.0;40.0;0.6810764959408684;100.0;40.0;1.552691239852171;100.0;40.0;0.1;100.0;40.0;0.1;100.0;40.0;0.2;100.0;40.0;0.1;100.0;100.0;100.0;100.0;40.0;1.810764959408684;100.0;40.0;0.2716147439113026;100.0;40.0;0.1;100.0;40.0;0.1;100.0;40.0;0.1;100.0;40.0;0.1;100.0;40.0;0.1;100.0;40.0;0.5;100.0;40.0;2.5483666657283086
737;60.0;30.0;100.0;40.0;0.1;100.0;40.0;0.3;100.0;40.0;0.2;100.0;40.0;1.5884074546714058;100.0;40.0;0.6768149093428115;100.0;40.0;1.542037273357029;100.0;40.0;0.1;100.0;40.0;0.1;100.0;40.0;0.2;100.0;40.0;0.1;100.0;100.0;100.0;100.0;40.0;1.7681490934281157;100.0;40.0;0.26522236401421734;100.0;40.0;0.1;100.0;40.0;0.1;100.0;40.0;0.1;100.0;40.0;0.1;100.0;40.0;0.1;100.0;40.0;0.5;100.0;40.0;2.4395013420493554
738;60.0;30.0;100.0;40.0;0.1;100.0;40.0;0.3;100.0;40.0;0.2;100.0;40.0;1.5935619887138177;100.0;40.0;0.6871239774276354;100.0;40.0;1.5678099435690884;100.0;40.0;0.1;100.0;40.0;0.1;100.0;40.0;0.2;100.0;40.0;0.1;100.0;100.0;100.0;100.0;40.0;1.8712397742763536;100.0;40.0;0.280685966141453;100.0;40.0;0.1;100.0;40.0;0.1;100.0;40.0;0.1;100.0;40.0;0.1;100.0;40.0;0.1;100.0;40.0;0.5;100.0;40.0;2.7134350169483756
739;60.0;30.0;100.0;40.0;0.1;100.0;40.0;0.3;100.0;40.0;0.2;100.0;40.0;1.5905335815010218;100.0;40.0;0.6810671630020435;100.0;40.0;1.5526679075051086;100.0;40.0;0.1;100.0;40.0;0.1;100.0;40.0;0.2;100.0;40.0;0.1;100.0;100.0;100.0;100.0;40.0;1.8106716300204349;100.0;40.0;0.2716007445030652;100.0;40.0;0.1;100.0;40.0;0.1;100.0;40.0;0.1;100.0;40.0;0.1;100.0;40.0;0.1;100.0;40.0;0.5;100.0;40.0;2.5481218266074075
740;60.0;30.0;100.0;40.0;0.1;100.0;40.0;0.3;100.0;40.0;0.2;100.0;40.0;1.5884163750341855;100.0;40.0;0.6768327500683713;100.0;40.0;1.542081875170928;100.0;40.0;0.1;100.0;40.0;0.1;100.0;40.0;0.2;100.0;40.0;0.1;100.0;100.0;100.0;100.0;40.0;1.7683275006837123;100.0;40.0;0.2652491251025568;100.0;40.0;0.1;100.0;40.0;0.1;100.0;40.0;0.1;100.0;40.0;0.1;100.0;40.0;0.1;100.0;40.0;0.5;100.0;40.0;2.4399452304379325
741;60.0;30.0;100.0;40.0;0.1;100.0;40.0;0.3;100.0;40.0;0.2;100.0;40.0;1.5935588344310823;100.0;40.0;0.6871176688621646;100.0;40.0;1.5677941721554116;100.0;40.0;0.1;100.0;40.0;0.1;100.0;40.0;0.2;100.0;40.0;0.1;100.0;100.0;100.0;100.0;40.0;1.8711766886216463;100.0;40.0;0.28067650329324695;100.0;40.0;0.1;100.0;40.0;0.1;100.0;40.0;0.1;100.0;40.0;0.1;100.0;40.0;0.1;100.0;40.0;0.5;100.0;40.0;2.7132558183081885
742;60.0;30.0;100.0;40.0;0.1;100.0;40.0;0.3;100.0;40.0;0.2;100.0;40.0;1.5905289546618027;100.0;40.0;0.6810579093236053;100.0;40.0;1.5526447733090134;100.0;40.0;0.1;100.0;40.0;0.1;100.0;40.0;0.2;100.0;40.0;0.1;100.0;100.0;100.0;100.0;40.0;1.8105790932360535;100.0;40.0;0.271586863985408;100.0;40.0;0.1;100.0;40.0;0.1;100.0;40.0;0.1;100.0;40.0;0.1;100.0;40.0;0.1;100.0;40.0;0.5;100.0;40.0;2.54787909553499
743;60.0;30.0;100.0;40.0;0.1;100.0;40.0;0.3;100.0;40.0;0.2;100.0;40.0;1.5884252396156175;100.0;40.0;0.6768504792312352;100.0;40.0;1.542126198078088;100.0;40.0;0.1;100.0;40.0;0.1;100.0;40.0;0.2;100.0;40.0;0.1;100.0;100.0;100.0;100.0;40.0;1.7685047923123518;100.0;40.0;0.26527571884685275;100.0;40.0;0.1;100.0;40.0;0.1;100.0;40.0;0.1;100.0;40.0;0.1;100.0;40.0;0.1;100.0;40.0;0.5;100.0;40.0;2.4403864387961858
744;60.0;30.0;100.0;40.0;0.1;100.0;40.0;0.3;100.0;40.0;0.2;100.0;40.0;1.5935556877058894;100.0;40.0;0.6871113754117787;100.0;40.0;1.5677784385294469;100.0;40.0;0.1;100.0;40.0;0.1;100.0;40.0;0.2;100.0;40.0;0.1;100.0;100.0;100.0;100.0;40.0;1.8711137541177871;100.0;40.0;0.28066706311766804;100.0;40.0;0.1;100.0;40.0;0.1;100.0;40.0;0.1;100.0;40.0;0.1;100.0;40.0;0.1;100.0;40.0;0.5;100.0;40.0;2.713077064301948
