site,rank_h,P_kw
food,1,12337.466666666665
food,2,12242.8
food,3,12144.133333333331
food,4,12113.8
food,5,12099.466666666665
food,6,12004.8
food,7,11989.133333333331
food,8,11982.133333333331
food,9,11981.466666666665
food,10,11976.8
food,11,11970.133333333331
food,12,11959.8
food,13,11953.9
food,14,11881.8
food,15,11880.1
food,16,11874.466666666665
food,17,11847.8
food,18,11840.8
food,19,11833.2
food,20,11637.699999999999
food,21,11622.8
food,22,11620.8
food,23,11620.699999999999
food,24,11614.8
food,25,11594.8
food,26,11590.133333333331
food,27,11573.526133335017
food,28,11563.7
food,29,11522.1
food,30,11521.8
food,31,11502.466666666665
food,32,11496.366666666665
food,33,11464.1
food,34,11456.8
food,35,11448.8
food,36,11443.4
food,37,11424.599999999999
food,38,11401.133333333331
food,39,11392.5
food,40,11384.699999999999
food,41,11367.900000000001
food,42,11363.0
food,43,11341.8
food,44,11317.866666666667
food,45,11313.8
food,46,11313.2
food,47,11300.8
food,48,11299.433333333334
food,49,11295.166666666666
food,50,11288.466666666665
food,51,11281.8
food,52,11274.633333333335
food,53,11266.6343423874
food,54,11259.1
food,55,11258.501009054067
food,56,11258.1
food,57,11246.2
food,58,11216.1
food,59,11208.8
food,60,11203.0
food,61,11191.934342387402
food,62,11189.2
food,63,11182.1
food,64,11181.7
food,65,11171.8
food,66,11168.6343423874
food,67,11156.5
food,68,11149.8
food,69,11137.699999999999
food,70,11136.2
food,71,11135.2
food,72,11126.8
food,73,11121.8
food,74,11110.466666666665
food,75,11105.3
food,76,11102.967675720734
food,77,11102.766666666666
food,78,11099.6343423874
food,79,11094.866666666667
food,80,11087.433333333332
food,81,11080.9
food,82,11079.8
food,83,11078.2
food,84,11067.433333333334
food,85,11064.2
food,86,11062.766666666666
food,87,11061.6
food,88,11060.0
food,89,11059.1
food,90,11058.1
food,91,11056.0
food,92,11055.301009054067
food,93,11054.1
food,94,11046.900000000001
food,95,11042.8
food,96,11041.433333333334
food,97,11040.2
food,98,11036.433333333334
food,99,11030.8
food,100,11029.6343423874
food,101,11027.9
food,102,11018.133333333333
food,103,11018.066666666668
food,104,11017.2
food,105,11011.166666666666
food,106,11009.767675720734
food,107,11006.2
food,108,11006.1
food,109,11005.1
food,110,11004.666666666666
food,111,11001.8
food,112,11001.733333333334
food,113,11000.1
food,114,10997.1
food,115,10993.1
food,116,10988.2
food,117,10987.8
food,118,10984.301009054067
food,119,10978.8
food,120,10977.8
food,121,10976.099999999999
food,122,10965.766666666666
food,123,10962.366666666667
food,124,10960.066666666666
food,125,10959.766666666666
food,126,10957.099999999999
food,127,10955.2
food,128,10954.766666666666
food,129,10952.8
food,130,10951.2
food,131,10950.967675720733
food,132,10950.699999999999
food,133,10945.7
food,134,10945.2
food,135,10940.866666666667
food,136,10938.7
food,137,10938.1
food,138,10937.766666666666
food,139,10932.433333333332
food,140,10932.0
food,141,10930.766666666666
food,142,10929.8
food,143,10925.8
food,144,10919.634342387399
food,145,10917.866666666667
food,146,10916.8
food,147,10916.1
food,148,10914.566666666666
food,149,10914.4
food,150,10911.9
food,151,10910.699999999999
food,152,10907.533333333333
food,153,10906.9
food,154,10904.133333333333
food,155,10904.133333333331
food,156,10903.1
food,157,10901.3
food,158,10896.1
food,159,10896.0
food,160,10896.0
food,161,10895.8
food,162,10892.9
food,163,10888.2
food,164,10883.9
food,165,10882.333333333332
food,166,10880.2
food,167,10879.1
food,168,10875.566666666666
food,169,10874.366666666667
food,170,10869.2
food,171,10868.423237950434
food,172,10867.6343423874
food,173,10862.666666666666
food,174,10862.2
food,175,10854.8
food,176,10853.301009054067
food,177,10848.033333333333
food,178,10844.8
food,179,10839.433333333334
food,180,10839.2
food,181,10837.2
food,182,10836.1
food,183,10830.63983691034
food,184,10829.8
food,185,10820.8
food,186,10817.967675720734
food,187,10817.433333333334
food,188,10813.566666666666
food,189,10812.8
food,190,10808.7
food,191,10808.133333333331
food,192,10807.2
food,193,10806.433333333334
food,194,10805.0343423874
food,195,10803.967675720734
food,196,10800.8
food,197,10798.9
food,198,10798.1
food,199,10795.666666666666
food,200,10789.8
food,201,10787.1
food,202,10781.9
food,203,10777.601009054068
food,204,10772.099999999999
food,205,10771.5
food,206,10768.433333333334
food,207,10765.733333333334
food,208,10764.8
food,209,10759.1
food,210,10757.1
food,211,10755.366666666667
food,212,10755.1
food,213,10754.2
food,214,10753.2
food,215,10751.566666666666
food,216,10746.9
food,217,10744.033333333333
food,218,10744.0
food,219,10741.699999999999
food,220,10739.433333333334
food,221,10737.533333333333
food,222,10736.2
food,223,10734.7
food,224,10734.6
food,225,10731.301009054067
food,226,10729.6343423874
food,227,10726.1
food,228,10724.034342387402
food,229,10722.0
food,230,10721.8
food,231,10718.967675720734
food,232,10717.0
food,233,10716.967675720734
food,234,10711.2
food,235,10711.1
food,236,10708.4
food,237,10703.7
food,238,10699.866666666667
food,239,10699.466666666667
food,240,10694.7
food,241,10693.466666666667
food,242,10692.333333333332
food,243,10690.1
food,244,10689.0
food,245,10688.033333333333
food,246,10685.133333333333
food,247,10684.0
food,248,10683.866666666667
food,249,10682.7
food,250,10681.6343423874
food,251,10680.766666666666
food,252,10677.1
food,253,10676.6343423874
food,254,10673.8
food,255,10670.8
food,256,10669.301009054067
food,257,10667.2
food,258,10659.166666666666
food,259,10657.967675720734
food,260,10657.033333333333
food,261,10653.301009054067
food,262,10652.066666666666
food,263,10650.866666666667
food,264,10647.2
food,265,10645.067675720733
food,266,10644.967675720734
food,267,10641.833333333334
food,268,10636.1
food,269,10634.8
food,270,10633.0
food,271,10632.7
food,272,10632.333333333332
food,273,10629.133333333331
food,274,10625.8
food,275,10625.599999999999
food,276,10625.1
food,277,10619.7
food,278,10617.8
food,279,10616.166666666666
food,280,10615.9
food,281,10613.6343423874
food,282,10611.8
food,283,10611.1
food,284,10606.1
food,285,10604.1
food,286,10603.967675720734
food,287,10600.8
food,288,10599.1
food,289,10598.9
food,290,10596.6343423874
food,291,10595.7
food,292,10595.557816985905
food,293,10594.933333333334
food,294,10594.1
food,295,10593.466666666665
food,296,10592.1
food,297,10591.133333333333
food,298,10591.0
food,299,10587.866666666667
food,300,10586.8
food,301,10586.2
food,302,10585.967675720734
food,303,10584.8
food,304,10583.8
food,305,10582.301009054067
food,306,10580.866666666667
food,307,10577.0
food,308,10576.366666666665
food,309,10575.9
food,310,10572.301009054067
food,311,10572.301009054067
food,312,10571.8
food,313,10571.2
food,314,10569.933333333334
food,315,10566.1
food,316,10566.034342387402
food,317,10564.766666666666
food,318,10564.7
food,319,10563.1
food,320,10562.8
food,321,10559.1
food,322,10557.066666666666
food,323,10552.4
food,324,10550.766666666666
food,325,10549.466666666665
food,326,10547.2
food,327,10545.5
food,328,10543.1
food,329,10542.833333333332
food,330,10541.666666666666
food,331,10540.1
food,332,10539.8
food,333,10537.8
food,334,10536.533333333333
food,335,10534.8
food,336,10533.8
food,337,10533.766666666666
food,338,10522.333333333332
food,339,10522.333333333332
food,340,10521.967675720734
food,341,10520.601009054068
food,342,10519.2
food,343,10518.9
food,344,10515.2
food,345,10514.2
food,346,10514.2
food,347,10513.867675720734
food,348,10512.1
food,349,10509.497358550543
food,350,10509.2
food,351,10507.433333333334
food,352,10507.2
food,353,10506.466666666665
food,354,10505.8
food,355,10504.766666666666
food,356,10502.566666666666
food,357,10502.5
food,358,10501.366666666667
food,359,10500.233333333334
food,360,10499.6343423874
food,361,10496.3
food,362,10494.2
food,363,10493.8
food,364,10492.9
food,365,10491.8
food,366,10487.8
food,367,10487.6343423874
food,368,10486.433333333334
food,369,10482.533333333333
food,370,10481.766666666666
food,371,10481.166666666666
food,372,10480.967675720734
food,373,10478.9
food,374,10473.8
food,375,10473.133333333331
food,376,10472.866666666667
food,377,10472.099999999999
food,378,10471.866666666667
food,379,10470.133333333333
food,380,10469.2
food,381,10468.566666666666
food,382,10466.8
food,383,10466.8
food,384,10463.866666666667
food,385,10463.433333333334
food,386,10462.301009054067
food,387,10459.9
food,388,10453.967675720734
food,389,10452.8
food,390,10452.1
food,391,10451.8
food,392,10451.6343423874
food,393,10451.1
food,394,10449.533333333333
food,395,10448.8
food,396,10448.8
food,397,10445.4
food,398,10444.4
food,399,10444.1
food,400,10443.533333333333
food,401,10443.133333333333
food,402,10442.2
food,403,10441.6343423874
food,404,10440.5
food,405,10439.7
food,406,10439.366666666667
food,407,10438.9
food,408,10436.401009054067
food,409,10435.766666666666
food,410,10435.1
food,411,10433.641213102572
food,412,10433.133333333333
food,413,10431.1
food,414,10429.866666666667
food,415,10428.2
food,416,10424.4
food,417,10422.301009054067
food,418,10422.133333333333
food,419,10421.7
food,420,10419.2
food,421,10419.0
food,422,10414.566666666666
food,423,10410.9
food,424,10410.233333333334
food,425,10407.401009054067
food,426,10407.0
food,427,10406.8
food,428,10405.633333333333
food,429,10404.4
food,430,10403.0
food,431,10402.8
food,432,10402.433333333334
food,433,10401.5
food,434,10401.2
food,435,10397.8
food,436,10397.1
food,437,10396.233333333334
food,438,10395.5
food,439,10390.2
food,440,10389.9
food,441,10388.8
food,442,10388.366666666667
food,443,10386.701009054068
food,444,10385.833333333332
food,445,10381.766666666666
food,446,10381.1
food,447,10380.2
food,448,10378.466666666665
food,449,10378.033333333333
food,450,10377.5
food,451,10377.366666666667
food,452,10376.1
food,453,10375.766666666666
food,454,10375.566666666666
food,455,10375.133333333331
food,456,10373.8
food,457,10373.233333333334
food,458,10372.133333333333
food,459,10372.1
food,460,10369.0
food,461,10369.0
food,462,10368.6343423874
food,463,10366.766666666666
food,464,10365.833333333332
food,465,10362.033333333333
food,466,10356.067675720733
food,467,10355.1
food,468,10347.2
food,469,10345.266666666665
food,470,10343.6343423874
food,471,10342.2
food,472,10341.8
food,473,10341.1
food,474,10340.8
food,475,10339.967675720734
food,476,10336.233333333334
food,477,10334.466666666667
food,478,10332.301009054067
food,479,10330.166666666666
food,480,10330.034342387402
food,481,10327.3
food,482,10326.801009054067
food,483,10326.666666666666
food,484,10320.2
food,485,10320.2
food,486,10318.0
food,487,10317.9
food,488,10317.0
food,489,10316.034342387402
food,490,10314.8
food,491,10312.866666666667
food,492,10310.433333333334
food,493,10310.2
food,494,10307.401009054069
food,495,10306.433333333334
food,496,10305.8
food,497,10304.967675720734
food,498,10302.1
food,499,10301.233333333334
food,500,10299.2
food,501,10299.1
food,502,10298.366666666667
food,503,10298.333333333332
food,504,10297.9
food,505,10294.8
food,506,10293.4
food,507,10292.8
food,508,10292.533333333333
food,509,10292.366666666667
food,510,10290.9
food,511,10287.7
food,512,10287.301009054067
food,513,10286.2
food,514,10284.967675720734
food,515,10284.333333333332
food,516,10283.199999999999
food,517,10282.867675720732
food,518,10282.7
food,519,10282.566666666666
food,520,10280.766666666666
food,521,10279.8
food,522,10278.9
food,523,10274.8
food,524,10274.133333333333
food,525,10272.366666666667
food,526,10271.4
food,527,10268.133333333333
food,528,10267.5
food,529,10263.301009054067
food,530,10262.766666666666
food,531,10262.433333333334
food,532,10261.766666666666
food,533,10261.6343423874
food,534,10261.1
food,535,10260.967675720734
food,536,10259.301009054067
food,537,10258.1
food,538,10256.301009054067
food,539,10254.8
food,540,10253.627059762057
food,541,10252.267675720734
food,542,10251.83538356285
food,543,10250.301009054067
food,544,10249.867675720734
food,545,10249.3
food,546,10248.8
food,547,10247.67374724384
food,548,10247.433333333334
food,549,10247.333333333332
food,550,10247.133333333333
food,551,10246.967675720734
food,552,10245.2
food,553,10241.066666666666
food,554,10238.366666666667
food,555,10238.033333333333
food,556,10237.8
food,557,10237.133333333333
food,558,10235.533333333333
food,559,10234.316781529717
food,560,10229.7
food,561,10229.517438439665
food,562,10227.8
food,563,10226.5
food,564,10226.033333333333
food,565,10225.9
food,566,10225.7
food,567,10224.1
food,568,10220.5
food,569,10219.033333333333
food,570,10216.5
food,571,10215.466666666667
food,572,10214.0
food,573,10214.0
food,574,10213.466666666667
food,575,10210.301009054067
food,576,10208.9
food,577,10208.0
food,578,10207.301009054067
food,579,10206.8
food,580,10206.701009054068
food,581,10203.9
food,582,10203.9
food,583,10203.866666666667
food,584,10203.4
food,585,10202.433333333334
food,586,10200.301009054067
food,587,10198.2
food,588,10197.5
food,589,10197.466666666665
food,590,10196.1
food,591,10195.701009054068
food,592,10195.7
food,593,10194.833333333332
food,594,10194.8
food,595,10192.8
food,596,10191.1
food,597,10190.03528983247
food,598,10188.5
food,599,10187.566666666666
food,600,10187.4
food,601,10186.233333333334
food,602,10186.133333333333
food,603,10183.8
food,604,10183.6343423874
food,605,10182.8
food,606,10181.6
food,607,10181.2
food,608,10180.5
food,609,10178.866666666667
food,610,10178.133333333333
food,611,10175.967675720734
food,612,10175.9
food,613,10175.133333333333
food,614,10174.201009054068
food,615,10174.2
food,616,10167.766666666666
food,617,10167.4
food,618,10167.2
food,619,10167.034342387402
food,620,10164.5
food,621,10163.466666666667
food,622,10160.6343423874
food,623,10160.366666666667
food,624,10159.533333333333
food,625,10158.766666666666
food,626,10157.967675720734
food,627,10155.967675720734
food,628,10154.566666666666
food,629,10154.1
food,630,10152.566666666666
food,631,10151.366666666667
food,632,10151.2
food,633,10150.877930872446
food,634,10146.7343423874
food,635,10145.9
food,636,10145.566666666666
food,637,10145.2
food,638,10144.2
food,639,10140.6343423874
food,640,10139.2
food,641,10138.5
food,642,10135.967675720734
food,643,10134.433333333334
food,644,10133.7
food,645,10133.2
food,646,10132.1
food,647,10132.0343423874
food,648,10131.1
food,649,10130.8
food,650,10129.8
food,651,10129.5
food,652,10128.9
food,653,10126.9
food,654,10126.433333333334
food,655,10126.1
food,656,10125.6343423874
food,657,10123.967675720734
food,658,10122.301009054067
food,659,10121.866666666667
food,660,10121.8
food,661,10121.766666666666
food,662,10121.033333333333
food,663,10120.6343423874
food,664,10120.5
food,665,10119.9
food,666,10119.798340611418
food,667,10119.1
food,668,10118.1
food,669,10117.5
food,670,10116.967675720734
food,671,10116.034342387402
food,672,10114.8
food,673,10114.367675125086
food,674,10113.967675720734
food,675,10111.433333333332
food,676,10111.4
food,677,10110.967675720734
food,678,10110.833333333332
food,679,10109.833333333332
food,680,10109.7
food,681,10109.467675720734
food,682,10106.5
food,683,10104.272014885999
food,684,10103.2
food,685,10102.733333333334
food,686,10101.0
food,687,10100.8
food,688,10100.8
food,689,10100.5
food,690,10099.2
food,691,10099.133333333333
food,692,10096.9
food,693,10096.834342387401
food,694,10095.433333333334
food,695,10095.066666666666
food,696,10091.916608079398
food,697,10091.066666666666
food,698,10090.933333333334
food,699,10090.8
food,700,10089.933333333334
food,701,10088.766666666666
food,702,10087.6343423874
food,703,10083.9
food,704,10083.8
food,705,10080.233333333332
food,706,10079.2
food,707,10078.2
food,708,10075.466666666667
food,709,10075.4
food,710,10074.0
food,711,10072.3
food,712,10071.566666666666
food,713,10071.233333333334
food,714,10071.088757652034
food,715,10069.3
food,716,10068.1
food,717,10067.6343423874
food,718,10066.2
food,719,10065.8
food,720,10065.42707320283
food,721,10064.7
food,722,10064.633333333333
food,723,10062.1
food,724,10061.6343423874
food,725,10060.866666666667
food,726,10057.399999999998
food,727,10054.367675720734
food,728,10054.033333333333
food,729,10052.833333333332
food,730,10052.6343423874
food,731,10048.9
food,732,10045.6343423874
food,733,10042.701009054068
food,734,10040.9
food,735,10040.866666666667
food,736,10039.7343423874
food,737,10039.6343423874
food,738,10039.3
food,739,10039.133333333333
food,740,10037.7343423874
food,741,10037.2
food,742,10037.133333333333
food,743,10034.730686270155
food,744,10034.4
food,745,10034.133333333333
food,746,10033.7343423874
food,747,10033.2
food,748,10033.1
food,749,10031.267675720734
food,750,10031.2
food,751,10030.7
food,752,10030.2
food,753,10028.133333333333
food,754,10027.5
food,755,10027.2
food,756,10026.8
food,757,10026.8
food,758,10026.2
food,759,10026.133333333333
food,760,10025.834342387401
food,761,10025.8
food,762,10025.433333333334
food,763,10024.866666666667
food,764,10023.533333333333
food,765,10022.133333333333
food,766,10021.2
food,767,10021.2
food,768,10020.8
food,769,10020.566666666666
food,770,10019.701009054068
food,771,10019.0
food,772,10018.8
food,773,10018.679945906668
food,774,10017.433333333334
food,775,10014.9
food,776,10014.9
food,777,10013.9
food,778,10013.766666666666
food,779,10011.9
food,780,10009.866666666667
food,781,10009.033333333333
food,782,10008.1
food,783,10007.1
food,784,10006.2
food,785,10004.0
food,786,10002.866666666667
food,787,10002.8
food,788,10002.766666666666
food,789,10000.933616388003
food,790,9999.8
food,791,9999.167675720735
food,792,9998.066666666666
food,793,9997.733333333334
food,794,9996.601009054068
food,795,9996.433333333334
food,796,9996.0
food,797,9994.433333333334
food,798,9991.533333333333
food,799,9990.9
food,800,9989.601009054068
food,801,9988.533333333333
food,802,9987.0
food,803,9986.866666666667
food,804,9986.2
food,805,9986.1
food,806,9982.6343423874
food,807,9981.3
food,808,9979.80614938718
food,809,9979.1
food,810,9978.501009054067
food,811,9976.834342387401
food,812,9974.466666666667
food,813,9973.833333333332
food,814,9973.267675720734
food,815,9971.533333333333
food,816,9970.0
food,817,9969.9
food,818,9969.5
food,819,9968.8
food,820,9968.8
food,821,9968.400000000001
food,822,9967.166666666666
food,823,9965.901009054067
food,824,9965.233333333334
food,825,9964.733333333334
food,826,9964.4
food,827,9964.2
food,828,9964.133333333333
food,829,9962.9
food,830,9961.9
food,831,9961.760985978588
food,832,9958.301009054068
food,833,9956.066666666666
food,834,9955.466666666667
food,835,9954.7
food,836,9953.967675720734
food,837,9953.766666666666
food,838,9952.9
food,839,9951.9
food,840,9949.8
food,841,9949.333333333332
food,842,9943.9
food,843,9943.433333333334
food,844,9942.9
food,845,9942.866666666667
food,846,9941.1
food,847,9940.401009054067
food,848,9939.918432485412
food,849,9937.466666666667
food,850,9936.746828845444
food,851,9934.8
food,852,9934.233333333334
food,853,9932.9
food,854,9932.513068625813
food,855,9932.167675720735
food,856,9932.1
food,857,9930.466666666667
food,858,9930.2
food,859,9930.0
food,860,9927.3
food,861,9926.967675720734
food,862,9925.9
food,863,9924.967675720734
food,864,9923.766666666666
food,865,9922.2
food,866,9921.233333333332
food,867,9920.566666666666
food,868,9918.5
food,869,9916.533333333333
food,870,9915.7
food,871,9915.3
food,872,9913.9
food,873,9913.6
food,874,9912.866666666667
food,875,9911.9
food,876,9911.7
food,877,9911.066666666666
food,878,9908.301009054067
food,879,9907.8
food,880,9906.9
food,881,9905.8
food,882,9905.6343423874
food,883,9905.3
food,884,9904.8
food,885,9904.3
food,886,9904.1
food,887,9901.4
food,888,9901.331183344959
food,889,9899.766666666666
food,890,9895.8
food,891,9895.033333333333
food,892,9894.967675720734
food,893,9893.2
food,894,9892.6343423874
food,895,9891.7
food,896,9890.9
food,897,9889.7
food,898,9887.301009054068
food,899,9887.133333333333
food,900,9886.8
food,901,9885.5
food,902,9885.4
food,903,9885.2
food,904,9884.893518646808
food,905,9883.7
food,906,9882.1
food,907,9881.8
food,908,9881.8
food,909,9881.6343423874
food,910,9881.066666666666
food,911,9880.8
food,912,9879.766666666666
food,913,9877.967675720734
food,914,9876.367675720734
food,915,9876.1
food,916,9876.1
food,917,9875.8
food,918,9875.367675720734
food,919,9875.266666666666
food,920,9874.2
food,921,9874.133333333333
food,922,9871.367675720734
food,923,9870.608359948863
food,924,9870.433333333334
food,925,9868.133333333333
food,926,9867.2
food,927,9866.301009054067
food,928,9865.8
food,929,9864.9
food,930,9863.7
food,931,9863.3
food,932,9863.0584127824
food,933,9861.233333333334
food,934,9857.403690925383
food,935,9856.701009054068
food,936,9855.301009054067
food,937,9854.9
food,938,9854.3
food,939,9852.424208892115
food,940,9850.29122135221
food,941,9849.866666666667
food,942,9849.8
food,943,9849.766666666666
food,944,9846.6343423874
food,945,9846.2
food,946,9845.8
food,947,9845.8
food,948,9844.666666666666
food,949,9843.297022923742
food,950,9841.9
food,951,9836.8
food,952,9835.8
food,953,9834.9
food,954,9833.001009054067
food,955,9831.833333333332
food,956,9831.7
food,957,9831.1
food,958,9830.8
food,959,9830.466666666667
food,960,9830.366666666667
food,961,9828.9
food,962,9828.067675720733
food,963,9826.366666666667
food,964,9825.701009054068
food,965,9824.4
food,966,9823.6343423874
food,967,9823.1
food,968,9821.301009054067
food,969,9820.533333333333
food,970,9819.266666666666
food,971,9818.9
food,972,9815.400000000001
food,973,9813.034342387402
food,974,9811.9
food,975,9811.8
food,976,9811.066666666666
food,977,9810.133333333333
food,978,9809.533333333333
food,979,9806.8
food,980,9806.8
food,981,9806.8
food,982,9806.8
food,983,9806.8
food,984,9806.8
food,985,9806.8
food,986,9806.8
food,987,9806.8
food,988,9806.8
food,989,9806.8
food,990,9806.8
food,991,9806.8
food,992,9806.8
food,993,9806.8
food,994,9806.8
food,995,9806.8
food,996,9806.8
food,997,9806.8
food,998,9806.8
food,999,9806.8
food,1000,9806.8
food,1001,9806.8
food,1002,9806.8
food,1003,9806.8
food,1004,9806.8
food,1005,9806.8
food,1006,9806.8
food,1007,9806.8
food,1008,9806.8
food,1009,9806.8
food,1010,9806.8
food,1011,9806.8
food,1012,9806.8
food,1013,9806.8
food,1014,9806.8
food,1015,9806.8
food,1016,9806.8
food,1017,9806.8
food,1018,9806.8
food,1019,9806.8
food,1020,9806.8
food,1021,9806.8
food,1022,9806.8
food,1023,9806.8
food,1024,9806.8
food,1025,9806.8
food,1026,9806.8
food,1027,9806.8
food,1028,9806.8
food,1029,9806.8
food,1030,9806.8
food,1031,9806.8
food,1032,9806.8
food,1033,9806.8
food,1034,9806.8
food,1035,9806.8
food,1036,9806.8
food,1037,9806.8
food,1038,9806.8
food,1039,9806.8
food,1040,9806.8
food,1041,9806.8
food,1042,9806.8
food,1043,9806.8
food,1044,9806.8
food,1045,9806.8
food,1046,9806.8
food,1047,9806.8
food,1048,9806.8
food,1049,9806.8
food,1050,9806.8
food,1051,9806.8
food,1052,9806.8
food,1053,9806.8
food,1054,9806.8
food,1055,9806.8
food,1056,9806.8
food,1057,9806.8
food,1058,9806.8
food,1059,9806.8
food,1060,9806.8
food,1061,9806.8
food,1062,9806.8
food,1063,9806.8
food,1064,9806.8
food,1065,9806.8
food,1066,9806.8
food,1067,9806.8
food,1068,9806.8
food,1069,9806.8
food,1070,9806.8
food,1071,9806.8
food,1072,9806.8
food,1073,9806.8
food,1074,9806.8
food,1075,9806.8
food,1076,9806.8
food,1077,9806.8
food,1078,9806.8
food,1079,9806.8
food,1080,9806.8
food,1081,9806.8
food,1082,9806.8
food,1083,9806.8
food,1084,9806.8
food,1085,9806.8
food,1086,9806.8
food,1087,9806.8
food,1088,9806.8
food,1089,9806.8
food,1090,9806.8
food,1091,9806.8
food,1092,9806.8
food,1093,9806.8
food,1094,9806.8
food,1095,9806.8
food,1096,9806.8
food,1097,9806.8
food,1098,9806.8
food,1099,9806.8
food,1100,9806.8
food,1101,9806.8
food,1102,9806.8
food,1103,9806.8
food,1104,9806.8
food,1105,9806.8
food,1106,9806.8
food,1107,9806.8
food,1108,9806.8
food,1109,9806.8
food,1110,9806.8
food,1111,9806.8
food,1112,9806.8
food,1113,9806.8
food,1114,9806.8
food,1115,9806.8
food,1116,9806.8
food,1117,9806.8
food,1118,9806.8
food,1119,9806.8
food,1120,9806.8
food,1121,9806.8
food,1122,9806.8
food,1123,9806.8
food,1124,9806.8
food,1125,9806.8
food,1126,9806.8
food,1127,9806.8
food,1128,9806.8
food,1129,9806.8
food,1130,9806.8
food,1131,9806.8
food,1132,9806.8
food,1133,9806.8
food,1134,9806.8
food,1135,9806.8
food,1136,9806.8
food,1137,9806.8
food,1138,9806.8
food,1139,9806.8
food,1140,9806.8
food,1141,9806.8
food,1142,9806.8
food,1143,9806.8
food,1144,9806.8
food,1145,9806.8
food,1146,9806.8
food,1147,9806.8
food,1148,9806.8
food,1149,9806.8
food,1150,9806.8
food,1151,9806.8
food,1152,9806.8
food,1153,9806.8
food,1154,9806.8
food,1155,9806.8
food,1156,9806.8
food,1157,9806.8
food,1158,9806.8
food,1159,9806.8
food,1160,9806.8
food,1161,9806.8
food,1162,9806.8
food,1163,9806.8
food,1164,9806.8
food,1165,9806.8
food,1166,9806.8
food,1167,9806.8
food,1168,9806.8
food,1169,9806.8
food,1170,9806.8
food,1171,9806.8
food,1172,9806.8
food,1173,9806.8
food,1174,9806.8
food,1175,9806.8
food,1176,9806.8
food,1177,9806.8
food,1178,9806.8
food,1179,9806.8
food,1180,9806.8
food,1181,9806.8
food,1182,9806.8
food,1183,9806.8
food,1184,9806.8
food,1185,9806.8
food,1186,9806.8
food,1187,9806.8
food,1188,9806.8
food,1189,9806.8
food,1190,9806.8
food,1191,9806.8
food,1192,9806.8
food,1193,9806.8
food,1194,9806.8
food,1195,9806.8
food,1196,9806.8
food,1197,9806.8
food,1198,9806.8
food,1199,9806.8
food,1200,9806.8
food,1201,9806.8
food,1202,9806.8
food,1203,9806.8
food,1204,9806.8
food,1205,9806.8
food,1206,9806.8
food,1207,9806.8
food,1208,9806.8
food,1209,9806.8
food,1210,9806.8
food,1211,9806.8
food,1212,9806.8
food,1213,9806.8
food,1214,9806.8
food,1215,9806.8
food,1216,9806.8
food,1217,9806.8
food,1218,9806.8
food,1219,9806.8
food,1220,9806.8
food,1221,9806.8
food,1222,9806.8
food,1223,9806.8
food,1224,9806.8
food,1225,9806.8
food,1226,9806.8
food,1227,9806.8
food,1228,9806.8
food,1229,9806.8
food,1230,9806.8
food,1231,9806.8
food,1232,9806.8
food,1233,9806.8
food,1234,9806.8
food,1235,9806.8
food,1236,9806.8
food,1237,9806.8
food,1238,9806.8
food,1239,9806.8
food,1240,9806.8
food,1241,9806.8
food,1242,9806.8
food,1243,9806.8
food,1244,9806.8
food,1245,9806.8
food,1246,9806.8
food,1247,9806.8
food,1248,9806.8
food,1249,9806.8
food,1250,9806.8
food,1251,9806.8
food,1252,9806.8
food,1253,9806.8
food,1254,9806.8
food,1255,9806.8
food,1256,9806.8
food,1257,9806.8
food,1258,9806.8
food,1259,9806.8
food,1260,9806.8
food,1261,9806.8
food,1262,9806.8
food,1263,9806.8
food,1264,9806.8
food,1265,9806.8
food,1266,9806.8
food,1267,9806.8
food,1268,9806.8
food,1269,9806.8
food,1270,9806.8
food,1271,9806.8
food,1272,9806.8
food,1273,9806.8
food,1274,9806.8
food,1275,9806.8
food,1276,9806.8
food,1277,9806.8
food,1278,9806.8
food,1279,9806.8
food,1280,9806.8
food,1281,9806.8
food,1282,9806.8
food,1283,9806.8
food,1284,9806.8
food,1285,9806.8
food,1286,9806.8
food,1287,9806.8
food,1288,9806.8
food,1289,9806.8
food,1290,9806.8
food,1291,9806.8
food,1292,9806.8
food,1293,9806.8
food,1294,9806.8
food,1295,9806.8
food,1296,9806.8
food,1297,9806.8
food,1298,9806.8
food,1299,9806.8
food,1300,9806.8
food,1301,9806.8
food,1302,9806.8
food,1303,9806.8
food,1304,9806.8
food,1305,9806.8
food,1306,9806.8
food,1307,9806.8
food,1308,9806.8
food,1309,9806.8
food,1310,9806.8
food,1311,9806.8
food,1312,9806.8
food,1313,9806.8
food,1314,9806.8
food,1315,9806.8
food,1316,9806.8
food,1317,9806.8
food,1318,9806.8
food,1319,9806.8
food,1320,9806.8
food,1321,9806.8
food,1322,9806.8
food,1323,9806.8
food,1324,9806.8
food,1325,9806.8
food,1326,9806.8
food,1327,9806.8
food,1328,9806.8
food,1329,9806.8
food,1330,9806.8
food,1331,9806.8
food,1332,9806.8
food,1333,9806.8
food,1334,9806.8
food,1335,9806.8
food,1336,9806.8
food,1337,9806.8
food,1338,9806.8
food,1339,9806.8
food,1340,9806.8
food,1341,9806.8
food,1342,9806.8
food,1343,9806.8
food,1344,9806.8
food,1345,9806.8
food,1346,9806.8
food,1347,9806.8
food,1348,9806.8
food,1349,9806.8
food,1350,9806.8
food,1351,9806.8
food,1352,9806.8
food,1353,9806.8
food,1354,9806.8
food,1355,9806.8
food,1356,9806.8
food,1357,9806.8
food,1358,9806.8
food,1359,9806.8
food,1360,9806.8
food,1361,9806.8
food,1362,9806.8
food,1363,9806.8
food,1364,9806.8
food,1365,9806.8
food,1366,9806.8
food,1367,9806.8
food,1368,9806.8
food,1369,9806.8
food,1370,9806.8
food,1371,9806.8
food,1372,9806.8
food,1373,9806.8
food,1374,9806.8
food,1375,9806.8
food,1376,9806.8
food,1377,9806.8
food,1378,9806.8
food,1379,9806.8
food,1380,9806.8
food,1381,9806.8
food,1382,9806.8
food,1383,9806.8
food,1384,9806.8
food,1385,9806.8
food,1386,9806.8
food,1387,9806.8
food,1388,9806.8
food,1389,9806.8
food,1390,9806.8
food,1391,9806.8
food,1392,9806.8
food,1393,9806.8
food,1394,9806.8
food,1395,9806.8
food,1396,9806.8
food,1397,9806.8
food,1398,9806.8
food,1399,9806.8
food,1400,9806.8
food,1401,9806.8
food,1402,9806.8
food,1403,9806.8
food,1404,9806.8
food,1405,9806.8
food,1406,9806.8
food,1407,9806.8
food,1408,9806.8
food,1409,9806.8
food,1410,9806.8
food,1411,9806.8
food,1412,9806.8
food,1413,9806.8
food,1414,9806.8
food,1415,9806.8
food,1416,9806.8
food,1417,9806.8
food,1418,9806.8
food,1419,9806.8
food,1420,9806.8
food,1421,9806.8
food,1422,9806.8
food,1423,9806.8
food,1424,9806.8
food,1425,9806.8
food,1426,9806.8
food,1427,9806.8
food,1428,9806.8
food,1429,9806.8
food,1430,9806.8
food,1431,9806.8
food,1432,9806.8
food,1433,9806.8
food,1434,9806.8
food,1435,9806.8
food,1436,9806.8
food,1437,9806.8
food,1438,9806.8
food,1439,9806.8
food,1440,9806.8
food,1441,9806.8
food,1442,9806.8
food,1443,9806.8
food,1444,9806.8
food,1445,9806.8
food,1446,9806.8
food,1447,9806.8
food,1448,9806.8
food,1449,9806.8
food,1450,9806.8
food,1451,9806.8
food,1452,9806.8
food,1453,9806.8
food,1454,9806.8
food,1455,9806.8
food,1456,9806.8
food,1457,9806.8
food,1458,9806.8
food,1459,9806.8
food,1460,9806.8
food,1461,9806.8
food,1462,9806.8
food,1463,9806.8
food,1464,9806.8
food,1465,9806.8
food,1466,9806.8
food,1467,9806.8
food,1468,9806.8
food,1469,9806.8
food,1470,9806.8
food,1471,9806.8
food,1472,9806.8
food,1473,9806.8
food,1474,9806.8
food,1475,9806.8
food,1476,9806.8
food,1477,9806.8
food,1478,9806.8
food,1479,9806.8
food,1480,9806.8
food,1481,9806.8
food,1482,9806.8
food,1483,9806.8
food,1484,9806.8
food,1485,9806.8
food,1486,9806.8
food,1487,9806.8
food,1488,9806.8
food,1489,9806.8
food,1490,9806.8
food,1491,9806.8
food,1492,9806.8
food,1493,9806.8
food,1494,9806.8
food,1495,9806.8
food,1496,9806.8
food,1497,9806.8
food,1498,9806.8
food,1499,9806.8
food,1500,9806.8
food,1501,9806.8
food,1502,9806.8
food,1503,9806.8
food,1504,9806.8
food,1505,9806.8
food,1506,9806.8
food,1507,9806.8
food,1508,9806.8
food,1509,9806.8
food,1510,9806.8
food,1511,9806.8
food,1512,9806.8
food,1513,9806.8
food,1514,9806.8
food,1515,9806.8
food,1516,9806.8
food,1517,9806.8
food,1518,9806.8
food,1519,9806.8
food,1520,9806.8
food,1521,9806.8
food,1522,9806.8
food,1523,9806.8
food,1524,9806.8
food,1525,9806.8
food,1526,9806.8
food,1527,9806.8
food,1528,9806.8
food,1529,9806.8
food,1530,9806.8
food,1531,9806.8
food,1532,9806.8
food,1533,9806.8
food,1534,9806.8
food,1535,9806.8
food,1536,9806.8
food,1537,9806.8
food,1538,9806.8
food,1539,9806.8
food,1540,9806.8
food,1541,9806.8
food,1542,9806.8
food,1543,9806.8
food,1544,9806.8
food,1545,9806.8
food,1546,9806.8
food,1547,9806.8
food,1548,9806.8
food,1549,9806.8
food,1550,9806.8
food,1551,9806.8
food,1552,9806.8
food,1553,9806.8
food,1554,9806.8
food,1555,9806.8
food,1556,9806.8
food,1557,9806.8
food,1558,9806.8
food,1559,9806.8
food,1560,9806.8
food,1561,9806.8
food,1562,9806.8
food,1563,9806.8
food,1564,9806.8
food,1565,9806.8
food,1566,9806.8
food,1567,9806.8
food,1568,9806.8
food,1569,9806.8
food,1570,9806.8
food,1571,9806.8
food,1572,9806.8
food,1573,9806.8
food,1574,9806.8
food,1575,9806.8
food,1576,9806.8
food,1577,9806.8
food,1578,9806.8
food,1579,9806.8
food,1580,9806.8
food,1581,9806.8
food,1582,9806.8
food,1583,9806.8
food,1584,9806.8
food,1585,9806.8
food,1586,9806.8
food,1587,9806.8
food,1588,9806.8
food,1589,9806.8
food,1590,9806.8
food,1591,9806.8
food,1592,9806.8
food,1593,9806.8
food,1594,9806.8
food,1595,9806.8
food,1596,9806.8
food,1597,9806.8
food,1598,9806.8
food,1599,9806.8
food,1600,9806.8
food,1601,9806.8
food,1602,9806.8
food,1603,9806.8
food,1604,9806.8
food,1605,9806.8
food,1606,9806.8
food,1607,9806.8
food,1608,9806.8
food,1609,9806.8
food,1610,9806.8
food,1611,9806.8
food,1612,9806.8
food,1613,9806.8
food,1614,9806.8
food,1615,9806.8
food,1616,9806.8
food,1617,9806.8
food,1618,9806.8
food,1619,9806.8
food,1620,9806.8
food,1621,9806.8
food,1622,9806.8
food,1623,9806.8
food,1624,9806.8
food,1625,9806.8
food,1626,9806.8
food,1627,9806.8
food,1628,9806.8
food,1629,9806.8
food,1630,9806.8
food,1631,9806.8
food,1632,9806.8
food,1633,9806.8
food,1634,9806.8
food,1635,9806.8
food,1636,9806.8
food,1637,9806.8
food,1638,9806.8
food,1639,9806.8
food,1640,9806.8
food,1641,9806.8
food,1642,9806.8
food,1643,9806.8
food,1644,9806.8
food,1645,9806.8
food,1646,9806.8
food,1647,9806.8
food,1648,9806.8
food,1649,9806.8
food,1650,9806.8
food,1651,9806.8
food,1652,9806.8
food,1653,9806.8
food,1654,9806.8
food,1655,9806.8
food,1656,9806.8
food,1657,9806.8
food,1658,9806.8
food,1659,9806.8
food,1660,9806.8
food,1661,9806.8
food,1662,9806.8
food,1663,9806.8
food,1664,9806.8
food,1665,9806.8
food,1666,9806.8
food,1667,9806.8
food,1668,9806.8
food,1669,9806.8
food,1670,9806.8
food,1671,9806.8
food,1672,9806.8
food,1673,9806.8
food,1674,9806.8
food,1675,9806.8
food,1676,9806.8
food,1677,9806.8
food,1678,9806.8
food,1679,9806.8
food,1680,9806.8
food,1681,9806.8
food,1682,9806.8
food,1683,9806.8
food,1684,9806.8
food,1685,9806.8
food,1686,9806.8
food,1687,9806.8
food,1688,9806.8
food,1689,9806.8
food,1690,9806.8
food,1691,9806.8
food,1692,9806.8
food,1693,9806.8
food,1694,9806.8
food,1695,9806.8
food,1696,9806.8
food,1697,9806.8
food,1698,9806.8
food,1699,9806.8
food,1700,9806.8
food,1701,9806.8
food,1702,9806.8
food,1703,9806.8
food,1704,9806.8
food,1705,9806.8
food,1706,9806.8
food,1707,9806.8
food,1708,9806.8
food,1709,9806.8
food,1710,9806.8
food,1711,9806.8
food,1712,9806.8
food,1713,9806.8
food,1714,9806.8
food,1715,9806.8
food,1716,9806.8
food,1717,9806.8
food,1718,9806.8
food,1719,9806.8
food,1720,9806.8
food,1721,9806.8
food,1722,9806.8
food,1723,9806.8
food,1724,9806.8
food,1725,9806.8
food,1726,9806.8
food,1727,9806.8
food,1728,9806.8
food,1729,9806.8
food,1730,9806.8
food,1731,9806.8
food,1732,9806.8
food,1733,9806.8
food,1734,9806.8
food,1735,9806.8
food,1736,9806.8
food,1737,9806.8
food,1738,9806.8
food,1739,9806.8
food,1740,9806.8
food,1741,9806.8
food,1742,9806.8
food,1743,9806.8
food,1744,9806.8
food,1745,9806.8
food,1746,9806.8
food,1747,9806.8
food,1748,9806.8
food,1749,9806.8
food,1750,9806.8
food,1751,9806.8
food,1752,9806.8
food,1753,9806.8
food,1754,9806.8
food,1755,9806.8
food,1756,9806.8
food,1757,9806.8
food,1758,9806.8
food,1759,9806.8
food,1760,9806.8
food,1761,9806.8
food,1762,9806.8
food,1763,9806.8
food,1764,9806.8
food,1765,9806.8
food,1766,9806.8
food,1767,9806.8
food,1768,9806.8
food,1769,9806.8
food,1770,9806.8
food,1771,9806.8
food,1772,9806.8
food,1773,9806.8
food,1774,9806.8
food,1775,9806.8
food,1776,9806.8
food,1777,9806.8
food,1778,9806.8
food,1779,9806.8
food,1780,9806.8
food,1781,9806.8
food,1782,9806.8
food,1783,9806.8
food,1784,9806.8
food,1785,9806.8
food,1786,9806.8
food,1787,9806.8
food,1788,9806.8
food,1789,9806.8
food,1790,9806.8
food,1791,9806.8
food,1792,9806.8
food,1793,9806.8
food,1794,9806.8
food,1795,9806.8
food,1796,9806.8
food,1797,9806.8
food,1798,9806.8
food,1799,9806.8
food,1800,9806.8
food,1801,9806.8
food,1802,9806.8
food,1803,9806.8
food,1804,9806.8
food,1805,9806.8
food,1806,9806.8
food,1807,9806.8
food,1808,9806.8
food,1809,9806.8
food,1810,9806.8
food,1811,9806.8
food,1812,9806.8
food,1813,9806.8
food,1814,9806.8
food,1815,9806.8
food,1816,9806.8
food,1817,9806.8
food,1818,9806.8
food,1819,9806.8
food,1820,9806.8
food,1821,9806.8
food,1822,9806.8
food,1823,9806.8
food,1824,9806.8
food,1825,9806.8
food,1826,9806.8
food,1827,9806.8
food,1828,9806.8
food,1829,9806.8
food,1830,9806.8
food,1831,9806.8
food,1832,9806.8
food,1833,9806.8
food,1834,9806.8
food,1835,9806.8
food,1836,9806.8
food,1837,9806.8
food,1838,9806.8
food,1839,9806.8
food,1840,9806.8
food,1841,9806.8
food,1842,9806.8
food,1843,9806.8
food,1844,9806.8
food,1845,9806.8
food,1846,9806.8
food,1847,9806.8
food,1848,9806.8
food,1849,9806.8
food,1850,9806.8
food,1851,9806.8
food,1852,9806.8
food,1853,9806.8
food,1854,9806.8
food,1855,9806.8
food,1856,9806.8
food,1857,9806.8
food,1858,9806.8
food,1859,9806.8
food,1860,9806.8
food,1861,9806.8
food,1862,9806.8
food,1863,9806.8
food,1864,9806.8
food,1865,9806.8
food,1866,9806.8
food,1867,9806.8
food,1868,9806.8
food,1869,9806.8
food,1870,9806.8
food,1871,9806.8
food,1872,9806.8
food,1873,9806.8
food,1874,9806.8
food,1875,9806.8
food,1876,9806.8
food,1877,9806.8
food,1878,9806.8
food,1879,9806.8
food,1880,9806.8
food,1881,9806.8
food,1882,9806.8
food,1883,9806.8
food,1884,9806.8
food,1885,9806.8
food,1886,9806.8
food,1887,9806.8
food,1888,9806.8
food,1889,9806.8
food,1890,9806.8
food,1891,9806.8
food,1892,9806.8
food,1893,9806.8
food,1894,9806.8
food,1895,9806.8
food,1896,9806.8
food,1897,9806.8
food,1898,9806.8
food,1899,9806.8
food,1900,9806.8
food,1901,9806.8
food,1902,9806.8
food,1903,9806.8
food,1904,9806.8
food,1905,9806.8
food,1906,9806.8
food,1907,9806.8
food,1908,9806.8
food,1909,9806.8
food,1910,9806.8
food,1911,9806.8
food,1912,9806.8
food,1913,9806.8
food,1914,9806.8
food,1915,9806.8
food,1916,9806.8
food,1917,9806.8
food,1918,9806.8
food,1919,9806.8
food,1920,9806.8
food,1921,9806.8
food,1922,9806.8
food,1923,9806.8
food,1924,9806.8
food,1925,9806.8
food,1926,9806.8
food,1927,9806.8
food,1928,9806.8
food,1929,9806.8
food,1930,9806.8
food,1931,9806.8
food,1932,9806.8
food,1933,9806.8
food,1934,9806.8
food,1935,9806.8
food,1936,9806.8
food,1937,9806.8
food,1938,9806.8
food,1939,9806.8
food,1940,9806.8
food,1941,9806.8
food,1942,9806.8
food,1943,9806.8
food,1944,9806.8
food,1945,9806.8
food,1946,9806.8
food,1947,9806.8
food,1948,9806.8
food,1949,9806.8
food,1950,9806.8
food,1951,9806.8
food,1952,9806.8
food,1953,9806.8
food,1954,9806.8
food,1955,9806.8
food,1956,9806.8
food,1957,9806.8
food,1958,9806.8
food,1959,9806.8
food,1960,9806.8
food,1961,9806.8
food,1962,9806.8
food,1963,9806.8
food,1964,9806.8
food,1965,9806.8
food,1966,9806.8
food,1967,9806.8
food,1968,9806.8
food,1969,9806.8
food,1970,9806.8
food,1971,9806.8
food,1972,9806.8
food,1973,9806.8
food,1974,9806.8
food,1975,9806.8
food,1976,9806.8
food,1977,9806.8
food,1978,9806.8
food,1979,9806.8
food,1980,9806.8
food,1981,9806.8
food,1982,9806.8
food,1983,9806.8
food,1984,9806.8
food,1985,9806.8
food,1986,9806.8
food,1987,9806.8
food,1988,9806.8
food,1989,9806.8
food,1990,9806.8
food,1991,9806.8
food,1992,9806.8
food,1993,9806.8
food,1994,9806.8
food,1995,9806.8
food,1996,9806.8
food,1997,9806.8
food,1998,9806.8
food,1999,9806.8
food,2000,9806.8
food,2001,9806.8
food,2002,9806.8
food,2003,9806.8
food,2004,9806.8
food,2005,9806.8
food,2006,9806.8
food,2007,9806.8
food,2008,9806.8
food,2009,9806.8
food,2010,9806.8
food,2011,9806.8
food,2012,9806.8
food,2013,9806.8
food,2014,9806.8
food,2015,9806.8
food,2016,9806.8
food,2017,9806.8
food,2018,9806.8
food,2019,9806.8
food,2020,9806.8
food,2021,9806.8
food,2022,9806.8
food,2023,9806.8
food,2024,9806.8
food,2025,9806.8
food,2026,9806.8
food,2027,9806.8
food,2028,9806.8
food,2029,9806.8
food,2030,9806.8
food,2031,9806.8
food,2032,9806.8
food,2033,9806.8
food,2034,9806.8
food,2035,9806.8
food,2036,9806.8
food,2037,9806.8
food,2038,9806.8
food,2039,9806.8
food,2040,9806.8
food,2041,9806.8
food,2042,9806.8
food,2043,9806.8
food,2044,9806.8
food,2045,9806.8
food,2046,9806.8
food,2047,9806.8
food,2048,9806.8
food,2049,9806.8
food,2050,9806.8
food,2051,9806.8
food,2052,9806.8
food,2053,9806.8
food,2054,9806.8
food,2055,9806.8
food,2056,9806.8
food,2057,9806.8
food,2058,9806.8
food,2059,9806.8
food,2060,9806.8
food,2061,9806.8
food,2062,9806.8
food,2063,9806.8
food,2064,9806.8
food,2065,9806.8
food,2066,9806.8
food,2067,9806.8
food,2068,9806.8
food,2069,9806.8
food,2070,9806.8
food,2071,9806.8
food,2072,9806.8
food,2073,9806.8
food,2074,9806.8
food,2075,9806.8
food,2076,9806.8
food,2077,9806.8
food,2078,9806.8
food,2079,9806.8
food,2080,9806.8
food,2081,9806.8
food,2082,9806.8
food,2083,9806.8
food,2084,9806.8
food,2085,9806.8
food,2086,9806.8
food,2087,9806.8
food,2088,9806.8
food,2089,9806.8
food,2090,9806.8
food,2091,9806.8
food,2092,9806.8
food,2093,9806.8
food,2094,9806.8
food,2095,9806.8
food,2096,9806.8
food,2097,9806.8
food,2098,9806.8
food,2099,9806.8
food,2100,9806.8
food,2101,9806.8
food,2102,9806.8
food,2103,9806.8
food,2104,9806.8
food,2105,9806.8
food,2106,9806.8
food,2107,9806.8
food,2108,9806.8
food,2109,9806.8
food,2110,9806.8
food,2111,9806.8
food,2112,9806.8
food,2113,9806.8
food,2114,9806.8
food,2115,9806.8
food,2116,9806.8
food,2117,9806.8
food,2118,9806.8
food,2119,9806.8
food,2120,9806.8
food,2121,9806.8
food,2122,9806.8
food,2123,9806.8
food,2124,9806.8
food,2125,9806.8
food,2126,9806.8
food,2127,9806.8
food,2128,9806.8
food,2129,9806.8
food,2130,9806.8
food,2131,9806.8
food,2132,9806.8
food,2133,9806.8
food,2134,9806.8
food,2135,9806.8
food,2136,9806.8
food,2137,9806.8
food,2138,9806.8
food,2139,9806.8
food,2140,9806.8
food,2141,9806.8
food,2142,9806.8
food,2143,9806.8
food,2144,9806.8
food,2145,9806.8
food,2146,9806.8
food,2147,9806.8
food,2148,9806.8
food,2149,9806.8
food,2150,9806.8
food,2151,9806.8
food,2152,9806.8
food,2153,9806.8
food,2154,9806.8
food,2155,9806.8
food,2156,9806.8
food,2157,9806.8
food,2158,9806.8
food,2159,9806.8
food,2160,9806.8
food,2161,9806.8
food,2162,9806.8
food,2163,9806.8
food,2164,9806.8
food,2165,9806.8
food,2166,9806.8
food,2167,9806.8
food,2168,9806.8
food,2169,9806.8
food,2170,9806.8
food,2171,9806.8
food,2172,9806.8
food,2173,9806.8
food,2174,9806.8
food,2175,9806.8
food,2176,9806.8
food,2177,9806.8
food,2178,9806.8
food,2179,9806.8
food,2180,9806.8
food,2181,9806.8
food,2182,9806.8
food,2183,9806.8
food,2184,9806.8
food,2185,9806.8
food,2186,9806.8
food,2187,9806.8
food,2188,9806.8
food,2189,9806.8
food,2190,9806.8
food,2191,9806.8
food,2192,9806.8
food,2193,9806.8
food,2194,9806.8
food,2195,9806.8
food,2196,9806.6
food,2197,9806.066666666666
food,2198,9805.8
food,2199,9805.233333333334
food,2200,9804.8
food,2201,9803.3
food,2202,9802.7
food,2203,9802.7
food,2204,9802.617672096172
food,2205,9802.133333333333
food,2206,9800.484338762839
food,2207,9799.0
food,2208,9798.9
food,2209,9798.866666666667
food,2210,9798.8
food,2211,9798.8
food,2212,9798.234177588383
food,2213,9797.8
food,2214,9796.866666666667
food,2215,9796.6
food,2216,9796.4
food,2217,9795.9
food,2218,9795.666666666666
food,2219,9795.579147499331
food,2220,9794.9
food,2221,9794.237080949662
food,2222,9793.9
food,2223,9793.1
food,2224,9792.894840325785
food,2225,9792.2
food,2226,9791.3
food,2227,9790.9
food,2228,9790.9
food,2229,9790.833333333332
food,2230,9790.8
food,2231,9790.466666666667
food,2232,9789.317672096171
food,2233,9788.917672096173
food,2234,9788.3
food,2235,9787.768816655042
food,2236,9786.8
food,2237,9786.751005429505
food,2238,9786.6
food,2239,9786.217672096172
food,2240,9785.9
food,2241,9785.8
food,2242,9785.466666666667
food,2243,9785.0
food,2244,9784.9
food,2245,9784.5
food,2246,9784.0
food,2247,9783.4
food,2248,9782.9
food,2249,9782.9
food,2250,9781.033333333333
food,2251,9779.5
food,2252,9777.966666666667
food,2253,9777.9
food,2254,9775.4
food,2255,9775.3
food,2256,9775.3
food,2257,9774.766666666666
food,2258,9774.6
food,2259,9774.5
food,2260,9774.333333333334
food,2261,9773.8
food,2262,9772.7
food,2263,9772.533333333333
food,2264,9772.2
food,2265,9772.133333333333
food,2266,9771.8
food,2267,9771.8
food,2268,9770.8
food,2269,9770.5
food,2270,9769.9
food,2271,9769.0
food,2272,9768.9
food,2273,9768.7
food,2274,9768.2
food,2275,9768.051005429505
food,2276,9768.0
food,2277,9767.9
food,2278,9767.533333333333
food,2279,9767.5
food,2280,9767.4
food,2281,9767.0
food,2282,9766.3
food,2283,9764.533333333333
food,2284,9763.8
food,2285,9763.8
food,2286,9763.533333333333
food,2287,9763.3
food,2288,9762.8
food,2289,9760.517672096172
food,2290,9760.433333333334
food,2291,9760.0
food,2292,9759.025375514819
food,2293,9758.8
food,2294,9758.533333333333
food,2295,9758.0
food,2296,9757.7
food,2297,9757.533333333333
food,2298,9757.2
food,2299,9756.4
food,2300,9755.233333333334
food,2301,9755.2
food,2302,9754.866666666667
food,2303,9754.8
food,2304,9753.866666666667
food,2305,9753.5
food,2306,9751.6
food,2307,9751.002149988375
food,2308,9750.5
food,2309,9750.333333333332
food,2310,9750.1
food,2311,9750.0
food,2312,9748.6
food,2313,9748.2
food,2314,9747.733333333334
food,2315,9747.733333333334
food,2316,9747.3
food,2317,9747.033333333333
food,2318,9746.9
food,2319,9746.7
food,2320,9746.6
food,2321,9746.3
food,2322,9746.117672096172
food,2323,9746.1
food,2324,9745.666666666666
food,2325,9745.6
food,2326,9745.566666666666
food,2327,9745.400000000001
food,2328,9744.9
food,2329,9744.466666666667
food,2330,9743.133333333333
food,2331,9743.1
food,2332,9742.304306391801
food,2333,9742.166666666666
food,2334,9741.8
food,2335,9741.7
food,2336,9740.466666666667
food,2337,9739.447215926813
food,2338,9738.4
food,2339,9738.3
food,2340,9738.2
food,2341,9738.1
food,2342,9737.2
food,2343,9736.8
food,2344,9735.866666666667
food,2345,9735.6
food,2346,9734.533333333333
food,2347,9734.1
food,2348,9733.04902966382
food,2349,9731.8
food,2350,9731.466666666667
food,2351,9730.5
food,2352,9729.533333333333
food,2353,9729.2
food,2354,9729.051005429505
food,2355,9728.8
food,2356,9728.5
food,2357,9727.9
food,2358,9727.9
food,2359,9727.466666666667
food,2360,9726.4
food,2361,9725.8
food,2362,9725.7
food,2363,9725.1
food,2364,9724.8
food,2365,9724.8
food,2366,9724.633333333333
food,2367,9724.5
food,2368,9724.2
food,2369,9723.851005429506
food,2370,9723.8
food,2371,9723.733333333334
food,2372,9722.6
food,2373,9722.6
food,2374,9720.8
food,2375,9720.2
food,2376,9720.0
food,2377,9719.2
food,2378,9717.133333333333
food,2379,9716.9
food,2380,9716.0
food,2381,9715.8
food,2382,9715.466666666667
food,2383,9715.0
food,2384,9714.8
food,2385,9713.8
food,2386,9713.4
food,2387,9711.3
food,2388,9710.117672096172
food,2389,9709.9
food,2390,9708.933333333334
food,2391,9708.833333333334
food,2392,9708.705079018644
food,2393,9708.3
food,2394,9708.2
food,2395,9707.868816655042
food,2396,9707.5
food,2397,9707.333333333332
food,2398,9707.2
food,2399,9707.2
food,2400,9707.066666666668
food,2401,9706.833333333332
food,2402,9706.116412898387
food,2403,9704.707872217255
food,2404,9704.233333333334
food,2405,9704.2
food,2406,9704.1
food,2407,9704.0
food,2408,9703.466666666667
food,2409,9702.9
food,2410,9701.933333333334
food,2411,9701.8
food,2412,9700.566666666666
food,2413,9700.4
food,2414,9700.2
food,2415,9698.8
food,2416,9698.633333333333
food,2417,9698.6
food,2418,9698.266666666666
food,2419,9697.9
food,2420,9697.684338762838
food,2421,9695.7
food,2422,9695.566666666666
food,2423,9695.5
food,2424,9695.4
food,2425,9695.2
food,2426,9694.9
food,2427,9694.866666666667
food,2428,9694.8
food,2429,9693.4
food,2430,9693.4
food,2431,9692.9
food,2432,9692.4
food,2433,9692.3
food,2434,9692.2
food,2435,9692.1
food,2436,9691.6
food,2437,9691.1
food,2438,9689.566666666666
food,2439,9688.836294451961
food,2440,9688.7
food,2441,9688.666666666666
food,2442,9687.7
food,2443,9687.346548291966
food,2444,9685.6
food,2445,9684.9
food,2446,9684.8
food,2447,9684.633333333333
food,2448,9684.2
food,2449,9684.133333333333
food,2450,9683.366666666667
food,2451,9682.966666666667
food,2452,9682.9
food,2453,9681.517672096172
food,2454,9681.3
food,2455,9680.7
food,2456,9680.7
food,2457,9679.5
food,2458,9678.5
food,2459,9677.4
food,2460,9677.3
food,2461,9677.066666666666
food,2462,9676.466666666667
food,2463,9675.233333333334
food,2464,9673.9
food,2465,9673.421900988982
food,2466,9673.2
food,2467,9672.8
food,2468,9672.617672096172
food,2469,9671.0
food,2470,9670.833333333332
food,2471,9669.866666666667
food,2472,9669.666666666666
food,2473,9669.1
food,2474,9668.833333333332
food,2475,9667.868816655042
food,2476,9667.233333333334
food,2477,9667.033333333333
food,2478,9666.666666666666
food,2479,9665.320344307387
food,2480,9664.833333333332
food,2481,9664.466666666667
food,2482,9664.4
food,2483,9664.3
food,2484,9664.0
food,2485,9663.9
food,2486,9663.533333333333
food,2487,9663.451005429506
food,2488,9663.4
food,2489,9662.633333333333
food,2490,9662.4
food,2491,9662.2
food,2492,9662.2
food,2493,9661.3
food,2494,9661.233333333334
food,2495,9660.4
food,2496,9659.2
food,2497,9658.099999999999
food,2498,9657.9
food,2499,9657.7
food,2500,9657.4
food,2501,9656.8
food,2502,9656.8
food,2503,9656.066666666666
food,2504,9656.0
food,2505,9655.566666666666
food,2506,9654.8
food,2507,9654.6
food,2508,9654.533333333333
food,2509,9654.366666666667
food,2510,9654.1
food,2511,9653.966666666665
food,2512,9653.8
food,2513,9653.3
food,2514,9652.533333333333
food,2515,9651.8
food,2516,9651.8
food,2517,9651.111980824055
food,2518,9651.1
food,2519,9650.8
food,2520,9650.766666666666
food,2521,9650.6
food,2522,9649.033333333333
food,2523,9646.433333333334
food,2524,9646.117672096172
food,2525,9645.7
food,2526,9644.3
food,2527,9643.7
food,2528,9643.2
food,2529,9642.8
food,2530,9641.966666666667
food,2531,9641.1
food,2532,9641.08433876284
food,2533,9640.9
food,2534,9639.2
food,2535,9639.2
food,2536,9638.233333333334
food,2537,9638.1
food,2538,9638.066666666666
food,2539,9637.6
food,2540,9637.4
food,2541,9637.2
food,2542,9637.133333333333
food,2543,9637.1
food,2544,9636.8
food,2545,9635.133333333333
food,2546,9634.4
food,2547,9633.8
food,2548,9633.2
food,2549,9633.2
food,2550,9631.4
food,2551,9630.6
food,2552,9629.966666666665
food,2553,9629.733333333334
food,2554,9629.466666666667
food,2555,9628.8
food,2556,9628.733333333334
food,2557,9628.2
food,2558,9627.751005429505
food,2559,9627.3
food,2560,9627.166666666666
food,2561,9626.8
food,2562,9626.4
food,2563,9626.333333333332
food,2564,9625.566666666666
food,2565,9625.251005429505
food,2566,9624.9
food,2567,9624.617672096172
food,2568,9624.4
food,2569,9624.2
food,2570,9623.5
food,2571,9623.0
food,2572,9622.3
food,2573,9622.0
food,2574,9621.8
food,2575,9621.7
food,2576,9621.2
food,2577,9621.033333333333
food,2578,9620.9
food,2579,9620.4
food,2580,9620.0
food,2581,9619.9
food,2582,9619.6
food,2583,9618.9
food,2584,9618.5
food,2585,9617.8
food,2586,9617.1
food,2587,9616.568816655043
food,2588,9616.2
food,2589,9615.933333333334
food,2590,9615.9
food,2591,9615.866666666667
food,2592,9615.19952171432
food,2593,9615.098477059772
food,2594,9613.966666666667
food,2595,9613.766666666666
food,2596,9613.1
food,2597,9612.8
food,2598,9612.3
food,2599,9607.8
food,2600,9606.9
food,2601,9606.8
food,2602,9606.5
food,2603,9603.8
food,2604,9603.4
food,2605,9602.6
food,2606,9602.5
food,2607,9602.3
food,2608,9602.178081311062
food,2609,9601.3
food,2610,9601.1
food,2611,9600.9
food,2612,9600.884338762839
food,2613,9599.8
food,2614,9599.8
food,2615,9598.4
food,2616,9598.2
food,2617,9597.80891654179
food,2618,9596.466666666667
food,2619,9596.2
food,2620,9596.1
food,2621,9595.566666666666
food,2622,9594.9
food,2623,9594.8
food,2624,9594.766666666666
food,2625,9593.9
food,2626,9593.5
food,2627,9593.5
food,2628,9593.429756121837
food,2629,9593.2
food,2630,9593.066666666666
food,2631,9593.051005429505
food,2632,9592.6
food,2633,9592.4
food,2634,9591.366666666667
food,2635,9590.8
food,2636,9590.466666666667
food,2637,9590.033333333333
food,2638,9589.9
food,2639,9589.5
food,2640,9589.366666666667
food,2641,9589.1
food,2642,9588.566666666666
food,2643,9588.533333333333
food,2644,9588.4
food,2645,9588.1
food,2646,9587.233333333334
food,2647,9586.9
food,2648,9586.866666666667
food,2649,9586.1
food,2650,9585.6
food,2651,9584.933333333334
food,2652,9584.9
food,2653,9584.8
food,2654,9584.5
food,2655,9584.233333333334
food,2656,9583.9
food,2657,9582.002149988375
food,2658,9581.7
food,2659,9581.235483321709
food,2660,9579.8
food,2661,9579.4
food,2662,9579.2
food,2663,9579.1
food,2664,9578.833333333334
food,2665,9578.8
food,2666,9577.9
food,2667,9577.833333333332
food,2668,9577.1
food,2669,9576.766666666666
food,2670,9576.733333333334
food,2671,9576.0
food,2672,9574.866666666667
food,2673,9574.8
food,2674,9573.4
food,2675,9572.833333333334
food,2676,9572.8
food,2677,9572.333333333332
food,2678,9572.0
food,2679,9571.833333333332
food,2680,9571.36791254281
food,2681,9570.833333333332
food,2682,9569.633333333333
food,2683,9569.333333333334
food,2684,9567.966666666667
food,2685,9567.8
food,2686,9567.692042181485
food,2687,9566.4
food,2688,9565.7
food,2689,9564.4
food,2690,9563.933333333334
food,2691,9562.866666666667
food,2692,9562.3
food,2693,9562.2
food,2694,9560.6
food,2695,9560.566666666666
food,2696,9559.533333333333
food,2697,9559.257053404825
food,2698,9558.766666666666
food,2699,9558.6
food,2700,9558.566666666666
food,2701,9557.2
food,2702,9556.8
food,2703,9556.8
food,2704,9556.8
food,2705,9556.766666666666
food,2706,9555.968816655042
food,2707,9555.033333333333
food,2708,9554.766666666666
food,2709,9554.2
food,2710,9553.8
food,2711,9553.3
food,2712,9553.1
food,2713,9552.566666666666
food,2714,9552.2
food,2715,9551.8
food,2716,9550.717672096172
food,2717,9550.099999999999
food,2718,9550.0
food,2719,9549.933333333334
food,2720,9548.933333333334
food,2721,9548.6
food,2722,9548.5
food,2723,9548.3
food,2724,9547.9
food,2725,9547.8
food,2726,9547.533333333333
food,2727,9547.322206213194
food,2728,9547.184338762838
food,2729,9546.4
food,2730,9546.117672096172
food,2731,9545.9
food,2732,9545.7
food,2733,9545.4
food,2734,9544.833333333332
food,2735,9544.4
food,2736,9544.3
food,2737,9543.8
food,2738,9543.533333333333
food,2739,9543.417672096173
food,2740,9542.9
food,2741,9542.6
food,2742,9542.466666666667
food,2743,9542.1
food,2744,9541.966666666667
food,2745,9541.6
food,2746,9541.066666666666
food,2747,9540.966666666667
food,2748,9540.717672096172
food,2749,9540.166666666666
food,2750,9540.066666666666
food,2751,9539.9
food,2752,9539.1
food,2753,9537.966666666665
food,2754,9537.8
food,2755,9537.166666666666
food,2756,9536.2
food,2757,9536.133333333333
food,2758,9535.466666666667
food,2759,9535.4
food,2760,9535.284338762838
food,2761,9534.9
food,2762,9534.533333333333
food,2763,9534.333333333332
food,2764,9533.484338762839
food,2765,9533.166666666666
food,2766,9532.466666666667
food,2767,9531.966666666667
food,2768,9531.533333333333
food,2769,9531.5
food,2770,9531.2
food,2771,9529.4
food,2772,9529.3
food,2773,9528.80192675863
food,2774,9528.2
food,2775,9527.9
food,2776,9527.8
food,2777,9527.166666666666
food,2778,9526.6
food,2779,9526.524197400777
food,2780,9525.7
food,2781,9525.6
food,2782,9525.4
food,2783,9525.3
food,2784,9525.2
food,2785,9524.4
food,2786,9524.3
food,2787,9524.2
food,2788,9522.8
food,2789,9522.4
food,2790,9522.1
food,2791,9521.1
food,2792,9520.5
food,2793,9520.266666666666
food,2794,9519.8
food,2795,9519.566666666666
food,2796,9519.5
food,2797,9519.268816655042
food,2798,9519.2
food,2799,9518.9
food,2800,9518.492042181486
food,2801,9517.0
food,2802,9516.9
food,2803,9516.833333333334
food,2804,9516.6
food,2805,9516.308626434324
food,2806,9515.133333333333
food,2807,9515.009657667779
food,2808,9514.833333333332
food,2809,9514.733333333334
food,2810,9514.6
food,2811,9514.5
food,2812,9513.6
food,2813,9512.933333333334
food,2814,9512.8
food,2815,9512.2
food,2816,9512.117672096172
food,2817,9511.49800594521
food,2818,9511.4
food,2819,9511.0
food,2820,9510.866666666667
food,2821,9510.8
food,2822,9510.8
food,2823,9510.133333333333
food,2824,9510.066666666666
food,2825,9509.417672096173
food,2826,9508.666666666666
food,2827,9508.3
food,2828,9507.9
food,2829,9507.1
food,2830,9506.7
food,2831,9506.533333333333
food,2832,9506.2
food,2833,9505.8
food,2834,9505.666666666666
food,2835,9505.0
food,2836,9504.851005429506
food,2837,9504.0
food,2838,9503.9
food,2839,9503.4
food,2840,9502.7
food,2841,9502.4
food,2842,9502.2
food,2843,9502.1
food,2844,9501.733333333334
food,2845,9500.816761918637
food,2846,9500.617672096172
food,2847,9499.8
food,2848,9499.1
food,2849,9498.9
food,2850,9498.666666666666
food,2851,9498.2
food,2852,9498.0
food,2853,9497.233333333334
food,2854,9497.2
food,2855,9495.1
food,2856,9494.9
food,2857,9494.8
food,2858,9494.4
food,2859,9494.3
food,2860,9493.966666666667
food,2861,9493.4
food,2862,9492.730514602044
food,2863,9492.7
food,2864,9492.633333333333
food,2865,9492.6
food,2866,9492.533333333333
food,2867,9492.033333333333
food,2868,9492.0
food,2869,9491.733333333334
food,2870,9491.333333333332
food,2871,9490.8
food,2872,9490.8
food,2873,9489.866666666667
food,2874,9489.551005429505
food,2875,9489.5
food,2876,9489.0
food,2877,9488.266666666666
food,2878,9488.1
food,2879,9487.8
food,2880,9487.733333333334
food,2881,9486.733333333334
food,2882,9486.3
food,2883,9486.3
food,2884,9485.366666666667
food,2885,9484.866666666667
food,2886,9484.464897024322
food,2887,9484.133333333333
food,2888,9483.8
food,2889,9483.0
food,2890,9483.0
food,2891,9480.566666666666
food,2892,9479.9
food,2893,9479.766666666666
food,2894,9479.533333333333
food,2895,9478.333333333332
food,2896,9478.166666666666
food,2897,9478.002149988375
food,2898,9477.8
food,2899,9477.666666666666
food,2900,9477.266666666666
food,2901,9477.1
food,2902,9476.633333333333
food,2903,9476.2
food,2904,9476.133333333333
food,2905,9476.0
food,2906,9475.9
food,2907,9475.533333333333
food,2908,9474.9
food,2909,9473.8
food,2910,9473.266666666666
food,2911,9471.9
food,2912,9469.817672096171
food,2913,9469.8
food,2914,9469.466666666667
food,2915,9467.8
food,2916,9467.8
food,2917,9466.409993038822
food,2918,9466.4
food,2919,9465.9
food,2920,9465.0
food,2921,9464.8
food,2922,9464.633333333331
food,2923,9462.766666666666
food,2924,9462.6
food,2925,9462.466666666667
food,2926,9461.8
food,2927,9461.0
food,2928,9460.466666666667
food,2929,9460.4
food,2930,9460.4
food,2931,9459.9
food,2932,9458.9
food,2933,9458.2
food,2934,9458.0
food,2935,9457.833333333332
food,2936,9457.4
food,2937,9456.9
food,2938,9456.7
food,2939,9456.233333333334
food,2940,9456.233333333334
food,2941,9456.2
food,2942,9455.7
food,2943,9455.08433876284
food,2944,9454.933333333334
food,2945,9454.4
food,2946,9454.2
food,2947,9453.8
food,2948,9453.733333333334
food,2949,9453.7
food,2950,9451.6
food,2951,9451.133333333333
food,2952,9450.8
food,2953,9449.9
food,2954,9449.633333333333
food,2955,9448.8
food,2956,9448.566666666666
food,2957,9448.0
food,2958,9447.966666666667
food,2959,9447.1
food,2960,9446.717672096172
food,2961,9446.133333333333
food,2962,9445.866666666667
food,2963,9445.7
food,2964,9445.3
food,2965,9444.9
food,2966,9444.433333333334
food,2967,9443.166666666666
food,2968,9442.7
food,2969,9442.533333333333
food,2970,9440.8
food,2971,9440.5
food,2972,9440.5
food,2973,9440.4
food,2974,9439.8
food,2975,9438.651005429505
food,2976,9438.4
food,2977,9438.166666666666
food,2978,9437.785822836953
food,2979,9437.5
food,2980,9436.9
food,2981,9436.8
food,2982,9435.566666666666
food,2983,9435.066666666666
food,2984,9434.5
food,2985,9433.5
food,2986,9433.321877468543
food,2987,9433.3
food,2988,9432.9
food,2989,9432.8
food,2990,9432.568816655043
food,2991,9432.2
food,2992,9431.645368085998
food,2993,9431.5
food,2994,9431.066666666666
food,2995,9430.751005429505
food,2996,9430.566666666666
food,2997,9429.733333333334
food,2998,9429.4
food,2999,9428.9
food,3000,9428.60024501244
food,3001,9428.2
food,3002,9427.7
food,3003,9426.766666666666
food,3004,9426.633333333333
food,3005,9426.451294135957
food,3006,9425.6
food,3007,9424.866666666667
food,3008,9424.433333333334
food,3009,9424.4
food,3010,9423.533333333335
food,3011,9423.2
food,3012,9422.4
food,3013,9421.9
food,3014,9421.8
food,3015,9419.933333333334
food,3016,9419.4
food,3017,9419.4
food,3018,9419.3
food,3019,9419.033333333333
food,3020,9418.9
food,3021,9417.766666666666
food,3022,9417.6
food,3023,9417.466666666667
food,3024,9416.0
food,3025,9415.933333333334
food,3026,9415.666666666666
food,3027,9415.621030698512
food,3028,9415.46026940453
food,3029,9414.866666666667
food,3030,9414.766666666666
food,3031,9414.5
food,3032,9414.433333333334
food,3033,9413.7
food,3034,9413.233333333334
food,3035,9413.066666666666
food,3036,9412.4
food,3037,9412.133333333333
food,3038,9412.066666666666
food,3039,9411.766666666666
food,3040,9410.866666666667
food,3041,9410.8
food,3042,9410.6
food,3043,9410.5
food,3044,9410.2
food,3045,9410.2
food,3046,9409.633333333331
food,3047,9409.3
food,3048,9408.866666666667
food,3049,9408.733333333334
food,3050,9408.333333333332
food,3051,9407.8
food,3052,9407.566666666666
food,3053,9407.4
food,3054,9406.466666666667
food,3055,9406.1
food,3056,9405.6
food,3057,9405.533333333333
food,3058,9405.533333333333
food,3059,9405.333333333334
food,3060,9405.1
food,3061,9405.0
food,3062,9404.8
food,3063,9404.733333333334
food,3064,9404.2
food,3065,9403.9
food,3066,9403.8
food,3067,9402.866666666667
food,3068,9402.433333333334
food,3069,9401.9
food,3070,9401.533333333333
food,3071,9400.7
food,3072,9400.5
food,3073,9400.233333333334
food,3074,9399.6
food,3075,9399.566666666666
food,3076,9399.533333333335
food,3077,9399.533333333333
food,3078,9399.433333333334
food,3079,9399.322206213194
food,3080,9398.8
food,3081,9398.2
food,3082,9397.6
food,3083,9397.4
food,3084,9397.22537551482
food,3085,9396.833333333332
food,3086,9394.415058858649
food,3087,9394.4
food,3088,9394.133333333333
food,3089,9392.6
food,3090,9392.366666666667
food,3091,9391.717672096172
food,3092,9391.446660303796
food,3093,9391.233333333334
food,3094,9391.133333333333
food,3095,9391.1
food,3096,9390.6
food,3097,9390.6
food,3098,9389.733333333334
food,3099,9389.333333333334
food,3100,9388.9
food,3101,9388.748182648935
food,3102,9388.433333333334
food,3103,9386.433333333334
food,3104,9386.4
food,3105,9386.154490197887
food,3106,9386.1
food,3107,9385.733333333334
food,3108,9384.9
food,3109,9383.5
food,3110,9382.9
food,3111,9381.730947875749
food,3112,9380.5
food,3113,9380.133333333333
food,3114,9379.8
food,3115,9379.678494646902
food,3116,9379.4
food,3117,9378.866666666667
food,3118,9378.8
food,3119,9377.3
food,3120,9377.1
food,3121,9376.5
food,3122,9376.466666666667
food,3123,9376.2
food,3124,9375.7
food,3125,9375.6
food,3126,9375.6
food,3127,9375.1
food,3128,9375.033333333333
food,3129,9375.0
food,3130,9374.9
food,3131,9374.2
food,3132,9373.866666666667
food,3133,9373.733333333334
food,3134,9373.2
food,3135,9372.2
food,3136,9371.9
food,3137,9371.4
food,3138,9370.6
food,3139,9369.2
food,3140,9368.3
food,3141,9368.2
food,3142,9368.1
food,3143,9366.233333333334
food,3144,9365.590005684988
food,3145,9365.466666666667
food,3146,9364.433333333334
food,3147,9364.4
food,3148,9364.3
food,3149,9363.733333333334
food,3150,9363.033333333333
food,3151,9362.766666666666
food,3152,9361.9
food,3153,9361.768816655042
food,3154,9361.6
food,3155,9361.2
food,3156,9361.133333333333
food,3157,9361.1
food,3158,9360.3
food,3159,9360.133333333333
food,3160,9360.0
food,3161,9359.874969195465
food,3162,9359.4
food,3163,9358.8
food,3164,9358.6
food,3165,9358.099999999999
food,3166,9357.866666666667
food,3167,9357.733333333334
food,3168,9356.8
food,3169,9356.8
food,3170,9355.966666666667
food,3171,9355.233333333334
food,3172,9355.2
food,3173,9355.133333333333
food,3174,9354.966666666667
food,3175,9354.633333333331
food,3176,9354.4
food,3177,9353.8
food,3178,9353.4
food,3179,9353.1
food,3180,9352.40370555951
food,3181,9351.8
food,3182,9351.066666666668
food,3183,9351.066666666666
food,3184,9350.966666666665
food,3185,9349.033333333333
food,3186,9349.0
food,3187,9348.333333333332
food,3188,9348.2
food,3189,9348.2
food,3190,9348.166666666666
food,3191,9348.066666666666
food,3192,9347.466666666667
food,3193,9346.933333333334
food,3194,9346.7
food,3195,9345.866666666667
food,3196,9345.433333333334
food,3197,9345.3
food,3198,9345.166666666666
food,3199,9344.8
food,3200,9344.2
food,3201,9344.185128793992
food,3202,9343.9
food,3203,9343.8
food,3204,9343.766666666666
food,3205,9343.666666666666
food,3206,9343.6
food,3207,9343.466666666667
food,3208,9342.9
food,3209,9342.666666666666
food,3210,9342.366666666665
food,3211,9341.12537551482
food,3212,9340.933333333334
food,3213,9340.7
food,3214,9340.4
food,3215,9340.266666666666
food,3216,9339.9
food,3217,9339.851829823201
food,3218,9339.1
food,3219,9338.833333333334
food,3220,9338.5
food,3221,9338.5
food,3222,9337.9
food,3223,9336.4
food,3224,9335.133333333333
food,3225,9334.266666666666
food,3226,9334.0
food,3227,9333.7
food,3228,9332.966666666667
food,3229,9332.466666666667
food,3230,9331.9
food,3231,9331.0
food,3232,9330.933333333334
food,3233,9330.8
food,3234,9330.0
food,3235,9329.236434833412
food,3236,9328.8
food,3237,9327.8
food,3238,9327.633333333333
food,3239,9327.533333333333
food,3240,9327.2
food,3241,9327.1
food,3242,9326.566666666666
food,3243,9326.5
food,3244,9326.2
food,3245,9325.833333333332
food,3246,9325.166666666666
food,3247,9324.4
food,3248,9324.351005429504
food,3249,9324.066666666666
food,3250,9322.9
food,3251,9322.166666666666
food,3252,9321.333333333332
food,3253,9320.966666666667
food,3254,9320.633333333333
food,3255,9320.133333333333
food,3256,9319.633333333333
food,3257,9318.533333333333
food,3258,9318.366666666667
food,3259,9318.18033633202
food,3260,9316.8
food,3261,9316.2
food,3262,9315.833333333334
food,3263,9315.8
food,3264,9315.8
food,3265,9315.033333333333
food,3266,9314.9
food,3267,9314.8
food,3268,9314.233333333334
food,3269,9314.0
food,3270,9313.033333333333
food,3271,9312.9
food,3272,9311.366666666667
food,3273,9311.133333333331
food,3274,9311.1
food,3275,9310.984338762839
food,3276,9310.666666666666
food,3277,9310.400000000001
food,3278,9310.4
food,3279,9308.984338762839
food,3280,9308.7
food,3281,9307.466666666667
food,3282,9305.233333333334
food,3283,9304.8
food,3284,9304.633333333333
food,3285,9304.2
food,3286,9304.033333333333
food,3287,9303.966666666667
food,3288,9303.933333333334
food,3289,9302.8
food,3290,9302.533333333333
food,3291,9302.066666666666
food,3292,9301.733333333334
food,3293,9301.2
food,3294,9300.8
food,3295,9299.8
food,3296,9299.233333333334
food,3297,9299.066666666666
food,3298,9298.633333333333
food,3299,9298.266666666666
food,3300,9298.2
food,3301,9297.666666666666
food,3302,9297.633333333333
food,3303,9297.133333333333
food,3304,9297.067966960409
food,3305,9296.466666666667
food,3306,9296.4
food,3307,9296.066666666666
food,3308,9295.833333333334
food,3309,9295.8
food,3310,9295.4
food,3311,9294.933333333334
food,3312,9294.666666666666
food,3313,9293.2
food,3314,9292.933333333334
food,3315,9292.333333333334
food,3316,9291.5
food,3317,9291.266666666666
food,3318,9291.266666666666
food,3319,9290.7
food,3320,9290.633333333333
food,3321,9290.233333333334
food,3322,9290.124120850845
food,3323,9289.9
food,3324,9289.5
food,3325,9289.3
food,3326,9289.3
food,3327,9289.166666666666
food,3328,9288.2
food,3329,9285.9
food,3330,9285.233333333334
food,3331,9285.2
food,3332,9284.966666666667
food,3333,9284.633333333333
food,3334,9284.5
food,3335,9284.4
food,3336,9283.9
food,3337,9283.9
food,3338,9283.8
food,3339,9282.9
food,3340,9282.8
food,3341,9282.4
food,3342,9282.3
food,3343,9282.166666666666
food,3344,9282.133333333333
food,3345,9280.2
food,3346,9279.617672096172
food,3347,9279.266666666666
food,3348,9278.833333333332
food,3349,9278.366666666667
food,3350,9277.766666666666
food,3351,9277.3
food,3352,9277.066666666666
food,3353,9275.0
food,3354,9274.851005429506
food,3355,9274.188872879859
food,3356,9274.166666666666
food,3357,9273.8
food,3358,9273.6
food,3359,9273.066666666666
food,3360,9272.9
food,3361,9270.966666666667
food,3362,9270.1
food,3363,9268.8
food,3364,9268.3
food,3365,9267.433333333334
food,3366,9267.4
food,3367,9267.071920352664
food,3368,9266.5
food,3369,9266.166666666666
food,3370,9266.166666666666
food,3371,9265.5
food,3372,9265.233333333334
food,3373,9265.133333333333
food,3374,9264.533333333333
food,3375,9264.3
food,3376,9263.766666666666
food,3377,9263.7
food,3378,9263.2
food,3379,9262.633333333333
food,3380,9260.576829615282
food,3381,9260.3
food,3382,9259.766666666666
food,3383,9259.3
food,3384,9257.8
food,3385,9257.533333333333
food,3386,9257.484338762839
food,3387,9257.166666666666
food,3388,9256.8
food,3389,9256.5
food,3390,9256.2
food,3391,9255.7
food,3392,9255.333333333334
food,3393,9254.833333333332
food,3394,9254.766666666666
food,3395,9254.5
food,3396,9253.533333333333
food,3397,9253.4
food,3398,9252.033333333333
food,3399,9251.833333333334
food,3400,9251.466666666667
food,3401,9251.4
food,3402,9251.0
food,3403,9250.1
food,3404,9250.1
food,3405,9249.566666666666
food,3406,9248.9
food,3407,9248.8
food,3408,9248.8
food,3409,9247.5
food,3410,9247.233333333334
food,3411,9246.733333333334
food,3412,9246.7
food,3413,9246.066666666666
food,3414,9245.784338762838
food,3415,9245.784338762838
food,3416,9243.1
food,3417,9242.2
food,3418,9241.8
food,3419,9241.333333333332
food,3420,9241.3
food,3421,9240.3
food,3422,9240.0
food,3423,9239.917672096173
food,3424,9238.866666666667
food,3425,9238.633333333333
food,3426,9238.166666666666
food,3427,9237.9
food,3428,9237.6
food,3429,9237.333333333332
food,3430,9237.0
food,3431,9236.8
food,3432,9236.58433876284
food,3433,9236.066666666666
food,3434,9235.9
food,3435,9235.9
food,3436,9235.5
food,3437,9235.333333333332
food,3438,9234.8
food,3439,9234.58433876284
food,3440,9234.466666666667
food,3441,9233.266666666666
food,3442,9233.2
food,3443,9233.1
food,3444,9232.771323998673
food,3445,9231.8
food,3446,9231.733333333334
food,3447,9231.5
food,3448,9231.4
food,3449,9230.533333333333
food,3450,9229.933333333334
food,3451,9229.8
food,3452,9229.517672096172
food,3453,9229.2
food,3454,9228.533333333333
food,3455,9227.833333333332
food,3456,9227.8
food,3457,9227.5
food,3458,9227.251005429505
food,3459,9227.066666666666
food,3460,9227.0
food,3461,9226.866666666667
food,3462,9226.466666666665
food,3463,9226.266666666666
food,3464,9225.2
food,3465,9225.2
food,3466,9224.4
food,3467,9224.4
food,3468,9224.3
food,3469,9223.8
food,3470,9222.866666666667
food,3471,9222.8
food,3472,9222.6
food,3473,9222.166666666666
food,3474,9222.066666666666
food,3475,9220.833333333332
food,3476,9220.8
food,3477,9220.5
food,3478,9220.4
food,3479,9220.2
food,3480,9220.033333333333
food,3481,9219.533333333333
food,3482,9219.5
food,3483,9219.4
food,3484,9219.2
food,3485,9218.8
food,3486,9218.5
food,3487,9218.2
food,3488,9218.102468738698
food,3489,9217.8
food,3490,9217.633333333333
food,3491,9217.433333333334
food,3492,9217.4
food,3493,9217.3
food,3494,9217.2
food,3495,9216.8
food,3496,9216.366666666667
food,3497,9214.833333333332
food,3498,9214.5
food,3499,9212.866666666667
food,3500,9211.4
food,3501,9211.366666666667
food,3502,9211.0
food,3503,9210.9
food,3504,9210.6
food,3505,9210.233333333334
food,3506,9210.233333333334
food,3507,9209.366666666667
food,3508,9208.5
food,3509,9208.4
food,3510,9208.233333333334
food,3511,9207.833333333332
food,3512,9207.733333333334
food,3513,9207.633333333333
food,3514,9207.4
food,3515,9207.3
food,3516,9206.8
food,3517,9206.7
food,3518,9206.3
food,3519,9206.266666666666
food,3520,9206.2
food,3521,9205.966666666667
food,3522,9205.9
food,3523,9205.5
food,3524,9205.5
food,3525,9205.5
food,3526,9204.566666666666
food,3527,9204.466666666667
food,3528,9204.435032124436
food,3529,9204.333333333332
food,3530,9203.51396430703
food,3531,9203.166666666666
food,3532,9202.733333333334
food,3533,9202.3
food,3534,9201.3
food,3535,9201.2
food,3536,9201.1
food,3537,9201.1
food,3538,9200.1
food,3539,9200.066666666666
food,3540,9199.933333333334
food,3541,9199.8
food,3542,9199.266666666666
food,3543,9198.666666666666
food,3544,9198.3
food,3545,9197.6
food,3546,9197.4
food,3547,9197.342245072688
food,3548,9197.2
food,3549,9196.733333333334
food,3550,9196.566666666666
food,3551,9196.2
food,3552,9196.2
food,3553,9195.7
food,3554,9195.666666666666
food,3555,9195.6
food,3556,9195.1
food,3557,9194.833333333332
food,3558,9194.566666666666
food,3559,9194.4
food,3560,9194.133333333333
food,3561,9193.633333333333
food,3562,9193.5
food,3563,9193.207100632799
food,3564,9192.866666666667
food,3565,9191.866666666667
food,3566,9191.566666666666
food,3567,9191.3
food,3568,9191.3
food,3569,9190.833333333332
food,3570,9190.4
food,3571,9190.4
food,3572,9189.9
food,3573,9188.933333333334
food,3574,9188.2
food,3575,9187.5
food,3576,9187.463320863279
food,3577,9187.4
food,3578,9187.1
food,3579,9186.666666666666
food,3580,9186.333333333332
food,3581,9186.2
food,3582,9185.2
food,3583,9184.8
food,3584,9183.4
food,3585,9183.2
food,3586,9183.1
food,3587,9182.033333333333
food,3588,9182.0
food,3589,9181.7
food,3590,9181.533333333333
food,3591,9180.766666666666
food,3592,9180.673763892511
food,3593,9180.066666666666
food,3594,9179.966666666667
food,3595,9179.733333333334
food,3596,9179.666666666666
food,3597,9178.933333333334
food,3598,9178.8
food,3599,9178.5
food,3600,9178.5
food,3601,9177.133333333333
food,3602,9177.117672096172
food,3603,9176.866666666667
food,3604,9176.6
food,3605,9176.4
food,3606,9176.366666666667
food,3607,9176.133333333333
food,3608,9175.966666666667
food,3609,9175.633333333333
food,3610,9175.433333333334
food,3611,9175.2
food,3612,9175.066666666666
food,3613,9174.866666666667
food,3614,9174.8
food,3615,9174.7
food,3616,9174.566666666668
food,3617,9174.366666666667
food,3618,9173.4
food,3619,9172.9
food,3620,9172.766666666666
food,3621,9172.566666666666
food,3622,9171.8
food,3623,9171.533333333333
food,3624,9170.9
food,3625,9170.8
food,3626,9170.466666666667
food,3627,9169.8
food,3628,9169.8
food,3629,9168.966666666667
food,3630,9168.4
food,3631,9168.35870884815
food,3632,9167.933333333334
food,3633,9167.8
food,3634,9167.733333333334
food,3635,9166.9
food,3636,9166.866666666667
food,3637,9166.833333333334
food,3638,9166.4
food,3639,9166.1
food,3640,9165.1
food,3641,9165.1
food,3642,9164.966666666667
food,3643,9164.7
food,3644,9164.233333333334
food,3645,9164.0
food,3646,9163.9
food,3647,9163.866666666667
food,3648,9163.666666666666
food,3649,9163.599999999999
food,3650,9163.2
food,3651,9162.466666666667
food,3652,9162.233333333334
food,3653,9162.133333333333
food,3654,9162.1
food,3655,9161.800000000001
food,3656,9161.666573098863
food,3657,9160.9
food,3658,9160.866666666667
food,3659,9160.1
food,3660,9159.733333333334
food,3661,9159.410534375038
food,3662,9158.5
food,3663,9158.4
food,3664,9158.4
food,3665,9157.1
food,3666,9156.933333333334
food,3667,9156.2
food,3668,9155.4
food,3669,9154.966666666667
food,3670,9154.633333333333
food,3671,9154.051005429505
food,3672,9153.8
food,3673,9153.366666666667
food,3674,9153.2
food,3675,9152.7
food,3676,9152.433333333334
food,3677,9151.566666666666
food,3678,9151.0
food,3679,9150.697343441663
food,3680,9150.1
food,3681,9149.866666666667
food,3682,9149.8
food,3683,9149.4
food,3684,9149.233333333334
food,3685,9148.0
food,3686,9147.901846198269
food,3687,9147.733333333334
food,3688,9147.2
food,3689,9146.733333333334
food,3690,9146.233333333334
food,3691,9146.2
food,3692,9145.8
food,3693,9145.733333333334
food,3694,9144.566666666666
food,3695,9144.533333333333
food,3696,9144.066666666666
food,3697,9143.939028945753
food,3698,9143.866666666667
food,3699,9143.066666666666
food,3700,9142.633333333333
food,3701,9142.040458763786
food,3702,9141.900000000001
food,3703,9141.751005429505
food,3704,9141.533333333333
food,3705,9141.266666666666
food,3706,9140.3
food,3707,9140.1
food,3708,9140.066666666666
food,3709,9140.0
food,3710,9139.533333333333
food,3711,9139.0
food,3712,9138.884338762839
food,3713,9138.5
food,3714,9138.4
food,3715,9138.3
food,3716,9137.6
food,3717,9137.233333333334
food,3718,9137.1
food,3719,9137.066666666666
food,3720,9136.866666666667
food,3721,9136.8
food,3722,9136.666666666666
food,3723,9136.4
food,3724,9135.733333333334
food,3725,9135.466666666667
food,3726,9133.466666666667
food,3727,9133.1
food,3728,9133.0
food,3729,9132.5
food,3730,9132.366666666667
food,3731,9132.1
food,3732,9132.033333333333
food,3733,9130.633333333333
food,3734,9130.3
food,3735,9130.1
food,3736,9129.233333333334
food,3737,9128.833333333334
food,3738,9128.733333333334
food,3739,9128.433333333334
food,3740,9127.733333333334
food,3741,9125.033333333335
food,3742,9124.8
food,3743,9124.5
food,3744,9123.4
food,3745,9120.9
food,3746,9120.733333333334
food,3747,9119.9
food,3748,9119.8
food,3749,9119.566666666666
food,3750,9118.5
food,3751,9117.5
food,3752,9117.4
food,3753,9117.004654558617
food,3754,9116.833333333334
food,3755,9116.333333333332
food,3756,9115.8
food,3757,9115.7
food,3758,9115.7
food,3759,9115.466666666667
food,3760,9115.4
food,3761,9115.366666666667
food,3762,9115.266666666666
food,3763,9114.833333333332
food,3764,9114.8
food,3765,9114.5
food,3766,9114.5
food,3767,9114.233333333334
food,3768,9113.3
food,3769,9113.2
food,3770,9113.2
food,3771,9113.2
food,3772,9113.0
food,3773,9111.0
food,3774,9110.8
food,3775,9110.5
food,3776,9110.466666666667
food,3777,9110.033333333333
food,3778,9109.833333333334
food,3779,9109.666666666666
food,3780,9107.933333333334
food,3781,9107.666666666666
food,3782,9106.566666666666
food,3783,9106.1
food,3784,9106.1
food,3785,9105.5
food,3786,9104.833333333334
food,3787,9103.733333333334
food,3788,9103.681936949528
food,3789,9103.3
food,3790,9102.8
food,3791,9102.733333333334
food,3792,9100.833333333332
food,3793,9100.3
food,3794,9099.933333333334
food,3795,9099.8
food,3796,9099.733333333334
food,3797,9099.4
food,3798,9099.2
food,3799,9098.866666666667
food,3800,9098.833333333332
food,3801,9098.784338762838
food,3802,9098.633333333333
food,3803,9097.8
food,3804,9097.583102205568
food,3805,9096.8
food,3806,9096.433333333334
food,3807,9095.9
food,3808,9095.8
food,3809,9095.7
food,3810,9095.533333333333
food,3811,9094.466666666667
food,3812,9094.4
food,3813,9094.366666666667
food,3814,9093.666666666666
food,3815,9093.4
food,3816,9092.6343423874
food,3817,9092.333333333332
food,3818,9092.1
food,3819,9092.1
food,3820,9091.066666666666
food,3821,9090.466666666667
food,3822,9090.0
food,3823,9089.333333333334
food,3824,9088.566666666666
food,3825,9088.2
food,3826,9088.133333333333
food,3827,9088.1
food,3828,9087.966666666667
food,3829,9087.733333333334
food,3830,9087.466666666667
food,3831,9087.1
food,3832,9087.1
food,3833,9086.7
food,3834,9085.3
food,3835,9085.2
food,3836,9085.166666666666
food,3837,9084.9
food,3838,9084.833333333334
food,3839,9084.166666666666
food,3840,9083.866666666667
food,3841,9083.8
food,3842,9083.784338762838
food,3843,9083.233333333334
food,3844,9083.033333333333
food,3845,9082.666666666666
food,3846,9081.5
food,3847,9079.733333333334
food,3848,9079.72537551482
food,3849,9079.066666666666
food,3850,9078.133333333333
food,3851,9077.8
food,3852,9076.8
food,3853,9076.0
food,3854,9075.566666666666
food,3855,9074.9
food,3856,9073.9
food,3857,9073.8
food,3858,9072.8
food,3859,9071.333333333334
food,3860,9070.5
food,3861,9070.3
food,3862,9070.2
food,3863,9069.2
food,3864,9069.166666666666
food,3865,9069.1
food,3866,9068.7
food,3867,9066.866666666667
food,3868,9066.466666666667
food,3869,9066.0
food,3870,9065.933333333334
food,3871,9065.8
food,3872,9065.333333333332
food,3873,9065.233333333334
food,3874,9065.1
food,3875,9064.966666666667
food,3876,9064.3
food,3877,9064.2
food,3878,9063.5
food,3879,9063.266666666666
food,3880,9061.5
food,3881,9060.066666666666
food,3882,9059.9
food,3883,9059.3
food,3884,9059.1
food,3885,9058.433333333334
food,3886,9058.4
food,3887,9057.933333333334
food,3888,9057.58433876284
food,3889,9056.166666666666
food,3890,9055.9
food,3891,9055.8
food,3892,9054.7
food,3893,9054.2
food,3894,9054.2
food,3895,9054.2
food,3896,9054.066666666666
food,3897,9053.733333333334
food,3898,9053.2
food,3899,9052.333333333332
food,3900,9052.3
food,3901,9052.133333333333
food,3902,9051.966666666667
food,3903,9050.1
food,3904,9049.5
food,3905,9049.4
food,3906,9049.3
food,3907,9049.066666666666
food,3908,9048.566666666668
food,3909,9048.533333333333
food,3910,9048.266666666666
food,3911,9048.266666666666
food,3912,9048.066666666666
food,3913,9048.0
food,3914,9047.933333333334
food,3915,9047.533333333333
food,3916,9047.333333333332
food,3917,9047.2
food,3918,9046.533333333333
food,3919,9046.1
food,3920,9046.0
food,3921,9045.2
food,3922,9044.9
food,3923,9044.860446028475
food,3924,9044.8
food,3925,9044.066666666666
food,3926,9043.466666666667
food,3927,9043.466666666667
food,3928,9043.166666666666
food,3929,9042.733333333334
food,3930,9042.5
food,3931,9042.133333333333
food,3932,9041.105869853534
food,3933,9040.633333333333
food,3934,9040.233333333334
food,3935,9039.833333333334
food,3936,9039.633333333333
food,3937,9039.333333333332
food,3938,9039.2
food,3939,9039.0
food,3940,9038.533333333333
food,3941,9038.1
food,3942,9037.833333333332
food,3943,9037.433333333334
food,3944,9037.4
food,3945,9037.233333333334
food,3946,9037.133333333333
food,3947,9036.75736390361
food,3948,9036.733333333334
food,3949,9036.451005429506
food,3950,9036.3
food,3951,9036.233333333334
food,3952,9036.066666666666
food,3953,9036.066666666666
food,3954,9036.0
food,3955,9035.466666666665
food,3956,9035.4
food,3957,9035.233333333334
food,3958,9034.533333333333
food,3959,9034.2
food,3960,9034.2
food,3961,9034.0
food,3962,9033.8
food,3963,9033.4
food,3964,9033.333333333334
food,3965,9032.2
food,3966,9031.4
food,3967,9031.066666666666
food,3968,9030.9
food,3969,9029.8
food,3970,9029.6
food,3971,9028.8
food,3972,9028.6
food,3973,9028.0
food,3974,9027.5
food,3975,9027.333333333334
food,3976,9027.2
food,3977,9026.8
food,3978,9026.566666666666
food,3979,9025.866666666667
food,3980,9025.5
food,3981,9025.333333333334
food,3982,9023.866666666667
food,3983,9023.1
food,3984,9023.033333333333
food,3985,9023.0
food,3986,9022.7
food,3987,9022.484338762839
food,3988,9021.766666666666
food,3989,9021.1
food,3990,9020.8
food,3991,9020.4
food,3992,9020.0
food,3993,9019.133333333333
food,3994,9018.9
food,3995,9018.6
food,3996,9018.266666666666
food,3997,9018.2
food,3998,9017.666666666666
food,3999,9017.555259959885
food,4000,9017.5
food,4001,9017.4
food,4002,9017.231249828856
food,4003,9016.8
food,4004,9016.4
food,4005,9016.4
food,4006,9016.266666666666
food,4007,9014.733333333334
food,4008,9014.366666666667
food,4009,9014.333333333334
food,4010,9014.2
food,4011,9013.566666666666
food,4012,9012.866666666667
food,4013,9012.6
food,4014,9012.5
food,4015,9012.0
food,4016,9011.1
food,4017,9010.433333333334
food,4018,9009.966666666667
food,4019,9009.8
food,4020,9009.8
food,4021,9009.7
food,4022,9009.633333333333
food,4023,9009.033333333333
food,4024,9008.1
food,4025,9007.7
food,4026,9007.266666666666
food,4027,9006.833333333334
food,4028,9006.333333333332
food,4029,9005.866666666667
food,4030,9005.8
food,4031,9005.2
food,4032,9004.1
food,4033,9004.033333333333
food,4034,9003.5
food,4035,9003.251005429505
food,4036,9003.0
food,4037,9002.833333333334
food,4038,9002.3
food,4039,9002.3
food,4040,9002.2
food,4041,9002.1
food,4042,9001.533333333333
food,4043,9001.333333333332
food,4044,9000.9
food,4045,9000.2
food,4046,9000.066666666666
food,4047,9000.0
food,4048,8999.9
food,4049,8999.2
food,4050,8998.666666666666
food,4051,8998.2
food,4052,8996.5
food,4053,8995.766666666666
food,4054,8995.619999685998
food,4055,8995.4
food,4056,8995.366666666667
food,4057,8993.933333333334
food,4058,8993.733333333334
food,4059,8993.066666666666
food,4060,8991.992144351385
food,4061,8991.6
food,4062,8991.4
food,4063,8991.366666666667
food,4064,8991.266666666666
food,4065,8991.133333333333
food,4066,8990.666666666666
food,4067,8990.233333333334
food,4068,8989.1
food,4069,8988.2
food,4070,8987.5
food,4071,8987.1
food,4072,8986.866666666667
food,4073,8985.733333333334
food,4074,8985.6
food,4075,8985.266666666666
food,4076,8985.1
food,4077,8984.400000000001
food,4078,8984.3
food,4079,8984.066666666666
food,4080,8983.366666666667
food,4081,8981.2
food,4082,8980.333333333332
food,4083,8980.266666666666
food,4084,8980.2
food,4085,8979.6
food,4086,8979.366666666667
food,4087,8979.3
food,4088,8978.8
food,4089,8978.633333333333
food,4090,8978.6
food,4091,8978.2
food,4092,8977.3
food,4093,8977.2
food,4094,8976.6
food,4095,8976.4
food,4096,8976.233333333334
food,4097,8975.733333333334
food,4098,8975.733333333334
food,4099,8975.166666666666
food,4100,8974.566666666666
food,4101,8974.466666666667
food,4102,8973.1
food,4103,8973.0
food,4104,8972.0
food,4105,8971.9
food,4106,8971.617672096172
food,4107,8971.3
food,4108,8971.1
food,4109,8971.033333333333
food,4110,8970.533333333333
food,4111,8970.433333333334
food,4112,8970.133333333333
food,4113,8969.8
food,4114,8969.317672096171
food,4115,8969.2
food,4116,8968.866666666667
food,4117,8967.900000000001
food,4118,8967.866666666667
food,4119,8967.8
food,4120,8967.6
food,4121,8967.233333333334
food,4122,8967.2
food,4123,8967.133333333333
food,4124,8966.9
food,4125,8966.733333333334
food,4126,8966.633333333333
food,4127,8966.433333333334
food,4128,8965.333333333334
food,4129,8965.2
food,4130,8964.733333333334
food,4131,8963.8
food,4132,8963.8
food,4133,8963.566666666666
food,4134,8962.9
food,4135,8962.533333333333
food,4136,8961.966666666667
food,4137,8961.551005429505
food,4138,8961.533333333333
food,4139,8961.133333333333
food,4140,8961.042697798288
food,4141,8960.2
food,4142,8960.033333333333
food,4143,8959.0
food,4144,8958.533333333333
food,4145,8957.533333333333
food,4146,8957.366666666667
food,4147,8956.966666666667
food,4148,8956.9
food,4149,8956.4
food,4150,8956.25933197933
food,4151,8956.233333333334
food,4152,8955.7
food,4153,8955.033333333333
food,4154,8954.9
food,4155,8954.066666666666
food,4156,8953.9
food,4157,8953.866666666667
food,4158,8951.566666666666
food,4159,8951.366666666667
food,4160,8951.2
food,4161,8949.833333333332
food,4162,8949.733333333334
food,4163,8948.966666666667
food,4164,8948.7
food,4165,8946.666666666666
food,4166,8946.3
food,4167,8945.9
food,4168,8945.9
food,4169,8945.633333333333
food,4170,8945.233333333334
food,4171,8945.1
food,4172,8944.533333333333
food,4173,8944.466666666667
food,4174,8944.0
food,4175,8942.966666666667
food,4176,8942.3
food,4177,8941.866666666667
food,4178,8941.8
food,4179,8941.8
food,4180,8941.5
food,4181,8941.233333333334
food,4182,8940.2
food,4183,8940.033333333333
food,4184,8940.0
food,4185,8938.733333333334
food,4186,8938.6
food,4187,8938.466666666667
food,4188,8937.533333333333
food,4189,8937.533333333333
food,4190,8937.2
food,4191,8936.8
food,4192,8936.766666666666
food,4193,8936.666666666666
food,4194,8936.066666666666
food,4195,8935.866666666667
food,4196,8935.766666666666
food,4197,8935.3
food,4198,8934.333333333332
food,4199,8933.666666666668
food,4200,8931.9
food,4201,8931.8
food,4202,8931.1
food,4203,8931.033333333333
food,4204,8930.9
food,4205,8930.6
food,4206,8930.1
food,4207,8929.8
food,4208,8929.133333333333
food,4209,8929.066666666666
food,4210,8928.851005429506
food,4211,8928.233333333334
food,4212,8928.2
food,4213,8928.133333333333
food,4214,8927.533333333333
food,4215,8927.1
food,4216,8926.466666666667
food,4217,8925.666666666666
food,4218,8925.566666666666
food,4219,8925.4
food,4220,8925.266666666666
food,4221,8925.1
food,4222,8924.4
food,4223,8924.133333333333
food,4224,8923.266666666666
food,4225,8923.2
food,4226,8922.1
food,4227,8922.033333333333
food,4228,8922.0
food,4229,8921.533333333333
food,4230,8920.789589418087
food,4231,8920.2
food,4232,8920.1
food,4233,8920.1
food,4234,8919.7
food,4235,8919.633333333333
food,4236,8919.6
food,4237,8919.433333333334
food,4238,8919.1
food,4239,8918.866666666667
food,4240,8917.984338762839
food,4241,8917.3
food,4242,8917.033333333333
food,4243,8916.4
food,4244,8916.3
food,4245,8916.266666666666
food,4246,8916.133333333333
food,4247,8915.433333333334
food,4248,8914.666666666666
food,4249,8913.8
food,4250,8913.671446409728
food,4251,8913.433333333334
food,4252,8913.008443418381
food,4253,8913.0
food,4254,8912.733333333334
food,4255,8912.7
food,4256,8911.9
food,4257,8911.833333333332
food,4258,8911.633333333333
food,4259,8911.466666666667
food,4260,8910.5
food,4261,8910.4
food,4262,8910.3
food,4263,8910.166666666666
food,4264,8909.966666666667
food,4265,8909.866666666667
food,4266,8909.5
food,4267,8909.5
food,4268,8908.6
food,4269,8908.216059002347
food,4270,8908.066666666666
food,4271,8907.9
food,4272,8907.751005429505
food,4273,8907.2
food,4274,8906.4
food,4275,8906.066666666666
food,4276,8905.933333333334
food,4277,8905.8
food,4278,8905.2
food,4279,8904.6
food,4280,8904.6
food,4281,8903.4
food,4282,8902.933333333334
food,4283,8902.8
food,4284,8902.433333333334
food,4285,8902.333333333332
food,4286,8902.1
food,4287,8900.933333333334
food,4288,8900.833333333332
food,4289,8900.717672096172
food,4290,8900.1
food,4291,8899.333333333332
food,4292,8898.7
food,4293,8898.466666666667
food,4294,8898.4
food,4295,8898.333333333334
food,4296,8898.3
food,4297,8898.166666666666
food,4298,8897.633333333333
food,4299,8897.533333333333
food,4300,8897.433333333334
food,4301,8897.0
food,4302,8896.933333333334
food,4303,8895.7
food,4304,8895.6
food,4305,8894.566666666666
food,4306,8894.366666666667
food,4307,8894.2
food,4308,8893.6
food,4309,8893.533333333335
food,4310,8893.533333333333
food,4311,8893.3
food,4312,8892.9
food,4313,8892.2
food,4314,8891.966666666667
food,4315,8891.7
food,4316,8891.566666666666
food,4317,8890.1
food,4318,8889.9
food,4319,8889.766666666666
food,4320,8889.766666666666
food,4321,8889.4
food,4322,8886.8
food,4323,8886.5
food,4324,8886.233333333334
food,4325,8886.1
food,4326,8886.033333333333
food,4327,8885.8
food,4328,8885.233333333334
food,4329,8885.1
food,4330,8885.066666666666
food,4331,8883.666666666666
food,4332,8883.6
food,4333,8882.766666666666
food,4334,8882.3
food,4335,8881.933333333334
food,4336,8881.9
food,4337,8881.766666666666
food,4338,8881.6
food,4339,8881.466666666667
food,4340,8881.4
food,4341,8880.266666666666
food,4342,8879.933333333334
food,4343,8879.466666666667
food,4344,8877.8
food,4345,8877.666666666666
food,4346,8877.633333333333
food,4347,8877.533333333333
food,4348,8876.9
food,4349,8876.266666666666
food,4350,8876.066666666666
food,4351,8876.0
food,4352,8875.1
food,4353,8874.566666666666
food,4354,8873.8
food,4355,8873.6
food,4356,8873.566666666666
food,4357,8873.5
food,4358,8873.3
food,4359,8873.1
food,4360,8872.866666666667
food,4361,8872.8
food,4362,8872.417672096173
food,4363,8872.266666666666
food,4364,8872.066666666666
food,4365,8871.566666666666
food,4366,8870.866666666667
food,4367,8870.599999999999
food,4368,8868.666666666666
food,4369,8868.233333333334
food,4370,8866.633333333333
food,4371,8865.933333333334
food,4372,8865.933333333334
food,4373,8865.633333333333
food,4374,8864.333333333334
food,4375,8864.3
food,4376,8864.0
food,4377,8863.666666666666
food,4378,8863.2
food,4379,8862.433333333334
food,4380,8862.1
food,4381,8861.9
food,4382,8861.533333333333
food,4383,8860.9
food,4384,8859.2
food,4385,8859.0
food,4386,8858.9
food,4387,8858.533333333333
food,4388,8858.267980930934
food,4389,8857.9
food,4390,8856.333333333334
food,4391,8855.7
food,4392,8855.633333333333
food,4393,8855.6
food,4394,8855.4
food,4395,8854.4
food,4396,8853.566666666666
food,4397,8852.642845822786
food,4398,8851.8
food,4399,8851.633333333333
food,4400,8851.0
food,4401,8850.966666666667
food,4402,8850.666666666666
food,4403,8850.133333333333
food,4404,8850.0
food,4405,8850.0
food,4406,8848.3
food,4407,8848.066666666666
food,4408,8847.851005429506
food,4409,8847.80510116608
food,4410,8845.4
food,4411,8844.633333333333
food,4412,8844.3
food,4413,8844.1
food,4414,8844.066666666666
food,4415,8843.833333333334
food,4416,8843.733333333334
food,4417,8843.3
food,4418,8842.006296361062
food,4419,8842.0
food,4420,8842.0
food,4421,8841.166666666666
food,4422,8840.466666666667
food,4423,8840.151005429505
food,4424,8839.9
food,4425,8839.1
food,4426,8839.0
food,4427,8838.733333333334
food,4428,8838.166666666666
food,4429,8838.066666666666
food,4430,8837.933333333334
food,4431,8837.5
food,4432,8837.133333333333
food,4433,8836.6
food,4434,8835.1
food,4435,8834.866666666667
food,4436,8834.8
food,4437,8834.766666666666
food,4438,8834.7
food,4439,8834.5
food,4440,8834.133333333333
food,4441,8833.9
food,4442,8833.7
food,4443,8833.533333333333
food,4444,8832.966666666667
food,4445,8832.933333333334
food,4446,8832.4
food,4447,8831.400000000001
food,4448,8830.566666666668
food,4449,8830.4
food,4450,8830.166666666666
food,4451,8830.1
food,4452,8830.066666666668
food,4453,8829.5
food,4454,8829.366666666667
food,4455,8828.5
food,4456,8828.1
food,4457,8827.9
food,4458,8827.6
food,4459,8827.233333333334
food,4460,8827.027752433889
food,4461,8826.933333333334
food,4462,8826.466666666667
food,4463,8825.733333333334
food,4464,8825.3
food,4465,8825.033333333333
food,4466,8824.2
food,4467,8824.1
food,4468,8823.933333333334
food,4469,8822.566666666666
food,4470,8822.211316609873
food,4471,8821.4
food,4472,8821.0
food,4473,8820.4
food,4474,8820.166666666666
food,4475,8820.1
food,4476,8819.9
food,4477,8819.5
food,4478,8818.966666666665
food,4479,8818.1
food,4480,8817.8
food,4481,8817.4
food,4482,8815.2
food,4483,8814.2
food,4484,8814.0
food,4485,8813.933333333334
food,4486,8813.566666666666
food,4487,8813.066666666666
food,4488,8810.866666666667
food,4489,8810.0
food,4490,8809.533333333333
food,4491,8809.4
food,4492,8809.233333333334
food,4493,8808.066666666666
food,4494,8807.251005429505
food,4495,8807.033333333333
food,4496,8806.766666666666
food,4497,8806.2
food,4498,8805.6
food,4499,8804.8
food,4500,8804.8
food,4501,8804.5573295698
food,4502,8804.3
food,4503,8803.9
food,4504,8803.8
food,4505,8803.733333333334
food,4506,8803.533333333333
food,4507,8802.8
food,4508,8802.3
food,4509,8802.2
food,4510,8802.133333333333
food,4511,8801.933333333334
food,4512,8801.633333333333
food,4513,8801.6
food,4514,8800.666666666666
food,4515,8800.5
food,4516,8800.333333333334
food,4517,8800.3
food,4518,8799.8
food,4519,8799.7
food,4520,8799.266666666666
food,4521,8798.633333333333
food,4522,8797.440926689884
food,4523,8796.033333333333
food,4524,8794.6
food,4525,8793.966666666667
food,4526,8793.733333333334
food,4527,8793.2
food,4528,8793.2
food,4529,8792.3
food,4530,8791.733333333334
food,4531,8791.533333333333
food,4532,8790.766666666666
food,4533,8789.533333333333
food,4534,8788.133333333333
food,4535,8787.866666666667
food,4536,8787.4
food,4537,8787.2
food,4538,8786.8
food,4539,8786.7
food,4540,8786.466666666667
food,4541,8786.066666666666
food,4542,8785.9
food,4543,8785.8
food,4544,8785.7
food,4545,8784.933333333334
food,4546,8784.902149988375
food,4547,8783.9
food,4548,8783.333333333332
food,4549,8783.066666666666
food,4550,8782.233333333334
food,4551,8781.233333333334
food,4552,8781.033333333333
food,4553,8780.7
food,4554,8780.666666666666
food,4555,8780.533333333333
food,4556,8780.284338762838
food,4557,8779.8
food,4558,8779.566666666666
food,4559,8779.233333333334
food,4560,8778.8
food,4561,8778.666666666666
food,4562,8777.966666666667
food,4563,8777.8
food,4564,8777.733333333334
food,4565,8777.58433876284
food,4566,8777.3
food,4567,8777.3
food,4568,8777.1
food,4569,8776.0
food,4570,8775.2
food,4571,8774.166666666666
food,4572,8773.6
food,4573,8772.733333333334
food,4574,8772.384338762839
food,4575,8771.866666666667
food,4576,8771.0
food,4577,8770.966666666667
food,4578,8770.6
food,4579,8769.066666666666
food,4580,8768.5
food,4581,8767.166666666666
food,4582,8767.066666666668
food,4583,8767.0
food,4584,8766.317672096171
food,4585,8766.233333333334
food,4586,8766.1
food,4587,8765.8
food,4588,8765.233333333334
food,4589,8765.0
food,4590,8764.8
food,4591,8764.270116951628
food,4592,8764.133333333333
food,4593,8764.1
food,4594,8763.8
food,4595,8763.466666666667
food,4596,8761.217672096172
food,4597,8760.8
food,4598,8760.7
food,4599,8760.4
food,4600,8760.233333333334
food,4601,8759.433333333334
food,4602,8758.4
food,4603,8757.4
food,4604,8756.8
food,4605,8756.066666666666
food,4606,8755.268816655042
food,4607,8753.533333333333
food,4608,8752.533333333333
food,4609,8750.4
food,4610,8750.066666666666
food,4611,8749.7
food,4612,8749.1
food,4613,8748.066666666666
food,4614,8747.8
food,4615,8746.8
food,4616,8746.533333333335
food,4617,8746.366666666667
food,4618,8746.133333333333
food,4619,8746.1
food,4620,8746.066666666666
food,4621,8745.933333333334
food,4622,8745.1
food,4623,8744.866666666667
food,4624,8744.533333333333
food,4625,8744.2
food,4626,8744.066666666666
food,4627,8743.733333333334
food,4628,8742.7
food,4629,8742.0
food,4630,8741.833333333332
food,4631,8741.733333333334
food,4632,8741.566666666666
food,4633,8741.333333333332
food,4634,8740.9
food,4635,8740.6
food,4636,8739.533333333333
food,4637,8738.633333333333
food,4638,8738.333333333332
food,4639,8738.0
food,4640,8737.966666666667
food,4641,8737.933333333334
food,4642,8737.733333333334
food,4643,8737.433333333334
food,4644,8737.066666666666
food,4645,8735.466666666667
food,4646,8734.066666666666
food,4647,8733.0
food,4648,8732.866666666667
food,4649,8732.0
food,4650,8731.2
food,4651,8731.066666666666
food,4652,8730.4
food,4653,8730.166666666666
food,4654,8729.8
food,4655,8729.8
food,4656,8729.6
food,4657,8729.4
food,4658,8729.4
food,4659,8729.1
food,4660,8729.0
food,4661,8728.866666666667
food,4662,8728.6
food,4663,8726.9
food,4664,8726.809959817752
food,4665,8726.5
food,4666,8726.5
food,4667,8726.033333333333
food,4668,8725.8
food,4669,8723.3
food,4670,8722.333333333332
food,4671,8719.1
food,4672,8719.0
food,4673,8718.3
food,4674,8718.1
food,4675,8718.066666666666
food,4676,8717.2
food,4677,8716.2
food,4678,8716.133333333333
food,4679,8715.833333333334
food,4680,8715.8
food,4681,8715.3
food,4682,8714.7
food,4683,8714.451005429506
food,4684,8714.433333333334
food,4685,8713.1
food,4686,8712.8
food,4687,8712.497850011625
food,4688,8712.4
food,4689,8712.333333333334
food,4690,8712.0
food,4691,8711.8
food,4692,8711.533333333333
food,4693,8711.5
food,4694,8710.6
food,4695,8709.933333333334
food,4696,8709.8
food,4697,8709.7
food,4698,8709.7
food,4699,8708.933333333334
food,4700,8708.466666666667
food,4701,8708.266666666666
food,4702,8708.08433876284
food,4703,8707.833333333332
food,4704,8707.666666666666
food,4705,8706.9
food,4706,8706.866666666667
food,4707,8706.8
food,4708,8706.5
food,4709,8706.1
food,4710,8705.466666666667
food,4711,8705.384338762839
food,4712,8705.133333333333
food,4713,8700.8
food,4714,8700.266666666666
food,4715,8700.2
food,4716,8699.7
food,4717,8699.033333333333
food,4718,8698.5
food,4719,8698.4
food,4720,8697.3
food,4721,8696.3
food,4722,8696.066666666666
food,4723,8695.8
food,4724,8694.6
food,4725,8694.433333333334
food,4726,8693.733333333334
food,4727,8693.233333333334
food,4728,8693.1
food,4729,8692.6
food,4730,8692.533333333333
food,4731,8692.2
food,4732,8691.8
food,4733,8691.1
food,4734,8690.8
food,4735,8690.533333333333
food,4736,8689.166666666666
food,4737,8688.9
food,4738,8688.566666666666
food,4739,8688.166666666666
food,4740,8687.4
food,4741,8687.4
food,4742,8687.3
food,4743,8686.033333333333
food,4744,8685.533333333333
food,4745,8683.8
food,4746,8683.6
food,4747,8683.3
food,4748,8681.766666666666
food,4749,8680.666666666666
food,4750,8679.966666666667
food,4751,8679.8
food,4752,8679.5
food,4753,8679.0
food,4754,8678.3
food,4755,8677.866666666667
food,4756,8676.1
food,4757,8676.0
food,4758,8675.933333333334
food,4759,8673.6
food,4760,8672.8
food,4761,8671.766666666666
food,4762,8671.6
food,4763,8671.051005429505
food,4764,8671.033333333333
food,4765,8670.966666666667
food,4766,8670.7
food,4767,8670.533333333333
food,4768,8670.366666666667
food,4769,8669.0
food,4770,8668.833333333334
food,4771,8668.3
food,4772,8668.033333333333
food,4773,8667.1
food,4774,8666.9
food,4775,8665.8
food,4776,8663.2
food,4777,8663.166666666666
food,4778,8662.9
food,4779,8662.382258707477
food,4780,8662.1
food,4781,8661.966666666667
food,4782,8659.966666666665
food,4783,8659.1
food,4784,8656.266666666666
food,4785,8655.566666666666
food,4786,8654.133333333333
food,4787,8651.666666666666
food,4788,8651.233333333334
food,4789,8650.7
food,4790,8650.233333333334
food,4791,8649.9
food,4792,8648.9
food,4793,8648.866666666667
food,4794,8648.8
food,4795,8648.466666666667
food,4796,8648.266666666666
food,4797,8647.951005429506
food,4798,8647.333333333332
food,4799,8645.8
food,4800,8645.066666666666
food,4801,8643.9
food,4802,8643.8
food,4803,8643.484338762839
food,4804,8643.3
food,4805,8642.866666666667
food,4806,8642.6
food,4807,8642.5
food,4808,8642.4
food,4809,8641.9
food,4810,8641.733333333334
food,4811,8641.233333333334
food,4812,8640.233333333334
food,4813,8639.1
food,4814,8638.966666666667
food,4815,8637.966666666667
food,4816,8637.9
food,4817,8637.2
food,4818,8636.566666666666
food,4819,8636.3
food,4820,8635.233333333334
food,4821,8635.1
food,4822,8635.1
food,4823,8634.566666666666
food,4824,8633.766666666666
food,4825,8633.533333333333
food,4826,8633.4
food,4827,8632.0
food,4828,8631.4
food,4829,8631.066666666666
food,4830,8630.3
food,4831,8628.733333333334
food,4832,8627.9
food,4833,8627.9
food,4834,8627.4
food,4835,8626.766666666666
food,4836,8626.733333333334
food,4837,8626.1
food,4838,8625.229952692698
food,4839,8625.0
food,4840,8624.9
food,4841,8624.833333333334
food,4842,8623.9
food,4843,8623.066666666666
food,4844,8622.866666666667
food,4845,8622.8
food,4846,8622.666666666666
food,4847,8622.6
food,4848,8622.066666666666
food,4849,8621.8
food,4850,8621.566666666666
food,4851,8621.4
food,4852,8620.133333333333
food,4853,8619.066666666666
food,4854,8618.933333333334
food,4855,8618.333333333334
food,4856,8618.2
food,4857,8617.466666666667
food,4858,8616.866666666667
food,4859,8616.633333333333
food,4860,8616.2
food,4861,8616.1
food,4862,8615.233333333334
food,4863,8615.2
food,4864,8614.9
food,4865,8614.2
food,4866,8613.933333333334
food,4867,8613.9
food,4868,8611.633333333333
food,4869,8611.4
food,4870,8609.233333333334
food,4871,8609.0
food,4872,8607.866666666667
food,4873,8607.833333333334
food,4874,8606.766666666666
food,4875,8605.9
food,4876,8605.3
food,4877,8605.1
food,4878,8604.933333333334
food,4879,8604.733333333334
food,4880,8603.400000000001
food,4881,8601.884338762839
food,4882,8600.366666666667
food,4883,8600.137304718834
food,4884,8598.4
food,4885,8597.9
food,4886,8597.433333333334
food,4887,8596.066666666666
food,4888,8595.5
food,4889,8595.3
food,4890,8594.8
food,4891,8594.533333333333
food,4892,8593.666666666666
food,4893,8593.6
food,4894,8592.566666666666
food,4895,8591.566666666666
food,4896,8591.5
food,4897,8591.31505885865
food,4898,8591.162805683638
food,4899,8590.233042527136
food,4900,8589.366666666667
food,4901,8588.5
food,4902,8587.4
food,4903,8586.333333333332
food,4904,8586.0
food,4905,8585.933333333334
food,4906,8584.9
food,4907,8584.233333333334
food,4908,8584.1
food,4909,8583.6
food,4910,8582.2
food,4911,8581.717672096172
food,4912,8581.7
food,4913,8581.633333333333
food,4914,8579.733333333334
food,4915,8579.4
food,4916,8579.1
food,4917,8578.8
food,4918,8577.717672096172
food,4919,8577.23160759782
food,4920,8577.2
food,4921,8576.133333333333
food,4922,8575.833333333332
food,4923,8575.533333333333
food,4924,8572.9
food,4925,8572.7
food,4926,8571.4
food,4927,8571.1
food,4928,8566.766666666666
food,4929,8565.5
food,4930,8565.233333333334
food,4931,8565.2
food,4932,8564.966666666667
food,4933,8562.933333333334
food,4934,8562.833333333332
food,4935,8562.3
food,4936,8562.0
food,4937,8561.733333333334
food,4938,8561.4
food,4939,8561.333333333334
food,4940,8560.9
food,4941,8560.9
food,4942,8560.863388764545
food,4943,8560.6
food,4944,8560.3
food,4945,8560.233333333334
food,4946,8559.9
food,4947,8559.5
food,4948,8558.49596227315
food,4949,8557.5
food,4950,8556.8
food,4951,8555.8
food,4952,8555.733333333334
food,4953,8555.366666666667
food,4954,8554.833333333334
food,4955,8554.266666666666
food,4956,8552.966666666667
food,4957,8552.533333333333
food,4958,8552.2
food,4959,8552.066666666666
food,4960,8550.5
food,4961,8550.266666666666
food,4962,8549.666666666666
food,4963,8548.5
food,4964,8548.2
food,4965,8547.466666666667
food,4966,8547.466666666667
food,4967,8546.1
food,4968,8546.0
food,4969,8545.266666666666
food,4970,8544.766666666666
food,4971,8544.151005429505
food,4972,8543.1
food,4973,8542.7
food,4974,8542.533333333333
food,4975,8542.3
food,4976,8542.2
food,4977,8541.166666666666
food,4978,8540.3853091664
food,4979,8540.2
food,4980,8540.1
food,4981,8538.9
food,4982,8538.2
food,4983,8536.2
food,4984,8535.9
food,4985,8535.5
food,4986,8535.1
food,4987,8534.933333333334
food,4988,8533.033333333333
food,4989,8532.8
food,4990,8532.2
food,4991,8532.0
food,4992,8531.566666666666
food,4993,8531.0
food,4994,8530.866666666667
food,4995,8530.3
food,4996,8530.266666666666
food,4997,8528.8
food,4998,8527.6
food,4999,8527.038619314835
food,5000,8526.4
food,5001,8525.066666666666
food,5002,8524.338882656808
food,5003,8522.0
food,5004,8521.2
food,5005,8518.3
food,5006,8518.2
food,5007,8518.166666666666
food,5008,8516.466666666667
food,5009,8516.433333333334
food,5010,8516.3
food,5011,8516.066666666666
food,5012,8516.066666666666
food,5013,8515.9
food,5014,8515.1
food,5015,8514.7
food,5016,8514.1
food,5017,8514.0
food,5018,8513.066666666666
food,5019,8513.033333333333
food,5020,8511.2
food,5021,8510.866666666667
food,5022,8509.0
food,5023,8508.466666666667
food,5024,8508.133333333333
food,5025,8507.9
food,5026,8507.266666666666
food,5027,8507.166666666666
food,5028,8505.233333333334
food,5029,8504.8
food,5030,8504.3
food,5031,8504.233333333334
food,5032,8503.38946344897
food,5033,8503.033333333333
food,5034,8502.866666666667
food,5035,8501.833333333334
food,5036,8501.098771143126
food,5037,8500.5
food,5038,8500.4
food,5039,8500.233333333334
food,5040,8500.1
food,5041,8498.4
food,5042,8498.1
food,5043,8497.2
food,5044,8496.8
food,5045,8496.2
food,5046,8495.3
food,5047,8495.2
food,5048,8495.1
food,5049,8494.6
food,5050,8494.3
food,5051,8494.266666666666
food,5052,8493.466666666667
food,5053,8493.0
food,5054,8492.2
food,5055,8491.733333333334
food,5056,8491.166666666666
food,5057,8491.133333333333
food,5058,8491.1
food,5059,8491.0
food,5060,8490.8
food,5061,8490.766666666666
food,5062,8490.7
food,5063,8490.400000000001
food,5064,8490.0
food,5065,8489.5
food,5066,8489.2
food,5067,8488.633333333333
food,5068,8487.033333333333
food,5069,8486.633333333333
food,5070,8485.7
food,5071,8484.7
food,5072,8484.266666666666
food,5073,8483.633333333333
food,5074,8483.4
food,5075,8483.2
food,5076,8481.733333333334
food,5077,8481.366666666667
food,5078,8480.2
food,5079,8479.1
food,5080,8478.9
food,5081,8478.533333333333
food,5082,8477.8
food,5083,8477.8
food,5084,8477.8
food,5085,8477.3
food,5086,8476.9
food,5087,8476.233333333334
food,5088,8475.833333333332
food,5089,8475.733333333334
food,5090,8475.6
food,5091,8475.066666666666
food,5092,8475.066666666666
food,5093,8474.933333333334
food,5094,8474.9
food,5095,8474.5
food,5096,8472.066666666666
food,5097,8471.866666666667
food,5098,8470.5
food,5099,8469.6
food,5100,8468.5
food,5101,8467.766666666666
food,5102,8467.766666666666
food,5103,8467.133333333333
food,5104,8465.8
food,5105,8465.7
food,5106,8465.398445547034
food,5107,8464.9
food,5108,8463.933333333334
food,5109,8463.833333333334
food,5110,8463.566666666666
food,5111,8462.866666666667
food,5112,8462.5
food,5113,8461.133333333333
food,5114,8459.9
food,5115,8457.8
food,5116,8457.733333333334
food,5117,8456.866666666667
food,5118,8456.833333333332
food,5119,8456.666666666666
food,5120,8456.5
food,5121,8455.866666666667
food,5122,8453.8
food,5123,8453.4
food,5124,8453.066666666666
food,5125,8452.533333333333
food,5126,8452.333333333334
food,5127,8451.633333333333
food,5128,8451.433333333334
food,5129,8451.433333333332
food,5130,8451.266666666666
food,5131,8450.717672096172
food,5132,8450.366666666667
food,5133,8450.1
food,5134,8449.2
food,5135,8449.133333333333
food,5136,8448.7
food,5137,8448.133333333333
food,5138,8447.866666666667
food,5139,8446.066666666666
food,5140,8444.5
food,5141,8443.866666666667
food,5142,8443.5
food,5143,8443.5
food,5144,8443.433333333334
food,5145,8443.233333333334
food,5146,8442.6
food,5147,8442.0
food,5148,8441.933333333334
food,5149,8441.733333333334
food,5150,8441.6
food,5151,8440.966666666667
food,5152,8440.4
food,5153,8439.517672096172
food,5154,8439.3
food,5155,8439.2
food,5156,8439.133333333333
food,5157,8438.5
food,5158,8438.0
food,5159,8437.866666666667
food,5160,8437.2
food,5161,8436.333333333332
food,5162,8435.9
food,5163,8435.733333333334
food,5164,8435.4
food,5165,8434.833333333334
food,5166,8434.266666666666
food,5167,8434.0
food,5168,8432.8
food,5169,8432.766666666666
food,5170,8431.066666666666
food,5171,8430.4
food,5172,8429.833333333332
food,5173,8429.0
food,5174,8428.933333333334
food,5175,8428.9
food,5176,8428.7
food,5177,8426.0
food,5178,8425.533333333333
food,5179,8423.966666666667
food,5180,8422.8
food,5181,8422.466666666667
food,5182,8422.168512864937
food,5183,8421.433333333334
food,5184,8421.2
food,5185,8421.0
food,5186,8421.0
food,5187,8420.666666666666
food,5188,8420.0
food,5189,8419.8
food,5190,8419.533333333333
food,5191,8418.8
food,5192,8416.066666666666
food,5193,8415.966666666667
food,5194,8415.8
food,5195,8415.8
food,5196,8414.933333333334
food,5197,8414.8
food,5198,8414.8
food,5199,8414.666666666666
food,5200,8413.5
food,5201,8413.3
food,5202,8411.966666666667
food,5203,8411.9
food,5204,8411.766666666666
food,5205,8411.7
food,5206,8411.2
food,5207,8411.066666666666
food,5208,8410.8
food,5209,8410.666666666668
food,5210,8410.433333333334
food,5211,8408.866666666667
food,5212,8408.5
food,5213,8407.7
food,5214,8406.7
food,5215,8406.3
food,5216,8405.333333333332
food,5217,8405.2
food,5218,8404.766666666666
food,5219,8404.566666666666
food,5220,8403.8
food,5221,8402.7
food,5222,8401.270882703995
food,5223,8400.9
food,5224,8400.820195730932
food,5225,8399.4
food,5226,8398.866666666667
food,5227,8398.6
food,5228,8398.4
food,5229,8397.666666666666
food,5230,8395.8
food,5231,8395.1
food,5232,8395.033333333335
food,5233,8394.933333333334
food,5234,8394.733333333334
food,5235,8394.7
food,5236,8394.533333333333
food,5237,8394.2
food,5238,8393.466666666667
food,5239,8393.2
food,5240,8392.466666666667
food,5241,8392.066666666666
food,5242,8391.933333333334
food,5243,8391.433333333334
food,5244,8391.1
food,5245,8390.8
food,5246,8390.3
food,5247,8390.1
food,5248,8390.066666666666
food,5249,8390.0
food,5250,8388.1
food,5251,8386.066666666666
food,5252,8384.133333333333
food,5253,8383.733333333334
food,5254,8382.033333333333
food,5255,8381.8
food,5256,8380.9
food,5257,8380.6
food,5258,8376.9
food,5259,8376.766666666666
food,5260,8376.0
food,5261,8375.3
food,5262,8374.880055059388
food,5263,8373.5
food,5264,8373.5
food,5265,8373.066666666666
food,5266,8372.466666666667
food,5267,8372.400000000001
food,5268,8372.1
food,5269,8371.3
food,5270,8371.2
food,5271,8369.5
food,5272,8369.2
food,5273,8367.4
food,5274,8367.2
food,5275,8367.2
food,5276,8366.9
food,5277,8366.333333333332
food,5278,8365.5
food,5279,8365.066666666666
food,5280,8363.8
food,5281,8362.6
food,5282,8362.466666666667
food,5283,8362.0
food,5284,8360.8
food,5285,8360.333333333334
food,5286,8359.766666666666
food,5287,8359.233333333334
food,5288,8358.8
food,5289,8357.2
food,5290,8356.433333333334
food,5291,8355.900000000001
food,5292,8355.235689184672
food,5293,8355.066666666666
food,5294,8354.966666666667
food,5295,8354.566666666666
food,5296,8353.9
food,5297,8353.1
food,5298,8353.033333333333
food,5299,8352.266666666666
food,5300,8351.466666666667
food,5301,8351.1
food,5302,8350.3
food,5303,8349.9
food,5304,8349.5
food,5305,8347.8
food,5306,8347.4
food,5307,8347.1
food,5308,8345.6
food,5309,8344.9
food,5310,8344.266666666666
food,5311,8343.8
food,5312,8343.5
food,5313,8342.366666666667
food,5314,8342.066666666666
food,5315,8341.4
food,5316,8340.6
food,5317,8340.4
food,5318,8340.1
food,5319,8337.4
food,5320,8337.1
food,5321,8337.0
food,5322,8336.833333333334
food,5323,8335.833333333334
food,5324,8334.866666666667
food,5325,8334.578010196226
food,5326,8334.433333333334
food,5327,8333.9
food,5328,8333.533333333333
food,5329,8333.2
food,5330,8333.133333333333
food,5331,8332.4
food,5332,8332.066666666666
food,5333,8331.1
food,5334,8330.333333333334
food,5335,8329.733333333334
food,5336,8328.066666666666
food,5337,8327.633333333333
food,5338,8326.4
food,5339,8325.4
food,5340,8325.2
food,5341,8324.833333333332
food,5342,8324.8
food,5343,8323.9
food,5344,8322.5
food,5345,8322.3
food,5346,8321.8
food,5347,8321.2
food,5348,8320.333333333334
food,5349,8319.9
food,5350,8319.8
food,5351,8318.951211570686
food,5352,8316.2
food,5353,8315.3
food,5354,8314.4
food,5355,8314.333333333334
food,5356,8313.7
food,5357,8313.566666666666
food,5358,8313.5
food,5359,8312.833333333332
food,5360,8312.8
food,5361,8311.2
food,5362,8311.0
food,5363,8310.9
food,5364,8310.717672096172
food,5365,8310.033333333333
food,5366,8309.633333333333
food,5367,8309.466666666667
food,5368,8308.733333333334
food,5369,8307.066666666666
food,5370,8306.733333333334
food,5371,8306.1
food,5372,8305.2
food,5373,8304.6
food,5374,8304.233333333334
food,5375,8303.2
food,5376,8302.033333333333
food,5377,8301.766666666666
food,5378,8298.3
food,5379,8297.7
food,5380,8296.333333333334
food,5381,8295.8
food,5382,8295.633333333333
food,5383,8295.2
food,5384,8292.4
food,5385,8291.8
food,5386,8290.966666666665
food,5387,8290.133333333333
food,5388,8289.9
food,5389,8288.766666666666
food,5390,8288.333333333332
food,5391,8285.633333333333
food,5392,8285.1
food,5393,8283.833333333332
food,5394,8283.8
food,5395,8282.2
food,5396,8281.933333333334
food,5397,8281.633333333333
food,5398,8281.6
food,5399,8280.9
food,5400,8280.233333333334
food,5401,8280.0
food,5402,8279.1
food,5403,8278.966666666667
food,5404,8278.5
food,5405,8278.2
food,5406,8278.0
food,5407,8277.4
food,5408,8275.733333333334
food,5409,8274.1
food,5410,8274.0
food,5411,8273.5
food,5412,8273.2
food,5413,8272.733333333334
food,5414,8272.5
food,5415,8271.4
food,5416,8271.2
food,5417,8270.766666666666
food,5418,8270.5
food,5419,8270.3
food,5420,8269.8
food,5421,8269.431183344957
food,5422,8266.566666666666
food,5423,8266.5
food,5424,8266.4
food,5425,8266.066666666666
food,5426,8264.333333333334
food,5427,8264.233333333334
food,5428,8264.2
food,5429,8262.533333333333
food,5430,8262.366666666667
food,5431,8261.9
food,5432,8261.4
food,5433,8260.4
food,5434,8259.866666666667
food,5435,8259.533333333333
food,5436,8258.233333333334
food,5437,8257.2
food,5438,8257.1
food,5439,8255.2
food,5440,8255.2
food,5441,8254.8
food,5442,8253.5
food,5443,8253.412612634487
food,5444,8253.0
food,5445,8251.233333333334
food,5446,8250.366666666667
food,5447,8249.8
food,5448,8248.7
food,5449,8247.8
food,5450,8247.3
food,5451,8246.1
food,5452,8244.8
food,5453,8244.7
food,5454,8244.4
food,5455,8244.080823694365
food,5456,8243.9
food,5457,8243.833333333334
food,5458,8242.7
food,5459,8242.2
food,5460,8241.866666666667
food,5461,8240.2
food,5462,8237.8
food,5463,8236.0
food,5464,8234.933333333334
food,5465,8234.9
food,5466,8234.866666666667
food,5467,8233.566666666666
food,5468,8233.166666666666
food,5469,8233.1
food,5470,8232.866666666667
food,5471,8231.2
food,5472,8231.2
food,5473,8230.8
food,5474,8230.0
food,5475,8229.466666666667
food,5476,8229.2
food,5477,8227.333333333334
food,5478,8227.099999999999
food,5479,8226.533333333333
food,5480,8225.5
food,5481,8225.5
food,5482,8224.1
food,5483,8222.8
food,5484,8222.3
food,5485,8220.6
food,5486,8219.066666666666
food,5487,8219.033333333333
food,5488,8218.333333333334
food,5489,8217.666666666666
food,5490,8217.266666666666
food,5491,8215.3
food,5492,8214.3
food,5493,8214.1
food,5494,8213.4
food,5495,8211.6
food,5496,8210.3
food,5497,8209.9
food,5498,8205.4
food,5499,8203.872100595607
food,5500,8203.733333333334
food,5501,8202.833333333334
food,5502,8202.1
food,5503,8201.866666666667
food,5504,8200.266666666666
food,5505,8199.8
food,5506,8198.9
food,5507,8198.633333333333
food,5508,8197.1
food,5509,8196.3
food,5510,8196.133333333333
food,5511,8196.066666666666
food,5512,8196.0
food,5513,8196.0
food,5514,8195.6
food,5515,8195.466666666667
food,5516,8194.1
food,5517,8193.319181947389
food,5518,8192.8
food,5519,8192.8
food,5520,8191.5
food,5521,8191.266666666666
food,5522,8190.933333333333
food,5523,8190.8
food,5524,8190.4
food,5525,8190.113390369835
food,5526,8188.3
food,5527,8187.9
food,5528,8187.733333333333
food,5529,8185.533333333333
food,5530,8184.733333333333
food,5531,8184.3
food,5532,8183.966666666667
food,5533,8183.3
food,5534,8183.1
food,5535,8182.233333333333
food,5536,8182.2
food,5537,8181.8
food,5538,8181.4
food,5539,8180.6
food,5540,8179.1
food,5541,8178.533333333333
food,5542,8175.6
food,5543,8175.4
food,5544,8174.166666666666
food,5545,8171.2
food,5546,8170.233333333333
food,5547,8169.8
food,5548,8169.4
food,5549,8166.2
food,5550,8165.0
food,5551,8164.4
food,5552,8163.8
food,5553,8162.617091672141
food,5554,8162.4
food,5555,8161.166666666666
food,5556,8160.9
food,5557,8160.567722425218
food,5558,8159.466666666667
food,5559,8158.9
food,5560,8158.733333333333
food,5561,8158.2
food,5562,8158.1
food,5563,8157.866666666667
food,5564,8157.866666666667
food,5565,8156.6
food,5566,8155.966666666667
food,5567,8154.633333333333
food,5568,8152.9
food,5569,8149.966666666667
food,5570,8149.8
food,5571,8149.8
food,5572,8148.2
food,5573,8146.2
food,5574,8145.733333333333
food,5575,8145.4
food,5576,8145.2
food,5577,8144.9
food,5578,8141.933333333333
food,5579,8139.2
food,5580,8139.0
food,5581,8138.8
food,5582,8138.4
food,5583,8138.2
food,5584,8137.3
food,5585,8136.8
food,5586,8136.2
food,5587,8135.1
food,5588,8134.4
food,5589,8133.866666666667
food,5590,8133.733333333333
food,5591,8132.466666666667
food,5592,8131.8
food,5593,8131.533333333333
food,5594,8131.533333333333
food,5595,8131.466666666667
food,5596,8131.2
food,5597,8130.9
food,5598,8127.0
food,5599,8126.266666666666
food,5600,8126.2
food,5601,8124.366666666667
food,5602,8123.9
food,5603,8123.766666666666
food,5604,8123.266666666666
food,5605,8123.0
food,5606,8122.4
food,5607,8121.8
food,5608,8121.3928414938
food,5609,8121.166666666666
food,5610,8121.133333333333
food,5611,8121.0
food,5612,8120.733333333333
food,5613,8119.733333333334
food,5614,8114.9
food,5615,8113.4425096716395
food,5616,8113.4
food,5617,8113.3
food,5618,8113.3
food,5619,8112.8
food,5620,8111.4
food,5621,8109.666666666666
food,5622,8109.5
food,5623,8108.733333333333
food,5624,8108.366666666667
food,5625,8108.3
food,5626,8107.2
food,5627,8106.2
food,5628,8105.0
food,5629,8104.5
food,5630,8103.933333333333
food,5631,8103.9
food,5632,8102.166666666666
food,5633,8101.966666666667
food,5634,8099.833333333333
food,5635,8099.066666666666
food,5636,8096.833333333333
food,5637,8096.8
food,5638,8096.2
food,5639,8095.220320872688
food,5640,8095.0
food,5641,8094.4
food,5642,8093.3
food,5643,8092.4
food,5644,8091.566666666666
food,5645,8091.2
food,5646,8089.4
food,5647,8086.4
food,5648,8085.2
food,5649,8084.4
food,5650,8081.5
food,5651,8081.466666666667
food,5652,8081.4
food,5653,8080.933333333333
food,5654,8080.4
food,5655,8079.5
food,5656,8078.9
food,5657,8077.8
food,5658,8076.900000000001
food,5659,8076.8
food,5660,8076.033333333333
food,5661,8075.4
food,5662,8075.033333333333
food,5663,8074.366666666667
food,5664,8073.833333333333
food,5665,8073.466666666667
food,5666,8072.5
food,5667,8072.333333333333
food,5668,8072.2
food,5669,8069.433333333333
food,5670,8069.333333333333
food,5671,8069.1
food,5672,8068.9
food,5673,8068.8
food,5674,8068.533333333334
food,5675,8068.2
food,5676,8065.1
food,5677,8064.733333333333
food,5678,8063.9
food,5679,8062.9
food,5680,8062.1
food,5681,8061.6
food,5682,8061.505019245556
food,5683,8061.266666666666
food,5684,8059.8
food,5685,8059.166666666666
food,5686,8057.833333333333
food,5687,8055.633333333333
food,5688,8054.5
food,5689,8053.9
food,5690,8053.233333333334
food,5691,8053.033333333333
food,5692,8052.866666666667
food,5693,8051.9
food,5694,8050.666666666666
food,5695,8049.8
food,5696,8049.5
food,5697,8043.8
food,5698,8043.733333333333
food,5699,8043.6
food,5700,8043.133333333333
food,5701,8043.1
food,5702,8039.966666666667
food,5703,8039.9
food,5704,8039.533333333333
food,5705,8039.4
food,5706,8038.833333333333
food,5707,8038.333333333333
food,5708,8037.802173734761
food,5709,8037.1
food,5710,8036.966666666667
food,5711,8035.2
food,5712,8034.6
food,5713,8033.4
food,5714,8032.2
food,5715,8031.366666666667
food,5716,8030.466666666667
food,5717,8029.666666666666
food,5718,8028.9
food,5719,8027.4
food,5720,8026.9
food,5721,8026.533333333333
food,5722,8025.5
food,5723,8025.466666666667
food,5724,8025.4
food,5725,8024.066666666666
food,5726,8023.1
food,5727,8023.1
food,5728,8019.266666666666
food,5729,8019.233333333333
food,5730,8018.9
food,5731,8018.833333333333
food,5732,8018.0
food,5733,8017.933333333333
food,5734,8014.8
food,5735,8012.864516678291
food,5736,8012.666666666666
food,5737,8011.5
food,5738,8011.133333333332
food,5739,8011.025375514818
food,5740,8010.166666666666
food,5741,8009.8
food,5742,8009.2
food,5743,8009.2
food,5744,8008.433333333333
food,5745,8007.833333333333
food,5746,8007.8
food,5747,8007.666666666666
food,5748,8006.8
food,5749,8005.3
food,5750,8004.866666666667
food,5751,8004.7
food,5752,8003.966666666667
food,5753,8003.065894470061
food,5754,7999.2
food,5755,7998.966666666667
food,5756,7998.9
food,5757,7998.3
food,5758,7997.966666666667
food,5759,7997.1
food,5760,7996.4
food,5761,7995.9
food,5762,7995.7
food,5763,7995.066666666666
food,5764,7994.2
food,5765,7994.097850011625
food,5766,7993.733333333333
food,5767,7993.5666666666675
food,5768,7993.566666666666
food,5769,7991.8
food,5770,7990.566666666666
food,5771,7990.2
food,5772,7989.966666666667
food,5773,7988.9
food,5774,7988.1
food,5775,7985.2
food,5776,7983.5
food,5777,7982.733333333333
food,5778,7981.733333333333
food,5779,7980.9
food,5780,7979.4
food,5781,7978.9
food,5782,7976.8
food,5783,7976.8
food,5784,7976.5
food,5785,7976.0
food,5786,7976.0
food,5787,7975.4
food,5788,7973.390364522544
food,5789,7972.0
food,5790,7969.633333333333
food,5791,7963.666666666666
food,5792,7962.9
food,5793,7962.466666666667
food,5794,7956.066666666666
food,5795,7955.9
food,5796,7955.9
food,5797,7955.766666666666
food,5798,7955.466666666667
food,5799,7954.466666666667
food,5800,7953.2
food,5801,7952.4
food,5802,7952.1
food,5803,7951.866666666667
food,5804,7951.566666666666
food,5805,7951.333333333333
food,5806,7949.8
food,5807,7947.8
food,5808,7947.266666666666
food,5809,7947.2
food,5810,7940.9
food,5811,7940.466666666667
food,5812,7937.9
food,5813,7937.2
food,5814,7936.4
food,5815,7935.6
food,5816,7934.0
food,5817,7933.7
food,5818,7932.4
food,5819,7931.8
food,5820,7930.5
food,5821,7928.1
food,5822,7927.9
food,5823,7927.200000000001
food,5824,7926.8
food,5825,7926.633333333333
food,5826,7925.9
food,5827,7924.566666666666
food,5828,7923.9
food,5829,7920.033333333334
food,5830,7919.633333333333
food,5831,7918.6
food,5832,7917.0
food,5833,7915.733333333333
food,5834,7915.1
food,5835,7912.0
food,5836,7910.8
food,5837,7909.733333333333
food,5838,7907.2
food,5839,7906.4
food,5840,7905.233333333333
food,5841,7903.9
food,5842,7902.8
food,5843,7902.533333333333
food,5844,7901.766666666666
food,5845,7901.733333333333
food,5846,7900.233333333334
food,5847,7899.8
food,5848,7897.106007045258
food,5849,7896.5
food,5850,7896.1
food,5851,7894.8
food,5852,7893.5
food,5853,7892.8
food,5854,7892.2
food,5855,7890.8
food,5856,7890.1
food,5857,7889.8
food,5858,7889.433333333333
food,5859,7889.366666666667
food,5860,7889.1
food,5861,7888.5
food,5862,7887.0
food,5863,7886.9
food,5864,7886.0
food,5865,7883.5
food,5866,7883.1
food,5867,7880.6
food,5868,7880.233333333333
food,5869,7879.866666666667
food,5870,7879.766666666666
food,5871,7879.2
food,5872,7878.366666666667
food,5873,7877.5
food,5874,7874.221490600588
food,5875,7872.2
food,5876,7867.2
food,5877,7866.933333333333
food,5878,7865.2
food,5879,7864.2
food,5880,7863.333333333333
food,5881,7862.8
food,5882,7862.200000000001
food,5883,7861.1
food,5884,7861.1
food,5885,7860.8
food,5886,7860.7
food,5887,7860.5
food,5888,7857.299732648744
food,5889,7855.4
food,5890,7854.8
food,5891,7853.017760011633
food,5892,7852.866666666667
food,5893,7852.366666666667
food,5894,7852.066666666666
food,5895,7850.651005429505
food,5896,7850.4
food,5897,7850.1
food,5898,7850.0
food,5899,7849.8
food,5900,7849.8
food,5901,7849.8
food,5902,7848.166666666666
food,5903,7847.3
food,5904,7846.2
food,5905,7842.5
food,5906,7842.366666666667
food,5907,7842.0
food,5908,7841.7
food,5909,7841.233333333333
food,5910,7841.2
food,5911,7840.033333333333
food,5912,7838.5
food,5913,7838.4
food,5914,7838.2
food,5915,7837.8
food,5916,7837.8
food,5917,7836.2
food,5918,7828.3
food,5919,7827.4
food,5920,7826.6343423874005
food,5921,7826.4
food,5922,7825.433333333333
food,5923,7824.2
food,5924,7823.2
food,5925,7822.8
food,5926,7822.8
food,5927,7821.833333333333
food,5928,7819.5
food,5929,7818.8
food,5930,7817.233333333334
food,5931,7815.466666666667
food,5932,7812.7
food,5933,7812.1
food,5934,7811.4
food,5935,7811.4
food,5936,7810.333333333333
food,5937,7808.466666666667
food,5938,7803.864516678291
food,5939,7803.766666666666
food,5940,7803.5
food,5941,7803.1
food,5942,7802.233333333333
food,5943,7801.8
food,5944,7798.733333333333
food,5945,7797.2
food,5946,7796.233333333333
food,5947,7795.0
food,5948,7794.9
food,5949,7794.8843387628385
food,5950,7794.5
food,5951,7793.3
food,5952,7791.333333333333
food,5953,7790.0
food,5954,7790.0
food,5955,7789.9
food,5956,7789.266666666666
food,5957,7783.866666666667
food,5958,7783.8
food,5959,7783.1
food,5960,7779.266666666666
food,5961,7778.8
food,5962,7777.9
food,5963,7777.7
food,5964,7774.4
food,5965,7773.8
food,5966,7772.8
food,5967,7772.566666666666
food,5968,7771.666823483221
food,5969,7771.185410735694
food,5970,7769.4
food,5971,7769.133333333333
food,5972,7769.1
food,5973,7764.2
food,5974,7763.533333333333
food,5975,7763.4
food,5976,7762.8
food,5977,7761.6
food,5978,7761.133333333333
food,5979,7761.133333333332
food,5980,7759.8
food,5981,7758.133333333333
food,5982,7758.1
food,5983,7757.8
food,5984,7753.5
food,5985,7753.3
food,5986,7751.866666666667
food,5987,7749.2
food,5988,7748.8
food,5989,7748.4
food,5990,7748.0
food,5991,7747.233333333333
food,5992,7747.1
food,5993,7746.9
food,5994,7746.0
food,5995,7744.4
food,5996,7743.8
food,5997,7742.5
food,5998,7741.9
food,5999,7740.4
food,6000,7739.8
food,6001,7738.4
food,6002,7737.833333333333
food,6003,7737.766666666666
food,6004,7737.333333333333
food,6005,7736.9
food,6006,7736.9
food,6007,7736.1
food,6008,7735.466666666667
food,6009,7734.866666666667
food,6010,7734.41493955184
food,6011,7734.4
food,6012,7733.1
food,6013,7732.8
food,6014,7729.8
food,6015,7728.9
food,6016,7727.533333333333
food,6017,7726.8
food,6018,7724.533333333333
food,6019,7724.4
food,6020,7724.1
food,6021,7723.9
food,6022,7720.8
food,6023,7719.066666666666
food,6024,7717.1
food,6025,7716.766666666666
food,6026,7713.066666666666
food,6027,7712.5
food,6028,7711.9
food,6029,7711.2
food,6030,7710.5
food,6031,7710.0
food,6032,7706.2
food,6033,7706.2
food,6034,7705.8
food,6035,7704.733333333333
food,6036,7702.266666666666
food,6037,7700.533333333333
food,6038,7700.133333333333
food,6039,7698.633333333333
food,6040,7697.5
food,6041,7693.966666666667
food,6042,7693.8
food,6043,7692.900000000001
food,6044,7692.433333333333
food,6045,7692.4
food,6046,7692.2
food,6047,7691.9
food,6048,7690.1
food,6049,7686.1
food,6050,7684.8
food,6051,7681.8
food,6052,7680.933333333333
food,6053,7676.933333333333
food,6054,7676.1
food,6055,7676.0
food,6056,7672.9
food,6057,7670.466666666667
food,6058,7669.3
food,6059,7667.2
food,6060,7665.866666666667
food,6061,7664.2
food,6062,7661.9
food,6063,7661.7
food,6064,7661.5
food,6065,7660.466666666667
food,6066,7659.633333333333
food,6067,7659.0
food,6068,7658.133333333333
food,6069,7657.7
food,6070,7657.666692587871
food,6071,7657.1
food,6072,7656.2
food,6073,7655.3
food,6074,7652.5
food,6075,7652.2
food,6076,7650.6
food,6077,7649.9
food,6078,7649.6
food,6079,7648.6
food,6080,7648.2
food,6081,7647.8
food,6082,7647.333333333333
food,6083,7647.2
food,6084,7646.833333333334
food,6085,7645.0
food,6086,7642.8
food,6087,7642.8
food,6088,7642.3
food,6089,7642.2
food,6090,7640.8
food,6091,7640.2
food,6092,7640.1
food,6093,7639.933333333333
food,6094,7639.366666666667
food,6095,7637.8
food,6096,7637.5
food,6097,7635.5
food,6098,7633.4
food,6099,7632.1
food,6100,7630.4
food,6101,7625.9
food,6102,7624.866666666667
food,6103,7623.8
food,6104,7619.2
food,6105,7618.8
food,6106,7616.3
food,6107,7614.8
food,6108,7613.9
food,6109,7613.833333333333
food,6110,7613.6
food,6111,7613.0
food,6112,7609.2
food,6113,7608.266666666666
food,6114,7608.166666666666
food,6115,7608.166666666666
food,6116,7607.933333333333
food,6117,7605.1
food,6118,7603.7
food,6119,7602.8
food,6120,7602.7
food,6121,7600.866666666667
food,6122,7600.8
food,6123,7600.666666666666
food,6124,7599.8
food,6125,7599.8
food,6126,7597.2
food,6127,7594.533333333333
food,6128,7594.0188096396405
food,6129,7592.866666666667
food,6130,7591.8
food,6131,7591.697850011624
food,6132,7591.2
food,6133,7590.3
food,6134,7590.133333333333
food,6135,7589.266666666666
food,6136,7588.166666666666
food,6137,7583.666666666666
food,6138,7583.1
food,6139,7581.9
food,6140,7580.1
food,6141,7579.6
food,6142,7579.299999999999
food,6143,7577.731183344958
food,6144,7577.1
food,6145,7576.2
food,6146,7573.9
food,6147,7573.066666666666
food,6148,7569.3
food,6149,7568.2
food,6150,7567.8
food,6151,7567.1
food,6152,7566.9
food,6153,7566.5
food,6154,7564.866666666667
food,6155,7560.6
food,6156,7560.4
food,6157,7560.1
food,6158,7559.4
food,6159,7559.2
food,6160,7558.266666666666
food,6161,7555.1
food,6162,7554.8
food,6163,7553.4
food,6164,7553.266666666666
food,6165,7552.633333333333
food,6166,7551.8
food,6167,7547.4
food,6168,7546.466666666667
food,6169,7546.333333333333
food,6170,7544.3
food,6171,7543.866666666667
food,6172,7543.799999999999
food,6173,7542.3
food,6174,7540.1
food,6175,7539.1
food,6176,7538.7
food,6177,7537.8
food,6178,7535.3
food,6179,7534.166666666666
food,6180,7532.866666666667
food,6181,7531.8
food,6182,7531.2
food,6183,7531.0
food,6184,7529.1
food,6185,7528.8
food,6186,7528.1
food,6187,7527.9
food,6188,7524.4
food,6189,7523.9
food,6190,7523.8
food,6191,7522.4
food,6192,7520.4
food,6193,7517.8
food,6194,7517.7
food,6195,7517.4
food,6196,7516.9
food,6197,7516.864516678291
food,6198,7516.2
food,6199,7515.6
food,6200,7515.533333333333
food,6201,7515.4
food,6202,7515.2
food,6203,7514.3
food,6204,7512.1
food,6205,7510.3
food,6206,7508.9
food,6207,7503.8
food,6208,7501.1
food,6209,7500.9
food,6210,7499.5
food,6211,7498.9
food,6212,7498.6
food,6213,7496.431183344958
food,6214,7496.4
food,6215,7496.0
food,6216,7489.9
food,6217,7487.7
food,6218,7486.1
food,6219,7485.3
food,6220,7485.266666666666
food,6221,7485.197850011624
food,6222,7484.2
food,6223,7482.033333333333
food,6224,7481.1
food,6225,7477.659170145449
food,6226,7476.9
food,6227,7475.1
food,6228,7474.9
food,6229,7474.2
food,6230,7473.299999999999
food,6231,7471.1
food,6232,7468.933333333333
food,6233,7468.8
food,6234,7467.8
food,6235,7464.9
food,6236,7464.5
food,6237,7464.2
food,6238,7462.166666666666
food,6239,7461.8
food,6240,7459.8
food,6241,7459.200000000001
food,6242,7458.6
food,6243,7458.4
food,6244,7457.3
food,6245,7455.666666666666
food,6246,7454.4
food,6247,7454.2
food,6248,7453.866666666667
food,6249,7453.633333333333
food,6250,7452.333333333333
food,6251,7452.0
food,6252,7451.1
food,6253,7450.2
food,6254,7449.833333333333
food,6255,7448.6
food,6256,7448.466666666667
food,6257,7448.1
food,6258,7447.2
food,6259,7446.5
food,6260,7445.8
food,6261,7443.8
food,6262,7443.6
food,6263,7441.2
food,6264,7439.333333333333
food,6265,7439.1
food,6266,7437.466666666667
food,6267,7435.8
food,6268,7435.3
food,6269,7434.7
food,6270,7434.1
food,6271,7434.099999999999
food,6272,7433.866666666668
food,6273,7433.4
food,6274,7432.8
food,6275,7432.400000000001
food,6276,7429.566666666666
food,6277,7428.200000000001
food,6278,7426.9
food,6279,7426.2
food,6280,7425.333333333333
food,6281,7423.0
food,6282,7422.818612633317
food,6283,7421.8
food,6284,7421.7
food,6285,7420.8
food,6286,7420.733333333333
food,6287,7420.4
food,6288,7420.2
food,6289,7420.1
food,6290,7419.2
food,6291,7418.3
food,6292,7417.2
food,6293,7417.1
food,6294,7416.3
food,6295,7416.2
food,6296,7416.2
food,6297,7412.133333333333
food,6298,7409.2
food,6299,7408.3
food,6300,7408.3
food,6301,7408.2
food,6302,7405.9
food,6303,7403.4
food,6304,7402.0
food,6305,7401.8
food,6306,7401.1
food,6307,7400.2
food,6308,7399.9
food,6309,7398.7
food,6310,7398.2
food,6311,7396.4
food,6312,7396.2
food,6313,7394.4
food,6314,7394.2
food,6315,7389.066666666666
food,6316,7387.9
food,6317,7386.931915467846
food,6318,7383.400000000001
food,6319,7382.4
food,6320,7382.2
food,6321,7380.8
food,6322,7380.2
food,6323,7377.766666666666
food,6324,7377.733333333333
food,6325,7376.1
food,6326,7375.9
food,6327,7375.633333333333
food,6328,7375.233333333333
food,6329,7374.2
food,6330,7373.8
food,6331,7373.533333333333
food,6332,7372.8
food,6333,7372.8
food,6334,7371.2
food,6335,7371.1
food,6336,7371.1
food,6337,7367.9
food,6338,7366.1
food,6339,7364.9
food,6340,7363.400000000001
food,6341,7362.6
food,6342,7361.466666666667
food,6343,7361.0
food,6344,7359.5
food,6345,7358.8
food,6346,7356.4
food,6347,7356.3
food,6348,7356.1
food,6349,7355.9
food,6350,7355.8
food,6351,7355.5
food,6352,7355.4
food,6353,7355.1
food,6354,7353.900000000001
food,6355,7353.4
food,6356,7352.9
food,6357,7352.8
food,6358,7352.0
food,6359,7349.0
food,6360,7348.133333333333
food,6361,7347.633333333332
food,6362,7347.333333333333
food,6363,7344.8
food,6364,7344.4
food,6365,7344.2
food,6366,7344.1
food,6367,7342.8
food,6368,7340.3
food,6369,7339.5
food,6370,7338.266666666666
food,6371,7338.200000000001
food,6372,7338.1
food,6373,7337.866666666667
food,6374,7337.7
food,6375,7337.4
food,6376,7336.9
food,6377,7336.9
food,6378,7336.8
food,6379,7335.8
food,6380,7334.2
food,6381,7333.6
food,6382,7330.200000000001
food,6383,7328.0
food,6384,7326.4
food,6385,7325.8
food,6386,7322.6
food,6387,7321.5
food,6388,7319.8
food,6389,7319.4
food,6390,7318.8
food,6391,7318.7
food,6392,7318.2
food,6393,7317.6
food,6394,7317.6
food,6395,7317.4
food,6396,7313.8
food,6397,7313.566666666666
food,6398,7313.4
food,6399,7313.099999999999
food,6400,7312.8
food,6401,7310.8
food,6402,7310.299999999999
food,6403,7309.7
food,6404,7308.1
food,6405,7307.0
food,6406,7306.1
food,6407,7306.0
food,6408,7305.9
food,6409,7304.5
food,6410,7303.4
food,6411,7298.7
food,6412,7297.8
food,6413,7297.4
food,6414,7290.733333333333
food,6415,7288.7
food,6416,7287.8
food,6417,7287.566666666666
food,6418,7285.8
food,6419,7285.3
food,6420,7285.299999999999
food,6421,7283.8
food,6422,7283.0
food,6423,7282.2
food,6424,7280.8
food,6425,7279.8
food,6426,7279.5
food,6427,7279.4
food,6428,7279.133333333333
food,6429,7278.8
food,6430,7278.2
food,6431,7277.8
food,6432,7271.9333333333325
food,6433,7270.890497956737
food,6434,7270.8
food,6435,7269.6
food,6436,7269.4
food,6437,7268.633333333333
food,6438,7268.2
food,6439,7265.8
food,6440,7265.8
food,6441,7264.2
food,6442,7261.5
food,6443,7260.2
food,6444,7259.4
food,6445,7258.6
food,6446,7258.400000000001
food,6447,7258.4
food,6448,7255.8
food,6449,7255.8
food,6450,7254.3
food,6451,7253.3
food,6452,7253.2
food,6453,7252.4
food,6454,7251.2
food,6455,7250.4
food,6456,7249.6
food,6457,7249.2
food,6458,7248.4
food,6459,7248.3
food,6460,7246.9
food,6461,7246.8
food,6462,7246.1
food,6463,7246.0
food,6464,7244.5
food,6465,7244.3
food,6466,7244.2
food,6467,7243.2
food,6468,7242.833333333333
food,6469,7241.0
food,6470,7240.8
food,6471,7240.8
food,6472,7240.5
food,6473,7239.9
food,6474,7238.766666666666
food,6475,7237.233333333333
food,6476,7232.400000000001
food,6477,7231.900000000001
food,6478,7231.9
food,6479,7231.8
food,6480,7230.6
food,6481,7228.7
food,6482,7228.5
food,6483,7227.8
food,6484,7227.4
food,6485,7227.266666666666
food,6486,7225.9
food,6487,7225.2
food,6488,7224.9
food,6489,7224.8
food,6490,7221.8
food,6491,7219.133333333333
food,6492,7218.266666666666
food,6493,7217.8
food,6494,7216.733333333333
food,6495,7216.5
food,6496,7215.8
food,6497,7214.5
food,6498,7212.0
food,6499,7211.9
food,6500,7211.8
food,6501,7211.266666666666
food,6502,7210.933333333333
food,6503,7210.8
food,6504,7210.4
food,6505,7210.133333333333
food,6506,7209.8
food,6507,7209.133333333333
food,6508,7208.0
food,6509,7204.1
food,6510,7203.8
food,6511,7203.4
food,6512,7203.0
food,6513,7201.799999999999
food,6514,7201.5
food,6515,7200.8
food,6516,7199.8
food,6517,7196.8
food,6518,7196.7
food,6519,7195.7
food,6520,7193.133333333333
food,6521,7192.8
food,6522,7191.8
food,6523,7189.0
food,6524,7187.2
food,6525,7186.266666666666
food,6526,7185.8
food,6527,7185.2
food,6528,7184.666666666666
food,6529,7182.466666666665
food,6530,7181.8
food,6531,7181.3
food,6532,7179.0
food,6533,7176.1
food,6534,7175.2
food,6535,7173.6
food,6536,7171.8
food,6537,7170.8
food,6538,7169.6
food,6539,7169.3
food,6540,7167.9
food,6541,7167.7
food,6542,7167.2
food,6543,7166.6
food,6544,7161.9
food,6545,7161.8
food,6546,7160.733333333333
food,6547,7160.0
food,6548,7159.6
food,6549,7158.8
food,6550,7158.8
food,6551,7158.5
food,6552,7158.1
food,6553,7157.4
food,6554,7154.633333333333
food,6555,7154.0
food,6556,7152.8
food,6557,7152.8
food,6558,7151.8
food,6559,7150.9
food,6560,7147.8
food,6561,7147.2
food,6562,7145.8
food,6563,7145.6
food,6564,7145.4
food,6565,7145.166666666666
food,6566,7144.5
food,6567,7143.2
food,6568,7142.8
food,6569,7142.133333333333
food,6570,7141.9
food,6571,7141.2
food,6572,7138.743507727733
food,6573,7137.5
food,6574,7137.133333333333
food,6575,7136.7
food,6576,7135.8
food,6577,7135.4
food,6578,7134.8
food,6579,7134.5
food,6580,7133.2
food,6581,7132.8
food,6582,7130.8
food,6583,7130.8
food,6584,7130.5
food,6585,7129.9
food,6586,7129.8
food,6587,7128.2
food,6588,7128.2
food,6589,7128.066666666666
food,6590,7127.9
food,6591,7126.8
food,6592,7124.0
food,6593,7123.9
food,6594,7120.4
food,6595,7117.8
food,6596,7116.8
food,6597,7116.8
food,6598,7116.7
food,6599,7115.5
food,6600,7115.366666666667
food,6601,7115.2
food,6602,7114.0
food,6603,7113.3
food,6604,7111.9
food,6605,7111.4
food,6606,7111.266666666666
food,6607,7110.0
food,6608,7109.8
food,6609,7109.8
food,6610,7108.1
food,6611,7108.1
food,6612,7107.9
food,6613,7106.9443152852855
food,6614,7104.4
food,6615,7103.8
food,6616,7102.1
food,6617,7101.700000000001
food,6618,7101.466666666667
food,6619,7100.6
food,6620,7097.4
food,6621,7096.4
food,6622,7093.8
food,6623,7093.466666666667
food,6624,7093.3
food,6625,7092.9
food,6626,7092.4
food,6627,7092.3
food,6628,7088.5
food,6629,7088.1
food,6630,7087.2
food,6631,7085.8
food,6632,7085.200000000001
food,6633,7082.7
food,6634,7080.9
food,6635,7079.7
food,6636,7079.0
food,6637,7077.8
food,6638,7076.9
food,6639,7076.700000000001
food,6640,7076.6
food,6641,7075.9
food,6642,7074.6
food,6643,7073.8
food,6644,7071.3
food,6645,7071.200000000001
food,6646,7070.933333333333
food,6647,7070.9
food,6648,7070.9
food,6649,7067.7
food,6650,7066.9
food,6651,7066.666666666666
food,6652,7066.5
food,6653,7065.533333333333
food,6654,7063.5
food,6655,7063.1
food,6656,7062.5
food,6657,7061.166666666666
food,6658,7060.1
food,6659,7059.8
food,6660,7059.8
food,6661,7059.1
food,6662,7059.1
food,6663,7058.2
food,6664,7057.2
food,6665,7057.1
food,6666,7054.2
food,6667,7053.8
food,6668,7052.0
food,6669,7051.8
food,6670,7051.733333333333
food,6671,7049.8
food,6672,7048.1
food,6673,7047.9
food,6674,7047.7
food,6675,7047.5
food,6676,7047.4
food,6677,7046.9
food,6678,7046.4
food,6679,7045.2
food,6680,7044.8
food,6681,7044.8
food,6682,7044.68159589097
food,6683,7043.4
food,6684,7043.4
food,6685,7043.333333333333
food,6686,7042.4
food,6687,7041.9
food,6688,7041.8
food,6689,7041.8
food,6690,7039.0
food,6691,7038.9
food,6692,7038.4
food,6693,7038.299999999999
food,6694,7034.8
food,6695,7034.5
food,6696,7033.8
food,6697,7033.12069566571
food,6698,7032.8
food,6699,7030.299999999999
food,6700,7029.8
food,6701,7028.2
food,6702,7028.2
food,6703,7027.8
food,6704,7027.6
food,6705,7026.6
food,6706,7026.6
food,6707,7025.2
food,6708,7024.8
food,6709,7023.266666666666
food,6710,7023.1
food,6711,7022.8
food,6712,7021.2666666666655
food,6713,7020.2
food,6714,7019.700000000001
food,6715,7017.133333333333
food,6716,7017.0
food,6717,7015.133333333333
food,6718,7014.8
food,6719,7014.666666666666
food,6720,7013.433333333333
food,6721,7013.0
food,6722,7012.866666666667
food,6723,7011.8
food,6724,7007.8
food,6725,7007.2
food,6726,7006.8
food,6727,7003.9
food,6728,7003.8
food,6729,7002.8
food,6730,7001.8
food,6731,7001.5
food,6732,7000.8
food,6733,6999.6
food,6734,6999.2
food,6735,6999.0
food,6736,6998.966666666667
food,6737,6998.8
food,6738,6998.8
food,6739,6998.2
food,6740,6998.2
food,6741,6997.8
food,6742,6996.8
food,6743,6996.8
food,6744,6994.866666666667
food,6745,6994.8
food,6746,6994.4
food,6747,6994.2
food,6748,6993.223396309597
food,6749,6993.1
food,6750,6992.8
food,6751,6992.5
food,6752,6991.266666666666
food,6753,6989.700000000001
food,6754,6989.4
food,6755,6989.0
food,6756,6988.333333333333
food,6757,6988.200000000001
food,6758,6987.8
food,6759,6986.8
food,6760,6986.299999999999
food,6761,6986.1
food,6762,6985.9
food,6763,6985.8
food,6764,6984.4
food,6765,6984.0
food,6766,6983.833333333333
food,6767,6982.178206618318
food,6768,6981.8
food,6769,6981.2
food,6770,6978.9
food,6771,6978.2
food,6772,6977.1
food,6773,6977.0
food,6774,6975.2
food,6775,6974.2
food,6776,6973.8
food,6777,6973.5
food,6778,6972.9
food,6779,6972.8
food,6780,6972.066666666666
food,6781,6970.6
food,6782,6970.2
food,6783,6969.2
food,6784,6969.1
food,6785,6969.1
food,6786,6968.8
food,6787,6967.633333333333
food,6788,6967.2
food,6789,6966.5
food,6790,6966.4
food,6791,6964.8
food,6792,6964.8
food,6793,6963.2
food,6794,6962.8
food,6795,6962.133333333333
food,6796,6962.1
food,6797,6962.0
food,6798,6961.5
food,6799,6958.9
food,6800,6958.8
food,6801,6957.533333333333
food,6802,6956.7
food,6803,6956.1
food,6804,6955.8
food,6805,6955.233333333333
food,6806,6955.1
food,6807,6954.8
food,6808,6954.1
food,6809,6953.4
food,6810,6952.732202550721
food,6811,6950.700000000001
food,6812,6949.433333333333
food,6813,6949.2
food,6814,6948.9
food,6815,6948.8
food,6816,6947.866666666667
food,6817,6947.2
food,6818,6946.766666666666
food,6819,6946.220454446866
food,6820,6945.1
food,6821,6945.0
food,6822,6944.1
food,6823,6943.9
food,6824,6943.0
food,6825,6942.8
food,6826,6942.8
food,6827,6941.3
food,6828,6941.1
food,6829,6939.3
food,6830,6938.8
food,6831,6937.8
food,6832,6936.8
food,6833,6935.8
food,6834,6935.700000000001
food,6835,6935.3
food,6836,6934.8
food,6837,6933.4
food,6838,6933.4
food,6839,6933.2
food,6840,6933.170450887801
food,6841,6931.0
food,6842,6930.4
food,6843,6930.4
food,6844,6929.8
food,6845,6927.8
food,6846,6926.126399847369
food,6847,6926.0
food,6848,6925.8
food,6849,6925.0
food,6850,6924.4
food,6851,6924.1
food,6852,6923.9
food,6853,6923.033333333333
food,6854,6922.3
food,6855,6921.8
food,6856,6920.2
food,6857,6920.0
food,6858,6919.0
food,6859,6918.8
food,6860,6918.2
food,6861,6917.3
food,6862,6916.9
food,6863,6914.2
food,6864,6913.7
food,6865,6913.466666666667
food,6866,6913.2
food,6867,6913.1
food,6868,6912.8
food,6869,6911.9
food,6870,6908.8
food,6871,6908.2
food,6872,6907.8
food,6873,6905.8
food,6874,6905.4
food,6875,6905.2
food,6876,6904.9
food,6877,6903.933333333333
food,6878,6903.8
food,6879,6902.8
food,6880,6902.266666666666
food,6881,6902.2
food,6882,6901.1
food,6883,6901.0
food,6884,6901.0
food,6885,6898.8
food,6886,6898.2
food,6887,6897.984761040201
food,6888,6897.4
food,6889,6896.700000000001
food,6890,6896.233333333333
food,6891,6896.0
food,6892,6895.8
food,6893,6894.9
food,6894,6894.5
food,6895,6894.0
food,6896,6893.666666666666
food,6897,6892.9
food,6898,6892.325028357631
food,6899,6891.4
food,6900,6891.2
food,6901,6890.9
food,6902,6889.266666666666
food,6903,6889.0
food,6904,6888.8
food,6905,6888.8
food,6906,6887.8
food,6907,6885.8
food,6908,6885.8
food,6909,6884.7
food,6910,6881.9
food,6911,6881.4
food,6912,6877.299999999999
food,6913,6877.166666666666
food,6914,6876.9
food,6915,6876.5
food,6916,6876.5
food,6917,6876.4
food,6918,6876.3
food,6919,6874.0
food,6920,6873.8
food,6921,6873.7
food,6922,6873.333333333333
food,6923,6871.2
food,6924,6870.966666666666
food,6925,6870.9
food,6926,6870.6
food,6927,6869.8
food,6928,6869.133333333333
food,6929,6869.0
food,6930,6868.966666666667
food,6931,6868.2
food,6932,6868.1
food,6933,6867.2
food,6934,6864.5
food,6935,6864.2
food,6936,6863.833333333333
food,6937,6863.4
food,6938,6862.8
food,6939,6862.2
food,6940,6862.1
food,6941,6861.533333333334
food,6942,6861.2
food,6943,6860.4
food,6944,6860.1
food,6945,6859.9
food,6946,6859.466666666667
food,6947,6858.6
food,6948,6857.299999999999
food,6949,6856.466666666665
food,6950,6855.3
food,6951,6854.166666666666
food,6952,6853.4
food,6953,6852.700000000001
food,6954,6852.1
food,6955,6851.8
food,6956,6851.5
food,6957,6850.4
food,6958,6850.2
food,6959,6849.733333333334
food,6960,6849.1
food,6961,6849.0
food,6962,6848.4
food,6963,6847.3
food,6964,6846.8
food,6965,6846.5
food,6966,6843.8
food,6967,6843.2
food,6968,6840.9
food,6969,6840.8
food,6970,6840.700000000001
food,6971,6839.299999999999
food,6972,6839.2
food,6973,6838.9
food,6974,6838.8
food,6975,6838.6
food,6976,6838.5
food,6977,6838.1
food,6978,6832.0
food,6979,6831.4
food,6980,6830.8
food,6981,6830.6
food,6982,6830.2
food,6983,6828.1
food,6984,6826.8
food,6985,6826.4
food,6986,6826.1
food,6987,6826.0
food,6988,6825.6
food,6989,6825.466666666667
food,6990,6825.2
food,6991,6824.8
food,6992,6824.8
food,6993,6823.7
food,6994,6822.9
food,6995,6822.4
food,6996,6822.0
food,6997,6821.8
food,6998,6821.4
food,6999,6820.2
food,7000,6820.2
food,7001,6819.2
food,7002,6819.2
food,7003,6819.1
food,7004,6816.833333333333
food,7005,6816.0
food,7006,6815.9
food,7007,6815.1
food,7008,6814.533333333333
food,7009,6814.5
food,7010,6814.4
food,7011,6813.0
food,7012,6812.9
food,7013,6812.2
food,7014,6811.8
food,7015,6811.8
food,7016,6811.7
food,7017,6811.4
food,7018,6811.0
food,7019,6810.5
food,7020,6809.9
food,7021,6808.6
food,7022,6808.2
food,7023,6808.2
food,7024,6808.166666666666
food,7025,6807.4
food,7026,6807.2
food,7027,6806.8
food,7028,6806.8
food,7029,6806.2
food,7030,6805.8
food,7031,6803.8
food,7032,6803.5
food,7033,6803.3
food,7034,6803.3
food,7035,6802.8
food,7036,6802.2
food,7037,6801.9333333333325
food,7038,6801.8
food,7039,6801.8
food,7040,6799.833333333333
food,7041,6799.8
food,7042,6797.9
food,7043,6797.1
food,7044,6796.9
food,7045,6796.9
food,7046,6795.533333333333
food,7047,6795.1
food,7048,6792.9
food,7049,6792.3
food,7050,6792.3
food,7051,6792.2
food,7052,6791.9
food,7053,6789.2
food,7054,6787.166666666666
food,7055,6785.1
food,7056,6784.6
food,7057,6783.5
food,7058,6782.766666666666
food,7059,6782.1
food,7060,6782.1
food,7061,6781.8
food,7062,6781.2
food,7063,6781.0
food,7064,6780.866666666667
food,7065,6780.2
food,7066,6779.9
food,7067,6779.0
food,7068,6777.8
food,7069,6777.7
food,7070,6777.1
food,7071,6776.1
food,7072,6774.0
food,7073,6773.2
food,7074,6771.9
food,7075,6771.566666666666
food,7076,6770.4
food,7077,6769.5
food,7078,6769.1
food,7079,6768.9
food,7080,6768.299999999999
food,7081,6767.5
food,7082,6767.033333333333
food,7083,6766.9
food,7084,6766.8
food,7085,6766.8
food,7086,6765.700000000001
food,7087,6764.8
food,7088,6763.8
food,7089,6763.8
food,7090,6762.4
food,7091,6762.1
food,7092,6761.833333333333
food,7093,6761.8
food,7094,6760.4
food,7095,6759.8
food,7096,6759.1
food,7097,6758.4
food,7098,6757.1
food,7099,6756.8
food,7100,6756.299999999999
food,7101,6755.8
food,7102,6755.8
food,7103,6755.700000000001
food,7104,6755.1
food,7105,6754.3
food,7106,6753.8
food,7107,6752.8
food,7108,6752.2
food,7109,6751.9
food,7110,6751.4
food,7111,6751.1
food,7112,6748.8
food,7113,6748.733333333333
food,7114,6746.8
food,7115,6746.1
food,7116,6745.0
food,7117,6744.299999999999
food,7118,6743.6
food,7119,6743.4
food,7120,6741.866666666667
food,7121,6741.8
food,7122,6741.2
food,7123,6740.8
food,7124,6738.8
food,7125,6738.8
food,7126,6738.633333333333
food,7127,6738.4
food,7128,6737.032686239663
food,7129,6734.6
food,7130,6734.3
food,7131,6734.2
food,7132,6733.8
food,7133,6732.9
food,7134,6731.9
food,7135,6731.8
food,7136,6731.8
food,7137,6731.8
food,7138,6728.933333333333
food,7139,6728.8
food,7140,6728.8
food,7141,6728.3
food,7142,6728.2
food,7143,6726.7
food,7144,6726.4
food,7145,6725.1
food,7146,6724.9333333333325
food,7147,6724.8
food,7148,6723.8
food,7149,6723.8
food,7150,6723.6
food,7151,6723.5
food,7152,6723.2
food,7153,6720.5
food,7154,6719.8
food,7155,6719.8
food,7156,6718.6
food,7157,6718.4333333333325
food,7158,6718.1
food,7159,6717.2
food,7160,6717.2
food,7161,6714.2
food,7162,6714.166666666666
food,7163,6714.1
food,7164,6714.0
food,7165,6713.8
food,7166,6712.5
food,7167,6710.8
food,7168,6710.6
food,7169,6710.4
food,7170,6708.8
food,7171,6708.4
food,7172,6707.9
food,7173,6706.8
food,7174,6705.9333333333325
food,7175,6705.8
food,7176,6704.8
food,7177,6704.366666666667
food,7178,6703.8
food,7179,6703.0
food,7180,6702.8
food,7181,6702.1
food,7182,6701.8
food,7183,6701.8
food,7184,6701.633333333332
food,7185,6701.2
food,7186,6700.4
food,7187,6700.266666666666
food,7188,6699.6
food,7189,6699.6
food,7190,6699.2
food,7191,6698.2
food,7192,6697.8
food,7193,6697.533333333333
food,7194,6696.8
food,7195,6694.1
food,7196,6691.9
food,7197,6690.700000000001
food,7198,6688.533333333333
food,7199,6688.2
food,7200,6688.2
food,7201,6688.2
food,7202,6687.9
food,7203,6687.6
food,7204,6687.6
food,7205,6687.1
food,7206,6686.9
food,7207,6686.2
food,7208,6685.9
food,7209,6685.9
food,7210,6685.2
food,7211,6684.733333333333
food,7212,6683.4
food,7213,6683.4
food,7214,6683.1
food,7215,6682.9
food,7216,6682.1
food,7217,6681.0
food,7218,6680.8
food,7219,6680.8
food,7220,6680.4
food,7221,6680.2
food,7222,6679.2
food,7223,6677.5
food,7224,6677.299999999999
food,7225,6677.2
food,7226,6677.2
food,7227,6677.1
food,7228,6675.5
food,7229,6675.5
food,7230,6674.8
food,7231,6674.2
food,7232,6672.8
food,7233,6671.8
food,7234,6670.8
food,7235,6670.8
food,7236,6669.4
food,7237,6665.4
food,7238,6664.9
food,7239,6664.8
food,7240,6664.0
food,7241,6663.892133121946
food,7242,6663.299999999999
food,7243,6662.1
food,7244,6661.8
food,7245,6661.3
food,7246,6660.700000000001
food,7247,6660.3
food,7248,6659.9
food,7249,6659.6
food,7250,6659.5
food,7251,6659.3
food,7252,6658.433333333333
food,7253,6657.9
food,7254,6657.733333333334
food,7255,6656.7688727518525
food,7256,6655.2
food,7257,6649.8
food,7258,6649.8
food,7259,6649.2
food,7260,6649.1
food,7261,6648.4
food,7262,6647.9
food,7263,6647.700000000001
food,7264,6647.3
food,7265,6646.4
food,7266,6645.8
food,7267,6644.8
food,7268,6643.5
food,7269,6642.2
food,7270,6641.8
food,7271,6641.700000000001
food,7272,6641.6
food,7273,6640.9
food,7274,6640.8
food,7275,6638.666666666666
food,7276,6638.4
food,7277,6637.1
food,7278,6635.8
food,7279,6635.8
food,7280,6635.4
food,7281,6634.40216358926
food,7282,6634.3
food,7283,6634.1
food,7284,6633.8
food,7285,6633.4
food,7286,6633.2
food,7287,6632.4
food,7288,6632.2
food,7289,6631.8
food,7290,6631.2
food,7291,6631.2
food,7292,6628.533333333333
food,7293,6628.1
food,7294,6627.9
food,7295,6626.4
food,7296,6625.6
food,7297,6625.1
food,7298,6625.002149988375
food,7299,6624.8
food,7300,6624.733333333334
food,7301,6624.2
food,7302,6622.1
food,7303,6621.8
food,7304,6621.6
food,7305,6621.3
food,7306,6621.1
food,7307,6620.9
food,7308,6620.9
food,7309,6620.299999999999
food,7310,6619.4
food,7311,6619.4
food,7312,6619.2
food,7313,6619.0
food,7314,6617.2
food,7315,6617.0
food,7316,6616.9
food,7317,6615.833333333333
food,7318,6615.8
food,7319,6615.6
food,7320,6613.1
food,7321,6613.0
food,7322,6612.8
food,7323,6611.9
food,7324,6611.8
food,7325,6610.7
food,7326,6609.6
food,7327,6608.2
food,7328,6607.9
food,7329,6607.866666666667
food,7330,6606.1
food,7331,6605.1
food,7332,6603.2
food,7333,6602.9
food,7334,6601.766666666666
food,7335,6600.0
food,7336,6599.6
food,7337,6599.2
food,7338,6597.8
food,7339,6597.2
food,7340,6596.833333333333
food,7341,6596.8
food,7342,6596.733333333334
food,7343,6596.2
food,7344,6596.2
food,7345,6596.133333333333
food,7346,6595.6
food,7347,6594.2
food,7348,6594.0
food,7349,6593.8
food,7350,6592.9
food,7351,6592.766666666666
food,7352,6592.700000000001
food,7353,6591.4
food,7354,6590.8
food,7355,6590.2
food,7356,6589.8
food,7357,6588.9
food,7358,6588.8
food,7359,6588.8
food,7360,6588.166666666666
food,7361,6588.002149988375
food,7362,6587.2
food,7363,6585.9
food,7364,6584.8
food,7365,6583.7
food,7366,6583.2
food,7367,6581.666666666666
food,7368,6580.8
food,7369,6580.5
food,7370,6580.2
food,7371,6580.066666666666
food,7372,6579.9333333333325
food,7373,6579.533333333333
food,7374,6579.2
food,7375,6578.8
food,7376,6578.8
food,7377,6578.0
food,7378,6575.8
food,7379,6575.700000000001
food,7380,6574.8
food,7381,6574.1
food,7382,6574.0
food,7383,6573.8
food,7384,6572.8
food,7385,6572.5
food,7386,6572.2
food,7387,6571.9
food,7388,6569.9
food,7389,6569.633333333333
food,7390,6567.0
food,7391,6566.9
food,7392,6566.733333333334
food,7393,6566.3
food,7394,6566.2
food,7395,6565.4
food,7396,6564.9
food,7397,6563.8
food,7398,6562.1
food,7399,6561.8
food,7400,6561.799999999999
food,7401,6559.133333333333
food,7402,6559.1
food,7403,6558.299999999999
food,7404,6557.8
food,7405,6557.4
food,7406,6556.8
food,7407,6556.1
food,7408,6553.8
food,7409,6551.9
food,7410,6551.066666666667
food,7411,6550.0
food,7412,6549.9
food,7413,6549.1
food,7414,6548.8
food,7415,6548.1
food,7416,6547.1
food,7417,6547.1
food,7418,6546.299999999999
food,7419,6545.9
food,7420,6545.1
food,7421,6544.9
food,7422,6544.2
food,7423,6544.0
food,7424,6543.0
food,7425,6541.9
food,7426,6540.2
food,7427,6536.8
food,7428,6536.066666666667
food,7429,6535.8
food,7430,6535.4
food,7431,6535.3
food,7432,6533.8
food,7433,6533.1
food,7434,6531.8
food,7435,6530.6
food,7436,6529.833333333333
food,7437,6529.8
food,7438,6529.1
food,7439,6528.9
food,7440,6528.733333333334
food,7441,6528.4
food,7442,6527.0
food,7443,6526.1
food,7444,6524.7
food,7445,6524.6
food,7446,6523.8
food,7447,6523.0
food,7448,6521.533333333333
food,7449,6520.8
food,7450,6520.8
food,7451,6520.2
food,7452,6519.9
food,7453,6518.8
food,7454,6517.8
food,7455,6517.2
food,7456,6517.2
food,7457,6516.2
food,7458,6515.3
food,7459,6513.9
food,7460,6513.8
food,7461,6512.8
food,7462,6512.366666666667
food,7463,6512.3
food,7464,6512.2
food,7465,6512.2
food,7466,6511.9
food,7467,6511.733333333334
food,7468,6511.3
food,7469,6511.2
food,7470,6510.5
food,7471,6510.1
food,7472,6509.866666666667
food,7473,6509.4
food,7474,6507.4
food,7475,6506.8
food,7476,6506.4333333333325
food,7477,6505.7
food,7478,6505.6
food,7479,6505.1
food,7480,6504.4333333333325
food,7481,6504.299999999999
food,7482,6503.833333333333
food,7483,6503.0
food,7484,6501.2
food,7485,6500.4
food,7486,6500.2
food,7487,6499.2
food,7488,6499.2
food,7489,6499.1
food,7490,6498.700000000001
food,7491,6498.2
food,7492,6498.2
food,7493,6496.3
food,7494,6495.4
food,7495,6494.2
food,7496,6494.1
food,7497,6494.066666666667
food,7498,6494.033333333334
food,7499,6492.2
food,7500,6491.8
food,7501,6491.0
food,7502,6490.8
food,7503,6490.666666666666
food,7504,6489.1
food,7505,6488.8
food,7506,6488.8
food,7507,6488.4
food,7508,6488.266666666666
food,7509,6488.0
food,7510,6487.299999999999
food,7511,6486.9
food,7512,6486.8
food,7513,6485.2
food,7514,6484.466666666666
food,7515,6482.0
food,7516,6481.5
food,7517,6481.1
food,7518,6480.1
food,7519,6479.8
food,7520,6479.4
food,7521,6479.1
food,7522,6478.6
food,7523,6478.2
food,7524,6478.0
food,7525,6476.7849102332
food,7526,6476.299999999999
food,7527,6476.0
food,7528,6475.8
food,7529,6475.3
food,7530,6475.2
food,7531,6475.133333333333
food,7532,6474.3
food,7533,6474.1
food,7534,6473.2
food,7535,6472.966666666666
food,7536,6472.4
food,7537,6471.9
food,7538,6471.4
food,7539,6470.866666666667
food,7540,6470.8
food,7541,6470.3
food,7542,6470.0
food,7543,6469.6
food,7544,6469.166666666666
food,7545,6469.0
food,7546,6467.8
food,7547,6467.7
food,7548,6466.5
food,7549,6465.9
food,7550,6465.9
food,7551,6465.9
food,7552,6464.8
food,7553,6463.8
food,7554,6463.8
food,7555,6463.4
food,7556,6463.2
food,7557,6462.7
food,7558,6462.5
food,7559,6462.3
food,7560,6460.633333333333
food,7561,6460.1
food,7562,6459.2
food,7563,6458.8
food,7564,6458.1
food,7565,6458.0
food,7566,6456.8
food,7567,6455.3
food,7568,6455.2
food,7569,6455.2
food,7570,6454.1
food,7571,6454.0
food,7572,6453.4
food,7573,6451.0
food,7574,6450.9
food,7575,6450.713587607671
food,7576,6449.9333333333325
food,7577,6449.4
food,7578,6448.9
food,7579,6448.9
food,7580,6448.8
food,7581,6448.066666666667
food,7582,6447.833333333333
food,7583,6447.4
food,7584,6446.8
food,7585,6446.333333333333
food,7586,6445.9
food,7587,6445.6
food,7588,6445.5
food,7589,6445.2
food,7590,6444.0
food,7591,6444.0
food,7592,6443.9
food,7593,6442.6
food,7594,6442.1
food,7595,6441.8
food,7596,6441.2
food,7597,6440.8
food,7598,6439.9
food,7599,6439.6
food,7600,6439.566666666667
food,7601,6439.4
food,7602,6439.1
food,7603,6437.3
food,7604,6436.666666666666
food,7605,6436.1
food,7606,6434.8
food,7607,6434.466666666667
food,7608,6433.3
food,7609,6433.233333333333
food,7610,6433.066666666667
food,7611,6432.266666666666
food,7612,6432.266666666666
food,7613,6432.1
food,7614,6430.1
food,7615,6429.9
food,7616,6429.9
food,7617,6429.833333333333
food,7618,6429.8
food,7619,6429.8
food,7620,6429.666666666666
food,7621,6429.1
food,7622,6428.0
food,7623,6427.299999999999
food,7624,6426.833333333333
food,7625,6426.4
food,7626,6425.3
food,7627,6423.0
food,7628,6422.8
food,7629,6422.6
food,7630,6421.8
food,7631,6421.4
food,7632,6420.8
food,7633,6420.6
food,7634,6420.2
food,7635,6419.9333333333325
food,7636,6418.5
food,7637,6417.4
food,7638,6416.8
food,7639,6415.8
food,7640,6415.133333333333
food,7641,6414.466666666667
food,7642,6414.299999999999
food,7643,6414.2
food,7644,6414.1
food,7645,6412.366666666667
food,7646,6411.9333333333325
food,7647,6411.8
food,7648,6411.8
food,7649,6411.566666666666
food,7650,6411.3
food,7651,6410.8
food,7652,6410.766666666666
food,7653,6410.2
food,7654,6409.8
food,7655,6407.2
food,7656,6406.733333333334
food,7657,6405.8
food,7658,6405.8
food,7659,6405.5
food,7660,6405.1
food,7661,6403.733333333334
food,7662,6403.466666666667
food,7663,6403.4
food,7664,6401.8
food,7665,6401.5
food,7666,6401.299999999999
food,7667,6401.1
food,7668,6400.2
food,7669,6400.0
food,7670,6399.8
food,7671,6398.1
food,7672,6396.5
food,7673,6395.1
food,7674,6394.8
food,7675,6394.799999999999
food,7676,6394.5
food,7677,6394.4
food,7678,6393.2
food,7679,6392.4
food,7680,6391.8
food,7681,6391.766666666666
food,7682,6391.2
food,7683,6389.8
food,7684,6389.4
food,7685,6389.1
food,7686,6386.833333333333
food,7687,6385.6
food,7688,6385.0
food,7689,6384.9
food,7690,6384.9
food,7691,6384.9
food,7692,6383.5
food,7693,6382.6
food,7694,6380.9
food,7695,6380.2
food,7696,6380.2
food,7697,6379.9
food,7698,6379.700000000001
food,7699,6378.9
food,7700,6378.2
food,7701,6377.8
food,7702,6377.5
food,7703,6377.4
food,7704,6376.8
food,7705,6376.5999999999985
food,7706,6376.4
food,7707,6376.1
food,7708,6375.8
food,7709,6375.8
food,7710,6375.533333333333
food,7711,6374.8
food,7712,6374.6
food,7713,6374.5
food,7714,6374.4
food,7715,6374.1
food,7716,6373.8
food,7717,6372.2
food,7718,6372.1
food,7719,6371.8
food,7720,6371.6
food,7721,6370.1
food,7722,6370.0
food,7723,6369.0
food,7724,6368.4
food,7725,6368.2
food,7726,6367.766666666666
food,7727,6367.1
food,7728,6366.9
food,7729,6366.8
food,7730,6366.8
food,7731,6363.4
food,7732,6363.1
food,7733,6363.1
food,7734,6363.0
food,7735,6362.8
food,7736,6362.333333333333
food,7737,6361.3
food,7738,6361.2
food,7739,6360.738996198369
food,7740,6359.9
food,7741,6359.9
food,7742,6359.8
food,7743,6359.4
food,7744,6359.366666666667
food,7745,6358.9
food,7746,6358.8
food,7747,6358.2
food,7748,6357.9
food,7749,6356.6
food,7750,6356.6
food,7751,6356.1
food,7752,6355.066666666667
food,7753,6354.8
food,7754,6354.1
food,7755,6353.9
food,7756,6352.5
food,7757,6352.1
food,7758,6351.6
food,7759,6351.4
food,7760,6351.3
food,7761,6351.3
food,7762,6350.8
food,7763,6350.0
food,7764,6349.8
food,7765,6348.8
food,7766,6347.0
food,7767,6346.9
food,7768,6346.4
food,7769,6346.299999999999
food,7770,6346.0
food,7771,6345.700000000001
food,7772,6344.8
food,7773,6344.466666666667
food,7774,6344.1
food,7775,6343.7
food,7776,6343.4
food,7777,6342.8
food,7778,6342.4
food,7779,6340.266666666666
food,7780,6339.502768567201
food,7781,6338.700000000001
food,7782,6338.2
food,7783,6336.6
food,7784,6336.200000000001
food,7785,6335.5
food,7786,6335.2
food,7787,6331.8
food,7788,6331.5
food,7789,6331.190643337824
food,7790,6330.9
food,7791,6330.5
food,7792,6328.8
food,7793,6328.6
food,7794,6327.9
food,7795,6327.4
food,7796,6326.8
food,7797,6325.2
food,7798,6324.4
food,7799,6324.3
food,7800,6323.5
food,7801,6322.7
food,7802,6322.4
food,7803,6321.9
food,7804,6321.700000000001
food,7805,6321.633333333333
food,7806,6321.227722053594
food,7807,6321.2
food,7808,6321.166666666666
food,7809,6320.7
food,7810,6320.6
food,7811,6319.5
food,7812,6319.5
food,7813,6319.4
food,7814,6318.8
food,7815,6318.4
food,7816,6318.1
food,7817,6316.2
food,7818,6314.9
food,7819,6314.7
food,7820,6312.3
food,7821,6312.0
food,7822,6311.9
food,7823,6311.6
food,7824,6311.6
food,7825,6310.2
food,7826,6310.2
food,7827,6309.8
food,7828,6309.4
food,7829,6308.8
food,7830,6308.666666666666
food,7831,6308.6
food,7832,6308.333333333333
food,7833,6308.0
food,7834,6307.8
food,7835,6307.5
food,7836,6307.5
food,7837,6306.9
food,7838,6306.8
food,7839,6303.9
food,7840,6302.1
food,7841,6301.200000000001
food,7842,6301.2
food,7843,6298.8
food,7844,6298.5
food,7845,6298.0
food,7846,6296.8
food,7847,6296.6
food,7848,6295.8
food,7849,6294.2
food,7850,6293.8
food,7851,6293.0
food,7852,6292.6
food,7853,6292.2
food,7854,6291.9
food,7855,6289.3
food,7856,6289.2
food,7857,6289.2
food,7858,6289.1
food,7859,6288.9
food,7860,6288.9
food,7861,6288.766666666666
food,7862,6288.4
food,7863,6287.266666666666
food,7864,6287.2
food,7865,6286.9
food,7866,6285.8
food,7867,6284.933333333333
food,7868,6284.113600943503
food,7869,6284.1
food,7870,6282.7
food,7871,6281.1
food,7872,6279.1
food,7873,6278.8
food,7874,6278.4
food,7875,6278.181690443873
food,7876,6276.766666666666
food,7877,6274.966666666667
food,7878,6274.7
food,7879,6274.4
food,7880,6273.8
food,7881,6273.6
food,7882,6273.2
food,7883,6273.1
food,7884,6272.8
food,7885,6272.8
food,7886,6270.8
food,7887,6270.5
food,7888,6270.5
food,7889,6270.333333333333
food,7890,6268.3
food,7891,6268.0
food,7892,6267.8
food,7893,6265.8
food,7894,6263.866666666667
food,7895,6263.4
food,7896,6262.8
food,7897,6262.6
food,7898,6262.3
food,7899,6260.9
food,7900,6260.8
food,7901,6260.8
food,7902,6259.4
food,7903,6259.3
food,7904,6258.733333333333
food,7905,6258.2
food,7906,6257.6
food,7907,6257.2
food,7908,6256.913485873804
food,7909,6256.5
food,7910,6254.0
food,7911,6253.9
food,7912,6252.6
food,7913,6252.166666666666
food,7914,6250.866666666667
food,7915,6250.7
food,7916,6250.2
food,7917,6249.9
food,7918,6249.0
food,7919,6248.9
food,7920,6248.8
food,7921,6248.4
food,7922,6248.299999999999
food,7923,6248.2
food,7924,6248.2
food,7925,6246.4
food,7926,6245.1
food,7927,6245.1
food,7928,6245.0
food,7929,6244.9
food,7930,6242.8
food,7931,6242.7
food,7932,6241.9
food,7933,6240.8
food,7934,6240.700000000001
food,7935,6240.3
food,7936,6239.7
food,7937,6239.666666666666
food,7938,6239.633333333333
food,7939,6239.2
food,7940,6238.9
food,7941,6238.8
food,7942,6238.4
food,7943,6236.0
food,7944,6235.9
food,7945,6235.2
food,7946,6234.710552126717
food,7947,6234.2
food,7948,6233.0
food,7949,6232.1
food,7950,6230.6
food,7951,6230.6
food,7952,6230.266666666666
food,7953,6229.5
food,7954,6229.266666666666
food,7955,6229.0
food,7956,6228.333333333333
food,7957,6228.266666666666
food,7958,6227.8
food,7959,6226.0
food,7960,6225.2
food,7961,6225.1
food,7962,6224.4333333333325
food,7963,6222.8
food,7964,6222.666666666666
food,7965,6222.4
food,7966,6221.9
food,7967,6221.8
food,7968,6219.9
food,7969,6219.8
food,7970,6218.4
food,7971,6217.2
food,7972,6215.4
food,7973,6215.4
food,7974,6214.8
food,7975,6212.7
food,7976,6212.1
food,7977,6211.8
food,7978,6211.8
food,7979,6211.2
food,7980,6211.166666666666
food,7981,6209.2
food,7982,6208.542966829789
food,7983,6208.299999999999
food,7984,6208.1
food,7985,6207.533333333333
food,7986,6207.3
food,7987,6206.8
food,7988,6205.2
food,7989,6205.2
food,7990,6203.9
food,7991,6203.3
food,7992,6202.2
food,7993,6202.0
food,7994,6200.267086864704
food,7995,6199.9
food,7996,6199.4
food,7997,6198.8
food,7998,6198.566666666667
food,7999,6198.2038400318
food,8000,6197.9333333333325
food,8001,6197.8
food,8002,6197.2
food,8003,6197.1
food,8004,6196.4
food,8005,6196.299999999999
food,8006,6196.2
food,8007,6196.0
food,8008,6195.6
food,8009,6194.5
food,8010,6194.2
food,8011,6194.1
food,8012,6192.4
food,8013,6192.4
food,8014,6191.0
food,8015,6190.6
food,8016,6189.8
food,8017,6189.8
food,8018,6189.5
food,8019,6188.9
food,8020,6187.3
food,8021,6187.2
food,8022,6186.8
food,8023,6186.4
food,8024,6186.241947802433
food,8025,6186.2
food,8026,6185.9
food,8027,6184.1
food,8028,6183.1
food,8029,6183.013273936604
food,8030,6182.5
food,8031,6182.066666666667
food,8032,6181.2
food,8033,6180.633333333333
food,8034,6180.5
food,8035,6179.6
food,8036,6177.8
food,8037,6177.6
food,8038,6177.2
food,8039,6176.966666666666
food,8040,6175.5
food,8041,6174.8
food,8042,6173.066666666667
food,8043,6172.466666666667
food,8044,6171.5
food,8045,6170.6
food,8046,6169.82445520361
food,8047,6168.7
food,8048,6167.6
food,8049,6167.233333333334
food,8050,6166.566666666667
food,8051,6166.2
food,8052,6166.2
food,8053,6165.4
food,8054,6164.700000000001
food,8055,6164.2
food,8056,6164.066666666667
food,8057,6163.8
food,8058,6163.6
food,8059,6162.299999999999
food,8060,6162.133333333333
food,8061,6161.8
food,8062,6161.6
food,8063,6161.4
food,8064,6161.4
food,8065,6161.107527121081
food,8066,6160.8
food,8067,6160.6
food,8068,6160.0
food,8069,6159.9
food,8070,6159.6
food,8071,6159.566666666667
food,8072,6159.200000000001
food,8073,6158.4
food,8074,6156.866666666667
food,8075,6156.2
food,8076,6156.0
food,8077,6155.1
food,8078,6153.4333333333325
food,8079,6153.299999999999
food,8080,6151.533333333333
food,8081,6151.4
food,8082,6150.1
food,8083,6149.0
food,8084,6148.533333333333
food,8085,6147.366666666667
food,8086,6147.233333333334
food,8087,6146.7
food,8088,6146.4
food,8089,6146.1
food,8090,6145.700000000001
food,8091,6145.7
food,8092,6145.2
food,8093,6144.8
food,8094,6144.266666666666
food,8095,6143.4
food,8096,6142.6
food,8097,6142.435521313644
food,8098,6140.333333333333
food,8099,6140.1
food,8100,6138.7204679445385
food,8101,6136.8
food,8102,6136.033333333333
food,8103,6136.0
food,8104,6134.8
food,8105,6134.4
food,8106,6134.2
food,8107,6133.2
food,8108,6132.700000000001
food,8109,6130.4
food,8110,6130.0
food,8111,6128.8
food,8112,6128.4
food,8113,6125.1
food,8114,6125.0
food,8115,6123.4
food,8116,6122.733333333333
food,8117,6121.966666666667
food,8118,6120.233333333334
food,8119,6119.9
food,8120,6118.8
food,8121,6118.6
food,8122,6117.9
food,8123,6116.9
food,8124,6116.2
food,8125,6115.828344752996
food,8126,6115.8
food,8127,6115.333333333333
food,8128,6114.4
food,8129,6114.233333333334
food,8130,6113.333333333334
food,8131,6112.8
food,8132,6111.9
food,8133,6111.833333333333
food,8134,6110.6
food,8135,6109.9
food,8136,6109.3
food,8137,6108.9
food,8138,6108.1
food,8139,6107.9
food,8140,6107.8
food,8141,6107.1
food,8142,6104.4
food,8143,6103.4333333333325
food,8144,6102.3
food,8145,6102.2
food,8146,6100.933333333333
food,8147,6100.8
food,8148,6099.2
food,8149,6097.866666666667
food,8150,6096.6
food,8151,6094.2
food,8152,6094.1
food,8153,6093.666666666666
food,8154,6093.2
food,8155,6091.700000000001
food,8156,6091.4
food,8157,6091.1
food,8158,6090.9
food,8159,6090.0
food,8160,6088.8
food,8161,6086.9
food,8162,6085.5
food,8163,6084.0
food,8164,6082.3
food,8165,6082.0
food,8166,6080.4
food,8167,6079.1
food,8168,6078.6
food,8169,6076.533333333333
food,8170,6076.033333333333
food,8171,6075.8
food,8172,6075.3
food,8173,6074.666666666666
food,8174,6074.5
food,8175,6074.0
food,8176,6073.4
food,8177,6072.8
food,8178,6072.4
food,8179,6071.5
food,8180,6071.3
food,8181,6071.2
food,8182,6071.1
food,8183,6071.0
food,8184,6070.4
food,8185,6069.6
food,8186,6069.0
food,8187,6067.833333333333
food,8188,6067.8
food,8189,6065.2
food,8190,6065.0
food,8191,6064.8
food,8192,6063.8
food,8193,6063.8
food,8194,6063.4
food,8195,6062.1
food,8196,6061.8
food,8197,6061.4
food,8198,6060.666666666666
food,8199,6059.5
food,8200,6057.8
food,8201,6057.6
food,8202,6057.4
food,8203,6056.166666666666
food,8204,6055.566666666667
food,8205,6055.4
food,8206,6052.8
food,8207,6052.4
food,8208,6051.633333333333
food,8209,6051.6
food,8210,6050.233333333334
food,8211,6050.0
food,8212,6049.8
food,8213,6046.3
food,8214,6045.6
food,8215,6043.4
food,8216,6041.8
food,8217,6041.1
food,8218,6040.5
food,8219,6040.1
food,8220,6037.9
food,8221,6037.4
food,8222,6037.2
food,8223,6035.7
food,8224,6031.8
food,8225,6031.4
food,8226,6031.066666666667
food,8227,6029.8
food,8228,6029.299999999999
food,8229,6028.566666666667
food,8230,6028.5
food,8231,6028.457786405702
food,8232,6027.9
food,8233,6027.7
food,8234,6027.5
food,8235,6026.2
food,8236,6025.4
food,8237,6025.299999999999
food,8238,6025.299999999999
food,8239,6024.8
food,8240,6024.0
food,8241,6023.299999999999
food,8242,6023.1
food,8243,6022.133333333333
food,8244,6022.0
food,8245,6021.0
food,8246,6020.9
food,8247,6020.8
food,8248,6020.733333333334
food,8249,6020.495752918669
food,8250,6020.0
food,8251,6019.4
food,8252,6016.1
food,8253,6015.4
food,8254,6014.9
food,8255,6014.8
food,8256,6014.2
food,8257,6013.6
food,8258,6011.9
food,8259,6010.9
food,8260,6009.3
food,8261,6006.366666666667
food,8262,6006.090248188457
food,8263,6005.766666666666
food,8264,6003.5
food,8265,6003.466666666667
food,8266,6002.6
food,8267,5998.4
food,8268,5998.233333333333
food,8269,5998.1
food,8270,5997.7
food,8271,5995.6
food,8272,5995.2
food,8273,5995.1
food,8274,5994.8
food,8275,5994.7
food,8276,5994.133333333333
food,8277,5990.6
food,8278,5990.166666666666
food,8279,5987.8
food,8280,5987.0
food,8281,5984.6
food,8282,5982.2
food,8283,5980.9
food,8284,5980.2
food,8285,5974.366666666667
food,8286,5972.633333333333
food,8287,5970.700000000001
food,8288,5969.733333333334
food,8289,5969.6
food,8290,5969.6
food,8291,5969.299999999999
food,8292,5968.4
food,8293,5967.766666666666
food,8294,5967.3
food,8295,5965.8
food,8296,5965.666666666666
food,8297,5965.5
food,8298,5963.9
food,8299,5963.6
food,8300,5963.0
food,8301,5962.8
food,8302,5962.466666666667
food,8303,5960.558558602308
food,8304,5960.4
food,8305,5959.833333333333
food,8306,5959.0
food,8307,5958.4
food,8308,5957.8
food,8309,5957.4
food,8310,5957.0
food,8311,5956.5
food,8312,5955.733333333334
food,8313,5954.4
food,8314,5954.4
food,8315,5954.1
food,8316,5950.2
food,8317,5949.466666666667
food,8318,5948.8
food,8319,5948.5
food,8320,5948.0
food,8321,5947.4
food,8322,5945.766666666666
food,8323,5945.4333333333325
food,8324,5944.9
food,8325,5944.263106527515
food,8326,5943.700000000001
food,8327,5943.3
food,8328,5942.8
food,8329,5942.2
food,8330,5940.733333333334
food,8331,5939.7
food,8332,5939.1
food,8333,5937.4
food,8334,5936.9
food,8335,5935.6
food,8336,5935.3
food,8337,5934.4
food,8338,5933.2
food,8339,5932.033333333333
food,8340,5931.4
food,8341,5931.299999999999
food,8342,5926.299999999999
food,8343,5924.299999999999
food,8344,5924.2
food,8345,5919.9
food,8346,5918.299999999999
food,8347,5917.8
food,8348,5917.2
food,8349,5916.3
food,8350,5915.7
food,8351,5915.6
food,8352,5915.066666666667
food,8353,5915.033333333333
food,8354,5915.033333333333
food,8355,5913.299999999999
food,8356,5911.1
food,8357,5911.1
food,8358,5910.9
food,8359,5910.2
food,8360,5908.700000000001
food,8361,5905.966666666667
food,8362,5904.233333333334
food,8363,5904.033333333333
food,8364,5903.1
food,8365,5902.866666666668
food,8366,5900.4
food,8367,5899.033333333333
food,8368,5896.1
food,8369,5895.8
food,8370,5894.0
food,8371,5893.9
food,8372,5893.8
food,8373,5889.4
food,8374,5888.2
food,8375,5887.5
food,8376,5885.633333333333
food,8377,5885.0
food,8378,5884.5
food,8379,5884.466666666667
food,8380,5883.8
food,8381,5881.2
food,8382,5880.2
food,8383,5879.5
food,8384,5879.4
food,8385,5878.866666666667
food,8386,5876.666666666666
food,8387,5874.5
food,8388,5872.533333333333
food,8389,5871.533333333333
food,8390,5870.4
food,8391,5870.0
food,8392,5868.5
food,8393,5866.9
food,8394,5866.6
food,8395,5866.5
food,8396,5864.4
food,8397,5861.033333333333
food,8398,5859.4
food,8399,5857.1
food,8400,5856.4
food,8401,5855.633333333333
food,8402,5852.8
food,8403,5852.666666666666
food,8404,5849.9
food,8405,5837.8
food,8406,5837.4
food,8407,5837.0
food,8408,5835.0
food,8409,5834.972384262213
food,8410,5834.666666666666
food,8411,5834.299999999999
food,8412,5833.6
food,8413,5833.4
food,8414,5833.2
food,8415,5832.6
food,8416,5832.38346866564
food,8417,5830.8
food,8418,5829.9
food,8419,5829.666666666666
food,8420,5828.633333333333
food,8421,5827.4
food,8422,5823.4
food,8423,5822.766666666666
food,8424,5822.4
food,8425,5817.8
food,8426,5816.9
food,8427,5816.5
food,8428,5815.3
food,8429,5814.4
food,8430,5813.833333333333
food,8431,5813.3
food,8432,5811.966666666667
food,8433,5811.8
food,8434,5809.5
food,8435,5807.9
food,8436,5805.630630645213
food,8437,5805.2
food,8438,5803.6
food,8439,5800.9
food,8440,5800.7
food,8441,5800.333333333333
food,8442,5799.866666666667
food,8443,5796.766666666666
food,8444,5796.4
food,8445,5796.0
food,8446,5795.2
food,8447,5793.0
food,8448,5792.166666666666
food,8449,5791.8
food,8450,5790.533333333333
food,8451,5790.022018596495
food,8452,5787.9
food,8453,5787.2
food,8454,5785.9
food,8455,5785.45434447661
food,8456,5784.5
food,8457,5782.8
food,8458,5777.1
food,8459,5776.666666666666
food,8460,5775.4
food,8461,5775.3
food,8462,5773.633333333333
food,8463,5773.3
food,8464,5772.1
food,8465,5765.9
food,8466,5762.5
food,8467,5762.2434113970885
food,8468,5760.8
food,8469,5760.7
food,8470,5759.9
food,8471,5758.9
food,8472,5757.8
food,8473,5757.0
food,8474,5755.0
food,8475,5754.866666666667
food,8476,5753.464516678291
food,8477,5752.6
food,8478,5751.9
food,8479,5751.8
food,8480,5748.8
food,8481,5747.6
food,8482,5745.0
food,8483,5744.0
food,8484,5742.8
food,8485,5742.733333333334
food,8486,5739.341156545404
food,8487,5738.8
food,8488,5738.745927651356
food,8489,5736.033333333333
food,8490,5733.1
food,8491,5723.5
food,8492,5723.0
food,8493,5722.9333333333325
food,8494,5721.8
food,8495,5721.766666666666
food,8496,5721.0
food,8497,5720.616852297746
food,8498,5719.0
food,8499,5718.466666666667
food,8500,5718.233333333334
food,8501,5717.1
food,8502,5717.0
food,8503,5715.9
food,8504,5714.9
food,8505,5705.8
food,8506,5702.4
food,8507,5702.4
food,8508,5698.4
food,8509,5698.233333333334
food,8510,5697.833333333333
food,8511,5694.233333333334
food,8512,5692.4
food,8513,5692.233333333334
food,8514,5690.4
food,8515,5690.1
food,8516,5689.905065936392
food,8517,5688.4
food,8518,5688.2
food,8519,5683.266666666666
food,8520,5682.866666666667
food,8521,5678.866666666667
food,8522,5677.5
food,8523,5676.766666666666
food,8524,5676.3
food,8525,5671.0
food,8526,5670.414802973908
food,8527,5669.8
food,8528,5668.9
food,8529,5668.166666666666
food,8530,5666.3
food,8531,5663.866666666667
food,8532,5663.6
food,8533,5660.692144351386
food,8534,5659.0
food,8535,5656.8
food,8536,5656.0
food,8537,5654.9
food,8538,5648.4
food,8539,5648.0
food,8540,5644.1
food,8541,5644.0
food,8542,5639.0
food,8543,5636.299999999999
food,8544,5634.3
food,8545,5631.3
food,8546,5631.1
food,8547,5631.0
food,8548,5630.9333333333325
food,8549,5628.9
food,8550,5628.5
food,8551,5626.533333333333
food,8552,5625.8
food,8553,5624.233333333334
food,8554,5620.1
food,8555,5618.3
food,8556,5617.9
food,8557,5616.6
food,8558,5615.4
food,8559,5615.3
food,8560,5613.066666666667
food,8561,5612.5
food,8562,5610.4
food,8563,5605.0
food,8564,5604.833333333333
food,8565,5604.484338762839
food,8566,5602.4
food,8567,5600.0
food,8568,5584.4
food,8569,5581.133333333333
food,8570,5574.0
food,8571,5567.9
food,8572,5566.533333333333
food,8573,5561.3
food,8574,5559.5
food,8575,5557.533333333333
food,8576,5556.4
food,8577,5553.466666666667
food,8578,5553.433333333333
food,8579,5552.633333333333
food,8580,5550.5
food,8581,5549.3
food,8582,5549.0
food,8583,5547.466666666667
food,8584,5546.0
food,8585,5545.8
food,8586,5545.0
food,8587,5544.833333333333
food,8588,5542.9
food,8589,5540.2
food,8590,5534.427480353775
food,8591,5529.1
food,8592,5526.1
food,8593,5510.4
food,8594,5510.0
food,8595,5508.466666666667
food,8596,5508.369808937914
food,8597,5508.2
food,8598,5507.733333333334
food,8599,5506.533333333333
food,8600,5505.4
food,8601,5502.2
food,8602,5499.9333333333325
food,8603,5497.284338762839
food,8604,5494.066666666667
food,8605,5494.0
food,8606,5488.766666666666
food,8607,5480.566666666667
food,8608,5477.0
food,8609,5475.1
food,8610,5470.0
food,8611,5466.5
food,8612,5464.1
food,8613,5462.3
food,8614,5462.066666666667
food,8615,5461.4
food,8616,5459.9333333333325
food,8617,5456.733333333333
food,8618,5456.2
food,8619,5445.9
food,8620,5442.9333333333325
food,8621,5442.266666666666
food,8622,5441.0
food,8623,5440.0
food,8624,5439.0
food,8625,5430.233333333334
food,8626,5428.266666666666
food,8627,5428.1
food,8628,5421.566666666667
food,8629,5405.3843387628385
food,8630,5402.933333333333
food,8631,5397.466666666667
food,8632,5395.6
food,8633,5390.4
food,8634,5385.233333333334
food,8635,5381.9
food,8636,5376.966666666667
food,8637,5368.633333333333
food,8638,5367.3
food,8639,5366.366666666667
food,8640,5363.466666666667
food,8641,5361.8
food,8642,5357.0
food,8643,5356.6
food,8644,5355.4
food,8645,5348.295751446603
food,8646,5346.9
food,8647,5345.9333333333325
food,8648,5340.566666666667
food,8649,5337.0
food,8650,5336.733333333333
food,8651,5332.966666666667
food,8652,5332.133333333333
food,8653,5329.766666666666
food,8654,5327.266666666666
food,8655,5325.566666666667
food,8656,5318.2
food,8657,5313.366666666667
food,8658,5296.866666666667
food,8659,5286.633333333333
food,8660,5283.5
food,8661,5283.3
food,8662,5280.466666666667
food,8663,5267.733333333334
food,8664,5264.0
food,8665,5261.8
food,8666,5252.6
food,8667,5252.0
food,8668,5251.3
food,8669,5243.666666666666
food,8670,5238.266666666666
food,8671,5233.5
food,8672,5231.2
food,8673,5227.4
food,8674,5226.1
food,8675,5225.333333333333
food,8676,5215.3
food,8677,5213.7
food,8678,5209.1
food,8679,5202.4
food,8680,5199.1
food,8681,5191.3
food,8682,5189.1
food,8683,5181.4
food,8684,5181.4
food,8685,5176.3
food,8686,5172.4
food,8687,5171.1
food,8688,5169.966666666667
food,8689,5168.633333333333
food,8690,5168.4
food,8691,5161.266666666666
food,8692,5156.9
food,8693,5153.5
food,8694,5152.6
food,8695,5141.833333333333
food,8696,5139.3
food,8697,5138.0
food,8698,5136.066666666667
food,8699,5121.4
food,8700,5109.8
food,8701,5103.2
food,8702,5094.1
food,8703,5082.0
food,8704,5079.266666666666
food,8705,5077.9
food,8706,5065.733333333334
food,8707,5055.533333333333
food,8708,5041.1
food,8709,5032.084338762838
food,8710,5019.0
food,8711,5012.833333333333
food,8712,4997.7
food,8713,4994.866666666667
food,8714,4988.233333333334
food,8715,4970.033333333333
food,8716,4950.0
food,8717,4943.5
food,8718,4932.6
food,8719,4920.733333333334
food,8720,4920.5
food,8721,4905.1
food,8722,4903.0
food,8723,4858.633333333333
food,8724,4836.2
food,8725,4803.4
food,8726,4801.733333333334
food,8727,4769.833333333333
food,8728,4761.066666666667
food,8729,4725.3
food,8730,4717.933333333333
food,8731,4705.9333333333325
food,8732,4685.733333333334
food,8733,4664.533333333333
food,8734,4626.066666666667
food,8735,4576.9333333333325
food,8736,4542.933333333333
food,8737,4268.833333333333
food,8738,4117.5
food,8739,3917.4
food,8740,3467.866666666667
food,8741,3140.0
food,8742,3140.0
food,8743,3140.0
food,8744,2940.0
food,8745,2466.6666666666665
food,8746,2438.317672096172
food,8747,2406.6666666666665
food,8748,2256.6666666666665
food,8749,2200.0
food,8750,2080.0
food,8751,2076.6666666666665
food,8752,1993.3333333333333
food,8753,1946.0638479353784
food,8754,1873.3333333333333
food,8755,1866.6666666666665
food,8756,1854.9843387628384
food,8757,1786.6666666666665
food,8758,1754.9843387628384
food,8759,1673.3333333333333
food,8760,1540.0
chemistry,1,6440.309725
chemistry,2,6385.736175
chemistry,3,6320.2986
chemistry,4,6194.338925
chemistry,5,6153.940375
chemistry,6,6148.927175
chemistry,7,6137.574825
chemistry,8,6134.6311749999995
chemistry,9,6126.67295
chemistry,10,6123.5003750000005
chemistry,11,6112.163825
chemistry,12,6096.11265
chemistry,13,6071.52935
chemistry,14,6060.231175
chemistry,15,6038.1813250000005
chemistry,16,6029.92925
chemistry,17,6004.614075
chemistry,18,6003.1668
chemistry,19,5999.521425
chemistry,20,5996.262425
chemistry,21,5990.785325
chemistry,22,5983.841575
chemistry,23,5975.000225
chemistry,24,5972.2522
chemistry,25,5966.900075
chemistry,26,5950.8477250000005
chemistry,27,5939.560275
chemistry,28,5935.208500000001
chemistry,29,5921.683025
chemistry,30,5918.46055
chemistry,31,5914.472975000001
chemistry,32,5900.658124999999
chemistry,33,5898.110425
chemistry,34,5893.4541500000005
chemistry,35,5891.483200000001
chemistry,36,5884.35685
chemistry,37,5875.67505
chemistry,38,5874.293750000001
chemistry,39,5859.5377
chemistry,40,5853.383175
chemistry,41,5844.865325000001
chemistry,42,5843.94585
chemistry,43,5836.65
chemistry,44,5836.616925
chemistry,45,5825.181
chemistry,46,5817.808
chemistry,47,5816.441925
chemistry,48,5812.70625
chemistry,49,5812.337575
chemistry,50,5812.12965
chemistry,51,5807.529225
chemistry,52,5800.105799999999
chemistry,53,5795.9832750000005
chemistry,54,5795.64385
chemistry,55,5792.475175
chemistry,56,5791.445925
chemistry,57,5787.84085
chemistry,58,5779.4291
chemistry,59,5774.366599999999
chemistry,60,5769.5245749999995
chemistry,61,5768.789525
chemistry,62,5764.9227
chemistry,63,5762.1451
chemistry,64,5761.57725
chemistry,65,5758.263825
chemistry,66,5754.63525
chemistry,67,5752.0188499999995
chemistry,68,5746.7959
chemistry,69,5743.7094
chemistry,70,5738.49185
chemistry,71,5732.08325
chemistry,72,5729.039425
chemistry,73,5727.458525
chemistry,74,5727.410425
chemistry,75,5713.106275
chemistry,76,5698.924725
chemistry,77,5696.642875
chemistry,78,5696.622974999999
chemistry,79,5692.838625
chemistry,80,5689.622074999999
chemistry,81,5687.183225
chemistry,82,5685.367175
chemistry,83,5681.056025
chemistry,84,5679.541775
chemistry,85,5679.018825
chemistry,86,5678.25845
chemistry,87,5676.166825
chemistry,88,5675.8103
chemistry,89,5675.54585
chemistry,90,5664.61795
chemistry,91,5658.9125
chemistry,92,5657.824075
chemistry,93,5654.099775
chemistry,94,5645.916749999999
chemistry,95,5644.4335
chemistry,96,5639.10665
chemistry,97,5636.081625
chemistry,98,5632.497925000001
chemistry,99,5626.411924999999
chemistry,100,5624.597925
chemistry,101,5622.6116250000005
chemistry,102,5616.1188
chemistry,103,5614.42095
chemistry,104,5611.83335
chemistry,105,5611.4
chemistry,106,5610.7373
chemistry,107,5608.632125
chemistry,108,5608.577875
chemistry,109,5604.72105
chemistry,110,5603.806175
chemistry,111,5601.545825
chemistry,112,5598.6835
chemistry,113,5598.6015
chemistry,114,5594.855575
chemistry,115,5593.766775
chemistry,116,5591.885174999999
chemistry,117,5585.043675
chemistry,118,5577.1888
chemistry,119,5576.58335
chemistry,120,5575.547325
chemistry,121,5575.175
chemistry,122,5572.241475
chemistry,123,5569.8664
chemistry,124,5569.8063
chemistry,125,5568.557049999999
chemistry,126,5568.306625
chemistry,127,5567.927175
chemistry,128,5565.97505
chemistry,129,5565.265075
chemistry,130,5550.96445
chemistry,131,5550.777775
chemistry,132,5550.0
chemistry,133,5550.0
chemistry,134,5550.0
chemistry,135,5550.0
chemistry,136,5550.0
chemistry,137,5550.0
chemistry,138,5550.0
chemistry,139,5550.0
chemistry,140,5550.0
chemistry,141,5550.0
chemistry,142,5550.0
chemistry,143,5550.0
chemistry,144,5550.0
chemistry,145,5550.0
chemistry,146,5550.0
chemistry,147,5550.0
chemistry,148,5550.0
chemistry,149,5550.0
chemistry,150,5550.0
chemistry,151,5550.0
chemistry,152,5550.0
chemistry,153,5550.0
chemistry,154,5550.0
chemistry,155,5546.604125
chemistry,156,5544.111124999999
chemistry,157,5538.03935
chemistry,158,5536.94855
chemistry,159,5536.102
chemistry,160,5533.869275
chemistry,161,5531.59795
chemistry,162,5528.677675
chemistry,163,5527.6765
chemistry,164,5527.433175
chemistry,165,5527.122875
chemistry,166,5525.888925
chemistry,167,5524.6872
chemistry,168,5523.462675000001
chemistry,169,5523.360475
chemistry,170,5521.4914
chemistry,171,5517.33915
chemistry,172,5512.9029
chemistry,173,5511.8971249999995
chemistry,174,5510.522375
chemistry,175,5510.175
chemistry,176,5508.818825
chemistry,177,5507.50825
chemistry,178,5506.512675
chemistry,179,5505.0292500000005
chemistry,180,5504.845725
chemistry,181,5504.7838249999995
chemistry,182,5504.5571
chemistry,183,5504.1311
chemistry,184,5502.9626499999995
chemistry,185,5502.630475
chemistry,186,5501.7459
chemistry,187,5501.6314999999995
chemistry,188,5501.433425
chemistry,189,5500.82205
chemistry,190,5499.8125
chemistry,191,5499.3974
chemistry,192,5499.17795
chemistry,193,5498.314525
chemistry,194,5497.4501
chemistry,195,5496.767175
chemistry,196,5495.8352
chemistry,197,5495.064375
chemistry,198,5490.0
chemistry,199,5487.35825
chemistry,200,5486.5501
chemistry,201,5485.501499999999
chemistry,202,5483.46025
chemistry,203,5482.866375
chemistry,204,5482.718225
chemistry,205,5480.1932
chemistry,206,5479.85825
chemistry,207,5479.834575000001
chemistry,208,5478.8442
chemistry,209,5478.789
chemistry,210,5478.474225
chemistry,211,5478.10645
chemistry,212,5477.662325
chemistry,213,5476.511125
chemistry,214,5476.156275
chemistry,215,5475.900375
chemistry,216,5474.551825
chemistry,217,5473.4498
chemistry,218,5472.056175
chemistry,219,5469.338925
chemistry,220,5468.825025
chemistry,221,5467.212575
chemistry,222,5467.1419
chemistry,223,5466.35585
chemistry,224,5465.9818
chemistry,225,5465.9258
chemistry,226,5465.8694
chemistry,227,5461.72075
chemistry,228,5460.8125
chemistry,229,5459.26405
chemistry,230,5458.233075
chemistry,231,5457.5707
chemistry,232,5455.1738000000005
chemistry,233,5454.916625
chemistry,234,5454.893075
chemistry,235,5453.991575
chemistry,236,5452.449825
chemistry,237,5452.0165
chemistry,238,5449.01105
chemistry,239,5444.860425
chemistry,240,5444.712425
chemistry,241,5443.67755
chemistry,242,5443.459575
chemistry,243,5443.216625
chemistry,244,5442.722325
chemistry,245,5441.759825
chemistry,246,5438.799975
chemistry,247,5438.209775
chemistry,248,5436.787525
chemistry,249,5435.983175
chemistry,250,5433.812325
chemistry,251,5433.415674999999
chemistry,252,5431.830525
chemistry,253,5431.7555
chemistry,254,5431.673175
chemistry,255,5431.47075
chemistry,256,5429.989325
chemistry,257,5427.189225
chemistry,258,5426.997625
chemistry,259,5426.700175
chemistry,260,5426.54925
chemistry,261,5424.541675
chemistry,262,5423.6998
chemistry,263,5422.302825
chemistry,264,5421.8886
chemistry,265,5421.5955
chemistry,266,5421.302725
chemistry,267,5420.8916
chemistry,268,5420.212775
chemistry,269,5419.468275
chemistry,270,5418.008400000001
chemistry,271,5415.639175
chemistry,272,5415.2831750000005
chemistry,273,5412.718674999999
chemistry,274,5412.3458
chemistry,275,5412.307075000001
chemistry,276,5412.295175
chemistry,277,5410.9189750000005
chemistry,278,5410.8811749999995
chemistry,279,5410.8011750000005
chemistry,280,5408.743125
chemistry,281,5408.5514
chemistry,282,5407.358075
chemistry,283,5403.3694
chemistry,284,5403.344349999999
chemistry,285,5402.922225
chemistry,286,5400.866599999999
chemistry,287,5400.843275
chemistry,288,5400.64165
chemistry,289,5400.031175
chemistry,290,5400.0
chemistry,291,5399.816525
chemistry,292,5399.4207
chemistry,293,5399.38325
chemistry,294,5398.308275
chemistry,295,5398.089
chemistry,296,5398.011100000001
chemistry,297,5396.6777250000005
chemistry,298,5396.010875
chemistry,299,5395.90625
chemistry,300,5395.041775
chemistry,301,5394.873125
chemistry,302,5394.799849999999
chemistry,303,5392.991575
chemistry,304,5392.37425
chemistry,305,5392.268025
chemistry,306,5392.183425
chemistry,307,5391.6205
chemistry,308,5391.141125
chemistry,309,5390.5293
chemistry,310,5389.395675
chemistry,311,5388.550125
chemistry,312,5387.967425
chemistry,313,5387.377925
chemistry,314,5385.55585
chemistry,315,5385.458325
chemistry,316,5383.352375
chemistry,317,5382.677825
chemistry,318,5381.256775
chemistry,319,5381.0482250000005
chemistry,320,5380.35
chemistry,321,5380.28875
chemistry,322,5379.80605
chemistry,323,5379.477924999999
chemistry,324,5378.167324999999
chemistry,325,5378.054175
chemistry,326,5377.3585
chemistry,327,5377.34355
chemistry,328,5376.361199999999
chemistry,329,5375.808925
chemistry,330,5374.227825
chemistry,331,5374.111175
chemistry,332,5371.83335
chemistry,333,5371.4053
chemistry,334,5369.92635
chemistry,335,5367.911825
chemistry,336,5366.9839249999995
chemistry,337,5365.2669
chemistry,338,5365.120625
chemistry,339,5364.839075
chemistry,340,5364.8056
chemistry,341,5364.222375
chemistry,342,5364.20825
chemistry,343,5363.828
chemistry,344,5362.723
chemistry,345,5362.4091
chemistry,346,5361.263774999999
chemistry,347,5360.70575
chemistry,348,5359.2914
chemistry,349,5359.2834
chemistry,350,5359.183075
chemistry,351,5358.916625
chemistry,352,5358.233175
chemistry,353,5357.754325
chemistry,354,5357.583175
chemistry,355,5357.3583
chemistry,356,5354.19875
chemistry,357,5353.711075
chemistry,358,5353.344425
chemistry,359,5352.910925
chemistry,360,5352.6716
chemistry,361,5352.0639
chemistry,362,5352.008
chemistry,363,5351.5876
chemistry,364,5351.459075
chemistry,365,5350.5289
chemistry,366,5350.4709
chemistry,367,5350.133075
chemistry,368,5348.44995
chemistry,369,5348.430625
chemistry,370,5348.2887
chemistry,371,5347.929075
chemistry,372,5347.731925
chemistry,373,5346.54102225
chemistry,374,5346.106075
chemistry,375,5345.470825
chemistry,376,5345.36385
chemistry,377,5344.76825
chemistry,378,5342.6792000000005
chemistry,379,5342.1542500000005
chemistry,380,5342.116775
chemistry,381,5342.10575
chemistry,382,5342.03885
chemistry,383,5341.629
chemistry,384,5340.1445
chemistry,385,5338.6251250000005
chemistry,386,5338.0875
chemistry,387,5338.066525
chemistry,388,5337.901925
chemistry,389,5336.996025
chemistry,390,5335.9557
chemistry,391,5334.447075
chemistry,392,5334.2546
chemistry,393,5334.149925
chemistry,394,5333.666825
chemistry,395,5332.3375
chemistry,396,5331.479325
chemistry,397,5331.4709
chemistry,398,5331.304075
chemistry,399,5330.8144999999995
chemistry,400,5330.3312
chemistry,401,5329.86665
chemistry,402,5328.739175
chemistry,403,5328.2853749999995
chemistry,404,5327.85015
chemistry,405,5326.096075
chemistry,406,5326.059825
chemistry,407,5325.64595
chemistry,408,5325.64595
chemistry,409,5325.5779
chemistry,410,5325.216675
chemistry,411,5324.833075
chemistry,412,5324.76195
chemistry,413,5324.705475
chemistry,414,5324.3112
chemistry,415,5324.22075
chemistry,416,5324.122075
chemistry,417,5322.761925
chemistry,418,5322.4085
chemistry,419,5321.5071
chemistry,420,5320.8458
chemistry,421,5320.5111
chemistry,422,5320.233
chemistry,423,5320.055775000001
chemistry,424,5319.723075
chemistry,425,5319.6945
chemistry,426,5318.643225
chemistry,427,5318.554275
chemistry,428,5318.313825
chemistry,429,5316.78515
chemistry,430,5316.363875
chemistry,431,5316.022
chemistry,432,5315.491825
chemistry,433,5314.93325
chemistry,434,5314.477675
chemistry,435,5314.336175
chemistry,436,5314.0239249999995
chemistry,437,5313.857
chemistry,438,5313.779
chemistry,439,5313.20435
chemistry,440,5312.493
chemistry,441,5312.233324999999
chemistry,442,5311.7375250000005
chemistry,443,5311.727
chemistry,444,5311.054325
chemistry,445,5311.025
chemistry,446,5310.806875
chemistry,447,5310.421325
chemistry,448,5309.93605
chemistry,449,5309.779175
chemistry,450,5309.664000000001
chemistry,451,5309.326175
chemistry,452,5309.316725
chemistry,453,5308.776275
chemistry,454,5308.5868
chemistry,455,5308.5306
chemistry,456,5308.451875
chemistry,457,5307.929249999999
chemistry,458,5307.679
chemistry,459,5306.41025
chemistry,460,5305.6498249999995
chemistry,461,5305.505575
chemistry,462,5304.99985
chemistry,463,5304.551074999999
chemistry,464,5304.5044
chemistry,465,5304.423825
chemistry,466,5304.422375
chemistry,467,5304.14375
chemistry,468,5304.11255
chemistry,469,5303.22365
chemistry,470,5303.056175
chemistry,471,5302.64195
chemistry,472,5302.333474999999
chemistry,473,5301.89025
chemistry,474,5301.725
chemistry,475,5301.03105
chemistry,476,5300.86695
chemistry,477,5300.375175
chemistry,478,5300.1276
chemistry,479,5299.9378
chemistry,480,5299.89155
chemistry,481,5299.399925
chemistry,482,5298.716725
chemistry,483,5298.2613249999995
chemistry,484,5296.733325
chemistry,485,5296.681175
chemistry,486,5296.10675
chemistry,487,5295.789
chemistry,488,5295.7492999999995
chemistry,489,5295.258325000001
chemistry,490,5294.633375
chemistry,491,5294.504175
chemistry,492,5294.489475
chemistry,493,5294.406174999999
chemistry,494,5294.3652
chemistry,495,5294.239375
chemistry,496,5294.214575
chemistry,497,5293.8779
chemistry,498,5293.6779
chemistry,499,5293.3375750000005
chemistry,500,5293.275175
chemistry,501,5291.683425
chemistry,502,5290.688925
chemistry,503,5289.788925
chemistry,504,5289.6818
chemistry,505,5289.4006
chemistry,506,5289.21265
chemistry,507,5289.027575
chemistry,508,5288.69595
chemistry,509,5287.996075
chemistry,510,5287.891625
chemistry,511,5287.39035
chemistry,512,5287.38465
chemistry,513,5287.005575
chemistry,514,5286.454
chemistry,515,5285.32245
chemistry,516,5285.2041500000005
chemistry,517,5284.720775
chemistry,518,5284.427975
chemistry,519,5283.84995
chemistry,520,5282.42935
chemistry,521,5282.150175
chemistry,522,5281.46055
chemistry,523,5280.6311749999995
chemistry,524,5280.4249500000005
chemistry,525,5280.193675
chemistry,526,5279.939
chemistry,527,5279.483375
chemistry,528,5279.40845
chemistry,529,5279.137725
chemistry,530,5279.02525
chemistry,531,5278.7168
chemistry,532,5278.51115
chemistry,533,5277.761525
chemistry,534,5277.522925
chemistry,535,5276.7068
chemistry,536,5276.13325
chemistry,537,5276.049825
chemistry,538,5275.92775
chemistry,539,5274.933475
chemistry,540,5274.83345
chemistry,541,5274.280624999999
chemistry,542,5273.533425
chemistry,543,5273.416525000001
chemistry,544,5272.2
chemistry,545,5271.892475
chemistry,546,5271.843925
chemistry,547,5271.6863
chemistry,548,5271.326275
chemistry,549,5270.481250000001
chemistry,550,5270.31395
chemistry,551,5270.258275
chemistry,552,5270.17105
chemistry,553,5269.9667
chemistry,554,5269.604075
chemistry,555,5269.304
chemistry,556,5269.168825
chemistry,557,5268.9639
chemistry,558,5268.683425
chemistry,559,5268.483525
chemistry,560,5267.803924999999
chemistry,561,5267.60485
chemistry,562,5267.597075
chemistry,563,5267.23325
chemistry,564,5266.5811
chemistry,565,5265.373125
chemistry,566,5265.15805
chemistry,567,5265.044325
chemistry,568,5264.9722
chemistry,569,5264.75845
chemistry,570,5263.4235
chemistry,571,5263.2333
chemistry,572,5263.066825
chemistry,573,5262.3998249999995
chemistry,574,5261.731325
chemistry,575,5261.480750000001
chemistry,576,5261.32225
chemistry,577,5260.941825
chemistry,578,5260.891675
chemistry,579,5260.7981
chemistry,580,5260.767
chemistry,581,5259.9580750000005
chemistry,582,5258.3041
chemistry,583,5257.8646499999995
chemistry,584,5257.6874
chemistry,585,5256.943825
chemistry,586,5256.65975
chemistry,587,5256.537575
chemistry,588,5256.35
chemistry,589,5256.35
chemistry,590,5256.3375
chemistry,591,5255.622974999999
chemistry,592,5255.36095
chemistry,593,5254.65475
chemistry,594,5254.5361250000005
chemistry,595,5254.38535
chemistry,596,5254.322875
chemistry,597,5253.46665
chemistry,598,5252.666675
chemistry,599,5252.56825
chemistry,600,5252.04875
chemistry,601,5250.988799999999
chemistry,602,5250.709675
chemistry,603,5249.944275
chemistry,604,5249.57785
chemistry,605,5249.477774999999
chemistry,606,5248.3117
chemistry,607,5247.5374
chemistry,608,5246.889674999999
chemistry,609,5246.844424999999
chemistry,610,5245.881925
chemistry,611,5245.636375
chemistry,612,5245.627425
chemistry,613,5245.513475
chemistry,614,5245.4888
chemistry,615,5245.240575
chemistry,616,5245.05005
chemistry,617,5244.995575
chemistry,618,5244.962575
chemistry,619,5244.923675
chemistry,620,5244.5349
chemistry,621,5244.4457
chemistry,622,5244.0445500000005
chemistry,623,5243.933425
chemistry,624,5243.48925
chemistry,625,5243.15
chemistry,626,5241.674849999999
chemistry,627,5241.630725
chemistry,628,5240.663925
chemistry,629,5240.650175000001
chemistry,630,5240.525075
chemistry,631,5239.8876
chemistry,632,5239.111075
chemistry,633,5238.888975
chemistry,634,5238.205625
chemistry,635,5238.00275
chemistry,636,5237.0063
chemistry,637,5234.791775
chemistry,638,5234.79175
chemistry,639,5234.667600000001
chemistry,640,5234.5057
chemistry,641,5234.449925
chemistry,642,5234.33385
chemistry,643,5234.1834
chemistry,644,5234.158525
chemistry,645,5233.889075
chemistry,646,5233.85715
chemistry,647,5233.6888500000005
chemistry,648,5233.57485
chemistry,649,5233.024975
chemistry,650,5232.826025
chemistry,651,5232.500075
chemistry,652,5232.489
chemistry,653,5232.420575
chemistry,654,5232.35
chemistry,655,5232.272749999999
chemistry,656,5231.656425
chemistry,657,5231.620725
chemistry,658,5231.4665
chemistry,659,5231.14765
chemistry,660,5230.9748500000005
chemistry,661,5230.3431
chemistry,662,5230.22035
chemistry,663,5228.033425
chemistry,664,5227.7
chemistry,665,5227.433425
chemistry,666,5226.85625
chemistry,667,5226.831175
chemistry,668,5226.77205
chemistry,669,5226.06685
chemistry,670,5226.0665
chemistry,671,5225.4195
chemistry,672,5225.273
chemistry,673,5224.05015
chemistry,674,5224.012725
chemistry,675,5223.880499999999
chemistry,676,5223.73635
chemistry,677,5223.7279
chemistry,678,5223.2491
chemistry,679,5223.0472
chemistry,680,5221.830475
chemistry,681,5221.525
chemistry,682,5221.306325
chemistry,683,5221.2249249999995
chemistry,684,5220.333075
chemistry,685,5220.292875
chemistry,686,5219.691825
chemistry,687,5219.614575
chemistry,688,5219.20055
chemistry,689,5218.975
chemistry,690,5218.8913999999995
chemistry,691,5218.850425
chemistry,692,5218.299925
chemistry,693,5217.910275
chemistry,694,5217.378
chemistry,695,5217.17635
chemistry,696,5217.172275
chemistry,697,5216.51245
chemistry,698,5216.0647
chemistry,699,5215.89675
chemistry,700,5215.760075
chemistry,701,5215.438575
chemistry,702,5215.1168
chemistry,703,5214.6249
chemistry,704,5214.4347
chemistry,705,5214.200025
chemistry,706,5213.88575
chemistry,707,5213.487425
chemistry,708,5212.6278250000005
chemistry,709,5212.575
chemistry,710,5212.191475
chemistry,711,5212.1625
chemistry,712,5212.133075
chemistry,713,5211.5334
chemistry,714,5211.162375
chemistry,715,5211.1003
chemistry,716,5210.864375
chemistry,717,5210.733475
chemistry,718,5210.4334
chemistry,719,5209.4944749999995
chemistry,720,5208.79405
chemistry,721,5208.738875
chemistry,722,5208.48305
chemistry,723,5208.3313
chemistry,724,5207.1347000000005
chemistry,725,5206.7693500000005
chemistry,726,5206.30735
chemistry,727,5206.2793249999995
chemistry,728,5206.03725
chemistry,729,5205.7285
chemistry,730,5204.91575
chemistry,731,5204.3081999999995
chemistry,732,5204.283325
chemistry,733,5202.6833
chemistry,734,5202.512500000001
chemistry,735,5202.4554
chemistry,736,5202.32965
chemistry,737,5202.25925
chemistry,738,5201.856624999999
chemistry,739,5201.414675
chemistry,740,5201.20735
chemistry,741,5200.522225
chemistry,742,5200.4442
chemistry,743,5200.408475
chemistry,744,5200.23505
chemistry,745,5200.025
chemistry,746,5199.036075
chemistry,747,5198.721975
chemistry,748,5198.7064
chemistry,749,5198.300225
chemistry,750,5198.2109
chemistry,751,5198.1228249999995
chemistry,752,5197.822225
chemistry,753,5197.5705
chemistry,754,5197.47885
chemistry,755,5196.722075
chemistry,756,5196.419625
chemistry,757,5196.18685
chemistry,758,5196.1777
chemistry,759,5196.16965
chemistry,760,5195.71115
chemistry,761,5195.666675
chemistry,762,5195.5389
chemistry,763,5195.482575
chemistry,764,5195.24475
chemistry,765,5195.2339
chemistry,766,5195.138999999999
chemistry,767,5194.168375
chemistry,768,5194.1626
chemistry,769,5193.64155
chemistry,770,5193.3224
chemistry,771,5193.2501
chemistry,772,5193.05555
chemistry,773,5192.4416249999995
chemistry,774,5192.329075
chemistry,775,5192.1665
chemistry,776,5192.1386
chemistry,777,5191.874925
chemistry,778,5190.9164
chemistry,779,5190.174849999999
chemistry,780,5190.114675
chemistry,781,5189.325
chemistry,782,5189.1942
chemistry,783,5189.1775
chemistry,784,5188.666775
chemistry,785,5188.09055
chemistry,786,5188.050075
chemistry,787,5187.73335
chemistry,788,5187.57075
chemistry,789,5187.4618
chemistry,790,5187.233225
chemistry,791,5187.225
chemistry,792,5186.400075
chemistry,793,5186.3622
chemistry,794,5186.2221500000005
chemistry,795,5186.0664
chemistry,796,5185.52905
chemistry,797,5184.887525
chemistry,798,5184.377825
chemistry,799,5184.170749999999
chemistry,800,5184.042475
chemistry,801,5183.9915
chemistry,802,5183.4361
chemistry,803,5183.2584
chemistry,804,5182.486000000001
chemistry,805,5182.018375
chemistry,806,5181.622275
chemistry,807,5181.11685
chemistry,808,5180.927825000001
chemistry,809,5180.7561749999995
chemistry,810,5180.241525
chemistry,811,5180.101425
chemistry,812,5180.075525
chemistry,813,5179.9943
chemistry,814,5179.71115
chemistry,815,5179.5113
chemistry,816,5179.45285
chemistry,817,5178.989425
chemistry,818,5178.608525
chemistry,819,5178.5805
chemistry,820,5178.313875
chemistry,821,5178.0458
chemistry,822,5178.045425
chemistry,823,5177.9702
chemistry,824,5177.889
chemistry,825,5177.1891
chemistry,826,5176.497899999999
chemistry,827,5176.299875
chemistry,828,5176.2041
chemistry,829,5176.199875
chemistry,830,5175.9462
chemistry,831,5175.554
chemistry,832,5175.553925
chemistry,833,5175.322175
chemistry,834,5175.064625
chemistry,835,5174.795674999999
chemistry,836,5174.19995
chemistry,837,5174.079225
chemistry,838,5173.92225
chemistry,839,5173.88735
chemistry,840,5173.7734
chemistry,841,5173.5041249999995
chemistry,842,5173.1253
chemistry,843,5173.021975
chemistry,844,5172.808325
chemistry,845,5172.500050000001
chemistry,846,5172.16115
chemistry,847,5171.89805
chemistry,848,5171.766625
chemistry,849,5171.616775
chemistry,850,5171.4806
chemistry,851,5171.192325
chemistry,852,5170.9886750000005
chemistry,853,5170.655775
chemistry,854,5170.35545
chemistry,855,5170.2504
chemistry,856,5170.089325
chemistry,857,5169.874075
chemistry,858,5169.277925
chemistry,859,5169.25
chemistry,860,5169.2125750000005
chemistry,861,5168.79175
chemistry,862,5168.693825
chemistry,863,5168.6465499999995
chemistry,864,5168.5555
chemistry,865,5168.5319500000005
chemistry,866,5168.418
chemistry,867,5168.21175
chemistry,868,5168.043525
chemistry,869,5167.861075
chemistry,870,5167.850075
chemistry,871,5167.639
chemistry,872,5167.06485
chemistry,873,5167.0082
chemistry,874,5166.985575
chemistry,875,5166.75
chemistry,876,5166.6556
chemistry,877,5166.3514749999995
chemistry,878,5166.111
chemistry,879,5166.0391
chemistry,880,5165.84605
chemistry,881,5165.826
chemistry,882,5165.635325
chemistry,883,5165.581175
chemistry,884,5165.099925
chemistry,885,5165.088825
chemistry,886,5164.86955
chemistry,887,5164.443175
chemistry,888,5164.0863500000005
chemistry,889,5163.924999999999
chemistry,890,5163.802
chemistry,891,5163.76665
chemistry,892,5163.742975
chemistry,893,5163.4
chemistry,894,5163.3724
chemistry,895,5162.60275
chemistry,896,5162.3547
chemistry,897,5161.927775
chemistry,898,5161.922725
chemistry,899,5161.8445
chemistry,900,5161.777675
chemistry,901,5161.717475
chemistry,902,5161.266575
chemistry,903,5161.2611
chemistry,904,5160.916749999999
chemistry,905,5160.511175000001
chemistry,906,5160.472125
chemistry,907,5159.989
chemistry,908,5159.753375
chemistry,909,5159.6001
chemistry,910,5159.4664999999995
chemistry,911,5159.344425
chemistry,912,5159.094499999999
chemistry,913,5159.02495
chemistry,914,5158.1557
chemistry,915,5158.1416
chemistry,916,5158.07845
chemistry,917,5157.752775
chemistry,918,5157.729375
chemistry,919,5157.658275
chemistry,920,5157.633175
chemistry,921,5157.5583
chemistry,922,5156.98525
chemistry,923,5156.9160999999995
chemistry,924,5156.85095
chemistry,925,5156.8332
chemistry,926,5156.83125
chemistry,927,5156.7485
chemistry,928,5156.7332750000005
chemistry,929,5156.45465
chemistry,930,5156.3943500000005
chemistry,931,5156.239575
chemistry,932,5155.7053
chemistry,933,5155.419425
chemistry,934,5155.283225
chemistry,935,5155.034275
chemistry,936,5154.93125
chemistry,937,5154.781175
chemistry,938,5154.430425
chemistry,939,5154.408275
chemistry,940,5154.3834
chemistry,941,5153.799975
chemistry,942,5153.4887499999995
chemistry,943,5153.462525
chemistry,944,5153.088725
chemistry,945,5152.958125
chemistry,946,5152.499925
chemistry,947,5152.47215
chemistry,948,5152.420775
chemistry,949,5152.4063
chemistry,950,5152.2641
chemistry,951,5152.2561
chemistry,952,5152.001475
chemistry,953,5151.1999
chemistry,954,5150.9765
chemistry,955,5150.6918000000005
chemistry,956,5150.382474999999
chemistry,957,5150.033375
chemistry,958,5149.963900000001
chemistry,959,5149.02295
chemistry,960,5148.575000000001
chemistry,961,5148.5085500000005
chemistry,962,5148.35835
chemistry,963,5147.963725
chemistry,964,5147.8597
chemistry,965,5147.7332750000005
chemistry,966,5147.6667
chemistry,967,5147.6091
chemistry,968,5147.5
chemistry,969,5147.325
chemistry,970,5147.1126
chemistry,971,5147.0388
chemistry,972,5146.547425
chemistry,973,5146.425
chemistry,974,5146.334175
chemistry,975,5145.58515
chemistry,976,5145.477825
chemistry,977,5145.0562
chemistry,978,5145.037575
chemistry,979,5144.9373
chemistry,980,5144.408475
chemistry,981,5144.175875
chemistry,982,5143.8111
chemistry,983,5143.6887750000005
chemistry,984,5143.6667
chemistry,985,5143.56105
chemistry,986,5143.3387999999995
chemistry,987,5142.53325
chemistry,988,5142.0458499999995
chemistry,989,5141.91825
chemistry,990,5141.5707
chemistry,991,5141.537
chemistry,992,5140.9668
chemistry,993,5140.900075
chemistry,994,5140.8584
chemistry,995,5140.61075
chemistry,996,5140.591475
chemistry,997,5140.206175
chemistry,998,5140.09835
chemistry,999,5140.055575
chemistry,1000,5139.54165
chemistry,1001,5139.513
chemistry,1002,5139.4249500000005
chemistry,1003,5139.075199999999
chemistry,1004,5139.012650000001
chemistry,1005,5138.247249999999
chemistry,1006,5137.7599
chemistry,1007,5137.53825
chemistry,1008,5137.488925
chemistry,1009,5136.97085
chemistry,1010,5136.966475
chemistry,1011,5136.710125
chemistry,1012,5136.7083999999995
chemistry,1013,5136.2875
chemistry,1014,5135.6263500000005
chemistry,1015,5135.465
chemistry,1016,5135.4262499999995
chemistry,1017,5135.311175
chemistry,1018,5134.8555
chemistry,1019,5134.418125
chemistry,1020,5134.167399999999
chemistry,1021,5134.143675
chemistry,1022,5134.075
chemistry,1023,5134.055375
chemistry,1024,5133.770825
chemistry,1025,5133.440925
chemistry,1026,5133.2482
chemistry,1027,5133.244325
chemistry,1028,5132.91525
chemistry,1029,5132.604225
chemistry,1030,5132.541450000001
chemistry,1031,5132.439
chemistry,1032,5131.8
chemistry,1033,5131.589025
chemistry,1034,5131.5067
chemistry,1035,5131.490325
chemistry,1036,5131.3752
chemistry,1037,5131.005475
chemistry,1038,5130.76125
chemistry,1039,5130.666725
chemistry,1040,5130.5431
chemistry,1041,5130.5305
chemistry,1042,5130.210975
chemistry,1043,5129.710825
chemistry,1044,5129.5111
chemistry,1045,5129.480500000001
chemistry,1046,5129.3331499999995
chemistry,1047,5129.22235
chemistry,1048,5128.802575
chemistry,1049,5128.6749500000005
chemistry,1050,5128.293775
chemistry,1051,5128.140325
chemistry,1052,5127.9979
chemistry,1053,5127.5835
chemistry,1054,5127.1945
chemistry,1055,5127.184725
chemistry,1056,5127.047925
chemistry,1057,5126.8886999999995
chemistry,1058,5126.398
chemistry,1059,5126.3054250000005
chemistry,1060,5126.2778
chemistry,1061,5126.249925
chemistry,1062,5126.1056
chemistry,1063,5126.0
chemistry,1064,5125.4351
chemistry,1065,5125.125075
chemistry,1066,5124.938775
chemistry,1067,5124.733325
chemistry,1068,5124.2165
chemistry,1069,5124.191725000001
chemistry,1070,5123.991749999999
chemistry,1071,5123.870625
chemistry,1072,5123.579049999999
chemistry,1073,5123.1875
chemistry,1074,5123.122225
chemistry,1075,5122.930925000001
chemistry,1076,5122.9
chemistry,1077,5122.879325
chemistry,1078,5122.841899999999
chemistry,1079,5122.54175
chemistry,1080,5122.524925
chemistry,1081,5122.4918
chemistry,1082,5122.422075
chemistry,1083,5122.370975
chemistry,1084,5121.5835
chemistry,1085,5121.296075
chemistry,1086,5120.599825
chemistry,1087,5120.488775
chemistry,1088,5120.0625
chemistry,1089,5119.958425
chemistry,1090,5119.272
chemistry,1091,5119.1707
chemistry,1092,5119.068975
chemistry,1093,5118.822125
chemistry,1094,5118.625
chemistry,1095,5118.525075
chemistry,1096,5118.325000000001
chemistry,1097,5117.89155
chemistry,1098,5117.843175
chemistry,1099,5117.671925
chemistry,1100,5117.41935
chemistry,1101,5117.402749999999
chemistry,1102,5117.2480749999995
chemistry,1103,5117.02085
chemistry,1104,5116.76115
chemistry,1105,5116.718025
chemistry,1106,5116.6055
chemistry,1107,5116.37775
chemistry,1108,5116.283275
chemistry,1109,5115.755425
chemistry,1110,5115.7125
chemistry,1111,5115.5266
chemistry,1112,5115.310425
chemistry,1113,5115.22395
chemistry,1114,5115.149975
chemistry,1115,5114.3501
chemistry,1116,5113.875
chemistry,1117,5113.6991
chemistry,1118,5113.2
chemistry,1119,5112.647175
chemistry,1120,5112.46525
chemistry,1121,5112.366625
chemistry,1122,5111.883375
chemistry,1123,5111.485275
chemistry,1124,5111.1759250000005
chemistry,1125,5111.166424999999
chemistry,1126,5111.11935
chemistry,1127,5111.0277750000005
chemistry,1128,5110.968825
chemistry,1129,5110.955375
chemistry,1130,5110.7652
chemistry,1131,5110.5395
chemistry,1132,5109.849925
chemistry,1133,5109.344424999999
chemistry,1134,5109.2793
chemistry,1135,5109.151825
chemistry,1136,5108.79325
chemistry,1137,5108.605575
chemistry,1138,5108.5811
chemistry,1139,5108.55
chemistry,1140,5108.4256749999995
chemistry,1141,5108.269425
chemistry,1142,5107.240225
chemistry,1143,5107.2
chemistry,1144,5107.128
chemistry,1145,5106.9561
chemistry,1146,5106.887425
chemistry,1147,5106.8555
chemistry,1148,5106.375075
chemistry,1149,5106.0876
chemistry,1150,5105.9340999999995
chemistry,1151,5105.853075
chemistry,1152,5105.4686249999995
chemistry,1153,5105.443075
chemistry,1154,5105.324175
chemistry,1155,5105.112625
chemistry,1156,5105.103825
chemistry,1157,5105.0470000000005
chemistry,1158,5104.76965
chemistry,1159,5104.536075
chemistry,1160,5104.522175
chemistry,1161,5103.82895
chemistry,1162,5103.687525
chemistry,1163,5103.631975
chemistry,1164,5103.116625000001
chemistry,1165,5103.0797
chemistry,1166,5103.029075
chemistry,1167,5103.00555
chemistry,1168,5102.3513
chemistry,1169,5102.233
chemistry,1170,5102.181275
chemistry,1171,5102.0396
chemistry,1172,5102.0359499999995
chemistry,1173,5101.93315
chemistry,1174,5101.8989249999995
chemistry,1175,5101.8047
chemistry,1176,5101.5553
chemistry,1177,5101.199500000001
chemistry,1178,5101.0558
chemistry,1179,5101.005725
chemistry,1180,5100.858125
chemistry,1181,5100.71885
chemistry,1182,5100.4852
chemistry,1183,5100.19995
chemistry,1184,5100.1888
chemistry,1185,5100.07735
chemistry,1186,5099.780475
chemistry,1187,5099.74725
chemistry,1188,5099.712425
chemistry,1189,5099.4387750000005
chemistry,1190,5099.2501
chemistry,1191,5099.031725
chemistry,1192,5098.5891
chemistry,1193,5098.4445
chemistry,1194,5098.36675
chemistry,1195,5098.283100000001
chemistry,1196,5098.00835
chemistry,1197,5097.92225
chemistry,1198,5097.884325
chemistry,1199,5097.756324999999
chemistry,1200,5097.287499999999
chemistry,1201,5097.007525
chemistry,1202,5096.98555
chemistry,1203,5096.855675
chemistry,1204,5096.5582
chemistry,1205,5096.405575
chemistry,1206,5096.2443
chemistry,1207,5096.094475
chemistry,1208,5095.92215
chemistry,1209,5095.825075
chemistry,1210,5095.732175
chemistry,1211,5094.98365
chemistry,1212,5094.7833
chemistry,1213,5094.735275
chemistry,1214,5094.312575
chemistry,1215,5093.6445
chemistry,1216,5093.455375
chemistry,1217,5093.385325
chemistry,1218,5092.959525
chemistry,1219,5092.465375
chemistry,1220,5092.433325
chemistry,1221,5092.119325
chemistry,1222,5092.077925
chemistry,1223,5091.256825
chemistry,1224,5090.9445
chemistry,1225,5090.935475
chemistry,1226,5090.888675
chemistry,1227,5090.8629
chemistry,1228,5089.82495
chemistry,1229,5089.822575
chemistry,1230,5089.810675
chemistry,1231,5089.804275
chemistry,1232,5089.691650000001
chemistry,1233,5089.438725
chemistry,1234,5089.39985
chemistry,1235,5089.1459
chemistry,1236,5088.91115
chemistry,1237,5088.8002
chemistry,1238,5088.541675
chemistry,1239,5088.28875
chemistry,1240,5088.1097500000005
chemistry,1241,5087.866925
chemistry,1242,5087.8294
chemistry,1243,5087.549975
chemistry,1244,5087.2035
chemistry,1245,5086.9
chemistry,1246,5086.88695
chemistry,1247,5086.688
chemistry,1248,5085.770175
chemistry,1249,5085.076625
chemistry,1250,5084.863
chemistry,1251,5084.522175
chemistry,1252,5084.2396499999995
chemistry,1253,5084.17765
chemistry,1254,5084.1168
chemistry,1255,5083.71525
chemistry,1256,5083.643725
chemistry,1257,5083.30425
chemistry,1258,5082.952875
chemistry,1259,5082.83885
chemistry,1260,5082.718075
chemistry,1261,5082.525
chemistry,1262,5081.93905
chemistry,1263,5081.77505
chemistry,1264,5081.236124999999
chemistry,1265,5080.877025
chemistry,1266,5080.814725
chemistry,1267,5079.924375
chemistry,1268,5079.825
chemistry,1269,5079.7
chemistry,1270,5079.672275000001
chemistry,1271,5079.025
chemistry,1272,5078.790875
chemistry,1273,5077.172125
chemistry,1274,5076.944325
chemistry,1275,5076.9001
chemistry,1276,5076.862725
chemistry,1277,5076.766825
chemistry,1278,5076.39675
chemistry,1279,5076.393
chemistry,1280,5076.27525
chemistry,1281,5076.156175
chemistry,1282,5076.0296
chemistry,1283,5075.80825
chemistry,1284,5075.760375
chemistry,1285,5075.49195
chemistry,1286,5075.4331
chemistry,1287,5075.034675000001
chemistry,1288,5075.021
chemistry,1289,5074.833075
chemistry,1290,5074.74255
chemistry,1291,5074.633175
chemistry,1292,5074.5333
chemistry,1293,5073.966775
chemistry,1294,5073.467799999999
chemistry,1295,5073.255625
chemistry,1296,5073.23945
chemistry,1297,5072.71865
chemistry,1298,5072.48125
chemistry,1299,5072.412499999999
chemistry,1300,5072.27785
chemistry,1301,5072.0724
chemistry,1302,5071.81435
chemistry,1303,5071.504225
chemistry,1304,5071.4903
chemistry,1305,5071.450025
chemistry,1306,5071.4438
chemistry,1307,5071.325
chemistry,1308,5071.29035
chemistry,1309,5071.2556
chemistry,1310,5071.03025
chemistry,1311,5070.69455
chemistry,1312,5070.68915
chemistry,1313,5070.19485
chemistry,1314,5070.100175
chemistry,1315,5069.534625
chemistry,1316,5069.44775
chemistry,1317,5069.4196999999995
chemistry,1318,5069.22275
chemistry,1319,5068.927725
chemistry,1320,5068.898075
chemistry,1321,5068.6705
chemistry,1322,5068.4416
chemistry,1323,5068.400725
chemistry,1324,5068.2459
chemistry,1325,5067.965425
chemistry,1326,5067.94435
chemistry,1327,5067.44435
chemistry,1328,5066.646475
chemistry,1329,5066.644425
chemistry,1330,5066.399975
chemistry,1331,5066.265425
chemistry,1332,5066.07585
chemistry,1333,5066.062575
chemistry,1334,5065.565425000001
chemistry,1335,5065.5445
chemistry,1336,5065.539975
chemistry,1337,5065.116625000001
chemistry,1338,5064.94165
chemistry,1339,5064.888925
chemistry,1340,5064.7123
chemistry,1341,5064.62235
chemistry,1342,5064.46645
chemistry,1343,5063.877775
chemistry,1344,5063.675
chemistry,1345,5063.6001
chemistry,1346,5063.49025
chemistry,1347,5063.34725
chemistry,1348,5063.30015
chemistry,1349,5062.799999999999
chemistry,1350,5061.8056
chemistry,1351,5061.622225
chemistry,1352,5061.3231
chemistry,1353,5060.539125
chemistry,1354,5060.350125
chemistry,1355,5059.60765
chemistry,1356,5059.508575
chemistry,1357,5059.299175
chemistry,1358,5058.833175
chemistry,1359,5058.35
chemistry,1360,5058.21445
chemistry,1361,5058.2
chemistry,1362,5058.089075
chemistry,1363,5057.7669
chemistry,1364,5057.5833250000005
chemistry,1365,5057.344275
chemistry,1366,5057.27495
chemistry,1367,5056.583525
chemistry,1368,5056.3777
chemistry,1369,5056.367975
chemistry,1370,5056.0
chemistry,1371,5055.91075
chemistry,1372,5055.8709
chemistry,1373,5055.7583
chemistry,1374,5055.67515
chemistry,1375,5055.66445
chemistry,1376,5055.401425
chemistry,1377,5055.39845
chemistry,1378,5055.294825
chemistry,1379,5055.251
chemistry,1380,5055.087600000001
chemistry,1381,5055.064325
chemistry,1382,5055.0277750000005
chemistry,1383,5054.93
chemistry,1384,5054.872125
chemistry,1385,5054.81665
chemistry,1386,5054.71435
chemistry,1387,5054.516675
chemistry,1388,5054.2
chemistry,1389,5053.987675
chemistry,1390,5053.85635
chemistry,1391,5053.853999999999
chemistry,1392,5053.70675
chemistry,1393,5053.3
chemistry,1394,5053.2448
chemistry,1395,5053.2269750000005
chemistry,1396,5053.1625
chemistry,1397,5053.0752
chemistry,1398,5052.672724999999
chemistry,1399,5052.6669
chemistry,1400,5052.65625
chemistry,1401,5051.94175
chemistry,1402,5051.86675
chemistry,1403,5051.833475
chemistry,1404,5051.790375
chemistry,1405,5051.77775
chemistry,1406,5051.672425000001
chemistry,1407,5051.5095
chemistry,1408,5051.202899999999
chemistry,1409,5050.8805
chemistry,1410,5050.8040249999995
chemistry,1411,5050.495975
chemistry,1412,5050.453875
chemistry,1413,5050.313825
chemistry,1414,5050.304909583334
chemistry,1415,5049.96155
chemistry,1416,5049.85845
chemistry,1417,5049.704125
chemistry,1418,5049.431125
chemistry,1419,5049.27365
chemistry,1420,5049.178825
chemistry,1421,5048.760975
chemistry,1422,5048.677875
chemistry,1423,5048.57385
chemistry,1424,5048.444525
chemistry,1425,5048.429675
chemistry,1426,5047.8001
chemistry,1427,5047.5335
chemistry,1428,5047.200075000001
chemistry,1429,5047.154799999999
chemistry,1430,5047.031999999999
chemistry,1431,5046.4055499999995
chemistry,1432,5046.375
chemistry,1433,5046.20835
chemistry,1434,5046.0195
chemistry,1435,5045.225
chemistry,1436,5045.1999
chemistry,1437,5045.1308
chemistry,1438,5045.0666
chemistry,1439,5045.0001250000005
chemistry,1440,5044.5555
chemistry,1441,5044.47775
chemistry,1442,5044.4499
chemistry,1443,5044.381475
chemistry,1444,5044.37855
chemistry,1445,5044.244275
chemistry,1446,5044.192975
chemistry,1447,5044.0027
chemistry,1448,5043.14455
chemistry,1449,5043.111
chemistry,1450,5043.0448750000005
chemistry,1451,5042.94445
chemistry,1452,5042.9333
chemistry,1453,5042.6399
chemistry,1454,5042.357425
chemistry,1455,5042.315225
chemistry,1456,5041.7783
chemistry,1457,5040.79785
chemistry,1458,5040.793175
chemistry,1459,5040.508075
chemistry,1460,5040.350525
chemistry,1461,5040.333500000001
chemistry,1462,5040.308175
chemistry,1463,5040.075
chemistry,1464,5039.97065
chemistry,1465,5039.94775
chemistry,1466,5039.6110499999995
chemistry,1467,5039.523999999999
chemistry,1468,5039.4166000000005
chemistry,1469,5039.111075000001
chemistry,1470,5038.677925
chemistry,1471,5038.405675
chemistry,1472,5038.309275
chemistry,1473,5037.9
chemistry,1474,5037.711075
chemistry,1475,5037.618175
chemistry,1476,5037.500025
chemistry,1477,5037.466525
chemistry,1478,5037.342049999999
chemistry,1479,5037.095925
chemistry,1480,5036.9576
chemistry,1481,5036.899925
chemistry,1482,5036.6916
chemistry,1483,5036.450075
chemistry,1484,5036.2852
chemistry,1485,5036.277925
chemistry,1486,5036.112675
chemistry,1487,5035.811299999999
chemistry,1488,5035.1223
chemistry,1489,5035.01035
chemistry,1490,5034.5554250000005
chemistry,1491,5034.3411221666665
chemistry,1492,5034.261325
chemistry,1493,5033.74985
chemistry,1494,5033.74725
chemistry,1495,5033.7013
chemistry,1496,5033.6500750000005
chemistry,1497,5033.3875
chemistry,1498,5033.0115749999995
chemistry,1499,5032.998
chemistry,1500,5032.9864
chemistry,1501,5032.8270999999995
chemistry,1502,5032.8153
chemistry,1503,5032.484775
chemistry,1504,5032.4167
chemistry,1505,5032.23725
chemistry,1506,5031.902075
chemistry,1507,5031.71445
chemistry,1508,5031.2346
chemistry,1509,5030.962425
chemistry,1510,5030.40625
chemistry,1511,5030.213
chemistry,1512,5030.0945
chemistry,1513,5029.7339249999995
chemistry,1514,5029.155175
chemistry,1515,5028.998
chemistry,1516,5028.99725
chemistry,1517,5028.938175
chemistry,1518,5028.7917
chemistry,1519,5028.658275
chemistry,1520,5028.609925
chemistry,1521,5028.5446
chemistry,1522,5028.331175
chemistry,1523,5028.2835
chemistry,1524,5028.1891749999995
chemistry,1525,5028.175
chemistry,1526,5028.12215
chemistry,1527,5027.858075
chemistry,1528,5027.8555
chemistry,1529,5027.85405
chemistry,1530,5027.6249
chemistry,1531,5027.4860499999995
chemistry,1532,5027.089
chemistry,1533,5026.932625
chemistry,1534,5026.9141
chemistry,1535,5026.5167
chemistry,1536,5026.3106
chemistry,1537,5026.165075
chemistry,1538,5026.00695
chemistry,1539,5025.80285
chemistry,1540,5025.644525
chemistry,1541,5025.45
chemistry,1542,5025.308075
chemistry,1543,5025.211075
chemistry,1544,5025.0004
chemistry,1545,5024.889975
chemistry,1546,5024.6934
chemistry,1547,5024.650125
chemistry,1548,5024.544125
chemistry,1549,5024.44775
chemistry,1550,5024.4373749999995
chemistry,1551,5024.43325
chemistry,1552,5024.42235
chemistry,1553,5024.141
chemistry,1554,5024.111225000001
chemistry,1555,5023.900275
chemistry,1556,5023.71105
chemistry,1557,5023.54575
chemistry,1558,5023.438875
chemistry,1559,5023.401925
chemistry,1560,5023.2206
chemistry,1561,5022.8659
chemistry,1562,5022.487499999999
chemistry,1563,5022.4625
chemistry,1564,5022.4457
chemistry,1565,5022.367725
chemistry,1566,5022.249325
chemistry,1567,5022.199825
chemistry,1568,5022.117075
chemistry,1569,5021.6443
chemistry,1570,5021.53645
chemistry,1571,5021.4334
chemistry,1572,5021.258575
chemistry,1573,5021.22845
chemistry,1574,5021.0930499999995
chemistry,1575,5020.899925
chemistry,1576,5020.841675
chemistry,1577,5020.6471249999995
chemistry,1578,5020.093
chemistry,1579,5019.924925
chemistry,1580,5019.544625
chemistry,1581,5019.53525
chemistry,1582,5019.45705
chemistry,1583,5019.344
chemistry,1584,5019.22215
chemistry,1585,5018.8501750000005
chemistry,1586,5018.817625
chemistry,1587,5018.59425
chemistry,1588,5018.39355
chemistry,1589,5018.0751
chemistry,1590,5018.069
chemistry,1591,5018.02285
chemistry,1592,5017.5001
chemistry,1593,5017.4305
chemistry,1594,5017.288925
chemistry,1595,5017.107550000001
chemistry,1596,5016.97925
chemistry,1597,5016.793699999999
chemistry,1598,5016.4668249999995
chemistry,1599,5016.044925
chemistry,1600,5015.834775
chemistry,1601,5015.689
chemistry,1602,5014.830325
chemistry,1603,5014.769625
chemistry,1604,5014.6
chemistry,1605,5014.466575
chemistry,1606,5014.258325
chemistry,1607,5014.06665
chemistry,1608,5014.0306
chemistry,1609,5014.020825
chemistry,1610,5013.98125
chemistry,1611,5013.856175
chemistry,1612,5013.856175
chemistry,1613,5013.856175
chemistry,1614,5013.856175
chemistry,1615,5013.856175
chemistry,1616,5013.856175
chemistry,1617,5013.856175
chemistry,1618,5013.856175
chemistry,1619,5013.856175
chemistry,1620,5013.856175
chemistry,1621,5013.856175
chemistry,1622,5013.856175
chemistry,1623,5013.856175
chemistry,1624,5013.856175
chemistry,1625,5013.856175
chemistry,1626,5013.856175
chemistry,1627,5013.856175
chemistry,1628,5013.856175
chemistry,1629,5013.856175
chemistry,1630,5013.856175
chemistry,1631,5013.856175
chemistry,1632,5013.856175
chemistry,1633,5013.856175
chemistry,1634,5013.856175
chemistry,1635,5013.856175
chemistry,1636,5013.856175
chemistry,1637,5013.856175
chemistry,1638,5013.856175
chemistry,1639,5013.856175
chemistry,1640,5013.856175
chemistry,1641,5013.856175
chemistry,1642,5013.856175
chemistry,1643,5013.856175
chemistry,1644,5013.856175
chemistry,1645,5013.856175
chemistry,1646,5013.856175
chemistry,1647,5013.856175
chemistry,1648,5013.856175
chemistry,1649,5013.856175
chemistry,1650,5013.856175
chemistry,1651,5013.856175
chemistry,1652,5013.856175
chemistry,1653,5013.856175
chemistry,1654,5013.856175
chemistry,1655,5013.856175
chemistry,1656,5013.856175
chemistry,1657,5013.856175
chemistry,1658,5013.856175
chemistry,1659,5013.856175
chemistry,1660,5013.856175
chemistry,1661,5013.856175
chemistry,1662,5013.856175
chemistry,1663,5013.856175
chemistry,1664,5013.856175
chemistry,1665,5013.856175
chemistry,1666,5013.856175
chemistry,1667,5013.856175
chemistry,1668,5013.856175
chemistry,1669,5013.856175
chemistry,1670,5013.856175
chemistry,1671,5013.856175
chemistry,1672,5013.856175
chemistry,1673,5013.856175
chemistry,1674,5013.856175
chemistry,1675,5013.856175
chemistry,1676,5013.856175
chemistry,1677,5013.856175
chemistry,1678,5013.856175
chemistry,1679,5013.856175
chemistry,1680,5013.856175
chemistry,1681,5013.856175
chemistry,1682,5013.856175
chemistry,1683,5013.856175
chemistry,1684,5013.856175
chemistry,1685,5013.856175
chemistry,1686,5013.856175
chemistry,1687,5013.856175
chemistry,1688,5013.856175
chemistry,1689,5013.856175
chemistry,1690,5013.856175
chemistry,1691,5013.856175
chemistry,1692,5013.856175
chemistry,1693,5013.856175
chemistry,1694,5013.856175
chemistry,1695,5013.856175
chemistry,1696,5013.856175
chemistry,1697,5013.856175
chemistry,1698,5013.856175
chemistry,1699,5013.856175
chemistry,1700,5013.856175
chemistry,1701,5013.856175
chemistry,1702,5013.856175
chemistry,1703,5013.856175
chemistry,1704,5013.856175
chemistry,1705,5013.856175
chemistry,1706,5013.856175
chemistry,1707,5013.856175
chemistry,1708,5013.856175
chemistry,1709,5013.856175
chemistry,1710,5013.856175
chemistry,1711,5013.856175
chemistry,1712,5013.856175
chemistry,1713,5013.856175
chemistry,1714,5013.856175
chemistry,1715,5013.856175
chemistry,1716,5013.856175
chemistry,1717,5013.856175
chemistry,1718,5013.856175
chemistry,1719,5013.856175
chemistry,1720,5013.856175
chemistry,1721,5013.856175
chemistry,1722,5013.856175
chemistry,1723,5013.856175
chemistry,1724,5013.856175
chemistry,1725,5013.856175
chemistry,1726,5013.856175
chemistry,1727,5013.856175
chemistry,1728,5013.856175
chemistry,1729,5013.856175
chemistry,1730,5013.856175
chemistry,1731,5013.856175
chemistry,1732,5013.856175
chemistry,1733,5013.856175
chemistry,1734,5013.856175
chemistry,1735,5013.856175
chemistry,1736,5013.856175
chemistry,1737,5013.856175
chemistry,1738,5013.856175
chemistry,1739,5013.856175
chemistry,1740,5013.856175
chemistry,1741,5013.856175
chemistry,1742,5013.856175
chemistry,1743,5013.856175
chemistry,1744,5013.856175
chemistry,1745,5013.856175
chemistry,1746,5013.856175
chemistry,1747,5013.856175
chemistry,1748,5013.856175
chemistry,1749,5013.856175
chemistry,1750,5013.856175
chemistry,1751,5013.856175
chemistry,1752,5013.856175
chemistry,1753,5013.856175
chemistry,1754,5013.856175
chemistry,1755,5013.856175
chemistry,1756,5013.856175
chemistry,1757,5013.856175
chemistry,1758,5013.856175
chemistry,1759,5013.856175
chemistry,1760,5013.856175
chemistry,1761,5013.856175
chemistry,1762,5013.856175
chemistry,1763,5013.856175
chemistry,1764,5013.856175
chemistry,1765,5013.856175
chemistry,1766,5013.856175
chemistry,1767,5013.856175
chemistry,1768,5013.856175
chemistry,1769,5013.856175
chemistry,1770,5013.856175
chemistry,1771,5013.856175
chemistry,1772,5013.856175
chemistry,1773,5013.856175
chemistry,1774,5013.856175
chemistry,1775,5013.856175
chemistry,1776,5013.856175
chemistry,1777,5013.856175
chemistry,1778,5013.856175
chemistry,1779,5013.856175
chemistry,1780,5013.856175
chemistry,1781,5013.856175
chemistry,1782,5013.856175
chemistry,1783,5013.856175
chemistry,1784,5013.856175
chemistry,1785,5013.856175
chemistry,1786,5013.856175
chemistry,1787,5013.856175
chemistry,1788,5013.856175
chemistry,1789,5013.856175
chemistry,1790,5013.856175
chemistry,1791,5013.856175
chemistry,1792,5013.856175
chemistry,1793,5013.856175
chemistry,1794,5013.856175
chemistry,1795,5013.856175
chemistry,1796,5013.856175
chemistry,1797,5013.856175
chemistry,1798,5013.856175
chemistry,1799,5013.856175
chemistry,1800,5013.856175
chemistry,1801,5013.856175
chemistry,1802,5013.856175
chemistry,1803,5013.856175
chemistry,1804,5013.856175
chemistry,1805,5013.856175
chemistry,1806,5013.856175
chemistry,1807,5013.856175
chemistry,1808,5013.856175
chemistry,1809,5013.856175
chemistry,1810,5013.856175
chemistry,1811,5013.856175
chemistry,1812,5013.856175
chemistry,1813,5013.856175
chemistry,1814,5013.856175
chemistry,1815,5013.856175
chemistry,1816,5013.856175
chemistry,1817,5013.856175
chemistry,1818,5013.856175
chemistry,1819,5013.856175
chemistry,1820,5013.856175
chemistry,1821,5013.856175
chemistry,1822,5013.856175
chemistry,1823,5013.856175
chemistry,1824,5013.856175
chemistry,1825,5013.856175
chemistry,1826,5013.856175
chemistry,1827,5013.856175
chemistry,1828,5013.856175
chemistry,1829,5013.856175
chemistry,1830,5013.856175
chemistry,1831,5013.856175
chemistry,1832,5013.856175
chemistry,1833,5013.856175
chemistry,1834,5013.856175
chemistry,1835,5013.856175
chemistry,1836,5013.856175
chemistry,1837,5013.856175
chemistry,1838,5013.856175
chemistry,1839,5013.856175
chemistry,1840,5013.856175
chemistry,1841,5013.856175
chemistry,1842,5013.856175
chemistry,1843,5013.856175
chemistry,1844,5013.856175
chemistry,1845,5013.856175
chemistry,1846,5013.856175
chemistry,1847,5013.856175
chemistry,1848,5013.856175
chemistry,1849,5013.856175
chemistry,1850,5013.856175
chemistry,1851,5013.856175
chemistry,1852,5013.856175
chemistry,1853,5013.856175
chemistry,1854,5013.856175
chemistry,1855,5013.856175
chemistry,1856,5013.856175
chemistry,1857,5013.856175
chemistry,1858,5013.856175
chemistry,1859,5013.856175
chemistry,1860,5013.856175
chemistry,1861,5013.856175
chemistry,1862,5013.856175
chemistry,1863,5013.856175
chemistry,1864,5013.856175
chemistry,1865,5013.856175
chemistry,1866,5013.856175
chemistry,1867,5013.856175
chemistry,1868,5013.856175
chemistry,1869,5013.856175
chemistry,1870,5013.856175
chemistry,1871,5013.856175
chemistry,1872,5013.856175
chemistry,1873,5013.856175
chemistry,1874,5013.856175
chemistry,1875,5013.856175
chemistry,1876,5013.856175
chemistry,1877,5013.856175
chemistry,1878,5013.856175
chemistry,1879,5013.856175
chemistry,1880,5013.856175
chemistry,1881,5013.856175
chemistry,1882,5013.856175
chemistry,1883,5013.856175
chemistry,1884,5013.856175
chemistry,1885,5013.856175
chemistry,1886,5013.856175
chemistry,1887,5013.856175
chemistry,1888,5013.856175
chemistry,1889,5013.856175
chemistry,1890,5013.856175
chemistry,1891,5013.856175
chemistry,1892,5013.856175
chemistry,1893,5013.856175
chemistry,1894,5013.856175
chemistry,1895,5013.856175
chemistry,1896,5013.856175
chemistry,1897,5013.856175
chemistry,1898,5013.856175
chemistry,1899,5013.856175
chemistry,1900,5013.856175
chemistry,1901,5013.856175
chemistry,1902,5013.856175
chemistry,1903,5013.856175
chemistry,1904,5013.856175
chemistry,1905,5013.856175
chemistry,1906,5013.856175
chemistry,1907,5013.856175
chemistry,1908,5013.856175
chemistry,1909,5013.856175
chemistry,1910,5013.856175
chemistry,1911,5013.856175
chemistry,1912,5013.856175
chemistry,1913,5013.856175
chemistry,1914,5013.856175
chemistry,1915,5013.856175
chemistry,1916,5013.856175
chemistry,1917,5013.856175
chemistry,1918,5013.856175
chemistry,1919,5013.856175
chemistry,1920,5013.856175
chemistry,1921,5013.856175
chemistry,1922,5013.856175
chemistry,1923,5013.856175
chemistry,1924,5013.856175
chemistry,1925,5013.856175
chemistry,1926,5013.856175
chemistry,1927,5013.856175
chemistry,1928,5013.856175
chemistry,1929,5013.856175
chemistry,1930,5013.856175
chemistry,1931,5013.856175
chemistry,1932,5013.856175
chemistry,1933,5013.856175
chemistry,1934,5013.856175
chemistry,1935,5013.856175
chemistry,1936,5013.856175
chemistry,1937,5013.856175
chemistry,1938,5013.856175
chemistry,1939,5013.856175
chemistry,1940,5013.856175
chemistry,1941,5013.856175
chemistry,1942,5013.856175
chemistry,1943,5013.856175
chemistry,1944,5013.856175
chemistry,1945,5013.856175
chemistry,1946,5013.856175
chemistry,1947,5013.856175
chemistry,1948,5013.856175
chemistry,1949,5013.856175
chemistry,1950,5013.856175
chemistry,1951,5013.856175
chemistry,1952,5013.856175
chemistry,1953,5013.856175
chemistry,1954,5013.856175
chemistry,1955,5013.856175
chemistry,1956,5013.856175
chemistry,1957,5013.856175
chemistry,1958,5013.856175
chemistry,1959,5013.856175
chemistry,1960,5013.856175
chemistry,1961,5013.856175
chemistry,1962,5013.856175
chemistry,1963,5013.856175
chemistry,1964,5013.856175
chemistry,1965,5013.856175
chemistry,1966,5013.856175
chemistry,1967,5013.856175
chemistry,1968,5013.856175
chemistry,1969,5013.856175
chemistry,1970,5013.856175
chemistry,1971,5013.856175
chemistry,1972,5013.856175
chemistry,1973,5013.856175
chemistry,1974,5013.856175
chemistry,1975,5013.856175
chemistry,1976,5013.856175
chemistry,1977,5013.856175
chemistry,1978,5013.856175
chemistry,1979,5013.856175
chemistry,1980,5013.856175
chemistry,1981,5013.856175
chemistry,1982,5013.856175
chemistry,1983,5013.856175
chemistry,1984,5013.856175
chemistry,1985,5013.856175
chemistry,1986,5013.856175
chemistry,1987,5013.856175
chemistry,1988,5013.856175
chemistry,1989,5013.856175
chemistry,1990,5013.856175
chemistry,1991,5013.856175
chemistry,1992,5013.856175
chemistry,1993,5013.856175
chemistry,1994,5013.856175
chemistry,1995,5013.856175
chemistry,1996,5013.856175
chemistry,1997,5013.856175
chemistry,1998,5013.856175
chemistry,1999,5013.856175
chemistry,2000,5013.856175
chemistry,2001,5013.856175
chemistry,2002,5013.856175
chemistry,2003,5013.856175
chemistry,2004,5013.856175
chemistry,2005,5013.856175
chemistry,2006,5013.856175
chemistry,2007,5013.856175
chemistry,2008,5013.856175
chemistry,2009,5013.856175
chemistry,2010,5013.856175
chemistry,2011,5013.856175
chemistry,2012,5013.856175
chemistry,2013,5013.856175
chemistry,2014,5013.856175
chemistry,2015,5013.856175
chemistry,2016,5013.856175
chemistry,2017,5013.856175
chemistry,2018,5013.856175
chemistry,2019,5013.856175
chemistry,2020,5013.856175
chemistry,2021,5013.856175
chemistry,2022,5013.856175
chemistry,2023,5013.856175
chemistry,2024,5013.856175
chemistry,2025,5013.856175
chemistry,2026,5013.856175
chemistry,2027,5013.856175
chemistry,2028,5013.856175
chemistry,2029,5013.856175
chemistry,2030,5013.856175
chemistry,2031,5013.856175
chemistry,2032,5013.856175
chemistry,2033,5013.856175
chemistry,2034,5013.856175
chemistry,2035,5013.856175
chemistry,2036,5013.856175
chemistry,2037,5013.856175
chemistry,2038,5013.856175
chemistry,2039,5013.856175
chemistry,2040,5013.856175
chemistry,2041,5013.856175
chemistry,2042,5013.856175
chemistry,2043,5013.856175
chemistry,2044,5013.856175
chemistry,2045,5013.856175
chemistry,2046,5013.856175
chemistry,2047,5013.856175
chemistry,2048,5013.856175
chemistry,2049,5013.856175
chemistry,2050,5013.856175
chemistry,2051,5013.856175
chemistry,2052,5013.856175
chemistry,2053,5013.856175
chemistry,2054,5013.856175
chemistry,2055,5013.856175
chemistry,2056,5013.856175
chemistry,2057,5013.856175
chemistry,2058,5013.856175
chemistry,2059,5013.856175
chemistry,2060,5013.856175
chemistry,2061,5013.856175
chemistry,2062,5013.856175
chemistry,2063,5013.856175
chemistry,2064,5013.856175
chemistry,2065,5013.856175
chemistry,2066,5013.856175
chemistry,2067,5013.856175
chemistry,2068,5013.856175
chemistry,2069,5013.856175
chemistry,2070,5013.856175
chemistry,2071,5013.856175
chemistry,2072,5013.856175
chemistry,2073,5013.856175
chemistry,2074,5013.856175
chemistry,2075,5013.839150000001
chemistry,2076,5013.419875
chemistry,2077,5013.406075
chemistry,2078,5013.092075
chemistry,2079,5012.7454
chemistry,2080,5012.4387750000005
chemistry,2081,5012.396075
chemistry,2082,5012.2314750000005
chemistry,2083,5012.038275000001
chemistry,2084,5011.832225
chemistry,2085,5011.024125
chemistry,2086,5010.721425
chemistry,2087,5010.69165
chemistry,2088,5010.137375
chemistry,2089,5010.1269999999995
chemistry,2090,5009.981175
chemistry,2091,5009.87225
chemistry,2092,5009.80815
chemistry,2093,5009.788925
chemistry,2094,5009.779825
chemistry,2095,5009.61455
chemistry,2096,5009.511675
chemistry,2097,5009.46225
chemistry,2098,5009.3877999999995
chemistry,2099,5009.3728
chemistry,2100,5009.362675
chemistry,2101,5009.0966
chemistry,2102,5009.0915749999995
chemistry,2103,5008.9576
chemistry,2104,5008.7935
chemistry,2105,5008.697475
chemistry,2106,5008.431175
chemistry,2107,5008.090999999999
chemistry,2108,5008.011799999999
chemistry,2109,5007.9465
chemistry,2110,5007.82275
chemistry,2111,5007.4009
chemistry,2112,5007.025
chemistry,2113,5006.956075
chemistry,2114,5006.948625
chemistry,2115,5006.8667
chemistry,2116,5006.661050000001
chemistry,2117,5006.65
chemistry,2118,5006.43325
chemistry,2119,5006.408425
chemistry,2120,5006.252025
chemistry,2121,5006.165
chemistry,2122,5006.099925
chemistry,2123,5005.847675
chemistry,2124,5005.8228
chemistry,2125,5005.74925
chemistry,2126,5005.631275
chemistry,2127,5005.224925
chemistry,2128,5005.189475
chemistry,2129,5004.99595
chemistry,2130,5004.94515
chemistry,2131,5004.804325
chemistry,2132,5004.775
chemistry,2133,5004.57785
chemistry,2134,5004.54525
chemistry,2135,5004.129575
chemistry,2136,5004.011675
chemistry,2137,5003.988225
chemistry,2138,5003.8375
chemistry,2139,5003.420174999999
chemistry,2140,5002.806224999999
chemistry,2141,5002.50875
chemistry,2142,5002.234275
chemistry,2143,5001.941725000001
chemistry,2144,5001.723175
chemistry,2145,5001.629925
chemistry,2146,5001.554225
chemistry,2147,5001.363125
chemistry,2148,5001.131325
chemistry,2149,5000.926275
chemistry,2150,5000.922675
chemistry,2151,5000.8331
chemistry,2152,5000.808225
chemistry,2153,5000.689525
chemistry,2154,5000.0783249999995
chemistry,2155,5000.039425
chemistry,2156,4999.611575
chemistry,2157,4999.5979
chemistry,2158,4999.322825
chemistry,2159,4999.30635
chemistry,2160,4999.239474999999
chemistry,2161,4999.156175
chemistry,2162,4998.689325
chemistry,2163,4998.625
chemistry,2164,4998.577174999999
chemistry,2165,4998.4437
chemistry,2166,4998.36885
chemistry,2167,4998.0244250000005
chemistry,2168,4997.886725
chemistry,2169,4997.88365
chemistry,2170,4997.8799495
chemistry,2171,4997.80045
chemistry,2172,4997.5228
chemistry,2173,4997.264425
chemistry,2174,4997.2330249999995
chemistry,2175,4997.22555
chemistry,2176,4997.054499999999
chemistry,2177,4996.91745
chemistry,2178,4996.7707
chemistry,2179,4996.6726
chemistry,2180,4996.637825
chemistry,2181,4996.635175
chemistry,2182,4996.617275
chemistry,2183,4996.553175
chemistry,2184,4996.2452
chemistry,2185,4995.804
chemistry,2186,4995.767124999999
chemistry,2187,4994.772825
chemistry,2188,4994.529175
chemistry,2189,4994.456175
chemistry,2190,4994.4513
chemistry,2191,4994.296525
chemistry,2192,4994.138975
chemistry,2193,4993.78
chemistry,2194,4993.5043000000005
chemistry,2195,4993.297525
chemistry,2196,4992.505075
chemistry,2197,4992.16735
chemistry,2198,4992.017275
chemistry,2199,4991.8006749999995
chemistry,2200,4991.716675
chemistry,2201,4991.7095
chemistry,2202,4991.6383
chemistry,2203,4991.1809
chemistry,2204,4991.022175
chemistry,2205,4990.97285
chemistry,2206,4990.77125
chemistry,2207,4990.424675
chemistry,2208,4990.406024999999
chemistry,2209,4990.3831
chemistry,2210,4990.334225
chemistry,2211,4990.26235
chemistry,2212,4989.893825
chemistry,2213,4989.79565
chemistry,2214,4989.768575
chemistry,2215,4989.555475
chemistry,2216,4989.522274999999
chemistry,2217,4989.293675
chemistry,2218,4989.291375
chemistry,2219,4989.133675
chemistry,2220,4989.037975
chemistry,2221,4988.851575
chemistry,2222,4988.743625
chemistry,2223,4988.6925
chemistry,2224,4988.631125
chemistry,2225,4988.581175
chemistry,2226,4988.44455
chemistry,2227,4988.37855
chemistry,2228,4988.366625
chemistry,2229,4988.26635
chemistry,2230,4988.225075
chemistry,2231,4987.936075
chemistry,2232,4987.6562
chemistry,2233,4987.599175
chemistry,2234,4987.5575499999995
chemistry,2235,4987.522775
chemistry,2236,4987.2793249999995
chemistry,2237,4987.26675
chemistry,2238,4986.947174999999
chemistry,2239,4986.5529
chemistry,2240,4986.42215
chemistry,2241,4986.3875
chemistry,2242,4986.3665
chemistry,2243,4986.256249999999
chemistry,2244,4986.236975
chemistry,2245,4986.039425
chemistry,2246,4985.8327500000005
chemistry,2247,4985.4797499999995
chemistry,2248,4985.0664
chemistry,2249,4985.04385
chemistry,2250,4984.983025
chemistry,2251,4984.8561
chemistry,2252,4984.789524999999
chemistry,2253,4984.749325
chemistry,2254,4984.719125
chemistry,2255,4984.698025
chemistry,2256,4984.54375
chemistry,2257,4984.408399999999
chemistry,2258,4984.27855
chemistry,2259,4983.8811749999995
chemistry,2260,4983.866674999999
chemistry,2261,4983.1895
chemistry,2262,4982.533425
chemistry,2263,4982.481175
chemistry,2264,4982.452425
chemistry,2265,4982.45
chemistry,2266,4982.384425
chemistry,2267,4982.3333
chemistry,2268,4981.556325
chemistry,2269,4981.439375
chemistry,2270,4981.437675
chemistry,2271,4981.334
chemistry,2272,4981.24525
chemistry,2273,4981.21425
chemistry,2274,4981.09385
chemistry,2275,4980.794975
chemistry,2276,4980.367275
chemistry,2277,4980.36045
chemistry,2278,4980.27355
chemistry,2279,4980.0134
chemistry,2280,4979.679225
chemistry,2281,4979.607675
chemistry,2282,4979.5382
chemistry,2283,4979.2354
chemistry,2284,4979.231175
chemistry,2285,4979.211625
chemistry,2286,4979.1758
chemistry,2287,4978.87295
chemistry,2288,4978.61305
chemistry,2289,4978.5202
chemistry,2290,4978.505574999999
chemistry,2291,4978.4811500000005
chemistry,2292,4978.33635
chemistry,2293,4978.06985
chemistry,2294,4977.878925
chemistry,2295,4977.1330499999995
chemistry,2296,4976.931275
chemistry,2297,4976.8429
chemistry,2298,4976.817174999999
chemistry,2299,4976.668549999999
chemistry,2300,4976.550075
chemistry,2301,4976.531425
chemistry,2302,4976.4671
chemistry,2303,4976.451425
chemistry,2304,4976.312275
chemistry,2305,4976.239375
chemistry,2306,4976.21665
chemistry,2307,4976.161675
chemistry,2308,4975.438325
chemistry,2309,4975.227124999999
chemistry,2310,4975.177225
chemistry,2311,4975.171525
chemistry,2312,4974.762975
chemistry,2313,4974.720425
chemistry,2314,4974.672825000001
chemistry,2315,4974.473
chemistry,2316,4974.308325
chemistry,2317,4974.288325
chemistry,2318,4974.16425
chemistry,2319,4973.9352
chemistry,2320,4973.76745
chemistry,2321,4973.52125
chemistry,2322,4973.4393
chemistry,2323,4972.525425
chemistry,2324,4972.410525
chemistry,2325,4972.299849999999
chemistry,2326,4972.26425
chemistry,2327,4972.0061
chemistry,2328,4972.00175
chemistry,2329,4971.989
chemistry,2330,4971.757925
chemistry,2331,4971.656325
chemistry,2332,4971.594925
chemistry,2333,4971.556175
chemistry,2334,4971.553425
chemistry,2335,4971.32285
chemistry,2336,4971.28725
chemistry,2337,4971.1798
chemistry,2338,4971.0962
chemistry,2339,4971.050125
chemistry,2340,4970.914325000001
chemistry,2341,4970.799875
chemistry,2342,4970.766025
chemistry,2343,4969.7895
chemistry,2344,4969.640075
chemistry,2345,4969.3832
chemistry,2346,4969.3811749999995
chemistry,2347,4969.331175
chemistry,2348,4969.3186
chemistry,2349,4969.000675
chemistry,2350,4968.98125
chemistry,2351,4968.84385
chemistry,2352,4968.541
chemistry,2353,4968.505175
chemistry,2354,4968.434025
chemistry,2355,4968.267225
chemistry,2356,4968.188375
chemistry,2357,4968.150549999999
chemistry,2358,4968.040225
chemistry,2359,4967.968675
chemistry,2360,4967.6585
chemistry,2361,4967.613325
chemistry,2362,4967.51595
chemistry,2363,4967.2994499999995
chemistry,2364,4967.244325
chemistry,2365,4967.095775
chemistry,2366,4966.7484
chemistry,2367,4966.6624
chemistry,2368,4966.514425
chemistry,2369,4966.411925
chemistry,2370,4966.05495
chemistry,2371,4965.681125
chemistry,2372,4965.5695
chemistry,2373,4965.564425
chemistry,2374,4965.2477499999995
chemistry,2375,4965.2173
chemistry,2376,4965.0646
chemistry,2377,4964.8118
chemistry,2378,4964.517525
chemistry,2379,4964.4708
chemistry,2380,4964.436675
chemistry,2381,4964.317
chemistry,2382,4964.168175
chemistry,2383,4964.00635
chemistry,2384,4963.78045
chemistry,2385,4963.673
chemistry,2386,4963.2645
chemistry,2387,4963.189425
chemistry,2388,4962.931175
chemistry,2389,4962.456025
chemistry,2390,4962.2420999999995
chemistry,2391,4962.156275
chemistry,2392,4962.1441
chemistry,2393,4962.0476499999995
chemistry,2394,4961.750435666667
chemistry,2395,4961.5145
chemistry,2396,4961.411625
chemistry,2397,4961.326575
chemistry,2398,4960.9974999999995
chemistry,2399,4960.583425
chemistry,2400,4960.1197999999995
chemistry,2401,4960.014424999999
chemistry,2402,4960.012375
chemistry,2403,4960.01005
chemistry,2404,4959.711
chemistry,2405,4959.506125
chemistry,2406,4958.814325
chemistry,2407,4958.781125
chemistry,2408,4958.743675
chemistry,2409,4958.331175
chemistry,2410,4958.12285
chemistry,2411,4958.095625
chemistry,2412,4958.0881
chemistry,2413,4957.9291
chemistry,2414,4957.8771
chemistry,2415,4957.791425
chemistry,2416,4957.7429999999995
chemistry,2417,4957.678475
chemistry,2418,4957.2
chemistry,2419,4957.139525
chemistry,2420,4957.05005
chemistry,2421,4956.962750000001
chemistry,2422,4956.9394999999995
chemistry,2423,4956.76855
chemistry,2424,4956.708949999999
chemistry,2425,4956.70065
chemistry,2426,4956.645750000001
chemistry,2427,4956.622775
chemistry,2428,4956.5239249999995
chemistry,2429,4956.197875
chemistry,2430,4956.148499999999
chemistry,2431,4956.07785
chemistry,2432,4956.0714
chemistry,2433,4956.049174999999
chemistry,2434,4955.9904
chemistry,2435,4955.96725
chemistry,2436,4955.691575
chemistry,2437,4955.3895
chemistry,2438,4955.2270499999995
chemistry,2439,4955.131075
chemistry,2440,4954.9896
chemistry,2441,4954.906175
chemistry,2442,4954.127475
chemistry,2443,4954.093525
chemistry,2444,4954.0473
chemistry,2445,4954.04235
chemistry,2446,4954.011675
chemistry,2447,4953.9618
chemistry,2448,4953.856325
chemistry,2449,4953.8249749999995
chemistry,2450,4953.656175
chemistry,2451,4953.6174
chemistry,2452,4953.5625
chemistry,2453,4953.475
chemistry,2454,4953.210725
chemistry,2455,4953.11585
chemistry,2456,4953.0767749999995
chemistry,2457,4952.976825000001
chemistry,2458,4952.9549
chemistry,2459,4952.90075
chemistry,2460,4952.879825
chemistry,2461,4952.842425
chemistry,2462,4952.711075
chemistry,2463,4952.46155
chemistry,2464,4952.357325
chemistry,2465,4952.337175
chemistry,2466,4952.277025
chemistry,2467,4952.197999999999
chemistry,2468,4952.02335
chemistry,2469,4951.744549999999
chemistry,2470,4951.743775
chemistry,2471,4951.73395
chemistry,2472,4951.550424999999
chemistry,2473,4951.183275
chemistry,2474,4951.1317
chemistry,2475,4951.0668000000005
chemistry,2476,4950.9340999999995
chemistry,2477,4950.322775
chemistry,2478,4950.089675
chemistry,2479,4950.0
chemistry,2480,4949.999325
chemistry,2481,4949.752925
chemistry,2482,4949.73375
chemistry,2483,4949.70425
chemistry,2484,4949.597675
chemistry,2485,4949.2063
chemistry,2486,4948.911
chemistry,2487,4948.9
chemistry,2488,4948.87
chemistry,2489,4948.822
chemistry,2490,4948.6618
chemistry,2491,4948.518675
chemistry,2492,4948.257575
chemistry,2493,4948.076425
chemistry,2494,4948.063
chemistry,2495,4947.975175
chemistry,2496,4947.875575
chemistry,2497,4947.8105749999995
chemistry,2498,4947.746375
chemistry,2499,4947.401925
chemistry,2500,4947.34985
chemistry,2501,4947.25605
chemistry,2502,4947.2525749999995
chemistry,2503,4946.957425
chemistry,2504,4946.939574999999
chemistry,2505,4946.8728249999995
chemistry,2506,4946.781075
chemistry,2507,4946.4911
chemistry,2508,4946.433375
chemistry,2509,4945.95125
chemistry,2510,4945.7979
chemistry,2511,4945.76035
chemistry,2512,4945.557525
chemistry,2513,4945.4782749999995
chemistry,2514,4945.471425000001
chemistry,2515,4945.359149999999
chemistry,2516,4945.312774999999
chemistry,2517,4945.075
chemistry,2518,4945.034575
chemistry,2519,4945.0127250000005
chemistry,2520,4944.455075
chemistry,2521,4944.445575
chemistry,2522,4944.256249999999
chemistry,2523,4944.061975
chemistry,2524,4943.927175
chemistry,2525,4943.811875
chemistry,2526,4943.6289
chemistry,2527,4943.227525
chemistry,2528,4943.211875
chemistry,2529,4943.137425
chemistry,2530,4942.999925
chemistry,2531,4942.861075
chemistry,2532,4942.7866
chemistry,2533,4942.674925
chemistry,2534,4942.50765
chemistry,2535,4942.41245
chemistry,2536,4942.3745
chemistry,2537,4942.2182
chemistry,2538,4942.056175
chemistry,2539,4942.044175
chemistry,2540,4941.9031749999995
chemistry,2541,4941.8
chemistry,2542,4941.697999999999
chemistry,2543,4941.67645
chemistry,2544,4941.656125
chemistry,2545,4941.62225
chemistry,2546,4941.487575
chemistry,2547,4941.446625
chemistry,2548,4941.349424999999
chemistry,2549,4941.344975
chemistry,2550,4941.313875
chemistry,2551,4941.2146
chemistry,2552,4941.0167249999995
chemistry,2553,4940.758475
chemistry,2554,4940.746738583333
chemistry,2555,4940.70525
chemistry,2556,4940.571875000001
chemistry,2557,4939.8791
chemistry,2558,4939.8229
chemistry,2559,4939.371325
chemistry,2560,4939.275699999999
chemistry,2561,4939.223075
chemistry,2562,4939.117475
chemistry,2563,4938.722075
chemistry,2564,4938.610325
chemistry,2565,4938.041899999999
chemistry,2566,4937.8551
chemistry,2567,4937.852124999999
chemistry,2568,4937.288825
chemistry,2569,4937.113
chemistry,2570,4936.938175
chemistry,2571,4936.878275
chemistry,2572,4936.710425
chemistry,2573,4936.041
chemistry,2574,4935.97005
chemistry,2575,4935.9668
chemistry,2576,4935.8458
chemistry,2577,4935.831075
chemistry,2578,4935.800175
chemistry,2579,4935.7019
chemistry,2580,4935.54515
chemistry,2581,4935.4312
chemistry,2582,4935.333925
chemistry,2583,4934.87415
chemistry,2584,4934.81165
chemistry,2585,4934.7561749999995
chemistry,2586,4934.33125
chemistry,2587,4934.104731416666
chemistry,2588,4934.0237
chemistry,2589,4933.989275
chemistry,2590,4933.8754
chemistry,2591,4933.8071
chemistry,2592,4933.327
chemistry,2593,4933.304175
chemistry,2594,4932.5751
chemistry,2595,4932.457574999999
chemistry,2596,4932.456375
chemistry,2597,4932.181175
chemistry,2598,4932.0936
chemistry,2599,4931.862
chemistry,2600,4931.782925
chemistry,2601,4931.6395
chemistry,2602,4931.4664250000005
chemistry,2603,4931.3542
chemistry,2604,4931.09625
chemistry,2605,4930.82265
chemistry,2606,4930.372325
chemistry,2607,4930.324025
chemistry,2608,4930.1896
chemistry,2609,4929.75895
chemistry,2610,4929.60005
chemistry,2611,4928.7979000000005
chemistry,2612,4928.773775
chemistry,2613,4927.767275
chemistry,2614,4927.735
chemistry,2615,4927.64795
chemistry,2616,4927.53835
chemistry,2617,4927.465999999999
chemistry,2618,4927.045175
chemistry,2619,4927.041675
chemistry,2620,4926.95525
chemistry,2621,4926.888775
chemistry,2622,4926.6799249999995
chemistry,2623,4926.5740749999995
chemistry,2624,4926.32005
chemistry,2625,4926.297625
chemistry,2626,4926.237349999999
chemistry,2627,4926.152349999999
chemistry,2628,4926.0244
chemistry,2629,4925.839675
chemistry,2630,4925.71075
chemistry,2631,4925.7089
chemistry,2632,4925.256125
chemistry,2633,4925.075
chemistry,2634,4924.95635
chemistry,2635,4924.437575
chemistry,2636,4924.139674999999
chemistry,2637,4923.9229000000005
chemistry,2638,4923.856175
chemistry,2639,4923.78305
chemistry,2640,4923.70495
chemistry,2641,4923.686575
chemistry,2642,4923.672125
chemistry,2643,4923.2756
chemistry,2644,4922.6936
chemistry,2645,4922.22835
chemistry,2646,4922.1263
chemistry,2647,4921.95475
chemistry,2648,4921.954175
chemistry,2649,4921.92435
chemistry,2650,4921.662325
chemistry,2651,4921.6021
chemistry,2652,4921.356124999999
chemistry,2653,4921.031175
chemistry,2654,4920.84495
chemistry,2655,4920.662475
chemistry,2656,4920.195199999999
chemistry,2657,4920.104025000001
chemistry,2658,4920.0
chemistry,2659,4920.0
chemistry,2660,4920.0
chemistry,2661,4920.0
chemistry,2662,4920.0
chemistry,2663,4920.0
chemistry,2664,4920.0
chemistry,2665,4920.0
chemistry,2666,4920.0
chemistry,2667,4920.0
chemistry,2668,4920.0
chemistry,2669,4920.0
chemistry,2670,4920.0
chemistry,2671,4920.0
chemistry,2672,4920.0
chemistry,2673,4920.0
chemistry,2674,4920.0
chemistry,2675,4920.0
chemistry,2676,4920.0
chemistry,2677,4920.0
chemistry,2678,4920.0
chemistry,2679,4920.0
chemistry,2680,4920.0
chemistry,2681,4920.0
chemistry,2682,4920.0
chemistry,2683,4920.0
chemistry,2684,4920.0
chemistry,2685,4920.0
chemistry,2686,4920.0
chemistry,2687,4920.0
chemistry,2688,4920.0
chemistry,2689,4920.0
chemistry,2690,4920.0
chemistry,2691,4920.0
chemistry,2692,4920.0
chemistry,2693,4920.0
chemistry,2694,4920.0
chemistry,2695,4920.0
chemistry,2696,4920.0
chemistry,2697,4920.0
chemistry,2698,4920.0
chemistry,2699,4920.0
chemistry,2700,4920.0
chemistry,2701,4920.0
chemistry,2702,4920.0
chemistry,2703,4920.0
chemistry,2704,4920.0
chemistry,2705,4920.0
chemistry,2706,4920.0
chemistry,2707,4920.0
chemistry,2708,4920.0
chemistry,2709,4920.0
chemistry,2710,4920.0
chemistry,2711,4920.0
chemistry,2712,4920.0
chemistry,2713,4920.0
chemistry,2714,4920.0
chemistry,2715,4920.0
chemistry,2716,4920.0
chemistry,2717,4920.0
chemistry,2718,4920.0
chemistry,2719,4920.0
chemistry,2720,4920.0
chemistry,2721,4920.0
chemistry,2722,4920.0
chemistry,2723,4920.0
chemistry,2724,4920.0
chemistry,2725,4920.0
chemistry,2726,4920.0
chemistry,2727,4919.9998749999995
chemistry,2728,4919.846624999999
chemistry,2729,4919.638175
chemistry,2730,4919.5229
chemistry,2731,4919.4902
chemistry,2732,4919.4457250000005
chemistry,2733,4919.38545
chemistry,2734,4919.381225
chemistry,2735,4919.110275
chemistry,2736,4919.0785
chemistry,2737,4918.779775
chemistry,2738,4918.561675
chemistry,2739,4918.463949999999
chemistry,2740,4918.325
chemistry,2741,4918.09785
chemistry,2742,4917.8105000000005
chemistry,2743,4917.693925
chemistry,2744,4917.662275
chemistry,2745,4917.614175
chemistry,2746,4917.5614749999995
chemistry,2747,4917.524925
chemistry,2748,4917.464625
chemistry,2749,4917.406425
chemistry,2750,4917.33275
chemistry,2751,4917.25015
chemistry,2752,4917.109575
chemistry,2753,4917.1044999999995
chemistry,2754,4917.05565
chemistry,2755,4916.943375
chemistry,2756,4916.767175
chemistry,2757,4916.489775
chemistry,2758,4916.449025
chemistry,2759,4916.4208499999995
chemistry,2760,4916.360525
chemistry,2761,4916.3562999999995
chemistry,2762,4916.251775
chemistry,2763,4916.2015
chemistry,2764,4916.1449999999995
chemistry,2765,4916.01735
chemistry,2766,4915.931125
chemistry,2767,4915.8563
chemistry,2768,4915.7116
chemistry,2769,4915.675
chemistry,2770,4915.590125
chemistry,2771,4915.441675
chemistry,2772,4915.42005
chemistry,2773,4915.375
chemistry,2774,4915.372875
chemistry,2775,4915.3451
chemistry,2776,4915.324275
chemistry,2777,4915.313225
chemistry,2778,4915.062475
chemistry,2779,4915.0041249999995
chemistry,2780,4914.956
chemistry,2781,4914.7019
chemistry,2782,4914.447625
chemistry,2783,4914.423775
chemistry,2784,4914.410575
chemistry,2785,4914.340999999999
chemistry,2786,4914.222925
chemistry,2787,4913.874925
chemistry,2788,4913.856175
chemistry,2789,4913.83525
chemistry,2790,4913.756361916667
chemistry,2791,4913.752175
chemistry,2792,4913.737
chemistry,2793,4913.57275
chemistry,2794,4913.5661
chemistry,2795,4913.372875
chemistry,2796,4913.211675
chemistry,2797,4913.2006
chemistry,2798,4913.172949999999
chemistry,2799,4913.16235
chemistry,2800,4912.9939
chemistry,2801,4912.887425
chemistry,2802,4912.854075
chemistry,2803,4912.589575
chemistry,2804,4912.156475
chemistry,2805,4912.1353
chemistry,2806,4911.989525
chemistry,2807,4911.878275
chemistry,2808,4911.867725
chemistry,2809,4911.749925
chemistry,2810,4911.589675
chemistry,2811,4911.5421
chemistry,2812,4911.4234
chemistry,2813,4911.0728
chemistry,2814,4910.99715
chemistry,2815,4910.98665
chemistry,2816,4910.9
chemistry,2817,4910.5689
chemistry,2818,4910.0561
chemistry,2819,4909.975075
chemistry,2820,4909.895375
chemistry,2821,4909.71735
chemistry,2822,4909.71115
chemistry,2823,4909.6001750000005
chemistry,2824,4909.549875000001
chemistry,2825,4909.518
chemistry,2826,4909.411125
chemistry,2827,4909.3409
chemistry,2828,4909.257725
chemistry,2829,4909.172925
chemistry,2830,4909.124949999999
chemistry,2831,4909.11885
chemistry,2832,4909.11035
chemistry,2833,4909.09775
chemistry,2834,4908.963325
chemistry,2835,4908.908875
chemistry,2836,4908.4436749999995
chemistry,2837,4908.31135
chemistry,2838,4908.225100000001
chemistry,2839,4908.0116499999995
chemistry,2840,4907.9397
chemistry,2841,4907.906325
chemistry,2842,4907.731075
chemistry,2843,4907.643575
chemistry,2844,4907.60405
chemistry,2845,4907.579250000001
chemistry,2846,4907.49395
chemistry,2847,4907.488275
chemistry,2848,4907.44455
chemistry,2849,4907.343675
chemistry,2850,4906.931374999999
chemistry,2851,4906.87295
chemistry,2852,4906.7339
chemistry,2853,4906.4756
chemistry,2854,4906.110250000001
chemistry,2855,4905.689
chemistry,2856,4905.672925
chemistry,2857,4905.586125
chemistry,2858,4905.477825
chemistry,2859,4905.47005
chemistry,2860,4905.455675
chemistry,2861,4905.44175
chemistry,2862,4905.2113
chemistry,2863,4905.0875750000005
chemistry,2864,4904.992925
chemistry,2865,4904.774975
chemistry,2866,4904.672874999999
chemistry,2867,4904.624925
chemistry,2868,4904.612775
chemistry,2869,4904.589175
chemistry,2870,4904.4726
chemistry,2871,4904.240675
chemistry,2872,4904.2063499999995
chemistry,2873,4904.1023000000005
chemistry,2874,4903.666825
chemistry,2875,4903.534125
chemistry,2876,4903.464525
chemistry,2877,4903.4458
chemistry,2878,4903.377925
chemistry,2879,4903.360425
chemistry,2880,4903.262675
chemistry,2881,4903.149175
chemistry,2882,4903.12575
chemistry,2883,4902.92855
chemistry,2884,4902.866999999999
chemistry,2885,4902.8250499999995
chemistry,2886,4902.500075
chemistry,2887,4901.951300000001
chemistry,2888,4901.900675
chemistry,2889,4901.82
chemistry,2890,4901.7424249999995
chemistry,2891,4901.63725
chemistry,2892,4901.522875
chemistry,2893,4901.4396750000005
chemistry,2894,4901.4218
chemistry,2895,4901.308875
chemistry,2896,4901.212125
chemistry,2897,4901.115825
chemistry,2898,4901.07695
chemistry,2899,4900.984225
chemistry,2900,4900.706075
chemistry,2901,4900.67775
chemistry,2902,4900.6685
chemistry,2903,4900.543675
chemistry,2904,4900.175
chemistry,2905,4900.124175
chemistry,2906,4900.122975
chemistry,2907,4899.40425
chemistry,2908,4899.39785
chemistry,2909,4899.2405
chemistry,2910,4898.9605249999995
chemistry,2911,4898.763775
chemistry,2912,4898.630825
chemistry,2913,4898.5603249999995
chemistry,2914,4898.4838500000005
chemistry,2915,4898.11385
chemistry,2916,4898.07255
chemistry,2917,4898.049524999999
chemistry,2918,4897.98975
chemistry,2919,4897.847875
chemistry,2920,4897.7116000000005
chemistry,2921,4897.37375
chemistry,2922,4897.153475
chemistry,2923,4897.102125
chemistry,2924,4896.96415
chemistry,2925,4896.875800000001
chemistry,2926,4896.681075
chemistry,2927,4896.624775
chemistry,2928,4896.577249999999
chemistry,2929,4896.223175
chemistry,2930,4896.2185
chemistry,2931,4895.816925
chemistry,2932,4895.794925
chemistry,2933,4895.72845
chemistry,2934,4895.53355
chemistry,2935,4895.519675
chemistry,2936,4895.36125
chemistry,2937,4895.183925
chemistry,2938,4894.98625
chemistry,2939,4894.891799999999
chemistry,2940,4894.79775
chemistry,2941,4894.794875
chemistry,2942,4894.600525
chemistry,2943,4894.290425
chemistry,2944,4894.175
chemistry,2945,4893.894399999999
chemistry,2946,4893.856175
chemistry,2947,4893.812475
chemistry,2948,4893.767525
chemistry,2949,4893.6545750000005
chemistry,2950,4893.567375
chemistry,2951,4893.42285
chemistry,2952,4893.378374999999
chemistry,2953,4893.256574999999
chemistry,2954,4893.1091
chemistry,2955,4892.972774999999
chemistry,2956,4892.6616
chemistry,2957,4892.62005
chemistry,2958,4892.5763
chemistry,2959,4892.47415
chemistry,2960,4892.356175
chemistry,2961,4892.348025
chemistry,2962,4892.1836
chemistry,2963,4892.100425
chemistry,2964,4892.093675
chemistry,2965,4891.9664999999995
chemistry,2966,4891.911075
chemistry,2967,4891.417275
chemistry,2968,4890.853475
chemistry,2969,4890.689
chemistry,2970,4890.416725
chemistry,2971,4890.389749999999
chemistry,2972,4890.117075
chemistry,2973,4889.915925
chemistry,2974,4889.87295
chemistry,2975,4889.700000000001
chemistry,2976,4889.50335
chemistry,2977,4889.2775249999995
chemistry,2978,4889.057674999999
chemistry,2979,4888.950075
chemistry,2980,4888.949875
chemistry,2981,4888.758925
chemistry,2982,4888.707675
chemistry,2983,4888.699799999999
chemistry,2984,4888.589475
chemistry,2985,4888.518525
chemistry,2986,4888.331175
chemistry,2987,4888.322824999999
chemistry,2988,4888.095075
chemistry,2989,4888.07205
chemistry,2990,4888.062575
chemistry,2991,4888.021375
chemistry,2992,4887.933824999999
chemistry,2993,4887.8533
chemistry,2994,4887.7561
chemistry,2995,4887.3258749999995
chemistry,2996,4887.25325
chemistry,2997,4887.018275
chemistry,2998,4886.97275
chemistry,2999,4886.874075
chemistry,3000,4886.766825
chemistry,3001,4886.460325
chemistry,3002,4886.196425
chemistry,3003,4886.191625
chemistry,3004,4886.1458999999995
chemistry,3005,4886.041
chemistry,3006,4886.01745
chemistry,3007,4885.93395
chemistry,3008,4885.8673499999995
chemistry,3009,4885.865375
chemistry,3010,4885.767575
chemistry,3011,4885.707074999999
chemistry,3012,4885.6035999999995
chemistry,3013,4885.2291749999995
chemistry,3014,4885.223924999999
chemistry,3015,4885.089625
chemistry,3016,4885.0750499999995
chemistry,3017,4884.522175
chemistry,3018,4884.210175
chemistry,3019,4884.175
chemistry,3020,4884.13405
chemistry,3021,4883.856175
chemistry,3022,4883.856175
chemistry,3023,4883.856175
chemistry,3024,4883.856175
chemistry,3025,4883.856175
chemistry,3026,4883.856175
chemistry,3027,4883.73325
chemistry,3028,4883.64375
chemistry,3029,4883.6284000000005
chemistry,3030,4883.618775
chemistry,3031,4883.420175
chemistry,3032,4883.399899999999
chemistry,3033,4883.2051
chemistry,3034,4883.1627499999995
chemistry,3035,4882.961225
chemistry,3036,4882.931175
chemistry,3037,4882.888925
chemistry,3038,4882.7613
chemistry,3039,4882.731075
chemistry,3040,4882.670075
chemistry,3041,4882.48755
chemistry,3042,4882.464375
chemistry,3043,4882.377275
chemistry,3044,4882.206175
chemistry,3045,4882.2035
chemistry,3046,4882.1749
chemistry,3047,4881.9610250000005
chemistry,3048,4881.73405
chemistry,3049,4881.7008749999995
chemistry,3050,4881.3563
chemistry,3051,4881.1809
chemistry,3052,4880.943975
chemistry,3053,4880.589525
chemistry,3054,4880.494
chemistry,3055,4880.360175
chemistry,3056,4880.289449999999
chemistry,3057,4880.1672499999995
chemistry,3058,4879.8895999999995
chemistry,3059,4879.86725
chemistry,3060,4879.406325
chemistry,3061,4879.369025
chemistry,3062,4879.239624999999
chemistry,3063,4879.156825
chemistry,3064,4879.1228
chemistry,3065,4879.0914
chemistry,3066,4879.083375
chemistry,3067,4878.9144
chemistry,3068,4878.229675
chemistry,3069,4878.180825
chemistry,3070,4878.01095
chemistry,3071,4877.943175
chemistry,3072,4877.797775
chemistry,3073,4877.66425
chemistry,3074,4877.531175
chemistry,3075,4877.289625
chemistry,3076,4877.289575
chemistry,3077,4877.27395
chemistry,3078,4877.202
chemistry,3079,4877.1329
chemistry,3080,4877.1021
chemistry,3081,4877.073025
chemistry,3082,4876.77875
chemistry,3083,4876.522925
chemistry,3084,4876.474175
chemistry,3085,4876.384
chemistry,3086,4876.331999999999
chemistry,3087,4876.3125
chemistry,3088,4876.1624249999995
chemistry,3089,4875.9437
chemistry,3090,4875.9062
chemistry,3091,4875.764825
chemistry,3092,4875.71435
chemistry,3093,4875.320875
chemistry,3094,4875.3114
chemistry,3095,4875.24165
chemistry,3096,4875.1088
chemistry,3097,4874.9617499999995
chemistry,3098,4874.612225
chemistry,3099,4874.5616
chemistry,3100,4874.36
chemistry,3101,4873.8271
chemistry,3102,4873.4785999999995
chemistry,3103,4873.2771
chemistry,3104,4873.1
chemistry,3105,4872.804125
chemistry,3106,4872.378175
chemistry,3107,4872.356175
chemistry,3108,4872.336
chemistry,3109,4872.100675
chemistry,3110,4872.09995
chemistry,3111,4871.9556250000005
chemistry,3112,4871.879749999999
chemistry,3113,4871.7452
chemistry,3114,4871.718124999999
chemistry,3115,4871.679925
chemistry,3116,4871.6173
chemistry,3117,4871.53335
chemistry,3118,4871.442375
chemistry,3119,4871.3748749999995
chemistry,3120,4871.3495250000005
chemistry,3121,4871.305575
chemistry,3122,4871.249925
chemistry,3123,4871.233775
chemistry,3124,4871.082575
chemistry,3125,4871.0547
chemistry,3126,4870.781275
chemistry,3127,4870.77765
chemistry,3128,4870.68325
chemistry,3129,4870.585375
chemistry,3130,4870.2645999999995
chemistry,3131,4870.15335
chemistry,3132,4869.9756
chemistry,3133,4869.9417
chemistry,3134,4869.7626
chemistry,3135,4869.66755
chemistry,3136,4869.4151
chemistry,3137,4869.25605
chemistry,3138,4869.247525
chemistry,3139,4869.1174249999995
chemistry,3140,4868.914175
chemistry,3141,4868.778649999999
chemistry,3142,4868.625
chemistry,3143,4868.591425
chemistry,3144,4868.37685
chemistry,3145,4868.076925
chemistry,3146,4868.075525
chemistry,3147,4868.056175
chemistry,3148,4867.759675
chemistry,3149,4867.730925
chemistry,3150,4867.281175
chemistry,3151,4867.243775
chemistry,3152,4867.11445
chemistry,3153,4866.96545
chemistry,3154,4866.86025
chemistry,3155,4866.77915
chemistry,3156,4866.560475
chemistry,3157,4866.531175
chemistry,3158,4866.3563
chemistry,3159,4866.350225
chemistry,3160,4866.25015
chemistry,3161,4866.21105
chemistry,3162,4866.161675
chemistry,3163,4865.6311749999995
chemistry,3164,4865.389425
chemistry,3165,4865.203399999999
chemistry,3166,4865.02095
chemistry,3167,4864.988475
chemistry,3168,4864.78315
chemistry,3169,4864.655925
chemistry,3170,4864.565425
chemistry,3171,4864.474825
chemistry,3172,4864.4514
chemistry,3173,4863.997899999999
chemistry,3174,4863.9584
chemistry,3175,4863.86455
chemistry,3176,4863.8355
chemistry,3177,4863.818875
chemistry,3178,4863.7949499999995
chemistry,3179,4863.775575
chemistry,3180,4863.7213249999995
chemistry,3181,4863.599925
chemistry,3182,4863.5897749999995
chemistry,3183,4863.472975
chemistry,3184,4863.256249999999
chemistry,3185,4863.011675
chemistry,3186,4862.9644
chemistry,3187,4862.7339999999995
chemistry,3188,4861.693825
chemistry,3189,4861.69305
chemistry,3190,4861.552675
chemistry,3191,4861.325
chemistry,3192,4861.195025
chemistry,3193,4860.940525
chemistry,3194,4860.933975
chemistry,3195,4860.911625
chemistry,3196,4860.822775
chemistry,3197,4860.6865
chemistry,3198,4860.673725
chemistry,3199,4860.2973
chemistry,3200,4859.9062
chemistry,3201,4859.828475
chemistry,3202,4859.8041
chemistry,3203,4859.65205
chemistry,3204,4859.501375
chemistry,3205,4859.46165
chemistry,3206,4859.224925
chemistry,3207,4859.222675
chemistry,3208,4859.206175
chemistry,3209,4858.91625
chemistry,3210,4858.797949999999
chemistry,3211,4858.686775
chemistry,3212,4858.6667
chemistry,3213,4858.646475
chemistry,3214,4858.589475
chemistry,3215,4858.4819
chemistry,3216,4858.462925
chemistry,3217,4858.32275
chemistry,3218,4858.2374
chemistry,3219,4858.174825
chemistry,3220,4858.034025
chemistry,3221,4857.76745
chemistry,3222,4857.6534249999995
chemistry,3223,4857.172825
chemistry,3224,4857.093125
chemistry,3225,4856.917399999999
chemistry,3226,4856.892275
chemistry,3227,4856.88955
chemistry,3228,4856.83135
chemistry,3229,4856.766374999999
chemistry,3230,4856.633925
chemistry,3231,4856.4334
chemistry,3232,4856.352075
chemistry,3233,4856.3144999999995
chemistry,3234,4856.091675
chemistry,3235,4855.1341999999995
chemistry,3236,4854.86835
chemistry,3237,4854.71545
chemistry,3238,4854.634225
chemistry,3239,4854.410125
chemistry,3240,4853.904525
chemistry,3241,4853.882375
chemistry,3242,4853.83095
chemistry,3243,4853.8192500000005
chemistry,3244,4853.5331750000005
chemistry,3245,4853.32925
chemistry,3246,4853.2008
chemistry,3247,4852.979325
chemistry,3248,4852.844975
chemistry,3249,4852.84425
chemistry,3250,4852.461675
chemistry,3251,4852.38405
chemistry,3252,4852.3062
chemistry,3253,4852.20075
chemistry,3254,4851.880999999999
chemistry,3255,4851.446425
chemistry,3256,4851.389225
chemistry,3257,4851.329925
chemistry,3258,4851.16645
chemistry,3259,4851.0529
chemistry,3260,4850.820175
chemistry,3261,4850.76585
chemistry,3262,4850.757474999999
chemistry,3263,4850.27725
chemistry,3264,4849.768099999999
chemistry,3265,4849.767175
chemistry,3266,4849.70605
chemistry,3267,4849.644425
chemistry,3268,4849.600625
chemistry,3269,4849.221549999999
chemistry,3270,4849.145175000001
chemistry,3271,4849.095675
chemistry,3272,4849.0505
chemistry,3273,4848.71725
chemistry,3274,4848.166499999999
chemistry,3275,4848.139575
chemistry,3276,4847.9836749999995
chemistry,3277,4847.850425
chemistry,3278,4847.531675
chemistry,3279,4847.50825
chemistry,3280,4847.45625
chemistry,3281,4847.44795
chemistry,3282,4847.397275
chemistry,3283,4847.370925
chemistry,3284,4847.17285
chemistry,3285,4847.10245
chemistry,3286,4846.678225000001
chemistry,3287,4846.522925
chemistry,3288,4846.506249999999
chemistry,3289,4846.411875
chemistry,3290,4846.235624999999
chemistry,3291,4845.934
chemistry,3292,4845.910075
chemistry,3293,4845.744375
chemistry,3294,4845.639275
chemistry,3295,4845.445425
chemistry,3296,4845.41255
chemistry,3297,4845.332
chemistry,3298,4845.250575
chemistry,3299,4845.022
chemistry,3300,4844.908925
chemistry,3301,4844.51595
chemistry,3302,4844.43085
chemistry,3303,4844.385375
chemistry,3304,4844.1934
chemistry,3305,4844.16
chemistry,3306,4844.022875
chemistry,3307,4843.998825
chemistry,3308,4843.9741
chemistry,3309,4843.972075
chemistry,3310,4843.68665
chemistry,3311,4843.64
chemistry,3312,4843.580825
chemistry,3313,4843.4076
chemistry,3314,4843.33385
chemistry,3315,4842.995925
chemistry,3316,4842.6726499999995
chemistry,3317,4842.282
chemistry,3318,4842.133
chemistry,3319,4842.10545
chemistry,3320,4842.044875
chemistry,3321,4841.551325
chemistry,3322,4841.450425
chemistry,3323,4841.30775
chemistry,3324,4841.278475
chemistry,3325,4841.194275
chemistry,3326,4841.181224999999
chemistry,3327,4841.150225
chemistry,3328,4841.13415
chemistry,3329,4841.091675
chemistry,3330,4841.0896
chemistry,3331,4840.881249999999
chemistry,3332,4840.845275
chemistry,3333,4840.806025
chemistry,3334,4840.699425
chemistry,3335,4840.293675
chemistry,3336,4840.022825
chemistry,3337,4839.978249999999
chemistry,3338,4839.53115
chemistry,3339,4839.345
chemistry,3340,4839.239425000001
chemistry,3341,4839.231175
chemistry,3342,4839.2125
chemistry,3343,4839.185525
chemistry,3344,4839.129875
chemistry,3345,4838.879825
chemistry,3346,4838.83245
chemistry,3347,4838.735125
chemistry,3348,4838.675575
chemistry,3349,4838.6101499999995
chemistry,3350,4838.6003
chemistry,3351,4838.4339
chemistry,3352,4838.04235
chemistry,3353,4838.011125
chemistry,3354,4837.989525
chemistry,3355,4837.9268250000005
chemistry,3356,4837.8633
chemistry,3357,4837.748225
chemistry,3358,4837.7144
chemistry,3359,4837.68945
chemistry,3360,4837.684249999999
chemistry,3361,4837.618675
chemistry,3362,4837.5874
chemistry,3363,4837.5784
chemistry,3364,4837.2368
chemistry,3365,4837.0667
chemistry,3366,4836.940275
chemistry,3367,4836.93125
chemistry,3368,4836.866575
chemistry,3369,4836.8060749999995
chemistry,3370,4836.750675
chemistry,3371,4836.651325
chemistry,3372,4836.53925
chemistry,3373,4836.192575
chemistry,3374,4835.510675
chemistry,3375,4835.37935
chemistry,3376,4835.334175
chemistry,3377,4835.181175000001
chemistry,3378,4835.175525000001
chemistry,3379,4835.113825
chemistry,3380,4835.0299749999995
chemistry,3381,4834.9848
chemistry,3382,4834.75565
chemistry,3383,4834.700675
chemistry,3384,4834.686775
chemistry,3385,4834.683349999999
chemistry,3386,4834.67215
chemistry,3387,4834.627275
chemistry,3388,4834.472875
chemistry,3389,4834.4672
chemistry,3390,4834.339475
chemistry,3391,4834.29935
chemistry,3392,4834.2667
chemistry,3393,4833.681025
chemistry,3394,4833.6221000000005
chemistry,3395,4833.237674999999
chemistry,3396,4833.05
chemistry,3397,4832.997775
chemistry,3398,4832.9342750000005
chemistry,3399,4832.752175
chemistry,3400,4832.649925
chemistry,3401,4832.6034
chemistry,3402,4832.581375
chemistry,3403,4832.4117750000005
chemistry,3404,4832.322825
chemistry,3405,4832.313
chemistry,3406,4832.214675
chemistry,3407,4832.16735
chemistry,3408,4832.095
chemistry,3409,4831.960325
chemistry,3410,4831.959125
chemistry,3411,4831.331175
chemistry,3412,4831.31455
chemistry,3413,4831.2787
chemistry,3414,4830.78735
chemistry,3415,4830.660425
chemistry,3416,4830.611625
chemistry,3417,4830.57925
chemistry,3418,4830.511724999999
chemistry,3419,4830.2834
chemistry,3420,4830.0874
chemistry,3421,4830.07635
chemistry,3422,4830.0514
chemistry,3423,4829.72285
chemistry,3424,4829.600525
chemistry,3425,4829.30605
chemistry,3426,4829.223
chemistry,3427,4829.17385
chemistry,3428,4829.068
chemistry,3429,4829.000125
chemistry,3430,4828.891675
chemistry,3431,4828.856025
chemistry,3432,4828.83965
chemistry,3433,4828.625075
chemistry,3434,4828.5551749999995
chemistry,3435,4828.428883500001
chemistry,3436,4828.35
chemistry,3437,4828.0666
chemistry,3438,4827.651075
chemistry,3439,4827.618675
chemistry,3440,4827.55085
chemistry,3441,4827.55055
chemistry,3442,4827.481325
chemistry,3443,4827.4615
chemistry,3444,4827.2814499999995
chemistry,3445,4827.156175
chemistry,3446,4827.1277
chemistry,3447,4827.101425
chemistry,3448,4826.68225
chemistry,3449,4826.65325
chemistry,3450,4826.598925
chemistry,3451,4826.554349999999
chemistry,3452,4826.53125
chemistry,3453,4826.4412999999995
chemistry,3454,4826.399925
chemistry,3455,4826.163075
chemistry,3456,4826.105975
chemistry,3457,4825.961675
chemistry,3458,4825.954725
chemistry,3459,4825.8851
chemistry,3460,4825.783725
chemistry,3461,4825.3645
chemistry,3462,4825.3452
chemistry,3463,4825.078675
chemistry,3464,4825.0301
chemistry,3465,4824.9454
chemistry,3466,4824.856975
chemistry,3467,4824.655650000001
chemistry,3468,4824.174375
chemistry,3469,4823.882975
chemistry,3470,4823.84275
chemistry,3471,4823.7854
chemistry,3472,4823.758075
chemistry,3473,4823.6726
chemistry,3474,4823.531425
chemistry,3475,4823.4909
chemistry,3476,4823.411675
chemistry,3477,4823.30545
chemistry,3478,4823.200575
chemistry,3479,4823.174375
chemistry,3480,4823.045225
chemistry,3481,4822.945175
chemistry,3482,4822.6934
chemistry,3483,4822.539725
chemistry,3484,4822.200625
chemistry,3485,4821.93635
chemistry,3486,4821.733125
chemistry,3487,4821.67375
chemistry,3488,4821.631249999999
chemistry,3489,4821.201475
chemistry,3490,4821.18925
chemistry,3491,4821.177675
chemistry,3492,4821.158925
chemistry,3493,4821.096425000001
chemistry,3494,4820.945125
chemistry,3495,4820.59095
chemistry,3496,4820.350575
chemistry,3497,4820.082525
chemistry,3498,4819.64375
chemistry,3499,4819.600925
chemistry,3500,4819.171275
chemistry,3501,4819.08795
chemistry,3502,4819.050749999999
chemistry,3503,4818.835175
chemistry,3504,4818.706175
chemistry,3505,4818.675574999999
chemistry,3506,4818.468674999999
chemistry,3507,4818.3811749999995
chemistry,3508,4818.337575
chemistry,3509,4818.334125
chemistry,3510,4817.931425
chemistry,3511,4817.866925
chemistry,3512,4817.7896
chemistry,3513,4817.731025
chemistry,3514,4817.2417
chemistry,3515,4816.796925
chemistry,3516,4816.6768999999995
chemistry,3517,4816.411175
chemistry,3518,4816.410925
chemistry,3519,4815.72275
chemistry,3520,4815.488225
chemistry,3521,4815.476874999999
chemistry,3522,4815.456125
chemistry,3523,4815.387625
chemistry,3524,4815.331099999999
chemistry,3525,4815.2192749999995
chemistry,3526,4814.7561749999995
chemistry,3527,4814.661
chemistry,3528,4814.656025
chemistry,3529,4814.554349999999
chemistry,3530,4814.40985
chemistry,3531,4814.387
chemistry,3532,4814.2813
chemistry,3533,4814.106675
chemistry,3534,4814.096575
chemistry,3535,4814.087925
chemistry,3536,4814.07835
chemistry,3537,4813.989725
chemistry,3538,4813.984875
chemistry,3539,4813.60395
chemistry,3540,4813.50055
chemistry,3541,4813.452125
chemistry,3542,4813.44785
chemistry,3543,4813.3949999999995
chemistry,3544,4813.056275
chemistry,3545,4812.956175
chemistry,3546,4812.8495
chemistry,3547,4812.8199
chemistry,3548,4812.578675
chemistry,3549,4812.4299
chemistry,3550,4812.362875
chemistry,3551,4812.35625
chemistry,3552,4812.067
chemistry,3553,4811.958224999999
chemistry,3554,4811.9445
chemistry,3555,4811.675
chemistry,3556,4811.46685
chemistry,3557,4811.391874999999
chemistry,3558,4811.257
chemistry,3559,4810.947625
chemistry,3560,4810.706275
chemistry,3561,4810.51465
chemistry,3562,4810.493675000001
chemistry,3563,4810.33905
chemistry,3564,4810.1562
chemistry,3565,4810.070925
chemistry,3566,4809.96165
chemistry,3567,4809.716175
chemistry,3568,4809.5776000000005
chemistry,3569,4809.53945
chemistry,3570,4809.483175
chemistry,3571,4808.6116999999995
chemistry,3572,4808.4445
chemistry,3573,4808.314925
chemistry,3574,4808.266525
chemistry,3575,4808.123025
chemistry,3576,4808.05
chemistry,3577,4807.884825
chemistry,3578,4807.8447
chemistry,3579,4807.82405
chemistry,3580,4807.7812
chemistry,3581,4807.778475
chemistry,3582,4807.750675
chemistry,3583,4807.736425
chemistry,3584,4807.475
chemistry,3585,4807.1839
chemistry,3586,4807.025075
chemistry,3587,4806.91915
chemistry,3588,4806.7445
chemistry,3589,4806.7269
chemistry,3590,4806.6996
chemistry,3591,4806.2907
chemistry,3592,4806.2228000000005
chemistry,3593,4806.1503
chemistry,3594,4806.06735
chemistry,3595,4805.9623249999995
chemistry,3596,4805.8906
chemistry,3597,4805.879625
chemistry,3598,4805.6317
chemistry,3599,4805.411675
chemistry,3600,4805.097975000001
chemistry,3601,4805.0784
chemistry,3602,4805.02275
chemistry,3603,4804.93355
chemistry,3604,4804.56195
chemistry,3605,4804.2663999999995
chemistry,3606,4804.24375
chemistry,3607,4804.025
chemistry,3608,4804.0006
chemistry,3609,4803.999124999999
chemistry,3610,4803.96675
chemistry,3611,4803.814375
chemistry,3612,4803.751
chemistry,3613,4803.7199
chemistry,3614,4803.5061749999995
chemistry,3615,4803.4
chemistry,3616,4803.36525
chemistry,3617,4803.289
chemistry,3618,4803.2832499999995
chemistry,3619,4803.264425
chemistry,3620,4803.073975
chemistry,3621,4802.7122
chemistry,3622,4802.700675
chemistry,3623,4802.6945
chemistry,3624,4802.570875
chemistry,3625,4802.374375
chemistry,3626,4802.328575
chemistry,3627,4802.242175
chemistry,3628,4802.146125
chemistry,3629,4802.13375
chemistry,3630,4801.712775
chemistry,3631,4801.493399999999
chemistry,3632,4801.39145
chemistry,3633,4801.15895
chemistry,3634,4800.999075
chemistry,3635,4800.956075
chemistry,3636,4800.82975
chemistry,3637,4800.716825
chemistry,3638,4800.584175
chemistry,3639,4800.402
chemistry,3640,4800.347175
chemistry,3641,4800.218175
chemistry,3642,4799.90195
chemistry,3643,4799.893625
chemistry,3644,4799.6451
chemistry,3645,4799.63875
chemistry,3646,4799.469475
chemistry,3647,4799.4186
chemistry,3648,4799.322075
chemistry,3649,4799.301275
chemistry,3650,4798.868675
chemistry,3651,4798.85625
chemistry,3652,4798.711575
chemistry,3653,4798.63465
chemistry,3654,4798.581225
chemistry,3655,4798.49245
chemistry,3656,4798.2444749999995
chemistry,3657,4798.199374999999
chemistry,3658,4797.589675
chemistry,3659,4797.478325
chemistry,3660,4797.46525
chemistry,3661,4797.4498
chemistry,3662,4797.445375
chemistry,3663,4797.340425
chemistry,3664,4797.33925
chemistry,3665,4797.304175
chemistry,3666,4797.241475
chemistry,3667,4797.222699999999
chemistry,3668,4797.019925
chemistry,3669,4796.899925
chemistry,3670,4796.806175
chemistry,3671,4796.7894750000005
chemistry,3672,4796.568525
chemistry,3673,4796.406275
chemistry,3674,4796.279975
chemistry,3675,4796.208375
chemistry,3676,4796.067849999999
chemistry,3677,4795.835
chemistry,3678,4795.827425
chemistry,3679,4795.490875
chemistry,3680,4795.468825
chemistry,3681,4795.316
chemistry,3682,4795.041825
chemistry,3683,4794.88125
chemistry,3684,4794.81135
chemistry,3685,4794.799
chemistry,3686,4794.4169
chemistry,3687,4794.043825000001
chemistry,3688,4793.866725
chemistry,3689,4793.73395
chemistry,3690,4793.717025
chemistry,3691,4793.689725
chemistry,3692,4793.45575
chemistry,3693,4793.3773249999995
chemistry,3694,4793.283325
chemistry,3695,4793.167375
chemistry,3696,4792.9274
chemistry,3697,4792.8339750000005
chemistry,3698,4792.710575
chemistry,3699,4792.613249999999
chemistry,3700,4792.53105
chemistry,3701,4792.178225
chemistry,3702,4792.12205
chemistry,3703,4791.7158
chemistry,3704,4791.66445
chemistry,3705,4791.4403
chemistry,3706,4791.195675
chemistry,3707,4791.150175
chemistry,3708,4790.88945
chemistry,3709,4790.8367
chemistry,3710,4790.674924999999
chemistry,3711,4790.5713000000005
chemistry,3712,4790.436049999999
chemistry,3713,4790.319925
chemistry,3714,4790.2957
chemistry,3715,4790.2463
chemistry,3716,4790.097925
chemistry,3717,4790.0
chemistry,3718,4790.0
chemistry,3719,4789.88715
chemistry,3720,4789.823
chemistry,3721,4789.6492499999995
chemistry,3722,4789.543675
chemistry,3723,4789.3022
chemistry,3724,4789.2063
chemistry,3725,4789.151725
chemistry,3726,4789.116725
chemistry,3727,4788.867275
chemistry,3728,4788.860575000001
chemistry,3729,4788.828925
chemistry,3730,4788.734025
chemistry,3731,4788.681175
chemistry,3732,4788.146575
chemistry,3733,4788.127025
chemistry,3734,4788.0740749999995
chemistry,3735,4787.999925
chemistry,3736,4787.879325
chemistry,3737,4787.796025
chemistry,3738,4787.68935
chemistry,3739,4787.5526500000005
chemistry,3740,4787.450175
chemistry,3741,4787.365775
chemistry,3742,4787.339475
chemistry,3743,4787.1560500000005
chemistry,3744,4787.04785
chemistry,3745,4786.991599999999
chemistry,3746,4786.745
chemistry,3747,4786.223025
chemistry,3748,4786.0918
chemistry,3749,4786.0914999999995
chemistry,3750,4786.05
chemistry,3751,4785.969325
chemistry,3752,4785.945
chemistry,3753,4785.8225250000005
chemistry,3754,4785.803424999999
chemistry,3755,4785.668699999999
chemistry,3756,4785.438
chemistry,3757,4785.175525000001
chemistry,3758,4785.152125
chemistry,3759,4784.888174999999
chemistry,3760,4784.664650000001
chemistry,3761,4784.505875
chemistry,3762,4784.445
chemistry,3763,4784.327175
chemistry,3764,4784.254575
chemistry,3765,4784.1838
chemistry,3766,4784.171625
chemistry,3767,4784.1541
chemistry,3768,4784.035425
chemistry,3769,4784.02575
chemistry,3770,4783.900125
chemistry,3771,4783.856175
chemistry,3772,4783.666
chemistry,3773,4783.56225
chemistry,3774,4783.5295750000005
chemistry,3775,4783.083175
chemistry,3776,4783.02835
chemistry,3777,4783.0006
chemistry,3778,4782.947475
chemistry,3779,4782.533525
chemistry,3780,4782.4007
chemistry,3781,4782.4007
chemistry,3782,4782.36225
chemistry,3783,4782.3613749999995
chemistry,3784,4782.332475
chemistry,3785,4782.2952
chemistry,3786,4782.266975
chemistry,3787,4782.0507
chemistry,3788,4782.01995
chemistry,3789,4782.0019
chemistry,3790,4781.818175
chemistry,3791,4781.8146
chemistry,3792,4781.68905
chemistry,3793,4781.5588
chemistry,3794,4781.229175
chemistry,3795,4781.152675
chemistry,3796,4781.1002499999995
chemistry,3797,4780.92015
chemistry,3798,4780.7791
chemistry,3799,4780.681175
chemistry,3800,4780.459975
chemistry,3801,4780.445
chemistry,3802,4780.3799
chemistry,3803,4780.376925
chemistry,3804,4780.3685
chemistry,3805,4780.333675
chemistry,3806,4779.97775
chemistry,3807,4779.956175
chemistry,3808,4779.9144
chemistry,3809,4779.894975
chemistry,3810,4779.7997749999995
chemistry,3811,4779.778175
chemistry,3812,4779.745175
chemistry,3813,4779.7336749999995
chemistry,3814,4779.691
chemistry,3815,4779.67915
chemistry,3816,4779.600425
chemistry,3817,4779.5673
chemistry,3818,4779.406175
chemistry,3819,4779.299925
chemistry,3820,4779.22845
chemistry,3821,4779.12265
chemistry,3822,4778.971425
chemistry,3823,4778.92695
chemistry,3824,4778.856175
chemistry,3825,4778.846225
chemistry,3826,4777.9537
chemistry,3827,4777.8174
chemistry,3828,4777.72525
chemistry,3829,4777.689325
chemistry,3830,4777.6666000000005
chemistry,3831,4777.55425
chemistry,3832,4777.5278
chemistry,3833,4777.414925
chemistry,3834,4777.325599999999
chemistry,3835,4777.27508475
chemistry,3836,4777.2045
chemistry,3837,4777.147575
chemistry,3838,4776.945675
chemistry,3839,4776.940874999999
chemistry,3840,4776.9342
chemistry,3841,4776.781325
chemistry,3842,4776.7248500000005
chemistry,3843,4776.589475
chemistry,3844,4776.358975
chemistry,3845,4776.356274999999
chemistry,3846,4775.933875
chemistry,3847,4775.92965
chemistry,3848,4775.89575
chemistry,3849,4775.597925
chemistry,3850,4775.5334
chemistry,3851,4775.4623249999995
chemistry,3852,4775.324175
chemistry,3853,4775.1804
chemistry,3854,4775.122725
chemistry,3855,4775.03395
chemistry,3856,4774.6101499999995
chemistry,3857,4774.45625
chemistry,3858,4774.426275
chemistry,3859,4774.345975
chemistry,3860,4774.1749
chemistry,3861,4774.096925
chemistry,3862,4773.9481749999995
chemistry,3863,4773.905525
chemistry,3864,4773.696
chemistry,3865,4773.556175
chemistry,3866,4773.55
chemistry,3867,4773.500575
chemistry,3868,4773.425
chemistry,3869,4773.3506
chemistry,3870,4773.3324999999995
chemistry,3871,4773.1564
chemistry,3872,4773.13145
chemistry,3873,4772.939249999999
chemistry,3874,4772.8851
chemistry,3875,4772.865924999999
chemistry,3876,4772.822775
chemistry,3877,4772.487499999999
chemistry,3878,4772.123075
chemistry,3879,4772.0751
chemistry,3880,4772.022625
chemistry,3881,4771.992625
chemistry,3882,4771.96595
chemistry,3883,4771.88165
chemistry,3884,4771.622775
chemistry,3885,4771.2268
chemistry,3886,4770.989549999999
chemistry,3887,4770.920225
chemistry,3888,4770.837425
chemistry,3889,4770.739625
chemistry,3890,4770.700625
chemistry,3891,4770.632575
chemistry,3892,4770.4116
chemistry,3893,4770.161924999999
chemistry,3894,4770.14575
chemistry,3895,4770.125575
chemistry,3896,4769.86875
chemistry,3897,4769.86675
chemistry,3898,4769.857425
chemistry,3899,4769.791575
chemistry,3900,4769.710975
chemistry,3901,4769.64935
chemistry,3902,4769.6325
chemistry,3903,4769.614925
chemistry,3904,4769.564675
chemistry,3905,4769.49535
chemistry,3906,4769.3550000000005
chemistry,3907,4769.152025
chemistry,3908,4769.1115
chemistry,3909,4769.077075
chemistry,3910,4768.975
chemistry,3911,4768.717375
chemistry,3912,4768.597825
chemistry,3913,4768.544225
chemistry,3914,4768.411075
chemistry,3915,4768.3580999999995
chemistry,3916,4768.120775
chemistry,3917,4767.8811749999995
chemistry,3918,4767.833175
chemistry,3919,4767.80315
chemistry,3920,4767.776924999999
chemistry,3921,4767.7735
chemistry,3922,4767.7
chemistry,3923,4767.4945
chemistry,3924,4767.4602
chemistry,3925,4767.422175
chemistry,3926,4767.4154
chemistry,3927,4767.35045
chemistry,3928,4767.227175
chemistry,3929,4767.017275
chemistry,3930,4766.904675
chemistry,3931,4766.808425
chemistry,3932,4766.77345
chemistry,3933,4766.61185
chemistry,3934,4766.606175
chemistry,3935,4766.497875
chemistry,3936,4766.411775
chemistry,3937,4766.204075000001
chemistry,3938,4766.099525
chemistry,3939,4766.0867
chemistry,3940,4766.061625
chemistry,3941,4765.964575
chemistry,3942,4765.911675
chemistry,3943,4765.888924999999
chemistry,3944,4765.8730749999995
chemistry,3945,4765.809075
chemistry,3946,4765.5953
chemistry,3947,4765.511075
chemistry,3948,4765.400725
chemistry,3949,4765.3582750000005
chemistry,3950,4765.32575
chemistry,3951,4765.3222749999995
chemistry,3952,4765.2122500000005
chemistry,3953,4765.0
chemistry,3954,4764.71455
chemistry,3955,4764.647925
chemistry,3956,4764.6311
chemistry,3957,4764.617275
chemistry,3958,4764.528525
chemistry,3959,4764.52215
chemistry,3960,4764.291875
chemistry,3961,4764.18765
chemistry,3962,4764.1837749999995
chemistry,3963,4764.0325
chemistry,3964,4763.978475
chemistry,3965,4763.968475
chemistry,3966,4763.8594
chemistry,3967,4763.8219
chemistry,3968,4763.78505
chemistry,3969,4763.533974999999
chemistry,3970,4763.4
chemistry,3971,4763.3646499999995
chemistry,3972,4763.3060749999995
chemistry,3973,4763.271425
chemistry,3974,4763.061525
chemistry,3975,4762.8811749999995
chemistry,3976,4762.522525
chemistry,3977,4762.374
chemistry,3978,4762.344924999999
chemistry,3979,4761.8589
chemistry,3980,4761.7608
chemistry,3981,4761.67275
chemistry,3982,4761.586625
chemistry,3983,4761.439249999999
chemistry,3984,4760.911675
chemistry,3985,4760.7784
chemistry,3986,4760.5811
chemistry,3987,4760.4041
chemistry,3988,4760.0349
chemistry,3989,4760.033725
chemistry,3990,4760.007
chemistry,3991,4759.97965
chemistry,3992,4759.95205
chemistry,3993,4759.9227
chemistry,3994,4759.9111250000005
chemistry,3995,4759.878325
chemistry,3996,4759.833799999999
chemistry,3997,4759.7369499999995
chemistry,3998,4759.7336749999995
chemistry,3999,4759.6638
chemistry,4000,4759.634075
chemistry,4001,4759.593725
chemistry,4002,4759.552075
chemistry,4003,4759.5367
chemistry,4004,4759.500875000001
chemistry,4005,4759.081099999999
chemistry,4006,4759.049725
chemistry,4007,4759.02485
chemistry,4008,4758.9310749999995
chemistry,4009,4758.4313250000005
chemistry,4010,4758.16305
chemistry,4011,4757.9667
chemistry,4012,4757.9501
chemistry,4013,4757.849925
chemistry,4014,4757.71285
chemistry,4015,4757.49555
chemistry,4016,4757.488824999999
chemistry,4017,4757.485275
chemistry,4018,4757.4783
chemistry,4019,4757.447950000001
chemistry,4020,4757.422
chemistry,4021,4757.404875
chemistry,4022,4757.332025
chemistry,4023,4757.281175
chemistry,4024,4757.156
chemistry,4025,4757.1332
chemistry,4026,4757.061675
chemistry,4027,4756.436675
chemistry,4028,4756.41745
chemistry,4029,4756.19485
chemistry,4030,4756.1174249999995
chemistry,4031,4756.065675
chemistry,4032,4756.0617999999995
chemistry,4033,4756.01335
chemistry,4034,4756.005675
chemistry,4035,4755.774925
chemistry,4036,4755.68875
chemistry,4037,4755.5380000000005
chemistry,4038,4755.475075
chemistry,4039,4755.414175
chemistry,4040,4755.4
chemistry,4041,4755.359074999999
chemistry,4042,4755.35
chemistry,4043,4755.33165
chemistry,4044,4755.118675000001
chemistry,4045,4754.97485
chemistry,4046,4754.939875
chemistry,4047,4754.915775
chemistry,4048,4754.40205
chemistry,4049,4754.31435
chemistry,4050,4753.960375
chemistry,4051,4753.91695
chemistry,4052,4753.866674999999
chemistry,4053,4753.7716
chemistry,4054,4753.6666749999995
chemistry,4055,4753.6647
chemistry,4056,4753.4666
chemistry,4057,4753.399925
chemistry,4058,4753.1875
chemistry,4059,4753.186725
chemistry,4060,4753.1394
chemistry,4061,4752.999775
chemistry,4062,4752.915625
chemistry,4063,4752.9115
chemistry,4064,4752.606175
chemistry,4065,4752.5506749999995
chemistry,4066,4752.4455
chemistry,4067,4752.35625
chemistry,4068,4752.339675
chemistry,4069,4752.217949999999
chemistry,4070,4752.204125
chemistry,4071,4752.164675
chemistry,4072,4752.1061
chemistry,4073,4752.0882249999995
chemistry,4074,4752.056275
chemistry,4075,4751.97785
chemistry,4076,4751.918675
chemistry,4077,4751.833125
chemistry,4078,4751.749924999999
chemistry,4079,4751.64065
chemistry,4080,4751.5041249999995
chemistry,4081,4751.4463749999995
chemistry,4082,4751.439625
chemistry,4083,4751.3286
chemistry,4084,4751.0444
chemistry,4085,4750.89145
chemistry,4086,4750.6249
chemistry,4087,4750.44875
chemistry,4088,4750.3685749999995
chemistry,4089,4750.15485
chemistry,4090,4750.09155
chemistry,4091,4750.018675
chemistry,4092,4749.656175
chemistry,4093,4749.6167
chemistry,4094,4749.450175
chemistry,4095,4749.364475
chemistry,4096,4749.347875
chemistry,4097,4749.1966999999995
chemistry,4098,4749.14185
chemistry,4099,4749.100075
chemistry,4100,4749.004575
chemistry,4101,4748.867325
chemistry,4102,4748.793
chemistry,4103,4748.6311749999995
chemistry,4104,4748.3374
chemistry,4105,4748.03525
chemistry,4106,4747.963225
chemistry,4107,4747.592525
chemistry,4108,4747.363
chemistry,4109,4747.28825
chemistry,4110,4747.2874
chemistry,4111,4746.922875
chemistry,4112,4746.8548
chemistry,4113,4746.792025
chemistry,4114,4746.7561749999995
chemistry,4115,4746.622925
chemistry,4116,4746.128425
chemistry,4117,4746.07825
chemistry,4118,4746.0729249999995
chemistry,4119,4746.0061
chemistry,4120,4745.893675
chemistry,4121,4745.792725
chemistry,4122,4745.734074999999
chemistry,4123,4745.7208
chemistry,4124,4745.632675
chemistry,4125,4745.568375
chemistry,4126,4745.5115
chemistry,4127,4745.42225
chemistry,4128,4745.419325
chemistry,4129,4745.382675
chemistry,4130,4745.350475
chemistry,4131,4745.106175
chemistry,4132,4745.005575
chemistry,4133,4744.888174999999
chemistry,4134,4744.546
chemistry,4135,4744.156175
chemistry,4136,4744.139749999999
chemistry,4137,4744.035475
chemistry,4138,4743.819750000001
chemistry,4139,4743.801925
chemistry,4140,4743.6341
chemistry,4141,4743.589425
chemistry,4142,4743.56725
chemistry,4143,4743.5445
chemistry,4144,4743.379599999999
chemistry,4145,4743.299924999999
chemistry,4146,4743.23675
chemistry,4147,4743.164425
chemistry,4148,4742.996275
chemistry,4149,4742.73125
chemistry,4150,4742.71075
chemistry,4151,4742.6
chemistry,4152,4742.4784
chemistry,4153,4742.4479
chemistry,4154,4742.431175
chemistry,4155,4742.395175000001
chemistry,4156,4742.33335
chemistry,4157,4742.3111499999995
chemistry,4158,4742.2944
chemistry,4159,4742.1875
chemistry,4160,4741.520425
chemistry,4161,4741.45205
chemistry,4162,4741.1957250000005
chemistry,4163,4741.122925
chemistry,4164,4741.067375
chemistry,4165,4740.88095
chemistry,4166,4740.800749999999
chemistry,4167,4740.781175
chemistry,4168,4740.739275
chemistry,4169,4740.6284000000005
chemistry,4170,4740.5145999999995
chemistry,4171,4740.444675
chemistry,4172,4740.40045
chemistry,4173,4740.399925
chemistry,4174,4740.33115
chemistry,4175,4740.2625
chemistry,4176,4740.1205
chemistry,4177,4739.681175
chemistry,4178,4739.667324999999
chemistry,4179,4739.614575
chemistry,4180,4739.5482999999995
chemistry,4181,4739.496225
chemistry,4182,4739.2652
chemistry,4183,4739.2222249999995
chemistry,4184,4739.0731
chemistry,4185,4738.82685
chemistry,4186,4738.78965
chemistry,4187,4738.394875
chemistry,4188,4737.98795
chemistry,4189,4737.901975
chemistry,4190,4737.80185
chemistry,4191,4737.633675
chemistry,4192,4737.59585
chemistry,4193,4737.47235
chemistry,4194,4737.4311
chemistry,4195,4737.429725
chemistry,4196,4737.400775
chemistry,4197,4737.286599999999
chemistry,4198,4736.956175
chemistry,4199,4736.82825
chemistry,4200,4736.71295
chemistry,4201,4736.622925000001
chemistry,4202,4736.5080499999995
chemistry,4203,4736.411575
chemistry,4204,4736.20635
chemistry,4205,4736.0497749999995
chemistry,4206,4735.975
chemistry,4207,4735.90075
chemistry,4208,4735.70085
chemistry,4209,4735.4482499999995
chemistry,4210,4735.192725
chemistry,4211,4735.138774999999
chemistry,4212,4735.11185
chemistry,4213,4735.0935500000005
chemistry,4214,4735.078425
chemistry,4215,4735.064625
chemistry,4216,4734.818625
chemistry,4217,4734.736849999999
chemistry,4218,4734.589275
chemistry,4219,4734.56535
chemistry,4220,4734.32
chemistry,4221,4734.214524999999
chemistry,4222,4733.983175
chemistry,4223,4733.929174999999
chemistry,4224,4733.8114749999995
chemistry,4225,4733.80565
chemistry,4226,4733.673
chemistry,4227,4733.567375
chemistry,4228,4733.424175
chemistry,4229,4733.413175
chemistry,4230,4733.3991
chemistry,4231,4733.111
chemistry,4232,4733.089675
chemistry,4233,4732.793575
chemistry,4234,4732.74795
chemistry,4235,4732.62275
chemistry,4236,4732.0229
chemistry,4237,4731.911825
chemistry,4238,4731.7477
chemistry,4239,4731.633475
chemistry,4240,4731.627425000001
chemistry,4241,4731.5
chemistry,4242,4731.4046
chemistry,4243,4731.400075
chemistry,4244,4731.19315
chemistry,4245,4731.181175
chemistry,4246,4731.09495
chemistry,4247,4730.691575
chemistry,4248,4730.651
chemistry,4249,4730.284175
chemistry,4250,4730.222775
chemistry,4251,4730.217175
chemistry,4252,4730.140899999999
chemistry,4253,4730.0
chemistry,4254,4729.895074999999
chemistry,4255,4729.859875
chemistry,4256,4729.8256
chemistry,4257,4729.66465
chemistry,4258,4729.497875
chemistry,4259,4729.4848
chemistry,4260,4729.375849999999
chemistry,4261,4729.277825
chemistry,4262,4729.19365
chemistry,4263,4729.074175
chemistry,4264,4728.779799999999
chemistry,4265,4728.73815
chemistry,4266,4728.627
chemistry,4267,4728.2563
chemistry,4268,4728.227849999999
chemistry,4269,4728.222975
chemistry,4270,4728.12965
chemistry,4271,4728.085075
chemistry,4272,4727.9058749999995
chemistry,4273,4727.8658000000005
chemistry,4274,4727.7091
chemistry,4275,4727.5473
chemistry,4276,4727.35175
chemistry,4277,4727.34425
chemistry,4278,4727.2123
chemistry,4279,4727.1309249999995
chemistry,4280,4726.827174999999
chemistry,4281,4726.7451
chemistry,4282,4726.6116250000005
chemistry,4283,4726.60295
chemistry,4284,4726.60205
chemistry,4285,4726.56645
chemistry,4286,4726.4341
chemistry,4287,4726.314574999999
chemistry,4288,4726.2943749999995
chemistry,4289,4725.89995
chemistry,4290,4725.327575
chemistry,4291,4725.3252999999995
chemistry,4292,4725.2753999999995
chemistry,4293,4725.12295
chemistry,4294,4725.0435
chemistry,4295,4724.860525
chemistry,4296,4724.832475
chemistry,4297,4724.811925
chemistry,4298,4724.734025
chemistry,4299,4724.57885
chemistry,4300,4724.499
chemistry,4301,4724.459075
chemistry,4302,4724.38315
chemistry,4303,4724.2125
chemistry,4304,4724.1729
chemistry,4305,4723.922
chemistry,4306,4723.856175
chemistry,4307,4723.856175
chemistry,4308,4723.8150000000005
chemistry,4309,4723.535425
chemistry,4310,4723.303475
chemistry,4311,4723.05535
chemistry,4312,4722.96805
chemistry,4313,4722.755
chemistry,4314,4722.647725
chemistry,4315,4722.633925
chemistry,4316,4722.631249999999
chemistry,4317,4722.6061
chemistry,4318,4722.495025
chemistry,4319,4722.412925
chemistry,4320,4722.3619
chemistry,4321,4722.3006749999995
chemistry,4322,4722.11035
chemistry,4323,4721.8444500000005
chemistry,4324,4721.71245
chemistry,4325,4721.633975
chemistry,4326,4721.483825
chemistry,4327,4721.4459750000005
chemistry,4328,4721.439600000001
chemistry,4329,4721.43395
chemistry,4330,4721.27955
chemistry,4331,4721.114125
chemistry,4332,4720.991825
chemistry,4333,4720.701175
chemistry,4334,4720.6559
chemistry,4335,4720.552049999999
chemistry,4336,4720.439525
chemistry,4337,4720.420175
chemistry,4338,4720.2436
chemistry,4339,4720.151675
chemistry,4340,4720.0
chemistry,4341,4719.920825
chemistry,4342,4719.6666000000005
chemistry,4343,4719.63395
chemistry,4344,4719.5835
chemistry,4345,4719.428925
chemistry,4346,4719.339225
chemistry,4347,4719.3061
chemistry,4348,4719.255475
chemistry,4349,4718.904075
chemistry,4350,4718.897825
chemistry,4351,4718.7616
chemistry,4352,4718.7006
chemistry,4353,4718.6611250000005
chemistry,4354,4718.467175
chemistry,4355,4718.34525
chemistry,4356,4718.289075
chemistry,4357,4718.11885
chemistry,4358,4717.914175
chemistry,4359,4717.8985
chemistry,4360,4717.620175
chemistry,4361,4717.277925
chemistry,4362,4717.23125
chemistry,4363,4717.200374999999
chemistry,4364,4717.131375
chemistry,4365,4717.011675
chemistry,4366,4717.011525
chemistry,4367,4716.99005
chemistry,4368,4716.881075
chemistry,4369,4716.750675
chemistry,4370,4716.581175
chemistry,4371,4716.500675
chemistry,4372,4716.124925
chemistry,4373,4715.9109499999995
chemistry,4374,4715.8892749999995
chemistry,4375,4715.74015
chemistry,4376,4715.681175
chemistry,4377,4715.533075
chemistry,4378,4715.38495
chemistry,4379,4715.3645
chemistry,4380,4715.207375
chemistry,4381,4715.141525
chemistry,4382,4715.135875
chemistry,4383,4714.91015
chemistry,4384,4714.890275
chemistry,4385,4714.831225
chemistry,4386,4714.816
chemistry,4387,4714.811675
chemistry,4388,4714.765850000001
chemistry,4389,4714.716125
chemistry,4390,4714.614325
chemistry,4391,4714.5674
chemistry,4392,4714.55625
chemistry,4393,4714.325425
chemistry,4394,4714.325
chemistry,4395,4714.122574999999
chemistry,4396,4714.018675
chemistry,4397,4713.777025
chemistry,4398,4713.6438
chemistry,4399,4713.625075
chemistry,4400,4713.56175
chemistry,4401,4713.5565
chemistry,4402,4713.517425
chemistry,4403,4713.510325
chemistry,4404,4713.183325
chemistry,4405,4712.956175
chemistry,4406,4712.748775
chemistry,4407,4712.664475
chemistry,4408,4712.618074999999
chemistry,4409,4712.5434000000005
chemistry,4410,4712.28235
chemistry,4411,4712.195625
chemistry,4412,4711.827125
chemistry,4413,4711.822775
chemistry,4414,4711.735575
chemistry,4415,4711.6133
chemistry,4416,4711.5165
chemistry,4417,4711.3351999999995
chemistry,4418,4711.159225
chemistry,4419,4711.128325000001
chemistry,4420,4711.0668000000005
chemistry,4421,4710.9874
chemistry,4422,4710.982424999999
chemistry,4423,4710.922975
chemistry,4424,4710.8451
chemistry,4425,4710.810625
chemistry,4426,4710.7285
chemistry,4427,4710.5453
chemistry,4428,4710.530425
chemistry,4429,4710.526175
chemistry,4430,4710.456075
chemistry,4431,4710.3894
chemistry,4432,4710.250675
chemistry,4433,4710.202625
chemistry,4434,4710.145125
chemistry,4435,4710.04415
chemistry,4436,4709.7811
chemistry,4437,4709.4348
chemistry,4438,4709.200175
chemistry,4439,4709.13525
chemistry,4440,4709.011225
chemistry,4441,4708.5944
chemistry,4442,4708.481175
chemistry,4443,4708.439525
chemistry,4444,4708.152
chemistry,4445,4707.98655
chemistry,4446,4707.810225
chemistry,4447,4707.767175
chemistry,4448,4707.59465
chemistry,4449,4707.488074999999
chemistry,4450,4707.481175
chemistry,4451,4707.4391
chemistry,4452,4707.245825
chemistry,4453,4707.111175
chemistry,4454,4707.033675
chemistry,4455,4706.9415
chemistry,4456,4706.9102
chemistry,4457,4706.889525
chemistry,4458,4706.6061
chemistry,4459,4706.53315
chemistry,4460,4706.281325
chemistry,4461,4706.2562
chemistry,4462,4705.9
chemistry,4463,4705.652175
chemistry,4464,4705.545125
chemistry,4465,4705.2561749999995
chemistry,4466,4705.1436
chemistry,4467,4705.087175
chemistry,4468,4704.90865
chemistry,4469,4704.780975000001
chemistry,4470,4704.649875
chemistry,4471,4704.60625
chemistry,4472,4704.489425
chemistry,4473,4704.473025
chemistry,4474,4704.3763
chemistry,4475,4704.338
chemistry,4476,4704.0001999999995
chemistry,4477,4703.98545
chemistry,4478,4703.884175
chemistry,4479,4703.863249999999
chemistry,4480,4703.7561749999995
chemistry,4481,4703.622775
chemistry,4482,4703.470625
chemistry,4483,4703.39945
chemistry,4484,4703.387949999999
chemistry,4485,4703.286575
chemistry,4486,4703.13275
chemistry,4487,4703.09175
chemistry,4488,4703.063175
chemistry,4489,4702.939225
chemistry,4490,4702.817175
chemistry,4491,4702.765375
chemistry,4492,4702.58435
chemistry,4493,4702.4978
chemistry,4494,4702.313925
chemistry,4495,4702.20345
chemistry,4496,4702.163175000001
chemistry,4497,4702.142225
chemistry,4498,4702.1005749999995
chemistry,4499,4702.006375
chemistry,4500,4701.931149999999
chemistry,4501,4701.923175
chemistry,4502,4701.831175
chemistry,4503,4701.72675
chemistry,4504,4701.56325
chemistry,4505,4701.2936
chemistry,4506,4701.2006
chemistry,4507,4701.10635
chemistry,4508,4701.0983
chemistry,4509,4701.040674999999
chemistry,4510,4701.0391
chemistry,4511,4701.00405
chemistry,4512,4700.9
chemistry,4513,4700.822625
chemistry,4514,4700.76725
chemistry,4515,4700.6465
chemistry,4516,4700.29
chemistry,4517,4700.19575
chemistry,4518,4700.027175
chemistry,4519,4700.0
chemistry,4520,4699.922775
chemistry,4521,4699.895625
chemistry,4522,4699.62135
chemistry,4523,4699.6146
chemistry,4524,4699.467075
chemistry,4525,4699.354025
chemistry,4526,4699.25055
chemistry,4527,4699.234175
chemistry,4528,4699.0956750000005
chemistry,4529,4699.0151
chemistry,4530,4698.923
chemistry,4531,4698.821424999999
chemistry,4532,4698.7685
chemistry,4533,4698.74175
chemistry,4534,4698.73395
chemistry,4535,4698.6751
chemistry,4536,4698.610224999999
chemistry,4537,4698.3767
chemistry,4538,4698.3296
chemistry,4539,4697.9036
chemistry,4540,4697.508875
chemistry,4541,4697.4689499999995
chemistry,4542,4697.233825
chemistry,4543,4697.17525
chemistry,4544,4697.07295
chemistry,4545,4697.0729249999995
chemistry,4546,4696.991125
chemistry,4547,4696.706175
chemistry,4548,4696.5773500000005
chemistry,4549,4696.5533000000005
chemistry,4550,4696.405949999999
chemistry,4551,4696.362575
chemistry,4552,4696.35625
chemistry,4553,4696.231
chemistry,4554,4696.168025
chemistry,4555,4696.033925
chemistry,4556,4695.806175
chemistry,4557,4695.73525
chemistry,4558,4695.6868
chemistry,4559,4695.6435
chemistry,4560,4695.470775
chemistry,4561,4695.16175
chemistry,4562,4695.151225
chemistry,4563,4695.097175
chemistry,4564,4695.095
chemistry,4565,4695.055975
chemistry,4566,4694.979175
chemistry,4567,4694.966925
chemistry,4568,4694.9478
chemistry,4569,4694.9
chemistry,4570,4694.8784749999995
chemistry,4571,4694.779025
chemistry,4572,4694.72855
chemistry,4573,4694.683425
chemistry,4574,4694.587425
chemistry,4575,4694.531275
chemistry,4576,4694.4839999999995
chemistry,4577,4694.174925
chemistry,4578,4694.006249999999
chemistry,4579,4693.81225
chemistry,4580,4693.51780225
chemistry,4581,4693.381525
chemistry,4582,4693.202625
chemistry,4583,4693.1672499999995
chemistry,4584,4693.163175
chemistry,4585,4693.150675
chemistry,4586,4692.94255
chemistry,4587,4692.800075
chemistry,4588,4692.6757
chemistry,4589,4692.592
chemistry,4590,4692.2331
chemistry,4591,4691.80005
chemistry,4592,4691.560425
chemistry,4593,4691.553525
chemistry,4594,4691.458325
chemistry,4595,4691.280975
chemistry,4596,4691.252125
chemistry,4597,4691.23335
chemistry,4598,4691.222175
chemistry,4599,4691.216125
chemistry,4600,4690.9583250000005
chemistry,4601,4690.91835
chemistry,4602,4690.896525
chemistry,4603,4690.850525
chemistry,4604,4690.8009
chemistry,4605,4690.699925
chemistry,4606,4690.695375
chemistry,4607,4690.47425
chemistry,4608,4690.3311
chemistry,4609,4689.95635
chemistry,4610,4689.920025
chemistry,4611,4689.841775
chemistry,4612,4689.825625
chemistry,4613,4689.80665
chemistry,4614,4689.675075
chemistry,4615,4689.582525
chemistry,4616,4689.384175
chemistry,4617,4689.34785
chemistry,4618,4689.2644
chemistry,4619,4688.939525
chemistry,4620,4688.89425
chemistry,4621,4688.862425
chemistry,4622,4688.519925
chemistry,4623,4688.4701
chemistry,4624,4688.468675
chemistry,4625,4688.352075
chemistry,4626,4688.11315
chemistry,4627,4688.053449999999
chemistry,4628,4687.7561749999995
chemistry,4629,4687.600075
chemistry,4630,4687.3675
chemistry,4631,4687.311775
chemistry,4632,4686.870275
chemistry,4633,4686.817274999999
chemistry,4634,4686.8007
chemistry,4635,4686.790175
chemistry,4636,4686.752075
chemistry,4637,4686.52555
chemistry,4638,4686.331225
chemistry,4639,4686.11465
chemistry,4640,4685.99935
chemistry,4641,4685.968675
chemistry,4642,4685.724975
chemistry,4643,4685.681175
chemistry,4644,4685.638425
chemistry,4645,4685.606175
chemistry,4646,4685.4416
chemistry,4647,4685.40835
chemistry,4648,4685.078675
chemistry,4649,4685.0728500000005
chemistry,4650,4684.872625
chemistry,4651,4684.84625
chemistry,4652,4684.7561749999995
chemistry,4653,4684.7451
chemistry,4654,4684.71185
chemistry,4655,4684.701025
chemistry,4656,4684.65605
chemistry,4657,4684.565925
chemistry,4658,4684.5499500000005
chemistry,4659,4683.7561
chemistry,4660,4683.75565
chemistry,4661,4683.7540500000005
chemistry,4662,4683.752025
chemistry,4663,4683.5186
chemistry,4664,4683.4019
chemistry,4665,4683.35285
chemistry,4666,4683.329675
chemistry,4667,4683.1397
chemistry,4668,4683.13745
chemistry,4669,4683.123175
chemistry,4670,4682.9174
chemistry,4671,4682.822225
chemistry,4672,4682.6118
chemistry,4673,4682.5249
chemistry,4674,4682.474
chemistry,4675,4682.325575
chemistry,4676,4682.2333
chemistry,4677,4681.9241
chemistry,4678,4681.71875
chemistry,4679,4681.672825
chemistry,4680,4681.564825
chemistry,4681,4681.560025
chemistry,4682,4681.47075
chemistry,4683,4681.41425
chemistry,4684,4681.37495
chemistry,4685,4681.2061
chemistry,4686,4681.18935
chemistry,4687,4681.043825
chemistry,4688,4680.945175
chemistry,4689,4680.940275
chemistry,4690,4680.8925500000005
chemistry,4691,4680.848425
chemistry,4692,4680.798175
chemistry,4693,4680.591575
chemistry,4694,4680.54975
chemistry,4695,4680.539425
chemistry,4696,4680.4895
chemistry,4697,4680.48525
chemistry,4698,4680.282425
chemistry,4699,4680.258400000001
chemistry,4700,4679.8115
chemistry,4701,4679.73385
chemistry,4702,4679.543575
chemistry,4703,4679.5395
chemistry,4704,4679.378425
chemistry,4705,4679.29155
chemistry,4706,4679.188925
chemistry,4707,4679.0977250000005
chemistry,4708,4678.931175
chemistry,4709,4678.918
chemistry,4710,4678.7741
chemistry,4711,4678.701075
chemistry,4712,4678.662425
chemistry,4713,4678.614675
chemistry,4714,4678.500175
chemistry,4715,4678.411875
chemistry,4716,4678.3766749999995
chemistry,4717,4678.3708750000005
chemistry,4718,4678.313825
chemistry,4719,4678.114375
chemistry,4720,4678.0951749999995
chemistry,4721,4678.068749999999
chemistry,4722,4678.0563250000005
chemistry,4723,4677.848025
chemistry,4724,4677.67675
chemistry,4725,4677.65855
chemistry,4726,4677.578525
chemistry,4727,4677.5632
chemistry,4728,4677.525
chemistry,4729,4677.5001250000005
chemistry,4730,4677.467175
chemistry,4731,4677.30635
chemistry,4732,4676.804025
chemistry,4733,4676.7501
chemistry,4734,4676.4535000000005
chemistry,4735,4676.3730749999995
chemistry,4736,4676.3425
chemistry,4737,4676.3422
chemistry,4738,4676.3332
chemistry,4739,4676.249825
chemistry,4740,4676.2326
chemistry,4741,4676.2
chemistry,4742,4676.1624
chemistry,4743,4675.971500000001
chemistry,4744,4675.414025
chemistry,4745,4675.2435749999995
chemistry,4746,4675.168725
chemistry,4747,4675.0889
chemistry,4748,4675.064625
chemistry,4749,4674.981175
chemistry,4750,4674.967175
chemistry,4751,4674.734625
chemistry,4752,4674.726175
chemistry,4753,4674.70535
chemistry,4754,4674.69805
chemistry,4755,4674.6125
chemistry,4756,4674.41865
chemistry,4757,4674.36665
chemistry,4758,4674.283025
chemistry,4759,4674.156024999999
chemistry,4760,4673.956175
chemistry,4761,4673.856175
chemistry,4762,4673.856175
chemistry,4763,4673.81175
chemistry,4764,4673.708275
chemistry,4765,4673.681175
chemistry,4766,4673.625
chemistry,4767,4673.4685
chemistry,4768,4673.427075
chemistry,4769,4673.2781749999995
chemistry,4770,4673.186875
chemistry,4771,4673.106325
chemistry,4772,4672.931025
chemistry,4773,4672.86665
chemistry,4774,4672.81805
chemistry,4775,4672.741599999999
chemistry,4776,4672.702
chemistry,4777,4672.695825
chemistry,4778,4672.678199999999
chemistry,4779,4672.63015
chemistry,4780,4672.620025
chemistry,4781,4672.311874999999
chemistry,4782,4672.309
chemistry,4783,4672.21455
chemistry,4784,4672.17635
chemistry,4785,4672.169924999999
chemistry,4786,4672.1648000000005
chemistry,4787,4672.102125
chemistry,4788,4672.081175
chemistry,4789,4672.056175
chemistry,4790,4672.0284
chemistry,4791,4671.9036
chemistry,4792,4671.8018250000005
chemistry,4793,4671.7127
chemistry,4794,4671.6001750000005
chemistry,4795,4671.547449999999
chemistry,4796,4671.427225
chemistry,4797,4670.955525
chemistry,4798,4670.950000000001
chemistry,4799,4670.922925
chemistry,4800,4670.75635
chemistry,4801,4670.69865
chemistry,4802,4670.678
chemistry,4803,4670.514674999999
chemistry,4804,4670.514674999999
chemistry,4805,4670.449775
chemistry,4806,4670.400475
chemistry,4807,4670.31725
chemistry,4808,4670.209425
chemistry,4809,4670.193775
chemistry,4810,4669.849925
chemistry,4811,4669.80075
chemistry,4812,4669.666825
chemistry,4813,4669.6449999999995
chemistry,4814,4669.5740000000005
chemistry,4815,4669.43135
chemistry,4816,4669.355625
chemistry,4817,4669.300749999999
chemistry,4818,4669.1951
chemistry,4819,4669.1923
chemistry,4820,4669.1443
chemistry,4821,4669.105825
chemistry,4822,4669.084075
chemistry,4823,4669.046325
chemistry,4824,4668.96035
chemistry,4825,4668.9376
chemistry,4826,4668.8854249999995
chemistry,4827,4668.6539999999995
chemistry,4828,4668.299425
chemistry,4829,4668.1654499999995
chemistry,4830,4668.153975
chemistry,4831,4668.049975
chemistry,4832,4667.867
chemistry,4833,4667.789674999999
chemistry,4834,4667.589475
chemistry,4835,4667.5695
chemistry,4836,4667.563099999999
chemistry,4837,4667.339675
chemistry,4838,4667.291575
chemistry,4839,4667.232825
chemistry,4840,4667.14365
chemistry,4841,4667.052000000001
chemistry,4842,4666.9366
chemistry,4843,4666.89675
chemistry,4844,4666.784125
chemistry,4845,4666.629925
chemistry,4846,4666.610325
chemistry,4847,4666.356124999999
chemistry,4848,4666.144875
chemistry,4849,4666.06735
chemistry,4850,4666.022725
chemistry,4851,4665.9337749999995
chemistry,4852,4665.57425
chemistry,4853,4665.56515
chemistry,4854,4665.497925
chemistry,4855,4665.300075
chemistry,4856,4665.168849999999
chemistry,4857,4665.089425
chemistry,4858,4665.003374999999
chemistry,4859,4664.90355
chemistry,4860,4664.858249999999
chemistry,4861,4664.795775
chemistry,4862,4664.664575
chemistry,4863,4664.60585
chemistry,4864,4664.41745
chemistry,4865,4664.3728
chemistry,4866,4664.361925
chemistry,4867,4664.010475
chemistry,4868,4663.849325
chemistry,4869,4663.567175
chemistry,4870,4662.9310749999995
chemistry,4871,4662.7103
chemistry,4872,4662.581825
chemistry,4873,4662.575
chemistry,4874,4662.5229
chemistry,4875,4662.3503
chemistry,4876,4662.3349
chemistry,4877,4662.210425
chemistry,4878,4662.193525
chemistry,4879,4662.120175
chemistry,4880,4661.914525
chemistry,4881,4661.46885
chemistry,4882,4661.2793249999995
chemistry,4883,4661.1311749999995
chemistry,4884,4661.01025
chemistry,4885,4660.90315
chemistry,4886,4660.8659
chemistry,4887,4660.857599999999
chemistry,4888,4660.852725
chemistry,4889,4660.780949999999
chemistry,4890,4660.77275
chemistry,4891,4660.675
chemistry,4892,4660.66745
chemistry,4893,4660.6311749999995
chemistry,4894,4660.5578749999995
chemistry,4895,4660.288225
chemistry,4896,4660.2849
chemistry,4897,4660.147725
chemistry,4898,4660.056175
chemistry,4899,4659.992375
chemistry,4900,4659.78125
chemistry,4901,4659.643625
chemistry,4902,4659.571424999999
chemistry,4903,4659.18195
chemistry,4904,4659.101925
chemistry,4905,4658.927
chemistry,4906,4658.914175
chemistry,4907,4658.810975
chemistry,4908,4658.624875
chemistry,4909,4658.53365
chemistry,4910,4658.367775
chemistry,4911,4658.33675
chemistry,4912,4658.2255749999995
chemistry,4913,4658.224925
chemistry,4914,4658.20055
chemistry,4915,4658.122899999999
chemistry,4916,4658.106275
chemistry,4917,4658.0213
chemistry,4918,4657.99185
chemistry,4919,4657.956325
chemistry,4920,4657.428675
chemistry,4921,4657.307175
chemistry,4922,4657.024675
chemistry,4923,4656.84495
chemistry,4924,4656.65935
chemistry,4925,4656.581175
chemistry,4926,4656.56485
chemistry,4927,4656.509325
chemistry,4928,4656.46145
chemistry,4929,4656.4436749999995
chemistry,4930,4656.377025
chemistry,4931,4656.367325
chemistry,4932,4656.243275
chemistry,4933,4656.214475
chemistry,4934,4656.1813
chemistry,4935,4656.147725
chemistry,4936,4655.724925
chemistry,4937,4655.59085
chemistry,4938,4655.511675
chemistry,4939,4655.3132749999995
chemistry,4940,4655.303325
chemistry,4941,4655.030575000001
chemistry,4942,4654.936475
chemistry,4943,4654.775
chemistry,4944,4654.642175
chemistry,4945,4654.5888749999995
chemistry,4946,4654.5555
chemistry,4947,4654.485175
chemistry,4948,4654.451625
chemistry,4949,4654.4378
chemistry,4950,4653.86335
chemistry,4951,4653.629975
chemistry,4952,4653.522825
chemistry,4953,4653.413
chemistry,4954,4653.406125
chemistry,4955,4653.3345
chemistry,4956,4653.311075
chemistry,4957,4652.9726
chemistry,4958,4652.835325
chemistry,4959,4652.7101
chemistry,4960,4652.706075
chemistry,4961,4652.689574999999
chemistry,4962,4652.6341
chemistry,4963,4652.6286
chemistry,4964,4652.57905
chemistry,4965,4652.4611749999995
chemistry,4966,4652.375875
chemistry,4967,4652.2561
chemistry,4968,4652.093575
chemistry,4969,4652.089675
chemistry,4970,4652.0502
chemistry,4971,4651.8
chemistry,4972,4651.66615
chemistry,4973,4651.550575
chemistry,4974,4651.349975
chemistry,4975,4651.062425
chemistry,4976,4650.993750000001
chemistry,4977,4650.789449999999
chemistry,4978,4650.597925
chemistry,4979,4650.437025
chemistry,4980,4650.40625
chemistry,4981,4650.365825
chemistry,4982,4650.311
chemistry,4983,4650.268575
chemistry,4984,4650.261175
chemistry,4985,4650.108175
chemistry,4986,4650.052025
chemistry,4987,4650.022875
chemistry,4988,4650.0
chemistry,4989,4649.9998000000005
chemistry,4990,4649.928325
chemistry,4991,4649.704825
chemistry,4992,4649.68665
chemistry,4993,4649.672675
chemistry,4994,4649.663149999999
chemistry,4995,4649.643575
chemistry,4996,4649.44795
chemistry,4997,4649.43315
chemistry,4998,4649.210599999999
chemistry,4999,4648.99795
chemistry,5000,4648.89725
chemistry,5001,4648.693725
chemistry,5002,4648.483075
chemistry,5003,4648.42495
chemistry,5004,4648.413
chemistry,5005,4648.4061
chemistry,5006,4648.228174999999
chemistry,5007,4647.900075
chemistry,5008,4647.85225
chemistry,5009,4647.784275
chemistry,5010,4647.7575
chemistry,5011,4647.722875
chemistry,5012,4647.61175
chemistry,5013,4647.452174999999
chemistry,5014,4647.2
chemistry,5015,4647.083875
chemistry,5016,4646.8269
chemistry,5017,4646.5750499999995
chemistry,5018,4646.492275
chemistry,5019,4646.47855
chemistry,5020,4646.4465
chemistry,5021,4646.425
chemistry,5022,4646.389175
chemistry,5023,4646.095675
chemistry,5024,4645.911924999999
chemistry,5025,4645.611524999999
chemistry,5026,4645.428575
chemistry,5027,4645.41165
chemistry,5028,4645.39375
chemistry,5029,4645.36445
chemistry,5030,4645.344925
chemistry,5031,4645.18125
chemistry,5032,4645.0061
chemistry,5033,4645.000175
chemistry,5034,4644.98885
chemistry,5035,4644.93125
chemistry,5036,4644.925
chemistry,5037,4644.895074999999
chemistry,5038,4644.7561749999995
chemistry,5039,4644.670175
chemistry,5040,4644.587775
chemistry,5041,4644.497925
chemistry,5042,4644.456475
chemistry,5043,4644.365
chemistry,5044,4644.3619499999995
chemistry,5045,4644.316725000001
chemistry,5046,4644.3132749999995
chemistry,5047,4644.306175
chemistry,5048,4644.27975
chemistry,5049,4644.18125
chemistry,5050,4643.989225
chemistry,5051,4643.892275
chemistry,5052,4643.856900000001
chemistry,5053,4643.842275
chemistry,5054,4643.814275
chemistry,5055,4643.7788
chemistry,5056,4643.540875
chemistry,5057,4643.44495
chemistry,5058,4643.244375
chemistry,5059,4643.100575
chemistry,5060,4642.9333
chemistry,5061,4642.8
chemistry,5062,4642.690325
chemistry,5063,4642.49995
chemistry,5064,4642.499949999999
chemistry,5065,4642.389575
chemistry,5066,4642.340875
chemistry,5067,4642.339475
chemistry,5068,4642.33255
chemistry,5069,4642.311675
chemistry,5070,4641.9575
chemistry,5071,4641.814475
chemistry,5072,4641.35
chemistry,5073,4641.3333
chemistry,5074,4641.2372749999995
chemistry,5075,4641.221175
chemistry,5076,4641.124825
chemistry,5077,4640.941524999999
chemistry,5078,4640.89515
chemistry,5079,4640.717275
chemistry,5080,4640.581
chemistry,5081,4640.5783249999995
chemistry,5082,4640.317
chemistry,5083,4640.1957
chemistry,5084,4640.092275
chemistry,5085,4640.054174999999
chemistry,5086,4639.987525
chemistry,5087,4639.9227
chemistry,5088,4639.9095
chemistry,5089,4639.788075
chemistry,5090,4639.778675
chemistry,5091,4639.549325
chemistry,5092,4639.306175
chemistry,5093,4639.23125
chemistry,5094,4639.131125
chemistry,5095,4639.0007749999995
chemistry,5096,4638.933225
chemistry,5097,4638.876975
chemistry,5098,4638.593675
chemistry,5099,4638.5665
chemistry,5100,4638.5555
chemistry,5101,4638.467374999999
chemistry,5102,4638.4382
chemistry,5103,4638.292925
chemistry,5104,4638.289525
chemistry,5105,4638.263075
chemistry,5106,4638.179075
chemistry,5107,4637.964625
chemistry,5108,4637.851875
chemistry,5109,4637.74795
chemistry,5110,4637.7393999999995
chemistry,5111,4637.48505
chemistry,5112,4637.472699999999
chemistry,5113,4637.274925
chemistry,5114,4637.1745
chemistry,5115,4637.118675
chemistry,5116,4637.0896999999995
chemistry,5117,4637.05
chemistry,5118,4637.039525
chemistry,5119,4637.0395
chemistry,5120,4636.7205
chemistry,5121,4636.6113000000005
chemistry,5122,4636.56735
chemistry,5123,4636.567325
chemistry,5124,4636.554775
chemistry,5125,4636.289525
chemistry,5126,4636.2688499999995
chemistry,5127,4636.262975
chemistry,5128,4636.193425
chemistry,5129,4635.857675
chemistry,5130,4635.749925
chemistry,5131,4635.645175000001
chemistry,5132,4635.5114
chemistry,5133,4635.018
chemistry,5134,4634.89775
chemistry,5135,4634.88535
chemistry,5136,4634.830125
chemistry,5137,4634.716275
chemistry,5138,4634.4479249999995
chemistry,5139,4634.4397
chemistry,5140,4634.389
chemistry,5141,4634.279925
chemistry,5142,4634.244825
chemistry,5143,4634.151924999999
chemistry,5144,4633.86335
chemistry,5145,4633.722025
chemistry,5146,4633.589525
chemistry,5147,4633.4340999999995
chemistry,5148,4633.411775
chemistry,5149,4633.365975
chemistry,5150,4633.255625
chemistry,5151,4633.2062
chemistry,5152,4633.181275
chemistry,5153,4633.0355
chemistry,5154,4632.9929999999995
chemistry,5155,4632.893675
chemistry,5156,4632.658225
chemistry,5157,4632.4284
chemistry,5158,4632.220875
chemistry,5159,4632.14975
chemistry,5160,4632.056175
chemistry,5161,4631.814525
chemistry,5162,4631.7769
chemistry,5163,4631.772075
chemistry,5164,4631.656325
chemistry,5165,4631.637575
chemistry,5166,4631.3495250000005
chemistry,5167,4631.3451749999995
chemistry,5168,4631.211775
chemistry,5169,4631.067375
chemistry,5170,4631.0542749999995
chemistry,5171,4630.9006
chemistry,5172,4630.7561749999995
chemistry,5173,4630.727025
chemistry,5174,4630.443899999999
chemistry,5175,4630.393675
chemistry,5176,4630.37355
chemistry,5177,4630.211675
chemistry,5178,4630.0923999999995
chemistry,5179,4630.0418
chemistry,5180,4629.9894
chemistry,5181,4629.723
chemistry,5182,4629.67065
chemistry,5183,4629.634
chemistry,5184,4629.633975
chemistry,5185,4629.4064
chemistry,5186,4629.278600000001
chemistry,5187,4629.02275
chemistry,5188,4628.93495
chemistry,5189,4628.6815
chemistry,5190,4628.656174999999
chemistry,5191,4628.611925
chemistry,5192,4628.542125
chemistry,5193,4628.536075
chemistry,5194,4628.23955
chemistry,5195,4628.1005749999995
chemistry,5196,4628.02355
chemistry,5197,4627.9212
chemistry,5198,4627.834075
chemistry,5199,4627.818375
chemistry,5200,4627.717425
chemistry,5201,4627.528675
chemistry,5202,4627.4978249999995
chemistry,5203,4627.448225
chemistry,5204,4627.40205
chemistry,5205,4627.305675
chemistry,5206,4626.981175
chemistry,5207,4626.906175
chemistry,5208,4626.85
chemistry,5209,4626.64195
chemistry,5210,4626.5488
chemistry,5211,4626.492275
chemistry,5212,4626.3753
chemistry,5213,4626.30085
chemistry,5214,4625.949475
chemistry,5215,4625.92245
chemistry,5216,4625.8975
chemistry,5217,4625.881975
chemistry,5218,4625.1810749999995
chemistry,5219,4625.139525
chemistry,5220,4625.10545
chemistry,5221,4625.078
chemistry,5222,4625.0
chemistry,5223,4625.0
chemistry,5224,4624.84485
chemistry,5225,4624.839525
chemistry,5226,4624.799849999999
chemistry,5227,4624.702225
chemistry,5228,4624.6631
chemistry,5229,4624.353275
chemistry,5230,4624.16435
chemistry,5231,4624.12425
chemistry,5232,4624.101925
chemistry,5233,4624.015625
chemistry,5234,4623.9896
chemistry,5235,4623.933875
chemistry,5236,4623.8096749999995
chemistry,5237,4623.747899999999
chemistry,5238,4623.664575
chemistry,5239,4623.322875
chemistry,5240,4623.25595
chemistry,5241,4622.9499749999995
chemistry,5242,4622.808349999999
chemistry,5243,4622.7499
chemistry,5244,4622.7381749999995
chemistry,5245,4622.570874999999
chemistry,5246,4622.3227
chemistry,5247,4622.270825
chemistry,5248,4622.245175
chemistry,5249,4622.128575
chemistry,5250,4622.1001
chemistry,5251,4622.00195
chemistry,5252,4621.964075
chemistry,5253,4621.886974999999
chemistry,5254,4621.807325
chemistry,5255,4621.7595
chemistry,5256,4621.704349999999
chemistry,5257,4621.64505
chemistry,5258,4621.581025
chemistry,5259,4621.16435
chemistry,5260,4621.12775
chemistry,5261,4620.862349999999
chemistry,5262,4620.8341
chemistry,5263,4620.6811
chemistry,5264,4620.677925
chemistry,5265,4620.345249999999
chemistry,5266,4620.299849999999
chemistry,5267,4620.2631
chemistry,5268,4620.167175
chemistry,5269,4620.100025
chemistry,5270,4620.076
chemistry,5271,4620.037575
chemistry,5272,4619.9881
chemistry,5273,4619.943749999999
chemistry,5274,4619.893775
chemistry,5275,4619.8189999999995
chemistry,5276,4619.808925
chemistry,5277,4619.80475
chemistry,5278,4619.639725
chemistry,5279,4619.581275
chemistry,5280,4619.339525
chemistry,5281,4619.31445
chemistry,5282,4619.233799999999
chemistry,5283,4618.82685
chemistry,5284,4618.63815
chemistry,5285,4618.25815
chemistry,5286,4618.097775
chemistry,5287,4618.052049999999
chemistry,5288,4618.044875
chemistry,5289,4618.04215
chemistry,5290,4618.033925
chemistry,5291,4617.934175
chemistry,5292,4617.884175
chemistry,5293,4617.8828
chemistry,5294,4617.82405
chemistry,5295,4617.63375
chemistry,5296,4617.400675
chemistry,5297,4617.35355
chemistry,5298,4617.22275
chemistry,5299,4617.0174
chemistry,5300,4616.936874999999
chemistry,5301,4616.87825
chemistry,5302,4616.737749999999
chemistry,5303,4616.72435
chemistry,5304,4616.7229
chemistry,5305,4616.711575
chemistry,5306,4616.518775
chemistry,5307,4616.473025
chemistry,5308,4616.169525
chemistry,5309,4616.027999999999
chemistry,5310,4615.8646
chemistry,5311,4615.850649999999
chemistry,5312,4615.73955
chemistry,5313,4615.563875
chemistry,5314,4615.518675
chemistry,5315,4615.275075
chemistry,5316,4615.174925
chemistry,5317,4615.135925
chemistry,5318,4615.064725
chemistry,5319,4614.8526
chemistry,5320,4614.7750750000005
chemistry,5321,4614.775
chemistry,5322,4614.7228000000005
chemistry,5323,4614.704275
chemistry,5324,4614.63395
chemistry,5325,4614.622525
chemistry,5326,4614.600649999999
chemistry,5327,4614.588425
chemistry,5328,4614.45495
chemistry,5329,4614.188075
chemistry,5330,4614.1744
chemistry,5331,4614.05045
chemistry,5332,4614.003874999999
chemistry,5333,4613.5935
chemistry,5334,4613.528575
chemistry,5335,4613.3776
chemistry,5336,4613.32985
chemistry,5337,4613.30125
chemistry,5338,4613.2936
chemistry,5339,4613.2889
chemistry,5340,4613.105875
chemistry,5341,4612.967325
chemistry,5342,4612.915375
chemistry,5343,4612.737575
chemistry,5344,4612.225
chemistry,5345,4612.2201
chemistry,5346,4612.151225
chemistry,5347,4612.02365
chemistry,5348,4611.97985
chemistry,5349,4611.9063
chemistry,5350,4611.781024999999
chemistry,5351,4611.4222
chemistry,5352,4611.4083
chemistry,5353,4611.33335
chemistry,5354,4611.066949999999
chemistry,5355,4611.06175
chemistry,5356,4610.93395
chemistry,5357,4610.54215
chemistry,5358,4610.52485
chemistry,5359,4610.48895
chemistry,5360,4610.411975
chemistry,5361,4610.089
chemistry,5362,4610.056224999999
chemistry,5363,4610.0
chemistry,5364,4609.955925
chemistry,5365,4609.691425
chemistry,5366,4609.608424999999
chemistry,5367,4609.513425
chemistry,5368,4609.500575
chemistry,5369,4609.361875
chemistry,5370,4609.32095
chemistry,5371,4609.299675
chemistry,5372,4609.1783
chemistry,5373,4609.0515749999995
chemistry,5374,4608.997974999999
chemistry,5375,4608.597925
chemistry,5376,4608.225
chemistry,5377,4608.150225
chemistry,5378,4607.9317
chemistry,5379,4607.897225
chemistry,5380,4607.649125
chemistry,5381,4607.499275
chemistry,5382,4607.4555
chemistry,5383,4607.40875
chemistry,5384,4606.96425
chemistry,5385,4606.745225
chemistry,5386,4606.6
chemistry,5387,4606.567175
chemistry,5388,4606.562425
chemistry,5389,4606.53885
chemistry,5390,4606.5185249999995
chemistry,5391,4606.502875
chemistry,5392,4606.32235
chemistry,5393,4606.0626
chemistry,5394,4605.954125
chemistry,5395,4605.8646
chemistry,5396,4605.687575
chemistry,5397,4605.678325
chemistry,5398,4605.45415
chemistry,5399,4605.32295
chemistry,5400,4605.311549999999
chemistry,5401,4605.2775
chemistry,5402,4605.267
chemistry,5403,4605.265925
chemistry,5404,4605.154225
chemistry,5405,4605.148725
chemistry,5406,4604.833925
chemistry,5407,4604.725825
chemistry,5408,4604.681825
chemistry,5409,4604.62145
chemistry,5410,4604.597949999999
chemistry,5411,4604.472975
chemistry,5412,4604.464525
chemistry,5413,4604.169175
chemistry,5414,4604.1174249999995
chemistry,5415,4604.08745
chemistry,5416,4603.91285
chemistry,5417,4603.6618
chemistry,5418,4603.46725
chemistry,5419,4603.2996
chemistry,5420,4603.13125
chemistry,5421,4603.063075
chemistry,5422,4603.010175
chemistry,5423,4602.942325
chemistry,5424,4602.88945
chemistry,5425,4602.888075
chemistry,5426,4602.878425
chemistry,5427,4602.872925
chemistry,5428,4602.8588500000005
chemistry,5429,4602.835599999999
chemistry,5430,4602.822675
chemistry,5431,4602.7564
chemistry,5432,4602.6770750000005
chemistry,5433,4602.647875
chemistry,5434,4602.55765
chemistry,5435,4602.389525
chemistry,5436,4602.282
chemistry,5437,4602.131275
chemistry,5438,4602.1083
chemistry,5439,4602.011825
chemistry,5440,4601.649925
chemistry,5441,4601.4694
chemistry,5442,4601.456174999999
chemistry,5443,4601.174925
chemistry,5444,4601.16645
chemistry,5445,4600.9765
chemistry,5446,4600.609925000001
chemistry,5447,4600.5118250000005
chemistry,5448,4600.395675
chemistry,5449,4600.26875
chemistry,5450,4600.1481
chemistry,5451,4600.072725
chemistry,5452,4599.990025
chemistry,5453,4599.892925
chemistry,5454,4599.8341
chemistry,5455,4599.749475
chemistry,5456,4599.69195
chemistry,5457,4599.651825
chemistry,5458,4599.2747
chemistry,5459,4599.100325
chemistry,5460,4599.081025
chemistry,5461,4599.017175
chemistry,5462,4598.9572
chemistry,5463,4598.7835
chemistry,5464,4598.76445
chemistry,5465,4598.649325
chemistry,5466,4598.575
chemistry,5467,4598.459275
chemistry,5468,4598.431275
chemistry,5469,4598.387325
chemistry,5470,4598.3456
chemistry,5471,4598.322875
chemistry,5472,4598.291
chemistry,5473,4598.058475
chemistry,5474,4597.545075
chemistry,5475,4597.488925
chemistry,5476,4597.02635
chemistry,5477,4596.889575
chemistry,5478,4596.8645
chemistry,5479,4596.82625
chemistry,5480,4596.7561
chemistry,5481,4596.6616
chemistry,5482,4596.623675
chemistry,5483,4596.581075
chemistry,5484,4596.567174999999
chemistry,5485,4596.374775
chemistry,5486,4596.356175
chemistry,5487,4596.32895
chemistry,5488,4596.32395
chemistry,5489,4596.3209
chemistry,5490,4595.957574999999
chemistry,5491,4595.825
chemistry,5492,4595.787475
chemistry,5493,4595.511875
chemistry,5494,4595.478425
chemistry,5495,4595.3645
chemistry,5496,4595.0561
chemistry,5497,4594.745024999999
chemistry,5498,4594.623
chemistry,5499,4594.5061
chemistry,5500,4594.4481
chemistry,5501,4594.285425
chemistry,5502,4593.8564
chemistry,5503,4593.76335
chemistry,5504,4593.734549999999
chemistry,5505,4593.542175
chemistry,5506,4593.50055
chemistry,5507,4593.4671
chemistry,5508,4593.176325
chemistry,5509,4593.0356
chemistry,5510,4593.0353000000005
chemistry,5511,4592.93935
chemistry,5512,4592.6897
chemistry,5513,4592.472375
chemistry,5514,4592.3893
chemistry,5515,4592.32585
chemistry,5516,4592.30625
chemistry,5517,4592.267175
chemistry,5518,4592.169425
chemistry,5519,4591.972675
chemistry,5520,4591.8754
chemistry,5521,4591.739275
chemistry,5522,4591.6576
chemistry,5523,4591.602
chemistry,5524,4591.578925
chemistry,5525,4591.487675
chemistry,5526,4591.347825
chemistry,5527,4591.117174999999
chemistry,5528,4590.950125
chemistry,5529,4590.7771999999995
chemistry,5530,4590.73945
chemistry,5531,4590.706249999999
chemistry,5532,4590.67775
chemistry,5533,4590.078475
chemistry,5534,4590.043075
chemistry,5535,4589.8998249999995
chemistry,5536,4589.8240749999995
chemistry,5537,4589.71525
chemistry,5538,4589.682599999999
chemistry,5539,4589.61475
chemistry,5540,4589.48955
chemistry,5541,4589.489474999999
chemistry,5542,4589.247275
chemistry,5543,4589.12355
chemistry,5544,4589.067175
chemistry,5545,4589.0007
chemistry,5546,4588.889674999999
chemistry,5547,4588.77435
chemistry,5548,4588.728325
chemistry,5549,4588.239525
chemistry,5550,4588.158399999999
chemistry,5551,4588.021374999999
chemistry,5552,4587.945175
chemistry,5553,4587.906199999999
chemistry,5554,4587.8018
chemistry,5555,4587.6911
chemistry,5556,4587.5377499999995
chemistry,5557,4587.48095
chemistry,5558,4587.399899999999
chemistry,5559,4587.37745
chemistry,5560,4587.374175
chemistry,5561,4587.340825
chemistry,5562,4587.28955
chemistry,5563,4587.2339
chemistry,5564,4587.22245
chemistry,5565,4586.995925
chemistry,5566,4586.78535
chemistry,5567,4586.65065
chemistry,5568,4586.5812750000005
chemistry,5569,4586.531175
chemistry,5570,4586.3228
chemistry,5571,4586.30185
chemistry,5572,4586.189375
chemistry,5573,4585.89675
chemistry,5574,4585.666875
chemistry,5575,4585.628275
chemistry,5576,4585.44445
chemistry,5577,4585.36435
chemistry,5578,4585.350475
chemistry,5579,4585.330825
chemistry,5580,4585.28355
chemistry,5581,4585.1269
chemistry,5582,4584.8997
chemistry,5583,4584.756225
chemistry,5584,4584.722
chemistry,5585,4584.694425
chemistry,5586,4584.634
chemistry,5587,4584.59615
chemistry,5588,4584.495849999999
chemistry,5589,4584.472625
chemistry,5590,4584.32015
chemistry,5591,4584.26255
chemistry,5592,4584.194675000001
chemistry,5593,4584.12635
chemistry,5594,4584.011475
chemistry,5595,4583.99185
chemistry,5596,4583.974175
chemistry,5597,4583.90415
chemistry,5598,4583.842224999999
chemistry,5599,4583.6563
chemistry,5600,4583.64265
chemistry,5601,4583.456175
chemistry,5602,4583.204425
chemistry,5603,4583.1708
chemistry,5604,4583.012500000001
chemistry,5605,4582.9781
chemistry,5606,4582.97575
chemistry,5607,4582.74785
chemistry,5608,4582.711175
chemistry,5609,4582.551775
chemistry,5610,4582.52295
chemistry,5611,4582.2786750000005
chemistry,5612,4582.264575
chemistry,5613,4582.245175
chemistry,5614,4582.154325
chemistry,5615,4582.029175
chemistry,5616,4581.917025
chemistry,5617,4581.7561
chemistry,5618,4581.738125
chemistry,5619,4581.73135
chemistry,5620,4581.622925000001
chemistry,5621,4581.518599999999
chemistry,5622,4581.516925
chemistry,5623,4581.47995
chemistry,5624,4581.4185
chemistry,5625,4581.1735
chemistry,5626,4581.161775
chemistry,5627,4581.09035
chemistry,5628,4581.0502
chemistry,5629,4580.951625
chemistry,5630,4580.9
chemistry,5631,4580.829125
chemistry,5632,4580.7951
chemistry,5633,4580.406825
chemistry,5634,4580.156175
chemistry,5635,4580.0506749999995
chemistry,5636,4579.8958
chemistry,5637,4579.63435
chemistry,5638,4579.6006
chemistry,5639,4579.522875
chemistry,5640,4579.439
chemistry,5641,4579.372725
chemistry,5642,4579.36665
chemistry,5643,4579.322125000001
chemistry,5644,4579.2395750000005
chemistry,5645,4579.0118
chemistry,5646,4578.964875
chemistry,5647,4578.672825
chemistry,5648,4578.4353
chemistry,5649,4578.36025
chemistry,5650,4578.0836
chemistry,5651,4578.076599999999
chemistry,5652,4578.056175
chemistry,5653,4578.0548499999995
chemistry,5654,4578.0444
chemistry,5655,4577.850675000001
chemistry,5656,4577.693499999999
chemistry,5657,4577.6775
chemistry,5658,4577.529525
chemistry,5659,4577.374025
chemistry,5660,4577.34375
chemistry,5661,4577.2588
chemistry,5662,4577.18405
chemistry,5663,4577.078575
chemistry,5664,4576.8645750000005
chemistry,5665,4576.34095
chemistry,5666,4576.3353
chemistry,5667,4576.22145
chemistry,5668,4576.139075
chemistry,5669,4576.100525
chemistry,5670,4576.089275
chemistry,5671,4575.92285
chemistry,5672,4575.857225
chemistry,5673,4575.71065
chemistry,5674,4575.706025
chemistry,5675,4575.546525
chemistry,5676,4575.516675000001
chemistry,5677,4575.50625
chemistry,5678,4575.170700000001
chemistry,5679,4575.10485
chemistry,5680,4575.067375
chemistry,5681,4575.0352
chemistry,5682,4574.97135
chemistry,5683,4574.933
chemistry,5684,4574.878475
chemistry,5685,4574.748175
chemistry,5686,4574.4095
chemistry,5687,4574.393575
chemistry,5688,4573.976925
chemistry,5689,4573.908325
chemistry,5690,4573.614575
chemistry,5691,4573.61025
chemistry,5692,4573.5873249999995
chemistry,5693,4573.531425
chemistry,5694,4573.5225
chemistry,5695,4573.4671
chemistry,5696,4573.466525
chemistry,5697,4573.4
chemistry,5698,4573.3507
chemistry,5699,4572.656325
chemistry,5700,4572.63205
chemistry,5701,4572.338525
chemistry,5702,4572.289425
chemistry,5703,4572.2875
chemistry,5704,4572.257425
chemistry,5705,4572.239425
chemistry,5706,4572.16815
chemistry,5707,4572.033275
chemistry,5708,4571.997925
chemistry,5709,4571.851874999999
chemistry,5710,4571.8277
chemistry,5711,4571.747875
chemistry,5712,4571.498425
chemistry,5713,4571.255975
chemistry,5714,4571.110475
chemistry,5715,4571.018675
chemistry,5716,4571.00395
chemistry,5717,4570.86435
chemistry,5718,4570.739525
chemistry,5719,4570.660449999999
chemistry,5720,4570.4313
chemistry,5721,4570.317225
chemistry,5722,4570.233975
chemistry,5723,4570.10625
chemistry,5724,4569.818725
chemistry,5725,4569.662625
chemistry,5726,4569.511175
chemistry,5727,4569.499425
chemistry,5728,4569.4743
chemistry,5729,4569.123
chemistry,5730,4568.8352
chemistry,5731,4568.768325
chemistry,5732,4567.789625
chemistry,5733,4567.627025
chemistry,5734,4567.512624999999
chemistry,5735,4567.45035
chemistry,5736,4567.277925
chemistry,5737,4567.17005
chemistry,5738,4567.1311
chemistry,5739,4566.9904
chemistry,5740,4566.8825
chemistry,5741,4566.806
chemistry,5742,4566.624925
chemistry,5743,4566.47825
chemistry,5744,4566.377825
chemistry,5745,4566.32415
chemistry,5746,4566.24175
chemistry,5747,4566.22275
chemistry,5748,4566.072125000001
chemistry,5749,4566.0171
chemistry,5750,4566.004424999999
chemistry,5751,4565.830875
chemistry,5752,4565.789449999999
chemistry,5753,4565.4262499999995
chemistry,5754,4565.4055499999995
chemistry,5755,4565.3726
chemistry,5756,4565.244075
chemistry,5757,4565.168675
chemistry,5758,4565.1668500000005
chemistry,5759,4565.1317500000005
chemistry,5760,4565.12285
chemistry,5761,4565.0686
chemistry,5762,4564.77715
chemistry,5763,4564.7104
chemistry,5764,4564.669175
chemistry,5765,4564.354775
chemistry,5766,4564.217325
chemistry,5767,4564.1367
chemistry,5768,4564.039675
chemistry,5769,4563.985000000001
chemistry,5770,4563.856175
chemistry,5771,4563.8001
chemistry,5772,4563.6558749999995
chemistry,5773,4563.589274999999
chemistry,5774,4563.489175
chemistry,5775,4563.062925
chemistry,5776,4562.90155
chemistry,5777,4562.8893
chemistry,5778,4562.789524999999
chemistry,5779,4562.585175
chemistry,5780,4562.57875
chemistry,5781,4562.278375
chemistry,5782,4562.167125
chemistry,5783,4562.006375
chemistry,5784,4561.998
chemistry,5785,4561.833925
chemistry,5786,4561.56675
chemistry,5787,4561.522025
chemistry,5788,4561.5166
chemistry,5789,4561.491575
chemistry,5790,4561.381075
chemistry,5791,4561.00035
chemistry,5792,4560.86255
chemistry,5793,4560.73945
chemistry,5794,4560.731175
chemistry,5795,4560.61875
chemistry,5796,4560.594625
chemistry,5797,4560.3252999999995
chemistry,5798,4560.26735
chemistry,5799,4560.2005
chemistry,5800,4560.1249
chemistry,5801,4560.025
chemistry,5802,4559.853875
chemistry,5803,4559.58955
chemistry,5804,4559.539825
chemistry,5805,4559.51685
chemistry,5806,4559.231049999999
chemistry,5807,4559.218675
chemistry,5808,4559.115575
chemistry,5809,4559.0838
chemistry,5810,4559.0812
chemistry,5811,4559.0811
chemistry,5812,4559.056
chemistry,5813,4558.785525
chemistry,5814,4558.77425
chemistry,5815,4558.3652
chemistry,5816,4558.155825
chemistry,5817,4558.154825
chemistry,5818,4558.1408249999995
chemistry,5819,4557.99625
chemistry,5820,4557.9241999999995
chemistry,5821,4557.858475
chemistry,5822,4557.789475
chemistry,5823,4557.678475
chemistry,5824,4557.614675
chemistry,5825,4557.550175
chemistry,5826,4557.30605
chemistry,5827,4557.16745
chemistry,5828,4557.1338
chemistry,5829,4557.107525
chemistry,5830,4557.067
chemistry,5831,4556.956075
chemistry,5832,4556.900525
chemistry,5833,4556.696425
chemistry,5834,4556.652999999999
chemistry,5835,4556.4728
chemistry,5836,4556.41575
chemistry,5837,4556.233425
chemistry,5838,4556.20625
chemistry,5839,4555.9376
chemistry,5840,4555.897825
chemistry,5841,4555.8665
chemistry,5842,4555.26185
chemistry,5843,4555.2338
chemistry,5844,4555.206
chemistry,5845,4554.993925
chemistry,5846,4554.908225
chemistry,5847,4554.7451
chemistry,5848,4554.624425
chemistry,5849,4554.5411
chemistry,5850,4554.389725
chemistry,5851,4554.307425
chemistry,5852,4554.1861499999995
chemistry,5853,4554.164175
chemistry,5854,4553.92775
chemistry,5855,4553.856175
chemistry,5856,4553.833325
chemistry,5857,4553.7333
chemistry,5858,4553.725
chemistry,5859,4553.7061
chemistry,5860,4553.5375
chemistry,5861,4553.2793249999995
chemistry,5862,4553.1465
chemistry,5863,4553.018674999999
chemistry,5864,4552.931025
chemistry,5865,4552.63865
chemistry,5866,4552.6
chemistry,5867,4552.4005
chemistry,5868,4552.167175
chemistry,5869,4552.16035
chemistry,5870,4551.8
chemistry,5871,4551.74515
chemistry,5872,4551.63095
chemistry,5873,4551.1666
chemistry,5874,4551.0754
chemistry,5875,4550.906075
chemistry,5876,4550.722675
chemistry,5877,4550.70625
chemistry,5878,4550.52625
chemistry,5879,4550.28255
chemistry,5880,4549.92695
chemistry,5881,4549.9176
chemistry,5882,4549.9112749999995
chemistry,5883,4549.831025
chemistry,5884,4549.511
chemistry,5885,4549.345075
chemistry,5886,4549.23945
chemistry,5887,4549.0118
chemistry,5888,4548.889569500001
chemistry,5889,4548.7393999999995
chemistry,5890,4548.603174999999
chemistry,5891,4548.331175
chemistry,5892,4548.308749999999
chemistry,5893,4548.281175
chemistry,5894,4548.256125
chemistry,5895,4548.167375
chemistry,5896,4548.097675
chemistry,5897,4547.8355249999995
chemistry,5898,4547.8333999999995
chemistry,5899,4547.800525
chemistry,5900,4547.7836
chemistry,5901,4547.377825
chemistry,5902,4547.3671
chemistry,5903,4547.108075
chemistry,5904,4546.882475
chemistry,5905,4546.861524999999
chemistry,5906,4546.84355
chemistry,5907,4546.6263
chemistry,5908,4546.435075
chemistry,5909,4546.4076
chemistry,5910,4546.260325
chemistry,5911,4546.2077
chemistry,5912,4546.0061749999995
chemistry,5913,4545.8503
chemistry,5914,4545.8171
chemistry,5915,4545.787499999999
chemistry,5916,4545.716074999999
chemistry,5917,4545.639475
chemistry,5918,4545.317275
chemistry,5919,4545.305925
chemistry,5920,4545.0955
chemistry,5921,4544.950725
chemistry,5922,4544.92845
chemistry,5923,4544.8254
chemistry,5924,4544.7229
chemistry,5925,4544.57525
chemistry,5926,4544.540925
chemistry,5927,4544.5375
chemistry,5928,4544.456175
chemistry,5929,4544.449875
chemistry,5930,4544.4396
chemistry,5931,4544.359775
chemistry,5932,4544.326325
chemistry,5933,4544.28515
chemistry,5934,4544.22495
chemistry,5935,4544.205975
chemistry,5936,4544.1499
chemistry,5937,4544.08105
chemistry,5938,4543.9003
chemistry,5939,4543.76435
chemistry,5940,4543.596025
chemistry,5941,4543.58735
chemistry,5942,4543.531175
chemistry,5943,4543.4
chemistry,5944,4543.264725
chemistry,5945,4543.15555
chemistry,5946,4543.083
chemistry,5947,4543.0479
chemistry,5948,4542.9395
chemistry,5949,4542.784000000001
chemistry,5950,4542.622975
chemistry,5951,4542.619475
chemistry,5952,4542.361674999999
chemistry,5953,4542.339475
chemistry,5954,4542.138075
chemistry,5955,4542.029425
chemistry,5956,4541.938125
chemistry,5957,4541.933925
chemistry,5958,4541.649175
chemistry,5959,4541.522975
chemistry,5960,4541.333925
chemistry,5961,4541.2808749999995
chemistry,5962,4541.14395
chemistry,5963,4541.1311000000005
chemistry,5964,4541.1311
chemistry,5965,4541.0625
chemistry,5966,4541.0488000000005
chemistry,5967,4541.0334
chemistry,5968,4540.988775
chemistry,5969,4540.9698
chemistry,5970,4540.950475
chemistry,5971,4540.91735
chemistry,5972,4540.775175
chemistry,5973,4540.692075
chemistry,5974,4539.922775
chemistry,5975,4539.888125
chemistry,5976,4539.3603
chemistry,5977,4539.285325
chemistry,5978,4539.005625
chemistry,5979,4538.764175
chemistry,5980,4538.714425
chemistry,5981,4538.6172
chemistry,5982,4538.5673
chemistry,5983,4538.526925
chemistry,5984,4538.3556
chemistry,5985,4538.3451000000005
chemistry,5986,4538.235775
chemistry,5987,4538.0957499999995
chemistry,5988,4538.0528
chemistry,5989,4537.865775
chemistry,5990,4537.816925
chemistry,5991,4537.8
chemistry,5992,4537.606925
chemistry,5993,4537.374124999999
chemistry,5994,4537.330425
chemistry,5995,4537.32085
chemistry,5996,4537.3061
chemistry,5997,4537.1111
chemistry,5998,4536.8116
chemistry,5999,4536.7451
chemistry,6000,4536.674925
chemistry,6001,4536.656225
chemistry,6002,4536.348
chemistry,6003,4536.340475
chemistry,6004,4536.306125
chemistry,6005,4535.964575
chemistry,6006,4535.843150000001
chemistry,6007,4535.78355
chemistry,6008,4535.642925
chemistry,6009,4535.59495
chemistry,6010,4535.4859
chemistry,6011,4535.2480749999995
chemistry,6012,4535.2222
chemistry,6013,4535.21695
chemistry,6014,4535.139375
chemistry,6015,4535.093825
chemistry,6016,4535.0563250000005
chemistry,6017,4534.316425
chemistry,6018,4534.199725
chemistry,6019,4533.9376
chemistry,6020,4533.450175
chemistry,6021,4533.367425
chemistry,6022,4533.066825
chemistry,6023,4532.9886
chemistry,6024,4532.911
chemistry,6025,4532.8935
chemistry,6026,4532.596925
chemistry,6027,4532.572875
chemistry,6028,4532.52275
chemistry,6029,4532.48355
chemistry,6030,4532.292175
chemistry,6031,4532.222825
chemistry,6032,4532.2005
chemistry,6033,4531.93325
chemistry,6034,4531.878985916667
chemistry,6035,4531.8332
chemistry,6036,4531.76135
chemistry,6037,4531.747975
chemistry,6038,4531.617175
chemistry,6039,4531.252
chemistry,6040,4531.214425
chemistry,6041,4531.1955
chemistry,6042,4531.155949999999
chemistry,6043,4531.05
chemistry,6044,4530.93325
chemistry,6045,4530.931125
chemistry,6046,4530.822075
chemistry,6047,4530.6436
chemistry,6048,4530.539225
chemistry,6049,4530.479775
chemistry,6050,4530.389075
chemistry,6051,4530.35885
chemistry,6052,4530.154925
chemistry,6053,4530.0
chemistry,6054,4529.993875
chemistry,6055,4529.7096249999995
chemistry,6056,4529.624175
chemistry,6057,4529.234175
chemistry,6058,4529.1645499999995
chemistry,6059,4529.022075
chemistry,6060,4528.9743
chemistry,6061,4528.8559
chemistry,6062,4528.833325
chemistry,6063,4528.8
chemistry,6064,4528.7390749999995
chemistry,6065,4528.6731
chemistry,6066,4528.2645999999995
chemistry,6067,4528.216525
chemistry,6068,4528.210375
chemistry,6069,4528.0061749999995
chemistry,6070,4527.9965
chemistry,6071,4527.924975
chemistry,6072,4527.764325
chemistry,6073,4527.67185
chemistry,6074,4527.48725
chemistry,6075,4527.309625
chemistry,6076,4527.30625
chemistry,6077,4527.198494666667
chemistry,6078,4526.93355
chemistry,6079,4526.878475
chemistry,6080,4526.747675
chemistry,6081,4526.426575
chemistry,6082,4526.37695
chemistry,6083,4526.231425
chemistry,6084,4526.0476
chemistry,6085,4526.033775
chemistry,6086,4525.9852
chemistry,6087,4525.96865
chemistry,6088,4525.88905
chemistry,6089,4525.739474999999
chemistry,6090,4525.728174999999
chemistry,6091,4525.61175
chemistry,6092,4525.411725
chemistry,6093,4525.045925
chemistry,6094,4524.641675
chemistry,6095,4524.5938
chemistry,6096,4524.5935500000005
chemistry,6097,4524.3673499999995
chemistry,6098,4524.29695
chemistry,6099,4524.23125
chemistry,6100,4524.06635
chemistry,6101,4523.8886
chemistry,6102,4523.863025
chemistry,6103,4523.856175
chemistry,6104,4523.6888500000005
chemistry,6105,4523.6170999999995
chemistry,6106,4523.5481500000005
chemistry,6107,4523.345025
chemistry,6108,4523.3418249999995
chemistry,6109,4523.28315
chemistry,6110,4523.10625
chemistry,6111,4522.933325
chemistry,6112,4522.78425
chemistry,6113,4522.592175
chemistry,6114,4522.485425
chemistry,6115,4522.3849
chemistry,6116,4522.16175
chemistry,6117,4522.1511
chemistry,6118,4522.006249999999
chemistry,6119,4522.0061749999995
chemistry,6120,4521.9
chemistry,6121,4521.6173
chemistry,6122,4521.51145
chemistry,6123,4521.433175
chemistry,6124,4521.3631
chemistry,6125,4521.27055
chemistry,6126,4521.106175
chemistry,6127,4520.968425
chemistry,6128,4520.884875
chemistry,6129,4520.856175
chemistry,6130,4520.8226
chemistry,6131,4520.683324999999
chemistry,6132,4520.604675
chemistry,6133,4520.55
chemistry,6134,4520.484425000001
chemistry,6135,4520.211
chemistry,6136,4520.066825
chemistry,6137,4519.975
chemistry,6138,4519.9228
chemistry,6139,4519.78135
chemistry,6140,4519.7674
chemistry,6141,4519.66535
chemistry,6142,4519.63095
chemistry,6143,4519.55435
chemistry,6144,4519.326425
chemistry,6145,4519.10445
chemistry,6146,4519.023175
chemistry,6147,4518.862925
chemistry,6148,4518.6996500000005
chemistry,6149,4518.6956
chemistry,6150,4518.68505
chemistry,6151,4518.547875
chemistry,6152,4518.42475
chemistry,6153,4518.250525
chemistry,6154,4518.24855
chemistry,6155,4518.201925
chemistry,6156,4518.16875
chemistry,6157,4518.118525
chemistry,6158,4518.09065
chemistry,6159,4517.883925
chemistry,6160,4517.7561749999995
chemistry,6161,4517.725
chemistry,6162,4517.65615
chemistry,6163,4517.5607
chemistry,6164,4516.8624
chemistry,6165,4516.6776
chemistry,6166,4516.556175
chemistry,6167,4516.4171
chemistry,6168,4516.281325
chemistry,6169,4516.2556
chemistry,6170,4516.24365
chemistry,6171,4516.211125
chemistry,6172,4516.178575
chemistry,6173,4515.9635
chemistry,6174,4515.744325
chemistry,6175,4515.690525
chemistry,6176,4515.49095
chemistry,6177,4515.21755
chemistry,6178,4515.083425
chemistry,6179,4515.043825
chemistry,6180,4515.031225000001
chemistry,6181,4514.94495
chemistry,6182,4514.9292000000005
chemistry,6183,4514.92
chemistry,6184,4514.4992250000005
chemistry,6185,4514.4445
chemistry,6186,4514.2964999999995
chemistry,6187,4514.067674999999
chemistry,6188,4514.0353
chemistry,6189,4513.990875
chemistry,6190,4513.953275
chemistry,6191,4513.856175
chemistry,6192,4513.8060749999995
chemistry,6193,4513.7777750000005
chemistry,6194,4513.690775
chemistry,6195,4513.556275
chemistry,6196,4513.524451083334
chemistry,6197,4513.46665
chemistry,6198,4513.43395
chemistry,6199,4513.1783749999995
chemistry,6200,4512.98385
chemistry,6201,4512.9493250000005
chemistry,6202,4512.905575
chemistry,6203,4512.66055
chemistry,6204,4512.58935
chemistry,6205,4512.3833
chemistry,6206,4512.34175
chemistry,6207,4512.233175
chemistry,6208,4512.207675
chemistry,6209,4512.088925
chemistry,6210,4512.051475
chemistry,6211,4512.005875
chemistry,6212,4511.80605
chemistry,6213,4511.710775
chemistry,6214,4511.542775
chemistry,6215,4511.4574999999995
chemistry,6216,4511.446525
chemistry,6217,4511.23375
chemistry,6218,4511.114325
chemistry,6219,4510.650075
chemistry,6220,4510.595575
chemistry,6221,4510.526975
chemistry,6222,4510.51195
chemistry,6223,4510.423575000001
chemistry,6224,4510.0275249999995
chemistry,6225,4509.967175
chemistry,6226,4509.589675
chemistry,6227,4509.267875
chemistry,6228,4509.0986
chemistry,6229,4509.0604
chemistry,6230,4508.8874
chemistry,6231,4508.5924
chemistry,6232,4508.506175
chemistry,6233,4508.2576
chemistry,6234,4508.033899999999
chemistry,6235,4508.0034749999995
chemistry,6236,4507.860299999999
chemistry,6237,4507.6380500000005
chemistry,6238,4507.5878
chemistry,6239,4507.4362249999995
chemistry,6240,4507.149275
chemistry,6241,4506.995725
chemistry,6242,4506.863075
chemistry,6243,4506.745
chemistry,6244,4506.629175
chemistry,6245,4506.5354
chemistry,6246,4506.4118499999995
chemistry,6247,4506.3185
chemistry,6248,4506.295025
chemistry,6249,4506.172799999999
chemistry,6250,4506.166925
chemistry,6251,4506.126
chemistry,6252,4505.97925
chemistry,6253,4505.8713
chemistry,6254,4505.8169
chemistry,6255,4505.74845
chemistry,6256,4505.6105
chemistry,6257,4505.437375
chemistry,6258,4505.200475000001
chemistry,6259,4505.056175
chemistry,6260,4505.006249999999
chemistry,6261,4504.936925
chemistry,6262,4504.67455
chemistry,6263,4504.633774999999
chemistry,6264,4504.472675
chemistry,6265,4504.30625
chemistry,6266,4504.278325
chemistry,6267,4503.955325
chemistry,6268,4503.9481
chemistry,6269,4503.897150000001
chemistry,6270,4503.706
chemistry,6271,4503.5956
chemistry,6272,4503.5915
chemistry,6273,4503.572999999999
chemistry,6274,4503.5248
chemistry,6275,4503.48255
chemistry,6276,4503.462425000001
chemistry,6277,4503.340525
chemistry,6278,4503.239275
chemistry,6279,4503.111075
chemistry,6280,4502.999925
chemistry,6281,4502.9226
chemistry,6282,4502.839175
chemistry,6283,4502.8291500000005
chemistry,6284,4502.824925
chemistry,6285,4502.73375
chemistry,6286,4502.116525
chemistry,6287,4501.775075
chemistry,6288,4501.41735
chemistry,6289,4501.356425
chemistry,6290,4501.30595
chemistry,6291,4501.26325
chemistry,6292,4501.200075
chemistry,6293,4500.773075
chemistry,6294,4500.528375
chemistry,6295,4500.190875
chemistry,6296,4500.18105
chemistry,6297,4500.1215999999995
chemistry,6298,4500.085325
chemistry,6299,4499.893625
chemistry,6300,4499.867125
chemistry,6301,4499.81035
chemistry,6302,4499.762525
chemistry,6303,4499.6499
chemistry,6304,4499.41165
chemistry,6305,4499.320175
chemistry,6306,4499.289575
chemistry,6307,4499.235224999999
chemistry,6308,4499.18035
chemistry,6309,4499.120925
chemistry,6310,4498.963650000001
chemistry,6311,4498.941425
chemistry,6312,4498.3952
chemistry,6313,4498.228275
chemistry,6314,4498.156125
chemistry,6315,4498.1145
chemistry,6316,4498.043925
chemistry,6317,4497.723025
chemistry,6318,4497.660175
chemistry,6319,4497.649875
chemistry,6320,4497.618225
chemistry,6321,4497.368675
chemistry,6322,4497.260175
chemistry,6323,4497.2255
chemistry,6324,4497.156125
chemistry,6325,4497.149
chemistry,6326,4497.0061749999995
chemistry,6327,4496.84805
chemistry,6328,4496.7146
chemistry,6329,4496.51665
chemistry,6330,4496.2895
chemistry,6331,4496.198025
chemistry,6332,4495.833875
chemistry,6333,4495.7291749999995
chemistry,6334,4495.5919
chemistry,6335,4495.311549999999
chemistry,6336,4495.288725
chemistry,6337,4495.283375
chemistry,6338,4495.17845
chemistry,6339,4495.160175
chemistry,6340,4495.0353000000005
chemistry,6341,4494.722975
chemistry,6342,4494.6985
chemistry,6343,4494.643674999999
chemistry,6344,4494.643625
chemistry,6345,4494.344975
chemistry,6346,4494.3061
chemistry,6347,4494.26735
chemistry,6348,4494.2561749999995
chemistry,6349,4493.878475
chemistry,6350,4493.87025
chemistry,6351,4493.8229249999995
chemistry,6352,4493.62825
chemistry,6353,4493.591625
chemistry,6354,4493.2550249999995
chemistry,6355,4493.2151
chemistry,6356,4493.2062
chemistry,6357,4492.715999999999
chemistry,6358,4492.160425
chemistry,6359,4491.65335
chemistry,6360,4491.556175
chemistry,6361,4491.2339
chemistry,6362,4491.0895
chemistry,6363,4490.996625
chemistry,6364,4490.864375
chemistry,6365,4490.822775
chemistry,6366,4490.82075
chemistry,6367,4490.625675
chemistry,6368,4490.600075
chemistry,6369,4490.469225
chemistry,6370,4489.8555
chemistry,6371,4489.7018
chemistry,6372,4489.4998749999995
chemistry,6373,4489.486575
chemistry,6374,4489.1
chemistry,6375,4489.05625
chemistry,6376,4488.78965
chemistry,6377,4488.739425
chemistry,6378,4488.4337749999995
chemistry,6379,4488.431175
chemistry,6380,4488.1437000000005
chemistry,6381,4488.0557
chemistry,6382,4487.8506
chemistry,6383,4487.762575
chemistry,6384,4487.428525
chemistry,6385,4487.410175
chemistry,6386,4487.29935
chemistry,6387,4486.972775
chemistry,6388,4486.80815
chemistry,6389,4486.713275
chemistry,6390,4486.547775
chemistry,6391,4486.277
chemistry,6392,4486.191825
chemistry,6393,4485.97515
chemistry,6394,4485.9617499999995
chemistry,6395,4485.93125
chemistry,6396,4485.797724999999
chemistry,6397,4485.739525
chemistry,6398,4485.738525
chemistry,6399,4485.6443500000005
chemistry,6400,4485.4005
chemistry,6401,4485.27135
chemistry,6402,4485.199299999999
chemistry,6403,4485.1784
chemistry,6404,4485.08025
chemistry,6405,4485.0319
chemistry,6406,4485.025699999999
chemistry,6407,4485.007575
chemistry,6408,4484.929725
chemistry,6409,4484.88175
chemistry,6410,4484.815775
chemistry,6411,4484.706225
chemistry,6412,4484.606025
chemistry,6413,4484.589175
chemistry,6414,4484.4803999999995
chemistry,6415,4484.4668
chemistry,6416,4484.1645499999995
chemistry,6417,4484.16445
chemistry,6418,4483.7155
chemistry,6419,4483.7143
chemistry,6420,4483.575725
chemistry,6421,4483.239325
chemistry,6422,4483.200925
chemistry,6423,4483.071524999999
chemistry,6424,4482.956025
chemistry,6425,4482.9058749999995
chemistry,6426,4482.84785
chemistry,6427,4482.789525
chemistry,6428,4482.684025
chemistry,6429,4482.5895
chemistry,6430,4482.5686749999995
chemistry,6431,4482.503375
chemistry,6432,4482.35
chemistry,6433,4482.294975
chemistry,6434,4482.1958
chemistry,6435,4482.18395
chemistry,6436,4482.12845
chemistry,6437,4481.92435
chemistry,6438,4480.9062
chemistry,6439,4480.79325
chemistry,6440,4480.706174999999
chemistry,6441,4480.70075
chemistry,6442,4480.556175
chemistry,6443,4480.4436
chemistry,6444,4480.30625
chemistry,6445,4480.025
chemistry,6446,4479.7875
chemistry,6447,4479.7451
chemistry,6448,4479.733175
chemistry,6449,4479.633225
chemistry,6450,4479.614375
chemistry,6451,4479.5813
chemistry,6452,4479.5332
chemistry,6453,4479.503675
chemistry,6454,4479.3850250000005
chemistry,6455,4479.30625
chemistry,6456,4479.1230749999995
chemistry,6457,4478.933475
chemistry,6458,4478.885574999999
chemistry,6459,4478.41825
chemistry,6460,4478.1728
chemistry,6461,4478.081175
chemistry,6462,4477.6686
chemistry,6463,4477.48755
chemistry,6464,4477.481175
chemistry,6465,4477.3061
chemistry,6466,4477.1374
chemistry,6467,4476.916424999999
chemistry,6468,4476.806275
chemistry,6469,4476.517325000001
chemistry,6470,4476.48935
chemistry,6471,4476.404175
chemistry,6472,4476.1825
chemistry,6473,4476.107175
chemistry,6474,4475.887575
chemistry,6475,4475.811225
chemistry,6476,4475.7811
chemistry,6477,4475.756925
chemistry,6478,4475.656099999999
chemistry,6479,4475.537499999999
chemistry,6480,4475.489175
chemistry,6481,4475.433175
chemistry,6482,4475.131249999999
chemistry,6483,4475.057275
chemistry,6484,4474.97865
chemistry,6485,4474.868925
chemistry,6486,4474.74185
chemistry,6487,4474.4376250000005
chemistry,6488,4474.293625
chemistry,6489,4473.963825
chemistry,6490,4473.8559749999995
chemistry,6491,4473.828375
chemistry,6492,4473.808425
chemistry,6493,4473.465225
chemistry,6494,4473.329875
chemistry,6495,4473.06685
chemistry,6496,4472.91035
chemistry,6497,4472.906274999999
chemistry,6498,4472.66665
chemistry,6499,4472.3838749999995
chemistry,6500,4472.300725
chemistry,6501,4472.274525
chemistry,6502,4472.061525
chemistry,6503,4472.031225
chemistry,6504,4472.0116499999995
chemistry,6505,4471.7335
chemistry,6506,4471.6888
chemistry,6507,4471.662875
chemistry,6508,4471.556175
chemistry,6509,4471.5561
chemistry,6510,4471.177175
chemistry,6511,4471.152025
chemistry,6512,4470.877925
chemistry,6513,4470.760375
chemistry,6514,4470.53925
chemistry,6515,4470.515775
chemistry,6516,4470.40605
chemistry,6517,4470.29775
chemistry,6518,4470.11185
chemistry,6519,4470.022725
chemistry,6520,4469.90035
chemistry,6521,4469.7783
chemistry,6522,4469.745075
chemistry,6523,4469.6366
chemistry,6524,4469.402525
chemistry,6525,4469.2924
chemistry,6526,4468.8
chemistry,6527,4468.78325
chemistry,6528,4468.727425
chemistry,6529,4468.67435
chemistry,6530,4468.608424999999
chemistry,6531,4468.537225
chemistry,6532,4468.466675
chemistry,6533,4468.3835500000005
chemistry,6534,4468.3194
chemistry,6535,4468.3157
chemistry,6536,4468.181025
chemistry,6537,4468.15765
chemistry,6538,4467.997675
chemistry,6539,4467.893625
chemistry,6540,4467.776875
chemistry,6541,4467.5643
chemistry,6542,4467.4861
chemistry,6543,4467.3283249999995
chemistry,6544,4467.234425
chemistry,6545,4467.164575
chemistry,6546,4467.1637
chemistry,6547,4467.130999999999
chemistry,6548,4467.108424999999
chemistry,6549,4466.864375
chemistry,6550,4466.851775
chemistry,6551,4466.741
chemistry,6552,4466.674925
chemistry,6553,4466.62285
chemistry,6554,4466.453399999999
chemistry,6555,4466.2951
chemistry,6556,4466.28675
chemistry,6557,4466.27085
chemistry,6558,4466.1896750000005
chemistry,6559,4466.145825
chemistry,6560,4465.989325
chemistry,6561,4465.989175
chemistry,6562,4465.906825
chemistry,6563,4465.748425
chemistry,6564,4465.68955
chemistry,6565,4465.621425
chemistry,6566,4465.141549999999
chemistry,6567,4465.062425
chemistry,6568,4464.9556250000005
chemistry,6569,4464.679575
chemistry,6570,4464.618675
chemistry,6571,4464.60475
chemistry,6572,4464.54985
chemistry,6573,4464.3911499999995
chemistry,6574,4464.369925
chemistry,6575,4464.3006
chemistry,6576,4464.12965
chemistry,6577,4464.1174
chemistry,6578,4463.956424999999
chemistry,6579,4463.911599999999
chemistry,6580,4463.768775
chemistry,6581,4463.60335
chemistry,6582,4463.343925
chemistry,6583,4463.12485
chemistry,6584,4463.100075
chemistry,6585,4462.956175
chemistry,6586,4462.775675
chemistry,6587,4462.757825
chemistry,6588,4462.74645
chemistry,6589,4462.667325
chemistry,6590,4462.637425
chemistry,6591,4462.45495
chemistry,6592,4462.44455
chemistry,6593,4462.415925
chemistry,6594,4462.299975
chemistry,6595,4462.217325
chemistry,6596,4462.158875
chemistry,6597,4461.845425
chemistry,6598,4461.81345
chemistry,6599,4461.5839000000005
chemistry,6600,4461.414475
chemistry,6601,4461.3222000000005
chemistry,6602,4461.0896
chemistry,6603,4460.879075
chemistry,6604,4460.26725
chemistry,6605,4460.237675
chemistry,6606,4460.022925
chemistry,6607,4459.91135
chemistry,6608,4459.642425
chemistry,6609,4459.462275
chemistry,6610,4459.4284
chemistry,6611,4459.14365
chemistry,6612,4459.1227499999995
chemistry,6613,4459.01305
chemistry,6614,4458.9451
chemistry,6615,4458.814525
chemistry,6616,4458.45645
chemistry,6617,4458.306175
chemistry,6618,4457.886874999999
chemistry,6619,4457.6575
chemistry,6620,4457.6226
chemistry,6621,4457.574233083335
chemistry,6622,4457.485375
chemistry,6623,4457.47745
chemistry,6624,4457.4104
chemistry,6625,4457.4
chemistry,6626,4457.020025
chemistry,6627,4456.87075
chemistry,6628,4456.601925
chemistry,6629,4456.5729249999995
chemistry,6630,4456.517175
chemistry,6631,4456.31455
chemistry,6632,4456.256275
chemistry,6633,4455.989175
chemistry,6634,4455.9564
chemistry,6635,4455.785274999999
chemistry,6636,4455.6936
chemistry,6637,4455.656175
chemistry,6638,4455.483875
chemistry,6639,4454.50635
chemistry,6640,4454.473025
chemistry,6641,4454.20045
chemistry,6642,4454.14275
chemistry,6643,4453.94925
chemistry,6644,4453.845775
chemistry,6645,4453.8146750000005
chemistry,6646,4453.789075
chemistry,6647,4453.779224999999
chemistry,6648,4453.569275
chemistry,6649,4453.4832
chemistry,6650,4453.3339750000005
chemistry,6651,4453.275025
chemistry,6652,4453.2312249999995
chemistry,6653,4453.145225
chemistry,6654,4452.89105
chemistry,6655,4452.84085
chemistry,6656,4452.594
chemistry,6657,4452.5223750000005
chemistry,6658,4452.474824999999
chemistry,6659,4452.31125
chemistry,6660,4452.2667249999995
chemistry,6661,4452.254475
chemistry,6662,4452.033275
chemistry,6663,4451.840975
chemistry,6664,4451.618225
chemistry,6665,4451.32275
chemistry,6666,4451.3215
chemistry,6667,4451.1792
chemistry,6668,4450.749225
chemistry,6669,4450.7246749999995
chemistry,6670,4450.7006
chemistry,6671,4450.644925
chemistry,6672,4450.51315
chemistry,6673,4450.39635
chemistry,6674,4450.3227
chemistry,6675,4450.1129
chemistry,6676,4450.100025
chemistry,6677,4449.879825
chemistry,6678,4449.81855
chemistry,6679,4449.60625
chemistry,6680,4449.3811749999995
chemistry,6681,4449.3466499999995
chemistry,6682,4449.222075
chemistry,6683,4449.20215
chemistry,6684,4449.172825
chemistry,6685,4449.081225
chemistry,6686,4448.764275
chemistry,6687,4448.7625
chemistry,6688,4448.6242
chemistry,6689,4448.6228249999995
chemistry,6690,4448.599175
chemistry,6691,4448.456175
chemistry,6692,4448.3865
chemistry,6693,4448.12815
chemistry,6694,4448.066475
chemistry,6695,4448.018875
chemistry,6696,4447.981175
chemistry,6697,4447.799875000001
chemistry,6698,4447.173175
chemistry,6699,4447.13915
chemistry,6700,4446.990325
chemistry,6701,4446.9027750000005
chemistry,6702,4446.901225
chemistry,6703,4446.848199999999
chemistry,6704,4446.8006
chemistry,6705,4446.63475
chemistry,6706,4446.45925
chemistry,6707,4446.4535000000005
chemistry,6708,4446.256324999999
chemistry,6709,4445.986475
chemistry,6710,4445.925625
chemistry,6711,4445.8417
chemistry,6712,4445.700725
chemistry,6713,4445.5448750000005
chemistry,6714,4445.228425
chemistry,6715,4445.1646
chemistry,6716,4445.08735
chemistry,6717,4445.080425
chemistry,6718,4444.9659
chemistry,6719,4444.90835
chemistry,6720,4444.7339999999995
chemistry,6721,4444.570049999999
chemistry,6722,4444.46875
chemistry,6723,4444.467675
chemistry,6724,4444.2957750000005
chemistry,6725,4444.23535
chemistry,6726,4444.15625
chemistry,6727,4444.02715
chemistry,6728,4443.976975
chemistry,6729,4443.697975
chemistry,6730,4443.6619
chemistry,6731,4443.60905
chemistry,6732,4443.556175
chemistry,6733,4443.47275
chemistry,6734,4443.2007
chemistry,6735,4442.931175
chemistry,6736,4442.35635
chemistry,6737,4442.339625
chemistry,6738,4442.2331
chemistry,6739,4442.17335
chemistry,6740,4442.168775
chemistry,6741,4442.00605
chemistry,6742,4441.9446
chemistry,6743,4441.9173
chemistry,6744,4441.7758
chemistry,6745,4441.49195
chemistry,6746,4441.3003
chemistry,6747,4441.2008
chemistry,6748,4440.794025
chemistry,6749,4440.6578500000005
chemistry,6750,4440.379025
chemistry,6751,4440.35
chemistry,6752,4440.218150000001
chemistry,6753,4440.1439
chemistry,6754,4440.106225
chemistry,6755,4440.0
chemistry,6756,4439.699325
chemistry,6757,4439.654224999999
chemistry,6758,4439.531325
chemistry,6759,4439.507425
chemistry,6760,4439.375
chemistry,6761,4439.31865
chemistry,6762,4439.24515
chemistry,6763,4438.997875
chemistry,6764,4438.9189
chemistry,6765,4438.731225
chemistry,6766,4438.67915
chemistry,6767,4438.670125
chemistry,6768,4438.199925
chemistry,6769,4438.089
chemistry,6770,4437.741125
chemistry,6771,4437.427925
chemistry,6772,4437.306325
chemistry,6773,4437.290725
chemistry,6774,4437.245174999999
chemistry,6775,4437.1925249999995
chemistry,6776,4437.177025
chemistry,6777,4437.114474999999
chemistry,6778,4437.032625
chemistry,6779,4436.900075
chemistry,6780,4436.88775
chemistry,6781,4436.806175
chemistry,6782,4436.745174999999
chemistry,6783,4436.7264000000005
chemistry,6784,4436.609175
chemistry,6785,4436.58945
chemistry,6786,4436.5288
chemistry,6787,4436.443499999999
chemistry,6788,4436.006125
chemistry,6789,4435.981175
chemistry,6790,4435.918250000001
chemistry,6791,4435.863325
chemistry,6792,4435.755999999999
chemistry,6793,4435.562999999999
chemistry,6794,4435.5524749999995
chemistry,6795,4435.4506
chemistry,6796,4435.393425
chemistry,6797,4434.964625
chemistry,6798,4434.74565
chemistry,6799,4434.473075
chemistry,6800,4434.408775
chemistry,6801,4434.406875000001
chemistry,6802,4434.377925
chemistry,6803,4434.368825
chemistry,6804,4434.243575
chemistry,6805,4434.1332
chemistry,6806,4433.87965
chemistry,6807,4433.86695
chemistry,6808,4433.8008
chemistry,6809,4433.3007
chemistry,6810,4433.268725
chemistry,6811,4433.21315
chemistry,6812,4432.8811749999995
chemistry,6813,4432.731425
chemistry,6814,4432.6253750000005
chemistry,6815,4432.481075
chemistry,6816,4432.4592999999995
chemistry,6817,4432.266775
chemistry,6818,4432.2612
chemistry,6819,4431.924575
chemistry,6820,4431.91075
chemistry,6821,4431.883175
chemistry,6822,4431.697675
chemistry,6823,4431.561825
chemistry,6824,4431.52285
chemistry,6825,4431.44065
chemistry,6826,4431.4397
chemistry,6827,4431.1008
chemistry,6828,4430.87965
chemistry,6829,4430.8561
chemistry,6830,4430.816925
chemistry,6831,4430.081175
chemistry,6832,4429.743825
chemistry,6833,4429.6812
chemistry,6834,4429.447725
chemistry,6835,4429.406325
chemistry,6836,4429.3061
chemistry,6837,4429.26725
chemistry,6838,4429.22905
chemistry,6839,4429.0812
chemistry,6840,4428.661825
chemistry,6841,4428.500175
chemistry,6842,4428.1038
chemistry,6843,4428.0979
chemistry,6844,4428.091025
chemistry,6845,4428.039449999999
chemistry,6846,4427.922625
chemistry,6847,4427.911775
chemistry,6848,4427.481175
chemistry,6849,4427.26595
chemistry,6850,4427.2643
chemistry,6851,4427.197975
chemistry,6852,4427.164325
chemistry,6853,4427.093775
chemistry,6854,4426.937274999999
chemistry,6855,4426.70035
chemistry,6856,4426.451975
chemistry,6857,4426.389525
chemistry,6858,4426.366425
chemistry,6859,4426.356175
chemistry,6860,4426.2936
chemistry,6861,4426.2
chemistry,6862,4426.189075
chemistry,6863,4426.18125
chemistry,6864,4426.1798499999995
chemistry,6865,4426.0326749999995
chemistry,6866,4425.989425
chemistry,6867,4425.950000000001
chemistry,6868,4425.8813
chemistry,6869,4425.8489
chemistry,6870,4425.79515
chemistry,6871,4425.6834
chemistry,6872,4425.5061749999995
chemistry,6873,4425.24625
chemistry,6874,4425.225
chemistry,6875,4424.72835
chemistry,6876,4424.560275
chemistry,6877,4424.48255
chemistry,6878,4424.349775
chemistry,6879,4424.33735
chemistry,6880,4423.8
chemistry,6881,4423.266525
chemistry,6882,4423.256
chemistry,6883,4423.047925
chemistry,6884,4422.738575
chemistry,6885,4422.5185
chemistry,6886,4422.511
chemistry,6887,4422.356175
chemistry,6888,4422.2918
chemistry,6889,4422.06945
chemistry,6890,4421.981175
chemistry,6891,4421.872775
chemistry,6892,4421.82165
chemistry,6893,4421.81225
chemistry,6894,4421.6939
chemistry,6895,4421.2458750000005
chemistry,6896,4421.131249999999
chemistry,6897,4421.131249999999
chemistry,6898,4420.547925
chemistry,6899,4420.416324999999
chemistry,6900,4420.395724999999
chemistry,6901,4420.393675
chemistry,6902,4420.37975
chemistry,6903,4420.3363
chemistry,6904,4420.1476
chemistry,6905,4419.947975
chemistry,6906,4419.399175
chemistry,6907,4419.183175
chemistry,6908,4418.96725
chemistry,6909,4418.8053
chemistry,6910,4418.689249999999
chemistry,6911,4418.625075
chemistry,6912,4418.2275
chemistry,6913,4417.8231
chemistry,6914,4417.81725
chemistry,6915,4417.585099999999
chemistry,6916,4417.511
chemistry,6917,4417.3054250000005
chemistry,6918,4416.91095
chemistry,6919,4416.842275
chemistry,6920,4416.7695
chemistry,6921,4416.0001999999995
chemistry,6922,4415.5632000000005
chemistry,6923,4415.166499999999
chemistry,6924,4415.0499
chemistry,6925,4415.0
chemistry,6926,4414.83125
chemistry,6927,4414.822975
chemistry,6928,4414.7731
chemistry,6929,4414.3686
chemistry,6930,4414.2389
chemistry,6931,4414.0842
chemistry,6932,4413.856175
chemistry,6933,4413.844349999999
chemistry,6934,4413.68875
chemistry,6935,4413.642274999999
chemistry,6936,4413.62295
chemistry,6937,4413.45055
chemistry,6938,4413.423075
chemistry,6939,4413.399775
chemistry,6940,4413.324175
chemistry,6941,4413.108499999999
chemistry,6942,4412.896375
chemistry,6943,4412.523050000001
chemistry,6944,4412.48135
chemistry,6945,4412.475
chemistry,6946,4412.352675
chemistry,6947,4412.267325
chemistry,6948,4412.108749999999
chemistry,6949,4412.0335
chemistry,6950,4411.991599999999
chemistry,6951,4411.73125
chemistry,6952,4411.678525
chemistry,6953,4411.63545
chemistry,6954,4411.4534
chemistry,6955,4411.416575
chemistry,6956,4411.406175
chemistry,6957,4411.2728
chemistry,6958,4411.1350999999995
chemistry,6959,4411.066825
chemistry,6960,4410.72705
chemistry,6961,4410.65125
chemistry,6962,4410.23135
chemistry,6963,4410.11315
chemistry,6964,4410.0
chemistry,6965,4409.955525
chemistry,6966,4409.916075
chemistry,6967,4409.866575
chemistry,6968,4409.80445
chemistry,6969,4409.632725
chemistry,6970,4409.542325
chemistry,6971,4409.412499999999
chemistry,6972,4409.34505
chemistry,6973,4408.912575
chemistry,6974,4408.872574999999
chemistry,6975,4408.8285750000005
chemistry,6976,4408.778925
chemistry,6977,4408.409825000001
chemistry,6978,4408.281325
chemistry,6979,4408.070825
chemistry,6980,4407.83555
chemistry,6981,4407.778375
chemistry,6982,4407.724225
chemistry,6983,4407.648
chemistry,6984,4407.59775
chemistry,6985,4407.4376250000005
chemistry,6986,4407.274925
chemistry,6987,4407.2625499999995
chemistry,6988,4406.916625
chemistry,6989,4406.808599999999
chemistry,6990,4406.62295
chemistry,6991,4406.5668000000005
chemistry,6992,4406.3777
chemistry,6993,4406.2667249999995
chemistry,6994,4406.1477749999995
chemistry,6995,4405.981175
chemistry,6996,4405.8643
chemistry,6997,4405.541475
chemistry,6998,4405.373750000001
chemistry,6999,4405.18125
chemistry,7000,4405.168124999999
chemistry,7001,4405.15845
chemistry,7002,4405.023099999999
chemistry,7003,4405.006324999999
chemistry,7004,4404.953875
chemistry,7005,4404.5729
chemistry,7006,4404.552175
chemistry,7007,4404.505925
chemistry,7008,4404.367175
chemistry,7009,4404.26285
chemistry,7010,4404.128425
chemistry,7011,4403.9743499999995
chemistry,7012,4403.856175
chemistry,7013,4403.793575
chemistry,7014,4403.749975
chemistry,7015,4403.637675
chemistry,7016,4403.189
chemistry,7017,4402.911175
chemistry,7018,4402.395224999999
chemistry,7019,4402.1563
chemistry,7020,4402.065875
chemistry,7021,4401.9488249999995
chemistry,7022,4401.202975
chemistry,7023,4401.0428249999995
chemistry,7024,4400.897675
chemistry,7025,4400.650175
chemistry,7026,4400.543675
chemistry,7027,4400.431025
chemistry,7028,4400.416725
chemistry,7029,4400.350649999999
chemistry,7030,4400.3063250000005
chemistry,7031,4400.0449
chemistry,7032,4399.90755
chemistry,7033,4399.628375
chemistry,7034,4399.139375
chemistry,7035,4399.085249999999
chemistry,7036,4399.006025
chemistry,7037,4398.911675
chemistry,7038,4398.799999999999
chemistry,7039,4398.40655
chemistry,7040,4398.3925
chemistry,7041,4398.281275
chemistry,7042,4398.000675
chemistry,7043,4397.87295
chemistry,7044,4397.8727499999995
chemistry,7045,4397.6555
chemistry,7046,4397.584275
chemistry,7047,4397.4811
chemistry,7048,4396.823149999999
chemistry,7049,4396.389325
chemistry,7050,4396.289675
chemistry,7051,4396.28895
chemistry,7052,4395.989175
chemistry,7053,4395.945624999999
chemistry,7054,4395.935399999999
chemistry,7055,4395.925824999999
chemistry,7056,4395.824925
chemistry,7057,4395.8045
chemistry,7058,4395.6687249999995
chemistry,7059,4395.6465499999995
chemistry,7060,4395.4726
chemistry,7061,4395.20535
chemistry,7062,4395.150000000001
chemistry,7063,4395.123025
chemistry,7064,4394.747075
chemistry,7065,4394.1356000000005
chemistry,7066,4393.84995
chemistry,7067,4393.774025000001
chemistry,7068,4393.774025
chemistry,7069,4393.6311749999995
chemistry,7070,4393.325075
chemistry,7071,4393.214475
chemistry,7072,4393.088675
chemistry,7073,4392.806175
chemistry,7074,4392.733
chemistry,7075,4392.72425
chemistry,7076,4392.360475
chemistry,7077,4392.17515
chemistry,7078,4391.90625
chemistry,7079,4391.7751
chemistry,7080,4391.500175
chemistry,7081,4391.393875
chemistry,7082,4391.322775
chemistry,7083,4391.2935
chemistry,7084,4391.042324999999
chemistry,7085,4390.733925
chemistry,7086,4390.514575
chemistry,7087,4390.467374999999
chemistry,7088,4390.3889500000005
chemistry,7089,4390.056475
chemistry,7090,4389.81375
chemistry,7091,4389.770799999999
chemistry,7092,4389.72295
chemistry,7093,4389.629175
chemistry,7094,4389.301925
chemistry,7095,4388.8783
chemistry,7096,4388.804675
chemistry,7097,4388.8007
chemistry,7098,4388.722075
chemistry,7099,4388.541525
chemistry,7100,4388.331175
chemistry,7101,4388.254774999999
chemistry,7102,4388.245175
chemistry,7103,4388.054050000001
chemistry,7104,4387.967275
chemistry,7105,4387.517525
chemistry,7106,4386.90205
chemistry,7107,4386.775675
chemistry,7108,4386.43125
chemistry,7109,4386.402725
chemistry,7110,4386.387575
chemistry,7111,4386.329175
chemistry,7112,4386.204225
chemistry,7113,4386.0416
chemistry,7114,4386.0202500000005
chemistry,7115,4385.291825
chemistry,7116,4385.255575
chemistry,7117,4385.08835
chemistry,7118,4385.0509
chemistry,7119,4384.965125000001
chemistry,7120,4384.839675
chemistry,7121,4384.53125
chemistry,7122,4384.4935
chemistry,7123,4384.376125
chemistry,7124,4384.16465
chemistry,7125,4384.0444
chemistry,7126,4383.68185
chemistry,7127,4383.516575
chemistry,7128,4383.489375
chemistry,7129,4383.414575
chemistry,7130,4383.168525
chemistry,7131,4383.139575
chemistry,7132,4383.010325
chemistry,7133,4382.127
chemistry,7134,4382.1222
chemistry,7135,4382.075199999999
chemistry,7136,4382.04955
chemistry,7137,4381.7561749999995
chemistry,7138,4381.75575
chemistry,7139,4381.5661
chemistry,7140,4381.540825
chemistry,7141,4381.531
chemistry,7142,4381.2564
chemistry,7143,4381.233975
chemistry,7144,4381.21815
chemistry,7145,4381.2144
chemistry,7146,4381.17215
chemistry,7147,4381.1625
chemistry,7148,4381.087750000001
chemistry,7149,4380.929125000001
chemistry,7150,4380.906
chemistry,7151,4380.4833
chemistry,7152,4380.398975
chemistry,7153,4380.34635
chemistry,7154,4380.0436
chemistry,7155,4380.0
chemistry,7156,4379.970775
chemistry,7157,4379.922874999999
chemistry,7158,4379.922825000001
chemistry,7159,4379.897475
chemistry,7160,4379.6756749999995
chemistry,7161,4379.031175
chemistry,7162,4378.96035
chemistry,7163,4378.954299999999
chemistry,7164,4378.933175
chemistry,7165,4378.695025
chemistry,7166,4378.524825
chemistry,7167,4378.478925
chemistry,7168,4378.453675
chemistry,7169,4378.32285
chemistry,7170,4378.256249999999
chemistry,7171,4378.2058
chemistry,7172,4378.132725
chemistry,7173,4377.8378
chemistry,7174,4377.233875
chemistry,7175,4377.1451
chemistry,7176,4377.093475
chemistry,7177,4376.99233325
chemistry,7178,4376.86735
chemistry,7179,4376.722875
chemistry,7180,4376.4977499999995
chemistry,7181,4376.366625
chemistry,7182,4376.272325
chemistry,7183,4376.189525
chemistry,7184,4375.911825
chemistry,7185,4375.741775
chemistry,7186,4375.5999249999995
chemistry,7187,4375.355825
chemistry,7188,4375.302125
chemistry,7189,4375.195175
chemistry,7190,4375.1103
chemistry,7191,4375.0224
chemistry,7192,4374.933475
chemistry,7193,4374.8836249999995
chemistry,7194,4374.878675
chemistry,7195,4374.6831999999995
chemistry,7196,4374.672724999999
chemistry,7197,4374.16435
chemistry,7198,4374.136775
chemistry,7199,4374.00835
chemistry,7200,4373.9612
chemistry,7201,4373.960175
chemistry,7202,4373.547925
chemistry,7203,4373.344975
chemistry,7204,4373.1088
chemistry,7205,4373.106225
chemistry,7206,4373.000849999999
chemistry,7207,4372.9334
chemistry,7208,4372.922724999999
chemistry,7209,4372.7562
chemistry,7210,4372.70535
chemistry,7211,4372.687550000001
chemistry,7212,4372.5019
chemistry,7213,4372.389225
chemistry,7214,4371.994675
chemistry,7215,4371.7643
chemistry,7216,4371.75485
chemistry,7217,4371.7385
chemistry,7218,4371.266698916667
chemistry,7219,4371.156075
chemistry,7220,4370.812
chemistry,7221,4370.806175
chemistry,7222,4370.392225
chemistry,7223,4370.281175
chemistry,7224,4370.2311
chemistry,7225,4370.225
chemistry,7226,4370.18935
chemistry,7227,4370.068824999999
chemistry,7228,4370.0459
chemistry,7229,4369.981225
chemistry,7230,4369.955925
chemistry,7231,4369.681175
chemistry,7232,4369.673475
chemistry,7233,4369.48345
chemistry,7234,4369.034225
chemistry,7235,4368.823575
chemistry,7236,4368.642075
chemistry,7237,4368.333
chemistry,7238,4368.15245
chemistry,7239,4368.106175
chemistry,7240,4368.0498
chemistry,7241,4367.8889
chemistry,7242,4367.799925
chemistry,7243,4367.790175
chemistry,7244,4367.7505
chemistry,7245,4367.525
chemistry,7246,4367.51025
chemistry,7247,4367.420975
chemistry,7248,4367.106275
chemistry,7249,4367.079225
chemistry,7250,4366.9971749999995
chemistry,7251,4366.7715
chemistry,7252,4366.76655
chemistry,7253,4366.45215
chemistry,7254,4366.425899999999
chemistry,7255,4366.141925
chemistry,7256,4365.8923
chemistry,7257,4365.702875
chemistry,7258,4365.57945
chemistry,7259,4365.5116
chemistry,7260,4365.33125
chemistry,7261,4365.23935
chemistry,7262,4365.064725
chemistry,7263,4365.00635
chemistry,7264,4364.391549999999
chemistry,7265,4364.2785
chemistry,7266,4364.006324999999
chemistry,7267,4363.922925
chemistry,7268,4363.831175
chemistry,7269,4363.711725
chemistry,7270,4363.689
chemistry,7271,4363.556175
chemistry,7272,4363.40975
chemistry,7273,4362.998525
chemistry,7274,4362.983
chemistry,7275,4362.97845
chemistry,7276,4362.5331750000005
chemistry,7277,4362.228349999999
chemistry,7278,4362.16355
chemistry,7279,4362.031175
chemistry,7280,4361.989425
chemistry,7281,4361.9783
chemistry,7282,4361.83125
chemistry,7283,4361.30615
chemistry,7284,4361.181175
chemistry,7285,4361.156425
chemistry,7286,4361.066575
chemistry,7287,4360.9466
chemistry,7288,4360.828875
chemistry,7289,4360.7141249999995
chemistry,7290,4360.14785
chemistry,7291,4360.116674999999
chemistry,7292,4360.089
chemistry,7293,4360.0
chemistry,7294,4359.89655
chemistry,7295,4359.719575
chemistry,7296,4359.318575
chemistry,7297,4358.725675
chemistry,7298,4358.48205
chemistry,7299,4358.2104
chemistry,7300,4358.180825
chemistry,7301,4357.981175
chemistry,7302,4357.692075
chemistry,7303,4357.618350000001
chemistry,7304,4357.481199999999
chemistry,7305,4357.41675
chemistry,7306,4357.1311749999995
chemistry,7307,4357.0625
chemistry,7308,4357.038075
chemistry,7309,4356.837775
chemistry,7310,4356.711575
chemistry,7311,4356.6597249999995
chemistry,7312,4356.5741
chemistry,7313,4356.4505
chemistry,7314,4356.356
chemistry,7315,4355.661125
chemistry,7316,4355.65
chemistry,7317,4355.497125
chemistry,7318,4355.47075
chemistry,7319,4355.389475
chemistry,7320,4355.3881
chemistry,7321,4355.372875
chemistry,7322,4355.095075
chemistry,7323,4354.825
chemistry,7324,4354.669825
chemistry,7325,4354.6061
chemistry,7326,4354.5694
chemistry,7327,4354.050325
chemistry,7328,4353.933575
chemistry,7329,4353.9005
chemistry,7330,4353.856175
chemistry,7331,4353.505999999999
chemistry,7332,4353.414599999999
chemistry,7333,4353.35605
chemistry,7334,4353.34165
chemistry,7335,4353.332675
chemistry,7336,4353.275075
chemistry,7337,4353.199425
chemistry,7338,4352.766799999999
chemistry,7339,4352.6023749999995
chemistry,7340,4352.58315
chemistry,7341,4352.4103
chemistry,7342,4352.3
chemistry,7343,4352.274025
chemistry,7344,4351.84455
chemistry,7345,4351.7874249999995
chemistry,7346,4351.551775
chemistry,7347,4351.489625
chemistry,7348,4351.31175
chemistry,7349,4351.23535
chemistry,7350,4351.11175
chemistry,7351,4350.827225
chemistry,7352,4350.457225
chemistry,7353,4350.385125
chemistry,7354,4349.96095
chemistry,7355,4349.956975
chemistry,7356,4349.758275
chemistry,7357,4349.0259
chemistry,7358,4348.934175
chemistry,7359,4348.879825
chemistry,7360,4348.2715
chemistry,7361,4348.18745
chemistry,7362,4348.1079
chemistry,7363,4347.5555
chemistry,7364,4347.48125
chemistry,7365,4347.418875
chemistry,7366,4347.346
chemistry,7367,4347.310275
chemistry,7368,4346.864675
chemistry,7369,4346.773649999999
chemistry,7370,4346.693175
chemistry,7371,4346.5061749999995
chemistry,7372,4346.40895
chemistry,7373,4346.2888
chemistry,7374,4346.174375
chemistry,7375,4346.07515
chemistry,7376,4346.0470000000005
chemistry,7377,4345.871175
chemistry,7378,4345.8517999999995
chemistry,7379,4345.822175
chemistry,7380,4345.42715
chemistry,7381,4345.311
chemistry,7382,4345.2895
chemistry,7383,4345.2561749999995
chemistry,7384,4345.231075
chemistry,7385,4344.98965
chemistry,7386,4344.924825
chemistry,7387,4344.82925
chemistry,7388,4344.825
chemistry,7389,4344.801875
chemistry,7390,4344.4668249999995
chemistry,7391,4344.40435
chemistry,7392,4344.25575
chemistry,7393,4344.24525
chemistry,7394,4344.233875
chemistry,7395,4344.183075
chemistry,7396,4344.07975
chemistry,7397,4344.0659
chemistry,7398,4343.856175
chemistry,7399,4343.700725
chemistry,7400,4343.45
chemistry,7401,4343.291675
chemistry,7402,4343.1
chemistry,7403,4342.996275
chemistry,7404,4342.535125
chemistry,7405,4342.49135
chemistry,7406,4342.419325000001
chemistry,7407,4342.1146
chemistry,7408,4341.764675
chemistry,7409,4341.750325
chemistry,7410,4341.503575
chemistry,7411,4341.351225
chemistry,7412,4341.347875
chemistry,7413,4341.2002250000005
chemistry,7414,4341.199125
chemistry,7415,4341.193575
chemistry,7416,4340.633774999999
chemistry,7417,4340.4112000000005
chemistry,7418,4340.334175
chemistry,7419,4340.1438
chemistry,7420,4339.824925
chemistry,7421,4339.799825
chemistry,7422,4339.781825
chemistry,7423,4339.774975
chemistry,7424,4339.5061
chemistry,7425,4339.0894
chemistry,7426,4339.025
chemistry,7427,4338.2447250000005
chemistry,7428,4338.13685
chemistry,7429,4338.114525
chemistry,7430,4337.66435
chemistry,7431,4337.587500000001
chemistry,7432,4337.5569
chemistry,7433,4337.481825
chemistry,7434,4337.2561
chemistry,7435,4337.0331750000005
chemistry,7436,4336.433575
chemistry,7437,4336.422925
chemistry,7438,4336.411575
chemistry,7439,4336.3041
chemistry,7440,4336.106175
chemistry,7441,4335.9647749999995
chemistry,7442,4335.610975
chemistry,7443,4335.525
chemistry,7444,4335.290875
chemistry,7445,4335.283225
chemistry,7446,4334.883975
chemistry,7447,4334.651875
chemistry,7448,4334.585475
chemistry,7449,4334.3146750000005
chemistry,7450,4334.0418
chemistry,7451,4333.814925
chemistry,7452,4333.5561
chemistry,7453,4333.5449
chemistry,7454,4333.399925
chemistry,7455,4332.931125
chemistry,7456,4332.89285
chemistry,7457,4332.785225
chemistry,7458,4332.1006
chemistry,7459,4331.9061
chemistry,7460,4331.9061
chemistry,7461,4331.84455
chemistry,7462,4331.825
chemistry,7463,4331.73135
chemistry,7464,4331.41435
chemistry,7465,4330.96435
chemistry,7466,4330.89915
chemistry,7467,4330.891775
chemistry,7468,4330.7283
chemistry,7469,4330.6231
chemistry,7470,4330.589525
chemistry,7471,4330.4343499999995
chemistry,7472,4330.355975
chemistry,7473,4330.178325
chemistry,7474,4330.0
chemistry,7475,4330.0
chemistry,7476,4330.0
chemistry,7477,4329.72285
chemistry,7478,4329.6143
chemistry,7479,4329.1393499999995
chemistry,7480,4329.08315
chemistry,7481,4328.8229
chemistry,7482,4328.7512750000005
chemistry,7483,4328.631175
chemistry,7484,4328.6143
chemistry,7485,4328.406175
chemistry,7486,4328.3715999999995
chemistry,7487,4328.2916749999995
chemistry,7488,4328.0104
chemistry,7489,4327.9245
chemistry,7490,4327.811075
chemistry,7491,4327.600224999999
chemistry,7492,4327.567175
chemistry,7493,4327.48125
chemistry,7494,4327.3695
chemistry,7495,4327.306224999999
chemistry,7496,4327.01765
chemistry,7497,4326.9414
chemistry,7498,4326.454425
chemistry,7499,4326.23905
chemistry,7500,4326.1404250000005
chemistry,7501,4325.7117
chemistry,7502,4325.634075
chemistry,7503,4325.53325
chemistry,7504,4325.283925
chemistry,7505,4325.23385
chemistry,7506,4325.144525
chemistry,7507,4325.06395
chemistry,7508,4324.922975
chemistry,7509,4324.75565
chemistry,7510,4324.6979
chemistry,7511,4324.69375
chemistry,7512,4324.46825
chemistry,7513,4324.447525
chemistry,7514,4324.3144
chemistry,7515,4323.9063
chemistry,7516,4323.641425
chemistry,7517,4323.556175
chemistry,7518,4323.18105
chemistry,7519,4322.8813
chemistry,7520,4322.588925
chemistry,7521,4322.424475
chemistry,7522,4322.2004
chemistry,7523,4322.031175
chemistry,7524,4321.755825
chemistry,7525,4321.748025
chemistry,7526,4321.747875
chemistry,7527,4321.6684749999995
chemistry,7528,4321.5059
chemistry,7529,4321.300725
chemistry,7530,4321.2918
chemistry,7531,4321.1001750000005
chemistry,7532,4320.940875
chemistry,7533,4320.8229
chemistry,7534,4320.6775
chemistry,7535,4320.2997
chemistry,7536,4319.87845
chemistry,7537,4319.866675
chemistry,7538,4319.656225
chemistry,7539,4319.64375
chemistry,7540,4319.638225000001
chemistry,7541,4319.339225
chemistry,7542,4319.269574999999
chemistry,7543,4319.032174999999
chemistry,7544,4318.722175
chemistry,7545,4318.68205
chemistry,7546,4318.010175
chemistry,7547,4317.816825
chemistry,7548,4317.7879
chemistry,7549,4317.612499999999
chemistry,7550,4317.5811
chemistry,7551,4317.522775
chemistry,7552,4317.231025
chemistry,7553,4317.00415
chemistry,7554,4316.87295
chemistry,7555,4316.7393
chemistry,7556,4316.45615
chemistry,7557,4316.406175
chemistry,7558,4316.311925
chemistry,7559,4315.957425
chemistry,7560,4315.870924999999
chemistry,7561,4315.863825
chemistry,7562,4315.37165
chemistry,7563,4315.100649999999
chemistry,7564,4314.983775
chemistry,7565,4314.7625
chemistry,7566,4314.736675
chemistry,7567,4314.7167
chemistry,7568,4314.560125
chemistry,7569,4314.521325
chemistry,7570,4314.46645
chemistry,7571,4314.406099999999
chemistry,7572,4313.864525
chemistry,7573,4313.8191
chemistry,7574,4313.6667
chemistry,7575,4313.5811
chemistry,7576,4313.39805
chemistry,7577,4313.374849999999
chemistry,7578,4313.300125
chemistry,7579,4313.271425
chemistry,7580,4313.268024999999
chemistry,7581,4313.0894499999995
chemistry,7582,4312.977325
chemistry,7583,4312.770375
chemistry,7584,4312.69285
chemistry,7585,4312.676600000001
chemistry,7586,4312.506125
chemistry,7587,4311.748775
chemistry,7588,4311.700075
chemistry,7589,4311.6948
chemistry,7590,4311.65265
chemistry,7591,4311.6311
chemistry,7592,4311.550574999999
chemistry,7593,4311.432425
chemistry,7594,4311.429475
chemistry,7595,4311.3895
chemistry,7596,4311.13075
chemistry,7597,4310.3841
chemistry,7598,4310.304674999999
chemistry,7599,4310.299849999999
chemistry,7600,4310.23125
chemistry,7601,4310.1405
chemistry,7602,4310.028875
chemistry,7603,4309.9960249999995
chemistry,7604,4309.98125
chemistry,7605,4309.853425
chemistry,7606,4309.843599999999
chemistry,7607,4309.6779750000005
chemistry,7608,4309.2006
chemistry,7609,4308.83125
chemistry,7610,4308.700075
chemistry,7611,4308.508699999999
chemistry,7612,4308.206175
chemistry,7613,4307.94455
chemistry,7614,4307.933925
chemistry,7615,4307.841625
chemistry,7616,4307.2210749999995
chemistry,7617,4307.183875
chemistry,7618,4306.74485
chemistry,7619,4306.6958
chemistry,7620,4306.6065
chemistry,7621,4306.5945249999995
chemistry,7622,4306.58735
chemistry,7623,4306.44995
chemistry,7624,4306.389
chemistry,7625,4306.233725
chemistry,7626,4305.886625
chemistry,7627,4305.7603
chemistry,7628,4305.6331
chemistry,7629,4305.600075
chemistry,7630,4305.57495
chemistry,7631,4305.3686
chemistry,7632,4305.1936749999995
chemistry,7633,4305.087675
chemistry,7634,4305.0853
chemistry,7635,4305.065224999999
chemistry,7636,4304.833275
chemistry,7637,4304.5497749999995
chemistry,7638,4304.51735
chemistry,7639,4304.35
chemistry,7640,4303.922724999999
chemistry,7641,4303.883925
chemistry,7642,4303.3306
chemistry,7643,4303.325
chemistry,7644,4302.571
chemistry,7645,4302.500175
chemistry,7646,4302.024875
chemistry,7647,4301.990725
chemistry,7648,4301.962149999999
chemistry,7649,4301.88945
chemistry,7650,4301.825175
chemistry,7651,4301.81435
chemistry,7652,4300.96775
chemistry,7653,4300.777925
chemistry,7654,4300.694825
chemistry,7655,4300.6005749999995
chemistry,7656,4300.587925
chemistry,7657,4300.144925
chemistry,7658,4300.0443
chemistry,7659,4299.631325
chemistry,7660,4299.5581999999995
chemistry,7661,4299.374225
chemistry,7662,4299.33925
chemistry,7663,4299.254025
chemistry,7664,4299.249925
chemistry,7665,4298.965325
chemistry,7666,4298.781174999999
chemistry,7667,4298.737999999999
chemistry,7668,4298.46655
chemistry,7669,4298.123
chemistry,7670,4298.096399999999
chemistry,7671,4298.00825
chemistry,7672,4298.0007749999995
chemistry,7673,4297.901825
chemistry,7674,4297.65415
chemistry,7675,4297.37705
chemistry,7676,4296.9995
chemistry,7677,4296.631275
chemistry,7678,4296.3875
chemistry,7679,4295.9555
chemistry,7680,4295.65615
chemistry,7681,4295.648375
chemistry,7682,4295.36725
chemistry,7683,4295.21045
chemistry,7684,4294.914725
chemistry,7685,4294.68385
chemistry,7686,4294.621575
chemistry,7687,4294.354775
chemistry,7688,4294.2555
chemistry,7689,4294.2311
chemistry,7690,4293.98815
chemistry,7691,4293.91175
chemistry,7692,4293.856175
chemistry,7693,4293.201325
chemistry,7694,4293.043675
chemistry,7695,4292.956175
chemistry,7696,4292.55555
chemistry,7697,4292.34815
chemistry,7698,4292.291575
chemistry,7699,4292.04455
chemistry,7700,4291.930149999999
chemistry,7701,4291.51445
chemistry,7702,4290.205875000001
chemistry,7703,4289.899925
chemistry,7704,4289.8666
chemistry,7705,4288.7145
chemistry,7706,4288.394525
chemistry,7707,4288.250075
chemistry,7708,4288.088925
chemistry,7709,4288.086775000001
chemistry,7710,4287.592775
chemistry,7711,4287.4811
chemistry,7712,4287.45625
chemistry,7713,4287.3444500000005
chemistry,7714,4287.331175
chemistry,7715,4287.2751499999995
chemistry,7716,4286.22925
chemistry,7717,4286.161675
chemistry,7718,4286.125075
chemistry,7719,4286.104825
chemistry,7720,4286.068824999999
chemistry,7721,4285.962575
chemistry,7722,4285.65985
chemistry,7723,4285.656125
chemistry,7724,4285.546475
chemistry,7725,4285.489475
chemistry,7726,4285.451674999999
chemistry,7727,4285.26425
chemistry,7728,4285.195325
chemistry,7729,4284.551925
chemistry,7730,4284.411075
chemistry,7731,4283.541392833335
chemistry,7732,4283.2561749999995
chemistry,7733,4283.239525
chemistry,7734,4282.904425000001
chemistry,7735,4282.7997749999995
chemistry,7736,4282.639174999999
chemistry,7737,4282.60625
chemistry,7738,4282.43405
chemistry,7739,4282.37685
chemistry,7740,4282.3706999999995
chemistry,7741,4282.048075
chemistry,7742,4281.891549999999
chemistry,7743,4281.860425
chemistry,7744,4281.825
chemistry,7745,4281.812424999999
chemistry,7746,4281.59455
chemistry,7747,4281.522875
chemistry,7748,4281.233875
chemistry,7749,4280.804675
chemistry,7750,4280.7543000000005
chemistry,7751,4280.666775
chemistry,7752,4280.6
chemistry,7753,4280.32275
chemistry,7754,4280.046600000001
chemistry,7755,4279.699925
chemistry,7756,4279.53935
chemistry,7757,4279.3171
chemistry,7758,4279.087175
chemistry,7759,4278.429775
chemistry,7760,4278.30525
chemistry,7761,4278.2868
chemistry,7762,4278.21155
chemistry,7763,4277.7499
chemistry,7764,4277.6887750000005
chemistry,7765,4277.59135
chemistry,7766,4277.564625
chemistry,7767,4277.488225
chemistry,7768,4277.339300000001
chemistry,7769,4277.0915749999995
chemistry,7770,4276.814425
chemistry,7771,4276.750175
chemistry,7772,4276.656
chemistry,7773,4276.4889
chemistry,7774,4276.45
chemistry,7775,4275.878299999999
chemistry,7776,4275.650925
chemistry,7777,4275.373
chemistry,7778,4274.922025
chemistry,7779,4274.7561749999995
chemistry,7780,4274.6283
chemistry,7781,4274.365925
chemistry,7782,4274.3312
chemistry,7783,4274.234025
chemistry,7784,4273.97475
chemistry,7785,4273.611
chemistry,7786,4273.07825
chemistry,7787,4272.7584750000005
chemistry,7788,4272.3728
chemistry,7789,4272.3005
chemistry,7790,4271.997675
chemistry,7791,4271.939425
chemistry,7792,4271.475
chemistry,7793,4271.2541249999995
chemistry,7794,4271.150175
chemistry,7795,4271.12685
chemistry,7796,4271.00055
chemistry,7797,4270.668625
chemistry,7798,4270.55285
chemistry,7799,4270.535325
chemistry,7800,4270.514525
chemistry,7801,4270.427075
chemistry,7802,4270.219975
chemistry,7803,4270.195925
chemistry,7804,4269.943675
chemistry,7805,4269.87435
chemistry,7806,4269.389375
chemistry,7807,4269.2769
chemistry,7808,4269.206175
chemistry,7809,4269.112125
chemistry,7810,4269.049425
chemistry,7811,4268.85625
chemistry,7812,4268.769125
chemistry,7813,4268.4887
chemistry,7814,4268.456475
chemistry,7815,4268.175
chemistry,7816,4267.91245
chemistry,7817,4267.541325
chemistry,7818,4267.534125
chemistry,7819,4267.2751
chemistry,7820,4266.538375
chemistry,7821,4266.45735
chemistry,7822,4265.71095
chemistry,7823,4265.595075
chemistry,7824,4265.423012416667
chemistry,7825,4265.2459
chemistry,7826,4264.7561
chemistry,7827,4264.34325
chemistry,7828,4264.2363749999995
chemistry,7829,4264.033275
chemistry,7830,4263.909025
chemistry,7831,4263.517175
chemistry,7832,4263.417975
chemistry,7833,4263.063125
chemistry,7834,4262.479225
chemistry,7835,4262.416675
chemistry,7836,4262.191699999999
chemistry,7837,4262.056325
chemistry,7838,4261.722925
chemistry,7839,4261.414625
chemistry,7840,4261.4001
chemistry,7841,4260.35625
chemistry,7842,4259.922925
chemistry,7843,4259.922425
chemistry,7844,4259.562425
chemistry,7845,4259.5456
chemistry,7846,4259.402425
chemistry,7847,4259.2
chemistry,7848,4259.081175
chemistry,7849,4259.01235
chemistry,7850,4258.7917
chemistry,7851,4258.56705
chemistry,7852,4258.468575
chemistry,7853,4258.376575
chemistry,7854,4258.089
chemistry,7855,4257.889575
chemistry,7856,4257.7721
chemistry,7857,4257.649375
chemistry,7858,4257.60395
chemistry,7859,4257.6001
chemistry,7860,4257.52475
chemistry,7861,4257.511075
chemistry,7862,4257.480375
chemistry,7863,4257.4777
chemistry,7864,4256.956175
chemistry,7865,4256.275
chemistry,7866,4256.011200000001
chemistry,7867,4255.9367
chemistry,7868,4255.463
chemistry,7869,4255.06695
chemistry,7870,4254.899925
chemistry,7871,4254.861775
chemistry,7872,4254.719725
chemistry,7873,4254.7112
chemistry,7874,4254.6339499999995
chemistry,7875,4254.481175
chemistry,7876,4254.049175
chemistry,7877,4253.856175
chemistry,7878,4253.828425
chemistry,7879,4253.63545
chemistry,7880,4253.556175
chemistry,7881,4253.24245
chemistry,7882,4253.189075
chemistry,7883,4253.0118
chemistry,7884,4252.967075
chemistry,7885,4252.7894
chemistry,7886,4252.6915
chemistry,7887,4252.61845
chemistry,7888,4251.81435
chemistry,7889,4251.8125
chemistry,7890,4251.75985
chemistry,7891,4251.640375
chemistry,7892,4251.6227
chemistry,7893,4251.5686749999995
chemistry,7894,4251.43935
chemistry,7895,4251.396
chemistry,7896,4251.20855
chemistry,7897,4250.988075
chemistry,7898,4250.8338
chemistry,7899,4250.769174999999
chemistry,7900,4250.378374999999
chemistry,7901,4250.298175
chemistry,7902,4249.98125
chemistry,7903,4249.7117
chemistry,7904,4249.30625
chemistry,7905,4249.2241
chemistry,7906,4248.511775
chemistry,7907,4248.357349999999
chemistry,7908,4248.2061
chemistry,7909,4248.181175
chemistry,7910,4248.0561
chemistry,7911,4248.000525
chemistry,7912,4247.633775
chemistry,7913,4247.605575
chemistry,7914,4247.551925
chemistry,7915,4247.542575
chemistry,7916,4247.389625
chemistry,7917,4246.7063
chemistry,7918,4246.518
chemistry,7919,4246.118675000001
chemistry,7920,4245.656174999999
chemistry,7921,4245.65045
chemistry,7922,4245.00005
chemistry,7923,4244.734175
chemistry,7924,4244.654025
chemistry,7925,4244.50635
chemistry,7926,4244.2771
chemistry,7927,4243.77845
chemistry,7928,4243.611
chemistry,7929,4243.545175
chemistry,7930,4243.4375
chemistry,7931,4243.310775
chemistry,7932,4243.200325
chemistry,7933,4242.813575
chemistry,7934,4242.731125
chemistry,7935,4242.428475
chemistry,7936,4242.3446
chemistry,7937,4242.333275
chemistry,7938,4242.156425
chemistry,7939,4241.867825
chemistry,7940,4241.755425
chemistry,7941,4241.744900000001
chemistry,7942,4241.511075
chemistry,7943,4241.34775
chemistry,7944,4241.118750000001
chemistry,7945,4240.874175
chemistry,7946,4240.52555
chemistry,7947,4240.394475
chemistry,7948,4239.764749999999
chemistry,7949,4239.219875
chemistry,7950,4239.115675
chemistry,7951,4239.086625
chemistry,7952,4239.04575
chemistry,7953,4238.511075
chemistry,7954,4238.3936
chemistry,7955,4238.278425
chemistry,7956,4238.104775
chemistry,7957,4237.639475
chemistry,7958,4237.581175
chemistry,7959,4237.437400000001
chemistry,7960,4237.233200000001
chemistry,7961,4237.233200000001
chemistry,7962,4237.07485
chemistry,7963,4237.041525
chemistry,7964,4236.066075
chemistry,7965,4235.482925
chemistry,7966,4235.412125
chemistry,7967,4235.093275
chemistry,7968,4235.057425
chemistry,7969,4234.466925
chemistry,7970,4234.4561
chemistry,7971,4234.3772500000005
chemistry,7972,4233.875225
chemistry,7973,4233.856175
chemistry,7974,4233.856175
chemistry,7975,4233.856175
chemistry,7976,4233.844925
chemistry,7977,4233.308175
chemistry,7978,4233.2848
chemistry,7979,4233.20275
chemistry,7980,4232.9
chemistry,7981,4232.53075
chemistry,7982,4232.506249999999
chemistry,7983,4232.4699
chemistry,7984,4232.197975
chemistry,7985,4232.055725
chemistry,7986,4231.97305
chemistry,7987,4231.92115
chemistry,7988,4231.723175
chemistry,7989,4231.5003750000005
chemistry,7990,4231.254375
chemistry,7991,4231.206175
chemistry,7992,4230.9396
chemistry,7993,4230.20335
chemistry,7994,4230.0
chemistry,7995,4228.933925
chemistry,7996,4228.822
chemistry,7997,4228.70755
chemistry,7998,4228.700675
chemistry,7999,4227.647875
chemistry,8000,4227.4408
chemistry,8001,4226.8666
chemistry,8002,4226.7895
chemistry,8003,4226.700825
chemistry,8004,4226.214625
chemistry,8005,4226.0195
chemistry,8006,4225.80005
chemistry,8007,4225.75825
chemistry,8008,4225.03965
chemistry,8009,4225.0061
chemistry,8010,4224.90975
chemistry,8011,4224.855375
chemistry,8012,4224.83675
chemistry,8013,4224.745575
chemistry,8014,4224.3144999999995
chemistry,8015,4224.26725
chemistry,8016,4223.856175
chemistry,8017,4223.522225
chemistry,8018,4222.844625
chemistry,8019,4222.522875
chemistry,8020,4222.469975
chemistry,8021,4221.774925
chemistry,8022,4221.529399999999
chemistry,8023,4221.366625
chemistry,8024,4220.404125
chemistry,8025,4220.047125
chemistry,8026,4219.533324999999
chemistry,8027,4219.1005749999995
chemistry,8028,4218.320624999999
chemistry,8029,4218.084
chemistry,8030,4217.689325
chemistry,8031,4217.31325
chemistry,8032,4217.2354000000005
chemistry,8033,4216.877575
chemistry,8034,4216.3186749999995
chemistry,8035,4215.610275
chemistry,8036,4215.5115
chemistry,8037,4215.40625
chemistry,8038,4215.023075
chemistry,8039,4214.352125
chemistry,8040,4214.167175
chemistry,8041,4213.7561
chemistry,8042,4213.66445
chemistry,8043,4213.53335
chemistry,8044,4213.4895750000005
chemistry,8045,4213.233200000001
chemistry,8046,4213.20995
chemistry,8047,4212.725
chemistry,8048,4212.2981
chemistry,8049,4212.2543749999995
chemistry,8050,4212.079
chemistry,8051,4211.996525
chemistry,8052,4211.525175
chemistry,8053,4211.17415
chemistry,8054,4211.1194
chemistry,8055,4210.052025
chemistry,8056,4209.87835
chemistry,8057,4209.7783
chemistry,8058,4209.77675
chemistry,8059,4209.311675
chemistry,8060,4208.978675
chemistry,8061,4208.791475
chemistry,8062,4208.227025
chemistry,8063,4207.499975
chemistry,8064,4207.325
chemistry,8065,4207.27495
chemistry,8066,4207.0218
chemistry,8067,4206.93725
chemistry,8068,4206.9013749999995
chemistry,8069,4206.8126
chemistry,8070,4206.767175
chemistry,8071,4206.718825
chemistry,8072,4206.670575
chemistry,8073,4206.6
chemistry,8074,4206.539475
chemistry,8075,4206.353875000001
chemistry,8076,4205.970725
chemistry,8077,4205.758125
chemistry,8078,4205.61675
chemistry,8079,4205.4785999999995
chemistry,8080,4205.13395
chemistry,8081,4205.084175
chemistry,8082,4204.756324999999
chemistry,8083,4204.206075
chemistry,8084,4204.088175
chemistry,8085,4204.043075
chemistry,8086,4204.031175
chemistry,8087,4203.427
chemistry,8088,4203.4061
chemistry,8089,4203.00835
chemistry,8090,4202.55545
chemistry,8091,4202.49445
chemistry,8092,4202.48105
chemistry,8093,4201.896525
chemistry,8094,4201.845725
chemistry,8095,4201.6999000000005
chemistry,8096,4201.5241
chemistry,8097,4199.8874
chemistry,8098,4199.870825
chemistry,8099,4199.3061
chemistry,8100,4198.899724999999
chemistry,8101,4198.8916
chemistry,8102,4198.6886
chemistry,8103,4198.6833
chemistry,8104,4198.654125
chemistry,8105,4198.147725
chemistry,8106,4196.7276
chemistry,8107,4196.478375
chemistry,8108,4195.511775
chemistry,8109,4195.449825
chemistry,8110,4195.247875
chemistry,8111,4194.7894
chemistry,8112,4194.108
chemistry,8113,4194.0417
chemistry,8114,4193.74435
chemistry,8115,4193.507799999999
chemistry,8116,4192.978
chemistry,8117,4192.3499249999995
chemistry,8118,4192.020725
chemistry,8119,4191.987575
chemistry,8120,4191.842975
chemistry,8121,4191.806275
chemistry,8122,4191.390775
chemistry,8123,4190.866325
chemistry,8124,4190.5395
chemistry,8125,4190.3
chemistry,8126,4190.0
chemistry,8127,4189.7847
chemistry,8128,4189.306275
chemistry,8129,4189.1416
chemistry,8130,4188.13595
chemistry,8131,4187.7903
chemistry,8132,4187.63125
chemistry,8133,4186.275175
chemistry,8134,4185.99375
chemistry,8135,4185.956075
chemistry,8136,4185.1296
chemistry,8137,4185.0990249999995
chemistry,8138,4184.2477499999995
chemistry,8139,4184.2451
chemistry,8140,4183.5061
chemistry,8141,4182.416675
chemistry,8142,4182.227124999999
chemistry,8143,4181.699925
chemistry,8144,4181.18835
chemistry,8145,4180.94525
chemistry,8146,4180.8451749999995
chemistry,8147,4180.751225
chemistry,8148,4179.7056
chemistry,8149,4179.40925
chemistry,8150,4179.28325
chemistry,8151,4179.231175
chemistry,8152,4178.59515
chemistry,8153,4178.37285
chemistry,8154,4178.318675
chemistry,8155,4178.0759
chemistry,8156,4177.73125
chemistry,8157,4177.2733
chemistry,8158,4177.066575
chemistry,8159,4175.594999999999
chemistry,8160,4175.525475
chemistry,8161,4174.9763
chemistry,8162,4174.889
chemistry,8163,4174.78435
chemistry,8164,4174.708575
chemistry,8165,4174.264499999999
chemistry,8166,4173.617325
chemistry,8167,4173.411325
chemistry,8168,4172.612999999999
chemistry,8169,4172.12975
chemistry,8170,4171.902
chemistry,8171,4171.6561
chemistry,8172,4171.234175
chemistry,8173,4170.6459
chemistry,8174,4170.1855749999995
chemistry,8175,4170.11235
chemistry,8176,4169.943575
chemistry,8177,4169.245075
chemistry,8178,4168.985375
chemistry,8179,4168.2666
chemistry,8180,4167.658325
chemistry,8181,4167.5231
chemistry,8182,4166.5004
chemistry,8183,4165.9093250000005
chemistry,8184,4165.7693
chemistry,8185,4165.677175
chemistry,8186,4165.0645
chemistry,8187,4165.033975
chemistry,8188,4164.464325
chemistry,8189,4164.0446
chemistry,8190,4163.96055
chemistry,8191,4163.595600000001
chemistry,8192,4163.424325
chemistry,8193,4163.406175
chemistry,8194,4162.7543000000005
chemistry,8195,4162.445075
chemistry,8196,4162.33935
chemistry,8197,4162.031325
chemistry,8198,4161.106175
chemistry,8199,4160.53975
chemistry,8200,4160.369175
chemistry,8201,4160.141
chemistry,8202,4159.986075
chemistry,8203,4159.561750000001
chemistry,8204,4158.385174999999
chemistry,8205,4158.0085
chemistry,8206,4157.79545
chemistry,8207,4157.516375
chemistry,8208,4156.781875000001
chemistry,8209,4156.725
chemistry,8210,4156.4791749999995
chemistry,8211,4156.045174999999
chemistry,8212,4155.975
chemistry,8213,4155.974925
chemistry,8214,4155.718475
chemistry,8215,4155.32
chemistry,8216,4155.194925
chemistry,8217,4155.062425
chemistry,8218,4154.73
chemistry,8219,4153.9542
chemistry,8220,4153.046425
chemistry,8221,4153.038225
chemistry,8222,4152.732425
chemistry,8223,4152.5229500000005
chemistry,8224,4152.38905
chemistry,8225,4152.33965
chemistry,8226,4152.281875
chemistry,8227,4152.081174999999
chemistry,8228,4151.8937
chemistry,8229,4149.5181999999995
chemistry,8230,4149.054175
chemistry,8231,4148.5814
chemistry,8232,4148.51095
chemistry,8233,4148.0472500000005
chemistry,8234,4147.75175
chemistry,8235,4147.583175
chemistry,8236,4147.2417000000005
chemistry,8237,4146.808575
chemistry,8238,4145.744549999999
chemistry,8239,4145.101825
chemistry,8240,4143.7176
chemistry,8241,4143.1228
chemistry,8242,4143.0109250000005
chemistry,8243,4142.489575
chemistry,8244,4142.396475
chemistry,8245,4141.975075
chemistry,8246,4141.706075
chemistry,8247,4140.890525
chemistry,8248,4140.20615
chemistry,8249,4140.1557
chemistry,8250,4139.383425
chemistry,8251,4138.696275
chemistry,8252,4138.456825
chemistry,8253,4138.2999500000005
chemistry,8254,4138.21
chemistry,8255,4137.833975
chemistry,8256,4135.3423999999995
chemistry,8257,4134.155675
chemistry,8258,4133.981125
chemistry,8259,4133.856175
chemistry,8260,4133.856175
chemistry,8261,4132.7114249999995
chemistry,8262,4131.229
chemistry,8263,4130.33335
chemistry,8264,4129.7844000000005
chemistry,8265,4129.4521
chemistry,8266,4129.3675
chemistry,8267,4129.320675
chemistry,8268,4129.0262999999995
chemistry,8269,4128.222
chemistry,8270,4127.5
chemistry,8271,4126.581275
chemistry,8272,4126.570175
chemistry,8273,4125.845925
chemistry,8274,4125.3535
chemistry,8275,4124.863225
chemistry,8276,4124.522825
chemistry,8277,4124.274925
chemistry,8278,4123.8
chemistry,8279,4123.675075
chemistry,8280,4123.123149999999
chemistry,8281,4122.95625
chemistry,8282,4122.769675
chemistry,8283,4121.3398
chemistry,8284,4120.40825
chemistry,8285,4119.431175
chemistry,8286,4118.997925
chemistry,8287,4118.812
chemistry,8288,4117.326424999999
chemistry,8289,4117.3082
chemistry,8290,4116.318499999999
chemistry,8291,4115.981175
chemistry,8292,4115.5827
chemistry,8293,4115.0562
chemistry,8294,4114.758374999999
chemistry,8295,4114.627725
chemistry,8296,4114.393925
chemistry,8297,4114.323125
chemistry,8298,4114.16445
chemistry,8299,4113.718675
chemistry,8300,4113.7168
chemistry,8301,4113.407075
chemistry,8302,4113.337425
chemistry,8303,4113.04795
chemistry,8304,4112.75
chemistry,8305,4112.221325
chemistry,8306,4112.2205
chemistry,8307,4110.558075
chemistry,8308,4110.55125
chemistry,8309,4109.617249999999
chemistry,8310,4109.48945
chemistry,8311,4108.591675
chemistry,8312,4107.206175
chemistry,8313,4106.441775
chemistry,8314,4106.36845
chemistry,8315,4105.661225
chemistry,8316,4104.4508
chemistry,8317,4103.547925
chemistry,8318,4103.1942
chemistry,8319,4102.821575
chemistry,8320,4102.75645
chemistry,8321,4102.0452749999995
chemistry,8322,4101.820275
chemistry,8323,4101.27495
chemistry,8324,4101.0055
chemistry,8325,4100.7271
chemistry,8326,4099.845275
chemistry,8327,4098.3
chemistry,8328,4097.42285
chemistry,8329,4096.814425
chemistry,8330,4096.75055
chemistry,8331,4096.6212749999995
chemistry,8332,4094.909525
chemistry,8333,4093.946325
chemistry,8334,4093.856175
chemistry,8335,4093.596
chemistry,8336,4093.1875
chemistry,8337,4091.9952
chemistry,8338,4091.8
chemistry,8339,4091.015925
chemistry,8340,4089.75425
chemistry,8341,4087.134
chemistry,8342,4086.8446999999996
chemistry,8343,4086.24365
chemistry,8344,4086.138125
chemistry,8345,4085.8714999999997
chemistry,8346,4083.795925
chemistry,8347,4083.0118249999996
chemistry,8348,4082.706175
chemistry,8349,4081.1214999999997
chemistry,8350,4080.677125
chemistry,8351,4078.722175
chemistry,8352,4078.36105
chemistry,8353,4076.73955
chemistry,8354,4075.1250999999997
chemistry,8355,4074.99215
chemistry,8356,4074.9761
chemistry,8357,4074.7998
chemistry,8358,4074.722925
chemistry,8359,4073.856175
chemistry,8360,4073.1803
chemistry,8361,4069.87065
chemistry,8362,4069.1853250000004
chemistry,8363,4067.8418500000002
chemistry,8364,4067.67065
chemistry,8365,4067.589
chemistry,8366,4065.9145499999995
chemistry,8367,4065.390875
chemistry,8368,4065.3224
chemistry,8369,4064.406175
chemistry,8370,4064.0223
chemistry,8371,4063.695725
chemistry,8372,4063.239675
chemistry,8373,4062.04515
chemistry,8374,4060.55145
chemistry,8375,4060.5276249999997
chemistry,8376,4058.514975
chemistry,8377,4058.3223
chemistry,8378,4057.42635
chemistry,8379,4057.11635
chemistry,8380,4056.9778
chemistry,8381,4056.97575
chemistry,8382,4056.725
chemistry,8383,4056.03385
chemistry,8384,4054.8521
chemistry,8385,4053.5222
chemistry,8386,4053.341675
chemistry,8387,4052.7563999999998
chemistry,8388,4051.1723
chemistry,8389,4049.800075
chemistry,8390,4048.292125
chemistry,8391,4044.952775
chemistry,8392,4044.8331749999998
chemistry,8393,4044.6474
chemistry,8394,4043.904225
chemistry,8395,4043.788875
chemistry,8396,4042.07965
chemistry,8397,4040.664425
chemistry,8398,4040.00015
chemistry,8399,4039.854
chemistry,8400,4038.8562249999995
chemistry,8401,4037.7645749999997
chemistry,8402,4037.13125
chemistry,8403,4036.6279
chemistry,8404,4035.98945
chemistry,8405,4035.225025
chemistry,8406,4034.4139
chemistry,8407,4034.3769999999995
chemistry,8408,4030.45635
chemistry,8409,4030.2144
chemistry,8410,4029.493725
chemistry,8411,4028.83395
chemistry,8412,4028.1445
chemistry,8413,4027.5555
chemistry,8414,4027.2679749999998
chemistry,8415,4027.233325
chemistry,8416,4027.1100500000002
chemistry,8417,4026.572625
chemistry,8418,4026.406775
chemistry,8419,4023.4673249999996
chemistry,8420,4023.280175
chemistry,8421,4023.1673499999997
chemistry,8422,4022.97685
chemistry,8423,4022.416925
chemistry,8424,4015.3068
chemistry,8425,4014.99495
chemistry,8426,4014.5451749999997
chemistry,8427,4012.8785249999996
chemistry,8428,4011.73955
chemistry,8429,4010.0
chemistry,8430,4009.845125
chemistry,8431,4009.6917249999997
chemistry,8432,4008.6153249999998
chemistry,8433,4005.689625
chemistry,8434,4005.1229749999998
chemistry,8435,4005.0784999999996
chemistry,8436,4004.8547999999996
chemistry,8437,4003.72505
chemistry,8438,4001.2843749999997
chemistry,8439,4001.24165
chemistry,8440,4001.068375
chemistry,8441,4000.3228249999997
chemistry,8442,3998.8473750000003
chemistry,8443,3997.594775
chemistry,8444,3997.42235
chemistry,8445,3993.0223
chemistry,8446,3989.358375
chemistry,8447,3989.15485
chemistry,8448,3986.597275
chemistry,8449,3985.307675
chemistry,8450,3984.602525
chemistry,8451,3983.975
chemistry,8452,3981.1553750000003
chemistry,8453,3978.629275
chemistry,8454,3976.3784
chemistry,8455,3975.233375
chemistry,8456,3973.87835
chemistry,8457,3973.5339999999997
chemistry,8458,3972.0339249999997
chemistry,8459,3971.847775
chemistry,8460,3971.34295
chemistry,8461,3970.1227
chemistry,8462,3964.4249
chemistry,8463,3962.7507
chemistry,8464,3960.1061
chemistry,8465,3960.0562499999996
chemistry,8466,3959.8853
chemistry,8467,3959.652375
chemistry,8468,3959.2005249999997
chemistry,8469,3958.658525
chemistry,8470,3958.061775
chemistry,8471,3955.556025
chemistry,8472,3951.661925
chemistry,8473,3951.2566500000003
chemistry,8474,3950.944975
chemistry,8475,3950.075125
chemistry,8476,3949.958375
chemistry,8477,3949.8451499999996
chemistry,8478,3949.844975
chemistry,8479,3948.756925
chemistry,8480,3947.32235
chemistry,8481,3941.1850999999997
chemistry,8482,3940.083325
chemistry,8483,3939.9435999999996
chemistry,8484,3935.640925
chemistry,8485,3933.522125
chemistry,8486,3929.0116749999997
chemistry,8487,3928.8506749999997
chemistry,8488,3925.73755
chemistry,8489,3922.914275
chemistry,8490,3921.8963249999997
chemistry,8491,3920.4723249999997
chemistry,8492,3920.12925
chemistry,8493,3919.4751
chemistry,8494,3917.9172
chemistry,8495,3917.7644499999997
chemistry,8496,3916.333375
chemistry,8497,3914.9783749999997
chemistry,8498,3909.8235750000003
chemistry,8499,3908.292
chemistry,8500,3906.0339249999997
chemistry,8501,3900.644475
chemistry,8502,3893.956175
chemistry,8503,3892.817525
chemistry,8504,3888.388875
chemistry,8505,3888.3464999999997
chemistry,8506,3885.608325
chemistry,8507,3884.43435
chemistry,8508,3878.7237750000004
chemistry,8509,3877.6895
chemistry,8510,3876.6080249999995
chemistry,8511,3876.333925
chemistry,8512,3870.97775
chemistry,8513,3869.7165
chemistry,8514,3865.6070499999996
chemistry,8515,3864.555625
chemistry,8516,3864.0505749999998
chemistry,8517,3857.4846
chemistry,8518,3856.28115
chemistry,8519,3855.645825
chemistry,8520,3855.2312
chemistry,8521,3850.0825
chemistry,8522,3848.322975
chemistry,8523,3842.684
chemistry,8524,3841.376275
chemistry,8525,3837.490825
chemistry,8526,3837.3062
chemistry,8527,3833.0857
chemistry,8528,3830.7796
chemistry,8529,3829.129125
chemistry,8530,3826.956175
chemistry,8531,3825.7117
chemistry,8532,3825.6334
chemistry,8533,3824.868825
chemistry,8534,3822.2394249999998
chemistry,8535,3819.490275
chemistry,8536,3816.389625
chemistry,8537,3808.879825
chemistry,8538,3800.3097
chemistry,8539,3794.314575
chemistry,8540,3793.3
chemistry,8541,3783.397875
chemistry,8542,3776.7672999999995
chemistry,8543,3775.4451249999997
chemistry,8544,3775.430575
chemistry,8545,3773.40985
chemistry,8546,3764.7728500000003
chemistry,8547,3756.6375
chemistry,8548,3751.03345
chemistry,8549,3749.07085
chemistry,8550,3748.729175
chemistry,8551,3747.9968249999997
chemistry,8552,3742.9394749999997
chemistry,8553,3739.69025
chemistry,8554,3739.6283
chemistry,8555,3715.933325
chemistry,8556,3715.215325
chemistry,8557,3710.8854499999998
chemistry,8558,3707.998075
chemistry,8559,3706.685475
chemistry,8560,3705.4667
chemistry,8561,3695.7814500000004
chemistry,8562,3694.0069750000002
chemistry,8563,3685.9624249999997
chemistry,8564,3685.122825
chemistry,8565,3683.325025
chemistry,8566,3682.9375
chemistry,8567,3681.0376
chemistry,8568,3679.48935
chemistry,8569,3671.786125
chemistry,8570,3667.44785
chemistry,8571,3632.52975
chemistry,8572,3631.567275
chemistry,8573,3628.8021
chemistry,8574,3555.9314999999997
chemistry,8575,3541.35625
chemistry,8576,3526.184375
chemistry,8577,3507.589525
chemistry,8578,3502.614625
chemistry,8579,3479.995075
chemistry,8580,3470.4532
chemistry,8581,3463.2209000000003
chemistry,8582,3461.82275
chemistry,8583,3458.011775
chemistry,8584,3454.3778
chemistry,8585,3448.311075
chemistry,8586,3444.07055
chemistry,8587,3440.096925
chemistry,8588,3420.275075
chemistry,8589,3412.7278
chemistry,8590,3395.949975
chemistry,8591,3388.83315
chemistry,8592,3354.2167
chemistry,8593,3352.5784
chemistry,8594,3351.26035
chemistry,8595,3344.450675
chemistry,8596,3343.98875
chemistry,8597,3342.247075
chemistry,8598,3340.0376
chemistry,8599,3338.5280249999996
chemistry,8600,3338.040375
chemistry,8601,3337.526675
chemistry,8602,3337.2780249999996
chemistry,8603,3334.316675
chemistry,8604,3334.175
chemistry,8605,3331.6111
chemistry,8606,3329.9137499999997
chemistry,8607,3325.549975
chemistry,8608,3324.1746
chemistry,8609,3323.572175
chemistry,8610,3314.989375
chemistry,8611,3314.73305
chemistry,8612,3313.739525
chemistry,8613,3312.82495
chemistry,8614,3312.493
chemistry,8615,3312.25475
chemistry,8616,3311.95665
chemistry,8617,3310.0
chemistry,8618,3302.45185
chemistry,8619,3301.55545
chemistry,8620,3300.6454249999997
chemistry,8621,3298.199525
chemistry,8622,3295.4344
chemistry,8623,3294.931525
chemistry,8624,3291.831275
chemistry,8625,3291.5562
chemistry,8626,3289.772175
chemistry,8627,3287.72825
chemistry,8628,3286.550475
chemistry,8629,3285.202025
chemistry,8630,3283.7906
chemistry,8631,3282.08385
chemistry,8632,3281.9653749999998
chemistry,8633,3281.02775
chemistry,8634,3280.463825
chemistry,8635,3271.421175
chemistry,8636,3270.786725
chemistry,8637,3269.231125
chemistry,8638,3266.6958
chemistry,8639,3266.627775
chemistry,8640,3266.508125
chemistry,8641,3263.8478999999998
chemistry,8642,3263.5281499999996
chemistry,8643,3262.8938
chemistry,8644,3262.4687
chemistry,8645,3262.2959
chemistry,8646,3260.33135
chemistry,8647,3256.0478749999997
chemistry,8648,3254.47775
chemistry,8649,3253.8780749999996
chemistry,8650,3250.12505
chemistry,8651,3249.0375000000004
chemistry,8652,3246.46105
chemistry,8653,3244.5708
chemistry,8654,3233.981775
chemistry,8655,3232.66865
chemistry,8656,3231.356175
chemistry,8657,3230.93865
chemistry,8658,3229.087475
chemistry,8659,3228.439975
chemistry,8660,3227.83615
chemistry,8661,3227.022975
chemistry,8662,3224.2846
chemistry,8663,3223.955625
chemistry,8664,3223.056275
chemistry,8665,3221.603475
chemistry,8666,3219.7468
chemistry,8667,3215.98895
chemistry,8668,3212.4732
chemistry,8669,3209.3717749999996
chemistry,8670,3208.656125
chemistry,8671,3208.34445
chemistry,8672,3208.25625
chemistry,8673,3204.63575
chemistry,8674,3203.5297499999997
chemistry,8675,3197.583375
chemistry,8676,3193.634325
chemistry,8677,3191.25005
chemistry,8678,3183.925025
chemistry,8679,3181.88325
chemistry,8680,3181.855625
chemistry,8681,3180.6778
chemistry,8682,3177.653075
chemistry,8683,3176.87225
chemistry,8684,3174.3686
chemistry,8685,3166.2555
chemistry,8686,3140.0006
chemistry,8687,3138.1144999999997
chemistry,8688,3137.0777749999997
chemistry,8689,3135.5834
chemistry,8690,3133.7333
chemistry,8691,3132.7756
chemistry,8692,3132.39035
chemistry,8693,3129.1917249999997
chemistry,8694,3125.818675
chemistry,8695,3123.98125
chemistry,8696,3123.828175
chemistry,8697,3113.23665
chemistry,8698,3112.71175
chemistry,8699,3109.87275
chemistry,8700,3089.046925
chemistry,8701,3088.4687
chemistry,8702,3085.98305
chemistry,8703,3084.7096500000002
chemistry,8704,3077.681225
chemistry,8705,3075.480625
chemistry,8706,3070.811925
chemistry,8707,3056.758325
chemistry,8708,3047.751725
chemistry,8709,3047.60795
chemistry,8710,3041.091
chemistry,8711,3037.692225
chemistry,8712,3035.8017
chemistry,8713,3023.906175
chemistry,8714,3019.8776749999997
chemistry,8715,3014.882375
chemistry,8716,3001.7166500000003
chemistry,8717,2967.5438000000004
chemistry,8718,2960.27765
chemistry,8719,2954.300025
chemistry,8720,2942.494525
chemistry,8721,2918.0124
chemistry,8722,2915.46665
chemistry,8723,2912.0498749999997
chemistry,8724,2886.832
chemistry,8725,2868.622225
chemistry,8726,2847.6936499999997
chemistry,8727,2847.53185
chemistry,8728,2841.3999750000003
chemistry,8729,2827.325
chemistry,8730,2817.96735
chemistry,8731,2793.970125
chemistry,8732,2775.635275
chemistry,8733,2773.025
chemistry,8734,2768.716625
chemistry,8735,2756.193175
chemistry,8736,2748.7437
chemistry,8737,2682.8882
chemistry,8738,2632.57135
chemistry,8739,2628.379775
chemistry,8740,2615.943725
chemistry,8741,2610.1721749999997
chemistry,8742,2600.113125
chemistry,8743,2598.1173
chemistry,8744,2598.092625
chemistry,8745,2587.3499
chemistry,8746,2583.138775
chemistry,8747,2543.376975
chemistry,8748,2541.8713
chemistry,8749,2538.89435
chemistry,8750,2537.933275
chemistry,8751,2534.9166999999998
chemistry,8752,2531.3221750000002
chemistry,8753,2529.63345
chemistry,8754,2529.266575
chemistry,8755,2526.902075
chemistry,8756,2524.2888
chemistry,8757,2518.27565
chemistry,8758,2500.955475
chemistry,8759,2495.6104
chemistry,8760,2492.258225
chemistry,8761,2491.121475
chemistry,8762,2486.213475
chemistry,8763,2472.3713749999997
chemistry,8764,2469.3325999999997
chemistry,8765,2463.34515
chemistry,8766,2460.064625
chemistry,8767,2458.2295
chemistry,8768,2457.819975
chemistry,8769,2443.338175
chemistry,8770,2440.147825
chemistry,8771,2440.09915
chemistry,8772,2428.565975
chemistry,8773,2420.07825
chemistry,8774,2419.63665
chemistry,8775,2416.846375
chemistry,8776,2415.1409
chemistry,8777,2413.3311
chemistry,8778,2406.07275
chemistry,8779,2405.879775
chemistry,8780,2399.82965
chemistry,8781,2392.868625
chemistry,8782,2386.093675
chemistry,8783,2385.1479
chemistry,8784,2379.3951749999997
metal,1,663.1602328583333
metal,2,658.7149406666666
metal,3,656.4601704276673
metal,4,647.7467732
metal,5,641.7383953526673
metal,6,640.6277624776674
metal,7,636.8254291416666
metal,8,631.8418555282692
metal,9,630.3868534276673
metal,10,630.3825437526674
metal,11,629.6015096116025
metal,12,629.2569329026674
metal,13,628.3346578526674
metal,14,627.478727375
metal,15,624.9901468276674
metal,16,624.8200494776673
metal,17,622.6905329166667
metal,18,620.627832225
metal,19,620.589750725
metal,20,620.378883825
metal,21,619.039394375
metal,22,615.9705588526674
metal,23,615.2844410916667
metal,24,614.7400002916665
metal,25,614.4471940083333
metal,26,613.8019973776674
metal,27,613.6396500276674
metal,28,612.3007656776673
metal,29,611.5252526583333
metal,30,610.7469486416667
metal,31,609.6449389750001
metal,32,608.3873774026673
metal,33,608.2534764449358
metal,34,608.0751719118185
metal,35,607.3256332
metal,36,606.753896625
metal,37,606.4747273276673
metal,38,606.38537495
metal,39,606.3592903026673
metal,40,604.7068225776674
metal,41,604.0291383416667
metal,42,603.218429575
metal,43,603.1264776333334
metal,44,603.0355735
metal,45,602.1361514776673
metal,46,602.0963150776673
metal,47,601.910198225
metal,48,601.86840965
metal,49,601.48190895
metal,50,601.3045867032691
metal,51,599.4908733249999
metal,52,598.9947354276674
metal,53,598.7920806166667
metal,54,598.4498739000001
metal,55,598.0710070666667
metal,56,597.656251525
metal,57,597.491881875
metal,58,597.1971415782692
metal,59,596.9345984782692
metal,60,596.791799275
metal,61,596.7826663776674
metal,62,596.6821035416666
metal,63,596.5374293833333
metal,64,596.046414025
metal,65,595.656991794936
metal,66,595.6476590276674
metal,67,595.637972525
metal,68,595.342598
metal,69,595.19821485
metal,70,594.7702300026674
metal,71,594.5542475166667
metal,72,594.2355141026674
metal,73,593.9984818
metal,74,593.0696174776674
metal,75,592.9038204583334
metal,76,592.397233025
metal,77,591.2656232166668
metal,78,591.107990275
metal,79,590.7404614
metal,80,589.1571743366026
metal,81,589.129962925
metal,82,588.7924582949358
metal,83,588.7768589776674
metal,84,588.3544804276673
metal,85,588.216556075
metal,86,587.7724701532692
metal,87,587.3000393
metal,88,587.2022369416666
metal,89,586.9003534000001
metal,90,586.7236837282693
metal,91,586.4665972526674
metal,92,586.201073675
metal,93,586.1914069026674
metal,94,586.1870652199359
metal,95,586.0774299166667
metal,96,585.8907117416667
metal,97,585.8166051000001
metal,98,585.7306826333333
metal,99,585.6344825776674
metal,100,585.5745366833333
metal,101,585.5134202776674
metal,102,585.323215
metal,103,585.2061076199359
metal,104,584.9544631776673
metal,105,582.59944105
metal,106,582.4919246083333
metal,107,582.2643129416667
metal,108,582.06401825
metal,109,581.6637851776674
metal,110,581.6086325416667
metal,111,581.2079789026674
metal,112,581.0829649249999
metal,113,580.9858967776673
metal,114,580.5884339276673
metal,115,580.3047110199359
metal,116,579.9455972000001
metal,117,579.536655425
metal,118,579.5180139500001
metal,119,579.5158688166666
metal,120,579.4921069333334
metal,121,578.9549793366026
metal,122,578.79218055
metal,123,578.5415015250001
metal,124,578.4901622866025
metal,125,578.2577624833333
metal,126,578.1565767532692
metal,127,577.972698225
metal,128,577.7363022166667
metal,129,577.332078269936
metal,130,576.8608149083334
metal,131,576.5633336776674
metal,132,576.1248007416666
metal,133,576.0735642276674
metal,134,574.8861951833334
metal,135,574.6911163249999
metal,136,574.6846658333333
metal,137,574.563429875
metal,138,573.989815725
metal,139,573.8896846499999
metal,140,573.760805625
metal,141,573.640717525
metal,142,573.5718608
metal,143,573.362960125
metal,144,573.2276612666667
metal,145,572.969752325
metal,146,572.9231601116026
metal,147,572.8859805282692
metal,148,572.7735321026674
metal,149,572.683499825
metal,150,572.6059830833334
metal,151,572.4078151526674
metal,152,572.39188995
metal,153,572.12209085
metal,154,571.9726173276673
metal,155,571.928719525
metal,156,571.91061975
metal,157,571.84600785
metal,158,571.6051660500001
metal,159,571.5725066276674
metal,160,571.2363521032693
metal,161,571.1317793526674
metal,162,570.9035986083333
metal,163,570.7925769776674
metal,164,570.4792693333334
metal,165,570.471156625
metal,166,570.41691005
metal,167,570.0568635026674
metal,168,569.5726636083334
metal,169,569.202092175
metal,170,569.1826185949359
metal,171,569.0784405166667
metal,172,569.0724937276674
metal,173,568.7109403916667
metal,174,568.3683052
metal,175,568.3425076032693
metal,176,568.2752658416667
metal,177,568.048486725
metal,178,567.6162578276674
metal,179,567.1838622
metal,180,566.921401025
metal,181,566.86134895
metal,182,566.5571462526674
metal,183,566.483465225
metal,184,566.033342575
metal,185,565.8384894282693
metal,186,565.5921513276674
metal,187,565.4080191
metal,188,565.3847848776674
metal,189,564.3513970250001
metal,190,564.244824425
metal,191,564.0797472
metal,192,564.014035225
metal,193,563.98094415
metal,194,563.84000065
metal,195,563.55461075
metal,196,563.389140625
metal,197,563.3047796666666
metal,198,562.6226014833334
metal,199,562.5919623249999
metal,200,562.2647694000001
metal,201,562.0803987526673
metal,202,561.3696412526674
metal,203,561.3003771026673
metal,204,561.243109925
metal,205,561.2067701276674
metal,206,560.7966200776674
metal,207,560.7825011526674
metal,208,560.5612859282692
metal,209,560.5562233416667
metal,210,560.5190406
metal,211,560.404948275
metal,212,560.3142067116025
metal,213,559.8426809499999
metal,214,559.8012415166667
metal,215,559.6455736333334
metal,216,559.6361713
metal,217,559.36961365
metal,218,559.2426257
metal,219,559.0860480499999
metal,220,558.8848497276673
metal,221,558.7547562866025
metal,222,558.3466598526674
metal,223,558.0769319166667
metal,224,558.0095163773809
metal,225,557.65450815
metal,226,557.6517314032692
metal,227,557.4500046583333
metal,228,557.3716237026673
metal,229,557.085558425
metal,230,556.97325565
metal,231,556.9716622526673
metal,232,556.9516565276674
metal,233,556.6936150333333
metal,234,556.6935685500001
metal,235,556.648889575
metal,236,556.3578653249999
metal,237,556.2893386000001
metal,238,556.270640875
metal,239,556.2612244526673
metal,240,555.728978625
metal,241,555.4788823250001
metal,242,555.4001899
metal,243,554.976753475
metal,244,554.846174825
metal,245,554.6590556526673
metal,246,554.609536175
metal,247,554.5532828166666
metal,248,554.2795624583333
metal,249,554.1865115583333
metal,250,553.87733615
metal,251,553.5963752116027
metal,252,553.537757875
metal,253,553.5219840166667
metal,254,553.4922911526673
metal,255,553.4563579
metal,256,553.26481485
metal,257,553.2227110083334
metal,258,553.1498033276674
metal,259,553.0617797026674
metal,260,552.7353062026674
metal,261,552.503296875
metal,262,552.18867015
metal,263,552.1031486526674
metal,264,552.102209825
metal,265,551.7911000500001
metal,266,551.618123075
metal,267,550.9788336500001
metal,268,550.9675288583334
metal,269,550.938166425
metal,270,550.84892655
metal,271,550.744964125
metal,272,550.62271645
metal,273,550.4753601699358
metal,274,550.4301097026673
metal,275,550.300714475
metal,276,550.2711049776674
metal,277,550.2546871416666
metal,278,549.960530075
metal,279,549.9476062916667
metal,280,549.7397885116026
metal,281,549.4505915026674
metal,282,548.6595293532692
metal,283,548.5809914
metal,284,548.535004175
metal,285,548.4108267
metal,286,548.3618504866026
metal,287,548.2052917999999
metal,288,548.1753377532692
metal,289,547.844224
metal,290,547.72799205
metal,291,547.6967459
metal,292,547.3059289026673
metal,293,546.8645759249999
metal,294,546.6573949
metal,295,546.6472706866026
metal,296,546.487687625
metal,297,546.4603254276674
metal,298,546.409925975
metal,299,546.3460412
metal,300,546.1750621782692
metal,301,546.1386187916667
metal,302,546.076573825
metal,303,545.98256685
metal,304,545.9005918749999
metal,305,545.6600539199359
metal,306,545.5198713416667
metal,307,545.3549029276674
metal,308,545.1906701776674
metal,309,545.0575042333334
metal,310,545.018909025
metal,311,544.5318904
metal,312,544.4460232333333
metal,313,544.4378444916667
metal,314,544.3302941326033
metal,315,544.2402756166666
metal,316,544.0237440416666
metal,317,543.9559598
metal,318,543.829399094936
metal,319,543.791496775
metal,320,543.6100675276674
metal,321,543.203542275
metal,322,543.0608647833334
metal,323,542.9463094416667
metal,324,542.522916825
metal,325,542.5114366276674
metal,326,542.347639075
metal,327,542.3397909416667
metal,328,542.2295925026674
metal,329,541.747816275
metal,330,541.583412775
metal,331,541.549056525
metal,332,541.5321219499999
metal,333,541.5090421250001
metal,334,541.5033662916667
metal,335,541.1815121166667
metal,336,541.0825860026674
metal,337,540.9975015526674
metal,338,540.9883367526674
metal,339,540.9434120083333
metal,340,540.8736456583333
metal,341,540.8454930276674
metal,342,540.7410027333333
metal,343,540.721736
metal,344,540.6009618646177
metal,345,540.20413495
metal,346,540.10438445
metal,347,540.0740687526674
metal,348,540.0219549249999
metal,349,539.9651729276674
metal,350,539.94093395
metal,351,539.787720225
metal,352,539.7256912749999
metal,353,539.5134847282693
metal,354,539.2849686532693
metal,355,539.0903818276673
metal,356,538.87344505
metal,357,538.6585480749999
metal,358,538.6328689526673
metal,359,538.56749535
metal,360,538.5273019776673
metal,361,537.51640605
metal,362,537.5005972083334
metal,363,537.364961075
metal,364,537.298513875
metal,365,537.2512766032693
metal,366,536.723069225
metal,367,536.5971327699359
metal,368,536.489419475
metal,369,536.4475151776674
metal,370,536.2110854776673
metal,371,535.98895315
metal,372,535.6794063333333
metal,373,535.673758525
metal,374,535.615687875
metal,375,535.3903410866026
metal,376,535.3522857666667
metal,377,535.26585295
metal,378,535.1238827699359
metal,379,534.6844622666667
metal,380,534.6363811166667
metal,381,534.631447325
metal,382,534.20922805
metal,383,534.1206203366027
metal,384,533.9117113866025
metal,385,533.88802005
metal,386,533.1061694276674
metal,387,532.887461175
metal,388,532.7970572
metal,389,532.6157991333333
metal,390,532.555025825
metal,391,532.4045484833333
metal,392,532.182932375
metal,393,532.1220572416667
metal,394,531.9402055276673
metal,395,531.5541212083334
metal,396,531.494952075
metal,397,530.9473476282692
metal,398,530.767684475
metal,399,530.6222637
metal,400,530.537587175
metal,401,530.508318925
metal,402,530.3051484666667
metal,403,530.2185055782693
metal,404,530.1213976776673
metal,405,530.1005614500001
metal,406,530.0857913833332
metal,407,529.984790275
metal,408,529.9111810333334
metal,409,529.8177782833334
metal,410,529.6875292166667
metal,411,529.5689956083332
metal,412,529.556650175
metal,413,529.2834424526674
metal,414,529.1983239026673
metal,415,529.018079825
metal,416,528.8933926
metal,417,528.5762600699359
metal,418,528.5714066
metal,419,528.54092695
metal,420,528.5221170083333
metal,421,528.5181589166667
metal,422,528.3805747
metal,423,528.1949151366025
metal,424,527.8198189750001
metal,425,527.0830545250001
metal,426,527.0382971276674
metal,427,526.75368595
metal,428,526.697554825
metal,429,526.5508556916667
metal,430,526.49015235
metal,431,526.1707943333334
metal,432,525.9750085000001
metal,433,525.6384186116026
metal,434,525.56797145
metal,435,525.5588471583334
metal,436,525.1377450776674
metal,437,525.1114720532693
metal,438,525.0346642166668
metal,439,524.9988825999999
metal,440,524.8344329250001
metal,441,524.5520391699358
metal,442,524.515835075
metal,443,524.2743785116025
metal,444,524.2154619866026
metal,445,524.1357376583334
metal,446,524.0212002
metal,447,523.9102119776674
metal,448,523.8108544866025
metal,449,523.8047286166667
metal,450,523.5708920166666
metal,451,523.48222355
metal,452,523.32606745
metal,453,523.258897775
metal,454,523.247724075
metal,455,522.7749462282693
metal,456,522.7347185276674
metal,457,522.719035525
metal,458,522.6904041026673
metal,459,522.6819054833334
metal,460,522.6818017526674
metal,461,522.663505275
metal,462,522.6379801366026
metal,463,522.2959957
metal,464,522.1903038
metal,465,522.1148356416667
metal,466,522.0276742
metal,467,521.9473705583333
metal,468,521.834644325
metal,469,521.6851584276674
metal,470,521.0493733699359
metal,471,520.828497425
metal,472,520.5782625026674
metal,473,520.450671675
metal,474,520.3999172282693
metal,475,520.24971155
metal,476,520.2229439666665
metal,477,520.2000488083333
metal,478,520.03211785
metal,479,519.952456825
metal,480,519.7711386866025
metal,481,519.6438040782692
metal,482,519.5720668
metal,483,519.3599221616025
metal,484,519.3555571526674
metal,485,519.3524267276674
metal,486,519.3348074
metal,487,519.308264425
metal,488,519.283659
metal,489,519.283219825
metal,490,519.2753251333334
metal,491,519.1565822416667
metal,492,519.04186725
metal,493,519.0364362776673
metal,494,519.0220697249999
metal,495,518.9593284833335
metal,496,518.82498695
metal,497,518.6718775526674
metal,498,518.4575894249999
metal,499,518.3271605583334
metal,500,518.1002919026674
metal,501,518.0366733000001
metal,502,518.0091368526674
metal,503,517.7649482278803
metal,504,517.728993625
metal,505,517.4981785
metal,506,517.4432057776673
metal,507,517.430748
metal,508,517.3187195526674
metal,509,516.8278845782692
metal,510,516.7256414999999
metal,511,516.500528375
metal,512,516.4956086666667
metal,513,516.3250335083334
metal,514,516.23622705
metal,515,516.1635226916667
metal,516,516.08728935
metal,517,516.0767531500001
metal,518,515.7592813833334
metal,519,515.5283961499999
metal,520,515.432623844936
metal,521,515.208108575
metal,522,515.1880020526673
metal,523,515.18502285
metal,524,515.1422402526674
metal,525,515.0443610526675
metal,526,514.8754349583334
metal,527,514.8733506250001
metal,528,514.6490466276674
metal,529,514.4914140999999
metal,530,514.174699025
metal,531,514.00917795
metal,532,513.9274842
metal,533,513.8848649416667
metal,534,513.819185275
metal,535,513.7002797499999
metal,536,513.5655396
metal,537,513.559280675
metal,538,513.4985963776674
metal,539,513.4497897199359
metal,540,513.34495755
metal,541,513.2303386250001
metal,542,513.0348247416667
metal,543,512.91398385
metal,544,512.6086406750001
metal,545,512.4777346166667
metal,546,511.88262875
metal,547,511.8285757776674
metal,548,511.803757625
metal,549,511.506974225
metal,550,511.4882874583334
metal,551,511.368986925
metal,552,511.3613822026674
metal,553,511.16000725000004
metal,554,511.12149645
metal,555,510.9263164276674
metal,556,510.50961129166666
metal,557,510.3587191449359
metal,558,510.25600177499996
metal,559,510.1671473276674
metal,560,509.9938307
metal,561,509.9030943
metal,562,509.8151900276674
metal,563,509.652988925
metal,564,509.6116522949359
metal,565,509.2979709526674
metal,566,509.1696081
metal,567,508.7436896199359
metal,568,508.6968500026674
metal,569,508.6752748026674
metal,570,508.618687175
metal,571,508.56561560266744
metal,572,508.4049083776674
metal,573,508.351032725
metal,574,508.3311297276674
metal,575,508.0638222916666
metal,576,508.0353495526674
metal,577,507.689453375
metal,578,507.34661295
metal,579,507.29312247766745
metal,580,507.09443717500005
metal,581,506.861940925
metal,582,506.59734585
metal,583,506.49115192500005
metal,584,506.4712434
metal,585,506.393834575
metal,586,506.3759916
metal,587,506.15973132766743
metal,588,505.83068759166673
metal,589,505.80957955266746
metal,590,505.78343105
metal,591,505.6843463776674
metal,592,505.65182246666666
metal,593,505.22281745
metal,594,505.21518390266743
metal,595,505.18936870833335
metal,596,505.124139325
metal,597,504.998746875
metal,598,504.975459575
metal,599,504.8162532
metal,600,504.7906533616026
metal,601,504.78587876666666
metal,602,504.69984022500006
metal,603,504.69982245
metal,604,504.5789380949359
metal,605,504.5465700666666
metal,606,504.52348630266744
metal,607,504.42806175
metal,608,504.14888291666665
metal,609,504.0005946
metal,610,503.8461369776674
metal,611,503.84313213333337
metal,612,503.83206655000004
metal,613,503.56367685
metal,614,503.550939075
metal,615,503.50998452500005
metal,616,503.49478457826916
metal,617,503.417231075
metal,618,503.38079835
metal,619,503.318515075
metal,620,503.27431444999996
metal,621,503.21802235
metal,622,503.14300729999997
metal,623,502.32007411666666
metal,624,502.19894425266745
metal,625,501.925939325
metal,626,501.79668911666664
metal,627,501.79502345833333
metal,628,501.7787282449359
metal,629,501.55849935
metal,630,501.4562770776674
metal,631,501.3295687
metal,632,501.3162785583333
metal,633,501.3085183276674
metal,634,500.9174635666667
metal,635,500.80714585833334
metal,636,500.800435075
metal,637,500.6145002276674
metal,638,500.464859175
metal,639,500.44804
metal,640,500.3677280083333
metal,641,499.90170865000005
metal,642,499.839674725
metal,643,499.7739234
metal,644,499.69474865
metal,645,499.6819130666667
metal,646,499.52186395
metal,647,499.4454862526674
metal,648,499.1953210666666
metal,649,498.9553377276674
metal,650,498.88494486993585
metal,651,498.4826178083334
metal,652,498.3862732916666
metal,653,498.3662635585685
metal,654,498.1179879083333
metal,655,498.11667085
metal,656,498.1028678806502
metal,657,498.02614215
metal,658,497.92543608333335
metal,659,497.55743578333335
metal,660,497.301182525
metal,661,497.06014684999997
metal,662,496.9978571166667
metal,663,496.92488615266745
metal,664,496.84744615266743
metal,665,496.8077793532692
metal,666,496.4625869
metal,667,496.251989375
metal,668,496.14609146666663
metal,669,495.975998425
metal,670,495.897380625
metal,671,495.82145975000003
metal,672,495.7312075916667
metal,673,495.61258077499997
metal,674,495.3689815026674
metal,675,495.3269825
metal,676,494.86767346666664
metal,677,494.74351917826925
metal,678,494.5243820416666
metal,679,493.9989416276674
metal,680,493.9319873
metal,681,493.8812543083333
metal,682,493.719245425
metal,683,493.650977625
metal,684,493.4757292583334
metal,685,493.170496725
metal,686,493.132045775
metal,687,492.94566327826925
metal,688,492.93193645
metal,689,492.92620375
metal,690,492.6396365
metal,691,492.0173632916667
metal,692,491.9005382666667
metal,693,491.8160887
metal,694,491.54546571160256
metal,695,491.36063652499996
metal,696,491.1578479
metal,697,490.79809309999996
metal,698,490.69633532500006
metal,699,490.66147392766743
metal,700,490.65859933333337
metal,701,490.63259165266743
metal,702,490.5542041
metal,703,490.491453175
metal,704,490.4755912
metal,705,490.4484575083333
metal,706,490.43182545
metal,707,490.2131894333333
metal,708,490.159215925
metal,709,489.9477711
metal,710,489.9160398776674
metal,711,489.784183975
metal,712,489.777314175
metal,713,489.6782622666667
metal,714,489.56946447499996
metal,715,489.36232071993584
metal,716,489.279729375
metal,717,489.15652905
metal,718,489.007941725
metal,719,488.8757558
metal,720,488.66328575
metal,721,488.574230175
metal,722,488.299059875
metal,723,488.24758451160255
metal,724,488.18817085266744
metal,725,488.06432887766744
metal,726,487.995115275
metal,727,487.841751575
metal,728,487.7886440116025
metal,729,487.611548225
metal,730,487.301928075
metal,731,487.29859939166664
metal,732,487.2826139526674
metal,733,487.26135899999997
metal,734,487.1976561166666
metal,735,487.1794950026674
metal,736,487.0357672366025
metal,737,486.7859457666667
metal,738,486.51547553333336
metal,739,486.2449136166667
metal,740,486.23768210000003
metal,741,486.166511925
metal,742,486.04830425266744
metal,743,486.001549975
metal,744,485.98695152766743
metal,745,485.8783480276674
metal,746,485.296503322049
metal,747,484.7301907026674
metal,748,484.65907689166664
metal,749,484.478697325
metal,750,484.28712934493586
metal,751,483.9885431416667
metal,752,483.9070909
metal,753,483.8076182
metal,754,483.74654362499996
metal,755,483.67641195
metal,756,483.39858833333335
metal,757,483.2719252333334
metal,758,483.24036650833335
metal,759,483.1734304833333
metal,760,482.5828489333333
metal,761,482.51782295000004
metal,762,482.4812748166667
metal,763,482.32829682278043
metal,764,482.32228964999996
metal,765,482.30898020266744
metal,766,482.269916575
metal,767,481.63947014999997
metal,768,481.607374675
metal,769,481.5481144916667
metal,770,481.46805097500004
metal,771,481.1924431166667
metal,772,480.85788490000004
metal,773,480.6822945276674
metal,774,480.62342885
metal,775,480.4940910916667
metal,776,480.4822364
metal,777,480.33397427766744
metal,778,480.3257833
metal,779,480.0380588833333
metal,780,479.7164513915123
metal,781,479.6638443333333
metal,782,479.333218425
metal,783,479.30271557500004
metal,784,479.052719375
metal,785,478.7436254
metal,786,478.64402962500003
metal,787,478.49755015266743
metal,788,478.4930754
metal,789,478.24541335000004
metal,790,478.0218366166667
metal,791,478.0058556
metal,792,477.62000945
metal,793,477.604242325
metal,794,477.42155047766744
metal,795,477.19061689999995
metal,796,477.108674775
metal,797,476.9299377782692
metal,798,476.880480075
metal,799,476.524309425
metal,800,476.471462975
metal,801,476.4706097666667
metal,802,476.1169093
metal,803,476.0574214416667
metal,804,476.03131306666666
metal,805,475.8750994
metal,806,475.76416255000004
metal,807,475.72468616993586
metal,808,475.71415012766744
metal,809,475.018524425
metal,810,474.98520755
metal,811,474.96352087500003
metal,812,474.9611621
metal,813,474.677138575
metal,814,474.596157825
metal,815,474.2885061333333
metal,816,474.0452010166667
metal,817,474.00430775
metal,818,473.954288975
metal,819,473.8431647
metal,820,473.826011925
metal,821,473.56763842500004
metal,822,473.26589395
metal,823,473.21466462766745
metal,824,472.907845725
metal,825,472.8029709
metal,826,472.71157571666663
metal,827,472.64655525
metal,828,472.13167799999997
metal,829,471.9018425532692
metal,830,471.85474032766746
metal,831,471.788198475
metal,832,471.298851475
metal,833,471.290407925
metal,834,471.2471928026674
metal,835,471.2041333
metal,836,471.01158515833333
metal,837,470.95215825
metal,838,470.53065043333334
metal,839,470.46493625833335
metal,840,470.32753817766746
metal,841,470.23618295
metal,842,470.1984542
metal,843,470.1910531026674
metal,844,469.93991008333336
metal,845,469.8649469416667
metal,846,469.838093775
metal,847,469.63005319166666
metal,848,469.60765497766744
metal,849,469.594621925
metal,850,469.52587645266743
metal,851,469.37396814166664
metal,852,469.20201605266743
metal,853,469.12042397766743
metal,854,469.07386115
metal,855,468.5080711
metal,856,468.1896309616026
metal,857,468.11037146666666
metal,858,467.62269266666664
metal,859,467.590462475
metal,860,467.51899771666666
metal,861,467.3742056
metal,862,467.172327525
metal,863,466.8720728083333
metal,864,466.7544683566615
metal,865,466.69966860266743
metal,866,466.63791565
metal,867,466.3600531
metal,868,466.3045491776674
metal,869,466.241296325
metal,870,466.123467925
metal,871,466.11208360266744
metal,872,465.984876475
metal,873,465.91033477499997
metal,874,465.83271874166667
metal,875,465.80874262500004
metal,876,465.76489975
metal,877,465.689364425
metal,878,465.26434838333336
metal,879,465.0819329776674
metal,880,464.97434309166664
metal,881,464.8524987276674
metal,882,464.78416820266744
metal,883,464.68011062766743
metal,884,464.54278250833335
metal,885,464.282592775
metal,886,464.22748425
metal,887,464.17953747766745
metal,888,464.03847235266744
metal,889,463.603598625
metal,890,462.79497664166666
metal,891,462.365241525
metal,892,462.33124019999997
metal,893,462.208201175
metal,894,462.177930825
metal,895,461.775846175
metal,896,461.48482135
metal,897,461.4807426583333
metal,898,461.274443575
metal,899,461.19998599999997
metal,900,461.018722075
metal,901,460.6980012833333
metal,902,460.594362275
metal,903,460.4956938666667
metal,904,460.4499607083333
metal,905,460.35059885
metal,906,460.197481625
metal,907,460.04123495
metal,908,459.2424121
metal,909,459.03132725
metal,910,458.8920393083333
metal,911,458.71581312766745
metal,912,458.587876825
metal,913,458.49699784999996
metal,914,458.41610461666664
metal,915,458.3667170526674
metal,916,458.2885064583333
metal,917,458.0266457833333
metal,918,457.9654541833333
metal,919,457.9615628026674
metal,920,457.616124375
metal,921,457.44300907766745
metal,922,457.25316031666665
metal,923,456.930100475
metal,924,456.868324525
metal,925,456.82668495
metal,926,456.76898223660254
metal,927,456.44353787766744
metal,928,456.2130007276674
metal,929,456.059979075
metal,930,455.964434175
metal,931,455.70054260833336
metal,932,455.66366025
metal,933,455.0239402776674
metal,934,455.0151431026674
metal,935,454.55521996666664
metal,936,454.5523551333333
metal,937,454.415439175
metal,938,454.402566525
metal,939,454.2217715032692
metal,940,453.8729563
metal,941,453.8195218276674
metal,942,453.1803376026674
metal,943,452.706838425
metal,944,452.557873275
metal,945,452.5532894
metal,946,451.65183277766744
metal,947,451.638624225
metal,948,451.62260225
metal,949,451.4775330526674
metal,950,451.453479475
metal,951,451.3634053833333
metal,952,451.21409355
metal,953,451.19001660000004
metal,954,451.1340306083333
metal,955,451.119463975
metal,956,451.0986678026674
metal,957,450.81292801666666
metal,958,450.684179475
metal,959,450.6793783
metal,960,450.51192908333337
metal,961,450.44182520833334
metal,962,450.41515325000006
metal,963,450.24164245
metal,964,450.19509271666664
metal,965,449.97827555
metal,966,449.964887125
metal,967,449.949056275
metal,968,449.44816128660256
metal,969,449.3238182833333
metal,970,449.2552581
metal,971,449.110217825
metal,972,448.934708625
metal,973,448.88623916666666
metal,974,448.36904757766746
metal,975,448.33749235833335
metal,976,448.22599427766744
metal,977,448.0143649026674
metal,978,447.8295665
metal,979,447.794701225
metal,980,447.3337992866026
metal,981,446.9723803416666
metal,982,446.91831747500004
metal,983,446.64091236666667
metal,984,446.50923180833337
metal,985,446.445166125
metal,986,445.98656105
metal,987,445.87844865266743
metal,988,445.67271089999997
metal,989,445.6234055782692
metal,990,445.5889340333333
metal,991,445.5492537
metal,992,445.326151875
metal,993,445.232398525
metal,994,445.0771761
metal,995,444.710665475
metal,996,444.60485663333327
metal,997,444.403810075
metal,998,444.091008925
metal,999,443.94776457766744
metal,1000,443.75845560000005
metal,1001,443.67207972766744
metal,1002,443.6186654616026
metal,1003,443.3296938
metal,1004,443.23445286666663
metal,1005,443.21560420000003
metal,1006,443.0767847916667
metal,1007,442.9031045026674
metal,1008,442.2095435
metal,1009,441.6132243416667
metal,1010,441.58843295266746
metal,1011,441.35529531160256
metal,1012,441.10034270266743
metal,1013,441.0533004
metal,1014,440.9123638
metal,1015,440.82676007500004
metal,1016,440.7586394026674
metal,1017,440.65206720000003
metal,1018,440.621275675
metal,1019,439.697659525
metal,1020,439.46303035000005
metal,1021,439.3154170985094
metal,1022,438.74083178660254
metal,1023,438.654127625
metal,1024,438.175517825
metal,1025,438.03970009166665
metal,1026,438.028799075
metal,1027,437.7506099
metal,1028,437.227418925
metal,1029,437.11589465833333
metal,1030,436.9909374
metal,1031,436.14845865266744
metal,1032,436.1090187526674
metal,1033,436.0443349699359
metal,1034,435.3900637782692
metal,1035,435.3433468533442
metal,1036,435.17127331666666
metal,1037,435.123588575
metal,1038,434.6960012276674
metal,1039,434.6756777
metal,1040,434.63095337500005
metal,1041,434.01831120266746
metal,1042,432.31752704999997
metal,1043,431.7822129026674
metal,1044,431.774625325
metal,1045,431.666843875
metal,1046,431.2020815833333
metal,1047,430.98042555266744
metal,1048,430.8449401833334
metal,1049,430.55284565266743
metal,1050,429.9207548
metal,1051,429.57207975
metal,1052,429.5652237
metal,1053,429.56347223333336
metal,1054,429.5527673949359
metal,1055,429.5327413616026
metal,1056,428.82713464999995
metal,1057,428.67734005
metal,1058,428.316802275
metal,1059,428.151391025
metal,1060,428.113762625
metal,1061,428.0735728276674
metal,1062,427.947191025
metal,1063,427.8646366026674
metal,1064,427.62069895
metal,1065,427.29577415266743
metal,1066,426.65381757766744
metal,1067,426.54065905
metal,1068,426.53241256666666
metal,1069,426.4529477776674
metal,1070,426.2193142776674
metal,1071,426.0673808449359
metal,1072,425.69696410833336
metal,1073,425.51622597766743
metal,1074,425.362534075
metal,1075,425.00709725
metal,1076,424.6386624
metal,1077,424.2272096
metal,1078,423.86044646666664
metal,1079,423.727476625
metal,1080,423.512183425
metal,1081,423.505561125
metal,1082,423.14826638333335
metal,1083,422.04526425
metal,1084,421.6245754
metal,1085,421.4929744526674
metal,1086,420.894708
metal,1087,420.85772325
metal,1088,420.4838401526674
metal,1089,420.40204113333334
metal,1090,420.3891825833333
metal,1091,419.96731765833334
metal,1092,419.22854437826925
metal,1093,419.0106824
metal,1094,418.99978130266743
metal,1095,418.98262852766743
metal,1096,417.6783286776674
metal,1097,417.5148651276674
metal,1098,417.12644220000004
metal,1099,416.8916401949359
metal,1100,416.818436875
metal,1101,416.81593515
metal,1102,415.9997710526674
metal,1103,415.87271662766744
metal,1104,415.45801165
metal,1105,415.2348758526674
metal,1106,414.9983259916667
metal,1107,414.69903655266745
metal,1108,414.05302048333334
metal,1109,412.5273482526674
metal,1110,412.444574375
metal,1111,412.315166
metal,1112,411.957324525
metal,1113,411.7359853
metal,1114,411.490325475
metal,1115,410.9342815526674
metal,1116,410.72227592766745
metal,1117,410.7014425916667
metal,1118,410.41504556160254
metal,1119,410.2735261026674
metal,1120,410.08512595
metal,1121,410.05056659166667
metal,1122,410.0504948276674
metal,1123,409.8907193526674
metal,1124,409.86534375266746
metal,1125,409.8642683
metal,1126,409.72930334166665
metal,1127,408.6494200916667
metal,1128,408.0530351583334
metal,1129,407.639154425
metal,1130,407.4847242416667
metal,1131,407.44314891666664
metal,1132,407.339483275
metal,1133,406.978803625
metal,1134,406.9218451526674
metal,1135,406.8178917776674
metal,1136,406.363072875
metal,1137,406.330420275
metal,1138,405.85439483333334
metal,1139,405.8107771333333
metal,1140,405.8021333666667
metal,1141,405.442669875
metal,1142,405.22811085
metal,1143,405.08786786666667
metal,1144,404.4092107
metal,1145,404.1190688666666
metal,1146,404.0275651333334
metal,1147,403.96218205
metal,1148,403.67065882500003
metal,1149,403.5382948
metal,1150,403.4526377916667
metal,1151,403.3178358
metal,1152,402.9913098
metal,1153,402.7543491776674
metal,1154,402.0487819
metal,1155,401.658181175
metal,1156,400.92180700266744
metal,1157,400.84302068333335
metal,1158,400.69909762500004
metal,1159,400.58999760326924
metal,1160,399.99926654166666
metal,1161,399.993285925
metal,1162,399.909892575
metal,1163,399.4578627949359
metal,1164,399.2118851276674
metal,1165,398.566345475
metal,1166,398.52015185
metal,1167,398.50269290266743
metal,1168,397.97111292766743
metal,1169,396.680028925
metal,1170,396.2199925032692
metal,1171,396.045937775
metal,1172,395.9802194333334
metal,1173,395.963374875
metal,1174,395.94095102766744
metal,1175,395.8825617
metal,1176,395.685980825
metal,1177,395.4781496276674
metal,1178,395.31003714999997
metal,1179,395.246859075
metal,1180,394.7901672776674
metal,1181,394.10093597499997
metal,1182,393.9011780776674
metal,1183,393.76361802499997
metal,1184,393.59268782500004
metal,1185,393.5497948526674
metal,1186,393.5318273333333
metal,1187,393.391231575
metal,1188,393.1546689666667
metal,1189,392.874959975
metal,1190,392.7931707
metal,1191,392.7199577776674
metal,1192,392.215998175
metal,1193,391.49162055
metal,1194,391.09735705
metal,1195,391.09319855
metal,1196,390.78840227766744
metal,1197,390.5850679276674
metal,1198,390.307435025
metal,1199,390.2159610916667
metal,1200,389.86835520266743
metal,1201,389.492970475
metal,1202,388.93412164999995
metal,1203,388.285806875
metal,1204,387.84816954999997
metal,1205,387.7905810282692
metal,1206,386.3517548873327
metal,1207,386.27865241666666
metal,1208,386.26697231160256
metal,1209,385.50713270266743
metal,1210,385.0625650276674
metal,1211,385.05641082607855
metal,1212,384.9128811833333
metal,1213,384.759305825
metal,1214,384.69008212500006
metal,1215,384.4904715276674
metal,1216,384.00298495
metal,1217,383.969773575
metal,1218,383.903061875
metal,1219,383.87109495000004
metal,1220,383.79568005
metal,1221,383.353594875
metal,1222,383.159212375
metal,1223,382.174796125
metal,1224,381.72787488333336
metal,1225,381.362920525
metal,1226,381.2506606276674
metal,1227,381.12605542766744
metal,1228,380.9005179032692
metal,1229,380.52580565266743
metal,1230,379.86394666666666
metal,1231,379.8044073026674
metal,1232,379.781899475
metal,1233,379.69064352500004
metal,1234,379.635936275
metal,1235,379.4847466526674
metal,1236,379.37583179166666
metal,1237,379.34918545
metal,1238,379.307020425
metal,1239,379.2189788276674
metal,1240,378.872290625
metal,1241,378.7781415
metal,1242,378.6870404699359
metal,1243,377.7460901276674
metal,1244,376.5890848026674
metal,1245,375.816983725
metal,1246,375.52427885833333
metal,1247,375.28499032499997
metal,1248,375.07137942500003
metal,1249,374.7682239526674
metal,1250,374.496828075
metal,1251,373.44718745
metal,1252,372.94369151160254
metal,1253,372.5574976776674
metal,1254,371.5928673276674
metal,1255,371.577716625
metal,1256,371.47081205833337
metal,1257,371.178470125
metal,1258,371.14719928333335
metal,1259,370.8194920276674
metal,1260,370.4354117333333
metal,1261,370.4257528276674
metal,1262,370.26339145
metal,1263,370.214772225
metal,1264,370.1653281083333
metal,1265,369.97421371666667
metal,1266,369.96115177826925
metal,1267,368.97418992766745
metal,1268,368.9193054776674
metal,1269,367.58106493317825
metal,1270,367.08922102500003
metal,1271,366.5805347
metal,1272,366.069685925
metal,1273,366.0643843343084
metal,1274,365.979439775
metal,1275,365.15719655
metal,1276,364.8932468
metal,1277,364.5902659276674
metal,1278,364.53135825
metal,1279,364.39432027500004
metal,1280,364.37074805
metal,1281,364.30257767766744
metal,1282,363.6521552116026
metal,1283,363.52512118333334
metal,1284,363.47135545
metal,1285,363.09508908333333
metal,1286,362.856318025
metal,1287,362.575256575
metal,1288,362.199004175
metal,1289,362.173301875
metal,1290,361.09426544999997
metal,1291,360.66716051583336
metal,1292,360.519763975
metal,1293,360.4221856026674
metal,1294,359.87458010326924
metal,1295,359.5650207526674
metal,1296,359.3725988026674
metal,1297,359.29790165
metal,1298,359.2624895276674
metal,1299,359.25332275266743
metal,1300,359.162304875
metal,1301,359.0663708583333
metal,1302,359.00872655266744
metal,1303,358.0605279166667
metal,1304,357.9458080532692
metal,1305,357.74239415
metal,1306,357.6174385026674
metal,1307,355.333179475
metal,1308,355.013986575
metal,1309,354.88403565
metal,1310,354.28012747500003
metal,1311,354.272142925
metal,1312,354.09507418333334
metal,1313,353.41053217766745
metal,1314,353.20757977766743
metal,1315,352.990911525
metal,1316,352.6639991
metal,1317,352.574330175
metal,1318,352.16861689166666
metal,1319,351.8261808776674
metal,1320,351.8148133276674
metal,1321,351.6924903449359
metal,1322,351.66340115
metal,1323,351.5443737276674
metal,1324,351.4785553392857
metal,1325,351.2568757026674
metal,1326,351.25355980266744
metal,1327,350.80545451666666
metal,1328,350.67130727766744
metal,1329,349.9690262276674
metal,1330,349.8372544276674
metal,1331,349.8262571032692
metal,1332,349.79464335266744
metal,1333,349.4182260333333
metal,1334,348.5737498
metal,1335,348.5072709776674
metal,1336,348.46179837766744
metal,1337,348.24318485
metal,1338,347.932260525
metal,1339,347.886352075
metal,1340,347.4455828357143
metal,1341,347.228865175
metal,1342,347.193322675
metal,1343,347.18539715
metal,1344,347.09837795
metal,1345,346.90059709166667
metal,1346,346.6018328833333
metal,1347,346.4754020276674
metal,1348,345.96468990266743
metal,1349,345.72795107499996
metal,1350,345.343446
metal,1351,345.16936217826924
metal,1352,344.742916125
metal,1353,344.21820135266745
metal,1354,343.5020835026674
metal,1355,342.52854295266746
metal,1356,342.295562525
metal,1357,341.87101149493583
metal,1358,341.6108698449359
metal,1359,341.44293210326924
metal,1360,341.4243567416667
metal,1361,341.24467897826923
metal,1362,341.128368875
metal,1363,340.4758599
metal,1364,340.0452458026674
metal,1365,339.81990505
metal,1366,339.30296020000003
metal,1367,338.98076362766744
metal,1368,338.8537843916667
metal,1369,338.775130775
metal,1370,338.52069335833335
metal,1371,337.73681784999997
metal,1372,337.4563804
metal,1373,337.211864
metal,1374,336.658088475
metal,1375,336.097250025
metal,1376,335.36751127499997
metal,1377,334.4902028276674
metal,1378,333.2364600276674
metal,1379,333.188630325
metal,1380,333.0567750276674
metal,1381,332.964097525
metal,1382,332.7855574276674
metal,1383,332.60851385
metal,1384,332.29076308333333
metal,1385,331.96709905
metal,1386,331.7442278026674
metal,1387,331.0896914032692
metal,1388,330.97337382766744
metal,1389,330.767887825
metal,1390,330.747881425
metal,1391,330.520459175
metal,1392,330.35267395266743
metal,1393,330.110960825
metal,1394,329.040391925
metal,1395,328.950850025
metal,1396,328.673604275
metal,1397,328.095541
metal,1398,327.58948614999997
metal,1399,327.04510164493587
metal,1400,326.34594275
metal,1401,325.55928528333334
metal,1402,324.6062588026674
metal,1403,324.0446879526674
metal,1404,323.681063175
metal,1405,323.0156530776674
metal,1406,322.99975801666665
metal,1407,322.94306152766745
metal,1408,322.571945675
metal,1409,322.52248225
metal,1410,321.78351165
metal,1411,321.503691475
metal,1412,321.08742570833334
metal,1413,321.017120625
metal,1414,320.99645349493585
metal,1415,320.73484276849604
metal,1416,320.5077479
metal,1417,320.1943885526674
metal,1418,319.82488465
metal,1419,319.6744342
metal,1420,319.59876155
metal,1421,319.1188455916667
metal,1422,318.78454517
metal,1423,318.20511595
metal,1424,318.06913855
metal,1425,317.84525660326926
metal,1426,317.6437080699359
metal,1427,317.4871632276674
metal,1428,316.781973825
metal,1429,315.251053575
metal,1430,315.0635123449359
metal,1431,314.9970856416667
metal,1432,314.548549775
metal,1433,312.44832915266744
metal,1434,311.94161345
metal,1435,311.8029213
metal,1436,311.611549375
metal,1437,310.78180005
metal,1438,310.7282757197997
metal,1439,310.1120341
metal,1440,309.5659987276674
metal,1441,309.449573525
metal,1442,309.40889285833333
metal,1443,309.07813835
metal,1444,308.825992825
metal,1445,308.649582625
metal,1446,308.601802875
metal,1447,308.5292341276674
metal,1448,307.3262384
metal,1449,306.5786007166667
metal,1450,305.5467525641335
metal,1451,305.05491925833337
metal,1452,304.502392775
metal,1453,303.9051108026674
metal,1454,303.900052325
metal,1455,302.962854625
metal,1456,302.58922450266743
metal,1457,300.671691425
metal,1458,300.498542325
metal,1459,299.821611175
metal,1460,299.7528867916667
metal,1461,298.45932395326923
metal,1462,298.0004294
metal,1463,297.490296175
metal,1464,297.34583177766746
metal,1465,297.017931725
metal,1466,296.63561088333336
metal,1467,296.1322149526674
metal,1468,295.64342302766744
metal,1469,293.2089888526674
metal,1470,293.06067975266745
metal,1471,291.86226030266744
metal,1472,291.06408955
metal,1473,290.9136531026674
metal,1474,290.83458975
metal,1475,290.732086925
metal,1476,290.029686475
metal,1477,290.01699155266743
metal,1478,288.94481901666666
metal,1479,288.108017925
metal,1480,287.79682615
metal,1481,287.26364947499997
metal,1482,285.94712386993587
metal,1483,285.84721602826926
metal,1484,285.69945307766744
metal,1485,285.0948544833333
metal,1486,284.3497650026674
metal,1487,283.8109442833333
metal,1488,283.793966275
metal,1489,283.74380544999997
metal,1490,283.3571352666667
metal,1491,283.34938659166664
metal,1492,283.0585767
metal,1493,282.7760469526674
metal,1494,282.634232775
metal,1495,282.4928943776674
metal,1496,282.4092248
metal,1497,281.7926275026674
metal,1498,281.63706578333336
metal,1499,280.2554469341666
metal,1500,279.209383525
metal,1501,277.6683037282692
metal,1502,275.5560700026674
metal,1503,275.381700775
metal,1504,275.2022969276674
metal,1505,272.8192587449359
metal,1506,270.069238175
metal,1507,267.730824975
metal,1508,267.016892675
metal,1509,266.6265410776674
metal,1510,262.6811100026674
metal,1511,258.42760770833337
metal,1512,257.54969481666666
metal,1513,254.88450008333334
metal,1514,252.00298675
metal,1515,249.86511355
metal,1516,245.96232225
metal,1517,244.229287675
metal,1518,242.65265232766743
metal,1519,241.93289016666668
metal,1520,240.23112935266744
metal,1521,240.10528482932884
metal,1522,238.84879959766744
metal,1523,238.3757167
metal,1524,237.89926043333335
metal,1525,237.50111535266743
metal,1526,236.67514997516741
metal,1527,235.2567358
metal,1528,232.87706467333334
metal,1529,232.61218590266742
metal,1530,229.96623644493587
metal,1531,229.5777779
metal,1532,227.082990825
metal,1533,225.2763250425
metal,1534,224.835025925
metal,1535,224.556425825
metal,1536,224.4445257276674
metal,1537,222.219936625
metal,1538,222.04395787766742
metal,1539,222.023144025
metal,1540,217.34451439999998
metal,1541,217.0038420025
metal,1542,205.7192301051674
metal,1543,204.7454357875
metal,1544,204.70144677500002
metal,1545,200.340995575
metal,1546,199.85253048250001
metal,1547,192.98464115266742
metal,1548,192.04514857083333
metal,1549,190.4753589525
metal,1550,188.54678881666666
metal,1551,188.42140075
metal,1552,187.40882426666664
metal,1553,186.73536117499998
metal,1554,186.1586163
metal,1555,186.00555200266743
metal,1556,185.8811529975
metal,1557,185.70575897499998
metal,1558,185.14921735000001
metal,1559,184.36188649
metal,1560,183.93187171166667
metal,1561,183.86923631051613
metal,1562,182.10899185
metal,1563,182.06861809766744
metal,1564,182.01261716916665
metal,1565,181.99677761160257
metal,1566,181.202740935
metal,1567,181.15937221016742
metal,1568,179.94612485833335
metal,1569,178.73482785016742
metal,1570,178.4892773725
metal,1571,177.5687951782692
metal,1572,174.60980148000002
metal,1573,174.32782582500002
metal,1574,173.6612192875
metal,1575,173.42563732500003
metal,1576,172.82085842766742
metal,1577,172.67011772576623
metal,1578,171.98816356
metal,1579,171.9372008
metal,1580,171.73676778333333
metal,1581,169.64441043083332
metal,1582,168.8024560175
metal,1583,168.54452284250002
metal,1584,168.229873825
metal,1585,167.88224240833333
metal,1586,166.03805799666668
metal,1587,165.11659267166667
metal,1588,164.454632325
metal,1589,162.5926564875
metal,1590,162.36629647266741
metal,1591,161.50299703516743
metal,1592,161.02550449
metal,1593,159.799815375
metal,1594,158.700587825
metal,1595,158.1051580525
metal,1596,156.77200273333335
metal,1597,156.5017712
metal,1598,156.03754777766744
metal,1599,155.13478800000001
metal,1600,152.52403090266742
metal,1601,152.390244445
metal,1602,152.208266525
metal,1603,152.09704823333334
metal,1604,152.02498165666668
metal,1605,151.95435495
metal,1606,151.89538520266743
metal,1607,150.93243682266743
metal,1608,150.41134151666665
metal,1609,147.64551441666669
metal,1610,147.5631757
metal,1611,146.84832567766742
metal,1612,146.48955888266744
metal,1613,146.08285736
metal,1614,145.85729330266741
metal,1615,145.78292172766743
metal,1616,145.43404630833334
metal,1617,142.95587972916667
metal,1618,142.8880179
metal,1619,142.51665597766743
metal,1620,141.75118882
metal,1621,140.98345597766743
metal,1622,140.0401509925
metal,1623,138.9076013925
metal,1624,138.88535226266742
metal,1625,138.24208838750002
metal,1626,137.737328195
metal,1627,136.20628943083335
metal,1628,135.6828417326674
metal,1629,134.61790239493587
metal,1630,134.012044675
metal,1631,133.2044753325
metal,1632,132.6372026175
metal,1633,131.65148785
metal,1634,131.5384721026674
metal,1635,130.985853175
metal,1636,130.1499041
metal,1637,129.37238808333333
metal,1638,129.2608281166667
metal,1639,128.9901917125
metal,1640,128.8222354525
metal,1641,128.39082499166668
metal,1642,128.1174032
metal,1643,127.02710622016741
metal,1644,126.75712211516742
metal,1645,126.7438048925
metal,1646,126.62336902
metal,1647,126.477990975
metal,1648,126.130117625
metal,1649,125.99091557326922
metal,1650,125.32521195166666
metal,1651,124.83363700833333
metal,1652,124.6825758875
metal,1653,123.64783875516741
metal,1654,123.26470065833334
metal,1655,123.20276065
metal,1656,123.13800430833332
metal,1657,123.05725226766741
metal,1658,122.803203825
metal,1659,122.79103499016742
metal,1660,122.62078649416667
metal,1661,121.58129791016741
metal,1662,121.14375975
metal,1663,120.186098515
metal,1664,119.89161980516741
metal,1665,118.80565137766742
metal,1666,118.33174075166666
metal,1667,118.2975823175
metal,1668,117.78128434999999
metal,1669,117.66644471500001
metal,1670,116.48594517993588
metal,1671,116.43076115
metal,1672,116.2476095
metal,1673,115.7264284975
metal,1674,115.60566259833332
metal,1675,114.28467082499999
metal,1676,114.09638513
metal,1677,113.77292745826921
metal,1678,112.58298356583333
metal,1679,112.28335264166667
metal,1680,111.7028317525
metal,1681,111.70115186583334
metal,1682,111.27441966416666
metal,1683,110.81196929028339
metal,1684,110.70652579266742
metal,1685,110.32073077910255
metal,1686,109.3590044175
metal,1687,109.24338776583333
metal,1688,109.14726405516741
metal,1689,109.05798204749999
metal,1690,107.7302033201674
metal,1691,107.6852998925
metal,1692,107.6326026075
metal,1693,107.47977906
metal,1694,107.08525535326922
metal,1695,106.8605982526674
metal,1696,106.17618491016741
metal,1697,105.8768810751674
metal,1698,105.849487605
metal,1699,105.59381995583333
metal,1700,105.108086225
metal,1701,104.5378401575
metal,1702,104.28702067076921
metal,1703,104.12566133583333
metal,1704,103.83066575576922
metal,1705,103.33607554
metal,1706,103.24617167166666
metal,1707,102.83999624750001
metal,1708,102.75364116833333
metal,1709,102.6820248225
metal,1710,102.5937438051674
metal,1711,102.58512298766742
metal,1712,102.263746045
metal,1713,102.22139100333334
metal,1714,102.1384016451674
metal,1715,102.02916591266741
metal,1716,102.01468163766741
metal,1717,101.93285460576922
metal,1718,101.7615914525
metal,1719,101.5728881725
metal,1720,101.28234549833334
metal,1721,101.006237055
metal,1722,100.6097307225
metal,1723,100.6097307225
metal,1724,100.6097307225
metal,1725,100.6097307225
metal,1726,100.6097307225
metal,1727,100.6097307225
metal,1728,100.6097307225
metal,1729,100.6097307225
metal,1730,100.6097307225
metal,1731,100.6097307225
metal,1732,100.6097307225
metal,1733,100.6097307225
metal,1734,100.6097307225
metal,1735,100.6097307225
metal,1736,100.6097307225
metal,1737,100.6097307225
metal,1738,100.6097307225
metal,1739,100.6097307225
metal,1740,100.6097307225
metal,1741,100.6097307225
metal,1742,100.6097307225
metal,1743,100.6097307225
metal,1744,100.6097307225
metal,1745,100.6097307225
metal,1746,100.6097307225
metal,1747,100.6097307225
metal,1748,100.6097307225
metal,1749,100.6097307225
metal,1750,100.6097307225
metal,1751,100.6097307225
metal,1752,100.6097307225
metal,1753,100.6097307225
metal,1754,100.6097307225
metal,1755,100.6097307225
metal,1756,100.6097307225
metal,1757,100.6097307225
metal,1758,100.6097307225
metal,1759,100.6097307225
metal,1760,100.6097307225
metal,1761,100.6097307225
metal,1762,100.6097307225
metal,1763,100.6097307225
metal,1764,100.6097307225
metal,1765,100.6097307225
metal,1766,100.6097307225
metal,1767,100.6097307225
metal,1768,100.6097307225
metal,1769,100.32931416266742
metal,1770,100.3242309876674
metal,1771,100.0216886851674
metal,1772,99.96082155766742
metal,1773,99.95786318766741
metal,1774,99.80825086516741
metal,1775,99.70343977766741
metal,1776,99.67525603516741
metal,1777,99.65825631266742
metal,1778,99.56431331766741
metal,1779,99.40139340266741
metal,1780,99.39850141516742
metal,1781,99.32754767266741
metal,1782,99.2257174801674
metal,1783,99.1675853026674
metal,1784,98.78429352266741
metal,1785,98.69386225016741
metal,1786,98.58412244266741
metal,1787,98.50992625266741
metal,1788,98.25027161516742
metal,1789,98.2098686601674
metal,1790,98.19354170916667
metal,1791,98.19168860016741
metal,1792,98.15649624766742
metal,1793,98.0193634501674
metal,1794,97.691946675
metal,1795,97.66838405488096
metal,1796,97.57424761904763
metal,1797,97.0303217376674
metal,1798,96.77760161571429
metal,1799,96.58997108516742
metal,1800,96.15877564978379
metal,1801,95.79632281766742
metal,1802,95.66376059766742
metal,1803,95.57789225266741
metal,1804,95.56855670766741
metal,1805,95.4668199326674
metal,1806,95.36456411016742
metal,1807,95.3163194201674
metal,1808,95.16388782016742
metal,1809,95.03772292005
metal,1810,94.7897131707143
metal,1811,94.64895057780546
metal,1812,94.6165987876674
metal,1813,94.46658290333335
metal,1814,93.7646466625
metal,1815,93.6533051601674
metal,1816,93.59618819654763
metal,1817,93.59167667266742
metal,1818,93.56638898404763
metal,1819,93.0950443051674
metal,1820,93.06648374126677
metal,1821,92.809220395
metal,1822,92.55533896766741
metal,1823,92.4426083825
metal,1824,92.22246306016741
metal,1825,91.9357140301674
metal,1826,91.88806705766741
metal,1827,91.69509705333334
metal,1828,91.4987302026674
metal,1829,91.48368082266741
metal,1830,91.3585559026674
metal,1831,91.059507805
metal,1832,90.8125466557143
metal,1833,90.76208492016741
metal,1834,90.74770637266741
metal,1835,90.52995987766741
metal,1836,90.41918509016742
metal,1837,90.36977435121682
metal,1838,90.24518154330019
metal,1839,90.145308995
metal,1840,90.08894639249999
metal,1841,89.80971839016742
metal,1842,89.8035179876674
metal,1843,89.66148802154763
metal,1844,89.6166050690141
metal,1845,89.57592579821429
metal,1846,89.47480153016741
metal,1847,89.46759341516741
metal,1848,89.24570111166668
metal,1849,89.23374228766741
metal,1850,89.22389256266742
metal,1851,89.19868021016741
metal,1852,89.1413510525
metal,1853,89.09640612016742
metal,1854,89.08691383738095
metal,1855,89.08199252898014
metal,1856,89.04925932204172
metal,1857,89.03221454766741
metal,1858,88.87001705071428
metal,1859,88.82051470163353
metal,1860,88.7186917911142
metal,1861,88.6302634701674
metal,1862,88.50226470016742
metal,1863,88.45929320654763
metal,1864,88.37895136016742
metal,1865,88.27861150016741
metal,1866,88.1998389851674
metal,1867,88.08283971168827
metal,1868,88.07515578266741
metal,1869,88.0219523801674
metal,1870,88.01123469833333
metal,1871,87.89109777766741
metal,1872,87.8770214075
metal,1873,87.74396498766741
metal,1874,87.712021045
metal,1875,87.48915439083333
metal,1876,87.44875634266741
metal,1877,87.4065302676674
metal,1878,85.8627020026674
metal,1879,85.77583005988095
metal,1880,85.30333720833335
metal,1881,84.23628115016741
metal,1882,83.62133522367374
metal,1883,83.5912764601674
metal,1884,83.21702344311713
metal,1885,82.95657623321429
metal,1886,82.664602585
metal,1887,82.50760389999999
metal,1888,82.44812499083334
metal,1889,82.33411800016741
metal,1890,82.10508844571427
metal,1891,82.04140243746687
metal,1892,82.03129770266742
metal,1893,81.9145501375
metal,1894,81.87218137516741
metal,1895,81.7119274758002
metal,1896,81.34345717
metal,1897,81.07852627766741
metal,1898,81.02199116083334
metal,1899,81.00193791154763
metal,1900,80.94135420045238
metal,1901,80.8222066676674
metal,1902,80.76396833766741
metal,1903,80.71615778766741
metal,1904,80.39775500500001
metal,1905,80.16989761016741
metal,1906,80.10589538166667
metal,1907,79.97355924238094
metal,1908,79.69336629166666
metal,1909,79.42509474516741
metal,1910,79.39785010416666
metal,1911,79.2445804701674
metal,1912,79.20968901266741
metal,1913,79.17132084333333
metal,1914,78.95257275746687
metal,1915,78.76221825766741
metal,1916,78.18670796583332
metal,1917,78.16284273816518
metal,1918,78.10429760016741
metal,1919,77.99960165266741
metal,1920,77.9330645983002
metal,1921,77.88839952803717
metal,1922,77.84939714266741
metal,1923,77.72085200166667
metal,1924,77.63254520916666
metal,1925,77.1239278958002
metal,1926,76.966199515
metal,1927,76.82780511416667
metal,1928,76.69149243583333
metal,1929,76.47358075016741
metal,1930,76.28122469663353
metal,1931,76.01967097916666
metal,1932,76.00980294746687
metal,1933,75.8519551051674
metal,1934,75.5944466457143
metal,1935,75.59285291978378
metal,1936,75.49985905499999
metal,1937,74.64798037766741
metal,1938,74.50400581266742
metal,1939,74.37207887151246
metal,1940,73.88033090766741
metal,1941,73.82420130766741
metal,1942,73.7145169982143
metal,1943,73.58671139767283
metal,1944,73.49224877083334
metal,1945,73.44991869083333
metal,1946,73.39508749833333
metal,1947,72.9718933499058
metal,1948,72.44515806999999
metal,1949,72.34090067833333
metal,1950,72.32143971314292
metal,1951,72.1631879607143
metal,1952,71.64078127016741
metal,1953,71.48637058166666
metal,1954,71.46042413583334
metal,1955,71.34297087750001
metal,1956,71.18742673766742
metal,1957,71.13606848516741
metal,1958,70.81604306766741
metal,1959,70.72832587988096
metal,1960,70.51764825246687
metal,1961,70.3999218907143
metal,1962,70.34720622766741
metal,1963,70.30009043663352
metal,1964,69.97045972016741
metal,1965,69.95340983333332
metal,1966,69.93592603370871
metal,1967,69.80503066516742
metal,1968,69.4151918
metal,1969,68.93855502683948
metal,1970,68.85338895516742
metal,1971,68.40512331266741
metal,1972,68.09239324266741
metal,1973,67.9857677175
metal,1974,67.80305164266741
metal,1975,67.37741401695718
metal,1976,67.37419354016741
metal,1977,67.29491781738096
metal,1978,67.19451405766742
metal,1979,67.05056744729991
metal,1980,66.84795878176644
metal,1981,66.62265810227106
metal,1982,66.60872047462276
metal,1983,66.5584093328054
metal,1984,66.54636759527192
metal,1985,66.51142156823218
metal,1986,66.29063527551212
metal,1987,66.27856760156871
metal,1988,66.14772820608651
metal,1989,66.10432517202703
metal,1990,66.09791830266741
metal,1991,66.09791830266741
metal,1992,66.09791830266741
metal,1993,66.09791830266741
metal,1994,66.09791830266741
metal,1995,66.09791830266741
metal,1996,66.0022159129382
metal,1997,65.98013586290053
metal,1998,65.95462370931426
metal,1999,65.95238521016742
metal,2000,65.946957382451
metal,2001,65.94056050930998
metal,2002,65.90444786144025
metal,2003,65.88966717566156
metal,2004,65.85264781573692
metal,2005,65.78773611764272
metal,2006,65.77178713161288
metal,2007,65.76550762131862
metal,2008,65.73393686924288
metal,2009,65.68128938845666
metal,2010,65.66052418283672
metal,2011,65.65426415932801
metal,2012,65.6420218391075
metal,2013,65.63754100912604
metal,2014,65.63695162802192
metal,2015,65.63257892844481
metal,2016,65.62728626752023
metal,2017,65.59640916716825
metal,2018,65.594292528586
metal,2019,65.58925809416667
metal,2020,65.58883017150299
metal,2021,65.55835264485134
metal,2022,65.54670287636564
metal,2023,65.54505019082711
metal,2024,65.53911158957048
metal,2025,65.53206254466997
metal,2026,65.52064707062564
metal,2027,65.5036353465701
metal,2028,65.49983158020993
metal,2029,65.4905609196618
metal,2030,65.48936629858909
metal,2031,65.47934860207609
metal,2032,65.45837594926238
metal,2033,65.43215081720294
metal,2034,65.42700110031969
metal,2035,65.42457645350568
metal,2036,65.4099183026674
metal,2037,65.4099183026674
metal,2038,65.4099183026674
metal,2039,65.4099183026674
metal,2040,65.4099183026674
metal,2041,65.4099183026674
metal,2042,65.4099183026674
metal,2043,65.4099183026674
metal,2044,65.4099183026674
metal,2045,65.4099183026674
metal,2046,65.4099183026674
metal,2047,65.4099183026674
metal,2048,65.4099183026674
metal,2049,65.4099183026674
metal,2050,65.4090328646177
metal,2051,65.392150764861
metal,2052,65.38541778016742
metal,2053,65.36833865908767
metal,2054,65.36688453135679
metal,2055,65.34359063713639
metal,2056,65.34293060601884
metal,2057,65.33983956922768
metal,2058,65.32249368814348
metal,2059,65.3174813033387
metal,2060,65.31136133882565
metal,2061,65.30907041291802
metal,2062,65.29967910227877
metal,2063,65.2899644622586
metal,2064,65.28990507495831
metal,2065,65.2800295953604
metal,2066,65.2686290539238
metal,2067,65.26286280865021
metal,2068,65.25892876138262
metal,2069,65.24340660700032
metal,2070,65.24235419989402
metal,2071,65.23788434006399
metal,2072,65.22590891965476
metal,2073,65.22354774676049
metal,2074,65.22338971624731
metal,2075,65.2129141242174
metal,2076,65.21154616895173
metal,2077,65.20968659836987
metal,2078,65.20871256701378
metal,2079,65.2037595605876
metal,2080,65.19982412817363
metal,2081,65.19762700749614
metal,2082,65.18531892590136
metal,2083,65.17990747662307
metal,2084,65.17591830266741
metal,2085,65.17267545583766
metal,2086,65.17208543158823
metal,2087,65.16979825770458
metal,2088,65.16740892656057
metal,2089,65.16214602205392
metal,2090,65.15614798749407
metal,2091,65.15436036113242
metal,2092,65.14799657888815
metal,2093,65.14350736998458
metal,2094,65.12788715373156
metal,2095,65.11428361023668
metal,2096,65.10781415356811
metal,2097,65.10515003523079
metal,2098,65.09791830266741
metal,2099,65.09791830266741
metal,2100,65.09791830266741
metal,2101,65.09654266398461
metal,2102,65.09097261695501
metal,2103,65.08994086164391
metal,2104,65.07254828027166
metal,2105,65.07065826714692
metal,2106,65.06031777480156
metal,2107,65.05958697693677
metal,2108,65.05756415304643
metal,2109,65.05408978699577
metal,2110,65.03908039712779
metal,2111,65.02863664082145
metal,2112,65.01854721825185
metal,2113,65.01690132247701
metal,2114,65.01528874067475
metal,2115,65.01233887694899
metal,2116,65.01033950625518
metal,2117,65.00465192660266
metal,2118,65.00384312093995
metal,2119,64.9953802639971
metal,2120,64.99171659341691
metal,2121,64.9905636316083
metal,2122,64.98699370386142
metal,2123,64.98543289626954
metal,2124,64.97990329206996
metal,2125,64.97309056453076
metal,2126,64.96561588545404
metal,2127,64.95836195431852
metal,2128,64.9571933026674
metal,2129,64.95570994854899
metal,2130,64.94808086040405
metal,2131,64.93530483476724
metal,2132,64.92954219494918
metal,2133,64.92736029977036
metal,2134,64.92362440003365
metal,2135,64.92287477008762
metal,2136,64.92155721262021
metal,2137,64.91321830266742
metal,2138,64.90405944851548
metal,2139,64.86403005419324
metal,2140,64.85572469714161
metal,2141,64.8497470274255
metal,2142,64.8417790342143
metal,2143,64.83723443451801
metal,2144,64.82419032738675
metal,2145,64.8060970967841
metal,2146,64.80483490438897
metal,2147,64.80208247307993
metal,2148,64.79996222666666
metal,2149,64.79288059877618
metal,2150,64.76982513733405
metal,2151,64.76254939873482
metal,2152,64.76051573855432
metal,2153,64.74152109824037
metal,2154,64.73357165187443
metal,2155,64.72681672601651
metal,2156,64.72477812236369
metal,2157,64.71407426278205
metal,2158,64.69886557248563
metal,2159,64.69200163461304
metal,2160,64.68882773898129
metal,2161,64.68299389523169
metal,2162,64.67831009164667
metal,2163,64.67681697155054
metal,2164,64.66980658111267
metal,2165,64.66827336335592
metal,2166,64.66810670710761
metal,2167,64.65778567026904
metal,2168,64.65346919668686
metal,2169,64.65075894108607
metal,2170,64.63235358376915
metal,2171,64.63002970190564
metal,2172,64.6295131442686
metal,2173,64.62798808069056
metal,2174,64.62177653424523
metal,2175,64.61180254787986
metal,2176,64.61077653269327
metal,2177,64.5956583760806
metal,2178,64.59189874381408
metal,2179,64.58650466531088
metal,2180,64.58199982858267
metal,2181,64.57593300539958
metal,2182,64.56787750972751
metal,2183,64.56241304134419
metal,2184,64.56160123245623
metal,2185,64.56121830266741
metal,2186,64.56121830266741
metal,2187,64.56121830266741
metal,2188,64.553137431412
metal,2189,64.5530590623592
metal,2190,64.5443475904789
metal,2191,64.54369782545682
metal,2192,64.52735904310978
metal,2193,64.52106406030178
metal,2194,64.51976267474289
metal,2195,64.51269322039462
metal,2196,64.50411509918717
metal,2197,64.49561542377248
metal,2198,64.49549938970891
metal,2199,64.49292686002086
metal,2200,64.47331451468749
metal,2201,64.46732007053636
metal,2202,64.45953148593217
metal,2203,64.45694329335996
metal,2204,64.44884564370392
metal,2205,64.44343668420902
metal,2206,64.43724561872013
metal,2207,64.43331882694699
metal,2208,64.4327010133121
metal,2209,64.42988389964793
metal,2210,64.42117000136211
metal,2211,64.40732646116729
metal,2212,64.40201317927686
metal,2213,64.40070768684983
metal,2214,64.3991486297467
metal,2215,64.39453056899043
metal,2216,64.38663103409962
metal,2217,64.38042315711222
metal,2218,64.3771420798339
metal,2219,64.3697326239928
metal,2220,64.3656839515001
metal,2221,64.3648588533327
metal,2222,64.36382084416667
metal,2223,64.36353342659578
metal,2224,64.36068855465554
metal,2225,64.35511346097078
metal,2226,64.34724330266741
metal,2227,64.34572895494692
metal,2228,64.34329196847493
metal,2229,64.34063775800277
metal,2230,64.34045183205635
metal,2231,64.33359775713605
metal,2232,64.33253276385942
metal,2233,64.3280183026674
metal,2234,64.32181978681551
metal,2235,64.32008005780938
metal,2236,64.31220891593242
metal,2237,64.30477397457236
metal,2238,64.29435034739254
metal,2239,64.28550194617495
metal,2240,64.28102903416449
metal,2241,64.28078080193629
metal,2242,64.27862496153105
metal,2243,64.26492651207106
metal,2244,64.26017481913836
metal,2245,64.246941694689
metal,2246,64.2423204209364
metal,2247,64.24156192670635
metal,2248,64.23697639011618
metal,2249,64.23667227585233
metal,2250,64.23300787253972
metal,2251,64.22340876882893
metal,2252,64.22243804819155
metal,2253,64.21496433077306
metal,2254,64.2024269232899
metal,2255,64.19692803857637
metal,2256,64.19381987238279
metal,2257,64.18606451793937
metal,2258,64.1841073335404
metal,2259,64.17929180641282
metal,2260,64.1789853542452
metal,2261,64.17860489947189
metal,2262,64.17224932614364
metal,2263,64.15165608597042
metal,2264,64.1489790228385
metal,2265,64.14692005391174
metal,2266,64.14425199295165
metal,2267,64.14283147753915
metal,2268,64.14251175203108
metal,2269,64.14167137991289
metal,2270,64.14074599964744
metal,2271,64.1380751531134
metal,2272,64.13732900947285
metal,2273,64.13687073851565
metal,2274,64.13559818346874
metal,2275,64.13467807571999
metal,2276,64.13070122384185
metal,2277,64.12100150269761
metal,2278,64.11831744105719
metal,2279,64.10984459964074
metal,2280,64.10928876377861
metal,2281,64.10128812301484
metal,2282,64.09382717838045
metal,2283,64.0928115588389
metal,2284,64.09233822830292
metal,2285,64.09223276573847
metal,2286,64.09192381573241
metal,2287,64.09011055873377
metal,2288,64.08406671454108
metal,2289,64.08310420585804
metal,2290,64.0809615929847
metal,2291,64.08083714553821
metal,2292,64.07922858140778
metal,2293,64.07811653023813
metal,2294,64.07732499788494
metal,2295,64.07693285104182
metal,2296,64.07565152464593
metal,2297,64.06474755315064
metal,2298,64.0613957095524
metal,2299,64.05848097634225
metal,2300,64.04741587108997
metal,2301,64.0430677706256
metal,2302,64.03819358408249
metal,2303,64.0257050121565
metal,2304,64.01764130288862
metal,2305,64.0137535465528
metal,2306,64.01081184743444
metal,2307,64.00770786351752
metal,2308,64.00353184212558
metal,2309,63.988397227647525
metal,2310,63.985779133134145
metal,2311,63.98378580544026
metal,2312,63.983582275000856
metal,2313,63.97475281268673
metal,2314,63.973769600968666
metal,2315,63.96229392301855
metal,2316,63.961089897354825
metal,2317,63.96017111277115
metal,2318,63.95682925905089
metal,2319,63.941735914821564
metal,2320,63.94123043800562
metal,2321,63.93811110035122
metal,2322,63.93623811692113
metal,2323,63.93213153297573
metal,2324,63.921040209417356
metal,2325,63.918418302667405
metal,2326,63.911972244020404
metal,2327,63.91196433599343
metal,2328,63.90003924888636
metal,2329,63.8974775633784
metal,2330,63.89231996970169
metal,2331,63.89222508142407
metal,2332,63.88806514606013
metal,2333,63.884884014352295
metal,2334,63.88370749424378
metal,2335,63.88074747237226
metal,2336,63.87990236221857
metal,2337,63.87905160199951
metal,2338,63.87730883488895
metal,2339,63.87092318530085
metal,2340,63.86943331362528
metal,2341,63.86806499283347
metal,2342,63.86531049391377
metal,2343,63.86473169054044
metal,2344,63.86105197213182
metal,2345,63.85841518289796
metal,2346,63.85833978851889
metal,2347,63.85818839553532
metal,2348,63.85786618149598
metal,2349,63.855862479805324
metal,2350,63.854878802732216
metal,2351,63.854468302667414
metal,2352,63.85429586848454
metal,2353,63.84848535865987
metal,2354,63.84768819806787
metal,2355,63.84547743014576
metal,2356,63.84369334049531
metal,2357,63.843209115634096
metal,2358,63.840361279143224
metal,2359,63.8398279528318
metal,2360,63.83767391592454
metal,2361,63.82633677347681
metal,2362,63.82351052976904
metal,2363,63.82010886693912
metal,2364,63.816176184640554
metal,2365,63.81588469734808
metal,2366,63.81247903095169
metal,2367,63.79781390311436
metal,2368,63.79444392541245
metal,2369,63.782529032888775
metal,2370,63.77970026253527
metal,2371,63.761126474399546
metal,2372,63.76090502851922
metal,2373,63.755079359788866
metal,2374,63.751024671940755
metal,2375,63.750709109915476
metal,2376,63.74870102421907
metal,2377,63.74794927588353
metal,2378,63.745402892828665
metal,2379,63.74247645426722
metal,2380,63.73997089509275
metal,2381,63.73889164811679
metal,2382,63.73876424888678
metal,2383,63.737027480639455
metal,2384,63.733151660749044
metal,2385,63.729367391245944
metal,2386,63.72411159019018
metal,2387,63.71831787862135
metal,2388,63.71447304583023
metal,2389,63.71416285021927
metal,2390,63.71256913661536
metal,2391,63.70753029619317
metal,2392,63.70747764110526
metal,2393,63.70531830266741
metal,2394,63.70531830266741
metal,2395,63.70325387992564
metal,2396,63.70306181159049
metal,2397,63.69452708986739
metal,2398,63.6928969688268
metal,2399,63.69255495329287
metal,2400,63.68807779124181
metal,2401,63.68496000176262
metal,2402,63.68450370537349
metal,2403,63.67985470414959
metal,2404,63.679558182099356
metal,2405,63.6781103673319
metal,2406,63.67425164521276
metal,2407,63.66677386302007
metal,2408,63.66244741116107
metal,2409,63.66028634417303
metal,2410,63.65425399328842
metal,2411,63.652530185759545
metal,2412,63.642590756560324
metal,2413,63.6402707479255
metal,2414,63.63904044914379
metal,2415,63.638491822030176
metal,2416,63.63670455968699
metal,2417,63.635580638272714
metal,2418,63.63516492760914
metal,2419,63.63149330266741
metal,2420,63.63034794764742
metal,2421,63.629416831742034
metal,2422,63.629051586289506
metal,2423,63.62870949759501
metal,2424,63.62743604492854
metal,2425,63.61985074769042
metal,2426,63.61601505635434
metal,2427,63.61583089927706
metal,2428,63.61011254950199
metal,2429,63.60582939859115
metal,2430,63.5990183026674
metal,2431,63.59787558448191
metal,2432,63.595002509654535
metal,2433,63.59365554467361
metal,2434,63.58365896418188
metal,2435,63.57719261544996
metal,2436,63.57639202290771
metal,2437,63.570961276514154
metal,2438,63.56480182471772
metal,2439,63.56284584392249
metal,2440,63.55795587350771
metal,2441,63.5496934202819
metal,2442,63.549086325129736
metal,2443,63.54293500402633
metal,2444,63.53990998694445
metal,2445,63.53633003006304
metal,2446,63.534180754321014
metal,2447,63.53256347681781
metal,2448,63.528252666092186
metal,2449,63.52667825270501
metal,2450,63.52530044739177
metal,2451,63.52402539487598
metal,2452,63.523734079723816
metal,2453,63.52366054245566
metal,2454,63.51933576595822
metal,2455,63.51791106855738
metal,2456,63.515885781601554
metal,2457,63.51578630200474
metal,2458,63.51542091547154
metal,2459,63.514619312810396
metal,2460,63.511507824161086
metal,2461,63.510565948738645
metal,2462,63.50888418341383
metal,2463,63.50722059593424
metal,2464,63.50706166928845
metal,2465,63.50693765988221
metal,2466,63.50631239191988
metal,2467,63.50267838648384
metal,2468,63.50069607498325
metal,2469,63.499284937018516
metal,2470,63.49901733873902
metal,2471,63.499006651537115
metal,2472,63.49832248331984
metal,2473,63.497796549294904
metal,2474,63.49105752150591
metal,2475,63.488974142056676
metal,2476,63.48815244646529
metal,2477,63.487890951649916
metal,2478,63.48560755684517
metal,2479,63.48500799578905
metal,2480,63.483868376258556
metal,2481,63.474255450194846
metal,2482,63.47321714080381
metal,2483,63.47251578233249
metal,2484,63.47118097919312
metal,2485,63.46729002182347
metal,2486,63.46615095523741
metal,2487,63.462585621085935
metal,2488,63.46154072125519
metal,2489,63.457268302667416
metal,2490,63.45547465930676
metal,2491,63.45539094768745
metal,2492,63.45511288854556
metal,2493,63.45469094299328
metal,2494,63.44717622475852
metal,2495,63.441274487470125
metal,2496,63.4404390316559
metal,2497,63.43803370324316
metal,2498,63.43605131065064
metal,2499,63.43559958026627
metal,2500,63.43394512987116
metal,2501,63.43121485424639
metal,2502,63.42874405376719
metal,2503,63.420858381987145
metal,2504,63.419245371674776
metal,2505,63.41860856716528
metal,2506,63.41679417915117
metal,2507,63.41490246368791
metal,2508,63.41283770108278
metal,2509,63.40706239056091
metal,2510,63.40671960703456
metal,2511,63.40318082325052
metal,2512,63.40290301977332
metal,2513,63.40100937966959
metal,2514,63.40029775673095
metal,2515,63.400099891768065
metal,2516,63.39942860862536
metal,2517,63.39549162031031
metal,2518,63.392967012857284
metal,2519,63.392875550945604
metal,2520,63.39056354279397
metal,2521,63.38324467511738
metal,2522,63.380016315388715
metal,2523,63.37955783793143
metal,2524,63.37824192352615
metal,2525,63.37708285761548
metal,2526,63.376760213485824
metal,2527,63.37383757393424
metal,2528,63.368593034087226
metal,2529,63.36744281189152
metal,2530,63.36047427726275
metal,2531,63.35399861753261
metal,2532,63.35369937148381
metal,2533,63.34991556434713
metal,2534,63.349744123967184
metal,2535,63.34915651345952
metal,2536,63.34743236983664
metal,2537,63.34657653930498
metal,2538,63.34555946389861
metal,2539,63.34516187108177
metal,2540,63.34439722100677
metal,2541,63.34276074942764
metal,2542,63.34234954825094
metal,2543,63.33827796206393
metal,2544,63.33645423375151
metal,2545,63.333297383939055
metal,2546,63.32710830061116
metal,2547,63.32672829258436
metal,2548,63.32482717546658
metal,2549,63.32474410562517
metal,2550,63.32158554065842
metal,2551,63.32083593478798
metal,2552,63.31807131316177
metal,2553,63.316490775032776
metal,2554,63.31340314062297
metal,2555,63.308026758193066
metal,2556,63.30766358731812
metal,2557,63.30528529774064
metal,2558,63.30496552712832
metal,2559,63.30391570005888
metal,2560,63.30097966722737
metal,2561,63.298895139036034
metal,2562,63.298130691965426
metal,2563,63.29683904534525
metal,2564,63.295706449551815
metal,2565,63.29491658943114
metal,2566,63.29304690537799
metal,2567,63.29033715071948
metal,2568,63.286721438167504
metal,2569,63.285588926111856
metal,2570,63.282927289119954
metal,2571,63.27568645202186
metal,2572,63.274724324047625
metal,2573,63.27389067620241
metal,2574,63.27319580000587
metal,2575,63.27078057786915
metal,2576,63.269655592799865
metal,2577,63.26890018494679
metal,2578,63.26700821525432
metal,2579,63.2649767933914
metal,2580,63.26396652496996
metal,2581,63.26383010185728
metal,2582,63.26126342094447
metal,2583,63.260660337283255
metal,2584,63.260545276580174
metal,2585,63.259865586364654
metal,2586,63.25682055621506
metal,2587,63.252999337419354
metal,2588,63.248579640877324
metal,2589,63.247934834313085
metal,2590,63.24674839043462
metal,2591,63.245573074882316
metal,2592,63.24198643467473
metal,2593,63.241739504309294
metal,2594,63.241271969180175
metal,2595,63.23905158056243
metal,2596,63.23833295232794
metal,2597,63.238290670659566
metal,2598,63.23701930880381
metal,2599,63.23513982181497
metal,2600,63.23462029224997
metal,2601,63.22535202247299
metal,2602,63.213359890472745
metal,2603,63.212853492037155
metal,2604,63.21128128925902
metal,2605,63.21070028975748
metal,2606,63.2078594056029
metal,2607,63.20339780617827
metal,2608,63.19657177608515
metal,2609,63.19590165576227
metal,2610,63.19562814612442
metal,2611,63.19530585278903
metal,2612,63.19248909078907
metal,2613,63.19037276103133
metal,2614,63.182635581621554
metal,2615,63.17885765321773
metal,2616,63.173899294125306
metal,2617,63.173640196125284
metal,2618,63.17066352168159
metal,2619,63.16992523865129
metal,2620,63.16896318041374
metal,2621,63.16694544229826
metal,2622,63.165256631140295
metal,2623,63.16507208308518
metal,2624,63.16503799659408
metal,2625,63.16202160711319
metal,2626,63.159396571828424
metal,2627,63.157249606353986
metal,2628,63.155862230680526
metal,2629,63.154126477145525
metal,2630,63.151198962525044
metal,2631,63.14913306494033
metal,2632,63.1445807194808
metal,2633,63.1431550519645
metal,2634,63.14072801635068
metal,2635,63.1258294897914
metal,2636,63.12563446600356
metal,2637,63.12473807077865
metal,2638,63.120442964677764
metal,2639,63.117751610534285
metal,2640,63.116005223737446
metal,2641,63.11222584542588
metal,2642,63.1115838321746
metal,2643,63.109425734144494
metal,2644,63.103724791429
metal,2645,63.10203659273509
metal,2646,63.098985469922255
metal,2647,63.09843593900682
metal,2648,63.098377465172405
metal,2649,63.09822736072891
metal,2650,63.09588883255974
metal,2651,63.09532256610545
metal,2652,63.09416124828617
metal,2653,63.09360428009923
metal,2654,63.08969445217426
metal,2655,63.08679437886313
metal,2656,63.086417575451506
metal,2657,63.0859633987847
metal,2658,63.08544642285108
metal,2659,63.08408215250364
metal,2660,63.08333071266742
metal,2661,63.08332171221903
metal,2662,63.083252282588205
metal,2663,63.08183547001195
metal,2664,63.081400864689186
metal,2665,63.08116127209678
metal,2666,63.07979388792046
metal,2667,63.07903017777676
metal,2668,63.07794907067827
metal,2669,63.07772262584416
metal,2670,63.07693783580764
metal,2671,63.07551916432794
metal,2672,63.0720271587694
metal,2673,63.070986725998296
metal,2674,63.06785825235836
metal,2675,63.067761684106955
metal,2676,63.06667588072803
metal,2677,63.06639856386883
metal,2678,63.06563798298106
metal,2679,63.06555194526514
metal,2680,63.06318289750213
metal,2681,63.06009857723447
metal,2682,63.05950967638168
metal,2683,63.05915828606456
metal,2684,63.05269565497251
metal,2685,63.05048821738096
metal,2686,63.0463423850412
metal,2687,63.04612497098303
metal,2688,63.04356864242662
metal,2689,63.0405402489844
metal,2690,63.03827129141601
metal,2691,63.038100266999464
metal,2692,63.035949041834016
metal,2693,63.02830553980776
metal,2694,63.02384805304084
metal,2695,63.02347486670378
metal,2696,63.02066766879604
metal,2697,63.0205439793872
metal,2698,63.01749175814703
metal,2699,63.016079831701035
metal,2700,63.01262407936501
metal,2701,63.01236066131001
metal,2702,63.011372825557714
metal,2703,63.0082925284937
metal,2704,63.00770377225905
metal,2705,63.007350127188275
metal,2706,63.0071456703308
metal,2707,63.006212472170034
metal,2708,63.00080104196819
metal,2709,62.99906818654155
metal,2710,62.99873156135686
metal,2711,62.992077469097964
metal,2712,62.991761644636426
metal,2713,62.9909972276656
metal,2714,62.990266146915715
metal,2715,62.98982844195643
metal,2716,62.98880378747768
metal,2717,62.98793591918914
metal,2718,62.986917696503326
metal,2719,62.9868870161534
metal,2720,62.9854683435174
metal,2721,62.985295995217626
metal,2722,62.98096365030297
metal,2723,62.979325785998526
metal,2724,62.976100934721075
metal,2725,62.97502053752652
metal,2726,62.97140921009873
metal,2727,62.967244426788525
metal,2728,62.961934851639725
metal,2729,62.960424238730454
metal,2730,62.95530986865978
metal,2731,62.95094268466107
metal,2732,62.947791727819876
metal,2733,62.94714966791389
metal,2734,62.94396110103567
metal,2735,62.94374242434638
metal,2736,62.93478301024123
metal,2737,62.93420374230111
metal,2738,62.93418369865819
metal,2739,62.93392254732264
metal,2740,62.93299005956281
metal,2741,62.93214056288731
metal,2742,62.92907165750373
metal,2743,62.92886228524816
metal,2744,62.92831670660041
metal,2745,62.92534936363475
metal,2746,62.92473650250072
metal,2747,62.924250806219064
metal,2748,62.92412362037288
metal,2749,62.923886730608515
metal,2750,62.92361328930993
metal,2751,62.922592477086695
metal,2752,62.91760750544829
metal,2753,62.91615314670324
metal,2754,62.91470973706815
metal,2755,62.914220078907874
metal,2756,62.911645423425455
metal,2757,62.910927098068
metal,2758,62.90607415612503
metal,2759,62.90190700311827
metal,2760,62.90045465616919
metal,2761,62.899731289258554
metal,2762,62.89909146890547
metal,2763,62.898440742458064
metal,2764,62.89748323408416
metal,2765,62.8891570933185
metal,2766,62.884104821643376
metal,2767,62.88139808117761
metal,2768,62.87977595673321
metal,2769,62.87775248001286
metal,2770,62.867806155846395
metal,2771,62.867221343924314
metal,2772,62.86622257164365
metal,2773,62.86540171053754
metal,2774,62.864524838505304
metal,2775,62.86317951806764
metal,2776,62.86254065829672
metal,2777,62.860597607315285
metal,2778,62.857222892824524
metal,2779,62.85659427151954
metal,2780,62.855717980976024
metal,2781,62.855092467222505
metal,2782,62.84987670529205
metal,2783,62.849765406911004
metal,2784,62.84808141089252
metal,2785,62.848029501589096
metal,2786,62.84624700579643
metal,2787,62.84517614334213
metal,2788,62.845027730026544
metal,2789,62.844439150677175
metal,2790,62.8407219860602
metal,2791,62.84006171265054
metal,2792,62.839407452569205
metal,2793,62.835279367125054
metal,2794,62.833037021406554
metal,2795,62.83238126238069
metal,2796,62.83073890615532
metal,2797,62.83024889649225
metal,2798,62.828109773736884
metal,2799,62.8280224286801
metal,2800,62.82226856930913
metal,2801,62.82156177120066
metal,2802,62.819920996423434
metal,2803,62.81727632108573
metal,2804,62.81655147949401
metal,2805,62.81515160831091
metal,2806,62.81424074111284
metal,2807,62.81033622633505
metal,2808,62.80906299026482
metal,2809,62.80810344701108
metal,2810,62.80658992113452
metal,2811,62.806104805130076
metal,2812,62.8031507926155
metal,2813,62.79822476620605
metal,2814,62.79716212042743
metal,2815,62.79335751535268
metal,2816,62.79323613424823
metal,2817,62.7901444303461
metal,2818,62.78587033922281
metal,2819,62.783333557359754
metal,2820,62.78323755407551
metal,2821,62.782414121982114
metal,2822,62.7777472887946
metal,2823,62.77682038703965
metal,2824,62.77670160898859
metal,2825,62.77571596964489
metal,2826,62.77536314141224
metal,2827,62.774174942106285
metal,2828,62.77204014870048
metal,2829,62.76767029253935
metal,2830,62.767295440477696
metal,2831,62.76456093735328
metal,2832,62.75823928577455
metal,2833,62.75673142390579
metal,2834,62.755619739350706
metal,2835,62.750514241687355
metal,2836,62.7456361251235
metal,2837,62.74368162394053
metal,2838,62.74332349928184
metal,2839,62.743190685890724
metal,2840,62.740099252372715
metal,2841,62.73964242094641
metal,2842,62.73946421474788
metal,2843,62.73945903797197
metal,2844,62.738997535225195
metal,2845,62.73857237631479
metal,2846,62.738057641549474
metal,2847,62.736771509346866
metal,2848,62.73648621927791
metal,2849,62.73505258271692
metal,2850,62.73462214168818
metal,2851,62.73234633987647
metal,2852,62.72958755758775
metal,2853,62.72900637601542
metal,2854,62.72745582105695
metal,2855,62.72416139556361
metal,2856,62.7241311558864
metal,2857,62.716801183643895
metal,2858,62.71653596241799
metal,2859,62.71620735078196
metal,2860,62.71253482686994
metal,2861,62.71185052747663
metal,2862,62.706452104063885
metal,2863,62.699020183541265
metal,2864,62.69710234208348
metal,2865,62.69600385042047
metal,2866,62.69090277778821
metal,2867,62.690552098259886
metal,2868,62.69016105480324
metal,2869,62.68680878809667
metal,2870,62.68675274553475
metal,2871,62.68631426834017
metal,2872,62.68487764395775
metal,2873,62.68471149878104
metal,2874,62.68139621659408
metal,2875,62.678005135587426
metal,2876,62.673626213885925
metal,2877,62.67194196716565
metal,2878,62.67182352466635
metal,2879,62.67146180378914
metal,2880,62.66924895054234
metal,2881,62.66320888718873
metal,2882,62.66219370877526
metal,2883,62.66092152789571
metal,2884,62.65731747792731
metal,2885,62.65260630549612
metal,2886,62.64914295953926
metal,2887,62.649117063704225
metal,2888,62.647993862859565
metal,2889,62.64732062909536
metal,2890,62.64665125870256
metal,2891,62.63997725036647
metal,2892,62.63747421563663
metal,2893,62.63670877236042
metal,2894,62.6354281372779
metal,2895,62.63225784929189
metal,2896,62.63090221624152
metal,2897,62.619115159758096
metal,2898,62.61850879883062
metal,2899,62.614782619199616
metal,2900,62.61085175997171
metal,2901,62.610047298368684
metal,2902,62.60957607374172
metal,2903,62.60716768699952
metal,2904,62.607059416973215
metal,2905,62.60697680690075
metal,2906,62.605190355280385
metal,2907,62.60412533022419
metal,2908,62.602638109770126
metal,2909,62.601487972403916
metal,2910,62.60107334407928
metal,2911,62.59787615353926
metal,2912,62.597762601712304
metal,2913,62.5948958789824
metal,2914,62.59488320533947
metal,2915,62.593482070729166
metal,2916,62.59117233905358
metal,2917,62.59024868697793
metal,2918,62.583978890288975
metal,2919,62.57774990243081
metal,2920,62.575273680200326
metal,2921,62.57490807751026
metal,2922,62.573914654379195
metal,2923,62.5723448972369
metal,2924,62.57207203354618
metal,2925,62.56990426069123
metal,2926,62.56931179434267
metal,2927,62.56810179303265
metal,2928,62.5680607667058
metal,2929,62.566563690229586
metal,2930,62.56489358385997
metal,2931,62.564609908893914
metal,2932,62.56009981765102
metal,2933,62.55665397680086
metal,2934,62.554343904961186
metal,2935,62.55211626260176
metal,2936,62.55138572605679
metal,2937,62.548496693873986
metal,2938,62.54462833547113
metal,2939,62.54251777584503
metal,2940,62.542437233097004
metal,2941,62.54158587257261
metal,2942,62.53952743411339
metal,2943,62.53510403687761
metal,2944,62.53497915994828
metal,2945,62.534822498304834
metal,2946,62.53389004729985
metal,2947,62.5329579922732
metal,2948,62.5324826648919
metal,2949,62.530248606759145
metal,2950,62.53007983029252
metal,2951,62.529206579410456
metal,2952,62.528839651110545
metal,2953,62.527789634983264
metal,2954,62.525679406755515
metal,2955,62.52282903542364
metal,2956,62.5224161389907
metal,2957,62.51595811816655
metal,2958,62.51593845101898
metal,2959,62.515595702274396
metal,2960,62.515412691805125
metal,2961,62.51427623315612
metal,2962,62.512929953186344
metal,2963,62.51116854649494
metal,2964,62.499243970542594
metal,2965,62.49898789045736
metal,2966,62.49666290620746
metal,2967,62.49543337412814
metal,2968,62.48973147732991
metal,2969,62.488819174804775
metal,2970,62.48688670938519
metal,2971,62.485700120084985
metal,2972,62.48363527207417
metal,2973,62.474962020623224
metal,2974,62.474266280242944
metal,2975,62.47258672209594
metal,2976,62.46802170143681
metal,2977,62.464795020881255
metal,2978,62.464116850077986
metal,2979,62.46294678996465
metal,2980,62.462914747885975
metal,2981,62.45715690478434
metal,2982,62.45602453804494
metal,2983,62.453412587024374
metal,2984,62.4531515326844
metal,2985,62.44940141159739
metal,2986,62.44902461055091
metal,2987,62.44743496115114
metal,2988,62.44701701294166
metal,2989,62.44340747760684
metal,2990,62.442968692762236
metal,2991,62.44024396574959
metal,2992,62.43752269516742
metal,2993,62.43369020429269
metal,2994,62.431167576141064
metal,2995,62.425142675228415
metal,2996,62.42301823579996
metal,2997,62.42241111469188
metal,2998,62.41869113360357
metal,2999,62.41850077645006
metal,3000,62.4177259254902
metal,3001,62.41768234932181
metal,3002,62.416951512365856
metal,3003,62.41676713784926
metal,3004,62.4137482731643
metal,3005,62.41309559398228
metal,3006,62.41078558265761
metal,3007,62.410155916437816
metal,3008,62.40911711809401
metal,3009,62.408519506122886
metal,3010,62.406815417873204
metal,3011,62.406188011488396
metal,3012,62.40361088562696
metal,3013,62.40334623461308
metal,3014,62.40297658508925
metal,3015,62.40026683443374
metal,3016,62.398451228389916
metal,3017,62.39808205967354
metal,3018,62.39570284528878
metal,3019,62.39222425822203
metal,3020,62.39167278249117
metal,3021,62.385642657120954
metal,3022,62.384603925385164
metal,3023,62.38362361516418
metal,3024,62.378568214732184
metal,3025,62.377971323816425
metal,3026,62.37533457667912
metal,3027,62.37353068261753
metal,3028,62.37331390375958
metal,3029,62.37242293606337
metal,3030,62.37157518083333
metal,3031,62.369926322209096
metal,3032,62.36822757177191
metal,3033,62.363394497455104
metal,3034,62.36297686866415
metal,3035,62.36102458308373
metal,3036,62.353820298885225
metal,3037,62.3504354833601
metal,3038,62.34920864672817
metal,3039,62.34920598303762
metal,3040,62.34833777506597
metal,3041,62.34674951387225
metal,3042,62.346494502335005
metal,3043,62.346063337551385
metal,3044,62.34269855971239
metal,3045,62.34073324754684
metal,3046,62.337224816337596
metal,3047,62.3367420717867
metal,3048,62.3349529230329
metal,3049,62.334314473409194
metal,3050,62.330672761571904
metal,3051,62.32631091358209
metal,3052,62.326182823349924
metal,3053,62.325988640501905
metal,3054,62.32528137773599
metal,3055,62.324050230624934
metal,3056,62.32183956807839
metal,3057,62.32174357089123
metal,3058,62.319151698979184
metal,3059,62.317033734276876
metal,3060,62.31617981158148
metal,3061,62.31538593004419
metal,3062,62.31496248816792
metal,3063,62.31339842962382
metal,3064,62.31338392595295
metal,3065,62.31320089418307
metal,3066,62.30126675426753
metal,3067,62.29670328883192
metal,3068,62.29419597662822
metal,3069,62.29412017914012
metal,3070,62.292745134201
metal,3071,62.28653722529312
metal,3072,62.28551834024758
metal,3073,62.28446114202973
metal,3074,62.27910800480775
metal,3075,62.27874372004216
metal,3076,62.275576867977634
metal,3077,62.275240387494165
metal,3078,62.27218835232971
metal,3079,62.271550868823226
metal,3080,62.2698873269277
metal,3081,62.26856451587375
metal,3082,62.267434464328474
metal,3083,62.262387226483284
metal,3084,62.26140542797958
metal,3085,62.261385495275334
metal,3086,62.25892981078327
metal,3087,62.25337233274041
metal,3088,62.251185268781356
metal,3089,62.25032669152064
metal,3090,62.248026005279584
metal,3091,62.24593151777364
metal,3092,62.2385765479836
metal,3093,62.237190526964156
metal,3094,62.234099128529024
metal,3095,62.23333803775088
metal,3096,62.23216942706486
metal,3097,62.227550403443686
metal,3098,62.22738059777754
metal,3099,62.22306612583962
metal,3100,62.22157307973053
metal,3101,62.22029869821989
metal,3102,62.21991449197313
metal,3103,62.219237662571274
metal,3104,62.21854415468519
metal,3105,62.217070851948066
metal,3106,62.215568563470555
metal,3107,62.21434457591448
metal,3108,62.21061210466629
metal,3109,62.20982898017701
metal,3110,62.20428519854434
metal,3111,62.20369313794709
metal,3112,62.20349162
metal,3113,62.20215245642265
metal,3114,62.20155041027252
metal,3115,62.19665045397544
metal,3116,62.19350740721255
metal,3117,62.19346156607588
metal,3118,62.19143096460647
metal,3119,62.19073192455279
metal,3120,62.18863476214399
metal,3121,62.18757736672502
metal,3122,62.186726547307686
metal,3123,62.18379244707337
metal,3124,62.17573689730929
metal,3125,62.17533982465075
metal,3126,62.17528559703881
metal,3127,62.1750866095508
metal,3128,62.17142684736092
metal,3129,62.171347402261816
metal,3130,62.16631192396383
metal,3131,62.16553862392246
metal,3132,62.162922112245695
metal,3133,62.16273904787484
metal,3134,62.1623978590973
metal,3135,62.15957366986146
metal,3136,62.15795657938341
metal,3137,62.15670986111941
metal,3138,62.15092461732867
metal,3139,62.15071091958528
metal,3140,62.14940998382242
metal,3141,62.14838186857837
metal,3142,62.14799951663417
metal,3143,62.14788906534949
metal,3144,62.14664322500674
metal,3145,62.14660701158188
metal,3146,62.14639912392883
metal,3147,62.14397600174895
metal,3148,62.14263978705111
metal,3149,62.14176565064017
metal,3150,62.13824277418155
metal,3151,62.13806520886162
metal,3152,62.13420877016523
metal,3153,62.133763411760626
metal,3154,62.13304206995376
metal,3155,62.132526772096526
metal,3156,62.13247920622257
metal,3157,62.125426279599864
metal,3158,62.11902452356014
metal,3159,62.118107599786526
metal,3160,62.11002738697789
metal,3161,62.10900279406448
metal,3162,62.10547726607567
metal,3163,62.10520571518637
metal,3164,62.10397150399248
metal,3165,62.10248234782415
metal,3166,62.09995594348038
metal,3167,62.0972536303007
metal,3168,62.09716506229472
metal,3169,62.0964183026674
metal,3170,62.09240571867443
metal,3171,62.09141154156785
metal,3172,62.08978074610404
metal,3173,62.088841295570134
metal,3174,62.08746505643994
metal,3175,62.08700133789009
metal,3176,62.08565968965277
metal,3177,62.08109174071495
metal,3178,62.08047841738262
metal,3179,62.078133212088446
metal,3180,62.0757249472084
metal,3181,62.07297974019558
metal,3182,62.07173324874441
metal,3183,62.069028433327716
metal,3184,62.06855452720808
metal,3185,62.067916004685685
metal,3186,62.067014619575914
metal,3187,62.06487003566616
metal,3188,62.052970239402356
metal,3189,62.05277343325808
metal,3190,62.05067370838492
metal,3191,62.047886838684285
metal,3192,62.04561121838478
metal,3193,62.04414658742006
metal,3194,62.04067377202939
metal,3195,62.03403154163725
metal,3196,62.030086297035226
metal,3197,62.02819862741795
metal,3198,62.02591798506883
metal,3199,62.02273776502777
metal,3200,62.017258412624614
metal,3201,62.01694473519571
metal,3202,62.015616289571796
metal,3203,62.01405059827452
metal,3204,62.00713944167563
metal,3205,62.004956633918766
metal,3206,62.00422084159008
metal,3207,62.00280722785514
metal,3208,62.00136831497669
metal,3209,62.000912064944174
metal,3210,62.0007950685999
metal,3211,61.99905606417546
metal,3212,61.99675092989702
metal,3213,61.99433871192713
metal,3214,61.99408598590385
metal,3215,61.994022877941475
metal,3216,61.9926170762156
metal,3217,61.99216553293361
metal,3218,61.99167376478658
metal,3219,61.98654409229671
metal,3220,61.98517603387151
metal,3221,61.980821804108714
metal,3222,61.97664336565305
metal,3223,61.976294842305066
metal,3224,61.97221969612524
metal,3225,61.96969788513195
metal,3226,61.96529114963253
metal,3227,61.96413006552895
metal,3228,61.96389598965129
metal,3229,61.96341003831684
metal,3230,61.95641493274955
metal,3231,61.954765287561614
metal,3232,61.9501737469235
metal,3233,61.94970789497761
metal,3234,61.94546588644661
metal,3235,61.94378844978445
metal,3236,61.94135514092568
metal,3237,61.94126774144404
metal,3238,61.9404862073074
metal,3239,61.93843922753874
metal,3240,61.93794068516044
metal,3241,61.93656590564069
metal,3242,61.934934562080656
metal,3243,61.93453990664757
metal,3244,61.9324031331866
metal,3245,61.92933915337616
metal,3246,61.92929606756593
metal,3247,61.929240696479624
metal,3248,61.92772065894539
metal,3249,61.92697713995764
metal,3250,61.926435191418044
metal,3251,61.92617198551808
metal,3252,61.921913018661755
metal,3253,61.92147472505735
metal,3254,61.91994953208422
metal,3255,61.919907715583406
metal,3256,61.91879603820584
metal,3257,61.917200529640894
metal,3258,61.913204244758205
metal,3259,61.912826324162154
metal,3260,61.91273072153227
metal,3261,61.909328769801434
metal,3262,61.90286598611887
metal,3263,61.90163627345163
metal,3264,61.898451794493795
metal,3265,61.89643157245847
metal,3266,61.8960582243548
metal,3267,61.895541437511056
metal,3268,61.89491797877447
metal,3269,61.89266068341375
metal,3270,61.887225253728786
metal,3271,61.887038921054824
metal,3272,61.8856960025
metal,3273,61.883212289483296
metal,3274,61.881068302667416
metal,3275,61.88042649470003
metal,3276,61.87919476902965
metal,3277,61.878904698813784
metal,3278,61.87889196560192
metal,3279,61.873352185456895
metal,3280,61.872712241504786
metal,3281,61.871349366531874
metal,3282,61.86901830266741
metal,3283,61.86901830266741
metal,3284,61.86901830266741
metal,3285,61.86711218669916
metal,3286,61.865519741746525
metal,3287,61.86243065649552
metal,3288,61.861176866912814
metal,3289,61.85471308943926
metal,3290,61.853839888194216
metal,3291,61.85313287531602
metal,3292,61.852956964521994
metal,3293,61.852788262120384
metal,3294,61.84818876154672
metal,3295,61.84373567658581
metal,3296,61.84359638838818
metal,3297,61.84174529002972
metal,3298,61.83863721281044
metal,3299,61.83786046283939
metal,3300,61.83727982338897
metal,3301,61.836917330526546
metal,3302,61.836349525806696
metal,3303,61.83354776246739
metal,3304,61.832105821063294
metal,3305,61.831434205831556
metal,3306,61.829039576933425
metal,3307,61.82153513625766
metal,3308,61.82111439733488
metal,3309,61.819469803557155
metal,3310,61.81540470222758
metal,3311,61.81292063016956
metal,3312,61.81132056621733
metal,3313,61.80948755354946
metal,3314,61.8042428155165
metal,3315,61.80320642552098
metal,3316,61.80244781495993
metal,3317,61.79925700054049
metal,3318,61.79705194597035
metal,3319,61.796420927482885
metal,3320,61.79638427448202
metal,3321,61.79628293903994
metal,3322,61.787622625233
metal,3323,61.78632683370428
metal,3324,61.786013793945486
metal,3325,61.78506750088819
metal,3326,61.7815268631993
metal,3327,61.781312631701695
metal,3328,61.7812612103844
metal,3329,61.77992323182811
metal,3330,61.77895309102243
metal,3331,61.769180908277974
metal,3332,61.767623146938945
metal,3333,61.76497912125691
metal,3334,61.759296921450854
metal,3335,61.758513574580775
metal,3336,61.755752155563044
metal,3337,61.7541509923647
metal,3338,61.753198601374066
metal,3339,61.7512532210432
metal,3340,61.745362847139816
metal,3341,61.745334100685
metal,3342,61.742238626293876
metal,3343,61.74221388279409
metal,3344,61.74185800638344
metal,3345,61.74180699408733
metal,3346,61.73999724790265
metal,3347,61.73909128251182
metal,3348,61.73139239001216
metal,3349,61.727128716859205
metal,3350,61.720597623742464
metal,3351,61.71596243017899
metal,3352,61.71488603207831
metal,3353,61.71477849016618
metal,3354,61.714733422550424
metal,3355,61.713837312064925
metal,3356,61.70847353415989
metal,3357,61.70716000867254
metal,3358,61.70580162863183
metal,3359,61.70032682616318
metal,3360,61.69936999903534
metal,3361,61.6971060147591
metal,3362,61.69118791304683
metal,3363,61.6909890837194
metal,3364,61.68911721850091
metal,3365,61.68796644800513
metal,3366,61.68785664914263
metal,3367,61.68369973227283
metal,3368,61.68263975775456
metal,3369,61.68237498156617
metal,3370,61.67513333196882
metal,3371,61.67323813403611
metal,3372,61.66220442945881
metal,3373,61.65987372154238
metal,3374,61.659482480962765
metal,3375,61.65947617603061
metal,3376,61.659152703539434
metal,3377,61.65880570056876
metal,3378,61.65766444128484
metal,3379,61.657243933078576
metal,3380,61.656594550568286
metal,3381,61.64883424509382
metal,3382,61.64755934829711
metal,3383,61.64679820274556
metal,3384,61.64369487646775
metal,3385,61.64138343275842
metal,3386,61.63885048743553
metal,3387,61.63316293305583
metal,3388,61.63116032908238
metal,3389,61.63114313642599
metal,3390,61.62967591599461
metal,3391,61.62394522957287
metal,3392,61.62336102838846
metal,3393,61.622707524206376
metal,3394,61.61910765540313
metal,3395,61.61829964948366
metal,3396,61.61715464727472
metal,3397,61.61411449083334
metal,3398,61.6122688117802
metal,3399,61.6122183026674
metal,3400,61.611447599565295
metal,3401,61.61011336108497
metal,3402,61.60887844757889
metal,3403,61.60181440854103
metal,3404,61.60020563298413
metal,3405,61.593306604809825
metal,3406,61.593159586983276
metal,3407,61.59023256242898
metal,3408,61.59010267599783
metal,3409,61.58746358591759
metal,3410,61.585614814712144
metal,3411,61.585470023361935
metal,3412,61.58276481778431
metal,3413,61.58179541566409
metal,3414,61.572924956680325
metal,3415,61.572858424676056
metal,3416,61.57033896900134
metal,3417,61.5696754326045
metal,3418,61.568253887228295
metal,3419,61.566613942746216
metal,3420,61.56526959190879
metal,3421,61.564548520023195
metal,3422,61.56363450735189
metal,3423,61.561226436145674
metal,3424,61.561225449624345
metal,3425,61.55999689291495
metal,3426,61.55925874714468
metal,3427,61.549106261612025
metal,3428,61.54818339132718
metal,3429,61.54753783575569
metal,3430,61.545210182373054
metal,3431,61.54452400418535
metal,3432,61.541326068940705
metal,3433,61.54064694817676
metal,3434,61.539114175030306
metal,3435,61.53854171726313
metal,3436,61.53840784398083
metal,3437,61.53678278314737
metal,3438,61.536536840976495
metal,3439,61.53264492993199
metal,3440,61.53134885889682
metal,3441,61.53112311830023
metal,3442,61.521959269290804
metal,3443,61.51872293808292
metal,3444,61.517203502074366
metal,3445,61.516180591991315
metal,3446,61.51552770112738
metal,3447,61.51123441871913
metal,3448,61.50955340839802
metal,3449,61.5074427487467
metal,3450,61.506178886666234
metal,3451,61.50568190305103
metal,3452,61.50310769638949
metal,3453,61.50286830266741
metal,3454,61.49903819823565
metal,3455,61.49886736893659
metal,3456,61.49580087583175
metal,3457,61.495702526915196
metal,3458,61.4930403776838
metal,3459,61.48235329666012
metal,3460,61.4811903533316
metal,3461,61.473443302667405
metal,3462,61.467103135442514
metal,3463,61.464176599986075
metal,3464,61.455415689730245
metal,3465,61.454506683906416
metal,3466,61.45410683797019
metal,3467,61.4439851650702
metal,3468,61.442720965214335
metal,3469,61.440490863354924
metal,3470,61.43932201527174
metal,3471,61.439216373242516
metal,3472,61.43710329234895
metal,3473,61.41892173761582
metal,3474,61.41718767443032
metal,3475,61.41452751985365
metal,3476,61.41329993431536
metal,3477,61.41012681732599
metal,3478,61.40493262908039
metal,3479,61.402861463749204
metal,3480,61.39840338480079
metal,3481,61.3819950805612
metal,3482,61.37901969280826
metal,3483,61.37610210135588
metal,3484,61.37560098436198
metal,3485,61.369434801640296
metal,3486,61.36829672130831
metal,3487,61.367053355772185
metal,3488,61.36497134805607
metal,3489,61.36230348586915
metal,3490,61.3613721520207
metal,3491,61.36045345489039
metal,3492,61.35686434072815
metal,3493,61.354553651970065
metal,3494,61.353000323599744
metal,3495,61.35110442211479
metal,3496,61.337479120294304
metal,3497,61.33732270548917
metal,3498,61.331990961885424
metal,3499,61.331599117750514
metal,3500,61.33083438040104
metal,3501,61.32793234891916
metal,3502,61.32780240349847
metal,3503,61.321489532667414
metal,3504,61.32013604916908
metal,3505,61.318193386335295
metal,3506,61.30989429348534
metal,3507,61.30954834703587
metal,3508,61.30569513823066
metal,3509,61.30363064730916
metal,3510,61.29882078056232
metal,3511,61.292889674315134
metal,3512,61.29102194969924
metal,3513,61.28886093106873
metal,3514,61.280946038740595
metal,3515,61.28086239523165
metal,3516,61.2772271893477
metal,3517,61.276906420402355
metal,3518,61.27264675933884
metal,3519,61.27122084266307
metal,3520,61.27106652514178
metal,3521,61.267699673566355
metal,3522,61.26690146618154
metal,3523,61.264598259014434
metal,3524,61.25981595576114
metal,3525,61.259664899639205
metal,3526,61.25415983221875
metal,3527,61.253472880487166
metal,3528,61.24285266061838
metal,3529,61.2355789245903
metal,3530,61.23497646758638
metal,3531,61.23210055554446
metal,3532,61.22833533776294
metal,3533,61.226003142244636
metal,3534,61.219904641559296
metal,3535,61.21780804424292
metal,3536,61.214031062539675
metal,3537,61.20841130138406
metal,3538,61.206655540450484
metal,3539,61.20545831621125
metal,3540,61.20421917502553
metal,3541,61.20285205398653
metal,3542,61.20191419724827
metal,3543,61.200436710987006
metal,3544,61.19837551528265
metal,3545,61.19469462138541
metal,3546,61.19272203922583
metal,3547,61.19229218076167
metal,3548,61.19203193297635
metal,3549,61.19099192211026
metal,3550,61.1871677645846
metal,3551,61.179862751313905
metal,3552,61.17811009026498
metal,3553,61.177123350760056
metal,3554,61.16970505072538
metal,3555,61.16658142217611
metal,3556,61.16498235564792
metal,3557,61.15708889029263
metal,3558,61.15669605143772
metal,3559,61.15579539115126
metal,3560,61.15494504587687
metal,3561,61.15399029717757
metal,3562,61.15392458299213
metal,3563,61.15177269089517
metal,3564,61.15114001748002
metal,3565,61.14585735931141
metal,3566,61.145290592310516
metal,3567,61.14283669369928
metal,3568,61.138988590664624
metal,3569,61.13659632683583
metal,3570,61.13442159010526
metal,3571,61.13339249135677
metal,3572,61.13244451620406
metal,3573,61.13120926940738
metal,3574,61.12948480399602
metal,3575,61.128503382412646
metal,3576,61.127853214719366
metal,3577,61.12588225756312
metal,3578,61.11640886017446
metal,3579,61.11639913851482
metal,3580,61.11633301592784
metal,3581,61.116192798091475
metal,3582,61.113560831633066
metal,3583,61.11293590648861
metal,3584,61.112618302667414
metal,3585,61.11072986048313
metal,3586,61.11004221349721
metal,3587,61.10999330266742
metal,3588,61.10881286043922
metal,3589,61.107605667436445
metal,3590,61.10427863450961
metal,3591,61.102663455619066
metal,3592,61.09571964771632
metal,3593,61.09521770799354
metal,3594,61.09283241739867
metal,3595,61.087358921773145
metal,3596,61.08547792451162
metal,3597,61.084073599095476
metal,3598,61.08229666588066
metal,3599,61.081094576560645
metal,3600,61.080175160904545
metal,3601,61.07962133601322
metal,3602,61.07485072265325
metal,3603,61.07437520856064
metal,3604,61.07298958982004
metal,3605,61.0728873500603
metal,3606,61.070120124635224
metal,3607,61.06977163080987
metal,3608,61.064465870714045
metal,3609,61.06399897437862
metal,3610,61.06303126602204
metal,3611,61.058970099757744
metal,3612,61.05224192700922
metal,3613,61.05185879757339
metal,3614,61.050503687673654
metal,3615,61.049755910651555
metal,3616,61.048881597875976
metal,3617,61.045734038106445
metal,3618,61.043523189196776
metal,3619,61.03307773520844
metal,3620,61.03135957266741
metal,3621,61.03088139142933
metal,3622,61.03063915073048
metal,3623,61.02928034945069
metal,3624,61.02852379837158
metal,3625,61.02826555443687
metal,3626,61.02700461239783
metal,3627,61.02447158213599
metal,3628,61.01841670267319
metal,3629,61.01789440405234
metal,3630,61.0158525738697
metal,3631,61.01248038318994
metal,3632,61.01174902739989
metal,3633,61.0063353763566
metal,3634,61.00279381194309
metal,3635,60.994555570109966
metal,3636,60.99273687847034
metal,3637,60.992634278253874
metal,3638,60.990979489174265
metal,3639,60.98943023880989
metal,3640,60.986835542981076
metal,3641,60.985865497104356
metal,3642,60.97879396712433
metal,3643,60.97755138085364
metal,3644,60.9740671408812
metal,3645,60.971040576264514
metal,3646,60.969530382461414
metal,3647,60.963796704049386
metal,3648,60.96074464576981
metal,3649,60.95963858099378
metal,3650,60.956465971190894
metal,3651,60.94949946633362
metal,3652,60.94888319167946
metal,3653,60.9486412264998
metal,3654,60.94544419623669
metal,3655,60.94535194798411
metal,3656,60.94246174908895
metal,3657,60.93869062216454
metal,3658,60.93176663840525
metal,3659,60.929720488131466
metal,3660,60.92806641155008
metal,3661,60.9270248086506
metal,3662,60.92595809970139
metal,3663,60.9216275771294
metal,3664,60.909625385466356
metal,3665,60.909409292008704
metal,3666,60.90871209795993
metal,3667,60.90564823337775
metal,3668,60.900891573323975
metal,3669,60.896794456377094
metal,3670,60.887923012758705
metal,3671,60.88762350646249
metal,3672,60.886650941286135
metal,3673,60.885895989151365
metal,3674,60.88268414250013
metal,3675,60.882080306062505
metal,3676,60.873800130054306
metal,3677,60.872631811094365
metal,3678,60.86588374705835
metal,3679,60.8611241580128
metal,3680,60.85906879361082
metal,3681,60.857580358891305
metal,3682,60.85639120572047
metal,3683,60.854862470436686
metal,3684,60.85446700654215
metal,3685,60.851248321957854
metal,3686,60.8505315898951
metal,3687,60.85046322619877
metal,3688,60.84430099114273
metal,3689,60.84161106523081
metal,3690,60.83890727147238
metal,3691,60.83601309224882
metal,3692,60.835298622837655
metal,3693,60.831397763872715
metal,3694,60.83056842407902
metal,3695,60.83038395834693
metal,3696,60.8303072688489
metal,3697,60.82946621705828
metal,3698,60.828516940250125
metal,3699,60.82701192443808
metal,3700,60.82164767877339
metal,3701,60.82056950346335
metal,3702,60.81390338076272
metal,3703,60.81213488446735
metal,3704,60.801531087078516
metal,3705,60.801234412790905
metal,3706,60.80114658620164
metal,3707,60.79681541900746
metal,3708,60.79349084967001
metal,3709,60.78858940566269
metal,3710,60.777071973607974
metal,3711,60.77228110420927
metal,3712,60.771521901048274
metal,3713,60.77083636178787
metal,3714,60.76226867146336
metal,3715,60.757805448244866
metal,3716,60.757381112315656
metal,3717,60.75705394424985
metal,3718,60.75679577909031
metal,3719,60.75602769799136
metal,3720,60.75598403353062
metal,3721,60.754303664489946
metal,3722,60.75298023251926
metal,3723,60.75101148008379
metal,3724,60.74947297923869
metal,3725,60.7465166201324
metal,3726,60.74578489137741
metal,3727,60.740395350981245
metal,3728,60.740000756725976
metal,3729,60.73995126725185
metal,3730,60.739000040212986
metal,3731,60.736019393987235
metal,3732,60.73265768174426
metal,3733,60.72435012494394
metal,3734,60.72334359593647
metal,3735,60.716165240311156
metal,3736,60.71417602820624
metal,3737,60.70741205032617
metal,3738,60.705533612269605
metal,3739,60.704771960971954
metal,3740,60.70463984629866
metal,3741,60.70244148517078
metal,3742,60.69958969620134
metal,3743,60.69774588968005
metal,3744,60.6969601822928
metal,3745,60.69661501853237
metal,3746,60.695042589796365
metal,3747,60.694785347822275
metal,3748,60.69462969814337
metal,3749,60.69166898413688
metal,3750,60.68042485573126
metal,3751,60.67942966020888
metal,3752,60.67672917333523
metal,3753,60.67562275289495
metal,3754,60.67321036691099
metal,3755,60.67314046705148
metal,3756,60.655353285941445
metal,3757,60.65334738916748
metal,3758,60.65181783858857
metal,3759,60.6515788548371
metal,3760,60.64978991044063
metal,3761,60.647656642469826
metal,3762,60.64513409736169
metal,3763,60.63991507859927
metal,3764,60.63717705501338
metal,3765,60.63629611571429
metal,3766,60.63095188699215
metal,3767,60.6304387852374
metal,3768,60.62081024715194
metal,3769,60.61768461149583
metal,3770,60.61720491876433
metal,3771,60.616156316101126
metal,3772,60.61524732459252
metal,3773,60.61499247676976
metal,3774,60.607362440905575
metal,3775,60.598717349485995
metal,3776,60.59169554141357
metal,3777,60.58686654257177
metal,3778,60.586680303540234
metal,3779,60.58657342187483
metal,3780,60.58423406561482
metal,3781,60.56842915007868
metal,3782,60.567112118880445
metal,3783,60.567084506229605
metal,3784,60.56545336070165
metal,3785,60.56351104252785
metal,3786,60.5622301754354
metal,3787,60.562009590638795
metal,3788,60.55810973287353
metal,3789,60.55746718994254
metal,3790,60.554744134102236
metal,3791,60.55216308281675
metal,3792,60.550356999990115
metal,3793,60.54734690917259
metal,3794,60.544663350454954
metal,3795,60.54369450516954
metal,3796,60.54354388368779
metal,3797,60.541470401076445
metal,3798,60.53823915517077
metal,3799,60.53776549253226
metal,3800,60.53010419410191
metal,3801,60.52951356435729
metal,3802,60.52871971465295
metal,3803,60.526944752136274
metal,3804,60.51541176512383
metal,3805,60.510130888590325
metal,3806,60.509712826046666
metal,3807,60.50006578485565
metal,3808,60.49951107505389
metal,3809,60.498801130728836
metal,3810,60.498254785748614
metal,3811,60.4973660454928
metal,3812,60.49317886163186
metal,3813,60.492678754195836
metal,3814,60.48872043373264
metal,3815,60.48684245855415
metal,3816,60.47978622651463
metal,3817,60.47447646298084
metal,3818,60.47295344370545
metal,3819,60.46668732682805
metal,3820,60.465819591732526
metal,3821,60.46228833823569
metal,3822,60.46188039886664
metal,3823,60.45653142103349
metal,3824,60.45449363049828
metal,3825,60.451074451917904
metal,3826,60.443866711681196
metal,3827,60.44215075821313
metal,3828,60.438099552862255
metal,3829,60.43655489467932
metal,3830,60.4359175048686
metal,3831,60.430720409692796
metal,3832,60.42573735438191
metal,3833,60.42520050588806
metal,3834,60.42465419648458
metal,3835,60.416307970792886
metal,3836,60.414100868002095
metal,3837,60.41389790146502
metal,3838,60.41098604615705
metal,3839,60.407635788410715
metal,3840,60.40708473013754
metal,3841,60.406684909745394
metal,3842,60.40136490915016
metal,3843,60.395206489072166
metal,3844,60.39448094052061
metal,3845,60.38535991600119
metal,3846,60.3821711917396
metal,3847,60.38128812672517
metal,3848,60.3789709932241
metal,3849,60.37767861760109
metal,3850,60.37402659228343
metal,3851,60.37075123815315
metal,3852,60.36561204864029
metal,3853,60.36497967054976
metal,3854,60.36115675542844
metal,3855,60.36073336160922
metal,3856,60.3571776540755
metal,3857,60.34350690118839
metal,3858,60.34056701820563
metal,3859,60.339744763342665
metal,3860,60.33753133625602
metal,3861,60.33177464892634
metal,3862,60.32792830580152
metal,3863,60.32760620417557
metal,3864,60.32744557165695
metal,3865,60.326374543321734
metal,3866,60.326221851641606
metal,3867,60.32473778622135
metal,3868,60.321072758843286
metal,3869,60.319498308706855
metal,3870,60.316648698390296
metal,3871,60.31486475874095
metal,3872,60.31218070694854
metal,3873,60.30775540150296
metal,3874,60.30774695819662
metal,3875,60.307141834782826
metal,3876,60.30160777129373
metal,3877,60.30008816525881
metal,3878,60.29958953499181
metal,3879,60.29776700130522
metal,3880,60.29481331556066
metal,3881,60.29223114758889
metal,3882,60.292068146186914
metal,3883,60.285029663179714
metal,3884,60.28467628359137
metal,3885,60.283028238033594
metal,3886,60.28141781009322
metal,3887,60.273779261081955
metal,3888,60.27325110134168
metal,3889,60.272773252770094
metal,3890,60.27194165208901
metal,3891,60.26920615232534
metal,3892,60.26481333980588
metal,3893,60.231523604282074
metal,3894,60.22957416883911
metal,3895,60.228408430501844
metal,3896,60.22724285638791
metal,3897,60.22141519025122
metal,3898,60.217873243132146
metal,3899,60.216681052960794
metal,3900,60.213995907832796
metal,3901,60.19675871983719
metal,3902,60.194317692357416
metal,3903,60.19061418344131
metal,3904,60.189855237667416
metal,3905,60.18668927149626
metal,3906,60.18044476914784
metal,3907,60.17450852557265
metal,3908,60.172553366006895
metal,3909,60.170070694019046
metal,3910,60.16936125938908
metal,3911,60.168061300939115
metal,3912,60.16682892430006
metal,3913,60.16561915590687
metal,3914,60.16301733078534
metal,3915,60.15976087290729
metal,3916,60.158211985213015
metal,3917,60.15699711274112
metal,3918,60.15603216380481
metal,3919,60.15034824385853
metal,3920,60.149428739717976
metal,3921,60.14912094383549
metal,3922,60.14747383580334
metal,3923,60.14531627095859
metal,3924,60.1426769910714
metal,3925,60.14148145117305
metal,3926,60.13424973452476
metal,3927,60.12907575211902
metal,3928,60.12560033991909
metal,3929,60.119815318695146
metal,3930,60.119274344099665
metal,3931,60.11773886297506
metal,3932,60.11716461922796
metal,3933,60.106692193721585
metal,3934,60.104342359717904
metal,3935,60.10143061447549
metal,3936,60.099626346254865
metal,3937,60.094769038426875
metal,3938,60.09314078540399
metal,3939,60.09083100422899
metal,3940,60.08791745050836
metal,3941,60.08765996925291
metal,3942,60.084353138737086
metal,3943,60.08428159303514
metal,3944,60.07958843365094
metal,3945,60.072567490721966
metal,3946,60.071084762689736
metal,3947,60.07065883392647
metal,3948,60.06947234525701
metal,3949,60.05664884186696
metal,3950,60.0367281696861
metal,3951,60.03653513854201
metal,3952,60.03299640875431
metal,3953,60.02766846766741
metal,3954,60.020827404458316
metal,3955,60.01884655613151
metal,3956,60.01857542025719
metal,3957,60.01594519366778
metal,3958,60.015895769205
metal,3959,60.0125774987346
metal,3960,60.00713096283564
metal,3961,60.004665482651646
metal,3962,60.00465190316028
metal,3963,60.00330229043357
metal,3964,60.00216775840348
metal,3965,60.001165253439
metal,3966,60.000593133424374
metal,3967,59.998157865453365
metal,3968,59.99670362757888
metal,3969,59.99097199632698
metal,3970,59.988752730479234
metal,3971,59.98745352598412
metal,3972,59.98742900914954
metal,3973,59.983145363016845
metal,3974,59.97849679151058
metal,3975,59.9740033865869
metal,3976,59.97311162870044
metal,3977,59.971903263287416
metal,3978,59.97107389608006
metal,3979,59.96978650739831
metal,3980,59.968259387601975
metal,3981,59.96268257830779
metal,3982,59.96097709143204
metal,3983,59.95164050704885
metal,3984,59.94870544494639
metal,3985,59.94869094249164
metal,3986,59.94131804330185
metal,3987,59.937391885824155
metal,3988,59.93423568044284
metal,3989,59.92807812472573
metal,3990,59.92409710592463
metal,3991,59.92260138129811
metal,3992,59.92246406244345
metal,3993,59.915351139347194
metal,3994,59.90537107174519
metal,3995,59.904040468553575
metal,3996,59.90322544632512
metal,3997,59.8999270398332
metal,3998,59.893065321024494
metal,3999,59.887229964799545
metal,4000,59.86889135627784
metal,4001,59.867912756839374
metal,4002,59.86697921201768
metal,4003,59.866256180587044
metal,4004,59.86206268460373
metal,4005,59.86201310447592
metal,4006,59.85584666737809
metal,4007,59.8551092444026
metal,4008,59.85040574884742
metal,4009,59.84367089833333
metal,4010,59.83773361307527
metal,4011,59.83697432151804
metal,4012,59.83135707865932
metal,4013,59.829874522043625
metal,4014,59.8289173652525
metal,4015,59.828605694786916
metal,4016,59.82516188706781
metal,4017,59.82102223569768
metal,4018,59.82068832216049
metal,4019,59.81754789105733
metal,4020,59.81542895664789
metal,4021,59.81101358423821
metal,4022,59.805802483848126
metal,4023,59.80233229018561
metal,4024,59.80057819805883
metal,4025,59.8005385893114
metal,4026,59.79697542053502
metal,4027,59.792929225762705
metal,4028,59.79155315882507
metal,4029,59.79108573311712
metal,4030,59.76340516552682
metal,4031,59.762485427320435
metal,4032,59.75836800780144
metal,4033,59.75623436007241
metal,4034,59.75380618227132
metal,4035,59.753683940121235
metal,4036,59.751713251882904
metal,4037,59.73743731579992
metal,4038,59.73601129231788
metal,4039,59.73519333481086
metal,4040,59.73484612043846
metal,4041,59.73463370630884
metal,4042,59.72434725047772
metal,4043,59.718502347954626
metal,4044,59.71793548286817
metal,4045,59.71300173171137
metal,4046,59.71128122264339
metal,4047,59.708777354083345
metal,4048,59.707485221710996
metal,4049,59.70127959377753
metal,4050,59.69956608204575
metal,4051,59.69457488740031
metal,4052,59.69343743080785
metal,4053,59.691039218371984
metal,4054,59.690458980187586
metal,4055,59.68462506083333
metal,4056,59.6799597666774
metal,4057,59.676280310610736
metal,4058,59.67607494890545
metal,4059,59.66633302204376
metal,4060,59.66296573265879
metal,4061,59.662193923254065
metal,4062,59.66150602583585
metal,4063,59.66133944427844
metal,4064,59.65961765318427
metal,4065,59.65919902091704
metal,4066,59.65884583823709
metal,4067,59.657871343511474
metal,4068,59.65439788059862
metal,4069,59.650397294826206
metal,4070,59.64909217814065
metal,4071,59.64905484835943
metal,4072,59.64143765675985
metal,4073,59.64105813416184
metal,4074,59.64004516857769
metal,4075,59.636673453551566
metal,4076,59.63401954530619
metal,4077,59.633373966686584
metal,4078,59.6323010306761
metal,4079,59.63194587132434
metal,4080,59.63062635258706
metal,4081,59.62910022155624
metal,4082,59.628926828323515
metal,4083,59.617842416833525
metal,4084,59.61603547362489
metal,4085,59.61371100797574
metal,4086,59.607853647254956
metal,4087,59.604959523876055
metal,4088,59.60376067571198
metal,4089,59.60090625970503
metal,4090,59.60018158342655
metal,4091,59.59426695348988
metal,4092,59.59290742965668
metal,4093,59.58592268415589
metal,4094,59.58497455977768
metal,4095,59.5818247874453
metal,4096,59.57359184797011
metal,4097,59.57195676910344
metal,4098,59.56878893996581
metal,4099,59.563588266133344
metal,4100,59.56267023971904
metal,4101,59.55886442095549
metal,4102,59.557802285048325
metal,4103,59.54644650286065
metal,4104,59.545067117979514
metal,4105,59.54413763410105
metal,4106,59.539017907606876
metal,4107,59.5265491923261
metal,4108,59.52242602240716
metal,4109,59.510908773748724
metal,4110,59.50914394257205
metal,4111,59.50682346066757
metal,4112,59.50481041687978
metal,4113,59.50382434772462
metal,4114,59.49769107846285
metal,4115,59.48574456368928
metal,4116,59.47347062898284
metal,4117,59.465452956403354
metal,4118,59.465007240597515
metal,4119,59.46076025766742
metal,4120,59.45528595634599
metal,4121,59.455202644958014
metal,4122,59.45437006971869
metal,4123,59.452669452368006
metal,4124,59.4486441151126
metal,4125,59.4463973131498
metal,4126,59.44601999016457
metal,4127,59.43096291615274
metal,4128,59.429934840602215
metal,4129,59.42752175251481
metal,4130,59.42272517827007
metal,4131,59.40680262750496
metal,4132,59.40258348864484
metal,4133,59.392714310385784
metal,4134,59.38740841249442
metal,4135,59.3769955527537
metal,4136,59.37629772587135
metal,4137,59.37167691605018
metal,4138,59.37130522475479
metal,4139,59.36723654039986
metal,4140,59.34812816501999
metal,4141,59.34135668445721
metal,4142,59.3391279821501
metal,4143,59.330638020983116
metal,4144,59.3188850164226
metal,4145,59.31650366838227
metal,4146,59.311143228011844
metal,4147,59.309612056027646
metal,4148,59.3071769567469
metal,4149,59.30488189372532
metal,4150,59.30147594813914
metal,4151,59.29893783802808
metal,4152,59.29854898319478
metal,4153,59.29500674876115
metal,4154,59.28907336155302
metal,4155,59.28718883948133
metal,4156,59.28682792091553
metal,4157,59.27393213807693
metal,4158,59.2628499525
metal,4159,59.2627716434025
metal,4160,59.256253123739484
metal,4161,59.242212694447986
metal,4162,59.23716737220823
metal,4163,59.22688948027802
metal,4164,59.22605699167333
metal,4165,59.22303728448229
metal,4166,59.223025513496495
metal,4167,59.220359314528125
metal,4168,59.2105389817024
metal,4169,59.20668779897106
metal,4170,59.20624281819198
metal,4171,59.20254588689981
metal,4172,59.18418646230903
metal,4173,59.18191378091842
metal,4174,59.16815041077889
metal,4175,59.164686408647015
metal,4176,59.153995505219925
metal,4177,59.152034107852614
metal,4178,59.14289569356954
metal,4179,59.14049900258444
metal,4180,59.135780537578256
metal,4181,59.12052834153203
metal,4182,59.09527000334978
metal,4183,59.09306944269882
metal,4184,59.07337990505973
metal,4185,59.070074693040496
metal,4186,59.06945716743803
metal,4187,59.06804102273135
metal,4188,59.059837763400935
metal,4189,59.04807155417812
metal,4190,59.04697543702926
metal,4191,59.04439551520862
metal,4192,59.04085431867993
metal,4193,59.04030358748342
metal,4194,59.03550586877451
metal,4195,59.03083775710677
metal,4196,59.02951624915143
metal,4197,59.02932841970599
metal,4198,59.02886920123197
metal,4199,59.01765556829382
metal,4200,59.01721548264969
metal,4201,59.01711112295429
metal,4202,59.0143436298971
metal,4203,59.0115703158095
metal,4204,59.00722364080314
metal,4205,59.007082957893914
metal,4206,59.00593839252604
metal,4207,58.99730504771624
metal,4208,58.99420714659783
metal,4209,58.98615632245037
metal,4210,58.975601930167414
metal,4211,58.973222634338626
metal,4212,58.96765208685903
metal,4213,58.964545165249504
metal,4214,58.963817598280684
metal,4215,58.95952366761453
metal,4216,58.9560766339078
metal,4217,58.936122661962074
metal,4218,58.929457393644824
metal,4219,58.929340516565176
metal,4220,58.92599999883118
metal,4221,58.92061918959908
metal,4222,58.91030049391091
metal,4223,58.908118246306486
metal,4224,58.90316881403071
metal,4225,58.90095470240229
metal,4226,58.888469325643726
metal,4227,58.88759235479988
metal,4228,58.87693561143425
metal,4229,58.87689652218451
metal,4230,58.86660930325431
metal,4231,58.85926164484923
metal,4232,58.838452726691045
metal,4233,58.83820343481365
metal,4234,58.835007804355286
metal,4235,58.8103163669208
metal,4236,58.80907335592242
metal,4237,58.80287587119135
metal,4238,58.80234623350836
metal,4239,58.80166640455094
metal,4240,58.800470192562024
metal,4241,58.79444415682879
metal,4242,58.79290164272866
metal,4243,58.78537622959776
metal,4244,58.78087886377341
metal,4245,58.77225204747748
metal,4246,58.76991538401231
metal,4247,58.759525946303896
metal,4248,58.752957427204166
metal,4249,58.74729460742191
metal,4250,58.732259624448815
metal,4251,58.72854373681429
metal,4252,58.72604562446689
metal,4253,58.718371840144286
metal,4254,58.70443208155811
metal,4255,58.70225830795677
metal,4256,58.695516920121996
metal,4257,58.69170246800334
metal,4258,58.666905927934636
metal,4259,58.647622376730084
metal,4260,58.63356483901492
metal,4261,58.62882374220064
metal,4262,58.62502701910789
metal,4263,58.624890260801294
metal,4264,58.62246177987239
metal,4265,58.61824654864466
metal,4266,58.613695858531216
metal,4267,58.59939383177836
metal,4268,58.594100653929466
metal,4269,58.57901034387966
metal,4270,58.576429037606346
metal,4271,58.569745271792726
metal,4272,58.56714744072168
metal,4273,58.56612669201259
metal,4274,58.55120831586959
metal,4275,58.54526145593471
metal,4276,58.51596861705845
metal,4277,58.51343156984055
metal,4278,58.48234003437537
metal,4279,58.47392691071154
metal,4280,58.47215136185045
metal,4281,58.46622466115724
metal,4282,58.45301455114553
metal,4283,58.451101671893525
metal,4284,58.44409957147079
metal,4285,58.43918770077907
metal,4286,58.42563100621342
metal,4287,58.42457159551474
metal,4288,58.423179833762646
metal,4289,58.420799347332874
metal,4290,58.416369740886395
metal,4291,58.416335265023605
metal,4292,58.38884166468685
metal,4293,58.38792573687486
metal,4294,58.386884380469056
metal,4295,58.38574457782157
metal,4296,58.38398303925419
metal,4297,58.37900754597585
metal,4298,58.376158349465754
metal,4299,58.360294673929985
metal,4300,58.359614127409955
metal,4301,58.353277822331776
metal,4302,58.34859309281303
metal,4303,58.34006049192432
metal,4304,58.33771912256216
metal,4305,58.332093468482554
metal,4306,58.33144880473405
metal,4307,58.329465158460266
metal,4308,58.32010239670397
metal,4309,58.29280060613415
metal,4310,58.29249903199896
metal,4311,58.28199458611088
metal,4312,58.28047181408595
metal,4313,58.27763575675314
metal,4314,58.27697793018757
metal,4315,58.2732010120787
metal,4316,58.25486542576563
metal,4317,58.228757209434335
metal,4318,58.216036134236035
metal,4319,58.20855990335998
metal,4320,58.20413324929789
metal,4321,58.20324614661352
metal,4322,58.18116625083333
metal,4323,58.15604790672688
metal,4324,58.13870227688167
metal,4325,58.124221216189056
metal,4326,58.12139996268168
metal,4327,58.116872292489276
metal,4328,58.104171361529524
metal,4329,58.076149803041055
metal,4330,58.07014575929972
metal,4331,58.059177586439155
metal,4332,58.05702842760073
metal,4333,58.05464511666723
metal,4334,58.04852503507985
metal,4335,58.035454825767104
metal,4336,58.034872691838714
metal,4337,58.032903992201426
metal,4338,58.026588427248214
metal,4339,58.02565056586812
metal,4340,58.020604099377756
metal,4341,57.99114120578197
metal,4342,57.98638521074541
metal,4343,57.98573518023392
metal,4344,57.93723394651698
metal,4345,57.93654580892331
metal,4346,57.92749110894643
metal,4347,57.90319087320846
metal,4348,57.901334916964515
metal,4349,57.890094543564345
metal,4350,57.88987255081214
metal,4351,57.88360587062641
metal,4352,57.88299868905686
metal,4353,57.87671758085253
metal,4354,57.856794459124046
metal,4355,57.849692148911146
metal,4356,57.82401227860679
metal,4357,57.81169225892699
metal,4358,57.81035549741722
metal,4359,57.80165101167546
metal,4360,57.79909716517473
metal,4361,57.79480864199937
metal,4362,57.78533237042443
metal,4363,57.78318730378882
metal,4364,57.78102041781392
metal,4365,57.772515185352006
metal,4366,57.76889991665763
metal,4367,57.74512821210229
metal,4368,57.731391347343376
metal,4369,57.7134710768583
metal,4370,57.71271156871863
metal,4371,57.69855038892889
metal,4372,57.691494811074634
metal,4373,57.68066422005664
metal,4374,57.68042726483337
metal,4375,57.671014704761674
metal,4376,57.667195871983424
metal,4377,57.662755475849906
metal,4378,57.65825143786226
metal,4379,57.65681025493096
metal,4380,57.65035856082949
metal,4381,57.62398599184071
metal,4382,57.620796397004995
metal,4383,57.59967896821317
metal,4384,57.58189141666667
metal,4385,57.540355976757496
metal,4386,57.53888742395239
metal,4387,57.534007768441654
metal,4388,57.53065996999733
metal,4389,57.5264633662977
metal,4390,57.50022843910891
metal,4391,57.483742061916004
metal,4392,57.48341975572532
metal,4393,57.46146971103185
metal,4394,57.45578116434186
metal,4395,57.44909082118943
metal,4396,57.44559142328903
metal,4397,57.441509203361306
metal,4398,57.431554337923984
metal,4399,57.4306896021654
metal,4400,57.428207880877636
metal,4401,57.425799751872205
metal,4402,57.421856097667415
metal,4403,57.389777934755756
metal,4404,57.38693714776677
metal,4405,57.37724792545805
metal,4406,57.365493907667414
metal,4407,57.349044971666785
metal,4408,57.33560484479129
metal,4409,57.3336089278567
metal,4410,57.32499418961085
metal,4411,57.30578640603608
metal,4412,57.30386607380426
metal,4413,57.295925639228415
metal,4414,57.275505047733574
metal,4415,57.265448646170825
metal,4416,57.24024324516742
metal,4417,57.236647776144125
metal,4418,57.23544516387338
metal,4419,57.207704027887814
metal,4420,57.19732063104733
metal,4421,57.187620050179945
metal,4422,57.17986346013555
metal,4423,57.160312988118264
metal,4424,57.12750103016741
metal,4425,57.125221103660365
metal,4426,57.10449783766741
metal,4427,57.088366176785044
metal,4428,57.07409866820309
metal,4429,57.05440671411172
metal,4430,57.05053165328684
metal,4431,57.04940505704866
metal,4432,57.04864357101036
metal,4433,57.048561356538414
metal,4434,57.039227491043974
metal,4435,57.01097170061945
metal,4436,57.00344978389265
metal,4437,57.00307955535169
metal,4438,56.966267791475886
metal,4439,56.95251026563632
metal,4440,56.949856591420215
metal,4441,56.938434036703214
metal,4442,56.928139299050414
metal,4443,56.92367208318706
metal,4444,56.914716248519795
metal,4445,56.90889823041046
metal,4446,56.905881334045915
metal,4447,56.89921779636545
metal,4448,56.889901440606735
metal,4449,56.881728263064545
metal,4450,56.85815324990757
metal,4451,56.85588627843866
metal,4452,56.849145303145804
metal,4453,56.847770323916734
metal,4454,56.82038700479838
metal,4455,56.79971822779021
metal,4456,56.79567238373909
metal,4457,56.78258262443801
metal,4458,56.776659932796306
metal,4459,56.77159761516741
metal,4460,56.76636793323203
metal,4461,56.759521645
metal,4462,56.73461658834968
metal,4463,56.728168447667414
metal,4464,56.71109341459157
metal,4465,56.69685200961844
metal,4466,56.68531024229404
metal,4467,56.669626615252724
metal,4468,56.65797113565674
metal,4469,56.65569848564796
metal,4470,56.64848790072752
metal,4471,56.645942492999765
metal,4472,56.64563466639278
metal,4473,56.63581930003713
metal,4474,56.63128376510578
metal,4475,56.61333119174482
metal,4476,56.59979648058412
metal,4477,56.597206052488104
metal,4478,56.57509471478309
metal,4479,56.56923322987828
metal,4480,56.564245610406076
metal,4481,56.554482395394686
metal,4482,56.53223066516742
metal,4483,56.52013909763882
metal,4484,56.51214134370507
metal,4485,56.49669892971838
metal,4486,56.494242400119546
metal,4487,56.486640783490856
metal,4488,56.48649818446275
metal,4489,56.48049017707018
metal,4490,56.47584748691024
metal,4491,56.47467957581016
metal,4492,56.46888970429953
metal,4493,56.466954598463104
metal,4494,56.45529330985124
metal,4495,56.45323670233364
metal,4496,56.438065298152736
metal,4497,56.42648910266742
metal,4498,56.4223116909114
metal,4499,56.42019001092385
metal,4500,56.41740599462112
metal,4501,56.416633400780526
metal,4502,56.377925624894175
metal,4503,56.37311690802517
metal,4504,56.367288968968
metal,4505,56.36084517159857
metal,4506,56.36049737999953
metal,4507,56.35788321955886
metal,4508,56.339726151807
metal,4509,56.320578544218264
metal,4510,56.31561919246196
metal,4511,56.315135566221514
metal,4512,56.30581220066014
metal,4513,56.28728594311164
metal,4514,56.27848478005511
metal,4515,56.277249687499996
metal,4516,56.27399210877783
metal,4517,56.2475567191625
metal,4518,56.24706621897886
metal,4519,56.24426990291038
metal,4520,56.24396633310771
metal,4521,56.20517878895204
metal,4522,56.173419394197026
metal,4523,56.15891250476437
metal,4524,56.152473998363604
metal,4525,56.13501379133338
metal,4526,56.122287981597225
metal,4527,56.121327513058596
metal,4528,56.12053252688975
metal,4529,56.100165090488304
metal,4530,56.09487337227614
metal,4531,56.085672118279874
metal,4532,56.082023443732446
metal,4533,56.07078100328475
metal,4534,56.058478525167416
metal,4535,56.05521360772407
metal,4536,56.04661235858106
metal,4537,56.03550594712884
metal,4538,56.02456769353866
metal,4539,56.02282310709279
metal,4540,55.98063383944273
metal,4541,55.97546611461833
metal,4542,55.97206180222648
metal,4543,55.959152171540964
metal,4544,55.951945738344705
metal,4545,55.949136840272175
metal,4546,55.9486896372739
metal,4547,55.940751453953155
metal,4548,55.913140500518054
metal,4549,55.90943093175426
metal,4550,55.8502232751659
metal,4551,55.83768859622697
metal,4552,55.819565294071566
metal,4553,55.81409693002428
metal,4554,55.81269180315488
metal,4555,55.811970880000004
metal,4556,55.80199957836069
metal,4557,55.80179093477468
metal,4558,55.79502725979074
metal,4559,55.77562207508319
metal,4560,55.76089219386826
metal,4561,55.74492282707523
metal,4562,55.73919770574281
metal,4563,55.7378453753452
metal,4564,55.73533285161935
metal,4565,55.71600531690727
metal,4566,55.71188185424482
metal,4567,55.69094742302565
metal,4568,55.69004724556939
metal,4569,55.67860896337575
metal,4570,55.660761911805366
metal,4571,55.639974110827026
metal,4572,55.609082203277296
metal,4573,55.59173965725917
metal,4574,55.5822786143426
metal,4575,55.57991476136294
metal,4576,55.566631310192875
metal,4577,55.565139275442405
metal,4578,55.549692814854836
metal,4579,55.54462220992042
metal,4580,55.54405885444994
metal,4581,55.53456100581214
metal,4582,55.50726323568422
metal,4583,55.50197454948679
metal,4584,55.459963435026054
metal,4585,55.45639575354416
metal,4586,55.45147669637264
metal,4587,55.44431143713726
metal,4588,55.44318693603992
metal,4589,55.43830445771839
metal,4590,55.41401907777329
metal,4591,55.41339194516475
metal,4592,55.39381190901351
metal,4593,55.38739263703863
metal,4594,55.38555166118495
metal,4595,55.35962812245303
metal,4596,55.355575342831855
metal,4597,55.334490195221996
metal,4598,55.31532681163283
metal,4599,55.314381922466026
metal,4600,55.3103950243152
metal,4601,55.30918602787443
metal,4602,55.29008468467275
metal,4603,55.28366287461678
metal,4604,55.26899075214554
metal,4605,55.26646054999651
metal,4606,55.262364381622845
metal,4607,55.228460205862746
metal,4608,55.228216367805786
metal,4609,55.222250539957244
metal,4610,55.20976687583333
metal,4611,55.209412457170615
metal,4612,55.1832017000261
metal,4613,55.164868636831784
metal,4614,55.16082522662174
metal,4615,55.15807814798454
metal,4616,55.11419362895863
metal,4617,55.112360214108975
metal,4618,55.106691804062535
metal,4619,55.048290642851825
metal,4620,54.994056351062426
metal,4621,54.98349597926072
metal,4622,54.97195613251735
metal,4623,54.95619383840793
metal,4624,54.94238166356749
metal,4625,54.93329400255665
metal,4626,54.93239666824965
metal,4627,54.9067045073802
metal,4628,54.89393120326821
metal,4629,54.88283908761865
metal,4630,54.87629837870202
metal,4631,54.87459929963889
metal,4632,54.85505655200277
metal,4633,54.84604169661955
metal,4634,54.83458483707227
metal,4635,54.80164124560736
metal,4636,54.798898575880756
metal,4637,54.79217320978117
metal,4638,54.78761152834478
metal,4639,54.7867560752308
metal,4640,54.78650676922145
metal,4641,54.76609719704301
metal,4642,54.755900421364274
metal,4643,54.74161623000742
metal,4644,54.734486709965566
metal,4645,54.73412318217538
metal,4646,54.724628494771196
metal,4647,54.69808078590111
metal,4648,54.688996266786404
metal,4649,54.68242207939842
metal,4650,54.67819832363216
metal,4651,54.6736455278259
metal,4652,54.66443778009041
metal,4653,54.63998214221206
metal,4654,54.630338745545714
metal,4655,54.61785149290941
metal,4656,54.616876127534795
metal,4657,54.61203846847472
metal,4658,54.559126747444196
metal,4659,54.550851698475796
metal,4660,54.54913271333333
metal,4661,54.54714568047059
metal,4662,54.54023930444626
metal,4663,54.51784530797825
metal,4664,54.490285020212895
metal,4665,54.47183604970277
metal,4666,54.46254196967338
metal,4667,54.46099982484295
metal,4668,54.44513739059704
metal,4669,54.424798536053075
metal,4670,54.42361161624666
metal,4671,54.418491643878994
metal,4672,54.396759097519976
metal,4673,54.37476810207524
metal,4674,54.365994405503145
metal,4675,54.359954474232424
metal,4676,54.344213300463
metal,4677,54.33406582656019
metal,4678,54.33101742759354
metal,4679,54.31977612074817
metal,4680,54.31836997881403
metal,4681,54.31015493718924
metal,4682,54.30230011710978
metal,4683,54.2946990157764
metal,4684,54.29068602330625
metal,4685,54.24940565309032
metal,4686,54.249200792888544
metal,4687,54.247246868055
metal,4688,54.2298131597626
metal,4689,54.22508837211295
metal,4690,54.19379855950973
metal,4691,54.18528713957002
metal,4692,54.183939689248106
metal,4693,54.17091627075179
metal,4694,54.1250843493882
metal,4695,54.09791830266741
metal,4696,54.09791830266741
metal,4697,54.09791830266741
metal,4698,54.08845023022562
metal,4699,54.0858757642533
metal,4700,54.08533469475988
metal,4701,54.07707732500934
metal,4702,54.07150649041026
metal,4703,54.06652172187181
metal,4704,54.05835119059324
metal,4705,54.05304478518852
metal,4706,54.052389764891466
metal,4707,54.04356810115645
metal,4708,54.04036528142075
metal,4709,54.033593081641214
metal,4710,54.03132756650594
metal,4711,54.02932151676481
metal,4712,54.02466830266741
metal,4713,54.00251830266741
metal,4714,54.00251830266741
metal,4715,54.00251830266741
metal,4716,54.00251830266741
metal,4717,54.00251830266741
metal,4718,54.00251830266741
metal,4719,54.00251830266741
metal,4720,54.00251830266741
metal,4721,54.00234074922564
metal,4722,53.99084678416666
metal,4723,53.96069779496827
metal,4724,53.95494117241823
metal,4725,53.9443742609419
metal,4726,53.937710398587484
metal,4727,53.93477277299009
metal,4728,53.929810919730556
metal,4729,53.90989088649357
metal,4730,53.89691764943714
metal,4731,53.8893080163179
metal,4732,53.87477880458766
metal,4733,53.86638904801865
metal,4734,53.86004217833333
metal,4735,53.858680246853226
metal,4736,53.85431830266741
metal,4737,53.84932176555192
metal,4738,53.84645774629068
metal,4739,53.84138196460956
metal,4740,53.83312549730387
metal,4741,53.8222511312094
metal,4742,53.82075787411948
metal,4743,53.81637890350454
metal,4744,53.8049183026674
metal,4745,53.7699962869855
metal,4746,53.76701447602326
metal,4747,53.74742686807765
metal,4748,53.734220799531144
metal,4749,53.72246277062986
metal,4750,53.71583919907316
metal,4751,53.70809574255823
metal,4752,53.70432432398421
metal,4753,53.70053497510878
metal,4754,53.68575195063822
metal,4755,53.68275826646655
metal,4756,53.672472253165196
metal,4757,53.662992999254996
metal,4758,53.66209521108108
metal,4759,53.65334709766741
metal,4760,53.63302518927901
metal,4761,53.62276715113664
metal,4762,53.61401103681537
metal,4763,53.61157082161816
metal,4764,53.60709797561964
metal,4765,53.59502449419868
metal,4766,53.58907438459204
metal,4767,53.58848463086795
metal,4768,53.58629902202958
metal,4769,53.580388685287446
metal,4770,53.57489513516741
metal,4771,53.57025092865254
metal,4772,53.557741856798415
metal,4773,53.545376753532125
metal,4774,53.54250173332099
metal,4775,53.52320994801481
metal,4776,53.52007398132922
metal,4777,53.50185411617598
metal,4778,53.49704388795544
metal,4779,53.49528662680869
metal,4780,53.4908591307029
metal,4781,53.48508583400434
metal,4782,53.476459311396255
metal,4783,53.47152098775305
metal,4784,53.4707489059744
metal,4785,53.46947552971707
metal,4786,53.46826716756489
metal,4787,53.46735136925375
metal,4788,53.466312674369505
metal,4789,53.45926401311124
metal,4790,53.450283656798604
metal,4791,53.430086683940175
metal,4792,53.41886162743869
metal,4793,53.40511328384004
metal,4794,53.401279963410815
metal,4795,53.399801037931226
metal,4796,53.379632560884446
metal,4797,53.370473924734355
metal,4798,53.34674300529869
metal,4799,53.346191544160575
metal,4800,53.34287923083333
metal,4801,53.340125763915864
metal,4802,53.33174288308314
metal,4803,53.3280183026674
metal,4804,53.3280183026674
metal,4805,53.3280183026674
metal,4806,53.3280183026674
metal,4807,53.3280183026674
metal,4808,53.3280183026674
metal,4809,53.3280183026674
metal,4810,53.3280183026674
metal,4811,53.30771813167564
metal,4812,53.30415713796542
metal,4813,53.301710458463376
metal,4814,53.30084819401847
metal,4815,53.28667773524513
metal,4816,53.28182278763295
metal,4817,53.28097777906146
metal,4818,53.27645937020951
metal,4819,53.26592339338305
metal,4820,53.26064384113205
metal,4821,53.25340695559541
metal,4822,53.24104309901119
metal,4823,53.24023149224031
metal,4824,53.23841957064984
metal,4825,53.22989435401347
metal,4826,53.22977176249165
metal,4827,53.2193170217373
metal,4828,53.205284453808815
metal,4829,53.203841127876515
metal,4830,53.17365433397015
metal,4831,53.16698980793643
metal,4832,53.15356289720964
metal,4833,53.130541970809986
metal,4834,53.10606929837806
metal,4835,53.101037612991284
metal,4836,53.09623325296312
metal,4837,53.09593324545574
metal,4838,53.091808886321544
metal,4839,53.085116844656994
metal,4840,53.084262104257775
metal,4841,53.08080194581379
metal,4842,53.07631248584304
metal,4843,53.075131725560354
metal,4844,53.07063866996941
metal,4845,53.06683765395916
metal,4846,53.06391183707058
metal,4847,53.05838800712556
metal,4848,53.05749394449683
metal,4849,53.0531338708562
metal,4850,53.04845597491176
metal,4851,53.04327859429176
metal,4852,53.035081541641844
metal,4853,53.03368900455982
metal,4854,53.0210594707892
metal,4855,53.02081830266741
metal,4856,53.01195192810867
metal,4857,53.00983873177547
metal,4858,53.00946306969527
metal,4859,53.008161946436346
metal,4860,53.00089749591399
metal,4861,53.00018035994685
metal,4862,52.98805745167158
metal,4863,52.983783252787305
metal,4864,52.980294419789374
metal,4865,52.97801135389105
metal,4866,52.97626259659809
metal,4867,52.975597153905056
metal,4868,52.972789819683456
metal,4869,52.96867591046656
metal,4870,52.963188544147954
metal,4871,52.96272802336817
metal,4872,52.96269398546542
metal,4873,52.96055822396022
metal,4874,52.95742297802521
metal,4875,52.95143860860229
metal,4876,52.949765808012486
metal,4877,52.94615963703647
metal,4878,52.94403794565923
metal,4879,52.94068435294615
metal,4880,52.939556954871406
metal,4881,52.92765333832881
metal,4882,52.92742940358886
metal,4883,52.9157964840757
metal,4884,52.90992476720558
metal,4885,52.907367303151744
metal,4886,52.90275853478576
metal,4887,52.90219176286148
metal,4888,52.90020619200084
metal,4889,52.89762107235529
metal,4890,52.89552953289399
metal,4891,52.89522145921261
metal,4892,52.88596879876995
metal,4893,52.88003167814442
metal,4894,52.87951020078711
metal,4895,52.87807860576825
metal,4896,52.87420321418868
metal,4897,52.86827217094979
metal,4898,52.85231418816848
metal,4899,52.8498398296703
metal,4900,52.84940094393548
metal,4901,52.84879977778161
metal,4902,52.836893123871036
metal,4903,52.822876595793154
metal,4904,52.820397784791936
metal,4905,52.81891576756635
metal,4906,52.81500179171303
metal,4907,52.80079163209638
metal,4908,52.79858963240649
metal,4909,52.79364812474171
metal,4910,52.77623297290697
metal,4911,52.77425850098291
metal,4912,52.772589499035846
metal,4913,52.77146284319747
metal,4914,52.76867102143852
metal,4915,52.765229348461745
metal,4916,52.75128101224264
metal,4917,52.75039604276395
metal,4918,52.74632381907901
metal,4919,52.746301273073954
metal,4920,52.74190598071188
metal,4921,52.74048037702012
metal,4922,52.73919878637813
metal,4923,52.7298743146405
metal,4924,52.72911956542882
metal,4925,52.728232227792574
metal,4926,52.71902912766629
metal,4927,52.71850494381688
metal,4928,52.717033712814114
metal,4929,52.71139124618345
metal,4930,52.7012869206461
metal,4931,52.69957661265471
metal,4932,52.698560729192025
metal,4933,52.69723026897958
metal,4934,52.695321577631134
metal,4935,52.69447917836975
metal,4936,52.69286775722523
metal,4937,52.68596238917143
metal,4938,52.68541088030243
metal,4939,52.683387951854414
metal,4940,52.68229557670105
metal,4941,52.67932863963666
metal,4942,52.67674975716568
metal,4943,52.67542467905392
metal,4944,52.6748514198015
metal,4945,52.673863938080004
metal,4946,52.67126326597199
metal,4947,52.66725136463312
metal,4948,52.66669826953968
metal,4949,52.66239321166546
metal,4950,52.65388533889241
metal,4951,52.650945011589386
metal,4952,52.64453958669178
metal,4953,52.6401590149722
metal,4954,52.639857890123764
metal,4955,52.639670592442656
metal,4956,52.63852413575387
metal,4957,52.635236298137414
metal,4958,52.63490602695032
metal,4959,52.632237663439795
metal,4960,52.62953714064457
metal,4961,52.62486632049844
metal,4962,52.6204933188079
metal,4963,52.619809407589344
metal,4964,52.61406608968508
metal,4965,52.60974852244945
metal,4966,52.60583843312113
metal,4967,52.60576719985565
metal,4968,52.5919235211166
metal,4969,52.589010782662584
metal,4970,52.58883436320774
metal,4971,52.58656839909173
metal,4972,52.57961302366839
metal,4973,52.56408108939682
metal,4974,52.560753095395896
metal,4975,52.56009192649489
metal,4976,52.55933532576469
metal,4977,52.55777289579123
metal,4978,52.55472596208965
metal,4979,52.551698591831794
metal,4980,52.540301346259554
metal,4981,52.53723765261687
metal,4982,52.536936298972435
metal,4983,52.53524235340876
metal,4984,52.533229143992855
metal,4985,52.5171231349445
metal,4986,52.51311657486404
metal,4987,52.51300993376839
metal,4988,52.50250176294372
metal,4989,52.501283651724805
metal,4990,52.50025541814145
metal,4991,52.500180905485635
metal,4992,52.49960108908171
metal,4993,52.498860929091634
metal,4994,52.498711578550655
metal,4995,52.49220220976086
metal,4996,52.49102161210831
metal,4997,52.4892808613083
metal,4998,52.48746225780029
metal,4999,52.48640537140419
metal,5000,52.48638179780677
metal,5001,52.47847859990121
metal,5002,52.474945924190564
metal,5003,52.47371847857528
metal,5004,52.46844668390786
metal,5005,52.467858089278366
metal,5006,52.46605008318579
metal,5007,52.46561643223956
metal,5008,52.463293371191185
metal,5009,52.45891505669374
metal,5010,52.45775109069257
metal,5011,52.456251338628675
metal,5012,52.45445161266741
metal,5013,52.453750724919345
metal,5014,52.44215392886238
metal,5015,52.438271611105506
metal,5016,52.43690187921136
metal,5017,52.43345668615753
metal,5018,52.429717411797824
metal,5019,52.42896049894145
metal,5020,52.426866986094694
metal,5021,52.42362569659008
metal,5022,52.42284931445741
metal,5023,52.42092931620164
metal,5024,52.41999413085014
metal,5025,52.419079578533854
metal,5026,52.4164973990205
metal,5027,52.41412014710653
metal,5028,52.40239316812492
metal,5029,52.401699167657185
metal,5030,52.396882000677564
metal,5031,52.3880821319312
metal,5032,52.3835952587408
metal,5033,52.380153365494465
metal,5034,52.37638200108671
metal,5035,52.37630490096933
metal,5036,52.37556150228758
metal,5037,52.37196061935093
metal,5038,52.36999690010486
metal,5039,52.36768666933831
metal,5040,52.36520117924137
metal,5041,52.36287958459474
metal,5042,52.360545508466174
metal,5043,52.35821436485948
metal,5044,52.357473649636546
metal,5045,52.35723361320859
metal,5046,52.3568291348615
metal,5047,52.354679430081106
metal,5048,52.353704307989915
metal,5049,52.35251709698936
metal,5050,52.35068337273367
metal,5051,52.34490597018264
metal,5052,52.343065085846234
metal,5053,52.33940855003743
metal,5054,52.3379851457867
metal,5055,52.33422635622861
metal,5056,52.33348095820023
metal,5057,52.3292433160901
metal,5058,52.32852511306534
metal,5059,52.32841814386329
metal,5060,52.32611702383568
metal,5061,52.32579693111918
metal,5062,52.32162889873159
metal,5063,52.318677754929894
metal,5064,52.31660088367006
metal,5065,52.315956996175814
metal,5066,52.30689172804156
metal,5067,52.305665334415664
metal,5068,52.30472846981178
metal,5069,52.303089499677114
metal,5070,52.2994181974522
metal,5071,52.29885205384271
metal,5072,52.29796518896971
metal,5073,52.296168820261826
metal,5074,52.29549922277516
metal,5075,52.29171528046602
metal,5076,52.29062870222924
metal,5077,52.29009682053375
metal,5078,52.28518381823821
metal,5079,52.283085257741035
metal,5080,52.278617773458905
metal,5081,52.26708416191522
metal,5082,52.26663895895817
metal,5083,52.26180370025449
metal,5084,52.2562903776557
metal,5085,52.255895157396864
metal,5086,52.25442952121546
metal,5087,52.25374130994133
metal,5088,52.252728425410055
metal,5089,52.25021981428951
metal,5090,52.24931531717513
metal,5091,52.24842864104265
metal,5092,52.24221574715722
metal,5093,52.24171072069157
metal,5094,52.23992092938143
metal,5095,52.23874595963662
metal,5096,52.23116912153698
metal,5097,52.228403505845534
metal,5098,52.22668224745418
metal,5099,52.2239483367178
metal,5100,52.22391417076511
metal,5101,52.219595578937344
metal,5102,52.2161185014149
metal,5103,52.21523046459714
metal,5104,52.21201672465135
metal,5105,52.20574672610472
metal,5106,52.20430815701904
metal,5107,52.20250098990006
metal,5108,52.20208796967691
metal,5109,52.199573653448596
metal,5110,52.19628782152263
metal,5111,52.19574416964109
metal,5112,52.19368768243041
metal,5113,52.19329057188567
metal,5114,52.19270169294518
metal,5115,52.19085346100182
metal,5116,52.18436663329922
metal,5117,52.18369556272519
metal,5118,52.18237421012627
metal,5119,52.1809440548317
metal,5120,52.17906878053371
metal,5121,52.17419578706523
metal,5122,52.173901226500035
metal,5123,52.17291266011394
metal,5124,52.17194227274781
metal,5125,52.16998517190878
metal,5126,52.16872515917355
metal,5127,52.16541526715581
metal,5128,52.16504216411121
metal,5129,52.15933197005758
metal,5130,52.15919841874141
metal,5131,52.158040722634624
metal,5132,52.155138283820634
metal,5133,52.15296677286723
metal,5134,52.15103197997543
metal,5135,52.15091920979039
metal,5136,52.15087872380025
metal,5137,52.14956425118052
metal,5138,52.148555993905944
metal,5139,52.14629568083171
metal,5140,52.14422520185518
metal,5141,52.14392143535957
metal,5142,52.14367475485612
metal,5143,52.143639199324454
metal,5144,52.13955453950524
metal,5145,52.13744596683783
metal,5146,52.1350796161058
metal,5147,52.13414815820619
metal,5148,52.13021282151105
metal,5149,52.12974667416272
metal,5150,52.12721163983224
metal,5151,52.12709819392584
metal,5152,52.12677821320041
metal,5153,52.12226667106671
metal,5154,52.121856036281855
metal,5155,52.12183328836113
metal,5156,52.118588207064306
metal,5157,52.11197652083207
metal,5158,52.11160756447549
metal,5159,52.10597611060541
metal,5160,52.102939887706356
metal,5161,52.1000024474138
metal,5162,52.099210675757575
metal,5163,52.098890735198395
metal,5164,52.098474484859594
metal,5165,52.097867864976706
metal,5166,52.09592390873517
metal,5167,52.09360161219351
metal,5168,52.088252397679724
metal,5169,52.08308569199585
metal,5170,52.08167754903208
metal,5171,52.079436353803075
metal,5172,52.07770141544598
metal,5173,52.077131457811134
metal,5174,52.077051919430914
metal,5175,52.07608308634507
metal,5176,52.07516875752316
metal,5177,52.07451629491422
metal,5178,52.06134827077943
metal,5179,52.05542409181972
metal,5180,52.05508471110019
metal,5181,52.0535162104121
metal,5182,52.05221970145345
metal,5183,52.05016863305781
metal,5184,52.0487869600763
metal,5185,52.04761626503992
metal,5186,52.04673271209283
metal,5187,52.03666620156842
metal,5188,52.03098834212106
metal,5189,52.030909474260255
metal,5190,52.029239815148756
metal,5191,52.02678844886897
metal,5192,52.018784853295685
metal,5193,52.018523246002914
metal,5194,52.01484120897905
metal,5195,52.00568180223992
metal,5196,52.002517973720444
metal,5197,51.99699758810897
metal,5198,51.99619879991728
metal,5199,51.995657422494844
metal,5200,51.993716896126585
metal,5201,51.99216405612168
metal,5202,51.991931740657066
metal,5203,51.98619306445585
metal,5204,51.98326939793026
metal,5205,51.98112478651686
metal,5206,51.98085092059068
metal,5207,51.979525191528865
metal,5208,51.97697644811015
metal,5209,51.972774051809736
metal,5210,51.971432647910305
metal,5211,51.971069055846556
metal,5212,51.96600534592096
metal,5213,51.96484917522089
metal,5214,51.96417525781196
metal,5215,51.96038981406112
metal,5216,51.95844900124432
metal,5217,51.95477616293758
metal,5218,51.95261206966602
metal,5219,51.948020949259245
metal,5220,51.94734899187459
metal,5221,51.94669790956496
metal,5222,51.94643385223502
metal,5223,51.943159585346365
metal,5224,51.93894203264482
metal,5225,51.934893619998164
metal,5226,51.93330063836078
metal,5227,51.92685164852085
metal,5228,51.92318271595724
metal,5229,51.92220113024774
metal,5230,51.918269850232036
metal,5231,51.91821276979279
metal,5232,51.917892495541366
metal,5233,51.917641896645975
metal,5234,51.91693298832409
metal,5235,51.91650794071552
metal,5236,51.91607062264249
metal,5237,51.908959615723646
metal,5238,51.905005647486234
metal,5239,51.904786222436684
metal,5240,51.90347954846263
metal,5241,51.89669105645052
metal,5242,51.88582931736627
metal,5243,51.883572363287854
metal,5244,51.87900329793821
metal,5245,51.87370656728979
metal,5246,51.873670112180264
metal,5247,51.8679006787908
metal,5248,51.86737358036842
metal,5249,51.86231584979231
metal,5250,51.86094201922323
metal,5251,51.855574543879484
metal,5252,51.85410173817347
metal,5253,51.83784261679636
metal,5254,51.83268514217234
metal,5255,51.8311278391343
metal,5256,51.8300188861777
metal,5257,51.829022393163655
metal,5258,51.82686620861078
metal,5259,51.82377847630636
metal,5260,51.812938681239046
metal,5261,51.80929935087781
metal,5262,51.80850151301685
metal,5263,51.805323587791705
metal,5264,51.80320686538424
metal,5265,51.79121588009592
metal,5266,51.78403417531685
metal,5267,51.78041037628016
metal,5268,51.76926069544517
metal,5269,51.76741701819563
metal,5270,51.76698164308649
metal,5271,51.76085657341581
metal,5272,51.75030295994242
metal,5273,51.750077642541456
metal,5274,51.74263337966926
metal,5275,51.74059456003687
metal,5276,51.73871427302704
metal,5277,51.73510184200978
metal,5278,51.73333560286609
metal,5279,51.728575183928356
metal,5280,51.72334726818315
metal,5281,51.72164106787035
metal,5282,51.72125692683247
metal,5283,51.71769458859414
metal,5284,51.716899435170475
metal,5285,51.71635470194889
metal,5286,51.70657590283767
metal,5287,51.70562887050181
metal,5288,51.70521381813266
metal,5289,51.70427830563648
metal,5290,51.69296147884003
metal,5291,51.69089343266741
metal,5292,51.684768169967626
metal,5293,51.676802681611335
metal,5294,51.676183234132864
metal,5295,51.66988360408391
metal,5296,51.65694899863607
metal,5297,51.655570181959234
metal,5298,51.654213739163225
metal,5299,51.65148185919335
metal,5300,51.64864796594869
metal,5301,51.64565687316315
metal,5302,51.645065283673645
metal,5303,51.642245170181795
metal,5304,51.64078869803473
metal,5305,51.632397604693566
metal,5306,51.63162454317303
metal,5307,51.630081585898324
metal,5308,51.62908886175636
metal,5309,51.62604403246563
metal,5310,51.62276316063438
metal,5311,51.61884190459055
metal,5312,51.61743973662276
metal,5313,51.614640667373436
metal,5314,51.614451115063346
metal,5315,51.59820703679
metal,5316,51.59485499291125
metal,5317,51.59402016359034
metal,5318,51.59303552141153
metal,5319,51.58433713874287
metal,5320,51.57844521094981
metal,5321,51.576701578229155
metal,5322,51.57660466288003
metal,5323,51.57562351120751
metal,5324,51.56964633367281
metal,5325,51.56536094371759
metal,5326,51.56431787867524
metal,5327,51.56022670239483
metal,5328,51.558886142363235
metal,5329,51.55300899206716
metal,5330,51.551031119394764
metal,5331,51.55004990945112
metal,5332,51.548974088579016
metal,5333,51.54748637811332
metal,5334,51.544384127013885
metal,5335,51.52310024976342
metal,5336,51.51877756186583
metal,5337,51.51291445326629
metal,5338,51.51056008895335
metal,5339,51.5100793695038
metal,5340,51.505826799247956
metal,5341,51.499892467254014
metal,5342,51.49945291630509
metal,5343,51.49469004930506
metal,5344,51.4857406212013
metal,5345,51.485052019181595
metal,5346,51.47838583302064
metal,5347,51.47431550308704
metal,5348,51.47355550119849
metal,5349,51.47234785894884
metal,5350,51.46630710926647
metal,5351,51.4658964893964
metal,5352,51.465854690513765
metal,5353,51.46275451092107
metal,5354,51.452801417269114
metal,5355,51.44824655968033
metal,5356,51.44252418090186
metal,5357,51.435169274952514
metal,5358,51.43506929946396
metal,5359,51.43269090278362
metal,5360,51.43095269310774
metal,5361,51.42793154219109
metal,5362,51.41910012422744
metal,5363,51.41796247860263
metal,5364,51.41509034357885
metal,5365,51.41200520726014
metal,5366,51.411120537040944
metal,5367,51.40512186816599
metal,5368,51.403673038199884
metal,5369,51.40316247406167
metal,5370,51.400391727884994
metal,5371,51.399106263545434
metal,5372,51.399099091306994
metal,5373,51.39787752267465
metal,5374,51.395749406269104
metal,5375,51.378472914380104
metal,5376,51.37226200056455
metal,5377,51.37177788311507
metal,5378,51.367173524106946
metal,5379,51.35925799854721
metal,5380,51.35593731449693
metal,5381,51.3499609400853
metal,5382,51.347258629125776
metal,5383,51.34012309027405
metal,5384,51.3354180059447
metal,5385,51.333120006546025
metal,5386,51.33236320329628
metal,5387,51.32633306874109
metal,5388,51.325983791964504
metal,5389,51.325123667475005
metal,5390,51.32026202074801
metal,5391,51.31733046714449
metal,5392,51.3171424534699
metal,5393,51.31679394539651
metal,5394,51.31665968137911
metal,5395,51.31302535250741
metal,5396,51.31129186068392
metal,5397,51.3036283483988
metal,5398,51.30234848295847
metal,5399,51.29982097118267
metal,5400,51.29388048066204
metal,5401,51.291845472950314
metal,5402,51.29122009492774
metal,5403,51.28761171607225
metal,5404,51.285673041824026
metal,5405,51.28224757388327
metal,5406,51.280076366413425
metal,5407,51.27697884168768
metal,5408,51.271399449262915
metal,5409,51.26445519692824
metal,5410,51.25865074491315
metal,5411,51.25271596054715
metal,5412,51.238672767216556
metal,5413,51.23755591597509
metal,5414,51.2288640673643
metal,5415,51.22785084570123
metal,5416,51.22673612082974
metal,5417,51.22398937285115
metal,5418,51.22358868906268
metal,5419,51.222348134478665
metal,5420,51.221509966599086
metal,5421,51.22035691761029
metal,5422,51.219435189130664
metal,5423,51.21916642622364
metal,5424,51.20875724224652
metal,5425,51.20397707895479
metal,5426,51.20288833004547
metal,5427,51.20196451721151
metal,5428,51.19349943814746
metal,5429,51.18480369934893
metal,5430,51.18215723333124
metal,5431,51.177437575984015
metal,5432,51.15692632197924
metal,5433,51.15460638017318
metal,5434,51.14643274983354
metal,5435,51.1463768107065
metal,5436,51.138460483557154
metal,5437,51.13843598262099
metal,5438,51.13702412083926
metal,5439,51.12993826666727
metal,5440,51.128659724253055
metal,5441,51.12684181489132
metal,5442,51.12478196983423
metal,5443,51.12388845507091
metal,5444,51.11901795459937
metal,5445,51.11709205956002
metal,5446,51.11451753647758
metal,5447,51.10945529887137
metal,5448,51.09991420649157
metal,5449,51.09353140206518
metal,5450,51.092147865857726
metal,5451,51.09070000208728
metal,5452,51.08992004384575
metal,5453,51.087812321274654
metal,5454,51.08431567919152
metal,5455,51.076948736188456
metal,5456,51.072714221228594
metal,5457,51.072007083844994
metal,5458,51.0689574030921
metal,5459,51.06717519948364
metal,5460,51.0649694730193
metal,5461,51.06148063960222
metal,5462,51.0593148622107
metal,5463,51.05748172269705
metal,5464,51.03812435146179
metal,5465,51.03371491929742
metal,5466,51.033340201836225
metal,5467,51.031322257616196
metal,5468,51.030592666055895
metal,5469,51.02425826086565
metal,5470,51.024124465092115
metal,5471,51.02231017202806
metal,5472,51.02081845265154
metal,5473,51.017531324541864
metal,5474,51.01374471427572
metal,5475,51.00562807454269
metal,5476,51.003289419312694
metal,5477,50.99796700206973
metal,5478,50.9979214285181
metal,5479,50.99668484244867
metal,5480,50.98883356402072
metal,5481,50.984120138876634
metal,5482,50.97945179248825
metal,5483,50.97737581465617
metal,5484,50.97380478992996
metal,5485,50.9662845462216
metal,5486,50.96475705288033
metal,5487,50.964158987491956
metal,5488,50.96285704919919
metal,5489,50.96151033471942
metal,5490,50.95369604348788
metal,5491,50.946647866103504
metal,5492,50.9422549085954
metal,5493,50.94108219245786
metal,5494,50.937411515555546
metal,5495,50.933355317122576
metal,5496,50.93213246743211
metal,5497,50.93006248813866
metal,5498,50.923723651236685
metal,5499,50.92071161600525
metal,5500,50.90866413099573
metal,5501,50.90826876057278
metal,5502,50.9046406071968
metal,5503,50.89696893405659
metal,5504,50.88963692015898
metal,5505,50.889091964865955
metal,5506,50.88559580326981
metal,5507,50.880709798314314
metal,5508,50.87899634044426
metal,5509,50.868613319205124
metal,5510,50.86440999777305
metal,5511,50.8604090437822
metal,5512,50.8383152814895
metal,5513,50.83569374600883
metal,5514,50.833616310156316
metal,5515,50.83305200992518
metal,5516,50.8330183688189
metal,5517,50.83123004725549
metal,5518,50.83058892252729
metal,5519,50.82906000496267
metal,5520,50.82812474072831
metal,5521,50.82147046578943
metal,5522,50.82013166775158
metal,5523,50.816023688977396
metal,5524,50.81320741590105
metal,5525,50.81224382747368
metal,5526,50.809974479591276
metal,5527,50.80535584223103
metal,5528,50.79926615644591
metal,5529,50.797155173529404
metal,5530,50.79199563094592
metal,5531,50.79098771948307
metal,5532,50.783316310563606
metal,5533,50.77486987839228
metal,5534,50.767212529523924
metal,5535,50.76572595059212
metal,5536,50.75452853669904
metal,5537,50.74780427495347
metal,5538,50.74116397141199
metal,5539,50.73742328706112
metal,5540,50.72848459755513
metal,5541,50.726530661370475
metal,5542,50.726019620059816
metal,5543,50.71931937824748
metal,5544,50.714889987565414
metal,5545,50.70685218970003
metal,5546,50.70656068450295
metal,5547,50.704069730157244
metal,5548,50.69650568935441
metal,5549,50.68679035277938
metal,5550,50.68166860649566
metal,5551,50.67164285730561
metal,5552,50.6612419570024
metal,5553,50.646445742240005
metal,5554,50.64501441518908
metal,5555,50.63218594773274
metal,5556,50.62780240241066
metal,5557,50.6180426013747
metal,5558,50.61759108342831
metal,5559,50.617048520544344
metal,5560,50.61527782024786
metal,5561,50.61422015043907
metal,5562,50.60247395134276
metal,5563,50.59666259339966
metal,5564,50.59437598390667
metal,5565,50.58937722966379
metal,5566,50.576974893371315
metal,5567,50.5709059927548
metal,5568,50.567778126410445
metal,5569,50.56224192556476
metal,5570,50.54961109815969
metal,5571,50.54282838429029
metal,5572,50.53504582213681
metal,5573,50.52601716628375
metal,5574,50.521907059884086
metal,5575,50.520519540454785
metal,5576,50.51352194816639
metal,5577,50.50919785902518
metal,5578,50.50671222676837
metal,5579,50.50377409271064
metal,5580,50.49588002935151
metal,5581,50.49430045156334
metal,5582,50.49400409393985
metal,5583,50.493793939827015
metal,5584,50.49343272558547
metal,5585,50.48363550887308
metal,5586,50.47769357766741
metal,5587,50.458949773927415
metal,5588,50.45387208715903
metal,5589,50.449160724141706
metal,5590,50.439511048335504
metal,5591,50.43190669471947
metal,5592,50.4262574990527
metal,5593,50.42338909090415
metal,5594,50.42013128265393
metal,5595,50.417497474384064
metal,5596,50.41559451769439
metal,5597,50.405525790148076
metal,5598,50.395183064130606
metal,5599,50.39136626772461
metal,5600,50.38707821666911
metal,5601,50.357979972734455
metal,5602,50.35394467868909
metal,5603,50.35074170738062
metal,5604,50.347683825675276
metal,5605,50.33955150016742
metal,5606,50.33926155005645
metal,5607,50.33826816010384
metal,5608,50.33720178537291
metal,5609,50.33663487222202
metal,5610,50.333042314678096
metal,5611,50.33027474421881
metal,5612,50.32682540830989
metal,5613,50.31645288440855
metal,5614,50.31432448770438
metal,5615,50.31420031543081
metal,5616,50.310987275506804
metal,5617,50.30341167037956
metal,5618,50.298838054952625
metal,5619,50.28656676624493
metal,5620,50.27849157370731
metal,5621,50.26234297429585
metal,5622,50.26223670969424
metal,5623,50.261469340456415
metal,5624,50.23770884831907
metal,5625,50.23383088516741
metal,5626,50.233674299165926
metal,5627,50.232106698518486
metal,5628,50.225058308808215
metal,5629,50.22377549788702
metal,5630,50.19786732501067
metal,5631,50.18896191990217
metal,5632,50.18575644568556
metal,5633,50.18185394349879
metal,5634,50.142330000135104
metal,5635,50.136409908209686
metal,5636,50.13045858177254
metal,5637,50.12488301830762
metal,5638,50.114354775201654
metal,5639,50.11077699994067
metal,5640,50.10280144379982
metal,5641,50.080395853973044
metal,5642,50.077568105167416
metal,5643,50.07536125111122
metal,5644,50.071750098020075
metal,5645,50.07161773753536
metal,5646,50.07068121797741
metal,5647,50.067578801776065
metal,5648,50.05971086757123
metal,5649,50.04157248126933
metal,5650,50.035937549331294
metal,5651,50.03279339516742
metal,5652,50.01414931296205
metal,5653,50.00459104935432
metal,5654,50.00398014508471
metal,5655,50.00318086006624
metal,5656,49.99667447506863
metal,5657,49.98729712322154
metal,5658,49.954069201943724
metal,5659,49.949173565365186
metal,5660,49.93478388938898
metal,5661,49.92223109766741
metal,5662,49.911383210905186
metal,5663,49.90838599053133
metal,5664,49.88628661505436
metal,5665,49.883987824933385
metal,5666,49.882872898304356
metal,5667,49.87725478352865
metal,5668,49.875436537434325
metal,5669,49.873848647681044
metal,5670,49.866440997136635
metal,5671,49.86558526266741
metal,5672,49.844925857334886
metal,5673,49.83857373766678
metal,5674,49.83821661245173
metal,5675,49.83180495287036
metal,5676,49.82546718257851
metal,5677,49.80250335628264
metal,5678,49.7887502120541
metal,5679,49.78570351931963
metal,5680,49.784629118449374
metal,5681,49.77867275764683
metal,5682,49.7747646848854
metal,5683,49.7745039551308
metal,5684,49.77152642421141
metal,5685,49.76814067919777
metal,5686,49.764459210669244
metal,5687,49.764093716916406
metal,5688,49.761610178948814
metal,5689,49.76011774915053
metal,5690,49.753369527139256
metal,5691,49.75005156759917
metal,5692,49.7381918272041
metal,5693,49.73392545266741
metal,5694,49.73280668355325
metal,5695,49.71885351702193
metal,5696,49.709837523860514
metal,5697,49.692730756134026
metal,5698,49.68445795496406
metal,5699,49.65246589352995
metal,5700,49.64430056179316
metal,5701,49.62006506177811
metal,5702,49.59112951302356
metal,5703,49.58793920813926
metal,5704,49.57683088516741
metal,5705,49.560872208928046
metal,5706,49.55689300858005
metal,5707,49.52631031096796
metal,5708,49.52441545687557
metal,5709,49.52087167936762
metal,5710,49.51081545684376
metal,5711,49.509560986019295
metal,5712,49.483864082674245
metal,5713,49.47390594727796
metal,5714,49.47097052484142
metal,5715,49.466305803307264
metal,5716,49.45336863250529
metal,5717,49.447373259232386
metal,5718,49.44004120353817
metal,5719,49.43142355017048
metal,5720,49.43026445472756
metal,5721,49.42141941640132
metal,5722,49.41827319189644
metal,5723,49.37670322568374
metal,5724,49.37637354756312
metal,5725,49.358293690670536
metal,5726,49.35783791051314
metal,5727,49.355417611272685
metal,5728,49.34139596331889
metal,5729,49.335634550282435
metal,5730,49.332153421826206
metal,5731,49.31893030299882
metal,5732,49.31609775016298
metal,5733,49.30918245901893
metal,5734,49.2917924532599
metal,5735,49.28644919417633
metal,5736,49.28211366320842
metal,5737,49.27888223387784
metal,5738,49.25820164715894
metal,5739,49.25203374103623
metal,5740,49.2502937538534
metal,5741,49.24393876504095
metal,5742,49.24340715783984
metal,5743,49.23016491628151
metal,5744,49.22706353117053
metal,5745,49.21731873476844
metal,5746,49.21378980296153
metal,5747,49.19635268485541
metal,5748,49.196318307924955
metal,5749,49.18386379985431
metal,5750,49.15827851710885
metal,5751,49.148489010560596
metal,5752,49.14777233222132
metal,5753,49.12856554872063
metal,5754,49.12825240914505
metal,5755,49.12549159503407
metal,5756,49.12523441720879
metal,5757,49.11659365141321
metal,5758,49.105492730232044
metal,5759,49.09886128370229
metal,5760,49.09778950172994
metal,5761,49.095493503806715
metal,5762,49.090510945955074
metal,5763,49.065966712629475
metal,5764,49.05540837250342
metal,5765,49.04439391078117
metal,5766,49.03904333548506
metal,5767,49.0251374501229
metal,5768,49.02489420688848
metal,5769,48.99320379224936
metal,5770,48.982470594001924
metal,5771,48.97316621150987
metal,5772,48.966654250015154
metal,5773,48.932377951288366
metal,5774,48.917734792071066
metal,5775,48.89799320766492
metal,5776,48.819214862695006
metal,5777,48.804204134701656
metal,5778,48.79919635250622
metal,5779,48.7805253371923
metal,5780,48.77866078727496
metal,5781,48.764907551769284
metal,5782,48.75922726267757
metal,5783,48.73953788329757
metal,5784,48.737607078411145
metal,5785,48.73390014558443
metal,5786,48.69190870265298
metal,5787,48.67233466319618
metal,5788,48.66423423494935
metal,5789,48.662255990836485
metal,5790,48.65852886604429
metal,5791,48.639028132886025
metal,5792,48.6306140697078
metal,5793,48.61460801230332
metal,5794,48.6033114534313
metal,5795,48.55752606030546
metal,5796,48.53503649086697
metal,5797,48.53144602473422
metal,5798,48.504861488161595
metal,5799,48.50452714750874
metal,5800,48.45569457260282
metal,5801,48.44307782805244
metal,5802,48.4266804330945
metal,5803,48.376895293258954
metal,5804,48.33859846925053
metal,5805,48.33610814274607
metal,5806,48.33397400142404
metal,5807,48.31599749766741
metal,5808,48.31333168494264
metal,5809,48.27441515948891
metal,5810,48.267847149805846
metal,5811,48.244446695993545
metal,5812,48.199491138329535
metal,5813,48.18248645465712
metal,5814,48.163007195108406
metal,5815,48.12815000249999
metal,5816,48.117231990990064
metal,5817,48.11377626885175
metal,5818,48.103935848233476
metal,5819,48.06770717564292
metal,5820,48.01146712327885
metal,5821,47.941982029172614
metal,5822,47.90913919556423
metal,5823,47.90432582524505
metal,5824,47.85704664500909
metal,5825,47.83881898266024
metal,5826,47.834960996450455
metal,5827,47.81180555867445
metal,5828,47.75601336875495
metal,5829,47.74686507806825
metal,5830,47.734065027730054
metal,5831,47.719741327875255
metal,5832,47.60642788524329
metal,5833,47.594977090876576
metal,5834,47.55630369916577
metal,5835,47.553682016415195
metal,5836,47.5477797158042
metal,5837,47.53522102229215
metal,5838,47.44007645092354
metal,5839,47.43666406726702
metal,5840,47.43096064464328
metal,5841,47.35147878758477
metal,5842,47.31571921442741
metal,5843,47.30315455666667
metal,5844,47.29013787936859
metal,5845,47.28205000572645
metal,5846,47.26781501658263
metal,5847,47.25246939646208
metal,5848,47.211697335395485
metal,5849,47.172598285495084
metal,5850,47.158287321326014
metal,5851,47.13313482384915
metal,5852,47.070552627317355
metal,5853,47.06624222905937
metal,5854,47.05435567266741
metal,5855,46.99144824619779
metal,5856,46.929940205597916
metal,5857,46.81187651890349
metal,5858,46.77618771591133
metal,5859,46.62051255321954
metal,5860,46.583745809151246
metal,5861,46.555813197749856
metal,5862,46.51714790848095
metal,5863,46.46141271376089
metal,5864,46.22979283020359
metal,5865,46.18761453784582
metal,5866,46.07955030258657
metal,5867,46.034928812928115
metal,5868,46.01002972959304
metal,5869,45.956673298977364
metal,5870,45.93080617998764
metal,5871,45.93035812259531
metal,5872,45.90201426359752
metal,5873,45.85094526668806
metal,5874,45.850163199624134
metal,5875,45.83748208516741
metal,5876,45.83249659203794
metal,5877,45.76226218438639
metal,5878,45.70340572855092
metal,5879,45.6990846146677
metal,5880,45.67678589858683
metal,5881,45.65609971068753
metal,5882,45.55491952173897
metal,5883,45.539332961281886
metal,5884,45.47187516087179
metal,5885,45.40991830266741
metal,5886,45.33399142650214
metal,5887,45.24284423365512
metal,5888,45.23255174266741
metal,5889,45.19891029969273
metal,5890,45.19120348721128
metal,5891,45.16937937558514
metal,5892,45.154698352216776
metal,5893,45.14395173369813
metal,5894,45.14200669264835
metal,5895,45.1321194140691
metal,5896,45.060594152183754
metal,5897,45.049181506296506
metal,5898,45.00251830266742
metal,5899,45.00251830266742
metal,5900,45.00251830266742
metal,5901,44.95175265106387
metal,5902,44.91911566999009
metal,5903,44.8630439661944
metal,5904,44.84055381498612
metal,5905,44.82559687728856
metal,5906,44.82373593794199
metal,5907,44.81094415210255
metal,5908,44.79517508975202
metal,5909,44.77362134016741
metal,5910,44.765407958757415
metal,5911,44.749773999999995
metal,5912,44.749773999999995
metal,5913,44.723373637171434
metal,5914,44.701755343336814
metal,5915,44.69484987836988
metal,5916,44.637630621271654
metal,5917,44.63028401982751
metal,5918,44.57846212482576
metal,5919,44.572109700396
metal,5920,44.54163900024568
metal,5921,44.49802064138913
metal,5922,44.4692941669084
metal,5923,44.449360934779115
metal,5924,44.43533378255269
metal,5925,44.3492598229331
metal,5926,44.347926817249416
metal,5927,44.33778103208907
metal,5928,44.326433905776696
metal,5929,44.29861898188382
metal,5930,44.29428350097446
metal,5931,44.29377406528097
metal,5932,44.282108643820166
metal,5933,44.26218873813461
metal,5934,44.218299660895084
metal,5935,44.187510479441
metal,5936,44.17224210709851
metal,5937,44.165850144896
metal,5938,44.13686967050131
metal,5939,44.115150278466395
metal,5940,44.09615752405086
metal,5941,44.08164865504301
metal,5942,44.08163691666666
metal,5943,44.07052226462058
metal,5944,44.05829741298244
metal,5945,44.04038003347796
metal,5946,44.03740977266742
metal,5947,44.031096339017424
metal,5948,44.0307081275
metal,5949,44.02287402798782
metal,5950,44.01019172978581
metal,5951,44.00091751146837
metal,5952,43.962585148625564
metal,5953,43.94888332245836
metal,5954,43.938234440154176
metal,5955,43.93690153412693
metal,5956,43.93327951197723
metal,5957,43.908089092863705
metal,5958,43.88559917175793
metal,5959,43.87965402095247
metal,5960,43.84710042215413
metal,5961,43.810211072871084
metal,5962,43.80481032723273
metal,5963,43.78522943547479
metal,5964,43.78348530637204
metal,5965,43.77055273090111
metal,5966,43.7601380769259
metal,5967,43.7281967611493
metal,5968,43.721186644504684
metal,5969,43.629766324202
metal,5970,43.622495296165056
metal,5971,43.551594645783254
metal,5972,43.53031147918168
metal,5973,43.524660862573285
metal,5974,43.513592524670955
metal,5975,43.503658738333336
metal,5976,43.49425625121553
metal,5977,43.454413189071154
metal,5978,43.43448471601496
metal,5979,43.40359128243317
metal,5980,43.38899609328992
metal,5981,43.325113485502314
metal,5982,43.312709055731744
metal,5983,43.25444102406793
metal,5984,43.196782429978015
metal,5985,43.11366281611687
metal,5986,43.101487387242685
metal,5987,43.06173042895324
metal,5988,43.039721476557304
metal,5989,42.99905463166667
metal,5990,42.93717681516742
metal,5991,42.916315770994004
metal,5992,42.806013787191795
metal,5993,42.7632435340616
metal,5994,42.73028491766742
metal,5995,42.704069713308606
metal,5996,42.67034729301797
metal,5997,42.67023637090399
metal,5998,42.667093764475794
metal,5999,42.63960990525044
metal,6000,42.63074293478854
metal,6001,42.57469111849005
metal,6002,42.498721932383866
metal,6003,42.41080572438915
metal,6004,42.376230677667415
metal,6005,42.334200618802946
metal,6006,42.285980966057764
metal,6007,42.27583926266742
metal,6008,42.25326163365818
metal,6009,42.22200631122182
metal,6010,42.187276135422984
metal,6011,42.13469916219849
metal,6012,42.130810349661616
metal,6013,42.080366543436284
metal,6014,42.07886859688911
metal,6015,42.078548228921576
metal,6016,42.038268771598254
metal,6017,41.998064947098314
metal,6018,41.968238949394014
metal,6019,41.942407236806204
metal,6020,41.90373411605024
metal,6021,41.89796716933901
metal,6022,41.8695721275142
metal,6023,41.85897493602757
metal,6024,41.83833480195523
metal,6025,41.78925902173813
metal,6026,41.76942099283214
metal,6027,41.70076320898203
metal,6028,41.65509524024567
metal,6029,41.591136628084946
metal,6030,41.58308085016742
metal,6031,41.56352028745823
metal,6032,41.540338458600644
metal,6033,41.47337660939698
metal,6034,41.36995471867529
metal,6035,41.331244329953236
metal,6036,41.281742340780255
metal,6037,41.26378740416666
metal,6038,41.24487654193007
metal,6039,41.17815104136653
metal,6040,41.137420945
metal,6041,41.11585247178937
metal,6042,41.083250573737416
metal,6043,41.079632059779435
metal,6044,41.01675266798128
metal,6045,40.942353995481845
metal,6046,40.897655479618216
metal,6047,40.826455135784045
metal,6048,40.82134788081954
metal,6049,40.79593651824456
metal,6050,40.780159297869055
metal,6051,40.76756523169962
metal,6052,40.68734916569597
metal,6053,40.67669959879001
metal,6054,40.663445968791095
metal,6055,40.6480641445835
metal,6056,40.61496055985404
metal,6057,40.603391650404966
metal,6058,40.57001049594069
metal,6059,40.52335171388917
metal,6060,40.51607358606013
metal,6061,40.30877911708716
metal,6062,40.221709293787406
metal,6063,40.09760031460683
metal,6064,40.061217839604524
metal,6065,39.996240182428735
metal,6066,39.97497104711583
metal,6067,39.92210764577159
metal,6068,39.885130023216036
metal,6069,39.87072054912592
metal,6070,39.810312764174185
metal,6071,39.7819027027478
metal,6072,39.750438712659644
metal,6073,39.71877014490411
metal,6074,39.64021436517144
metal,6075,39.46960550921828
metal,6076,39.35947337019175
metal,6077,39.27225139016741
metal,6078,39.13625843500923
metal,6079,39.13270153266741
metal,6080,39.05825082006644
metal,6081,38.905321225523345
metal,6082,38.868138322770974
metal,6083,38.84533905016741
metal,6084,38.80693926266741
metal,6085,38.796242230167415
metal,6086,38.77447515583333
metal,6087,38.71504528048874
metal,6088,38.653152572667416
metal,6089,38.61375933173305
metal,6090,38.61163329539502
metal,6091,38.535174548586966
metal,6092,38.46331792341896
metal,6093,38.39797999452451
metal,6094,38.18499094806056
metal,6095,38.096420044306626
metal,6096,38.06024255237518
metal,6097,37.99886459597101
metal,6098,37.83295127110125
metal,6099,37.802211221339974
metal,6100,37.709340785672374
metal,6101,37.67400300867438
metal,6102,37.667429849002886
metal,6103,37.548953454263255
metal,6104,37.548092402687494
metal,6105,37.41390753860846
metal,6106,37.38883286830615
metal,6107,37.38804686834943
metal,6108,37.09642134057789
metal,6109,37.041458142569304
metal,6110,37.02888910766741
metal,6111,36.72714745480107
metal,6112,36.702744240524936
metal,6113,36.66382879291612
metal,6114,36.63611574548799
metal,6115,36.62002441177923
metal,6116,36.56024755250608
metal,6117,36.559358171666666
metal,6118,36.4676531131209
metal,6119,36.44573099199529
metal,6120,36.444943207667414
metal,6121,36.18406638110908
metal,6122,36.13472240516741
metal,6123,36.12071141945382
metal,6124,36.11435348584445
metal,6125,36.050374060688206
metal,6126,35.96719784460861
metal,6127,35.941737663939456
metal,6128,35.7956673360084
metal,6129,35.74988233765008
metal,6130,35.6762219647766
metal,6131,35.659011963860124
metal,6132,35.57476742383281
metal,6133,35.548217644164325
metal,6134,35.474085082667415
metal,6135,35.452191954626755
metal,6136,35.42553313602804
metal,6137,35.34806393766742
metal,6138,35.2778981897921
metal,6139,35.23156213991492
metal,6140,35.17121110509982
metal,6141,35.11296190597177
metal,6142,35.02318518516742
metal,6143,34.90658715508842
metal,6144,34.85483913516741
metal,6145,34.848547571347275
metal,6146,34.82340503419
metal,6147,34.81142686747794
metal,6148,34.75355230589943
metal,6149,34.70936837016741
metal,6150,34.69226964610824
metal,6151,34.62743596144091
metal,6152,34.524276790625244
metal,6153,34.4894475991093
metal,6154,34.47542130741707
metal,6155,34.45213046556012
metal,6156,34.3969847073238
metal,6157,34.317671663772764
metal,6158,34.21548896016742
metal,6159,34.04707678514092
metal,6160,34.03577648766742
metal,6161,34.02618473266568
metal,6162,34.01072865674698
metal,6163,34.00106554823029
metal,6164,33.95650800577142
metal,6165,33.95621498383164
metal,6166,33.943326584236154
metal,6167,33.89776355816672
metal,6168,33.86635573516742
metal,6169,33.838654184844614
metal,6170,33.83313335420016
metal,6171,33.79072044631974
metal,6172,33.77166262981483
metal,6173,33.76192744931787
metal,6174,33.751598290714824
metal,6175,33.64227469704608
metal,6176,33.63586346090653
metal,6177,33.62270168167163
metal,6178,33.59676264766365
metal,6179,33.54509588854511
metal,6180,33.5292494521434
metal,6181,33.46692797877432
metal,6182,33.45224336266742
metal,6183,33.447555773378944
metal,6184,33.44015577421142
metal,6185,33.37659016187739
metal,6186,33.35095283795578
metal,6187,33.314748338408315
metal,6188,33.28255542628841
metal,6189,33.192288150167414
metal,6190,33.182126583478436
metal,6191,33.17996162027138
metal,6192,33.157358792379
metal,6193,33.090580942992766
metal,6194,33.08184922811974
metal,6195,33.04235732167824
metal,6196,33.033224709934736
metal,6197,32.99008519900457
metal,6198,32.96538505388159
metal,6199,32.83729969626991
metal,6200,32.83528859344872
metal,6201,32.82906889996823
metal,6202,32.78756761003802
metal,6203,32.74956115837183
metal,6204,32.59366517602337
metal,6205,32.54462576367289
metal,6206,32.53009048890446
metal,6207,32.491695100462806
metal,6208,32.47420270507203
metal,6209,32.451080615645516
metal,6210,32.42067950341246
metal,6211,32.38456624521463
metal,6212,32.35628129067794
metal,6213,32.29021417016742
metal,6214,32.25410567572662
metal,6215,32.243578922778056
metal,6216,32.24245483875556
metal,6217,32.23425647969185
metal,6218,32.14733544497036
metal,6219,32.06074301949907
metal,6220,32.00665048256746
metal,6221,32.002500843728114
metal,6222,31.922659317113034
metal,6223,31.903028415987837
metal,6224,31.82048143663353
metal,6225,31.798378841349212
metal,6226,31.79448886728234
metal,6227,31.779093402667417
metal,6228,31.776954034166664
metal,6229,31.733141823348834
metal,6230,31.702350312573106
metal,6231,31.668185157056644
metal,6232,31.575837971568994
metal,6233,31.53704675537749
metal,6234,31.511870981314615
metal,6235,31.507466653882098
metal,6236,31.4984597070357
metal,6237,31.478858485114138
metal,6238,31.440425096910953
metal,6239,31.40030781723201
metal,6240,31.38631476325535
metal,6241,31.37989303199486
metal,6242,31.36307839622747
metal,6243,31.347869153394264
metal,6244,31.303892202918803
metal,6245,31.29307753569691
metal,6246,31.282371482667415
metal,6247,31.157677875819473
metal,6248,31.14838598726687
metal,6249,31.14224750314822
metal,6250,31.12896303383946
metal,6251,31.112019787421467
metal,6252,31.018163993317682
metal,6253,31.00043778106383
metal,6254,30.919930026605137
metal,6255,30.797153583613582
metal,6256,30.750895853333333
metal,6257,30.660554278333333
metal,6258,30.656716605
metal,6259,30.647884882862577
metal,6260,30.591180956628904
metal,6261,30.563850542667414
metal,6262,30.555842698017514
metal,6263,30.551728150148687
metal,6264,30.544369952851923
metal,6265,30.476693597885543
metal,6266,30.408037886842
metal,6267,30.397872330176988
metal,6268,30.395781690117992
metal,6269,30.306518023631888
metal,6270,30.299184287456697
metal,6271,30.26518543912466
metal,6272,30.218309497052886
metal,6273,30.212295882499998
metal,6274,30.15899600697076
metal,6275,30.15455854028842
metal,6276,30.150063286310186
metal,6277,30.13179003630292
metal,6278,30.112430712667415
metal,6279,30.079193371243555
metal,6280,29.996233093155368
metal,6281,29.962161668275392
metal,6282,29.961387661977582
metal,6283,29.960947857113542
metal,6284,29.958714117667416
metal,6285,29.93162735240404
metal,6286,29.871351304641337
metal,6287,29.862419198143765
metal,6288,29.852531513416587
metal,6289,29.811189015167415
metal,6290,29.7866029581397
metal,6291,29.751364072667414
metal,6292,29.701679258402727
metal,6293,29.698730845167415
metal,6294,29.659089777429912
metal,6295,29.607768320167416
metal,6296,29.6046904498322
metal,6297,29.59913457642184
metal,6298,29.535958028036934
metal,6299,29.53589838655542
metal,6300,29.521350170734166
metal,6301,29.43976417598767
metal,6302,29.419564913956016
metal,6303,29.406815380575146
metal,6304,29.397897412667415
metal,6305,29.37569804699518
metal,6306,29.374786549564096
metal,6307,29.330888447697607
metal,6308,29.327896817474752
metal,6309,29.265455644886536
metal,6310,29.26542604423616
metal,6311,29.251080742667416
metal,6312,29.220110757466863
metal,6313,29.2198141131662
metal,6314,29.19309244107732
metal,6315,29.123630722667414
metal,6316,29.103693306465676
metal,6317,29.097301562667415
metal,6318,29.07896563014726
metal,6319,29.067307588365775
metal,6320,28.973214230167414
metal,6321,28.959135136817466
metal,6322,28.956669055172817
metal,6323,28.951360753286924
metal,6324,28.884564077667413
metal,6325,28.850233960167415
metal,6326,28.844832203474898
metal,6327,28.822459870167414
metal,6328,28.817817136098615
metal,6329,28.81413084228198
metal,6330,28.779732078867525
metal,6331,28.766951864979497
metal,6332,28.712202098831476
metal,6333,28.685687153189278
metal,6334,28.674710760800195
metal,6335,28.673876626060903
metal,6336,28.6705905576513
metal,6337,28.661249040420735
metal,6338,28.63576066319433
metal,6339,28.633098520874512
metal,6340,28.58941497238863
metal,6341,28.574923204133526
metal,6342,28.454486839838925
metal,6343,28.450795766864957
metal,6344,28.4458474928021
metal,6345,28.40903962951687
metal,6346,28.371484953848025
metal,6347,28.369184872667415
metal,6348,28.364816579166664
metal,6349,28.349247415167415
metal,6350,28.33857626591486
metal,6351,28.289047850618882
metal,6352,28.245764155167414
metal,6353,28.242672423003633
metal,6354,28.234871838370854
metal,6355,28.224388446650842
metal,6356,28.203409992667414
metal,6357,28.195027700357585
metal,6358,28.156992187667413
metal,6359,28.13410625336059
metal,6360,28.121177792484424
metal,6361,28.11148380759562
metal,6362,28.1050123275
metal,6363,28.076059987667414
metal,6364,28.05201257833333
metal,6365,28.0445560389484
metal,6366,27.884037011641322
metal,6367,27.86624142027003
metal,6368,27.863676311313927
metal,6369,27.860804637667414
metal,6370,27.858674575167413
metal,6371,27.85003183843988
metal,6372,27.840176722667415
metal,6373,27.82858973178483
metal,6374,27.806956809338974
metal,6375,27.722197342667414
metal,6376,27.701722495167417
metal,6377,27.68005303450125
metal,6378,27.646117424528992
metal,6379,27.580596107301922
metal,6380,27.560035010167415
metal,6381,27.52647175898639
metal,6382,27.501352118652537
metal,6383,27.488405725167414
metal,6384,27.481414187667415
metal,6385,27.47219475247661
metal,6386,27.410185027667413
metal,6387,27.388603548793405
metal,6388,27.3830355839054
metal,6389,27.377593240167414
metal,6390,27.352663227105595
metal,6391,27.306847470167412
metal,6392,27.217782015512302
metal,6393,27.207093347667413
metal,6394,27.194539062667417
metal,6395,27.167898560643277
metal,6396,27.144879684562593
metal,6397,27.140864272667415
metal,6398,27.133444209149715
metal,6399,27.105727859084972
metal,6400,27.077465410946274
metal,6401,27.068588730392054
metal,6402,27.053984653085372
metal,6403,27.045128394247136
metal,6404,27.02584369666873
metal,6405,27.024027309783317
metal,6406,27.012151674107344
metal,6407,26.948562520120653
metal,6408,26.92084134691766
metal,6409,26.910889597604502
metal,6410,26.908763758836102
metal,6411,26.863433674262946
metal,6412,26.857501647667416
metal,6413,26.832575654134658
metal,6414,26.816684920167415
metal,6415,26.815509592412063
metal,6416,26.76251935609781
metal,6417,26.731775338919167
metal,6418,26.729097445167415
metal,6419,26.713789095167414
metal,6420,26.66622857586039
metal,6421,26.655924855802233
metal,6422,26.649517070405683
metal,6423,26.645972249294825
metal,6424,26.639546422373055
metal,6425,26.613089102667416
metal,6426,26.594097370802977
metal,6427,26.587126786256224
metal,6428,26.553955905167413
metal,6429,26.547225032218876
metal,6430,26.544857017298803
metal,6431,26.541083338905484
metal,6432,26.495627633912612
metal,6433,26.49370681271864
metal,6434,26.484044852157908
metal,6435,26.44853853778686
metal,6436,26.444497518770177
metal,6437,26.419356622315565
metal,6438,26.380908746929595
metal,6439,26.348874489736744
metal,6440,26.348599609568513
metal,6441,26.26616825240796
metal,6442,26.246466177667415
metal,6443,26.22762893172594
metal,6444,26.202705205838335
metal,6445,26.176310472582223
metal,6446,26.172997555167413
metal,6447,26.126075386274675
metal,6448,26.125833772938602
metal,6449,26.06298457295471
metal,6450,25.978844641858657
metal,6451,25.925793310167414
metal,6452,25.882799699801403
metal,6453,25.875495242308176
metal,6454,25.833382343058958
metal,6455,25.818968360167414
metal,6456,25.793293350167417
metal,6457,25.757322597667414
metal,6458,25.727193285167417
metal,6459,25.720105790167416
metal,6460,25.668795628654607
metal,6461,25.660976291832633
metal,6462,25.596206315845194
metal,6463,25.57
metal,6464,25.57
metal,6465,25.54652227296285
metal,6466,25.493641203537884
metal,6467,25.44844465958697
metal,6468,25.438726884833777
metal,6469,25.425801652667417
metal,6470,25.353647522667416
metal,6471,25.259146471282705
metal,6472,25.238914723300194
metal,6473,25.221122372667416
metal,6474,25.21790647732063
metal,6475,25.210705777667414
metal,6476,25.198193332667415
metal,6477,25.191491798550693
metal,6478,25.16204728465671
metal,6479,25.13354383447334
metal,6480,25.022608582931667
metal,6481,24.98913553087732
metal,6482,24.88110154847683
metal,6483,24.874248388376774
metal,6484,24.869610985167416
metal,6485,24.867222417667413
metal,6486,24.857236243273647
metal,6487,24.794397495167416
metal,6488,24.751999025977504
metal,6489,24.74185105868479
metal,6490,24.7329853231563
metal,6491,24.72222460392189
metal,6492,24.706087138492997
metal,6493,24.62675542379857
metal,6494,24.577643346804656
metal,6495,24.567010814565194
metal,6496,24.552055735167414
metal,6497,24.531861351074127
metal,6498,24.517122410167413
metal,6499,24.49852851036127
metal,6500,24.406881378634978
metal,6501,24.395734955167413
metal,6502,24.31291141769827
metal,6503,24.312673871380134
metal,6504,24.29857489758991
metal,6505,24.29079109362884
metal,6506,24.27892189472491
metal,6507,24.210028152063177
metal,6508,24.155589155167416
metal,6509,24.121780772667414
metal,6510,24.118614215167415
metal,6511,24.07946088611699
metal,6512,24.06906522667412
metal,6513,24.048441434534595
metal,6514,23.989094821120737
metal,6515,23.984692320500972
metal,6516,23.91984242353676
metal,6517,23.890315907697712
metal,6518,23.808386998255163
metal,6519,23.802718317667413
metal,6520,23.734943337667417
metal,6521,23.719561104745758
metal,6522,23.706657840318478
metal,6523,23.698626684667413
metal,6524,23.634228850389253
metal,6525,23.619664383235257
metal,6526,23.588514182917415
metal,6527,23.569758765822098
metal,6528,23.52358556328997
metal,6529,23.3861718704973
metal,6530,23.296021048761524
metal,6531,23.217219693550067
metal,6532,23.209805852466403
metal,6533,23.159101608667413
metal,6534,23.147483169199354
metal,6535,23.138038290703932
metal,6536,23.06589252824522
metal,6537,23.05707425711967
metal,6538,23.03180648302772
metal,6539,23.026492003442876
metal,6540,23.02448936399395
metal,6541,23.005284968667414
metal,6542,22.984862931812536
metal,6543,22.924963203642978
metal,6544,22.874513641444956
metal,6545,22.86087642546535
metal,6546,22.850017133273738
metal,6547,22.843848337946167
metal,6548,22.831251103615426
metal,6549,22.806790801859215
metal,6550,22.787576419575444
metal,6551,22.73178712110793
metal,6552,22.707510013167415
metal,6553,22.683425634133478
metal,6554,22.45854624703118
metal,6555,22.389834639813564
metal,6556,22.370453729785872
metal,6557,22.244963123010216
metal,6558,22.11221374765792
metal,6559,22.080702047873082
metal,6560,22.065164769966863
metal,6561,22.060790909343538
metal,6562,22.048293275509792
metal,6563,22.037030942747492
metal,6564,22.033260735172735
metal,6565,22.01178130704372
metal,6566,22.002305809667416
metal,6567,21.948378358405083
metal,6568,21.945325586187007
metal,6569,21.94087377986801
metal,6570,21.93480014063291
metal,6571,21.92918192767747
metal,6572,21.923403697199625
metal,6573,21.902723629688136
metal,6574,21.877248158050193
metal,6575,21.823250665592997
metal,6576,21.80750908746429
metal,6577,21.806439322876578
metal,6578,21.76268628499372
metal,6579,21.720262042187336
metal,6580,21.71367429265048
metal,6581,21.705725727802765
metal,6582,21.704020657602292
metal,6583,21.702160098091916
metal,6584,21.67527530414687
metal,6585,21.652279963130958
metal,6586,21.626230589196936
metal,6587,21.560931138639845
metal,6588,21.526658657788136
metal,6589,21.523580861861998
metal,6590,21.39541315036367
metal,6591,21.344960418046455
metal,6592,21.178030588869518
metal,6593,21.13108252582535
metal,6594,21.11926332259474
metal,6595,21.080896080062434
metal,6596,21.064235664800634
metal,6597,21.063322192750373
metal,6598,21.054654781475904
metal,6599,21.000542546364557
metal,6600,20.97408999872014
metal,6601,20.969765335842432
metal,6602,20.950348027663416
metal,6603,20.829613446279183
metal,6604,20.742485600800194
metal,6605,20.729631906832193
metal,6606,20.716578211205903
metal,6607,20.652601781215107
metal,6608,20.620020172078853
metal,6609,20.619850611529724
metal,6610,20.613868447516214
metal,6611,20.580345241884864
metal,6612,20.57456541006359
metal,6613,20.540310671369635
metal,6614,20.519456123703243
metal,6615,20.514321172004134
metal,6616,20.445524128484077
metal,6617,20.431773246915583
metal,6618,20.431637347150243
metal,6619,20.349326999773055
metal,6620,20.31160798892863
metal,6621,20.217800300769262
metal,6622,20.16321575282337
metal,6623,20.087105921844188
metal,6624,19.98323571052479
metal,6625,19.97839548591019
metal,6626,19.917547118523036
metal,6627,19.90867832945595
metal,6628,19.861485084290326
metal,6629,19.846775271582434
metal,6630,19.76471066588457
metal,6631,19.75232205875091
metal,6632,19.693598804196434
metal,6633,19.69311273642036
metal,6634,19.66767485209524
metal,6635,19.656371283939098
metal,6636,19.61314177478077
metal,6637,19.576212891336915
metal,6638,19.532633862316295
metal,6639,19.459207660760896
metal,6640,19.407524445554355
metal,6641,19.376613597819247
metal,6642,19.345268539796603
metal,6643,19.34236458520787
metal,6644,19.23652003646852
metal,6645,19.204016648538143
metal,6646,19.157405780177573
metal,6647,19.144781627996437
metal,6648,19.1022505797073
metal,6649,19.04332598852851
metal,6650,19.042791009760524
metal,6651,18.91609212506818
metal,6652,18.89931707001099
metal,6653,18.8414209457943
metal,6654,18.82998723425881
metal,6655,18.750926755501972
metal,6656,18.720472103639818
metal,6657,18.62947128230208
metal,6658,18.59366251904351
metal,6659,18.455157812455468
metal,6660,18.442910071693046
metal,6661,18.4057687683825
metal,6662,18.364920035483678
metal,6663,18.349205568735872
metal,6664,18.32672838901786
metal,6665,18.296564559839013
metal,6666,18.22978301513044
metal,6667,18.219188990019685
metal,6668,18.18376261802215
metal,6669,18.181544799902383
metal,6670,18.142184416437217
metal,6671,18.107214728300196
metal,6672,18.091177151349036
metal,6673,18.0816342300828
metal,6674,18.078637776277056
metal,6675,18.04760423878243
metal,6676,18.030391127141506
metal,6677,17.957668778498707
metal,6678,17.8688443164744
metal,6679,17.865776893868063
metal,6680,17.80838137913353
metal,6681,17.786965794465353
metal,6682,17.785181945677422
metal,6683,17.77661269144624
metal,6684,17.763583362260388
metal,6685,17.75979238141304
metal,6686,17.759465143223096
metal,6687,17.740283201715915
metal,6688,17.73734905729343
metal,6689,17.728752901146066
metal,6690,17.71565528510648
metal,6691,17.665666674650964
metal,6692,17.615117720162758
metal,6693,17.591228337655473
metal,6694,17.53246690573995
metal,6695,17.52485303323398
metal,6696,17.492708296503434
metal,6697,17.489387957016085
metal,6698,17.477416739066012
metal,6699,17.46929641554889
metal,6700,17.459193245904647
metal,6701,17.431939926181098
metal,6702,17.370616486272738
metal,6703,17.362933822231504
metal,6704,17.3208082825
metal,6705,17.30137847361259
metal,6706,17.299557515655902
metal,6707,17.267997929021448
metal,6708,17.23295180725018
metal,6709,17.202500274986768
metal,6710,17.179193142155825
metal,6711,17.170180295510654
metal,6712,17.107602535485782
metal,6713,17.086487419903694
metal,6714,16.992824025896766
metal,6715,16.985983514858408
metal,6716,16.983171959106524
metal,6717,16.97084858951949
metal,6718,16.956494135644558
metal,6719,16.942435314486367
metal,6720,16.940879178333333
metal,6721,16.903505315452858
metal,6722,16.858967801363484
metal,6723,16.852851530495926
metal,6724,16.85217659457266
metal,6725,16.827540679490475
metal,6726,16.824548979355047
metal,6727,16.81184612832518
metal,6728,16.811598109309124
metal,6729,16.802233922003566
metal,6730,16.7926109422315
metal,6731,16.787449874902933
metal,6732,16.782849608217855
metal,6733,16.76804405593389
metal,6734,16.73792033798239
metal,6735,16.725655284966937
metal,6736,16.72243512145529
metal,6737,16.71255344743379
metal,6738,16.703568241654285
metal,6739,16.701794593006433
metal,6740,16.695163688810982
metal,6741,16.652773208925527
metal,6742,16.642260103319156
metal,6743,16.62384724349489
metal,6744,16.58233212194859
metal,6745,16.56694708635347
metal,6746,16.553950417473246
metal,6747,16.543343000755197
metal,6748,16.502169024732744
metal,6749,16.497118300459842
metal,6750,16.482041577515346
metal,6751,16.431912801815827
metal,6752,16.42077195492383
metal,6753,16.38775336117723
metal,6754,16.364084979601106
metal,6755,16.361532635456097
metal,6756,16.354707224433398
metal,6757,16.334466534530026
metal,6758,16.325547713310733
metal,6759,16.300355821882235
metal,6760,16.297698440771015
metal,6761,16.29699810600634
metal,6762,16.284738223120446
metal,6763,16.28383994631413
metal,6764,16.276877806985986
metal,6765,16.220063883297268
metal,6766,16.21870979759607
metal,6767,16.20039031599705
metal,6768,16.19369475128708
metal,6769,16.183818721272008
metal,6770,16.160950839749294
metal,6771,16.15444674593103
metal,6772,16.141369165618478
metal,6773,16.129506669824426
metal,6774,16.085600366736855
metal,6775,16.028309680672365
metal,6776,15.98271051229849
metal,6777,15.981917863057898
metal,6778,15.931228182579654
metal,6779,15.925171936078513
metal,6780,15.913198939020603
metal,6781,15.893183761090913
metal,6782,15.874220891200682
metal,6783,15.86799763915958
metal,6784,15.864978167751884
metal,6785,15.85641861224295
metal,6786,15.842662223306904
metal,6787,15.84069832020298
metal,6788,15.75521271247504
metal,6789,15.744788922900433
metal,6790,15.643921470608026
metal,6791,15.596650672400646
metal,6792,15.580617903721341
metal,6793,15.559587987086804
metal,6794,15.550669280773514
metal,6795,15.507898107466863
metal,6796,15.491276256766616
metal,6797,15.37798342094171
metal,6798,15.373774681640079
metal,6799,15.32522224739179
metal,6800,15.268439969394084
metal,6801,15.239790947466863
metal,6802,15.168989068729022
metal,6803,15.105148796418252
metal,6804,15.105148796418252
metal,6805,15.097144611244923
metal,6806,15.00957912025
metal,6807,14.96757097799924
metal,6808,14.756870760583334
metal,6809,14.631636539561947
metal,6810,14.596152240800196
metal,6811,14.271723296633528
metal,6812,14.220738260714288
metal,6813,14.220738260714288
metal,6814,14.220738260714288
metal,6815,14.143811746347113
metal,6816,14.14028317934458
metal,6817,14.043297413523511
metal,6818,13.957845613955957
metal,6819,13.907779808745465
metal,6820,13.839827349287914
metal,6821,13.77062652549918
metal,6822,13.748889803877164
metal,6823,13.734228549817388
metal,6824,13.708658289749998
metal,6825,13.55577698034574
metal,6826,13.551604674357016
metal,6827,13.396973655456224
metal,6828,13.337533115580317
metal,6829,13.260264784966862
metal,6830,13.060042582862318
metal,6831,12.979902060192995
metal,6832,12.941476326763656
metal,6833,12.926442044960433
metal,6834,12.831052318085149
metal,6835,12.706425984333332
metal,6836,12.683349377674872
metal,6837,12.617232174795697
metal,6838,12.59543411695821
metal,6839,12.573120249114243
metal,6840,12.224091543065857
metal,6841,12.221538787728592
metal,6842,12.182676854422525
metal,6843,11.972963968754293
metal,6844,11.959818113401184
metal,6845,11.873108722775175
metal,6846,11.847234569145433
metal,6847,11.828695914266422
metal,6848,11.67276837358597
metal,6849,11.619281797140866
metal,6850,11.60967706543099
metal,6851,11.595483114124118
metal,6852,11.550712463309125
metal,6853,11.292249657489442
metal,6854,11.077037940075074
metal,6855,11.064434124415822
metal,6856,11.046954206888175
metal,6857,10.884117145110075
metal,6858,10.818809720425438
metal,6859,10.648955139025942
metal,6860,10.600555846339978
metal,6861,10.593927027045765
metal,6862,10.514299037372819
metal,6863,10.493821759586307
metal,6864,10.468102056953654
metal,6865,10.465265449274618
metal,6866,10.428725619456355
metal,6867,10.415044567020889
metal,6868,10.397402159201745
metal,6869,10.37482129686516
metal,6870,10.363344814166153
metal,6871,10.349872204061972
metal,6872,10.316983454871622
metal,6873,10.305773472109854
metal,6874,10.279524287084165
metal,6875,10.27156201770033
metal,6876,10.225814852013704
metal,6877,10.210236701575935
metal,6878,10.1979045339624
metal,6879,10.192336332365242
metal,6880,10.14919060490778
metal,6881,10.116515294286293
metal,6882,10.108853418081633
metal,6883,10.097667032242516
metal,6884,10.051249706469303
metal,6885,10.023468921424062
metal,6886,10.015803930001898
metal,6887,9.97824575561642
metal,6888,9.957089994106859
metal,6889,9.913639898994482
metal,6890,9.904114572152501
metal,6891,9.880636010205386
metal,6892,9.875612710191438
metal,6893,9.857405863355055
metal,6894,9.845951086259895
metal,6895,9.842748198051153
metal,6896,9.824220957309588
metal,6897,9.823576982771641
metal,6898,9.79976431034731
metal,6899,9.790924092070341
metal,6900,9.783906052721026
metal,6901,9.774263425666836
metal,6902,9.75761749133927
metal,6903,9.754585702070914
metal,6904,9.731497958419897
metal,6905,9.712502959280574
metal,6906,9.705734783490769
metal,6907,9.692082141577247
metal,6908,9.69065837528415
metal,6909,9.659473318264522
metal,6910,9.652084336758222
metal,6911,9.643793932160328
metal,6912,9.566722367824472
metal,6913,9.54100010471138
metal,6914,9.532642516702182
metal,6915,9.513043969480103
metal,6916,9.502891694243154
metal,6917,9.46946390942975
metal,6918,9.430203164737133
metal,6919,9.408273701209792
metal,6920,9.404487159183791
metal,6921,9.403465741107205
metal,6922,9.398049562139617
metal,6923,9.347730593680563
metal,6924,9.339464268805871
metal,6925,9.323640615209221
metal,6926,9.323275497913947
metal,6927,9.316739171673214
metal,6928,9.31297086305933
metal,6929,9.308122440333424
metal,6930,9.299238499507998
metal,6931,9.297907592086743
metal,6932,9.282563271374876
metal,6933,9.269402772849954
metal,6934,9.265654602415214
metal,6935,9.258938701763206
metal,6936,9.242692772209782
metal,6937,9.223317566044024
metal,6938,9.22026896190372
metal,6939,9.213861221417933
metal,6940,9.20904913759514
metal,6941,9.19948492743793
metal,6942,9.193137336670986
metal,6943,9.190529900212391
metal,6944,9.175970493359719
metal,6945,9.170894542281173
metal,6946,9.160546372268618
metal,6947,9.128415775387138
metal,6948,9.115496405136174
metal,6949,9.10347977279475
metal,6950,9.102337041006555
metal,6951,9.076863665851008
metal,6952,9.076059026640591
metal,6953,9.070916152715528
metal,6954,9.069336041315113
metal,6955,9.049716574585135
metal,6956,9.0373665752727
metal,6957,8.984686645153115
metal,6958,8.976576778919583
metal,6959,8.975643498449138
metal,6960,8.94597695807628
metal,6961,8.94013819047751
metal,6962,8.92671345871765
metal,6963,8.916904663287982
metal,6964,8.912152038168582
metal,6965,8.911162398603302
metal,6966,8.906610172504301
metal,6967,8.900885061705821
metal,6968,8.896716807068358
metal,6969,8.889986470195968
metal,6970,8.87945138705414
metal,6971,8.869584424731604
metal,6972,8.867394752018585
metal,6973,8.864999013522969
metal,6974,8.835724995668286
metal,6975,8.828686198014783
metal,6976,8.825634077219078
metal,6977,8.822969110289996
metal,6978,8.819463052757945
metal,6979,8.806747609181878
metal,6980,8.797688647455455
metal,6981,8.786330200983262
metal,6982,8.762757694532576
metal,6983,8.761336144665636
metal,6984,8.733823000975907
metal,6985,8.712148171744575
metal,6986,8.700370586273582
metal,6987,8.684340055505189
metal,6988,8.643435415794592
metal,6989,8.630566091185258
metal,6990,8.623547924784017
metal,6991,8.622567965870012
metal,6992,8.58661007733427
metal,6993,8.57694781382451
metal,6994,8.542789942920322
metal,6995,8.53783592941995
metal,6996,8.536982298998925
metal,6997,8.503554849409962
metal,6998,8.484609228898284
metal,6999,8.471840940553978
metal,7000,8.454378304827667
metal,7001,8.45028256826376
metal,7002,8.412996528296937
metal,7003,8.391771960225826
metal,7004,8.373740804355009
metal,7005,8.364165864724924
metal,7006,8.306163282769177
metal,7007,8.30549225708054
metal,7008,8.298165697794023
metal,7009,8.290334070155463
metal,7010,8.287445075063
metal,7011,8.278252620524704
metal,7012,8.275324511372746
metal,7013,8.2731004742001
metal,7014,8.264069676795609
metal,7015,8.261612537778742
metal,7016,8.248010115438918
metal,7017,8.24508499652137
metal,7018,8.2422311514436
metal,7019,8.238116344035092
metal,7020,8.22290141430386
metal,7021,8.220661736157767
metal,7022,8.218891600089922
metal,7023,8.215579710556053
metal,7024,8.206331274468251
metal,7025,8.202110988857394
metal,7026,8.1752086197339
metal,7027,8.1726207785046
metal,7028,8.162333530894834
metal,7029,8.159047170688535
metal,7030,8.154054100355802
metal,7031,8.149161694365514
metal,7032,8.136262345448262
metal,7033,8.134742929622815
metal,7034,8.117795678556611
metal,7035,8.10500438115376
metal,7036,8.100500153920425
metal,7037,8.10026579483568
metal,7038,8.097748471539099
metal,7039,8.09770000015767
metal,7040,8.093404028516364
metal,7041,8.091762182689365
metal,7042,8.08989528329126
metal,7043,8.079068016728366
metal,7044,8.066353659080761
metal,7045,8.06555873804002
metal,7046,8.060273453703832
metal,7047,8.037576095694423
metal,7048,8.024529727439626
metal,7049,8.018206420774597
metal,7050,8.007767870961
metal,7051,7.998112983827256
metal,7052,7.992121676665254
metal,7053,7.991541792754852
metal,7054,7.956683987134898
metal,7055,7.950339570176057
metal,7056,7.948521488369057
metal,7057,7.9340284369241605
metal,7058,7.929020936921679
metal,7059,7.926208111661545
metal,7060,7.925835381764276
metal,7061,7.919388051268392
metal,7062,7.915669410605077
metal,7063,7.904334347744678
metal,7064,7.893485986604864
metal,7065,7.89209209463298
metal,7066,7.892080212713173
metal,7067,7.882975932457839
metal,7068,7.8631991239003
metal,7069,7.833513286800476
metal,7070,7.833479330773146
metal,7071,7.83182779050744
metal,7072,7.83171929573925
metal,7073,7.830653657800699
metal,7074,7.828428357118302
metal,7075,7.819603718309268
metal,7076,7.817232392612487
metal,7077,7.816640820005068
metal,7078,7.810395088348546
metal,7079,7.805910766109036
metal,7080,7.805380916525125
metal,7081,7.8050542357828405
metal,7082,7.800877891361164
metal,7083,7.800321306427177
metal,7084,7.790266849141557
metal,7085,7.781158243235236
metal,7086,7.769895427044768
metal,7087,7.766842213005752
metal,7088,7.762213609534572
metal,7089,7.758897001797028
metal,7090,7.743433921409464
metal,7091,7.741446800034638
metal,7092,7.713702707314757
metal,7093,7.712917649416293
metal,7094,7.7126039354726625
metal,7095,7.710709268598455
metal,7096,7.70056289627692
metal,7097,7.682342512598886
metal,7098,7.670880531693297
metal,7099,7.669771578681275
metal,7100,7.659550103396759
metal,7101,7.652101326775367
metal,7102,7.648246625923962
metal,7103,7.6415619530379555
metal,7104,7.6197167095935425
metal,7105,7.619570804245674
metal,7106,7.6180459086202195
metal,7107,7.611597325943316
metal,7108,7.610586495281277
metal,7109,7.593832050261299
metal,7110,7.586352490508496
metal,7111,7.580541051000614
metal,7112,7.571843086485483
metal,7113,7.570219716191463
metal,7114,7.567672723079216
metal,7115,7.558313691395705
metal,7116,7.548843157551824
metal,7117,7.543572622240388
metal,7118,7.518781013116434
metal,7119,7.507423879468032
metal,7120,7.503997494352294
metal,7121,7.495904637112215
metal,7122,7.486130355545197
metal,7123,7.481773629315769
metal,7124,7.47802268309936
metal,7125,7.465624600382163
metal,7126,7.4649245629666625
metal,7127,7.454727355859394
metal,7128,7.437155536034544
metal,7129,7.431990145449944
metal,7130,7.420643098406863
metal,7131,7.416768094155959
metal,7132,7.4121001235655655
metal,7133,7.4073096511560985
metal,7134,7.404555974614778
metal,7135,7.397121504632218
metal,7136,7.3794276061699575
metal,7137,7.378073930005117
metal,7138,7.36637889017121
metal,7139,7.363099851368905
metal,7140,7.361493471183296
metal,7141,7.3604437061774215
metal,7142,7.3567689958644324
metal,7143,7.353236331009755
metal,7144,7.3414635235485335
metal,7145,7.3348976515088555
metal,7146,7.328072912366774
metal,7147,7.3202404887992385
metal,7148,7.319152263010189
metal,7149,7.318893443012854
metal,7150,7.305753630210922
metal,7151,7.2992823095320745
metal,7152,7.278401261547558
metal,7153,7.274762797343859
metal,7154,7.265487984432363
metal,7155,7.246365009970537
metal,7156,7.240870557233581
metal,7157,7.235764111021791
metal,7158,7.22237559891523
metal,7159,7.2196914631796725
metal,7160,7.2074705772366965
metal,7161,7.203297443442655
metal,7162,7.17709839472046
metal,7163,7.17591941244295
metal,7164,7.156705747581555
metal,7165,7.154199450266811
metal,7166,7.134777819005106
metal,7167,7.1249625298621675
metal,7168,7.119481320789958
metal,7169,7.093781480078956
metal,7170,7.092252843843591
metal,7171,7.088279138218345
metal,7172,7.088063069149303
metal,7173,7.0832671309379105
metal,7174,7.03969380927211
metal,7175,7.036352977577143
metal,7176,7.0146593939049335
metal,7177,7.0128457770651575
metal,7178,7.004224707807868
metal,7179,7.003511615714844
metal,7180,6.980842178744108
metal,7181,6.97390306430092
metal,7182,6.9738117954890875
metal,7183,6.9699226232704925
metal,7184,6.969807325892615
metal,7185,6.967718662524203
metal,7186,6.953084597797819
metal,7187,6.952690319333284
metal,7188,6.951029883838565
metal,7189,6.929232551161257
metal,7190,6.923757619040148
metal,7191,6.9219054404173805
metal,7192,6.921473231316126
metal,7193,6.907268422346364
metal,7194,6.8908386807379
metal,7195,6.886798906837202
metal,7196,6.877760195166788
metal,7197,6.869366889500455
metal,7198,6.846290533727754
metal,7199,6.840170937409654
metal,7200,6.83922370645168
metal,7201,6.838744863792696
metal,7202,6.8369007223260425
metal,7203,6.825241267276308
metal,7204,6.819391638862124
metal,7205,6.806277536995847
metal,7206,6.803493960126627
metal,7207,6.802828652166957
metal,7208,6.802333571152719
metal,7209,6.801314976794455
metal,7210,6.778035034827624
metal,7211,6.776407452807396
metal,7212,6.768422843502235
metal,7213,6.76799949807233
metal,7214,6.7635154236383
metal,7215,6.757334857215868
metal,7216,6.754793460779464
metal,7217,6.735122016959849
metal,7218,6.725422656529529
metal,7219,6.721266145365865
metal,7220,6.720084973711481
metal,7221,6.7160262595277604
metal,7222,6.715706922366023
metal,7223,6.696108681361533
metal,7224,6.679167936369197
metal,7225,6.678355267954449
metal,7226,6.668374112735801
metal,7227,6.664363322593637
metal,7228,6.655211148374716
metal,7229,6.651269791877384
metal,7230,6.648724286548118
metal,7231,6.646383499340064
metal,7232,6.640165945741806
metal,7233,6.639921482468777
metal,7234,6.628265862326298
metal,7235,6.628009074307334
metal,7236,6.611485939246215
metal,7237,6.609434220328335
metal,7238,6.6014699744828915
metal,7239,6.599131385689944
metal,7240,6.5968707687159505
metal,7241,6.593729454394126
metal,7242,6.588887952976994
metal,7243,6.587836295123809
metal,7244,6.577959013586822
metal,7245,6.569134279068817
metal,7246,6.555497765555161
metal,7247,6.550475084892154
metal,7248,6.54620447310099
metal,7249,6.545691914116928
metal,7250,6.54397259516098
metal,7251,6.531742533183672
metal,7252,6.530617329305152
metal,7253,6.520822671083835
metal,7254,6.501207067811703
metal,7255,6.500513799017803
metal,7256,6.499341766174857
metal,7257,6.490298864524989
metal,7258,6.483133743982631
metal,7259,6.483133743982631
metal,7260,6.482830913202551
metal,7261,6.480251400411069
metal,7262,6.477528924803569
metal,7263,6.474139605691295
metal,7264,6.474139605691295
metal,7265,6.473830358962068
metal,7266,6.471565175744637
metal,7267,6.470936339510022
metal,7268,6.470936339510022
metal,7269,6.470570534850802
metal,7270,6.470570534850802
metal,7271,6.4596467242828055
metal,7272,6.4555554820408805
metal,7273,6.454699543108375
metal,7274,6.453664505606009
metal,7275,6.444012221593811
metal,7276,6.444012221593811
metal,7277,6.4365487200715865
metal,7278,6.429041845564871
metal,7279,6.418806863129505
metal,7280,6.418212962999002
metal,7281,6.418212962999002
metal,7282,6.4124215503294755
metal,7283,6.411526841878728
metal,7284,6.411120675886148
metal,7285,6.4092010172661364
metal,7286,6.400356894332071
metal,7287,6.391199372748063
metal,7288,6.389797984970491
metal,7289,6.388018810074739
metal,7290,6.38701772732915
metal,7291,6.385105223480249
metal,7292,6.379761464934432
metal,7293,6.378081288473494
metal,7294,6.376022041003557
metal,7295,6.371094776164518
metal,7296,6.367260297396285
metal,7297,6.365504949645433
metal,7298,6.365504949645433
metal,7299,6.363209877524808
metal,7300,6.361636774480894
metal,7301,6.356790506745935
metal,7302,6.3558971226630865
metal,7303,6.3558971226630865
metal,7304,6.347748837728986
metal,7305,6.3348792966073555
metal,7306,6.333710942165526
metal,7307,6.332147136016435
metal,7308,6.3263510128423
metal,7309,6.32570350468315
metal,7310,6.324967261242605
metal,7311,6.320351068380075
metal,7312,6.320071860119712
metal,7313,6.3193891970393805
metal,7314,6.31872065671285
metal,7315,6.31872065671285
metal,7316,6.317122397724638
metal,7317,6.3082198748337035
metal,7318,6.3075322278209995
metal,7319,6.305777574368433
metal,7320,6.305617233603149
metal,7321,6.305365301942706
metal,7322,6.303671326494447
metal,7323,6.3023406875857555
metal,7324,6.302136183313685
metal,7325,6.302060900549507
metal,7326,6.29966463214557
metal,7327,6.299445239110032
metal,7328,6.297251219983297
metal,7329,6.294415418023551
metal,7330,6.294354427038473
metal,7331,6.293682812101012
metal,7332,6.290803270240749
metal,7333,6.290055872858723
metal,7334,6.286047466481011
metal,7335,6.283415563215064
metal,7336,6.278533989239961
metal,7337,6.277215488333404
metal,7338,6.276702731953392
metal,7339,6.276224721641676
metal,7340,6.275694317243064
metal,7341,6.275065474692823
metal,7342,6.268804750516908
metal,7343,6.262657918719282
metal,7344,6.261829492373951
metal,7345,6.2580556182653915
metal,7346,6.255863531725448
metal,7347,6.252923462362585
metal,7348,6.252470084063416
metal,7349,6.249616591739232
metal,7350,6.249616591739232
metal,7351,6.248429242019487
metal,7352,6.247517725203529
metal,7353,6.243314979553659
metal,7354,6.241765854792367
metal,7355,6.240506755076446
metal,7356,6.238503013736773
metal,7357,6.234586417641021
metal,7358,6.232966946031336
metal,7359,6.227246105861036
metal,7360,6.221874619180001
metal,7361,6.220297361613456
metal,7362,6.218515680530984
metal,7363,6.21359944797723
metal,7364,6.212178607392752
metal,7365,6.211549323423873
metal,7366,6.210177120466799
metal,7367,6.209413581019
metal,7368,6.207273664165541
metal,7369,6.207273664165541
metal,7370,6.206854564262297
metal,7371,6.2051732974246745
metal,7372,6.200324586539683
metal,7373,6.1977247079301
metal,7374,6.194277390355211
metal,7375,6.192024726611376
metal,7376,6.185471427010336
metal,7377,6.184274375372097
metal,7378,6.183996204290639
metal,7379,6.183996204290639
metal,7380,6.182796227435727
metal,7381,6.177210595090046
metal,7382,6.157832024221886
metal,7383,6.156361260585117
metal,7384,6.141941272634583
metal,7385,6.132527764609177
metal,7386,6.131201799651913
metal,7387,6.130247410107465
metal,7388,6.127307753342985
metal,7389,6.1247642335332975
metal,7390,6.12461492978379
metal,7391,6.124191573591704
metal,7392,6.123548220038074
metal,7393,6.109881003834642
metal,7394,6.107634521233385
metal,7395,6.107378246079613
metal,7396,6.1051409685671345
metal,7397,6.103777007827811
metal,7398,6.101394314178015
metal,7399,6.099190005244905
metal,7400,6.0918211594167815
metal,7401,6.090947542204262
metal,7402,6.086262067283236
metal,7403,6.083354044127698
metal,7404,6.081446947448515
metal,7405,6.071216705905535
metal,7406,6.069926477040313
metal,7407,6.067711374738559
metal,7408,6.065743611659624
metal,7409,6.061964144911556
metal,7410,6.060919635894592
metal,7411,6.0569789783896955
metal,7412,6.054098676334633
metal,7413,6.043635183824929
metal,7414,6.040083032751923
metal,7415,6.040052645440721
metal,7416,6.0397902579210765
metal,7417,6.037564079247462
metal,7418,6.028226512827312
metal,7419,6.024042667948519
metal,7420,6.0198836321416485
metal,7421,6.016071019039302
metal,7422,6.01414292362892
metal,7423,6.012316763536541
metal,7424,6.0105920876438965
metal,7425,6.006837717228267
metal,7426,6.006837717228267
metal,7427,6.005221723505805
metal,7428,6.00407876196221
metal,7429,6.001824123495449
metal,7430,5.9998536326688825
metal,7431,5.999843075803015
metal,7432,5.9954927046371935
metal,7433,5.991979669522613
metal,7434,5.9918985147652855
metal,7435,5.9877757951818875
metal,7436,5.987666813744582
metal,7437,5.987435995206816
metal,7438,5.981701583817069
metal,7439,5.981492984756837
metal,7440,5.979534605877602
metal,7441,5.974790549167517
metal,7442,5.97015558883464
metal,7443,5.960477622336045
metal,7444,5.959173480569963
metal,7445,5.953102777184528
metal,7446,5.952345414069109
metal,7447,5.951099246353286
metal,7448,5.950645535567348
metal,7449,5.9343452854344925
metal,7450,5.921488065922195
metal,7451,5.9214805562050135
metal,7452,5.916645421088217
metal,7453,5.9105657044792705
metal,7454,5.907070516500092
metal,7455,5.901606725425467
metal,7456,5.899575572854589
metal,7457,5.8984541040392235
metal,7458,5.898085002336893
metal,7459,5.897848898683461
metal,7460,5.894938736062056
metal,7461,5.892378976539158
metal,7462,5.890674287620179
metal,7463,5.883829299881384
metal,7464,5.869802172320746
metal,7465,5.864796044825724
metal,7466,5.862555274079459
metal,7467,5.859728023673186
metal,7468,5.852518478855217
metal,7469,5.850389695170252
metal,7470,5.850056878326468
metal,7471,5.8473554619448915
metal,7472,5.844976083613866
metal,7473,5.841242843469404
metal,7474,5.834456440536263
metal,7475,5.827330037566852
metal,7476,5.825248380762509
metal,7477,5.824388803074857
metal,7478,5.824181083266865
metal,7479,5.816909251787067
metal,7480,5.812412494326406
metal,7481,5.804049580087932
metal,7482,5.798943263810487
metal,7483,5.798543974942037
metal,7484,5.797257150466576
metal,7485,5.794486229814659
metal,7486,5.788266507986744
metal,7487,5.782128074672386
metal,7488,5.776792969723577
metal,7489,5.775747180084689
metal,7490,5.7697133954965425
metal,7491,5.769306461584983
metal,7492,5.758353552428563
metal,7493,5.75263713257605
metal,7494,5.752336080004068
metal,7495,5.751470771837939
metal,7496,5.749963825792683
metal,7497,5.749867179835913
metal,7498,5.749189731408559
metal,7499,5.7484581169475
metal,7500,5.745643253365884
metal,7501,5.739456582258558
metal,7502,5.730609208171323
metal,7503,5.726428246910943
metal,7504,5.725774277402952
metal,7505,5.71812646023875
metal,7506,5.717975419733205
metal,7507,5.716764598763416
metal,7508,5.7092475659185915
metal,7509,5.7059994963511
metal,7510,5.70332911249966
metal,7511,5.700660603465408
metal,7512,5.700204749862972
metal,7513,5.691651277552251
metal,7514,5.686372211867258
metal,7515,5.678037450398619
metal,7516,5.676805546208377
metal,7517,5.673973704402102
metal,7518,5.671651155050443
metal,7519,5.668635533208176
metal,7520,5.664692777046193
metal,7521,5.654116152074082
metal,7522,5.64842084008447
metal,7523,5.644340088034895
metal,7524,5.6412749486387925
metal,7525,5.639116294416498
metal,7526,5.638108666690513
metal,7527,5.633427695686373
metal,7528,5.6328022788952135
metal,7529,5.6315756523390945
metal,7530,5.630824029355774
metal,7531,5.629397499124106
metal,7532,5.623931934189543
metal,7533,5.6207673540656184
metal,7534,5.619807899156886
metal,7535,5.617482183117028
metal,7536,5.611541096462662
metal,7537,5.607765685188368
metal,7538,5.605673147466862
metal,7539,5.605673147466862
metal,7540,5.605673147466862
metal,7541,5.605673147466862
metal,7542,5.603796187112169
metal,7543,5.60285774877513
metal,7544,5.59806936442744
metal,7545,5.596436246990053
metal,7546,5.593289952486104
metal,7547,5.590959866655397
metal,7548,5.589760769857308
metal,7549,5.589158808775389
metal,7550,5.585605644052764
metal,7551,5.58492512323579
metal,7552,5.583099834274575
metal,7553,5.578537311818651
metal,7554,5.574713970118266
metal,7555,5.572379751096644
metal,7556,5.57
metal,7557,5.57
metal,7558,5.57
metal,7559,5.57
metal,7560,5.57
metal,7561,5.57
metal,7562,5.57
metal,7563,5.57
metal,7564,5.57
metal,7565,5.57
metal,7566,5.57
metal,7567,5.57
metal,7568,5.57
metal,7569,5.57
metal,7570,5.57
metal,7571,5.57
metal,7572,5.57
metal,7573,5.57
metal,7574,5.57
metal,7575,5.57
metal,7576,5.57
metal,7577,5.57
metal,7578,5.57
metal,7579,5.57
metal,7580,5.57
metal,7581,5.57
metal,7582,5.57
metal,7583,5.57
metal,7584,5.57
metal,7585,5.57
metal,7586,5.57
metal,7587,5.57
metal,7588,5.57
metal,7589,5.57
metal,7590,5.57
metal,7591,5.57
metal,7592,5.57
metal,7593,5.57
metal,7594,5.57
metal,7595,5.57
metal,7596,5.57
metal,7597,5.57
metal,7598,5.57
metal,7599,5.57
metal,7600,5.57
metal,7601,5.57
metal,7602,5.57
metal,7603,5.57
metal,7604,5.57
metal,7605,5.57
metal,7606,5.57
metal,7607,5.57
metal,7608,5.57
metal,7609,5.57
metal,7610,5.57
metal,7611,5.57
metal,7612,5.57
metal,7613,5.57
metal,7614,5.57
metal,7615,5.57
metal,7616,5.57
metal,7617,5.57
metal,7618,5.57
metal,7619,5.57
metal,7620,5.57
metal,7621,5.57
metal,7622,5.57
metal,7623,5.57
metal,7624,5.57
metal,7625,5.57
metal,7626,5.57
metal,7627,5.57
metal,7628,5.57
metal,7629,5.57
metal,7630,5.57
metal,7631,5.57
metal,7632,5.57
metal,7633,5.57
metal,7634,5.57
metal,7635,5.57
metal,7636,5.57
metal,7637,5.57
metal,7638,5.57
metal,7639,5.57
metal,7640,5.57
metal,7641,5.57
metal,7642,5.57
metal,7643,5.57
metal,7644,5.57
metal,7645,5.57
metal,7646,5.57
metal,7647,5.57
metal,7648,5.57
metal,7649,5.57
metal,7650,5.57
metal,7651,5.57
metal,7652,5.57
metal,7653,5.57
metal,7654,5.57
metal,7655,5.57
metal,7656,5.57
metal,7657,5.57
metal,7658,5.57
metal,7659,5.57
metal,7660,5.57
metal,7661,5.57
metal,7662,5.57
metal,7663,5.57
metal,7664,5.563980348507538
metal,7665,5.563869095753104
metal,7666,5.560694620667134
metal,7667,5.560289921769866
metal,7668,5.558334979128897
metal,7669,5.554355540625695
metal,7670,5.549679042889899
metal,7671,5.547470423781319
metal,7672,5.542118180069907
metal,7673,5.5381916803598825
metal,7674,5.537472053480629
metal,7675,5.51323956072918
metal,7676,5.50964176922598
metal,7677,5.506766524265359
metal,7678,5.504148752093221
metal,7679,5.500381837242607
metal,7680,5.491360048365378
metal,7681,5.487324043392122
metal,7682,5.479145960581803
metal,7683,5.476779315681777
metal,7684,5.471112546160106
metal,7685,5.471046427603179
metal,7686,5.470546466518564
metal,7687,5.468766440847798
metal,7688,5.465726617138382
metal,7689,5.45730407205739
metal,7690,5.453600338587828
metal,7691,5.452225395941637
metal,7692,5.45155596902533
metal,7693,5.443316956028733
metal,7694,5.44039353718809
metal,7695,5.439817559651207
metal,7696,5.439406087138703
metal,7697,5.428704164550496
metal,7698,5.428191050336749
metal,7699,5.422569911964775
metal,7700,5.4110981752419365
metal,7701,5.41062359599791
metal,7702,5.407732070726171
metal,7703,5.403586487448531
metal,7704,5.400960186108575
metal,7705,5.398576338489999
metal,7706,5.395617553042839
metal,7707,5.3912824833329385
metal,7708,5.390875123603361
metal,7709,5.383045191732688
metal,7710,5.376991582443005
metal,7711,5.3743787535687195
metal,7712,5.369858334554303
metal,7713,5.364733019215363
metal,7714,5.360861121373016
metal,7715,5.35564573504644
metal,7716,5.344432646206413
metal,7717,5.339443263985894
metal,7718,5.335912861936547
metal,7719,5.332087024433225
metal,7720,5.329939599065442
metal,7721,5.329203466068238
metal,7722,5.326830608498978
metal,7723,5.315828663237545
metal,7724,5.3142396799727845
metal,7725,5.305345780090157
metal,7726,5.301488346357273
metal,7727,5.287588207696314
metal,7728,5.286620023036869
metal,7729,5.2861457279836905
metal,7730,5.279384806116159
metal,7731,5.27426293471346
metal,7732,5.273800541560338
metal,7733,5.271480182925204
metal,7734,5.270257283568728
metal,7735,5.266975682788362
metal,7736,5.2659312795319515
metal,7737,5.256422985553494
metal,7738,5.256043409831271
metal,7739,5.255215792296969
metal,7740,5.250264357852502
metal,7741,5.245315598963851
metal,7742,5.24471541178113
metal,7743,5.244026762318133
metal,7744,5.243393404017873
metal,7745,5.241817467180036
metal,7746,5.2371672487710486
metal,7747,5.231493673176019
metal,7748,5.23066972729024
metal,7749,5.227875280243378
metal,7750,5.227703637073433
metal,7751,5.223442073084067
metal,7752,5.223311551544266
metal,7753,5.212764992527157
metal,7754,5.211184163185066
metal,7755,5.209291246392896
metal,7756,5.208011493578938
metal,7757,5.206037788237541
metal,7758,5.2046933883183755
metal,7759,5.200238855735532
metal,7760,5.197052501425158
metal,7761,5.196093106031378
metal,7762,5.195656826915981
metal,7763,5.193071618039651
metal,7764,5.19242742116585
metal,7765,5.182797929103236
metal,7766,5.182563078135372
metal,7767,5.182379039202377
metal,7768,5.181751765792887
metal,7769,5.179980154363707
metal,7770,5.1728160555344775
metal,7771,5.166923873230961
metal,7772,5.164787397652056
metal,7773,5.1647018114636705
metal,7774,5.163884206430467
metal,7775,5.163286205846815
metal,7776,5.159269137420693
metal,7777,5.157594621907489
metal,7778,5.152962929536043
metal,7779,5.151880305686984
metal,7780,5.1516577826836825
metal,7781,5.151510670479493
metal,7782,5.1491139952695
metal,7783,5.142469749816591
metal,7784,5.142157417029629
metal,7785,5.141509426294781
metal,7786,5.1317537575814525
metal,7787,5.13081722130851
metal,7788,5.129120082900001
metal,7789,5.123699985736768
metal,7790,5.118731087724588
metal,7791,5.117030445648783
metal,7792,5.11586291635851
metal,7793,5.11475589861579
metal,7794,5.114634650250814
metal,7795,5.113357738588631
metal,7796,5.110879921372388
metal,7797,5.110334169352365
metal,7798,5.109968138317868
metal,7799,5.105606608593025
metal,7800,5.099757629220116
metal,7801,5.0922173105013915
metal,7802,5.086744236962094
metal,7803,5.086175815801852
metal,7804,5.084611848214185
metal,7805,5.082437767981926
metal,7806,5.081584790889103
metal,7807,5.081406793661859
metal,7808,5.075363951204997
metal,7809,5.07302747741838
metal,7810,5.068180244551848
metal,7811,5.067000189980964
metal,7812,5.064075589844553
metal,7813,5.061418856696103
metal,7814,5.059692398524156
metal,7815,5.059246150885557
metal,7816,5.058598684406691
metal,7817,5.058472783660839
metal,7818,5.057244523625799
metal,7819,5.0568980361218525
metal,7820,5.053813723566519
metal,7821,5.052677469709529
metal,7822,5.050679777928201
metal,7823,5.049643883275795
metal,7824,5.048254125417969
metal,7825,5.047728649905999
metal,7826,5.04754472165975
metal,7827,5.0472128577911075
metal,7828,5.04684263161988
metal,7829,5.037805649119176
metal,7830,5.035512677426487
metal,7831,5.032952045957458
metal,7832,5.032319703885472
metal,7833,5.0304732862919765
metal,7834,5.028827723373148
metal,7835,5.024181288646958
metal,7836,5.022285326938876
metal,7837,5.022123318224643
metal,7838,5.02035778981974
metal,7839,5.018890695461142
metal,7840,5.018056357075479
metal,7841,5.016744994566215
metal,7842,5.015687649826128
metal,7843,5.014611251916533
metal,7844,5.013359957051691
metal,7845,5.013359100614727
metal,7846,5.010479845492432
metal,7847,5.0097861798315035
metal,7848,5.008629102569833
metal,7849,5.008439220898773
metal,7850,5.007157006743912
metal,7851,5.006613237142794
metal,7852,5.005931948450379
metal,7853,5.005165814577633
metal,7854,5.004973609148438
metal,7855,5.002130487722383
metal,7856,5.001116698115103
metal,7857,4.998693803023533
metal,7858,4.996600195071681
metal,7859,4.989725105122943
metal,7860,4.989241470120997
metal,7861,4.989048972331321
metal,7862,4.983458365389656
metal,7863,4.983182182884369
metal,7864,4.981635325013597
metal,7865,4.979837117872267
metal,7866,4.977234233575243
metal,7867,4.974756312399566
metal,7868,4.971353535821256
metal,7869,4.967641188464954
metal,7870,4.966648484496385
metal,7871,4.965758947124087
metal,7872,4.964665033628383
metal,7873,4.962546374765606
metal,7874,4.961434704846901
metal,7875,4.960722344748285
metal,7876,4.958209444285293
metal,7877,4.957371154275531
metal,7878,4.955689612668324
metal,7879,4.952613507363982
metal,7880,4.952524210278053
metal,7881,4.950271857295471
metal,7882,4.949485572013522
metal,7883,4.948482274970802
metal,7884,4.947112599611328
metal,7885,4.94388977174261
metal,7886,4.942935537349893
metal,7887,4.942703050482142
metal,7888,4.941171858212559
metal,7889,4.9408175828696566
metal,7890,4.938873278016029
metal,7891,4.938747065150307
metal,7892,4.934324401967292
metal,7893,4.934039780783454
metal,7894,4.9337437065568235
metal,7895,4.932495346534248
metal,7896,4.923737432552247
metal,7897,4.921223268421231
metal,7898,4.920483654462621
metal,7899,4.920439045223204
metal,7900,4.919463386205762
metal,7901,4.917581795048309
metal,7902,4.9168657598408885
metal,7903,4.915596820390511
metal,7904,4.913290650661367
metal,7905,4.913005622287402
metal,7906,4.911289945093109
metal,7907,4.908434917791362
metal,7908,4.904145157326263
metal,7909,4.902903767462174
metal,7910,4.902743470307286
metal,7911,4.901495323628074
metal,7912,4.89645384843432
metal,7913,4.894823123580526
metal,7914,4.891282155734164
metal,7915,4.888094827260034
metal,7916,4.887398909120768
metal,7917,4.884926182712033
metal,7918,4.880959835740724
metal,7919,4.880184719220392
metal,7920,4.879177023828538
metal,7921,4.877400986157939
metal,7922,4.877350049331316
metal,7923,4.874898220534388
metal,7924,4.872611995603016
metal,7925,4.872533849085135
metal,7926,4.870467966179136
metal,7927,4.870001457394164
metal,7928,4.868560378263111
metal,7929,4.868008765829343
metal,7930,4.866024693671218
metal,7931,4.865630945724961
metal,7932,4.86476736678582
metal,7933,4.863345756419143
metal,7934,4.863161376324726
metal,7935,4.862669424036902
metal,7936,4.862182233136235
metal,7937,4.8618431259140795
metal,7938,4.860772675032409
metal,7939,4.8585836932741895
metal,7940,4.857278212094215
metal,7941,4.857166279537463
metal,7942,4.855570731582249
metal,7943,4.854273381669641
metal,7944,4.852874206620981
metal,7945,4.851758316957153
metal,7946,4.851418061678526
metal,7947,4.8507203814201745
metal,7948,4.849843991464264
metal,7949,4.849802880824526
metal,7950,4.847833746718602
metal,7951,4.846976332878244
metal,7952,4.846008699405045
metal,7953,4.841701617146924
metal,7954,4.839780838120722
metal,7955,4.838067541966746
metal,7956,4.836122389081434
metal,7957,4.836047276854911
metal,7958,4.8353970672681355
metal,7959,4.8288971172061235
metal,7960,4.827439493434511
metal,7961,4.82694620774756
metal,7962,4.824302682474907
metal,7963,4.822557572796158
metal,7964,4.821693478249328
metal,7965,4.820450358699108
metal,7966,4.820067242334709
metal,7967,4.819718614851048
metal,7968,4.8167684055324305
metal,7969,4.816526590255605
metal,7970,4.810993784360802
metal,7971,4.807770960494635
metal,7972,4.80775447899355
metal,7973,4.8074868484551105
metal,7974,4.805952844517391
metal,7975,4.800769951487284
metal,7976,4.800701496903002
metal,7977,4.800661963661146
metal,7978,4.800475408398134
metal,7979,4.8
metal,7980,4.8
metal,7981,4.8
metal,7982,4.8
metal,7983,4.8
metal,7984,4.8
metal,7985,4.8
metal,7986,4.8
metal,7987,4.8
metal,7988,4.8
metal,7989,4.8
metal,7990,4.8
metal,7991,4.8
metal,7992,4.8
metal,7993,4.8
metal,7994,4.8
metal,7995,4.8
metal,7996,4.8
metal,7997,4.8
metal,7998,4.8
metal,7999,4.8
metal,8000,4.8
metal,8001,4.8
metal,8002,4.8
metal,8003,4.8
metal,8004,4.8
metal,8005,4.8
metal,8006,4.8
metal,8007,4.8
metal,8008,4.8
metal,8009,4.799710454182436
metal,8010,4.799550453891941
metal,8011,4.798930311935983
metal,8012,4.798578016946523
metal,8013,4.798345699651252
metal,8014,4.794599004176476
metal,8015,4.794558987981839
metal,8016,4.793783664081383
metal,8017,4.793156390202066
metal,8018,4.792624002168477
metal,8019,4.790134432610529
metal,8020,4.7897083153536535
metal,8021,4.789611447795437
metal,8022,4.788516681550083
metal,8023,4.78596642072641
metal,8024,4.7827413481961925
metal,8025,4.782050727193983
metal,8026,4.7806293250857586
metal,8027,4.779588918744498
metal,8028,4.779305235459667
metal,8029,4.778236106208306
metal,8030,4.7759892194742735
metal,8031,4.775672985788301
metal,8032,4.775371591755671
metal,8033,4.774866817785602
metal,8034,4.772664498344562
metal,8035,4.771434973622667
metal,8036,4.771135437841212
metal,8037,4.769964589119537
metal,8038,4.769473703934886
metal,8039,4.768923334290396
metal,8040,4.766934117599958
metal,8041,4.766773093417955
metal,8042,4.766731808100554
metal,8043,4.7667247384425036
metal,8044,4.764507785663424
metal,8045,4.76413840451532
metal,8046,4.763489787570812
metal,8047,4.762909648565396
metal,8048,4.76290710317405
metal,8049,4.762390528689316
metal,8050,4.761279655982284
metal,8051,4.756286293999178
metal,8052,4.750190558932482
metal,8053,4.7495857885994734
metal,8054,4.748098042879513
metal,8055,4.747824302153671
metal,8056,4.74653835557628
metal,8057,4.746509177771876
metal,8058,4.744808898010128
metal,8059,4.744722161459193
metal,8060,4.743323246288952
metal,8061,4.742890393298193
metal,8062,4.740331586875951
metal,8063,4.740191012089424
metal,8064,4.74013859355823
metal,8065,4.739722883097814
metal,8066,4.736782748642723
metal,8067,4.7366184781625
metal,8068,4.736396011152315
metal,8069,4.7348879438261635
metal,8070,4.732195032050198
metal,8071,4.732044675635737
metal,8072,4.728887102960004
metal,8073,4.728761449385374
metal,8074,4.725091121552636
metal,8075,4.722971480461849
metal,8076,4.7222513394898264
metal,8077,4.721867410714769
metal,8078,4.718029530772739
metal,8079,4.716355118769036
metal,8080,4.716177783632478
metal,8081,4.715051782905455
metal,8082,4.714832049206105
metal,8083,4.714208251986106
metal,8084,4.713425457112653
metal,8085,4.711756993122021
metal,8086,4.711303239309079
metal,8087,4.7106773885416455
metal,8088,4.710458513348191
metal,8089,4.7098117593133795
metal,8090,4.70781762853629
metal,8091,4.707225634776704
metal,8092,4.7070224764547515
metal,8093,4.7065416226815895
metal,8094,4.705221173597666
metal,8095,4.70434232930237
metal,8096,4.704130111492637
metal,8097,4.703152851847573
metal,8098,4.702863872488556
metal,8099,4.702846069915779
metal,8100,4.7026756794102
metal,8101,4.70240950663761
metal,8102,4.701619731633972
metal,8103,4.699989805735182
metal,8104,4.6980444188237005
metal,8105,4.697016066936218
metal,8106,4.696555546078162
metal,8107,4.695885709274208
metal,8108,4.694529991541558
metal,8109,4.693436465213404
metal,8110,4.6924100847898575
metal,8111,4.691769072259159
metal,8112,4.69169015449014
metal,8113,4.691162925576352
metal,8114,4.6907414361163084
metal,8115,4.69062662761174
metal,8116,4.690533304098878
metal,8117,4.68937860635194
metal,8118,4.689261404982735
metal,8119,4.689055987659433
metal,8120,4.685736341333325
metal,8121,4.684972497436577
metal,8122,4.684948473854393
metal,8123,4.684025190603045
metal,8124,4.683917366490588
metal,8125,4.683833374330021
metal,8126,4.683514915166505
metal,8127,4.681790052653081
metal,8128,4.681558920022363
metal,8129,4.680519479343018
metal,8130,4.680253886767752
metal,8131,4.679065993956506
metal,8132,4.6777895439593
metal,8133,4.677439356663692
metal,8134,4.677228829168902
metal,8135,4.675973091103845
metal,8136,4.675508734224101
metal,8137,4.675436223307661
metal,8138,4.675109657463105
metal,8139,4.6743766400288544
metal,8140,4.673665335497036
metal,8141,4.673485934928556
metal,8142,4.673216266794607
metal,8143,4.6690352461037525
metal,8144,4.668476192443296
metal,8145,4.667976514777191
metal,8146,4.666992888698312
metal,8147,4.666482318292805
metal,8148,4.6655716303650205
metal,8149,4.660929148385867
metal,8150,4.659971702237559
metal,8151,4.658749758151649
metal,8152,4.6580540961294545
metal,8153,4.654976967754177
metal,8154,4.653448399368731
metal,8155,4.652866769804431
metal,8156,4.652297759218216
metal,8157,4.652297375445613
metal,8158,4.652201801241415
metal,8159,4.651812077403353
metal,8160,4.651571438907807
metal,8161,4.650208109601739
metal,8162,4.646501098150027
metal,8163,4.644539387079322
metal,8164,4.644263851017698
metal,8165,4.643804044338779
metal,8166,4.642720258298727
metal,8167,4.64219672118058
metal,8168,4.642103706970953
metal,8169,4.641104875004054
metal,8170,4.640868052258842
metal,8171,4.639954564309854
metal,8172,4.63877714242664
metal,8173,4.63843028217046
metal,8174,4.636609572364138
metal,8175,4.635875691170547
metal,8176,4.6354612193677145
metal,8177,4.634007121838105
metal,8178,4.633560393623284
metal,8179,4.631993219350309
metal,8180,4.631408279158199
metal,8181,4.630458198297635
metal,8182,4.6299874256376095
metal,8183,4.629912193540605
metal,8184,4.629542712837864
metal,8185,4.629248648910854
metal,8186,4.6291306913291494
metal,8187,4.627428198432038
metal,8188,4.627381627309826
metal,8189,4.626814910371919
metal,8190,4.6262028340700265
metal,8191,4.625315553596351
metal,8192,4.624983353303188
metal,8193,4.623882916350469
metal,8194,4.62201702780425
metal,8195,4.620076947125917
metal,8196,4.619833814247336
metal,8197,4.619544107500461
metal,8198,4.619181476303558
metal,8199,4.618146041172049
metal,8200,4.615376399982123
metal,8201,4.615335560516713
metal,8202,4.614478891043641
metal,8203,4.611344415638166
metal,8204,4.610994513646929
metal,8205,4.610991550146552
metal,8206,4.610622217983679
metal,8207,4.607965866450344
metal,8208,4.607916013888188
metal,8209,4.607171067792839
metal,8210,4.605135940064503
metal,8211,4.604601496069862
metal,8212,4.603891361898885
metal,8213,4.603391057565251
metal,8214,4.603360851958344
metal,8215,4.602826181830734
metal,8216,4.6028004149779544
metal,8217,4.602757431602784
metal,8218,4.601671663816324
metal,8219,4.601652389058056
metal,8220,4.6014458925105
metal,8221,4.601093742940839
metal,8222,4.599321851262004
metal,8223,4.598837650394722
metal,8224,4.598635345686857
metal,8225,4.59809503753705
metal,8226,4.596484425872121
metal,8227,4.594278445715486
metal,8228,4.593095041271274
metal,8229,4.592953861865944
metal,8230,4.592904099232218
metal,8231,4.5924920853412665
metal,8232,4.5924111266505205
metal,8233,4.591917101907572
metal,8234,4.591421487289715
metal,8235,4.5909693533206575
metal,8236,4.59058359533424
metal,8237,4.590263615440691
metal,8238,4.589411425665178
metal,8239,4.58916117393005
metal,8240,4.587731179415286
metal,8241,4.5871349957559895
metal,8242,4.586923269222235
metal,8243,4.586172872389559
metal,8244,4.585224568760722
metal,8245,4.585222014277113
metal,8246,4.584963318436935
metal,8247,4.584496129987029
metal,8248,4.583823369710088
metal,8249,4.583667218200171
metal,8250,4.583597079972716
metal,8251,4.583473898646007
metal,8252,4.583436632715932
metal,8253,4.582021902220603
metal,8254,4.58177072435851
metal,8255,4.581366087505004
metal,8256,4.58010037985542
metal,8257,4.5798882369192
metal,8258,4.579466200583503
metal,8259,4.5794089399631845
metal,8260,4.5789550653085795
metal,8261,4.578693996738834
metal,8262,4.578500374292911
metal,8263,4.577960876347639
metal,8264,4.577786013890087
metal,8265,4.577622681616275
metal,8266,4.577450450537664
metal,8267,4.576712968790888
metal,8268,4.576599863036041
metal,8269,4.576571335037542
metal,8270,4.5763201385097965
metal,8271,4.575689243958977
metal,8272,4.57541124645463
metal,8273,4.575130749628332
metal,8274,4.572860908738692
metal,8275,4.572507451814703
metal,8276,4.572385435885165
metal,8277,4.572106555539206
metal,8278,4.570983708813922
metal,8279,4.570580115338904
metal,8280,4.570517063509928
metal,8281,4.569798320587016
metal,8282,4.56713204758541
metal,8283,4.567129630601376
metal,8284,4.566478152800389
metal,8285,4.566465241182005
metal,8286,4.56543799615683
metal,8287,4.564002132307557
metal,8288,4.563080915608319
metal,8289,4.562714922337458
metal,8290,4.559896813265934
metal,8291,4.557189710231028
metal,8292,4.556057874513661
metal,8293,4.5556794012310755
metal,8294,4.555341456453706
metal,8295,4.5547332795568245
metal,8296,4.554123280547557
metal,8297,4.554086439223302
metal,8298,4.5536444874750694
metal,8299,4.5523676279359275
metal,8300,4.551734647147372
metal,8301,4.550346179934384
metal,8302,4.550067288553582
metal,8303,4.5499021599272975
metal,8304,4.549571952007745
metal,8305,4.549269465804725
metal,8306,4.549071781351205
metal,8307,4.548630302162455
metal,8308,4.54859113773046
metal,8309,4.5484171928376025
metal,8310,4.547326673196544
metal,8311,4.546279077171331
metal,8312,4.546014451323164
metal,8313,4.54596311683624
metal,8314,4.545888733977161
metal,8315,4.545581916404508
metal,8316,4.544350039995862
metal,8317,4.544210268054057
metal,8318,4.544030517774019
metal,8319,4.542447974268815
metal,8320,4.541839713828525
metal,8321,4.541793162020251
metal,8322,4.541598052383029
metal,8323,4.540646384850586
metal,8324,4.539950091823588
metal,8325,4.539134259129899
metal,8326,4.538891304528718
metal,8327,4.538411415797507
metal,8328,4.5369282293210595
metal,8329,4.536406870120176
metal,8330,4.536293275483715
metal,8331,4.535617614840931
metal,8332,4.535093847733497
metal,8333,4.534808047981901
metal,8334,4.5347353644336685
metal,8335,4.534651283029048
metal,8336,4.533236109788036
metal,8337,4.530983413556676
metal,8338,4.530957016380264
metal,8339,4.530919403238907
metal,8340,4.530718568665526
metal,8341,4.530359352857011
metal,8342,4.529519871988823
metal,8343,4.5282999073796155
metal,8344,4.52813467564302
metal,8345,4.527931962442493
metal,8346,4.527630080660593
metal,8347,4.5268651364556005
metal,8348,4.52669277945867
metal,8349,4.525738714382641
metal,8350,4.524609729874906
metal,8351,4.5234856529800025
metal,8352,4.523338174525068
metal,8353,4.522735290116072
metal,8354,4.522626267043382
metal,8355,4.521826662823622
metal,8356,4.521823711044085
metal,8357,4.519669085498726
metal,8358,4.519366365197602
metal,8359,4.519357584035262
metal,8360,4.518127179946381
metal,8361,4.517873200146027
metal,8362,4.517247273602356
metal,8363,4.516107929026803
metal,8364,4.515503751848927
metal,8365,4.515273931364781
metal,8366,4.515172351013456
metal,8367,4.515123411827051
metal,8368,4.514869208439888
metal,8369,4.514716443360466
metal,8370,4.51411887977049
metal,8371,4.513173286534167
metal,8372,4.513049246237734
metal,8373,4.512105418709431
metal,8374,4.511685751703918
metal,8375,4.5104709509104115
metal,8376,4.510300699474242
metal,8377,4.50980099146364
metal,8378,4.509571832488027
metal,8379,4.508902912937972
metal,8380,4.507807216472273
metal,8381,4.506659428754297
metal,8382,4.5060739069145885
metal,8383,4.505833487183791
metal,8384,4.505100896135651
metal,8385,4.503297476468719
metal,8386,4.502349358697554
metal,8387,4.500160382823732
metal,8388,4.499818977594658
metal,8389,4.499319646967294
metal,8390,4.498657484905195
metal,8391,4.498647755532668
metal,8392,4.497240379774137
metal,8393,4.497173164686572
metal,8394,4.497139778354708
metal,8395,4.49705184311831
metal,8396,4.496930037703443
metal,8397,4.496562742680255
metal,8398,4.496423587866208
metal,8399,4.495583381966344
metal,8400,4.494164637268217
metal,8401,4.494156112837098
metal,8402,4.493994695955753
metal,8403,4.493241504953549
metal,8404,4.4932119671732105
metal,8405,4.493151597718164
metal,8406,4.4921596831207
metal,8407,4.490858993820824
metal,8408,4.49082149723214
metal,8409,4.490341065058773
metal,8410,4.489430533780942
metal,8411,4.488710757993267
metal,8412,4.488057685682832
metal,8413,4.486944519376408
metal,8414,4.4852626846829216
metal,8415,4.484822849913583
metal,8416,4.4847515165911425
metal,8417,4.484667715072706
metal,8418,4.4843601104514015
metal,8419,4.483567859298068
metal,8420,4.483500831844093
metal,8421,4.483418854158631
metal,8422,4.483022300680785
metal,8423,4.482162276235937
metal,8424,4.481965538829854
metal,8425,4.480015007576794
metal,8426,4.47842000098376
metal,8427,4.478134815681356
metal,8428,4.477625838858433
metal,8429,4.4764794042409894
metal,8430,4.475225644520346
metal,8431,4.474789100224542
metal,8432,4.47379164195999
metal,8433,4.47268353014302
metal,8434,4.472328713136884
metal,8435,4.472045912446264
metal,8436,4.471771320397033
metal,8437,4.470104926702304
metal,8438,4.470073458072996
metal,8439,4.469587740755145
metal,8440,4.4691589251086725
metal,8441,4.4685587685523975
metal,8442,4.468214822598256
metal,8443,4.467883879961579
metal,8444,4.466950606107709
metal,8445,4.465923217879618
metal,8446,4.465888487880369
metal,8447,4.465238053203703
metal,8448,4.465115603931132
metal,8449,4.4643761596556475
metal,8450,4.463451132111989
metal,8451,4.462637276157621
metal,8452,4.462420639477732
metal,8453,4.461971229639971
metal,8454,4.461251096866834
metal,8455,4.461242221878746
metal,8456,4.46090930948751
metal,8457,4.4590171872705335
metal,8458,4.458850324788619
metal,8459,4.458316800619538
metal,8460,4.457809175894872
metal,8461,4.456811236843912
metal,8462,4.455773217852986
metal,8463,4.455611873666277
metal,8464,4.454888372612945
metal,8465,4.454149547186007
metal,8466,4.45337765764371
metal,8467,4.453066776100206
metal,8468,4.452487856336583
metal,8469,4.4519868214597835
metal,8470,4.4516912879329205
metal,8471,4.451613361321824
metal,8472,4.4515147083621205
metal,8473,4.450882549565993
metal,8474,4.450798686257798
metal,8475,4.448648775197661
metal,8476,4.447800734075157
metal,8477,4.446489592906297
metal,8478,4.4455198508428975
metal,8479,4.445345589600096
metal,8480,4.4450378053797
metal,8481,4.444693095288466
metal,8482,4.4441621202018124
metal,8483,4.441366003185031
metal,8484,4.441153040064871
metal,8485,4.43868797250412
metal,8486,4.438357361917684
metal,8487,4.437424768626686
metal,8488,4.437331334463896
metal,8489,4.437265373780764
metal,8490,4.437008324736976
metal,8491,4.435438764172363
metal,8492,4.4338938402270935
metal,8493,4.432825024003806
metal,8494,4.43180692648542
metal,8495,4.431420540536456
metal,8496,4.4309693383092075
metal,8497,4.430549433121504
metal,8498,4.4296716539937435
metal,8499,4.429490973476275
metal,8500,4.428383574887892
metal,8501,4.428128664673401
metal,8502,4.427267792282725
metal,8503,4.425971405068425
metal,8504,4.425841633130323
metal,8505,4.425739676144674
metal,8506,4.423072548364962
metal,8507,4.422691377257969
metal,8508,4.422472572946468
metal,8509,4.422321780816545
metal,8510,4.421748469392665
metal,8511,4.419997879436382
metal,8512,4.419748318911649
metal,8513,4.414171828972405
metal,8514,4.413696605582376
metal,8515,4.413414400293757
metal,8516,4.413397227879017
metal,8517,4.412902545049475
metal,8518,4.41224867573192
metal,8519,4.410547468597948
metal,8520,4.410041667059631
metal,8521,4.409256044811839
metal,8522,4.4075455150122185
metal,8523,4.407522437285336
metal,8524,4.40606386604475
metal,8525,4.405205712049127
metal,8526,4.404359234634889
metal,8527,4.404244388045719
metal,8528,4.4039470999284
metal,8529,4.401411003972262
metal,8530,4.400754425460953
metal,8531,4.397332663414514
metal,8532,4.39701863179367
metal,8533,4.396080635235048
metal,8534,4.393665333146441
metal,8535,4.393651432439752
metal,8536,4.391862569515619
metal,8537,4.391639395609227
metal,8538,4.391345730915411
metal,8539,4.39063939252576
metal,8540,4.389175231758673
metal,8541,4.3891402091341565
metal,8542,4.387869232290068
metal,8543,4.387278897543934
metal,8544,4.387131559135872
metal,8545,4.385833676496196
metal,8546,4.3858087149301355
metal,8547,4.38572403923899
metal,8548,4.385254352679103
metal,8549,4.384872715645637
metal,8550,4.384391286576142
metal,8551,4.382619740777855
metal,8552,4.381819040232234
metal,8553,4.381598462202556
metal,8554,4.380826159489989
metal,8555,4.379570045959859
metal,8556,4.379268812328835
metal,8557,4.378937251717895
metal,8558,4.3788842246097905
metal,8559,4.378434393824756
metal,8560,4.37770043967959
metal,8561,4.377540560982792
metal,8562,4.374509307417402
metal,8563,4.3735130764497105
metal,8564,4.372404439780325
metal,8565,4.37212636480525
metal,8566,4.37203213604784
metal,8567,4.371860201270856
metal,8568,4.370734338013634
metal,8569,4.369514305865987
metal,8570,4.369292341177835
metal,8571,4.367749774151791
metal,8572,4.367390377665053
metal,8573,4.366097755119427
metal,8574,4.366016430107472
metal,8575,4.366004428449595
metal,8576,4.365771230556545
metal,8577,4.36497446341134
metal,8578,4.364579731930703
metal,8579,4.364405351859922
metal,8580,4.363414403376536
metal,8581,4.362386322738789
metal,8582,4.362304405623915
metal,8583,4.36055907184623
metal,8584,4.359935279510724
metal,8585,4.3591889054636415
metal,8586,4.358511515824518
metal,8587,4.357021579742268
metal,8588,4.355739373747832
metal,8589,4.355258670881183
metal,8590,4.354196812131278
metal,8591,4.353588831742438
metal,8592,4.353522617822051
metal,8593,4.35341533955288
metal,8594,4.353186857992421
metal,8595,4.353092314575442
metal,8596,4.349741232810873
metal,8597,4.348076769247055
metal,8598,4.347529671292403
metal,8599,4.346123158816054
metal,8600,4.345269921743444
metal,8601,4.345239890625673
metal,8602,4.344794179962069
metal,8603,4.344654637083002
metal,8604,4.34308013751304
metal,8605,4.342747001902689
metal,8606,4.3420318305040535
metal,8607,4.341423038886547
metal,8608,4.338513190983745
metal,8609,4.3382274301216714
metal,8610,4.337120411131084
metal,8611,4.336249201019324
metal,8612,4.336133053058584
metal,8613,4.334460443830671
metal,8614,4.333687844034632
metal,8615,4.333493869113631
metal,8616,4.332986543339659
metal,8617,4.331740333934448
metal,8618,4.33164324374666
metal,8619,4.329562086269342
metal,8620,4.329498059723836
metal,8621,4.328643059887443
metal,8622,4.32708583880042
metal,8623,4.326900383265048
metal,8624,4.326191515783444
metal,8625,4.325814544130584
metal,8626,4.324177590777763
metal,8627,4.323723635458659
metal,8628,4.3229369727883755
metal,8629,4.322411792415227
metal,8630,4.321620755295629
metal,8631,4.320977736083108
metal,8632,4.319185022993718
metal,8633,4.3187007701260125
metal,8634,4.318524809430133
metal,8635,4.317907774424915
metal,8636,4.314367183589859
metal,8637,4.314225525359939
metal,8638,4.313372992444371
metal,8639,4.313039818476577
metal,8640,4.312847668509448
metal,8641,4.312586177238665
metal,8642,4.312505959806424
metal,8643,4.311981651765994
metal,8644,4.307389116352001
metal,8645,4.306621575099752
metal,8646,4.305545144360387
metal,8647,4.305331527223899
metal,8648,4.304827666150389
metal,8649,4.304580852596105
metal,8650,4.304205324636161
metal,8651,4.30325905113399
metal,8652,4.302748836264147
metal,8653,4.3019169713954275
metal,8654,4.301730346033103
metal,8655,4.301128417492309
metal,8656,4.300801633047144
metal,8657,4.300313194248831
metal,8658,4.299606930555068
metal,8659,4.298506972921084
metal,8660,4.295752011285924
metal,8661,4.2952605849936685
metal,8662,4.295094291502903
metal,8663,4.294741334956754
metal,8664,4.291283564882254
metal,8665,4.288671009184263
metal,8666,4.288051794476595
metal,8667,4.287333740768194
metal,8668,4.28626193653377
metal,8669,4.285977117320509
metal,8670,4.28446031408039
metal,8671,4.28246201133366
metal,8672,4.281523478032661
metal,8673,4.281285391888196
metal,8674,4.2807415298983305
metal,8675,4.280735964245479
metal,8676,4.280216292586873
metal,8677,4.278588784097302
metal,8678,4.278548408550038
metal,8679,4.2768359490516055
metal,8680,4.2767614727294605
metal,8681,4.273379621251625
metal,8682,4.2730435380075065
metal,8683,4.272712876340362
metal,8684,4.272548252620698
metal,8685,4.271890730763452
metal,8686,4.271242420174828
metal,8687,4.270270343289813
metal,8688,4.269725579787577
metal,8689,4.269267227526202
metal,8690,4.2691081969315485
metal,8691,4.26808453584072
metal,8692,4.268018902527692
metal,8693,4.267335456712956
metal,8694,4.266889924043101
metal,8695,4.26634971805961
metal,8696,4.266096597845646
metal,8697,4.264213819501322
metal,8698,4.263664765412552
metal,8699,4.259943097406005
metal,8700,4.2547663177590715
metal,8701,4.254379422244366
metal,8702,4.246867566881626
metal,8703,4.2465694907440765
metal,8704,4.245881207835903
metal,8705,4.245753439234591
metal,8706,4.2455609880437555
metal,8707,4.2447207598826004
metal,8708,4.24269088914577
metal,8709,4.242127365347523
metal,8710,4.241703949165213
metal,8711,4.24156217663254
metal,8712,4.241099121674474
metal,8713,4.238652434541513
metal,8714,4.236010587641836
metal,8715,4.234076314215996
metal,8716,4.232722938215773
metal,8717,4.232573567690787
metal,8718,4.232321680031758
metal,8719,4.22552072530369
metal,8720,4.224885882761807
metal,8721,4.223364292195386
metal,8722,4.223064610120556
metal,8723,4.221797427316082
metal,8724,4.221688336519678
metal,8725,4.220888225688432
metal,8726,4.217213702517791
metal,8727,4.217181800043753
metal,8728,4.215741218053512
metal,8729,4.215727529140009
metal,8730,4.214759023326485
metal,8731,4.209972410150638
metal,8732,4.201811442755865
metal,8733,4.194056260036033
metal,8734,4.188454689306727
metal,8735,4.178252463561656
metal,8736,4.1682623822808065
metal,8737,4.164870321836647
metal,8738,4.1607612864202
metal,8739,4.142855748800675
metal,8740,4.141803252218214
metal,8741,4.138191132787306
metal,8742,4.1332993634957536
metal,8743,4.130343441812589
metal,8744,4.128206012890306
metal,8745,4.127984494494151
metal,8746,4.113363446538837
metal,8747,4.11241476553099
metal,8748,4.108313409990885
metal,8749,4.106544309207085
metal,8750,4.104084590404695
metal,8751,4.103547892669294
metal,8752,4.1035077469091785
metal,8753,4.065860190729219
metal,8754,4.057428327699017
metal,8755,4.056628134633982
metal,8756,4.05500186032018
metal,8757,4.043540600699983
metal,8758,4.041825906744698
metal,8759,4.015038684729324
metal,8760,3.989363844660052
paper,1,68004.63386153468
paper,2,67912.00091605415
paper,3,67565.6437891564
paper,4,67530.18439709269
paper,5,67377.41401695716
paper,6,67297.36173429046
paper,7,67293.86822624331
paper,8,67192.05902219881
paper,9,67094.75306875698
paper,10,67016.2122985326
paper,11,66897.0430934953
paper,12,66805.20361979594
paper,13,66793.16188226244
paper,14,66758.21585522272
paper,15,66711.55528284697
paper,16,66690.35841831761
paper,17,66658.31296952581
paper,18,66632.92895919527
paper,19,66622.63945444784
paper,20,66614.44288195291
paper,21,66591.6204269609
paper,22,66525.36188855924
paper,23,66344.71258965795
paper,24,66344.71258965795
paper,25,66344.71258965795
paper,26,66344.71258965795
paper,27,66305.51608819174
paper,28,66294.74558304148
paper,29,66254.21379370707
paper,30,66226.93014989106
paper,31,66201.4179963048
paper,32,66195.13008821974
paper,33,66193.75166944155
paper,34,66153.18832344719
paper,35,66136.46146265209
paper,36,66099.44210272745
paper,37,66079.0418452826
paper,38,66043.72863716092
paper,39,66036.64948580894
paper,40,66036.1871200871
paper,41,66034.53040463326
paper,42,66018.58141860343
paper,43,65956.87441612076
paper,44,65928.08367544721
paper,45,65911.41064399332
paper,46,65907.31846982727
paper,47,65904.44786144025
paper,48,65888.81612609804
paper,49,65874.08055451077
paper,50,65862.09847116315
paper,51,65841.08681557653
paper,52,65835.62445849353
paper,53,65833.19572475168
paper,54,65826.20549515699
paper,55,65820.18345253043
paper,56,65819.75078905087
paper,57,65815.68564248242
paper,58,65795.78718809503
paper,59,65784.56625169748
paper,60,65779.74595946577
paper,61,65778.8568316605
paper,62,65758.54663883976
paper,63,65750.42963356065
paper,64,65749.45628712399
paper,65,65739.89118611763
paper,66,65731.71828458592
paper,67,65728.7508661886
paper,68,65726.14288906663
paper,69,65713.26619217297
paper,70,65705.17023625292
paper,71,65695.18375235744
paper,72,65693.17227300837
paper,73,65692.45077775096
paper,74,65690.42371845475
paper,75,65671.3707404962
paper,76,65655.82715160825
paper,77,65638.94505185154
paper,78,65632.57892844481
paper,79,65626.40706119663
paper,80,65620.76210594701
paper,81,65619.94920905851
paper,82,65618.48192940063
paper,83,65615.13294607821
paper,84,65613.67881834733
paper,85,65609.27120927419
paper,86,65590.38492412692
paper,87,65585.93698807362
paper,88,65584.03345603512
paper,89,65573.34018059762
paper,90,65570.17634980676
paper,91,65559.70751202523
paper,92,65548.46154400041
paper,93,65546.77400795194
paper,94,65545.05019082711
paper,95,65533.77835529901
paper,96,65509.657095640745
paper,97,65505.723048373155
paper,98,65501.96294641901
paper,99,65499.83158020992
paper,100,65492.58908070414
paper,101,65489.547242418535
paper,102,65485.39123360314
paper,103,65484.67862705453
paper,104,65483.44532649444
paper,105,65475.325961299015
paper,106,65474.24446822533
paper,107,65472.70320664529
paper,108,65470.34203375102
paper,109,65470.184003237846
paper,110,65464.60307080356
paper,111,65459.70841120795
paper,112,65458.34045594226
paper,113,65455.46831724305
paper,114,65454.83947469282
paper,115,65451.60737218171
paper,116,65450.55384757813
paper,117,65446.29648553243
paper,118,65445.840566536775
paper,119,65441.60349237394
paper,120,65427.50608384094
paper,121,65427.001100319685
paper,122,65426.907186611796
paper,123,65423.08897955365
paper,124,65422.71258965795
paper,125,65421.256267772165
paper,126,65420.28075507644
paper,127,65418.87971857876
paper,128,65418.866337596824
paper,129,65418.27701373676
paper,130,65416.59254469512
paper,131,65411.213110512836
paper,132,65408.94030904446
paper,133,65402.80434204752
paper,134,65401.64861917999
paper,135,65401.15464812295
paper,136,65395.135807627004
paper,137,65394.790865878684
paper,138,65390.30165697512
paper,139,65388.580581347494
paper,140,65386.62856426229
paper,141,65375.558149674755
paper,142,65374.6814407221
paper,143,65372.82708837881
paper,144,65360.85456392041
paper,145,65354.60844055866
paper,146,65344.71258965795
paper,147,65344.71258965795
paper,148,65343.33695097514
paper,149,65337.76690394555
paper,150,65336.73514863445
paper,151,65336.10452567812
paper,152,65326.848482183785
paper,153,65324.456340643635
paper,154,65319.3425672622
paper,155,65318.33819036788
paper,156,65317.45255413747
paper,157,65313.85881148786
paper,158,65313.85472661963
paper,159,65308.082787154395
paper,160,65307.112061792104
paper,161,65306.38126392731
paper,162,65304.358440036965
paper,163,65296.10152852256
paper,164,65289.9644622586
paper,165,65279.91469158628
paper,166,65275.43092781198
paper,167,65272.03944438534
paper,168,65265.34150524239
paper,169,65262.083027665285
paper,170,65261.99154489932
paper,171,65259.13316393953
paper,172,65258.70684401113
paper,173,65257.93004227443
paper,174,65250.63740793048
paper,175,65249.652366637245
paper,176,65242.17455098764
paper,177,65238.51088040745
paper,178,65237.35791859883
paper,179,65237.22602182757
paper,180,65234.16414666495
paper,181,65230.55886296914
paper,182,65226.6975790605
paper,183,65219.884851521296
paper,184,65213.819538584066
paper,185,65209.68659836987
paper,186,65197.627007496136
paper,187,65197.14442684234
paper,188,65195.233666764914
paper,189,65181.6197911448
paper,190,65179.90747662306
paper,191,65175.25828128411
paper,192,65174.1545867609
paper,193,65172.67545583767
paper,194,65170.418687024176
paper,195,65169.66905707815
paper,196,65165.23080110038
paper,197,65163.28492705398
paper,198,65156.33143465354
paper,199,65136.901989356484
paper,200,65133.845329940006
paper,201,65124.074047179434
paper,202,65123.34877783561
paper,203,65114.28361023668
paper,204,65112.653589047164
paper,205,65110.82434118377
paper,206,65102.518984132155
paper,207,65097.01177505214
paper,208,65086.85685882991
paper,209,65084.02872150855
paper,210,65070.98461437728
paper,211,65052.891383774644
paper,212,65051.62919137951
paper,213,65029.96800267492
paper,214,65027.841577377556
paper,215,65024.19236329257
paper,216,65019.68922756546
paper,217,65016.61942432459
paper,218,65014.96098866602
paper,219,65014.45685587826
paper,220,65009.649528391186
paper,221,65009.343685725355
paper,222,64997.3418956016
paper,223,64996.07916666666
paper,224,64992.18415440692
paper,225,64988.31538523091
paper,226,64981.681064562305
paper,227,64980.36593886496
paper,228,64977.82306388888
paper,229,64974.46653073461
paper,230,64971.57240935423
paper,231,64964.883095882076
paper,232,64961.860005252034
paper,233,64960.86854977259
paper,234,64945.65985947616
paper,235,64943.04428331708
paper,236,64938.795921603574
paper,237,64935.622025971825
paper,238,64929.78818222223
paper,239,64923.611258541074
paper,240,64915.067650346464
paper,241,64914.90099409814
paper,242,64910.274339517695
paper,243,64906.58714792926
paper,244,64905.373921115104
paper,245,64904.579957259564
paper,246,64903.785047978265
paper,247,64900.84508139787
paper,248,64900.263483677394
paper,249,64897.553228076606
paper,250,64886.49739562923
paper,251,64879.14787075969
paper,252,64876.823988896176
paper,253,64868.57082123577
paper,254,64858.5968348704
paper,255,64857.57081968381
paper,256,64854.64750335027
paper,257,64851.99564895597
paper,258,64842.45266307114
paper,259,64840.68614519117
paper,260,64825.46477868314
paper,261,64824.39981596558
paper,262,64822.72729239011
paper,263,64818.41580404207
paper,264,64817.43061328369
paper,265,64817.161766188925
paper,266,64814.735853780905
paper,267,64813.088512509494
paper,268,64810.65221279171
paper,269,64809.20732833473
paper,270,64808.39551944676
paper,271,64808.01258965795
paper,272,64808.01258965795
paper,273,64808.01258965795
paper,274,64805.20511488132
paper,275,64801.74522711656
paper,276,64799.493253958164
paper,277,64792.880598776166
paper,278,64791.14187746945
paper,279,64788.099888308956
paper,280,64786.764802078505
paper,281,64776.47900995482
paper,282,64772.20866932018
paper,283,64770.57110258689
paper,284,64769.990409319085
paper,285,64769.00499016912
paper,286,64765.475573458214
paper,287,64759.48750738516
paper,288,64756.05111574573
paper,289,64749.4125318691
paper,290,64742.409710763015
paper,291,64742.29367669945
paper,292,64739.7211470114
paper,293,64728.61013525925
paper,294,64725.30828454296
paper,295,64722.03867045607
paper,296,64720.10880167802
paper,297,64714.1143575269
paper,298,64706.593588871765
paper,299,64699.81921591978
paper,300,64684.96845816703
paper,301,64682.3081135911
paper,302,64680.11311393752
paper,303,64679.49530030264
paper,304,64676.67818663848
paper,305,64674.45646988142
paper,306,64671.64279262345
paper,307,64669.80658111267
paper,308,64659.33207467779
paper,309,64652.14660056334
paper,310,64649.93278236024
paper,311,64648.8074662674
paper,312,64647.501973840364
paper,313,64645.94291673724
paper,314,64643.45152659484
paper,315,64633.68858158864
paper,316,64633.42532109016
paper,317,64628.7067012468
paper,318,64627.21744410275
paper,319,64623.9451409727
paper,320,64621.769736373215
paper,321,64616.526910983346
paper,322,64612.47823849064
paper,323,64611.65314032324
paper,324,64610.32771358632
paper,325,64610.12003207417
paper,326,64607.48284164607
paper,327,64601.907747961326
paper,328,64595.26736287192
paper,329,64594.03758965795
paper,330,64592.52324193745
paper,331,64591.89874381408
paper,332,64588.42379869378
paper,333,64587.43204499331
paper,334,64585.12872917435
paper,335,64583.522381321
paper,336,64581.7515853506
paper,337,64580.39204412659
paper,338,64579.32705084995
paper,339,64577.72924488401
paper,340,64571.89051051597
paper,341,64570.45492207207
paper,342,64568.61407380606
paper,343,64568.34733408443
paper,344,64566.87434479992
paper,345,64556.632975259956
paper,346,64551.5682615629
paper,347,64548.54318116346
paper,348,64541.144634383076
paper,349,64537.90816913629
paper,350,64537.02691495111
paper,351,64535.46169912505
paper,352,64527.82332115503
paper,353,64525.4192485216
paper,354,64521.097039650536
paper,355,64514.70934765687
paper,356,64514.55362544182
paper,357,64510.43879385564
paper,358,64506.9691061289
paper,359,64495.136647399166
paper,360,64483.46656284287
paper,361,64482.88420122005
paper,362,64480.805140286044
paper,363,64479.802159530256
paper,364,64470.65684846886
paper,365,64470.20305581946
paper,366,64469.23233518208
paper,367,64461.7586177636
paper,368,64458.39387910297
paper,369,64455.880798516395
paper,370,64455.31600140728
paper,371,64443.722325566916
paper,372,64440.61415937333
paper,373,64440.074843811824
paper,374,64439.64930875509
paper,375,64437.615313625596
paper,376,64437.245618720124
paper,377,64433.57486159768
paper,378,64432.858804929914
paper,379,64430.90162053094
paper,380,64426.086093403355
paper,381,64425.39918646243
paper,382,64423.073027967235
paper,383,64418.44804483745
paper,384,64417.81870997491
paper,385,64411.17437879758
paper,386,64409.81753020433
paper,387,64400.19687227929
paper,388,64399.985457690746
paper,389,64395.77330982905
paper,390,64393.71434090228
paper,391,64390.88894677788
paper,392,64390.399645048405
paper,393,64389.62576452968
paper,394,64389.30603902163
paper,395,64388.46566690342
paper,396,64387.540286637966
paper,397,64384.86944010394
paper,398,64384.12329646339
paper,399,64382.39247045927
paper,400,64381.47236271053
paper,401,64381.15402764566
paper,402,64379.68198045706
paper,403,64377.4955108324
paper,404,64365.11172804772
paper,405,64356.65770702842
paper,406,64348.08241000537
paper,407,64347.75534964828
paper,408,64344.775933863384
paper,409,64343.29196847493
paper,410,64342.50146297548
paper,411,64340.96713665031
paper,412,64340.62146537098
paper,413,64339.02705272902
paper,414,64338.71810272296
paper,415,64337.01000598019
paper,416,64336.9048457243
paper,417,64334.391938780136
paper,418,64334.25514123711
paper,419,64327.75587997524
paper,420,64327.63143252875
paper,421,64326.022868398315
paper,422,64324.11928487549
paper,423,64322.669558951326
paper,424,64312.20891593242
paper,425,64311.541840141166
paper,426,64305.27526333279
paper,427,64304.789416255844
paper,428,64291.67952271352
paper,429,64290.00423950793
paper,430,64289.862057616134
paper,431,64284.98787107303
paper,432,64280.07561711267
paper,433,64272.49929914704
paper,434,64265.40694000866
paper,435,64264.43558987916
paper,436,64264.38043796799
paper,437,64260.54783354335
paper,438,64253.98730897144
paper,439,64238.31690698736
paper,440,64235.191514638056
paper,441,64230.580092430806
paper,442,64230.37656199139
paper,443,64221.54709967727
paper,444,64219.0242632226
paper,445,64207.88418434536
paper,446,64206.965399761684
paper,447,64203.19522316724
paper,448,64194.90158995387
paper,449,64188.024724996154
paper,450,64187.367590426154
paper,451,64185.81659869806
paper,452,64184.90538734176
paper,453,64183.88417289474
paper,454,64171.4900450147
paper,455,64169.13941414114
paper,456,64159.58885738148
paper,457,64158.758622983965
paper,458,64157.996391683904
paper,459,64153.07078518513
paper,460,64146.833535876896
paper,461,64144.27185036895
paper,462,64144.25199295166
paper,463,64142.27670888104
paper,464,64139.11425669222
paper,465,64139.019368414614
paper,466,64134.85943305067
paper,467,64131.67830134283
paper,468,64130.50178123432
paper,469,64130.303046534544
paper,470,64129.71685068186
paper,471,64127.5417593628
paper,472,64126.696649209116
paper,473,64125.989137145465
paper,474,64125.845888990036
paper,475,64124.10312187948
paper,476,64112.907024915476
paper,477,64112.1047809043
paper,478,64112.01863429578
paper,479,64108.631337490246
paper,480,64106.54408150491
paper,481,64105.2094698885
paper,482,64105.13407550942
paper,483,64104.982682525864
paper,484,64104.660468486516
paper,485,64101.67308972275
paper,486,64101.26258965795
paper,487,64101.09015547508
paper,488,64096.64840221108
paper,489,64095.279645650415
paper,490,64094.482485058405
paper,491,64090.48762748585
paper,492,64087.155566133755
paper,493,64077.27982698405
paper,494,64073.131060467356
paper,495,64072.342572016074
paper,496,64071.67571427465
paper,497,64070.30481675957
paper,498,64068.606575783655
paper,499,64067.11258541685
paper,500,64066.903153929656
paper,501,64062.97047163109
paper,502,64062.67898433862
paper,503,64061.97713083954
paper,504,64055.89872284845
paper,505,64054.87485380918
paper,506,64045.77343390726
paper,507,64044.608190104904
paper,508,64042.896931792326
paper,509,64031.12490692558
paper,510,64029.32331987931
paper,511,64024.64869433442
paper,512,64015.79981069291
paper,513,64014.11406865572
paper,514,64012.847315306644
paper,515,64007.92076139009
paper,516,64007.69931550976
paper,517,64003.651421311784
paper,518,64001.350380193115
paper,519,63997.81895893129
paper,520,63997.50339690602
paper,521,63995.51645897714
paper,522,63993.91581459442
paper,523,63992.1971798192
paper,524,63989.27074125775
paper,525,63985.68593510733
paper,526,63976.87353507358
paper,527,63976.16167823647
paper,528,63973.36590659159
paper,529,63971.24746881647
paper,530,63970.0744664446
paper,531,63967.59635567004
paper,532,63965.112165611885
paper,533,63963.79666268936
paper,534,63962.29392301855
paper,535,63962.055176609625
paper,536,63961.267332820775
paper,537,63960.00751035524
paper,538,63959.36342360589
paper,539,63957.12940747482
paper,540,63954.65845222755
paper,541,63954.324583183705
paper,542,63953.04136500589
paper,543,63952.37451130633
paper,544,63952.11258965795
paper,545,63952.11258965795
paper,546,63951.868641939094
paper,547,63950.04816691618
paper,548,63949.85609858103
paper,549,63941.32137685794
paper,550,63939.69125581734
paper,551,63939.34924028341
paper,552,63938.06907993412
paper,553,63936.6303624918
paper,554,63934.87207823234
paper,555,63933.236912190245
paper,556,63931.75428875315
paper,557,63931.48221364721
paper,558,63931.297992364016
paper,559,63926.64899114012
paper,560,63926.35246908989
paper,561,63926.09349603533
paper,562,63924.90465432243
paper,563,63923.06027550045
paper,564,63923.04006349509
paper,565,63921.0459322033
paper,566,63918.753813582116
paper,567,63913.56815001061
paper,568,63913.04041379601
paper,569,63909.24169815161
paper,570,63907.71356099874
paper,571,63907.09284092091
paper,572,63907.080631163575
paper,573,63894.57055159014
paper,574,63888.307495301175
paper,575,63887.06503491604
paper,576,63885.286109020715
paper,577,63882.374925263255
paper,578,63881.95921459969
paper,579,63881.6188933233
paper,580,63881.07992912147
paper,581,63878.28758965795
paper,582,63877.142234637955
paper,583,63876.211118732565
paper,584,63875.84587328004
paper,585,63875.503784585555
paper,586,63875.418926093735
paper,587,63869.43331362528
paper,588,63866.64503468096
paper,589,63862.809343344874
paper,590,63862.62518626759
paper,591,63859.965095667365
paper,592,63859.919314616935
paper,593,63856.90683649253
paper,594,63855.56509077702
paper,595,63855.40039279148
paper,596,63854.57088895805
paper,597,63844.66987147245
paper,598,63833.885753075854
paper,599,63831.099067052746
paper,600,63830.453251172425
paper,601,63828.21835758246
paper,602,63825.80165039163
paper,603,63823.9869024405
paper,604,63823.219930418505
paper,605,63813.14242999115
paper,606,63812.47903095169
paper,607,63811.596111708255
paper,608,63809.64013091303
paper,609,63808.63234039162
paper,610,63804.75016049825
paper,611,63802.20466978433
paper,612,63799.5715026434
paper,613,63799.02972115828
paper,614,63795.88061212027
paper,615,63794.443925412445
paper,616,63793.504682627005
paper,617,63789.72929101687
paper,618,63789.20308859452
paper,619,63786.46513628472
paper,620,63780.975041311554
paper,621,63775.04695308273
paper,622,63773.47253969554
paper,623,63772.094734382306
paper,624,63770.81968186652
paper,625,63768.809524660996
paper,626,63766.13005294876
paper,627,63762.580588995275
paper,628,63762.14558031369
paper,629,63761.0510563878
paper,630,63757.68466511968
paper,631,63757.36023572919
paper,632,63755.67847040437
paper,633,63754.014882924785
paper,634,63753.731946872744
paper,635,63753.106678910415
paper,636,63749.472673474374
paper,637,63748.70102421907
paper,638,63747.60133988983
paper,639,63747.49036197379
paper,640,63746.07922400906
paper,641,63745.81162572956
paper,642,63745.80093852765
paper,643,63745.11677031038
paper,644,63745.00741496072
paper,645,63743.64569739446
paper,646,63739.734804653985
paper,647,63738.0389272228
paper,648,63737.85180849644
paper,649,63737.68921921113
paper,650,63734.68523864045
paper,651,63733.92826788158
paper,652,63732.861370920975
paper,653,63732.401843835694
paper,654,63729.642245196286
paper,655,63724.76124443005
paper,656,63722.74120945222
paper,657,63719.31006932304
paper,658,63717.97526618366
paper,659,63714.08430881402
paper,660,63712.94524222795
paper,661,63711.245162979365
paper,662,63708.33500824573
paper,663,63706.83233927987
paper,664,63702.26894629729
paper,665,63701.9071755361
paper,666,63696.68756656725
paper,667,63694.234685910094
paper,668,63692.91277238112
paper,669,63690.142836023835
paper,670,63687.58348731882
paper,671,63687.23331864643
paper,672,63683.97364554869
paper,673,63683.9612027019
paper,674,63682.845597641186
paper,675,63680.7394168617
paper,676,63679.95705016277
paper,677,63678.82904070994
paper,678,63678.00914123692
paper,679,63676.515958723925
paper,680,63675.538340757725
paper,681,63671.95837635521
paper,682,63668.265009006194
paper,683,63667.65266897767
paper,684,63666.039658665315
paper,685,63665.402854155815
paper,686,63663.588466141715
paper,687,63661.69675067845
paper,688,63660.45199761207
paper,689,63660.19806166906
paper,690,63657.80792909292
paper,691,63653.513894025105
paper,692,63652.7024300643
paper,693,63649.97511024106
paper,694,63647.80366666012
paper,695,63647.09204372149
paper,696,63646.8941787586
paper,697,63646.22289561589
paper,698,63642.13148696392
paper,699,63639.66983793613
paper,700,63639.040449143795
paper,701,63636.704559686994
paper,702,63636.22675249837
paper,703,63636.11608315815
paper,704,63634.51519413499
paper,705,63633.69665345777
paper,706,63632.25809094886
paper,707,63630.03896210792
paper,708,63629.31397595572
paper,709,63627.43604492854
paper,710,63626.35212492196
paper,711,63625.03621051668
paper,712,63623.87714460601
paper,713,63621.54256382283
paper,714,63620.631860924776
paper,715,63618.08824553841
paper,716,63615.38732107776
paper,717,63615.247954507686
paper,718,63614.23709888206
paper,719,63609.54385977462
paper,720,63607.61992294943
paper,721,63600.79290452315
paper,722,63596.70985133766
paper,723,63596.53841095772
paper,724,63595.95080045006
paper,725,63593.37082629551
paper,726,63592.45199496414
paper,727,63592.32894364448
paper,728,63591.9561580723
paper,729,63591.19150799732
paper,730,63589.555036418176
paper,731,63589.14383524147
paper,732,63587.87668289068
paper,733,63585.23277902156
paper,734,63583.24852074205
paper,735,63576.59390305949
paper,736,63574.580498552314
paper,737,63573.9025876017
paper,738,63573.5225795749
paper,739,63571.62146245712
paper,740,63567.91300142403
paper,741,63564.865600152305
paper,742,63560.1974276135
paper,743,63557.68154348469
paper,744,63556.91426143498
paper,745,63555.780025205946
paper,746,63554.821045183606
paper,747,63550.70998704942
paper,748,63547.77395421791
paper,749,63544.92497895596
paper,750,63543.80990074088
paper,751,63542.50073654236
paper,752,63538.765932717055
paper,753,63535.36158200718
paper,754,63533.85148027309
paper,755,63533.51572515804
paper,756,63532.383213102396
paper,757,63531.50299131144
paper,758,63529.72157611049
paper,759,63527.2305610014
paper,760,63517.574864859685
paper,761,63515.42729364643
paper,762,63513.80250224485
paper,763,63511.77108038194
paper,764,63510.76081196049
paper,765,63510.62438884781
paper,766,63508.05770793501
paper,767,63507.45462427379
paper,768,63506.76341692372
paper,769,63506.659873355195
paper,770,63505.3136944963
paper,771,63503.61484320559
paper,772,63495.37392786786
paper,773,63494.72912130363
paper,774,63493.54267742516
paper,775,63489.09274165082
paper,776,63488.974142056686
paper,777,63488.780721665265
paper,778,63488.69840375852
paper,779,63488.066256170714
paper,780,63485.84586755296
paper,781,63485.12723931848
paper,782,63485.0849576501
paper,783,63483.81359579435
paper,784,63481.9341088055
paper,785,63481.4145792405
paper,786,63481.07957911589
paper,787,63480.02045731011
paper,788,63472.14630946353
paper,789,63466.540840428665
paper,790,63463.06547679787
paper,791,63459.664561665864
paper,792,63459.01595007572
paper,793,63458.07557624956
paper,794,63457.49457674802
paper,795,63455.794429325426
paper,796,63450.192093168815
paper,797,63448.8079503399
paper,798,63448.58492258718
paper,799,63446.115237333834
paper,800,63443.366063075686
paper,801,63442.10013977956
paper,802,63442.05182228997
paper,803,63441.71145555539
paper,804,63439.574515696804
paper,805,63439.283377779604
paper,806,63438.033703243156
paper,807,63429.434477846364
paper,808,63428.69676540255
paper,809,63426.75594098085
paper,810,63425.65194020828
paper,811,63420.69358111584
paper,812,63419.74233291311
paper,813,63419.09650569314
paper,814,63417.019677117714
paper,815,63415.75746740428
paper,816,63413.7397292888
paper,817,63412.05091813083
paper,818,63411.86637007571
paper,819,63408.81589410373
paper,820,63408.33313930989
paper,821,63407.98886847566
paper,822,63406.19085881897
paper,823,63405.69537526592
paper,824,63402.656517671065
paper,825,63401.61718908407
paper,826,63401.60000049874
paper,827,63400.92076413606
paper,828,63398.66438918169
paper,829,63398.50375186956
paper,830,63397.92296843034
paper,831,63395.92735193086
paper,832,63393.69742400729
paper,833,63391.896057917664
paper,834,63391.37500647133
paper,835,63389.94933895504
paper,836,63388.90027399162
paper,837,63388.794489186635
paper,838,63388.599736540134
paper,839,63387.52230334121
paper,840,63385.9958304938
paper,841,63380.01631538872
paper,842,63378.418165960764
paper,843,63373.68665713003
paper,844,63371.53235776919
paper,845,63369.757324788196
paper,846,63368.40141087231
paper,847,63364.545897524826
paper,848,63363.458361014695
paper,849,63359.020132416415
paper,850,63358.4805620433
paper,851,63356.22002113503
paper,852,63354.23502338431
paper,853,63351.64999724462
paper,854,63350.8259686457
paper,855,63349.391686552764
paper,856,63347.13754888072
paper,857,63345.779756912794
paper,858,63345.23022599736
paper,859,63345.17175216294
paper,860,63345.02164771945
paper,861,63344.646236771565
paper,862,63343.41715863393
paper,863,63343.165813936306
paper,864,63342.68311955028
paper,865,63342.26580022953
paper,866,63342.116853095984
paper,867,63341.353960842
paper,868,63340.434796357855
paper,869,63340.39856708977
paper,870,63339.05866017975
paper,871,63333.21186244205
paper,872,63332.91296156186
paper,873,63332.757685775236
paper,874,63332.24070984161
paper,875,63330.87643949418
paper,876,63330.11599920957
paper,877,63330.046569578735
paper,878,63327.83732157178
paper,879,63326.58817491099
paper,880,63325.8244647673
paper,881,63324.743357668805
paper,882,63324.516912834704
paper,883,63323.73212279818
paper,884,63322.313451318485
paper,885,63320.165462780504
paper,886,63318.82144575994
paper,887,63317.78101298883
paper,888,63315.8152544972
paper,889,63314.65253934889
paper,890,63314.5559710975
paper,891,63314.05369786916
paper,892,63313.470167718566
paper,893,63313.19285085937
paper,894,63312.34623225568
paper,895,63309.97718449267
paper,896,63308.536006444396
paper,897,63306.892864225
paper,898,63306.30396337222
paper,899,63304.34977512159
paper,900,63299.782552807475
paper,901,63299.489941963046
paper,902,63297.81839747433
paper,903,63297.179272744965
paper,904,63294.91658943114
paper,905,63294.88235948881
paper,906,63293.13667203173
paper,907,63292.91925797356
paper,908,63292.39610475342
paper,909,63287.93820131596
paper,910,63285.71750150539
paper,911,63284.24700733787
paper,912,63282.74332882456
paper,913,63278.838967041425
paper,914,63277.177329344944
paper,915,63275.074035524296
paper,916,63273.195800005866
paper,917,63270.64234003138
paper,918,63270.26915369431
paper,919,63262.87411869157
paper,920,63259.41836635554
paper,921,63259.15494830056
paper,922,63256.88942317775
paper,923,63255.08681548424
paper,924,63254.49805924958
paper,925,63254.144414178816
paper,926,63253.93995732134
paper,927,63253.00675916057
paper,928,63252.84440611523
paper,929,63247.59532895873
paper,930,63245.5258483474
paper,931,63244.651981571194
paper,932,63237.06043390625
paper,933,63235.598074468224
paper,934,63234.73020617968
paper,935,63233.681303143945
paper,936,63232.66388029424
paper,937,63232.26263050793
paper,938,63232.09028220817
paper,939,63231.625317001264
paper,940,63228.130346977385
paper,941,63227.75793729351
paper,942,63227.43271524649
paper,943,63226.12007298906
paper,944,63222.98543823173
paper,945,63222.89522171161
paper,946,63221.81482451705
paper,947,63220.62403654843
paper,948,63220.60709116687
paper,949,63218.72610709582
paper,950,63218.20349708927
paper,951,63214.03871377906
paper,952,63208.953176980445
paper,953,63207.544358172294
paper,954,63207.218525721
paper,955,63206.308242810184
paper,956,63197.73697165161
paper,957,63194.586014810404
paper,958,63193.943954904425
paper,959,63190.536711336914
paper,960,63186.667486013896
paper,961,63181.57729723177
paper,962,63180.898843514326
paper,963,63180.417995235926
paper,964,63179.78434655335
paper,965,63178.934849877856
paper,966,63175.865944494275
paper,967,63175.6565722387
paper,968,63175.110993590955
paper,969,63173.640196125285
paper,970,63172.64734896366
paper,971,63171.53078949125
paper,972,63171.52251993491
paper,973,63171.04509320959
paper,974,63170.91790736342
paper,975,63170.68101759906
paper,976,63170.556295672475
paper,977,63170.407576300466
paper,978,63169.38676407723
paper,979,63169.07719017863
paper,980,63164.74937640051
paper,981,63164.40179243883
paper,982,63164.081243428875
paper,983,63163.291245905944
paper,984,63162.94743369378
paper,985,63162.24715302305
paper,986,63161.50402405869
paper,987,63161.01436589841
paper,988,63159.90669561047
paper,989,63159.33827213562
paper,990,63157.82117703773
paper,991,63157.30675786405
paper,992,63154.79508876564
paper,993,63152.86844311556
paper,994,63151.806252978604
paper,995,63150.658578033304
paper,996,63148.09068750637
paper,997,63147.24894315973
paper,998,63146.52557624909
paper,999,63146.278251858195
paper,1000,63144.2775210747
paper,1001,63140.91149113368
paper,1002,63140.0523471353
paper,1003,63138.70200463087
paper,1004,63137.925437011494
paper,1005,63135.951380309045
paper,1006,63130.899108633916
paper,1007,63129.5751878824
paper,1008,63126.607330688414
paper,1009,63126.570243723756
paper,1010,63124.54676700339
paper,1011,63123.96101074804
paper,1012,63117.21125317617
paper,1013,63116.574909013245
paper,1014,63114.600442836934
paper,1015,63113.63444118134
paper,1016,63112.19599752808
paper,1017,63111.319125495844
paper,1018,63109.97380505818
paper,1019,63109.33494528726
paper,1020,63107.39189430582
paper,1021,63102.51226796656
paper,1022,63101.88675421305
paper,1023,63099.361894564536
paper,1024,63099.312813352735
paper,1025,63096.626899524905
paper,1026,63096.559693901545
paper,1027,63094.87569788305
paper,1028,63094.82378857963
paper,1029,63093.041292786955
paper,1030,63091.822017017075
paper,1031,63091.23343766771
paper,1032,63091.061035879226
paper,1033,63088.0834697064
paper,1034,63087.989737014504
paper,1035,63086.85599964107
paper,1036,63082.0736541156
paper,1037,63081.66623634242
paper,1038,63080.39095207324
paper,1039,63079.83130839709
paper,1040,63078.32623333279
paper,1041,63077.53319314586
paper,1042,63077.150459353106
paper,1043,63077.04318348278
paper,1044,63074.90406072742
paper,1045,63074.81671567064
paper,1046,63072.07093398398
paper,1047,63070.47645370265
paper,1048,63068.36783505846
paper,1049,63068.3560581912
paper,1050,63066.359576778086
paper,1051,63066.338593278975
paper,1052,63064.07060807627
paper,1053,63063.661888931274
paper,1054,63063.34576648454
paper,1055,63062.26597219919
paper,1056,63061.88401426226
paper,1057,63061.035028103375
paper,1058,63057.84025075633
paper,1059,63057.13051332559
paper,1060,63055.03502091909
paper,1061,63053.384208125055
paper,1062,63052.89909212062
paper,1063,63051.535252688234
paper,1064,63046.16461018928
paper,1065,63039.66474650622
paper,1066,63036.938717336634
paper,1067,63032.69856404191
paper,1068,63032.66462621335
paper,1069,63031.950061891985
paper,1070,63027.47406149002
paper,1071,63027.46750790557
paper,1072,63024.75919234584
paper,1073,63024.54157578514
paper,1074,63023.61467403018
paper,1075,63020.96922909682
paper,1076,63020.66766879604
paper,1077,63020.20120893533
paper,1078,63018.83443569103
paper,1079,63014.089727468236
paper,1080,63011.355224343824
paper,1081,63010.684073829674
paper,1082,63009.89910783876
paper,1083,63008.96845675989
paper,1084,63008.368802925725
paper,1085,63005.03357276509
paper,1086,63003.943671145855
paper,1087,63002.41402634125
paper,1088,63000.64841949715
paper,1089,62998.87354579097
paper,1090,62997.30852867789
paper,1091,62996.96192077713
paper,1092,62996.24339000141
paper,1093,62992.43041211403
paper,1094,62990.11778627238
paper,1095,62989.339253235856
paper,1096,62986.89353936325
paper,1097,62986.76789408093
paper,1098,62986.612502178294
paper,1099,62986.43670793695
paper,1100,62986.25850173842
paper,1101,62985.79182221574
paper,1102,62985.22127256237
paper,1103,62983.412307404986
paper,1104,62983.28050626845
paper,1105,62983.091482236116
paper,1106,62982.60647631655
paper,1107,62981.84686970746
paper,1108,62981.41642867872
paper,1109,62975.84124648705
paper,1110,62975.80066300596
paper,1111,62974.28266265576
paper,1112,62974.25504631885
paper,1113,62973.5031177526
paper,1114,62972.29565424866
paper,1115,62970.92544287693
paper,1116,62963.595470634435
paper,1117,62963.33024940853
paper,1118,62963.31893631957
paper,1119,62963.153747393895
paper,1120,62963.00163777249
paper,1121,62962.98193199169
paper,1122,62958.644814467174
paper,1123,62958.38678100394
paper,1124,62957.140957452735
paper,1125,62956.395145438386
paper,1126,62953.246391054425
paper,1127,62950.293849662376
paper,1128,62948.76815524412
paper,1129,62948.06430354433
paper,1130,62947.56683415697
paper,1131,62945.8144705318
paper,1132,62943.599221546225
paper,1133,62939.24384962228
paper,1134,62937.69706477875
paper,1135,62933.80258613422
paper,1136,62933.54703252529
paper,1137,62931.67193094828
paper,1138,62931.50578577158
paper,1139,62928.190503584614
paper,1140,62927.70554397609
paper,1141,62925.52576837027
paper,1142,62925.349363634756
paper,1143,62918.61781165689
paper,1144,62918.25609077967
paper,1145,62915.71253928067
paper,1146,62910.68773031019
paper,1147,62909.62568745884
paper,1148,62907.71581488624
paper,1149,62904.11176491784
paper,1150,62903.62962690069
paper,1151,62902.077654786604
paper,1152,62900.442340937225
paper,1153,62899.40059248665
paper,1154,62899.149019125514
paper,1155,62898.06713733566
paper,1156,62896.81120413051
paper,1157,62896.19348563156
paper,1158,62895.9372465298
paper,1159,62895.91135069477
paper,1160,62894.788149850094
paper,1161,62894.1149160859
paper,1162,62887.18972733825
paper,1163,62884.581642022174
paper,1164,62884.268502627165
paper,1165,62883.50305935096
paper,1166,62881.84996162629
paper,1167,62879.10420956955
paper,1168,62877.69650323206
paper,1169,62876.01241127135
paper,1170,62874.527727373264
paper,1171,62872.999377083666
paper,1172,62869.70411595073
paper,1173,62865.90944674863
paper,1174,62865.303085821164
paper,1175,62863.37874633048
paper,1176,62861.57690619016
paper,1177,62857.06574449012
paper,1178,62855.74261257674
paper,1179,62855.48024439631
paper,1180,62854.36183332388
paper,1181,62854.11038311759
paper,1182,62853.96197399006
paper,1183,62853.85370396375
paper,1184,62853.77109389128
paper,1185,62851.98464227092
paper,1186,62848.28225939445
paper,1187,62847.86763106983
paper,1188,62844.02337813821
paper,1189,62842.705596268555
paper,1190,62841.69016597293
paper,1191,62840.2763577197
paper,1192,62838.415144308114
paper,1193,62836.290949561575
paper,1194,62835.535425247894
paper,1195,62833.165964744105
paper,1196,62831.368610925754
paper,1197,62830.773177279516
paper,1198,62827.39588566695
paper,1199,62827.11223447635
paper,1200,62824.453702214385
paper,1201,62823.70894751575
paper,1202,62823.36524471352
paper,1203,62822.70473260464
paper,1204,62822.192744557164
paper,1205,62822.06796719086
paper,1206,62820.70894136973
paper,1207,62820.581971156134
paper,1208,62819.98549114922
paper,1209,62819.13918422744
paper,1210,62818.86632053671
paper,1211,62818.578106044
paper,1212,62816.10608133321
paper,1213,62814.896080023194
paper,1214,62814.85505369634
paper,1215,62813.35797722012
paper,1216,62813.04061310939
paper,1217,62812.775538742724
paper,1218,62811.6878708505
paper,1219,62810.46771985758
paper,1220,62806.89410464156
paper,1221,62804.60653099956
paper,1222,62801.13819195172
paper,1223,62798.18001304733
paper,1224,62797.887019257745
paper,1225,62797.16212042744
paper,1226,62795.29098086452
paper,1227,62795.15636940373
paper,1228,62791.422622461665
paper,1229,62790.93890138002
paper,1230,62789.31206283556
paper,1231,62788.380159563145
paper,1232,62786.40656673882
paper,1233,62784.21872174599
paper,1234,62784.15459145933
paper,1235,62781.773446938816
paper,1236,62781.61678529537
paper,1237,62780.68433429039
paper,1238,62779.75227926374
paper,1239,62779.276951882435
paper,1240,62778.74909245354
paper,1241,62778.16897870961
paper,1242,62777.04289374968
paper,1243,62776.000866400995
paper,1244,62775.63393810108
paper,1245,62774.583921973805
paper,1246,62772.473693746055
paper,1247,62771.6470240767
paper,1248,62770.19181942249
paper,1249,62769.62332241418
paper,1250,62768.94791969465
paper,1251,62768.544589514626
paper,1252,62767.77514753057
paper,1253,62765.785706013005
paper,1254,62762.20697879566
paper,1255,62760.69137925646
paper,1256,62760.35217630747
paper,1257,62759.724240176874
paper,1258,62759.03170442032
paper,1259,62757.962833485486
paper,1260,62751.82421011119
paper,1261,62746.519412272755
paper,1262,62746.430184458404
paper,1263,62746.03825753314
paper,1264,62745.7821774479
paper,1265,62744.04642651494
paper,1266,62743.68162394052
paper,1267,62743.457193198
paper,1268,62742.227661118675
paper,1269,62741.581474820145
paper,1270,62739.604312150346
paper,1271,62739.59504702317
paper,1272,62736.525764320446
paper,1273,62735.613461795314
paper,1274,62735.53973777532
paper,1275,62733.680996375726
paper,1276,62732.49440707552
paper,1277,62722.32509968642
paper,1278,62722.235716473006
paper,1279,62721.060567233486
paper,1280,62719.38100908648
paper,1281,62717.439269586175
paper,1282,62716.38140420442
paper,1283,62714.81598842734
paper,1284,62710.98540054078
paper,1285,62710.91113706853
paper,1286,62710.31371237823
paper,1287,62709.9909076152
paper,1288,62709.83349771361
paper,1289,62709.741076955186
paper,1290,62709.70903487652
paper,1291,62707.96176410775
paper,1292,62702.81882503547
paper,1293,62700.68557444608
paper,1294,62699.94581967494
paper,1295,62698.78589663218
paper,1296,62696.19569858793
paper,1297,62695.818897541445
paper,1298,62694.61036857148
paper,1299,62693.8112999322
paper,1300,62690.73108315789
paper,1301,62690.20176459738
paper,1302,62689.76297975277
paper,1303,62687.57895546977
paper,1304,62683.08276666851
paper,1305,62681.53977783059
paper,1306,62680.48449128323
paper,1307,62678.74567018083
paper,1308,62677.961863131604
paper,1309,62677.51493264043
paper,1310,62674.42082691156
paper,1311,62673.78684996722
paper,1312,62673.37842430591
paper,1313,62671.63711840216
paper,1314,62669.8125227905
paper,1315,62669.205401682426
paper,1316,62665.48542059411
paper,1317,62665.29506344061
paper,1318,62664.52021248075
paper,1319,62664.47663631234
paper,1320,62663.74579935639
paper,1321,62663.561424839805
paper,1322,62663.099153603194
paper,1323,62662.43528415673
paper,1324,62660.54256015484
paper,1325,62659.88988097281
paper,1326,62657.57986964814
paper,1327,62656.95020342836
paper,1328,62652.98229847894
paper,1329,62650.40517261749
paper,1330,62649.77087207979
paper,1331,62647.061121424274
paper,1332,62645.245515380455
paper,1333,62644.87634666408
paper,1334,62644.10941068948
paper,1335,62630.417902154724
paper,1336,62628.80009497677
paper,1337,62626.245714053584
paper,1338,62625.36250172272
paper,1339,62620.32496960807
paper,1340,62619.217223053914
paper,1341,62616.720609199634
paper,1342,62612.615809445095
paper,1343,62609.77115565468
paper,1344,62607.818870074276
paper,1345,62607.033471814204
paper,1346,62602.71411096183
paper,1347,62601.95661350024
paper,1348,62600.614585875766
paper,1349,62595.13206205652
paper,1350,62593.28878932555
paper,1351,62591.67812661238
paper,1352,62590.26928251831
paper,1353,62590.248686977924
paper,1354,62588.23038055588
paper,1355,62587.52753453738
paper,1356,62584.3694953881
paper,1357,62584.01910332813
paper,1358,62581.10876039973
paper,1359,62577.31807512521
paper,1360,62575.5735004564
paper,1361,62575.3555744962
paper,1362,62574.22782841301
paper,1363,62573.10520057263
paper,1364,62570.84451761548
paper,1365,62568.53785788177
paper,1366,62565.94598596972
paper,1367,62564.91971573296
paper,1368,62563.828021267414
paper,1369,62562.974098572005
paper,1370,62560.19271661435
paper,1371,62560.17821294348
paper,1372,62557.19190852351
paper,1373,62556.653976800866
paper,1374,62555.509649873944
paper,1375,62554.391123914866
paper,1376,62540.99026361875
paper,1377,62540.91446613066
paper,1378,62540.351499492936
paper,1379,62537.08976474563
paper,1380,62536.81401771483
paper,1381,62535.374004446996
paper,1382,62533.33151228365
paper,1383,62532.31262723812
paper,1384,62531.25542902027
paper,1385,62530.829831798736
paper,1386,62530.07983029253
paper,1387,62525.90229179829
paper,1388,62525.5380070327
paper,1389,62523.32976008732
paper,1390,62522.034674484705
paper,1391,62519.60566361831
paper,1392,62518.98263932024
paper,1393,62518.30044330379
paper,1394,62516.681613918234
paper,1395,62515.62004085969
paper,1396,62515.358802864284
paper,1397,62511.5962682519
paper,1398,62509.18151347382
paper,1399,62508.19971497012
paper,1400,62505.328798220246
paper,1401,62498.32043941667
paper,1402,62497.120978511186
paper,1403,62496.50959850368
paper,1404,62496.15318857762
paper,1405,62494.82029227012
paper,1406,62492.72580476418
paper,1407,62490.5249056401
paper,1408,62488.83386466233
paper,1409,62485.37083497413
paper,1410,62483.984813954696
paper,1411,62483.63527207417
paper,1412,62480.89341551956
paper,1413,62477.939769892866
paper,1414,62474.344690434235
paper,1415,62474.17488476808
paper,1416,62469.86041283017
paper,1417,62468.36736672106
paper,1418,62466.708778963664
paper,1419,62466.03194956181
paper,1420,62465.72878795695
paper,1421,62465.338441675725
paper,1422,62463.8651389386
paper,1423,62463.21956881877
paper,1424,62462.4373515834
paper,1425,62460.760062242145
paper,1426,62449.61377953789
paper,1427,62448.94674341319
paper,1428,62448.82594608136
paper,1429,62445.477860219995
paper,1430,62443.44474096597
paper,1431,62442.40339333314
paper,1432,62440.30169420309
paper,1433,62440.25585306642
paper,1434,62439.13048513114
paper,1435,62438.22525159701
paper,1436,62437.52621154332
paper,1437,62435.429049134524
paper,1438,62434.37165371556
paper,1439,62434.13906365081
paper,1440,62433.520834298215
paper,1441,62422.531184299834
paper,1442,62421.880896541334
paper,1443,62421.467371136896
paper,1444,62418.22113435146
paper,1445,62418.14168925236
paper,1446,62415.139600413175
paper,1447,62414.87501096008
paper,1448,62412.332910913006
paper,1449,62411.10955362577
paper,1450,62409.71639923624
paper,1451,62409.19214608783
paper,1452,62407.569997689396
paper,1453,62406.3347451989
paper,1454,62405.82330513137
paper,1455,62404.75086637394
paper,1456,62403.50414810995
paper,1457,62403.457558145245
paper,1458,62400.95951556586
paper,1459,62397.718904319205
paper,1460,62396.90825046679
paper,1461,62396.20427081297
paper,1462,62395.17615556891
paper,1463,62394.7938036247
paper,1464,62394.21756306719
paper,1465,62393.437511997276
paper,1466,62393.40129857242
paper,1467,62393.19341091937
paper,1468,62390.77028873949
paper,1469,62389.434074041645
paper,1470,62386.32790133149
paper,1471,62383.9633247779
paper,1472,62382.44730680387
paper,1473,62382.29553037977
paper,1474,62382.024967934834
paper,1475,62380.55769875117
paper,1476,62379.936792406945
paper,1477,62379.32105908706
paper,1478,62379.273493213106
paper,1479,62378.15932586739
paper,1480,62377.971323816426
paper,1481,62377.8158275954
paper,1482,62377.42769096809
paper,1483,62371.63712644085
paper,1484,62365.81881055068
paper,1485,62364.901886777065
paper,1486,62364.72990219343
paper,1487,62362.869075508126
paper,1488,62360.80033714325
paper,1489,62358.874261300465
paper,1490,62356.82167396842
paper,1491,62355.79708105501
paper,1492,62355.48791781938
paper,1493,62354.4821476266
paper,1494,62352.271553066195
paper,1495,62350.76579098302
paper,1496,62350.57776082541
paper,1497,62349.004940453946
paper,1498,62346.749513872244
paper,1499,62344.04791729124
paper,1500,62343.959349285265
paper,1501,62341.1376663108
paper,1502,62339.20000566496
paper,1503,62338.87435218859
paper,1504,62338.20582855839
paper,1505,62336.575033094574
paper,1506,62334.25934343047
paper,1507,62333.79615008115
paper,1508,62333.79562488062
paper,1509,62332.86558175378
paper,1510,62330.223805347894
paper,1511,62327.886027705485
paper,1512,62324.927499078985
paper,1513,62322.33792659001
paper,1514,62319.77402718612
paper,1515,62319.28182050292
paper,1516,62318.527535734946
paper,1517,62316.69374111292
paper,1518,62315.822720318254
paper,1519,62314.710291676216
paper,1520,62313.80890656645
paper,1521,62313.459336916465
paper,1522,62311.6643226567
paper,1523,62308.18915413884
paper,1524,62306.464734489935
paper,1525,62306.13243432195
paper,1526,62302.08245493612
paper,1527,62299.76452639289
paper,1528,62299.60916005146
paper,1529,62297.46799537546
paper,1530,62290.940874410604
paper,1531,62290.61046002976
paper,1532,62287.468059019935
paper,1533,62286.87324444893
paper,1534,62279.76286847674
paper,1535,62278.32725005888
paper,1536,62276.88058402576
paper,1537,62274.99291440848
paper,1538,62274.65915059198
paper,1539,62272.71227205937
paper,1540,62269.857733025
paper,1541,62268.82732082964
paper,1542,62267.3369654789
paper,1543,62264.16060590486
paper,1544,62262.97596570176
paper,1545,62255.573905854915
paper,1546,62253.93372866616
paper,1547,62251.01512858063
paper,1548,62249.60151484568
paper,1549,62248.162601967226
paper,1550,62247.70635193472
paper,1551,62247.58935559044
paper,1552,62246.236342114425
paper,1553,62245.17569952573
paper,1554,62244.687800974345
paper,1555,62243.54521688756
paper,1556,62242.91878217805
paper,1557,62240.880272894385
paper,1558,62240.817164932014
paper,1559,62238.959819924145
paper,1560,62238.20464715867
paper,1561,62236.3929570522
paper,1562,62232.454939261625
paper,1563,62229.8706838174
paper,1564,62227.616091099255
paper,1565,62223.43765264358
paper,1566,62219.21170088533
paper,1567,62219.01398311577
paper,1568,62216.68412599581
paper,1569,62216.49217212248
paper,1570,62213.56275392971
paper,1571,62212.448948703845
paper,1572,62210.9243525195
paper,1573,62210.690276641835
paper,1574,62210.204325307386
paper,1575,62208.922806576316
paper,1576,62204.89141405704
paper,1577,62203.209219740085
paper,1578,62201.550410272524
paper,1579,62196.968033914025
paper,1580,62196.50218196815
paper,1581,62195.44646497548
paper,1582,62194.36346730001
paper,1583,62193.701688871966
paper,1584,62192.0948228077
paper,1585,62189.51388271213
paper,1586,62188.149427916214
paper,1587,62188.06202843457
paper,1588,62187.28049429795
paper,1589,62185.29430868114
paper,1590,62185.23351452927
paper,1591,62184.734972150974
paper,1592,62181.7288490712
paper,1593,62179.19742017713
paper,1594,62176.03498347016
paper,1595,62175.205060095774
paper,1596,62174.51494593592
paper,1597,62174.18916344482
paper,1598,62173.77142694819
paper,1599,62172.96627250862
paper,1600,62168.707305652286
paper,1601,62168.26901204789
paper,1602,62166.70200257395
paper,1603,62165.59032519638
paper,1604,62163.994816631435
paper,1605,62163.20710010296
paper,1606,62160.19707662614
paper,1607,62159.62061115269
paper,1608,62159.5250085228
paper,1609,62157.6174394393
paper,1610,62156.374272723726
paper,1611,62156.12305679197
paper,1612,62148.04984190405
paper,1613,62147.821317225564
paper,1614,62143.22585944901
paper,1615,62142.852511345336
paper,1616,62142.34090934693
paper,1617,62142.33572450159
paper,1618,62141.71226576502
paper,1619,62139.702713034996
paper,1620,62139.45497040429
paper,1621,62138.558496475875
paper,1622,62134.01954071933
paper,1623,62133.833208045355
paper,1624,62131.461380453606
paper,1625,62130.00657647383
paper,1626,62128.897479787935
paper,1627,62127.220781690565
paper,1628,62126.884736064894
paper,1629,62125.69898580433
paper,1630,62125.68625259245
paper,1631,62119.506528495316
paper,1632,62119.43833975803
paper,1633,62117.2529706134
paper,1634,62115.81258965795
paper,1635,62114.86151996991
paper,1636,62112.31402873707
paper,1637,62109.22494348605
paper,1638,62107.97115390335
paper,1639,62102.13028532966
paper,1640,62101.50737642979
paper,1641,62101.50737642979
paper,1642,62101.50737642979
paper,1643,62101.50737642979
paper,1644,62101.50737642979
paper,1645,62101.50737642979
paper,1646,62101.50737642979
paper,1647,62101.50737642979
paper,1648,62101.50737642979
paper,1649,62101.50737642979
paper,1650,62101.50737642979
paper,1651,62101.50737642979
paper,1652,62101.50737642979
paper,1653,62101.50737642979
paper,1654,62101.50737642979
paper,1655,62101.50737642979
paper,1656,62101.50737642979
paper,1657,62101.50737642979
paper,1658,62101.50737642979
paper,1659,62101.50737642979
paper,1660,62101.50737642979
paper,1661,62101.50737642979
paper,1662,62101.50737642979
paper,1663,62101.50737642979
paper,1664,62101.50737642979
paper,1665,62101.50737642979
paper,1666,62101.50737642979
paper,1667,62101.50737642979
paper,1668,62101.50737642979
paper,1669,62101.50737642979
paper,1670,62101.50737642979
paper,1671,62101.50737642979
paper,1672,62101.50737642979
paper,1673,62101.50737642979
paper,1674,62101.50737642979
paper,1675,62101.50737642979
paper,1676,62101.50737642979
paper,1677,62101.50737642979
paper,1678,62101.50737642979
paper,1679,62101.50737642979
paper,1680,62101.50737642979
paper,1681,62101.50737642979
paper,1682,62101.50737642979
paper,1683,62101.50737642979
paper,1684,62101.50737642979
paper,1685,62101.50737642979
paper,1686,62101.50737642979
paper,1687,62101.50737642979
paper,1688,62101.50737642979
paper,1689,62101.50737642979
paper,1690,62101.50737642979
paper,1691,62101.50737642979
paper,1692,62101.50737642979
paper,1693,62101.50737642979
paper,1694,62101.50737642979
paper,1695,62101.50737642979
paper,1696,62101.50737642979
paper,1697,62101.50737642979
paper,1698,62101.50737642979
paper,1699,62101.50737642979
paper,1700,62101.50737642979
paper,1701,62101.50737642979
paper,1702,62101.50737642979
paper,1703,62101.50737642979
paper,1704,62101.50737642979
paper,1705,62101.50737642979
paper,1706,62101.50737642979
paper,1707,62101.50737642979
paper,1708,62101.50737642979
paper,1709,62101.50737642979
paper,1710,62101.50737642979
paper,1711,62101.50737642979
paper,1712,62101.50737642979
paper,1713,62101.50737642979
paper,1714,62101.50737642979
paper,1715,62101.50737642979
paper,1716,62101.50737642979
paper,1717,62101.50737642979
paper,1718,62101.50737642979
paper,1719,62101.50737642979
paper,1720,62101.50737642979
paper,1721,62101.50737642979
paper,1722,62101.50737642979
paper,1723,62101.50737642979
paper,1724,62101.50737642979
paper,1725,62101.50737642979
paper,1726,62101.50737642979
paper,1727,62101.50737642979
paper,1728,62101.50737642979
paper,1729,62101.50737642979
paper,1730,62101.50737642979
paper,1731,62101.50737642979
paper,1732,62101.50737642979
paper,1733,62101.50737642979
paper,1734,62101.50737642979
paper,1735,62101.50737642979
paper,1736,62101.50737642979
paper,1737,62101.50737642979
paper,1738,62101.50737642979
paper,1739,62101.50737642979
paper,1740,62101.50737642979
paper,1741,62101.50737642979
paper,1742,62101.50737642979
paper,1743,62101.50737642979
paper,1744,62101.50737642979
paper,1745,62101.50737642979
paper,1746,62101.50737642979
paper,1747,62101.50737642979
paper,1748,62101.50737642979
paper,1749,62101.50737642979
paper,1750,62101.50737642979
paper,1751,62101.50737642979
paper,1752,62101.50737642979
paper,1753,62101.50737642979
paper,1754,62101.50737642979
paper,1755,62101.50737642979
paper,1756,62101.50737642979
paper,1757,62101.50737642979
paper,1758,62101.50737642979
paper,1759,62101.50737642979
paper,1760,62101.50737642979
paper,1761,62101.50737642979
paper,1762,62101.50737642979
paper,1763,62101.50737642979
paper,1764,62101.50737642979
paper,1765,62101.50737642979
paper,1766,62101.50737642979
paper,1767,62101.50737642979
paper,1768,62101.50737642979
paper,1769,62101.50737642979
paper,1770,62101.50737642979
paper,1771,62101.50737642979
paper,1772,62101.50737642979
paper,1773,62101.50737642979
paper,1774,62101.50737642979
paper,1775,62101.50737642979
paper,1776,62101.50737642979
paper,1777,62101.50737642979
paper,1778,62101.50737642979
paper,1779,62101.50737642979
paper,1780,62101.50737642979
paper,1781,62101.50737642979
paper,1782,62101.50737642979
paper,1783,62101.50737642979
paper,1784,62101.50737642979
paper,1785,62101.50737642979
paper,1786,62101.50737642979
paper,1787,62101.50737642979
paper,1788,62101.50737642979
paper,1789,62101.50737642979
paper,1790,62101.50737642979
paper,1791,62101.50737642979
paper,1792,62101.50737642979
paper,1793,62101.50737642979
paper,1794,62101.50737642979
paper,1795,62101.50737642979
paper,1796,62101.50737642979
paper,1797,62101.50737642979
paper,1798,62101.50737642979
paper,1799,62101.50737642979
paper,1800,62101.50737642979
paper,1801,62101.50737642979
paper,1802,62101.50737642979
paper,1803,62101.50737642979
paper,1804,62101.50737642979
paper,1805,62101.50737642979
paper,1806,62101.50737642979
paper,1807,62101.50737642979
paper,1808,62101.50737642979
paper,1809,62101.50737642979
paper,1810,62101.50737642979
paper,1811,62101.50737642979
paper,1812,62101.50737642979
paper,1813,62101.50737642979
paper,1814,62101.50737642979
paper,1815,62101.50737642979
paper,1816,62101.50737642979
paper,1817,62101.50737642979
paper,1818,62101.50737642979
paper,1819,62101.50737642979
paper,1820,62101.50737642979
paper,1821,62101.50737642979
paper,1822,62101.50737642979
paper,1823,62101.50737642979
paper,1824,62101.50737642979
paper,1825,62101.50737642979
paper,1826,62101.50737642979
paper,1827,62101.50737642979
paper,1828,62101.50737642979
paper,1829,62101.50737642979
paper,1830,62101.50737642979
paper,1831,62101.50737642979
paper,1832,62101.50737642979
paper,1833,62101.50737642979
paper,1834,62101.50737642979
paper,1835,62101.50737642979
paper,1836,62101.50737642979
paper,1837,62101.50737642979
paper,1838,62101.50737642979
paper,1839,62100.63417518475
paper,1840,62099.927162306565
paper,1841,62099.751251512535
paper,1842,62099.58254911092
paper,1843,62094.983048537266
paper,1844,62093.59099343382
paper,1845,62091.60681020775
paper,1846,62090.529963576344
paper,1847,62088.92960701268
paper,1848,62088.89184910199
paper,1849,62088.53957702026
paper,1850,62087.85344964274
paper,1851,62086.07649122877
paper,1852,62085.43149980097
paper,1853,62084.654749829926
paper,1854,62083.71161751709
paper,1855,62083.143812797236
paper,1856,62080.342049457926
paper,1857,62079.26103142308
paper,1858,62078.90010805383
paper,1859,62078.22849282209
paper,1860,62075.83386392397
paper,1861,62073.71974705276
paper,1862,62073.17444935835
paper,1863,62071.96368804205
paper,1864,62067.90868432542
paper,1865,62066.614517847855
paper,1866,62066.264090547695
paper,1867,62062.19898921812
paper,1868,62059.7149171601
paper,1869,62058.11485320787
paper,1870,62056.281840539996
paper,1871,62052.77343325809
paper,1872,62050.00071251152
paper,1873,62049.242101950476
paper,1874,62047.88683868428
paper,1875,62045.89623418557
paper,1876,62045.61121838479
paper,1877,62043.215214473414
paper,1878,62043.17856147256
paper,1879,62043.07722603047
paper,1880,62039.83475262054
paper,1881,62032.80808093602
paper,1882,62031.86178787872
paper,1883,62028.32115018984
paper,1884,62026.717518818645
paper,1885,62025.74737801296
paper,1886,62020.23737983399
paper,1887,62017.25841262462
paper,1888,62016.241506362596
paper,1889,62015.97519526852
paper,1890,62014.98843477742
paper,1891,62014.41743392948
paper,1892,62006.091208441394
paper,1893,62005.30786157131
paper,1894,62002.54644255358
paper,1895,62000.945279355234
paper,1896,62000.47464287708
paper,1897,61999.9928883646
paper,1898,61998.04750803374
paper,1899,61996.40998175893
paper,1900,61992.61707621561
paper,1901,61992.15713413036
paper,1902,61992.12838767554
paper,1903,61991.579209886346
paper,1904,61988.65229337397
paper,1905,61988.60128107786
paper,1906,61985.88556950235
paper,1907,61983.30240349847
paper,1908,61978.92801663482
paper,1909,61967.708003101456
paper,1910,61965.20086954052
paper,1911,61962.75671716952
paper,1912,61961.680319068844
paper,1913,61961.527709540955
paper,1914,61960.631599055465
paper,1915,61955.26782115043
paper,1916,61954.76528756162
paper,1917,61953.01744343934
paper,1918,61952.595915622376
paper,1919,61952.36863968811
paper,1920,61947.12111315372
paper,1921,61943.900301749636
paper,1922,61943.78844978445
paper,1923,61943.50171018999
paper,1924,61937.78337070994
paper,1925,61934.76073499566
paper,1926,61934.65093613318
paper,1927,61932.77604198523
paper,1928,61930.49401926337
paper,1929,61929.62122022116
paper,1930,61929.434044745096
paper,1931,61929.1692685567
paper,1932,61928.454835838325
paper,1933,61927.02033236846
paper,1934,61926.887108155315
paper,1935,61926.43519141805
paper,1936,61920.03242102665
paper,1937,61906.66800853291
paper,1938,61906.27046302114
paper,1939,61905.94699052997
paper,1940,61905.82395324765
paper,1941,61905.599987559304
paper,1942,61904.45872827537
paper,1943,61904.03822006912
paper,1944,61903.38883755882
paper,1945,61901.05131468574
paper,1946,61895.62853208436
paper,1947,61894.47302811541
paper,1948,61894.35363528764
paper,1949,61890.48916345829
paper,1950,61890.09312210243
paper,1951,61888.17771974895
paper,1952,61886.87989464446
paper,1953,61885.644774426066
paper,1954,61879.957220046366
paper,1955,61877.954616072915
paper,1956,61877.93742341654
paper,1957,61877.49715681611
paper,1958,61876.47020298514
paper,1959,61874.9323571246
paper,1960,61871.631001083275
paper,1961,61870.739516563415
paper,1962,61870.155315379
paper,1963,61870.00682670559
paper,1964,61869.50181119691
paper,1965,61865.90194239367
paper,1966,61865.0939364742
paper,1967,61863.94893426526
paper,1968,61859.06309877073
paper,1969,61859.01258965795
paper,1970,61858.24188655583
paper,1971,61857.57408068178
paper,1972,61857.439700117364
paper,1973,61856.90764807551
paper,1974,61855.67273456943
paper,1975,61848.68957455601
paper,1976,61848.60869553156
paper,1977,61848.511517459665
paper,1978,61846.99991997466
paper,1979,61846.953382946194
paper,1980,61845.92390705223
paper,1981,61844.15537697462
paper,1982,61842.954570968
paper,1983,61840.10089180036
paper,1984,61839.95387397381
paper,1985,61837.02684941952
paper,1986,61835.06968728106
paper,1987,61834.25787290812
paper,1988,61832.40910170269
paper,1989,61829.55910477484
paper,1990,61828.58970265462
paper,1991,61823.017147707425
paper,1992,61822.884516913444
paper,1993,61819.719243670865
paper,1994,61819.65271166659
paper,1995,61816.46971959503
paper,1996,61815.21198817422
paper,1997,61815.048174218835
paper,1998,61813.40822973676
paper,1999,61812.06387889932
paper,2000,61811.37077713355
paper,2001,61811.34280701373
paper,2002,61810.428794342435
paper,2003,61810.22097752836
paper,2004,61809.577891669025
paper,2005,61808.020723136215
paper,2006,61808.019736614886
paper,2007,61806.791179905485
paper,2008,61806.05303413522
paper,2009,61800.85761986703
paper,2010,61798.03137912417
paper,2011,61795.90054860256
paper,2012,61794.33212274622
paper,2013,61792.004469363594
paper,2014,61791.318291175885
paper,2015,61788.12035593124
paper,2016,61787.622625232994
paper,2017,61787.441235167295
paper,2018,61786.326833704275
paper,2019,61785.908462020845
paper,2020,61785.33600425367
paper,2021,61783.577070137915
paper,2022,61781.3126317017
paper,2023,61778.14314588736
paper,2024,61777.91740529076
paper,2025,61773.637754078474
paper,2026,61769.45570024208
paper,2027,61768.753556281335
paper,2028,61764.97912125691
paper,2029,61763.9977890649
paper,2030,61763.57538408444
paper,2031,61762.974878981855
paper,2032,61762.321988117925
paper,2033,61761.58321933019
paper,2034,61758.23615190297
paper,2035,61756.34769538856
paper,2036,61754.237035737235
paper,2037,61752.97317365677
paper,2038,61752.47619004156
paper,2039,61749.90198338003
paper,2040,61749.66258965795
paper,2041,61745.832485226194
paper,2042,61745.66165592713
paper,2043,61743.89239483708
paper,2044,61742.59516282229
paper,2045,61742.49681390573
paper,2046,61742.238626293874
paper,2047,61739.83466467434
paper,2048,61727.98464032213
paper,2049,61721.558381334784
paper,2050,61720.23758965795
paper,2051,61716.15005791709
paper,2052,61714.77849016619
paper,2053,61711.07139718147
paper,2054,61710.97088697661
paper,2055,61707.16000867254
paper,2056,61702.20997672079
paper,2057,61701.300970896955
paper,2058,61700.90112496072
paper,2059,61690.77945206074
paper,2060,61689.51525220487
paper,2061,61689.41340630198
paper,2062,61687.28515034546
paper,2063,61686.11630226228
paper,2064,61685.068366627995
paper,2065,61683.897579339486
paper,2066,61683.429242003636
paper,2067,61681.34088410189
paper,2068,61679.720983648374
paper,2069,61673.81159521344
paper,2070,61669.73226090168
paper,2071,61665.71602460636
paper,2072,61663.98196142086
paper,2073,61660.09422130591
paper,2074,61656.92110431652
paper,2075,61651.726916070926
paper,2076,61648.359422084475
paper,2077,61645.19767179132
paper,2078,61644.525083914115
paper,2079,61631.480531744135
paper,2080,61626.26688569009
paper,2081,61625.81397979879
paper,2082,61622.89638834642
paper,2083,61622.395271352514
paper,2084,61617.84141518314
paper,2085,61616.229088630826
paper,2086,61615.373360918515
paper,2087,61615.09100829885
paper,2088,61610.82282133233
paper,2089,61609.097772859684
paper,2090,61607.24774188092
paper,2091,61603.658627718694
paper,2092,61601.34793896059
paper,2093,61597.266425249254
paper,2094,61584.27340728485
paper,2095,61584.11699247971
paper,2096,61578.78524887596
paper,2097,61578.39340474105
paper,2098,61577.62866739158
paper,2099,61574.7266359097
paper,2100,61566.930336159625
paper,2101,61564.987673325835
paper,2102,61556.68858047588
paper,2103,61556.342634026405
paper,2104,61555.313450551046
paper,2105,61550.42493429971
paper,2106,61549.49811183149
paper,2107,61545.61506755286
paper,2108,61542.73594902088
paper,2109,61542.73165526117
paper,2110,61538.40784398082
paper,2111,61537.81623668978
paper,2112,61528.285776452336
paper,2113,61527.74032573114
paper,2114,61527.656682222194
paper,2115,61524.02147633824
paper,2116,61523.70070739289
paper,2117,61520.28752421249
paper,2118,61519.938393964374
paper,2119,61519.84986083285
paper,2120,61519.44104632937
paper,2121,61518.015129653606
paper,2122,61517.86081213232
paper,2123,61514.49396055689
paper,2124,61513.69575317208
paper,2125,61511.39254600497
paper,2126,61511.23441871913
paper,2127,61506.61024275168
paper,2128,61506.459186629734
paper,2129,61500.2671674777
paper,2130,61500.108738830524
paper,2131,61499.6488984645
paper,2132,61492.52058618137
paper,2133,61491.47348702388
paper,2134,61482.37321158084
paper,2135,61478.894842535
paper,2136,61475.129624753485
paper,2137,61472.79742923517
paper,2138,61471.62430814267
paper,2139,61469.23431798383
paper,2140,61467.103135442514
paper,2141,61466.698928549835
paper,2142,61464.348500027685
paper,2143,61455.20558837459
paper,2144,61453.449827441014
paper,2145,61452.25260320179
paper,2146,61451.554748274786
paper,2147,61451.01346201606
paper,2148,61449.64634097707
paper,2149,61448.708484238814
paper,2150,61447.230997977545
paper,2151,61445.16980227318
paper,2152,61443.24652455521
paper,2153,61441.488908375955
paper,2154,61438.82621996688
paper,2155,61437.78620910079
paper,2156,61429.56815095334
paper,2157,61424.90437725552
paper,2158,61421.5002428447
paper,2159,61418.63131882814
paper,2160,61416.49933771591
paper,2161,61414.52751985365
paper,2162,61413.37570916664
paper,2163,61409.48414153415
paper,2164,61403.49033842825
paper,2165,61402.915199163945
paper,2166,61400.78458416811
paper,2167,61400.71886998267
paper,2168,61398.56697788572
paper,2169,61391.493492948044
paper,2170,61389.72655807586
paper,2171,61385.78287765517
paper,2172,61384.29364964229
paper,2173,61383.39061382636
paper,2174,61381.2158770958
paper,2175,61379.2388031946
paper,2176,61378.00355639791
paper,2177,61376.27909098655
paper,2178,61375.297669403175
paper,2179,61374.64750170991
paper,2180,61372.67654455365
paper,2181,61370.665231220104
paper,2182,61364.971348056075
paper,2183,61363.203147165004
paper,2184,61363.193425505364
paper,2185,61361.3721520207
paper,2186,61359.41258965796
paper,2187,61357.52414747366
paper,2188,61356.78758965796
paper,2189,61356.244390199325
paper,2190,61354.39995442698
paper,2191,61351.73568477076
paper,2192,61346.137055106905
paper,2193,61343.48589410195
paper,2194,61339.62670438921
paper,2195,61338.641227349784
paper,2196,61335.8523866843
paper,2197,61334.15320876369
paper,2198,61330.86788608602
paper,2199,61329.09095287121
paper,2200,61326.96944789508
paper,2201,61326.77570861163
paper,2202,61326.415623003755
paper,2203,61326.292456085765
paper,2204,61323.561125742235
paper,2205,61323.450539776226
paper,2206,61321.64500964379
paper,2207,61319.68163705083
paper,2208,61316.91441162577
paper,2209,61316.56591780041
paper,2210,61311.260157704586
paper,2211,61310.79326136915
paper,2212,61309.825553012575
paper,2213,61309.161614430515
paper,2214,61305.76438674828
paper,2215,61305.69513823066
paper,2216,61298.65308456392
paper,2217,61296.550197642086
paper,2218,61295.67588486651
paper,2219,61295.4434857314
paper,2220,61292.899548012996
paper,2221,61292.88967431514
paper,2222,61292.52832509699
paper,2223,61291.8643739971
paper,2224,61290.31747618731
paper,2225,61275.318085362116
paper,2226,61275.059841427406
paper,2227,61271.26586912653
paper,2228,61268.71012185165
paper,2229,61265.62417325726
paper,2230,61265.210989663734
paper,2231,61258.54331439043
paper,2232,61258.45789348932
paper,2233,61254.15983221875
paper,2234,61253.12966334714
paper,2235,61249.58809893363
paper,2236,61237.773776164795
paper,2237,61235.944591297775
paper,2238,61234.308910663814
paper,2239,61232.659784094896
paper,2240,61227.43184555013
paper,2241,61225.588254114875
paper,2242,61217.83486325505
paper,2243,61217.80804424292
paper,2244,61216.324669451955
paper,2245,61215.160772359595
paper,2246,61210.59099103991
paper,2247,61206.432867984324
paper,2248,61203.26025818143
paper,2249,61195.963094465726
paper,2250,61195.67747867
paper,2251,61195.435513490345
paper,2252,61192.72203922583
paper,2253,61192.23848322723
paper,2254,61192.14623497465
paper,2255,61190.99289658793
paper,2256,61190.65538544992
paper,2257,61189.25603607948
paper,2258,61176.514775122
paper,2259,61174.860698540615
paper,2260,61173.819095641134
paper,2261,61172.75238669193
paper,2262,61168.42186411994
paper,2263,61164.98235564792
paper,2264,61157.08889029262
paper,2265,61156.4196724569
paper,2266,61156.203578999244
paper,2267,61155.79539115125
paper,2268,61152.44252036828
paper,2269,61150.61402805805
paper,2270,61150.48385865874
paper,2271,61147.685860314516
paper,2272,61145.85735931141
paper,2273,61145.29059231051
paper,2274,61144.41200053102
paper,2275,61143.58874336764
paper,2276,61134.71729974924
paper,2277,61134.41779345303
paper,2278,61133.44522827667
paper,2279,61133.392491356775
paper,2280,61132.6902761419
paper,2281,61131.14460011415
paper,2282,61128.874593053035
paper,2283,61121.15681700319
paper,2284,61119.4260980849
paper,2285,61118.248963788676
paper,2286,61116.33301592784
paper,2287,61112.93590648861
paper,2288,61109.79330096237
paper,2289,61107.91844500334
paper,2290,61105.863080601346
paper,2291,61104.27863450961
paper,2292,61103.185492711
paper,2293,61101.65675742722
paper,2294,61098.305520493144
paper,2295,61097.32587688564
paper,2296,61097.2575131893
paper,2297,61095.719647716316
paper,2298,61095.217707993535
paper,2299,61091.09527813327
paper,2300,61088.40535222134
paper,2301,61088.37510215936
paper,2302,61082.0929098282
paper,2303,61081.094576560645
paper,2304,61078.19205086326
paper,2305,61077.36271106956
paper,2306,61077.17824533747
paper,2307,61077.101555839436
paper,2308,61076.26050404882
paper,2309,61073.80621142862
paper,2310,61072.98958982005
paper,2311,61069.18388586601
paper,2312,61069.086249111766
paper,2313,61068.44196576392
paper,2314,61067.36379045388
paper,2315,61067.30247467491
paper,2316,61060.075079841496
paper,2317,61051.05693235888
paper,2318,61050.503687673656
paper,2319,61048.32537406905
paper,2320,61048.02869978145
paper,2321,61047.94087319217
paper,2322,61044.45394092064
paper,2323,61043.609705998
paper,2324,61030.88139142933
paper,2325,61030.6470191458
paper,2326,61027.00461239784
paper,2327,61021.32976835264
paper,2328,61019.0753911998
paper,2329,61019.06300374998
paper,2330,61018.31618803881
paper,2331,61015.8525738697
paper,2332,61009.0629584539
paper,2333,61004.59973523541
paper,2334,61003.84823124039
paper,2335,61003.59006608085
paper,2336,61002.8219849819
paper,2337,61002.77832052116
paper,2338,60999.774519509796
paper,2339,60997.80576707433
paper,2340,60996.267266229224
paper,2341,60994.555570109966
paper,2342,60993.310907122934
paper,2343,60992.73687847034
paper,2344,60989.43023880988
paper,2345,60986.835542981076
paper,2346,60985.794327203526
paper,2347,60982.81368097777
paper,2348,60979.4519687348
paper,2349,60962.9595273017
paper,2350,60960.97031519678
paper,2351,60954.2063373167
paper,2352,60952.32789926015
paper,2353,60951.566247962495
paper,2354,60951.4341332892
paper,2355,60949.17150098217
paper,2356,60944.5401766706
paper,2357,60943.754469283325
paper,2358,60943.40930552292
paper,2359,60941.57963481281
paper,2360,60941.42398513391
paper,2361,60939.45320571127
paper,2362,60938.463271127424
paper,2363,60930.883752766575
paper,2364,60927.21914272179
paper,2365,60926.64028762794
paper,2366,60926.22394719942
paper,2367,60923.52346032576
paper,2368,60922.4170398855
paper,2369,60919.93475404201
paper,2370,60919.21585374013
paper,2371,60908.71209795992
paper,2372,60904.4595559341
paper,2373,60901.90206592547
paper,2374,60900.141676158026
paper,2375,60898.61212557911
paper,2376,60898.373141827644
paper,2377,60894.45092946037
paper,2378,60891.92838435222
paper,2379,60891.099183972474
paper,2380,60886.70936558981
paper,2381,60883.97134200392
paper,2382,60882.684142500126
paper,2383,60877.29784144755
paper,2384,60877.233072227944
paper,2385,60874.99300076134
paper,2386,60867.60453414247
paper,2387,60864.47889848638
paper,2388,60863.99920575487
paper,2389,60862.95060309166
paper,2390,60862.59504382537
paper,2391,60861.78676376029
paper,2392,60857.79255511106
paper,2393,60857.58035889131
paper,2394,60851.74731450101
paper,2395,60851.24832195786
paper,2396,60846.99624927299
paper,2397,60845.377646186076
paper,2398,60845.1398769848
paper,2399,60841.418254351214
paper,2400,60840.8838488231
paper,2401,60839.14933554073
paper,2402,60838.489828404105
paper,2403,60836.16435552002
paper,2404,60833.6608295623
paper,2405,60833.47459053077
paper,2406,60832.74576142207
paper,2407,60831.034197418914
paper,2408,60831.02835260536
paper,2409,60828.51694025013
paper,2410,60826.87007410976
paper,2411,60815.43230273232
paper,2412,60813.906405870985
paper,2413,60813.90338076272
paper,2414,60813.878793220145
paper,2415,60812.247647692195
paper,2416,60812.13488446735
paper,2417,60809.02446242594
paper,2418,60808.803877629325
paper,2419,60804.90401986408
paper,2420,60798.95736980728
paper,2421,60797.151286980654
paper,2422,60794.14119616313
paper,2423,60793.49084967001
paper,2424,60791.457637445485
paper,2425,60791.191838253304
paper,2426,60790.48879216007
paper,2427,60788.7754823204
paper,2428,60788.58940566269
paper,2429,60785.03344216131
paper,2430,60784.573044435696
paper,2431,60784.5597795228
paper,2432,60777.07197360797
paper,2433,60773.739039126805
paper,2434,60757.38111231566
paper,2435,60756.92517558086
paper,2436,60754.43413884767
paper,2437,60754.303664489955
paper,2438,60750.072696512645
paper,2439,60748.803468624086
paper,2440,60746.86007184618
paper,2441,60746.30536204443
paper,2442,60745.59541771938
paper,2443,60745.04907273915
paper,2444,60739.9731486224
paper,2445,60739.95126725185
paper,2446,60734.06189566772
paper,2447,60733.19846587638
paper,2448,60731.40571924391
paper,2449,60730.467220375984
paper,2450,60729.65177600569
paper,2451,60728.045556778976
paper,2452,60726.58051350518
paper,2453,60720.120230754175
paper,2454,60719.747730695985
paper,2455,60717.28387029836
paper,2456,60717.245918418506
paper,2457,60713.48161381859
paper,2458,60712.61387872306
paper,2459,60708.67468585718
paper,2460,60703.32570802404
paper,2461,60701.287917488815
paper,2462,60699.58969620135
paper,2463,60697.868738908444
paper,2464,60695.04258979636
paper,2465,60692.714486973
paper,2466,60691.94180044517
paper,2467,60690.66099867174
paper,2468,60684.89383985279
paper,2469,60683.34918166985
paper,2470,60682.71179185914
paper,2471,60682.62624622297
paper,2472,60674.10455952528
paper,2473,60672.53164137245
paper,2474,60671.99479287859
paper,2475,60671.44848347511
paper,2476,60663.10225778343
paper,2477,60660.895154992635
paper,2478,60660.69218845556
paper,2479,60657.78033314758
paper,2480,60657.64208697769
paper,2481,60655.129193527144
paper,2482,60654.430075401244
paper,2483,60653.87901712808
paper,2484,60653.47919673593
paper,2485,60648.159196140696
paper,2486,60642.0007760627
paper,2487,60641.27522751115
paper,2488,60640.5625361857
paper,2489,60630.951886992145
paper,2490,60628.96547873013
paper,2491,60620.82087927397
paper,2492,60617.545525143694
paper,2493,60612.35331952418
paper,2494,60611.773957540296
paper,2495,60609.24064878166
paper,2496,60607.95348760834
paper,2497,60607.95104241898
paper,2498,60607.52764859976
paper,2499,60603.97194106603
paper,2500,60603.783320524686
paper,2501,60601.10316149689
paper,2502,60600.01741725386
paper,2503,60598.717349485996
paper,2504,60597.05669378596
paper,2505,60590.30118817893
paper,2506,60589.65882377058
paper,2507,60587.36130519617
paper,2508,60586.57342187484
paper,2509,60586.539050333195
paper,2510,60584.32562324656
paper,2511,60578.56893591687
paper,2512,60574.72259279206
paper,2513,60574.239858647496
paper,2514,60573.41367495446
paper,2515,60573.16883031227
paper,2516,60569.75881422158
paper,2517,60569.06393083269
paper,2518,60568.429150078686
paper,2519,60567.86704583383
paper,2520,60563.888450888226
paper,2521,60558.97499393908
paper,2522,60556.99395175167
paper,2523,60554.744134102235
paper,2524,60554.54968849349
paper,2525,60553.93612177336
paper,2526,60548.40205828427
paper,2527,60546.882452249345
paper,2528,60546.383821982345
paper,2529,60544.56128829576
paper,2530,60543.54388368779
paper,2531,60541.607602551194
paper,2532,60541.47040107644
paper,2533,60531.82395017025
paper,2534,60531.512613392144
paper,2535,60531.4705705819
paper,2536,60530.104194101914
paper,2537,60529.513564357294
paper,2538,60528.71971465295
paper,2539,60528.21209708375
paper,2540,60527.38454012423
paper,2541,60520.57354807249
paper,2542,60520.34966062319
paper,2543,60519.567539760625
paper,2544,60515.411765123834
paper,2545,60508.63740984061
paper,2546,60488.72043373264
paper,2547,60486.725996739944
paper,2548,60482.04837449138
paper,2549,60478.31789127262
paper,2550,60475.202717492386
paper,2551,60474.476462980834
paper,2552,60468.20947724176
paper,2553,60464.667530122686
paper,2554,60463.475339951336
paper,2555,60462.28833823568
paper,2556,60443.55300682772
paper,2557,60443.26986179377
paper,2558,60442.15075821313
paper,2559,60437.408470431845
paper,2560,60433.950064567456
paper,2561,60433.483558486805
paper,2562,60428.2393632143
paper,2563,60424.0130741449
paper,2564,60421.30281256319
paper,2565,60419.347652997436
paper,2566,60416.864981009574
paper,2567,60416.15554637962
paper,2568,60409.81161777588
paper,2569,60409.6210272939
paper,2570,60407.20426522075
paper,2571,60405.00627220356
paper,2572,60403.31450978376
paper,2573,60402.82645079534
paper,2574,60397.142530849065
paper,2575,60396.22302670851
paper,2576,60393.95917690563
paper,2577,60392.110557949134
paper,2578,60389.47127806194
paper,2579,60388.27573816359
paper,2580,60381.288126725165
paper,2581,60381.20983147018
paper,2582,60381.04402151529
paper,2583,60378.970993224095
paper,2584,60375.870039109555
paper,2585,60366.609605685684
paper,2586,60366.0686310902
paper,2587,60365.612048640294
paper,2588,60355.76766339788
paper,2589,60353.48648071212
paper,2590,60351.13664670845
paper,2591,60348.22490146603
paper,2592,60346.42063324541
paper,2593,60341.94408773054
paper,2594,60341.56332541742
paper,2595,60339.93507239453
paper,2596,60337.62529121953
paper,2597,60336.608954333075
paper,2598,60336.409277899416
paper,2599,60333.93264339186
paper,2600,60332.603921948175
paper,2601,60331.07588002567
paper,2602,60330.20213086286
paper,2603,60326.38272064148
paper,2604,60324.92438860679
paper,2605,60324.737786221354
paper,2606,60319.498308706854
paper,2607,60319.36177771251
paper,2608,60317.87904968027
paper,2609,60317.453120917016
paper,2610,60316.6486983903
paper,2611,60316.26663224755
paper,2612,60299.409484532975
paper,2613,60297.16441381351
paper,2614,60292.06814618692
paper,2615,60283.028238033585
paper,2616,60282.95660938304
paper,2617,60281.81107197347
paper,2618,60273.25110134168
paper,2619,60273.146008147196
paper,2620,60270.86761291447
paper,2621,60270.412350033264
paper,2622,60269.206152325336
paper,2623,60267.621691448854
paper,2624,60265.64084312205
paper,2625,60262.69005619554
paper,2626,60261.795186612806
paper,2627,60259.37178572514
paper,2628,60251.44619015082
paper,2629,60247.95954042955
paper,2630,60247.38742041491
paper,2631,60245.72536236339
paper,2632,60244.922729025166
paper,2633,60243.49791456942
paper,2634,60242.76097349634
paper,2635,60235.54701746977
paper,2636,60234.22329614007
paper,2637,60233.66317385068
paper,2638,60229.939650007385
paper,2639,60229.574168839106
paper,2640,60227.24285638791
paper,2641,60225.643957123604
paper,2642,60225.29107850112
paper,2643,60219.90591569098
paper,2644,60218.69755027796
paper,2645,60217.86818307059
paper,2646,60216.58079438886
paper,2647,60215.053674592506
paper,2648,60213.995907832796
paper,2649,60207.77137842258
paper,2650,60198.434794039385
paper,2651,60195.48522948217
paper,2652,60195.35933323452
paper,2653,60186.018528949215
paper,2654,60184.18617281469
paper,2655,60183.07757713392
paper,2656,60181.02996743339
paper,2657,60180.44476914784
paper,2658,60174.87241171627
paper,2659,60170.891392915175
paper,2660,60169.39566828864
paper,2661,60169.258349433985
paper,2662,60168.061300939116
paper,2663,60165.61915590687
paper,2664,60161.220432622955
paper,2665,60159.760872907296
paper,2666,60156.99711274112
paper,2667,60152.16535873573
paper,2668,60150.834755544114
paper,2669,60150.01973331566
paper,2670,60149.12094383549
paper,2671,60147.47383580334
paper,2672,60146.72132682374
paper,2673,60139.85960801503
paper,2674,60139.37380923701
paper,2675,60135.825492681965
paper,2676,60134.02425179008
paper,2677,60130.8228584904
paper,2678,60129.90321942502
paper,2679,60120.41434466278
paper,2680,60117.73886297506
paper,2681,60117.16461922796
paper,2682,60115.685643268385
paper,2683,60114.70704382992
paper,2684,60108.85697159427
paper,2685,60108.807391466464
paper,2686,60102.64095436863
paper,2687,60097.20003583797
paper,2688,60087.91745050835
paper,2689,60087.65996925291
paper,2690,60086.40554496298
paper,2691,60084.52790006581
paper,2692,60083.76860850858
paper,2693,60078.151365649865
paper,2694,60076.668809034156
paper,2695,60075.39998177745
paper,2696,60071.956174058345
paper,2697,60069.55001707194
paper,2698,60067.97661270592
paper,2699,60067.81652268822
paper,2700,60067.482609151026
paper,2701,60062.22324363843
paper,2702,60057.807871228746
paper,2703,60057.666441441186
paper,2704,60051.89218718939
paper,2705,60048.10183775873
paper,2706,60047.37248504937
paper,2707,60047.33287630194
paper,2708,60043.76970752556
paper,2709,60038.347445815605
paper,2710,60036.7281696861
paper,2711,60036.53513854201
paper,2712,60033.33225202673
paper,2713,60033.06455224457
paper,2714,60032.996408754305
paper,2715,60030.58311756683
paper,2716,60018.575420257184
paper,2717,60016.139492092836
paper,2718,60015.94519366779
paper,2719,60010.19945251736
paper,2720,60007.13096283564
paper,2721,60005.162294791975
paper,2722,60004.71409683543
paper,2723,60004.665482651646
paper,2724,60003.30229043357
paper,2725,60003.02864706294
paper,2726,60002.167758403484
paper,2727,60000.60046926185
paper,2728,60000.47822711178
paper,2729,59999.106670838235
paper,2730,59998.52394955063
paper,2731,59998.50753887343
paper,2732,59998.157865453366
paper,2733,59995.86345016261
paper,2734,59990.971996326974
paper,2735,59984.23160279047
paper,2736,59982.80557930842
paper,2737,59981.640407429004
paper,2738,59977.94289944995
paper,2739,59974.0033865869
paper,2740,59966.203004711686
paper,2741,59965.29663494517
paper,2742,59963.97023613769
paper,2743,59954.994512552854
paper,2744,59954.27950870153
paper,2745,59948.70544494639
paper,2746,59943.79002617291
paper,2747,59941.36917439084
paper,2748,59941.31804330185
paper,2749,59938.27322411368
paper,2750,59937.83350536253
paper,2751,59926.75405366794
paper,2752,59923.07459760127
paper,2753,59915.35113934719
paper,2754,59909.76001964933
paper,2755,59908.988210244606
paper,2756,59908.30031282639
paper,2757,59908.13373126898
paper,2758,59906.80161072415
paper,2759,59906.41194017481
paper,2760,59905.993307907585
paper,2761,59904.66563050201
paper,2762,59901.19216758916
paper,2763,59900.6865876943
paper,2764,59897.19158181674
paper,2765,59895.84913534996
paper,2766,59888.23194375038
paper,2767,59887.85242115237
paper,2768,59884.95639881716
paper,2769,59883.4677405421
paper,2770,59880.813832296735
paper,2771,59879.09531766664
paper,2772,59875.89450854678
paper,2773,59875.72111531405
paper,2774,59872.1035465113
paper,2775,59868.50078314177
paper,2776,59866.256180587035
paper,2777,59864.63670382406
paper,2778,59862.82976061543
paper,2779,59855.1092444026
paper,2780,59854.647934245484
paper,2781,59853.233412059104
paper,2782,59851.272698500194
paper,2783,59850.55496270251
paper,2784,59847.70054669556
paper,2785,59846.97587041708
paper,2786,59841.06124048042
paper,2787,59839.701716647214
paper,2788,59831.76884676822
paper,2789,59828.9173652525
paper,2790,59825.04058158347
paper,2791,59823.31173948864
paper,2792,59820.38613496065
paper,2793,59818.75105609397
paper,2794,59816.04119934168
paper,2795,59815.583226956354
paper,2796,59813.76541727828
paper,2797,59812.32986537951
paper,2798,59805.65870794602
paper,2799,59804.59657203886
paper,2800,59793.24078985118
paper,2801,59791.86140497005
paper,2802,59790.931921091586
paper,2803,59785.81219459741
paper,2804,59780.722575073356
paper,2805,59773.34347931664
paper,2806,59773.1003404076
paper,2807,59769.22030939769
paper,2808,59762.485427320426
paper,2809,59751.659390263514
paper,2810,59751.60470387031
paper,2811,59750.61863471515
paper,2812,59744.485365453394
paper,2813,59736.613653536166
paper,2814,59735.865206901195
paper,2815,59735.19333481085
paper,2816,59724.347250477724
paper,2817,59720.26491597338
paper,2818,59718.350730271384
paper,2819,59717.93548286817
paper,2820,59715.88001268987
paper,2821,59708.77735408335
paper,2822,59702.080243336524
paper,2823,59701.27959377752
paper,2824,59701.16435670923
paper,2825,59699.56608204575
paper,2826,59695.43840210314
paper,2827,59692.814277155114
paper,2828,59690.45898018759
paper,2829,59686.68854703722
paper,2830,59677.75720314327
paper,2831,59676.07494890545
paper,2832,59674.31603950535
paper,2833,59669.850051144706
paper,2834,59669.51946526061
paper,2835,59661.44848309497
paper,2836,59658.845838237095
paper,2837,59657.02267743743
paper,2838,59653.596914495494
paper,2839,59649.82749161742
paper,2840,59649.377775635374
paper,2841,59649.09217814065
paper,2842,59648.047337844924
paper,2843,59640.04516857769
paper,2844,59639.50859737633
paper,2845,59636.4213039473
paper,2846,59633.37396668659
paper,2847,59631.94587132434
paper,2848,59628.558679642265
paper,2849,59623.09201286189
paper,2850,59620.688009954625
paper,2851,59619.44319452225
paper,2852,59618.47120304071
paper,2853,59618.099511745335
paper,2854,59616.92596439803
paper,2855,59616.109137473315
paper,2856,59614.030827390394
paper,2857,59612.6602661717
paper,2858,59585.92268415589
paper,2859,59585.92226914064
paper,2860,59577.43230797366
paper,2861,59576.075253478906
paper,2862,59575.8075779284
paper,2863,59571.75042977842
paper,2864,59567.76773829981
paper,2865,59565.67930341313
paper,2866,59563.2979553728
paper,2867,59562.67023971904
paper,2868,59557.93751500238
paper,2869,59556.40634301819
paper,2870,59553.97124373743
paper,2871,59551.67618071586
paper,2872,59548.27023512968
paper,2873,59545.732125018614
paper,2874,59545.343270185316
paper,2875,59541.80103575169
paper,2876,59535.86764854356
paper,2877,59528.273347557
paper,2878,59520.72642506747
paper,2879,59514.32961397094
paper,2880,59512.318982336576
paper,2881,59509.565930393044
paper,2882,59509.22900499423
paper,2883,59506.82346066757
paper,2884,59503.04741073002
paper,2885,59489.00698143852
paper,2886,59483.961659198765
paper,2887,59473.68376726856
paper,2888,59472.851278663875
paper,2889,59469.83157147282
paper,2890,59465.45295640336
paper,2891,59457.33326869293
paper,2892,59455.202644958015
paper,2893,59453.482085961594
paper,2894,59449.34017389035
paper,2895,59436.47382739705
paper,2896,59430.98074929957
paper,2897,59414.944697769424
paper,2898,59411.480695637554
paper,2899,59400.78979221046
paper,2900,59390.19925217975
paper,2901,59389.68998056008
paper,2902,59389.01240960997
paper,2903,59385.11876830026
paper,2904,59382.574824568794
paper,2905,59376.995552753695
paper,2906,59360.12034897993
paper,2907,59356.24089296969
paper,2908,59348.128165019996
paper,2909,59342.06429034033
paper,2910,59339.86372968936
paper,2911,59316.86898003103
paper,2912,59314.835309721886
paper,2913,59314.79497439305
paper,2914,59306.63205039147
paper,2915,59302.417518568014
paper,2916,59293.769724019796
paper,2917,59287.188839481336
paper,2918,59286.82792091552
paper,2919,59282.88551848381
paper,2920,59282.30015576504
paper,2921,59277.63204409731
paper,2922,59275.663488222504
paper,2923,59274.392168171915
paper,2924,59273.94935588005
paper,2925,59270.90022824746
paper,2926,59261.887386188464
paper,2927,59261.13791688764
paper,2928,59257.88760779527
paper,2929,59244.09933470677
paper,2930,59241.00143358837
paper,2931,59223.0255134965
paper,2932,59220.35931452812
paper,2933,59220.01692132916
paper,2934,59211.33945224004
paper,2935,59210.611885271224
paper,2936,59196.772300524244
paper,2937,59187.30785670213
paper,2938,59182.91694895262
paper,2939,59176.25168063536
paper,2940,59176.13480355572
paper,2941,59157.09478090144
paper,2942,59149.96310102124
paper,2943,59147.74898939282
paper,2944,59145.60449206434
paper,2945,59135.26361263426
paper,2946,59134.386641790414
paper,2947,59130.898119583944
paper,2948,59123.7298984248
paper,2949,59123.690809175045
paper,2950,59120.52834153203
paper,2951,59113.40359024484
paper,2952,59106.949674116055
paper,2953,59106.055931839765
paper,2954,59099.263181990274
paper,2955,59084.99772180419
paper,2956,59081.802091345824
paper,2957,59073.37990505973
paper,2958,59067.03005631846
paper,2959,59062.59027959913
paper,2960,59057.58575063415
paper,2961,59057.110653911346
paper,2962,59055.86764291296
paper,2963,59052.18987077821
paper,2964,59048.460691541484
paper,2965,59048.071554178125
paper,2966,59044.39551520861
paper,2967,59041.238443819326
paper,2968,59040.85431867993
paper,2969,59033.90465313494
paper,2970,59029.51624915142
paper,2971,59029.32841970599
paper,2972,59027.67315076395
paper,2973,59019.04633446801
paper,2974,59017.65556829382
paper,2975,59016.709671002835
paper,2976,59011.5703158095
paper,2977,59007.22364080314
paper,2978,59007.082957893916
paper,2979,59006.32023329443
paper,2980,59005.93839252605
paper,2981,58997.12274559039
paper,2982,58994.088894412445
paper,2983,58988.66006672298
paper,2984,58979.053911439354
paper,2985,58975.338023804834
paper,2986,58972.839911457435
paper,2987,58968.71076895548
paper,2988,58965.16612713482
paper,2989,58961.07046075781
paper,2990,58959.523667614536
paper,2991,58956.076633907796
paper,2992,58951.226368548654
paper,2993,58949.0525949473
paper,2994,58946.50203822635
paper,2995,58938.496754993874
paper,2996,58911.836108378324
paper,2997,58910.68232782975
paper,2998,58906.9180518581
paper,2999,58894.41666372062
paper,3000,58892.782116452014
paper,3001,58891.57085010691
paper,3002,58882.07357707687
paper,3003,58880.35912600546
paper,3004,58875.61802919118
paper,3005,58873.28463874
paper,3006,58871.82130609843
paper,3007,58871.684547791825
paper,3008,58865.040835635205
paper,3009,58860.490145521755
paper,3010,58846.1881187689
paper,3011,58838.45272669105
paper,3012,58825.804630870196
paper,3013,58823.223324596875
paper,3014,58816.53955878327
paper,3015,58813.94172771222
paper,3016,58812.920979003124
paper,3017,58805.5622460063
paper,3018,58800.470192562025
paper,3019,58800.026960198564
paper,3020,58798.00260286013
paper,3021,58792.90164272867
paper,3022,58792.055742925244
paper,3023,58785.37622959776
paper,3024,58762.762904048985
paper,3025,58748.17564387361
paper,3026,58741.68239034494
paper,3027,58732.95631347351
paper,3028,58729.134321365906
paper,3029,58727.935685484386
paper,3030,58727.176783254545
paper,3031,58720.721197702085
paper,3032,58718.945648840985
paper,3033,58713.934890387995
paper,3034,58699.80883813607
paper,3035,58697.89595888406
paper,3036,58695.516920122005
paper,3037,58685.98198776961
paper,3038,58679.48492173154
paper,3039,58672.42529320397
paper,3040,58666.90592793464
paper,3041,58663.164027876934
paper,3042,58663.12955201415
paper,3043,58656.36226998012
paper,3044,58654.81301756977
paper,3045,58642.079104007345
paper,3046,58639.20430249485
paper,3047,58635.63595167739
paper,3048,58632.53886481211
paper,3049,58630.77732624472
paper,3050,58622.95263645629
paper,3051,58606.408414400496
paper,3052,58600.072109322304
paper,3053,58594.10065392946
paper,3054,58591.85707321153
paper,3055,58584.57041911819
paper,3056,58584.513409552696
paper,3057,58578.88775547309
paper,3058,58566.89668369451
paper,3059,58553.38599976816
paper,3060,58539.59489312469
paper,3061,58539.293318989505
paper,3062,58528.78887310142
paper,3063,58524.43004374367
paper,3064,58523.77221717811
paper,3065,58501.65971275616
paper,3066,58492.43494500722
paper,3067,58487.424587180416
paper,3068,58475.55149642487
paper,3069,58474.18654748545
paper,3070,58466.22466115725
paper,3071,58462.830421226565
paper,3072,58450.04043360406
paper,3073,58444.09957147079
paper,3074,58435.649326716004
paper,3075,58423.738962146956
paper,3076,58423.17983376264
paper,3077,58420.79934733288
paper,3078,58386.884380469055
paper,3079,58385.496563872206
paper,3080,58379.00754597586
paper,3081,58371.35704586045
paper,3082,58371.01550317959
paper,3083,58363.666579479825
paper,3084,58360.29467392998
paper,3085,58350.965648520054
paper,3086,58348.59309281303
paper,3087,58347.55675637217
paper,3088,58342.44129394773
paper,3089,58331.44880473405
paper,3090,58328.64443333825
paper,3091,58316.94004629025
paper,3092,58307.62891525263
paper,3093,58303.82271459126
paper,3094,58295.31932207039
paper,3095,58282.24911275764
paper,3096,58280.47181408595
paper,3097,58279.698279191965
paper,3098,58273.201012078694
paper,3099,58272.44485285866
paper,3100,58233.179497735946
paper,3101,58232.529467224456
paper,3102,58208.55990335999
paper,3103,58202.11105297798
paper,3104,58200.023213627144
paper,3105,58184.02823350752
paper,3106,58174.28539593696
paper,3107,58156.04790672689
paper,3108,58148.12920395506
paper,3109,58136.88883055488
paper,3110,58136.66683780268
paper,3111,58130.400157616954
paper,3112,58129.7929760474
paper,3113,58121.39996268167
paper,3114,58103.58874611458
paper,3115,58097.2906162437
paper,3116,58096.48643590169
paper,3117,58082.83573742017
paper,3118,58076.14980304106
paper,3119,58070.80656559732
paper,3120,58063.98260075222
paper,3121,58059.177586439146
paper,3122,58054.64511666723
paper,3123,58048.44529866599
paper,3124,58034.87269183871
paper,3125,58029.98159077935
paper,3126,58027.814704804456
paper,3127,58026.58842724821
paper,3128,58020.60409937775
paper,3129,58019.30947234254
paper,3130,58015.69420364817
paper,3131,57991.92249909283
paper,3132,57978.18563433391
paper,3133,57960.265363848834
paper,3134,57959.50585570917
paper,3135,57945.344675919434
paper,3136,57938.28909806517
paper,3137,57927.22155182391
paper,3138,57915.07055882463
paper,3139,57914.085971772576
paper,3140,57913.99015897397
paper,3141,57909.54976284045
paper,3142,57905.04572485279
paper,3143,57903.6045419215
paper,3144,57897.15284782003
paper,3145,57870.78027883125
paper,3146,57867.59068399553
paper,3147,57846.4732552037
paper,3148,57811.692258926996
paper,3149,57802.80196115857
paper,3150,57799.09716517473
paper,3151,57794.84101960038
paper,3152,57789.81234544359
paper,3153,57787.15026374804
paper,3154,57785.332370424425
paper,3155,57780.8020554322
paper,3156,57777.45425698786
paper,3157,57743.56017062685
paper,3158,57740.34770811096
paper,3159,57730.53634890655
paper,3160,57730.21404271585
paper,3161,57708.2639980224
paper,3162,57702.57545133239
paper,3163,57695.885108179966
paper,3164,57693.25695902604
paper,3165,57680.66422005664
paper,3166,57678.51239382302
paper,3167,57678.34862491452
paper,3168,57677.48388915594
paper,3169,57672.594038862735
paper,3170,57648.80399115817
paper,3171,57640.22373999123
paper,3172,57636.57222174629
paper,3173,57624.04221244859
paper,3174,57595.839258657325
paper,3175,57593.529909475714
paper,3176,57588.39655735316
paper,3177,57582.39913178182
paper,3178,57580.40321484723
paper,3179,57571.78847660138
paper,3180,57552.58069302661
paper,3181,57550.66036079479
paper,3182,57542.719926218946
paper,3183,57538.887423952394
paper,3184,57526.4633662977
paper,3185,57518.19360787075
paper,3186,57512.24293316137
paper,3187,57500.6106184412
paper,3188,57482.23945086391
paper,3189,57444.11491803786
paper,3190,57434.41433717048
paper,3191,57426.65774712609
paper,3192,57393.758228944214
paper,3193,57386.937147766774
paper,3194,57372.01539065091
paper,3195,57338.56776615521
paper,3196,57335.16046377557
paper,3197,57301.20100110226
paper,3198,57297.65847644155
paper,3199,57297.32594027738
paper,3200,57296.199344039196
paper,3201,57295.35564352895
paper,3202,57291.40504705757
paper,3203,57286.021778034505
paper,3204,57237.8900172586
paper,3205,57236.64777614412
paper,3206,57231.03096036069
paper,3207,57226.92401817783
paper,3208,57202.116853748405
paper,3209,57199.30455262686
paper,3210,57196.65087841076
paper,3211,57188.571910532184
paper,3212,57185.22832369376
paper,3213,57174.93358604095
paper,3214,57170.46637017759
paper,3215,57162.44828646563
paper,3216,57161.51053551033
paper,3217,57155.692517400996
paper,3218,57152.675621036455
paper,3219,57146.01208335598
paper,3220,57140.847746893545
paper,3221,57136.695727597275
paper,3222,57128.52255005508
paper,3223,57123.82574577732
paper,3224,57104.947536898115
paper,3225,57102.354398868854
paper,3226,57095.93959013633
paper,3227,57094.56461090727
paper,3228,57088.78413309907
paper,3229,57067.18129178892
paper,3230,57029.376911428546
paper,3231,57023.578503027304
paper,3232,57023.454219786836
paper,3233,57013.16222022258
paper,3234,57010.97170061944
paper,3235,57003.449783892655
paper,3236,56981.41087534022
paper,3237,56957.887701582105
paper,3238,56949.69326064475
paper,3239,56943.64629660898
paper,3240,56932.10452928457
paper,3241,56921.25212526518
paper,3242,56916.420902243255
paper,3243,56904.76542264727
paper,3244,56902.4927726385
paper,3245,56895.282187718054
paper,3246,56892.73677999031
paper,3247,56892.428953383314
paper,3248,56878.078052096316
paper,3249,56871.81149179541
paper,3250,56855.88627843866
paper,3251,56855.07294490486
paper,3252,56846.590767574664
paper,3253,56816.02751686881
paper,3254,56811.039897396615
paper,3255,56801.27668238523
paper,3256,56795.67238373909
paper,3257,56773.33110120221
paper,3258,56758.93563069561
paper,3259,56746.02610149864
paper,3260,56741.03668711009
paper,3261,56733.4350704814
paper,3262,56727.284464060715
paper,3263,56722.64177390078
paper,3264,56721.47386280069
paper,3265,56715.68399129007
paper,3266,56713.74888545364
paper,3267,56713.07665939411
paper,3268,56711.898071981464
paper,3269,56702.087596841775
paper,3270,56700.03098932418
paper,3271,56698.379689599926
paper,3272,56684.85958514328
paper,3273,56669.105977901934
paper,3274,56664.200281611666
paper,3275,56663.427687771065
paper,3276,56659.752320285064
paper,3277,56638.040307569536
paper,3278,56637.26377043026
paper,3279,56636.801133128756
paper,3280,56624.71991188471
paper,3281,56619.91119501571
paper,3282,56607.63945858911
paper,3283,56607.32765956369
paper,3284,56604.6775065494
paper,3285,56586.52043879753
paper,3286,56586.293772062556
paper,3287,56585.09642823169
paper,3288,56567.372831208806
paper,3289,56552.60648765067
paper,3290,56534.08023010218
paper,3291,56525.279067045645
paper,3292,56520.78639576837
paper,3293,56494.35100615305
paper,3294,56493.8605059694
paper,3295,56490.76062009824
paper,3296,56471.28462523174
paper,3297,56451.97307594258
paper,3298,56430.82802733803
paper,3299,56420.21368118757
paper,3300,56405.70679175491
paper,3301,56399.26828535415
paper,3302,56384.235060589795
paper,3303,56381.80807832392
paper,3304,56367.533447894
paper,3305,56360.49737999953
paper,3306,56346.53857083144
paper,3307,56346.290489237086
paper,3308,56341.66765926667
paper,3309,56317.57529027528
paper,3310,56315.61919246196
paper,3311,56302.00789471462
paper,3312,56296.08975016602
paper,3313,56293.4066455716
paper,3314,56282.30023411938
paper,3315,56244.26990291038
paper,3316,56227.42812643327
paper,3317,56209.91851278981
paper,3318,56205.94645853149
paper,3319,56198.740025335246
paper,3320,56198.215456451864
paper,3321,56195.93112726271
paper,3322,56195.48392426444
paper,3323,56187.5457409437
paper,3324,56171.2349882529
paper,3325,56169.23079094981
paper,3326,56156.225218744796
paper,3327,56136.25365337992
paper,3328,56121.3275130586
paper,3329,56115.718970537506
paper,3330,56100.165090488306
paper,3331,56082.02344373244
paper,3332,56066.3595810621
paper,3333,56061.07559809221
paper,3334,56060.89121701482
paper,3335,56048.79386535124
paper,3336,56041.821546781284
paper,3337,56024.56769353866
paper,3338,56018.65405066937
paper,3339,56007.68648085879
paper,3340,56000.980990044794
paper,3341,55991.71711406576
paper,3342,55985.991992733354
paper,3343,55984.63966233575
paper,3344,55963.66725072483
paper,3345,55962.7996038978
paper,3346,55958.67614123536
paper,3347,55948.31642992437
paper,3348,55946.406741073915
paper,3349,55937.74171001619
paper,3350,55936.841532559934
paper,3351,55930.348887500026
paper,3352,55925.40325036628
paper,3353,55907.55619879591
paper,3354,55896.49022328184
paper,3355,55892.514574691675
paper,3356,55862.347682406085
paper,3357,55853.58337200626
paper,3358,55850.49028938072
paper,3359,55838.53394424971
paper,3360,55837.688596226966
paper,3361,55831.23035012772
paper,3362,55829.07290133313
paper,3363,55826.70904835349
paper,3364,55812.69180315487
paper,3365,55811.93356243294
paper,3366,55811.03071773727
paper,3367,55806.79523559538
paper,3368,55801.79093477468
paper,3369,55796.48710184538
paper,3370,55791.41649691096
paper,3371,55781.35529280268
paper,3372,55776.24448126003
paper,3373,55754.05752267476
paper,3374,55748.76883647733
paper,3375,55732.64123159088
paper,3376,55703.1900405347
paper,3377,55698.270983363174
paper,3378,55689.98122303046
paper,3379,55685.09874470893
paper,3380,55678.065912796366
paper,3381,55669.748247756484
paper,3382,55667.719456510385
paper,3383,55660.81336476383
paper,3384,55660.18623215528
paper,3385,55651.34349760781
paper,3386,55634.18692402917
paper,3387,55632.34594817549
paper,3388,55609.0822032773
paper,3389,55606.42240944356
paper,3390,55602.369629822395
paper,3391,55594.079344895814
paper,3392,55578.26159832736
paper,3393,55566.61939451365
paper,3394,55562.614483906254
paper,3395,55561.176209456564
paper,3396,55536.8789716633
paper,3397,55530.457161607315
paper,3398,55518.99230641485
paper,3399,55515.78503913608
paper,3400,55513.25483698704
paper,3401,55484.56661246787
paper,3402,55475.25449285329
paper,3403,55475.01065479632
paper,3404,55469.044826947786
paper,3405,55411.662923822325
paper,3406,55407.61951361228
paper,3407,55393.81190901351
paper,3408,55371.66140319781
paper,3409,55360.987915949176
paper,3410,55359.15450109952
paper,3411,55353.48609105308
paper,3412,55334.490195221995
paper,3413,55315.32681163284
paper,3414,55295.08492984236
paper,3415,55262.36438162284
paper,3416,55207.260072705896
paper,3417,55189.175950558034
paper,3418,55183.201700026104
paper,3419,55179.190955240185
paper,3420,55157.51816610604
paper,3421,55153.49879437074
paper,3422,55140.725490258745
paper,3423,55136.18719289787
paper,3424,55129.633374609184
paper,3425,55121.39358662943
paper,3426,55111.747357795204
paper,3427,55105.19126651909
paper,3428,55092.83598361009
paper,3429,55081.37912406281
paper,3430,55048.43553259789
paper,3431,55038.9674967717
paper,3432,55034.40581533532
paper,3433,55034.25336529871
paper,3434,55032.53639602124
paper,3435,55019.2906817497
paper,3436,55012.89148403354
paper,3437,54994.056351062434
paper,3438,54991.968250479316
paper,3439,54988.41051699797
paper,3440,54983.49597926072
paper,3441,54982.23527187896
paper,3442,54981.2809969561
paper,3443,54980.917469165914
paper,3444,54971.422781761736
paper,3445,54955.155485316194
paper,3446,54944.87507289164
paper,3447,54935.79055377695
paper,3448,54877.13303253626
paper,3449,54876.29837870202
paper,3450,54870.8392527655
paper,3451,54864.64577989995
paper,3452,54863.67041452534
paper,3453,54856.21325980746
paper,3454,54855.056552002774
paper,3455,54831.43311925199
paper,3456,54831.25607796119
paper,3457,54805.92103443474
paper,3458,54797.64598546633
paper,3459,54787.0335914368
paper,3460,54786.50676922145
paper,3461,54733.333944601036
paper,3462,54728.45399918062
paper,3463,54712.01924914047
paper,3464,54709.33625666392
paper,3465,54697.57187736658
paper,3466,54691.931677587585
paper,3467,54687.08767161794
paper,3468,54682.42207939842
paper,3469,54677.04890259694
paper,3470,54671.9713649346
paper,3471,54671.59282304362
paper,3472,54670.405903237195
paper,3473,54667.41106493206
paper,3474,54665.285930869526
paper,3475,54621.562389065766
paper,3476,54612.78869249368
paper,3477,54612.03846847473
paper,3478,54606.74876122296
paper,3479,54600.763928663895
paper,3480,54591.00758745353
paper,3481,54580.86011355073
paper,3482,54577.81171458407
paper,3483,54573.06377211885
paper,3484,54562.1481028583
paper,3485,54556.94922417977
paper,3486,54535.0646529218
paper,3487,54517.84530797825
paper,3488,54494.04115504553
paper,3489,54476.607446753136
paper,3490,54474.809409089474
paper,3491,54471.836049702775
paper,3492,54457.13020612501
paper,3493,54453.30858903445
paper,3494,54440.59284650027
paper,3495,54437.92063154123
paper,3496,54417.71055774233
paper,3497,54407.38428316533
paper,3498,54406.94643317819
paper,3499,54396.75909751998
paper,3500,54350.87469383655
paper,3501,54344.71258965795
paper,3502,54344.71258965795
paper,3503,54344.71258965795
paper,3504,54335.244517216146
paper,3505,54332.12898175042
paper,3506,54327.62923125596
paper,3507,54323.871611999886
paper,3508,54318.30077740079
paper,3509,54313.31600886235
paper,3510,54305.145477583785
paper,3511,54301.30180830203
paper,3512,54294.6990157764
paper,3513,54290.68602330625
paper,3514,54290.36238814699
paper,3515,54280.40336918624
paper,3516,54280.387368631746
paper,3517,54278.12185349648
paper,3518,54276.11580375535
paper,3519,54271.46258965795
paper,3520,54253.435614505135
paper,3521,54252.964822872505
paper,3522,54252.61459947526
paper,3523,54249.31258965795
paper,3524,54249.31258965795
paper,3525,54249.31258965795
paper,3526,54249.31258965795
paper,3527,54249.31258965795
paper,3528,54249.31258965795
paper,3529,54249.31258965795
paper,3530,54249.31258965795
paper,3531,54249.20079288854
paper,3532,54209.77070111152
paper,3533,54207.492081958815
paper,3534,54201.735459408774
paper,3535,54191.168547932444
paper,3536,54184.50468557802
paper,3537,54183.9396892481
paper,3538,54181.567059980625
paper,3539,54177.020769141105
paper,3540,54170.78771402973
paper,3541,54167.81159333135
paper,3542,54156.68517348411
paper,3543,54149.69159766181
paper,3544,54143.71193642768
paper,3545,54133.49901839263
paper,3546,54125.084349388206
paper,3547,54121.5730915782
paper,3548,54113.59682222565
paper,3549,54111.64376327612
paper,3550,54101.11258965795
paper,3551,54096.11605254246
paper,3552,54079.91978429441
paper,3553,54070.28007237672
paper,3554,54063.80303686379
paper,3555,54053.04478518851
paper,3556,54052.38976489147
paper,3557,54051.712589657946
paper,3558,54040.365281420745
paper,3559,54016.79057397604
paper,3560,54002.34074922564
paper,3561,53985.93377148376
paper,3562,53981.015086521686
paper,3563,53978.7102925428
paper,3564,53974.00851944943
paper,3565,53951.11861097474
paper,3566,53932.54623762876
paper,3567,53920.486086666555
paper,3568,53919.266540155724
paper,3569,53909.78728624553
paper,3570,53897.886863927946
paper,3571,53894.39744350951
paper,3572,53892.75103531545
paper,3573,53889.3080163179
paper,3574,53872.14621504278
paper,3575,53869.56143812719
paper,3576,53866.389048018646
paper,3577,53860.8053238059
paper,3578,53858.680246853226
paper,3579,53858.36510860869
paper,3580,53853.89226261018
paper,3581,53841.81878118923
paper,3582,53841.381964609565
paper,3583,53840.841820555324
paper,3584,53840.17838347547
paper,3585,53839.68085785679
paper,3586,53835.2789178585
paper,3587,53833.96319585259
paper,3588,53833.09330902012
paper,3589,53827.18297227798
paper,3590,53818.048164545005
paper,3591,53817.04521564308
paper,3592,53816.54160958322
paper,3593,53808.81469109806
paper,3594,53804.53614378896
paper,3595,53797.07625035823
paper,3596,53792.17104052266
paper,3597,53789.59701602706
paper,3598,53789.29602031152
paper,3599,53777.17619017033
paper,3600,53768.008592635044
paper,3601,53758.320374534414
paper,3602,53757.979184006195
paper,3603,53748.64840316651
paper,3604,53746.26620883473
paper,3605,53743.83817494599
paper,3606,53742.08091379923
paper,3607,53737.65341769344
paper,3608,53731.88012099488
paper,3609,53723.2535983868
paper,3610,53723.247384442155
paper,3611,53722.46277062986
paper,3612,53717.99745376768
paper,3613,53717.54319296494
paper,3614,53716.26981670761
paper,3615,53715.83919907316
paper,3616,53715.06145455542
paper,3617,53714.14565624429
paper,3618,53713.106961360034
paper,3619,53708.09574255823
paper,3620,53703.89349893286
paper,3621,53697.07794378914
paper,3622,53676.8809709307
paper,3623,53665.65591442922
paper,3624,53651.90757083058
paper,3625,53648.074250401354
paper,3626,53646.595324921764
paper,3627,53626.42684787498
paper,3628,53617.26821172489
paper,3629,53607.45360596336
paper,3630,53595.6976299496
paper,3631,53593.53729228923
paper,3632,53592.98583115111
paper,3633,53586.920050906396
paper,3634,53581.018359288646
paper,3635,53574.812589657944
paper,3636,53574.812589657944
paper,3637,53574.812589657944
paper,3638,53574.812589657944
paper,3639,53574.812589657944
paper,3640,53554.512418666185
paper,3641,53550.95142495596
paper,3642,53549.66956556267
paper,3643,53547.642481009
paper,3644,53546.687489951706
paper,3645,53528.617074623486
paper,3646,53525.94424134394
paper,3647,53523.253657200046
paper,3648,53512.71768037359
paper,3649,53507.43812812259
paper,3650,53501.969098651294
paper,3651,53500.20124258595
paper,3652,53498.261191309604
paper,3653,53495.75627400605
paper,3654,53487.837386001724
paper,3655,53486.78050290158
paper,3656,53485.213857640374
paper,3657,53483.60240377235
paper,3658,53476.566049482186
paper,3659,53473.60854936124
paper,3660,53471.52098775305
paper,3661,53468.731349374146
paper,3662,53466.111308727835
paper,3663,53459.28746667028
paper,3664,53459.264013111235
paper,3665,53457.34029795945
paper,3666,53452.07874079935
paper,3667,53450.63541486704
paper,3668,53448.38316071802
paper,3669,53447.842818634315
paper,3670,53447.30282531282
paper,3671,53440.5379077517
paper,3672,53432.57023919632
paper,3673,53420.448620960684
paper,3674,53418.56070737731
paper,3675,53405.79889336493
paper,3676,53405.35367116401
paper,3677,53400.35718420017
paper,3678,53378.585970175736
paper,3679,53377.33625780052
paper,3680,53352.86358536859
paper,3681,53345.280619041834
paper,3682,53343.027539953655
paper,3683,53342.727532446275
paper,3684,53338.60317331208
paper,3685,53331.91113164753
paper,3686,53331.05639124831
paper,3687,53320.09042939322
paper,3688,53318.16119265471
paper,3689,53317.43295695996
paper,3690,53310.70612406112
paper,3691,53304.28823148736
paper,3692,53303.05556845607
paper,3693,53301.71045846337
paper,3694,53299.928157846734
paper,3695,53296.60457621563
paper,3696,53286.677735245124
paper,3697,53281.87582863239
paper,3698,53269.67946100237
paper,3699,53267.84552034178
paper,3700,53267.61258965795
paper,3701,53267.5778052758
paper,3702,53258.74621509921
paper,3703,53256.25735668581
paper,3704,53254.95623342688
paper,3705,53247.69178290453
paper,3706,53246.974646937386
paper,3707,53234.851738662124
paper,3708,53230.57753977784
paper,3709,53229.894354013464
paper,3710,53227.08870677992
paper,3711,53224.80564088158
paper,3712,53223.05688358863
paper,3713,53222.39144089559
paper,3714,53219.124508362096
paper,3715,53215.4701974571
paper,3716,53214.61202456701
paper,3717,53209.982831138484
paper,3718,53209.52231035871
paper,3719,53209.48827245596
paper,3720,53207.41671818183
paper,3721,53207.352510950754
paper,3722,53200.1285012707
paper,3723,53199.139894285785
paper,3724,53198.44918976567
paper,3725,53196.56009500302
paper,3726,53190.83223264977
paper,3727,53187.47863993669
paper,3728,53186.35124186194
paper,3729,53183.29179459363
paper,3730,53176.837404656406
paper,3731,53174.44762531935
paper,3732,53174.223690579405
paper,3733,53172.10953614411
paper,3734,53171.83925160933
paper,3735,53166.98980793643
paper,3736,53162.590771066236
paper,3737,53154.161590142285
paper,3738,53149.5528217763
paper,3739,53148.986049852014
paper,3740,53147.00047899137
paper,3741,53141.55937391646
paper,3742,53130.651787930416
paper,3743,53126.82596513496
paper,3744,53125.90117119199
paper,3745,53124.87289275879
paper,3746,53124.398302826
paper,3747,53120.99750117922
paper,3748,53113.248984865204
paper,3749,53105.06630647948
paper,3750,53099.10847515902
paper,3751,53096.63411666084
paper,3752,53096.19523092602
paper,3753,53095.59406477215
paper,3754,53086.47076256299
paper,3755,53083.687410861574
paper,3756,53078.39237314766
paper,3757,53076.31248584304
paper,3758,53075.13172556035
paper,3759,53066.83765395916
paper,3760,53065.956427045494
paper,3761,53061.79607870357
paper,3762,53058.388007125555
paper,3763,53047.585919086916
paper,3764,53040.44241173224
paper,3765,53039.85225546909
paper,3766,53033.37840324298
paper,3767,53027.7602893853
paper,3768,53023.027259897506
paper,3769,53021.05278797345
paper,3770,53019.38378602638
paper,3771,53018.53106176929
paper,3772,53018.25713018801
paper,3773,53015.465308429055
paper,3774,53012.02363545228
paper,3775,53011.64913191884
paper,3776,53009.83873177547
paper,3777,53007.14303672823
paper,3778,53005.47804505278
paper,3779,53004.51752698398
paper,3780,52998.07529923318
paper,3781,52997.190329754485
paper,3782,52993.118106069545
paper,3783,52988.70026770242
paper,3784,52987.542480090364
paper,3785,52987.27466401066
paper,3786,52976.66860163103
paper,3787,52975.913852419355
paper,3788,52972.78981968345
paper,3789,52965.62064976767
paper,3790,52965.299230807424
paper,3791,52963.82799980464
paper,3792,52958.185533173986
paper,3793,52955.18802556276
paper,3794,52951.438608602286
paper,3795,52948.081207636635
paper,3796,52946.37089964525
paper,3797,52946.15963703647
paper,3798,52945.76809059685
paper,3799,52945.355016182555
paper,3800,52944.95457284745
paper,3801,52942.11586462168
paper,3802,52941.93746569172
paper,3803,52939.66204421577
paper,3804,52932.205167292974
paper,3805,52930.18223884495
paper,3806,52929.08986369159
paper,3807,52926.80654066764
paper,3808,52926.404000661525
paper,3809,52923.54404415622
paper,3810,52922.21896604446
paper,3811,52921.64570679204
paper,3812,52920.65822507054
paper,3813,52918.05755296252
paper,3814,52913.49255653022
paper,3815,52909.187498656
paper,3816,52907.49246337992
paper,3817,52905.683542298226
paper,3818,52902.81528887139
paper,3819,52902.732137301755
paper,3820,52897.73929857993
paper,3821,52895.22145921261
paper,3822,52886.95330196274
paper,3823,52886.65217711431
paper,3824,52886.464879433195
paper,3825,52885.96879876995
paper,3826,52885.31842274441
paper,3827,52882.030585127955
paper,3828,52879.097538705675
paper,3829,52879.03195043034
paper,3830,52876.331427635116
paper,3831,52871.660607488986
paper,3832,52868.27217094979
paper,3833,52866.603694579884
paper,3834,52866.40165422638
paper,3835,52860.86037667561
paper,3836,52859.331789548516
paper,3837,52857.94474161023
paper,3838,52852.56148684619
paper,3839,52838.717808107125
paper,3840,52835.80506965312
paper,3841,52833.36268608228
paper,3842,52826.40731065893
paper,3843,52825.37706023528
paper,3844,52822.876595793154
paper,3845,52822.27103441656
paper,3846,52820.397784791945
paper,3847,52812.644540876405
paper,3848,52810.87537638736
paper,3849,52806.12961275523
paper,3850,52804.567182781764
paper,3851,52802.21256126137
paper,3852,52801.52024908018
paper,3853,52790.22464405204
paper,3854,52784.03193960741
paper,3855,52783.73058596297
paper,3856,52782.0366403993
paper,3857,52780.0234309834
paper,3858,52772.59836509664
paper,3859,52763.91742193503
paper,3860,52759.91086185458
paper,3861,52759.804220758924
paper,3862,52756.316444574855
paper,3863,52755.477425637335
paper,3864,52753.997195092175
paper,3865,52748.95055689806
paper,3866,52748.077938715345
paper,3867,52747.04970513199
paper,3868,52746.97519247617
paper,3869,52746.39537607224
paper,3870,52745.65521608217
paper,3871,52739.198786378125
paper,3872,52738.996496751395
paper,3873,52737.81589909885
paper,3874,52737.26709297844
paper,3875,52736.07514829885
paper,3876,52735.66590798565
paper,3877,52733.199658394726
paper,3878,52733.176084797306
paper,3879,52731.01785002855
paper,3880,52728.23222779257
paper,3881,52727.10571748725
paper,3882,52725.27288689174
paper,3883,52724.06739541701
paper,3884,52723.54732139143
paper,3885,52721.7402111811
paper,3886,52721.46917927947
paper,3887,52720.51276556581
paper,3888,52715.24097089839
paper,3889,52714.6523762689
paper,3890,52712.84437017633
paper,3891,52712.4107192301
paper,3892,52710.08765818172
paper,3893,52706.07831773305
paper,3894,52705.70934368428
paper,3895,52703.045625619205
paper,3896,52700.54501190988
paper,3897,52699.60353973523
paper,3898,52688.94821585292
paper,3899,52685.96238917143
paper,3900,52685.06589809605
paper,3901,52683.6961662019
paper,3902,52682.47825049602
paper,3903,52680.25097314807
paper,3904,52679.32863963666
paper,3905,52676.51169878837
paper,3906,52675.754785932
paper,3907,52674.17932952692
paper,3908,52673.661273085236
paper,3909,52670.41998358062
paper,3910,52669.64360144795
paper,3911,52667.72360319218
paper,3912,52667.25136463311
paper,3913,52666.78841784068
paper,3914,52665.873865524394
paper,3915,52663.291686011034
paper,3916,52660.914434097074
paper,3917,52655.143259166965
paper,3918,52653.8853388924
paper,3919,52649.18745511545
paper,3920,52648.49345464772
paper,3921,52630.389545731334
paper,3922,52626.947652485
paper,3923,52626.86586576563
paper,3924,52623.176288077244
paper,3925,52623.09918795987
paper,3926,52622.35578927811
paper,3927,52620.493318807894
paper,3928,52618.75490634147
paper,3929,52618.58323768119
paper,3930,52614.48095632885
paper,3931,52613.10169036881
paper,3932,52611.99546623191
paper,3933,52609.74852244945
paper,3934,52609.67387158528
paper,3935,52607.339795456704
paper,3936,52605.83843312113
paper,3937,52605.00865185001
paper,3938,52604.26793662708
paper,3939,52604.02790019913
paper,3940,52603.62342185203
paper,3941,52601.47371707164
paper,3942,52600.498594980454
paper,3943,52600.42627652139
paper,3944,52599.3113839799
paper,3945,52597.84302538616
paper,3946,52597.47765972421
paper,3947,52591.70025717317
paper,3948,52591.30348893103
paper,3949,52587.85099381452
paper,3950,52586.202837027966
paper,3951,52586.10150275043
paper,3952,52584.77943277725
paper,3953,52581.02064321915
paper,3954,52580.275245190765
paper,3955,52576.03760308064
paper,3956,52575.31940005587
paper,3957,52575.212430853826
paper,3958,52572.91131082622
paper,3959,52568.423185722124
paper,3960,52565.47204192043
paper,3961,52564.75421493474
paper,3962,52563.3951706606
paper,3963,52562.751283166355
paper,3964,52557.3752805721
paper,3965,52553.68601503209
paper,3966,52552.459621406204
paper,3967,52549.88378666765
paper,3968,52545.64634083324
paper,3969,52544.75947596025
paper,3970,52542.96310725237
paper,3971,52538.50956745656
paper,3972,52537.42298921978
paper,3973,52536.891107524294
paper,3974,52531.978105228736
paper,3975,52529.87954473157
paper,3976,52529.470050901095
paper,3977,52527.3164624288
paper,3978,52513.87844890575
paper,3979,52513.43324594871
paper,3980,52511.15450910308
paper,3981,52509.68784034656
paper,3982,52508.59798724502
paper,3983,52507.464497031586
paper,3984,52504.444229093046
paper,3985,52503.08466464624
paper,3986,52501.223808206
paper,3987,52500.53559693186
paper,3988,52500.46935277977
paper,3989,52499.5227124006
paper,3990,52497.41043820128
paper,3991,52497.01410128005
paper,3992,52495.22292803319
paper,3993,52495.120697936254
paper,3994,52492.8022171105
paper,3995,52489.01003414776
paper,3996,52487.46225780028
paper,3997,52486.71521637197
paper,3998,52485.540246627155
paper,3999,52477.96340852751
paper,4000,52475.19779283608
paper,4001,52473.47653444472
paper,4002,52472.18020372581
paper,4003,52470.742623708335
paper,4004,52470.70845775566
paper,4005,52470.592533081384
paper,4006,52470.34317127721
paper,4007,52466.214804274845
paper,4008,52462.91278840544
paper,4009,52462.02475158768
paper,4010,52458.81101164189
paper,4011,52458.54693711319
paper,4012,52457.75109069257
paper,4013,52454.22599796147
paper,4014,52452.32423563745
paper,4015,52451.10244400958
paper,4016,52449.295276890596
paper,4017,52448.88225666744
paper,4018,52446.36794043914
paper,4019,52443.08210851317
paper,4020,52442.53845663163
paper,4021,52440.48196942094
paper,4022,52440.08485887621
paper,4023,52439.49597993571
paper,4024,52431.16092028975
paper,4025,52430.48984971573
paper,4026,52429.61810850567
paper,4027,52429.16849711681
paper,4028,52427.73834182224
paper,4029,52425.86306752424
paper,4030,52420.99007405577
paper,4031,52420.695513490566
paper,4032,52420.45029385244
paper,4033,52419.706947104474
paper,4034,52416.77945889932
paper,4035,52415.51944616408
paper,4036,52412.20955414634
paper,4037,52411.83645110176
paper,4038,52406.12625704811
paper,4039,52402.99373198553
paper,4040,52401.932570811165
paper,4041,52401.68880092834
paper,4042,52399.761059857774
paper,4043,52397.82626696596
paper,4044,52397.713496780925
paper,4045,52396.35853817106
paper,4046,52395.35028089648
paper,4047,52393.08996782225
paper,4048,52391.280974468966
paper,4049,52391.01948884571
paper,4050,52390.715722350105
paper,4051,52390.46904184666
paper,4052,52390.433486314985
paper,4053,52390.13490761534
paper,4054,52386.34882649578
paper,4055,52384.240253828364
paper,4056,52381.87390309634
paper,4057,52380.94244519672
paper,4058,52377.114624336224
paper,4059,52376.54096115326
paper,4060,52374.00592682277
paper,4061,52369.99690010486
paper,4062,52368.650323272384
paper,4063,52368.627575351675
paper,4064,52368.185267022716
paper,4065,52365.382494054844
paper,4066,52360.43405421346
paper,4067,52358.77080782261
paper,4068,52358.40185146603
paper,4069,52352.770397595945
paper,4070,52349.734174696896
paper,4071,52346.796734404335
paper,4072,52346.00496274811
paper,4073,52345.26877185013
paper,4074,52344.66215196724
paper,4075,52342.71819572571
paper,4076,52340.39589918405
paper,4077,52335.046684670255
paper,4078,52334.61404592197
paper,4079,52333.608058075435
paper,4080,52332.19098445912
paper,4081,52331.373425321915
paper,4082,52329.87997898639
paper,4083,52328.47183602262
paper,4084,52326.85456201305
paper,4085,52326.230640793605
paper,4086,52323.925744801665
paper,4087,52322.85839241236
paper,4088,52321.96304451369
paper,4089,52321.310581904756
paper,4090,52308.14255776997
paper,4091,52304.57066528652
paper,4092,52302.218378810256
paper,4093,52301.878998090724
paper,4094,52300.31049740263
paper,4095,52299.4181974522
paper,4096,52299.01398844399
paper,4097,52298.911914660835
paper,4098,52296.962920048354
paper,4099,52295.58124706683
paper,4100,52295.49922277516
paper,4101,52294.41055203046
paper,4102,52294.3827590825
paper,4103,52293.52699908336
paper,4104,52283.46048855896
paper,4105,52278.61777345891
paper,4106,52277.7826291116
paper,4107,52277.70376125079
paper,4108,52276.03410213929
paper,4109,52273.582735859505
paper,4110,52266.743955843274
paper,4111,52265.57914028623
paper,4112,52261.6354959696
paper,4113,52256.07828226882
paper,4114,52252.47608923046
paper,4115,52249.31531717513
paper,4116,52249.312260710976
paper,4117,52249.22895757808
paper,4118,52247.07699910131
paper,4119,52244.79933698309
paper,4120,52243.79187509951
paper,4121,52242.993086907816
paper,4122,52242.45170948537
paper,4123,52241.67847768387
paper,4124,52240.51118311712
paper,4125,52238.958343112216
paper,4126,52238.7260276476
paper,4127,52230.063684920795
paper,4128,52228.995553181994
paper,4129,52227.9190735074
paper,4130,52227.64520758121
paper,4131,52226.3194785194
paper,4132,52223.77073510069
paper,4133,52219.56833880028
paper,4134,52212.7996329115
paper,4135,52210.9695448025
paper,4136,52207.18410105166
paper,4137,52205.24328823486
paper,4138,52201.57044992812
paper,4139,52201.51203630543
paper,4140,52199.40635665656
paper,4141,52194.81523624978
paper,4142,52194.14327886513
paper,4143,52193.49219655549
paper,4144,52191.86623386744
paper,4145,52189.953872336904
paper,4146,52187.111494000135
paper,4147,52185.73631963536
paper,4148,52184.09660958558
paper,4149,52183.907605845474
paper,4150,52181.68790698869
paper,4151,52180.09492535131
paper,4152,52173.64593551139
paper,4153,52171.94227274781
paper,4154,52170.881281925605
paper,4155,52170.07357863785
paper,4156,52169.97700294778
paper,4157,52168.99541723828
paper,4158,52165.06413722258
paper,4159,52164.75617182618
paper,4160,52164.686782531906
paper,4161,52164.436183636506
paper,4162,52163.72727531463
paper,4163,52163.30222770605
paper,4164,52162.86490963303
paper,4165,52159.19841874141
paper,4166,52158.04072263463
paper,4167,52155.75390271418
paper,4168,52155.14149830557
paper,4169,52151.799934476774
paper,4170,52151.58050942722
paper,4171,52150.27383545317
paper,4172,52146.172589179776
paper,4173,52138.822173737746
paper,4174,52130.366650278396
paper,4175,52127.62449659706
paper,4176,52127.09819392585
paper,4177,52126.77821320041
paper,4178,52125.79758492875
paper,4179,52123.80225604823
paper,4180,52120.543465758594
paper,4181,52120.46439917081
paper,4182,52116.13701314047
paper,4183,52114.16786735896
paper,4184,52109.11013678285
paper,4185,52107.73630621377
paper,4186,52107.59596213372
paper,4187,52104.068854225276
paper,4188,52102.36883087003
paper,4189,52100.89602516401
paper,4190,52098.890735198394
paper,4191,52091.754636942656
paper,4192,52079.47942916288
paper,4193,52077.922126124824
paper,4194,52076.81317316824
paper,4195,52075.81668015419
paper,4196,52074.48456525016
paper,4197,52073.660495601325
paper,4198,52072.05552331911
paper,4199,52070.47866085836
paper,4200,52060.55478364329
paper,4201,52056.09363786834
paper,4202,52055.29580000739
paper,4203,52052.11787478225
paper,4204,52050.001152374774
paper,4205,52049.4916547134
paper,4206,52040.409938878205
paper,4207,52038.01016708645
paper,4208,52035.37623342327
paper,4209,52030.82846230738
paper,4210,52029.81491046815
paper,4211,52028.66458762455
paper,4212,52027.20466327069
paper,4213,52021.94821700757
paper,4214,52018.523246002915
paper,4215,52014.21130518616
paper,4216,52012.16001227489
paper,4217,52007.65086040635
paper,4218,52005.01231047486
paper,4219,51997.09724693295
paper,4220,51996.871929532
paper,4221,51996.62306090503
paper,4222,51992.419722185165
paper,4223,51989.427666659794
paper,4224,51987.53919411833
paper,4225,51987.3888470274
paper,4226,51985.50856001758
paper,4227,51981.89612900031
paper,4228,51981.32774294732
paper,4229,51980.12988985663
paper,4230,51975.36947091889
paper,4231,51971.06905584656
paper,4232,51970.14155517368
paper,4233,51968.435354860885
paper,4234,51968.15413075723
paper,4235,51968.051213823004
paper,4236,51964.48887558468
paper,4237,51963.693722161006
paper,4238,51963.14898893943
paper,4239,51952.423157492354
paper,4240,51952.008105123205
paper,4241,51951.07259262702
paper,4242,51946.43385223501
paper,4243,51939.755765830574
paper,4244,51931.56245695817
paper,4245,51928.601984279834
paper,4246,51918.212769792786
paper,4247,51915.52895499106
paper,4248,51914.19044631127
paper,4249,51913.1626372062
paper,4250,51909.634377113674
paper,4251,51902.36446894977
paper,4252,51901.00802615376
paper,4253,51899.19775952827
paper,4254,51895.44094916252
paper,4255,51892.45116015368
paper,4256,51891.859570664186
paper,4257,51889.03945717234
paper,4258,51879.1918916841
paper,4259,51876.87587288886
paper,4260,51875.8831487469
paper,4261,51873.70656728979
paper,4262,51872.83831945617
paper,4263,51869.55744762491
paper,4264,51867.90067879079
paper,4265,51865.63619158109
paper,4266,51864.234023613295
paper,4267,51861.24540205388
paper,4268,51858.79006685937
paper,4269,51850.252692462855
paper,4270,51846.89037965539
paper,4271,51845.898341562555
paper,4272,51845.00132378054
paper,4273,51841.64927990179
paper,4274,51840.81445058088
paper,4275,51837.84261679635
paper,4276,51829.462595109915
paper,4277,51825.23949794034
paper,4278,51823.39894987057
paper,4279,51822.54422052219
paper,4280,51818.75556653285
paper,4281,51812.93868123905
paper,4282,51811.11216566578
paper,4283,51805.68042935377
paper,4284,51799.803279057705
paper,4285,51797.82540638531
paper,4286,51791.259533564604
paper,4287,51791.17841400442
paper,4288,51781.024707743985
paper,4289,51769.89453675395
paper,4290,51769.26069544517
paper,4291,51766.98164308648
paper,4292,51762.596362776625
paper,4293,51762.58423885008
paper,4294,51757.164715951025
paper,4295,51749.45868777653
paper,4296,51741.4843362956
paper,4297,51735.65820068507
paper,4298,51731.84630617213
paper,4299,51721.109790077586
paper,4300,51720.34978818903
paper,4301,51719.14214593937
paper,4302,51717.00000160823
paper,4303,51713.10139625701
paper,4304,51712.69077638694
paper,4305,51712.64897750431
paper,4306,51710.72097468601
paper,4307,51710.508303996336
paper,4308,51699.59570425966
paper,4309,51696.7484001724
paper,4310,51695.04084667087
paper,4311,51683.527104420704
paper,4312,51681.963561943056
paper,4313,51681.86358645449
paper,4314,51681.283993810306
paper,4315,51679.923152090414
paper,4316,51679.485189774154
paper,4317,51677.74698009829
paper,4318,51674.72582918162
paper,4319,51669.88360408391
paper,4320,51668.49869487103
paper,4321,51665.894411217974
paper,4322,51664.843113421
paper,4323,51664.75676559316
paper,4324,51658.55907723631
paper,4325,51651.48185919334
paper,4326,51650.46732519042
paper,4327,51648.64796594868
paper,4328,51648.05373088629
paper,4329,51647.18601487553
paper,4330,51646.557998598575
paper,4331,51646.44944123813
paper,4332,51644.67180966519
paper,4333,51642.543693259635
paper,4334,51640.78869803474
paper,4335,51625.5618003007
paper,4336,51624.835063700855
paper,4337,51623.92215189797
paper,4338,51622.01698651512
paper,4339,51620.59681147912
paper,4340,51614.77085675832
paper,4341,51614.38448318417
paper,4342,51613.967811097486
paper,4343,51606.05228553775
paper,4344,51605.151369203384
paper,4345,51602.73160148747
paper,4346,51600.489561571594
paper,4347,51594.05291611631
paper,4348,51593.035521411526
paper,4349,51586.917377264595
paper,4350,51586.171548518505
paper,4351,51584.33713874288
paper,4352,51581.51909315491
paper,4353,51581.00858302393
paper,4354,51579.91429353657
paper,4355,51579.15749028682
paper,4356,51576.70157822916
paper,4357,51575.623511207494
paper,4358,51573.12735573164
paper,4359,51565.36094371759
paper,4360,51563.936740460435
paper,4361,51563.45396836964
paper,4362,51560.22670239484
paper,4363,51559.489567019555
paper,4364,51555.8867636267
paper,4365,51555.545734756444
paper,4366,51553.97204726063
paper,4367,51550.42263538934
paper,4368,51547.48637811332
paper,4369,51546.61525817321
paper,4370,51546.44684759273
paper,4371,51545.21944848169
paper,4372,51540.67476765257
paper,4373,51538.639759940845
paper,4374,51538.01438191827
paper,4375,51534.54829176723
paper,4376,51534.40600306278
paper,4377,51532.46732881456
paper,4378,51530.69002926449
paper,4379,51528.23844866126
paper,4380,51526.87065340396
paper,4381,51523.77312867821
paper,4382,51520.482919929986
paper,4383,51518.77756186583
paper,4384,51512.91445326629
paper,4385,51511.44475713553
paper,4386,51511.24948391878
paper,4387,51510.560088953345
paper,4388,51505.73396147903
paper,4389,51501.37783828549
paper,4390,51499.892467254016
paper,4391,51499.45291630509
paper,4392,51490.40781143109
paper,4393,51485.7406212013
paper,4394,51485.4670542071
paper,4395,51484.35020296563
paper,4396,51482.48219059228
paper,4397,51479.8846228817
paper,4398,51476.30837005474
paper,4399,51475.65835435483
paper,4400,51474.79071069593
paper,4401,51473.530407820275
paper,4402,51470.78365984168
paper,4403,51470.38297605321
paper,4404,51469.918246382134
paper,4405,51469.14242146921
paper,4406,51468.30425358963
paper,4407,51466.229476121196
paper,4408,51463.67088604589
paper,4409,51462.75451092107
paper,4410,51462.386765231924
paper,4411,51461.34207820339
paper,4412,51460.372734684555
paper,4413,51451.62714777018
paper,4414,51450.336874809924
paper,4415,51448.75880420204
paper,4416,51447.495186171785
paper,4417,51442.52418090186
paper,4418,51439.49725510501
paper,4419,51428.95152032177
paper,4420,51424.23186297456
paper,4421,51419.771561796304
paper,4422,51415.09034357885
paper,4423,51413.73898659122
paper,4424,51411.12053704094
paper,4425,51403.72060896977
paper,4426,51403.16247406167
paper,4427,51399.099091307
paper,4428,51399.00966666666
paper,4429,51399.00966666666
paper,4430,51395.30083693065
paper,4431,51393.17109769704
paper,4432,51386.046343865724
paper,4433,51385.23026961153
paper,4434,51383.818407829785
paper,4435,51381.16879403414
paper,4436,51378.4729143801
paper,4437,51376.7325536578
paper,4438,51375.904360194145
paper,4439,51375.454011243586
paper,4440,51375.090161643464
paper,4441,51373.636101881864
paper,4442,51371.576256824774
paper,4443,51370.68274206144
paper,4444,51365.812241589905
paper,4445,51365.007913373214
paper,4446,51363.886346550564
paper,4447,51357.08865224446
paper,4448,51356.24958586191
paper,4449,51349.9609400853
paper,4450,51349.308347078484
paper,4451,51340.77308829598
paper,4452,51340.26617120076
paper,4453,51336.714330836294
paper,4454,51334.691815862585
paper,4455,51334.606608265196
paper,4456,51333.14386484625
paper,4457,51331.87723760414
paper,4458,51331.109966182055
paper,4459,51325.123667474996
paper,4460,51323.743023179
paper,4461,51320.26202074801
paper,4462,51320.164732751255
paper,4463,51319.50850821913
paper,4464,51318.80137083553
paper,4465,51317.330467144486
paper,4466,51315.75169008264
paper,4467,51313.969486474176
paper,4468,51313.02535250741
paper,4469,51311.29186068392
paper,4470,51310.91907960129
paper,4471,51308.274926592756
paper,4472,51304.276009687586
paper,4473,51302.34848295846
paper,4474,51283.04791320767
paper,4475,51282.24757388327
paper,4476,51280.13448882676
paper,4477,51279.93508956276
paper,4478,51278.11654460674
paper,4479,51274.617106861995
paper,4480,51271.39944926291
paper,4481,51271.0525478562
paper,4482,51270.91875208266
paper,4483,51269.41790859661
paper,4484,51269.1044590186
paper,4485,51267.61273964207
paper,4486,51260.53900126625
paper,4487,51258.878681231094
paper,4488,51258.650744913146
paper,4489,51257.590612078246
paper,4490,51253.946730386306
paper,4491,51252.8289123489
paper,4492,51250.08370630323
paper,4493,51247.11007224956
paper,4494,51246.682049428506
paper,4495,51244.76128906027
paper,4496,51243.479129439205
paper,4497,51237.61668209256
paper,4498,51236.203811276464
paper,4499,51235.62785101125
paper,4500,51234.21988697745
paper,4501,51226.246079478784
paper,4502,51224.170101646705
paper,4503,51220.35691761029
paper,4504,51219.16642622363
paper,4505,51219.0983729589
paper,4506,51217.47832829053
paper,4507,51214.615549366266
paper,4508,51213.07883321214
paper,4509,51211.55133987087
paper,4510,51209.65133618973
paper,4511,51208.757242246524
paper,4512,51208.304621709955
paper,4513,51203.97707895479
paper,4514,51200.49033047842
paper,4515,51200.363535496464
paper,4516,51200.09198500478
paper,4517,51198.41876296961
paper,4518,51193.49943814747
paper,4519,51193.44215309404
paper,4520,51189.04919558594
paper,4521,51180.14960411311
paper,4522,51177.44873257598
paper,4523,51176.85677512919
paper,4524,51170.517938227225
paper,4525,51167.505902995785
paper,4526,51155.598245498426
paper,4527,51155.45841798627
paper,4528,51154.60638017318
paper,4529,51146.43274983354
paper,4530,51143.758417151716
paper,4531,51138.46048355715
paper,4532,51135.88625185649
paper,4533,51127.50408530485
paper,4534,51126.82738196173
paper,4535,51125.7906274348
paper,4536,51115.40760619566
paper,4537,51111.20428476358
paper,4538,51107.20333077273
paper,4539,51099.914206491565
paper,4540,51093.531402065186
paper,4541,51093.37106247395
paper,4542,51092.147865857725
paper,4543,51081.97858134559
paper,4544,51079.84629691572
paper,4545,51079.81265580944
paper,4546,51078.02433424602
paper,4547,51071.81012783362
paper,4548,51068.26475277996
paper,4549,51066.16927434122
paper,4550,51064.9694730193
paper,4551,51060.387805677856
paper,4552,51060.00170289159
paper,4553,51059.314862210704
paper,4554,51059.038114464216
paper,4555,51058.963736137724
paper,4556,51058.38212398712
paper,4557,51056.76876658181
paper,4558,51045.16788793997
paper,4559,51043.949460519936
paper,4560,51043.52923202854
paper,4561,51037.78200647361
paper,4562,51034.412307413324
paper,4563,51033.71491929742
paper,4564,51031.56196842122
paper,4565,51030.59266605589
paper,4566,51030.110597554136
paper,4567,51023.80113818772
paper,4568,51021.66416538282
paper,4569,51017.531324541866
paper,4570,51012.763319287755
paper,4571,51010.3349524338
paper,4572,51009.12718123122
paper,4573,51005.62807454269
paper,4574,50997.92142851811
paper,4575,50994.598561944
paper,4576,50990.2431571898
paper,4577,50987.958258402534
paper,4578,50984.54512152428
paper,4579,50984.217574051654
paper,4580,50977.97702374212
paper,4581,50974.6194177968
paper,4582,50972.81390705036
paper,4583,50970.01477091697
paper,4584,50966.113665238016
paper,4585,50957.73763144244
paper,4586,50954.31842926069
paper,4587,50949.89973486705
paper,4588,50943.299976344955
paper,4589,50937.41151555555
paper,4590,50933.58463976992
paper,4591,50929.48456254044
paper,4592,50928.462893486205
paper,4593,50925.60619196405
paper,4594,50918.43714429615
paper,4595,50908.26876057278
paper,4596,50904.64060719679
paper,4597,50893.24002923054
paper,4598,50889.63692015898
paper,4599,50886.13587048288
paper,4600,50882.9602158469
paper,4601,50874.26939631722
paper,4602,50864.49690068813
paper,4603,50864.385370418844
paper,4604,50849.2682383333
paper,4605,50841.339184965786
paper,4606,50841.17027089721
paper,4607,50835.69374600882
paper,4608,50833.61631015632
paper,4609,50833.58428546325
paper,4610,50830.588922527284
paper,4611,50828.12474072831
paper,4612,50823.76918036185
paper,4613,50820.13166775158
paper,4614,50817.700279745346
paper,4615,50817.53791703513
paper,4616,50816.023688977395
paper,4617,50814.57241340098
paper,4618,50814.107599172574
paper,4619,50814.094831652714
paper,4620,50809.0362125553
paper,4621,50807.80387005021
paper,4622,50805.35584223103
paper,4623,50799.266156445905
paper,4624,50796.405385150225
paper,4625,50791.99563094592
paper,4626,50787.387414533
paper,4627,50781.84010912735
paper,4628,50773.453386995345
paper,4629,50772.811453274284
paper,4630,50768.701346874615
paper,4631,50765.725950592125
paper,4632,50765.16145003272
paper,4633,50755.99214601571
paper,4634,50754.55012640329
paper,4635,50754.52853669904
paper,4636,50753.506513758904
paper,4637,50752.61014603118
paper,4638,50751.8948585225
paper,4639,50742.67431634205
paper,4640,50741.55805980803
paper,4641,50740.79838093039
paper,4642,50740.58822681755
paper,4643,50737.337245502575
paper,4644,50732.922878187645
paper,4645,50730.429795863616
paper,4646,50728.484597555136
paper,4647,50726.53066137047
paper,4648,50706.85218970003
paper,4649,50706.56068450296
paper,4650,50705.74406091795
paper,4651,50704.06973015724
paper,4652,50701.37625739906
paper,4653,50699.56540096866
paper,4654,50695.955011132246
paper,4655,50693.259958336785
paper,4656,50678.700981710004
paper,4657,50677.81475935051
paper,4658,50670.18337789468
paper,4659,50666.56350959455
paper,4660,50664.291761374596
paper,4661,50661.2419570024
paper,4662,50652.32007713861
paper,4663,50645.01441518908
paper,4664,50632.18594773274
paper,4665,50628.15461317017
paper,4666,50627.802402410656
paper,4667,50618.04260137469
paper,4668,50615.27782024785
paper,4669,50614.22015043907
paper,4670,50600.73896567964
paper,4671,50599.9572595887
paper,4672,50598.75595657557
paper,4673,50594.47811266581
paper,4674,50589.37722966379
paper,4675,50583.99607236345
paper,4676,50583.42915921256
paper,4677,50579.83660166863
paper,4678,50577.06903120934
paper,4679,50573.61969530042
paper,4680,50572.38688034121
paper,4681,50561.11877469493
paper,4682,50557.78156249734
paper,4683,50556.7988471489
paper,4684,50553.43344501949
paper,4685,50546.17762713991
paper,4686,50542.82838429029
paper,4687,50539.81812785663
paper,4688,50525.28586069785
paper,4689,50520.51954045479
paper,4690,50513.521948166395
paper,4691,50509.13726128638
paper,4692,50503.77409271065
paper,4693,50494.30045156335
paper,4694,50493.43272558548
paper,4695,50491.83634978651
paper,4696,50484.50313530961
paper,4697,50480.46858615646
paper,4698,50477.04033078367
paper,4699,50471.85259579876
paper,4700,50471.61660684078
paper,4701,50470.56978487755
paper,4702,50453.87208715902
paper,4703,50450.60069597983
paper,4704,50439.51104833551
paper,4705,50435.756206892715
paper,4706,50426.25749905271
paper,4707,50420.13128265393
paper,4708,50413.237905176175
paper,4709,50412.80758709869
paper,4710,50409.05230437571
paper,4711,50395.1830641306
paper,4712,50391.36626772461
paper,4713,50387.24379298164
paper,4714,50387.078216669106
paper,4715,50383.204195200226
paper,4716,50383.12424488097
paper,4717,50372.83571141717
paper,4718,50370.22393520298
paper,4719,50361.8730788198
paper,4720,50357.571286931205
paper,4721,50350.080801882264
paper,4722,50349.595730790366
paper,4723,50342.66230173304
paper,4724,50339.26155005644
paper,4725,50338.268160103835
paper,4726,50335.87789737706
paper,4727,50322.15553810175
paper,4728,50319.389758868885
paper,4729,50318.54438501061
paper,4730,50316.45288440855
paper,4731,50314.373088766595
paper,4732,50303.41167037956
paper,4733,50298.83805495262
paper,4734,50297.76582656845
paper,4735,50286.56676624493
paper,4736,50283.66595084029
paper,4737,50282.73183632183
paper,4738,50274.748424876656
paper,4739,50274.58607502284
paper,4740,50272.63205318861
paper,4741,50263.946281646204
paper,4742,50262.23670969424
paper,4743,50261.469340456424
paper,4744,50254.266750976734
paper,4745,50251.385336344865
paper,4746,50250.774432075246
paper,4747,50243.468762059165
paper,4748,50239.8529162517
paper,4749,50234.09141021208
paper,4750,50233.40732640782
paper,4751,50232.10669851849
paper,4752,50219.321788474605
paper,4753,50200.863488934265
paper,4754,50197.867325010666
paper,4755,50197.006040646185
paper,4756,50195.96785235573
paper,4757,50185.75644568556
paper,4758,50184.84666395398
paper,4759,50182.280741007475
paper,4760,50181.85394349878
paper,4761,50181.57817637952
paper,4762,50163.45414126153
paper,4763,50158.177497895726
paper,4764,50155.18027752187
paper,4765,50134.19265532077
paper,4766,50133.08090204489
paper,4767,50131.861591118104
paper,4768,50130.78211192392
paper,4769,50130.45858177253
paper,4770,50129.66718529489
paper,4771,50124.88301830763
paper,4772,50122.230824424856
paper,4773,50120.642934671574
paper,4774,50114.35477520165
paper,4775,50113.23528412717
paper,4776,50098.03832281182
paper,4777,50085.36802465732
paper,4778,50085.01089944228
paper,4779,50080.395853973045
paper,4780,50063.442805457475
paper,4781,50059.71086757124
paper,4782,50041.57248126933
paper,4783,50031.423405439906
paper,4784,50030.79570266202
paper,4785,50021.55897187594
paper,4786,50014.93496618831
paper,4787,50014.14931296205
paper,4788,50011.253497659774
paper,4789,50010.88800390694
paper,4790,50000.163814129795
paper,4791,49966.38210492797
paper,4792,49965.647804012464
paper,4793,49931.2522419546
paper,4794,49930.181896695656
paper,4795,49896.05613606467
paper,4796,49891.0948487837
paper,4797,49889.92207653216
paper,4798,49886.18315325181
paper,4799,49877.254783528646
paper,4800,49875.38816568997
paper,4801,49866.85934876864
paper,4802,49851.87558666244
paper,4803,49834.73349512979
paper,4804,49831.804952870356
paper,4805,49803.687295570584
paper,4806,49802.50335628264
paper,4807,49788.75021205409
paper,4808,49785.703519319635
paper,4809,49783.11960753759
paper,4810,49773.104597958496
paper,4811,49771.526424211406
paper,4812,49771.209743866115
paper,4813,49761.610178948824
paper,4814,49760.11774915054
paper,4815,49756.35527300982
paper,4816,49750.05156759917
paper,4817,49741.42273563024
paper,4818,49738.36568688604
paper,4819,49738.19182720411
paper,4820,49732.80668355325
paper,4821,49726.89855765069
paper,4822,49719.60918491936
paper,4823,49713.100090297805
paper,4824,49700.16291949582
paper,4825,49692.73075613403
paper,4826,49686.835490528705
paper,4827,49677.0587417181
paper,4828,49652.46589352995
paper,4829,49650.9487953501
paper,4830,49642.68876185736
paper,4831,49628.47804502049
paper,4832,49623.49751267427
paper,4833,49623.16783455366
paper,4834,49603.772705938965
paper,4835,49602.21189826322
paper,4836,49588.19025030943
paper,4837,49565.72458998936
paper,4838,49562.89203715351
paper,4839,49555.976746009466
paper,4840,49548.58335568801
paper,4841,49538.586740250445
paper,4842,49533.24348116687
paper,4843,49528.907950198954
paper,4844,49525.67652086838
paper,4845,49520.87167936762
paper,4846,49510.81545684375
paper,4847,49504.995934149476
paper,4848,49498.828028026765
paper,4849,49497.08804084393
paper,4850,49490.733052031486
paper,4851,49483.86408267425
paper,4852,49476.95920327205
paper,4853,49473.90594727796
paper,4854,49470.97052484141
paper,4855,49449.63678753317
paper,4856,49447.373259232394
paper,4857,49418.27319189644
paper,4858,49396.21452275511
paper,4859,49394.56661921186
paper,4860,49390.81470974048
paper,4861,49379.30277613041
paper,4862,49375.04669613558
paper,4863,49372.02870419933
paper,4864,49363.38793840376
paper,4865,49358.293690670536
paper,4866,49357.83791051313
paper,4867,49347.602081795914
paper,4868,49345.655570692834
paper,4869,49337.305232945604
paper,4870,49335.63455028243
paper,4871,49320.1396130676
paper,4872,49271.93173711344
paper,4873,49253.21211258859
paper,4874,49243.407157839836
paper,4875,49239.99807923989
paper,4876,49227.06353117053
paper,4877,49217.31873476844
paper,4878,49213.789802961524
paper,4879,49213.4485370057
paper,4880,49196.35268485542
paper,4881,49187.10090681971
paper,4882,49158.27851710885
paper,4883,49153.89837114604
paper,4884,49152.09958441062
paper,4885,49128.565548720624
paper,4886,49125.49159503408
paper,4887,49095.49350380671
paper,4888,49066.00914968554
paper,4889,49065.96671262948
paper,4890,49055.408372503414
paper,4891,49049.43653673478
paper,4892,49044.39391078117
paper,4893,49039.04333548506
paper,4894,49024.89420688848
paper,4895,49006.02154966811
paper,4896,48986.33217028811
paper,4897,48984.94249622902
paper,4898,48984.40136540169
paper,4899,48982.47059400193
paper,4900,48980.69443257496
paper,4901,48979.6193644415
paper,4902,48973.16621150987
paper,4903,48963.72464693045
paper,4904,48938.70298964351
paper,4905,48932.37795128837
paper,4906,48917.734792071074
paper,4907,48909.11915130407
paper,4908,48905.32315303483
paper,4909,48897.99320766492
paper,4910,48892.52119028043
paper,4911,48861.402299293855
paper,4912,48804.320347296
paper,4913,48804.20413470165
paper,4914,48793.02087727152
paper,4915,48787.483045265006
paper,4916,48783.8786815048
paper,4917,48780.5253371923
paper,4918,48778.66078727496
paper,4919,48778.24031172475
paper,4920,48764.90755176929
paper,4921,48751.65577515214
paper,4922,48751.321434499274
paper,4923,48716.70572135631
paper,4924,48672.33466319618
paper,4925,48669.784386201536
paper,4926,48664.23423494935
paper,4927,48662.25599083649
paper,4928,48639.02813288603
paper,4929,48630.6140697078
paper,4930,48626.87681756244
paper,4931,48622.94324137916
paper,4932,48603.311453431306
paper,4933,48588.79200339854
paper,4934,48585.39275624107
paper,4935,48580.768288414576
paper,4936,48553.62377571587
paper,4937,48541.84885441952
paper,4938,48535.03649086697
paper,4939,48514.64143679638
paper,4940,48511.885267382524
paper,4941,48496.492417764704
paper,4942,48488.43138302438
paper,4943,48471.5090892562
paper,4944,48459.35820987128
paper,4945,48458.38660796626
paper,4946,48455.69457260282
paper,4947,48446.28542532008
paper,4948,48443.07782805243
paper,4949,48426.68043309451
paper,4950,48373.85376335046
paper,4951,48364.0262779806
paper,4952,48361.70267619231
paper,4953,48350.73013522402
paper,4954,48336.108142746074
paper,4955,48313.33168494264
paper,4956,48294.851850787236
paper,4957,48244.44669599354
paper,4958,48229.91713322633
paper,4959,48151.120112235585
paper,4960,48138.17044959259
paper,4961,48113.77626885175
paper,4962,48075.651995273525
paper,4963,48067.70717564292
paper,4964,48011.467123278846
paper,4965,47980.85931472059
paper,4966,47966.53561486579
paper,4967,47941.98202917262
paper,4968,47909.13919556422
paper,4969,47900.42687593155
paper,4970,47888.60603350338
paper,4971,47853.222172233836
paper,4972,47838.81898266024
paper,4973,47803.0979861563
paper,4974,47796.68609899533
paper,4975,47794.57400279474
paper,4976,47787.426068202934
paper,4977,47782.01530928269
paper,4978,47746.86507806825
paper,4979,47741.731703955076
paper,4980,47732.50635887555
paper,4981,47706.21344882095
paper,4982,47694.23045876831
paper,4983,47686.870737914076
paper,4984,47683.458354257564
paper,4985,47677.75493163382
paper,4986,47648.94834429391
paper,4987,47598.2730745753
paper,4988,47594.97709087657
paper,4989,47553.682016415194
paper,4990,47536.932166359125
paper,4991,47528.84429271699
paper,4992,47514.60930357317
paper,4993,47458.49162238603
paper,4994,47451.648838662346
paper,4995,47419.392572485616
paper,4996,47405.08160831655
paper,4997,47395.237235627945
paper,4998,47379.92911083969
paper,4999,47329.471635463735
paper,5000,47315.719214427416
paper,5001,47313.0365160499
paper,5002,47267.04929068337
paper,5003,47252.46939646208
paper,5004,47230.225646384955
paper,5005,47222.06372960318
paper,5006,47204.80757899827
paper,5007,47146.701590215256
paper,5008,47071.053372287795
paper,5009,47058.67080589403
paper,5010,47057.64416789997
paper,5011,46991.44824619779
paper,5012,46985.44034871769
paper,5013,46881.49967564609
paper,5014,46867.306840210076
paper,5015,46861.90819613882
paper,5016,46802.60748474039
paper,5017,46742.054379380126
paper,5018,46731.59770089839
paper,5019,46709.85686561685
paper,5020,46708.20700075143
paper,5021,46598.88427913603
paper,5022,46583.745809151245
paper,5023,46583.4927032114
paper,5024,46568.791481495595
paper,5025,46540.03684671664
paper,5026,46441.498189503436
paper,5027,46434.408824836355
paper,5028,46403.0002611674
paper,5029,46384.882510863514
paper,5030,46334.12242527703
paper,5031,46281.72309991864
paper,5032,46272.33495573361
paper,5033,46256.82401658358
paper,5034,46230.43495227453
paper,5035,46226.52737559778
paper,5036,46203.4675859679
paper,5037,46177.60046697818
paper,5038,46148.808550588066
paper,5039,46114.58220430737
paper,5040,46096.95748661467
paper,5041,46009.05647137692
paper,5042,45953.08994197535
paper,5043,45950.20001554146
paper,5044,45930.3581225953
paper,5045,45913.947950608606
paper,5046,45910.20944094373
paper,5047,45902.89399767806
paper,5048,45850.94526668806
paper,5049,45832.49659203794
paper,5050,45801.7138087295
paper,5051,45770.590488279864
paper,5052,45732.07406802352
paper,5053,45723.46409395868
paper,5054,45718.669447862325
paper,5055,45676.78589858682
paper,5056,45656.712589657946
paper,5057,45580.785713492674
paper,5058,45539.33296128189
paper,5059,45524.06665925241
paper,5060,45489.63852064565
paper,5061,45487.30622782099
paper,5062,45416.173662575675
paper,5063,45390.74602068866
paper,5064,45388.800979638894
paper,5065,45341.453063011504
paper,5066,45288.61990082491
paper,5067,45271.817884811346
paper,5068,45249.31258965796
paper,5069,45249.31258965796
paper,5070,45249.31258965796
paper,5071,45198.5469380544
paper,5072,45191.203487211285
paper,5073,45132.1194140691
paper,5074,45127.130204996094
paper,5075,45113.85813869994
paper,5076,45109.838253184935
paper,5077,45108.18380094395
paper,5078,45070.530224932525
paper,5079,45060.59415218375
paper,5080,45041.96937674256
paper,5081,44949.229898780985
paper,5082,44919.11566999009
paper,5083,44913.234053784545
paper,5084,44896.20045702472
paper,5085,44885.496864751476
paper,5086,44884.34431537951
paper,5087,44877.07830681805
paper,5088,44852.147763014844
paper,5089,44840.553814986124
paper,5090,44831.575911501495
paper,5091,44825.59687728856
paper,5092,44825.25641181629
paper,5093,44820.5813038728
paper,5094,44749.77399999999
paper,5095,44735.71722199538
paper,5096,44722.82310909369
paper,5097,44716.08845389894
paper,5098,44701.755343336816
paper,5099,44696.15522176965
paper,5100,44682.12806954323
paper,5101,44647.091023489964
paper,5102,44612.4362199833
paper,5103,44605.74977068943
paper,5104,44596.054109923636
paper,5105,44594.72110423996
paper,5106,44572.109700396
paper,5107,44541.077787965
paper,5108,44540.568352271504
paper,5109,44530.66235106153
paper,5110,44498.020641389136
paper,5111,44465.093947885616
paper,5112,44464.20959138483
paper,5113,44434.30476643154
paper,5114,44419.036394089046
paper,5115,44412.64443188654
paper,5116,44393.00043207228
paper,5117,44342.95181104139
paper,5118,44337.781032089064
paper,5119,44328.44294203355
paper,5120,44326.43390577669
paper,5121,44317.31655161112
paper,5122,44305.091699972974
paper,5123,44298.618981883825
paper,5124,44287.17432046849
paper,5125,44266.79097281874
paper,5126,44256.98601677635
paper,5127,44247.71179845891
paper,5128,44245.28079589602
paper,5129,44209.379435616094
paper,5130,44182.5452046315
paper,5131,44180.07379896777
paper,5132,44154.88337985424
paper,5133,44136.869670501306
paper,5134,44132.39345874847
paper,5135,44126.44830794301
paper,5136,44115.15027846639
paper,5137,44093.89470914466
paper,5138,44081.63691666666
paper,5139,44067.98701854338
paper,5140,44064.90589378675
paper,5141,44054.140239211025
paper,5142,44051.604614223266
paper,5143,44032.023722465325
paper,5144,44030.27959336258
paper,5145,43948.88332245836
paper,5146,43938.23444015418
paper,5147,43918.940861494826
paper,5148,43869.289583155594
paper,5149,43810.21107287109
paper,5150,43806.94769246671
paper,5151,43798.38893277379
paper,5152,43777.105766172215
paper,5153,43770.55273090111
paper,5154,43760.38681166149
paper,5155,43760.1380769259
paper,5156,43759.52570873269
paper,5157,43744.62016010223
paper,5158,43740.25442812258
paper,5159,43678.771802905896
paper,5160,43678.36636853198
paper,5161,43668.366766243395
paper,5162,43667.117599821475
paper,5163,43635.79038028046
paper,5164,43629.766324202006
paper,5165,43582.64461369223
paper,5166,43559.50334272228
paper,5167,43524.660862573284
paper,5168,43519.99771754841
paper,5169,43501.235311058466
paper,5170,43434.484716014966
paper,5171,43403.591282433175
paper,5172,43325.11348550231
paper,5173,43233.18596555385
paper,5174,43196.78242997802
paper,5175,43134.25025977104
paper,5176,43113.66281611687
paper,5177,43101.48738724268
paper,5178,43074.91105489952
paper,5179,43061.652498065785
paper,5180,43039.721476557315
paper,5181,42950.864000299145
paper,5182,42913.88805146633
paper,5183,42895.38657225416
paper,5184,42889.69925511052
paper,5185,42886.404192240974
paper,5186,42837.4522546518
paper,5187,42821.48540548059
paper,5188,42806.0137871918
paper,5189,42796.50606513626
paper,5190,42783.59901052704
paper,5191,42745.5162193744
paper,5192,42744.18412616496
paper,5193,42670.23637090399
paper,5194,42660.350157900895
paper,5195,42653.28821126948
paper,5196,42634.83353148947
paper,5197,42614.45420699145
paper,5198,42571.73448190287
paper,5199,42397.081629825276
paper,5200,42377.60463665215
paper,5201,42334.20061880294
paper,5202,42327.160830426816
paper,5203,42325.662883879646
paper,5204,42325.34251591211
paper,5205,42285.06305858879
paper,5206,42279.71752594936
paper,5207,42267.98167139234
paper,5208,42253.26163365817
paper,5209,42215.03323638455
paper,5210,42210.05471236563
paper,5211,42172.769442752106
paper,5212,42157.2084479663
paper,5213,42129.18026924465
paper,5214,42085.00279350624
paper,5215,42082.84918959709
paper,5216,42079.841372891126
paper,5217,42057.735789674305
paper,5218,42010.685238109196
paper,5219,42010.446273544076
paper,5220,41982.3711637382
paper,5221,41979.54489485489
paper,5222,41948.06850423181
paper,5223,41946.44013665967
paper,5224,41942.407236806204
paper,5225,41926.78999845952
paper,5226,41903.73411605024
paper,5227,41901.8895272362
paper,5228,41869.57212751421
paper,5229,41846.58084287457
paper,5230,41842.97899271155
paper,5231,41838.334801955236
paper,5232,41810.31457444877
paper,5233,41793.087273839985
paper,5234,41789.25902173813
paper,5235,41769.420992832136
paper,5236,41723.996527450494
paper,5237,41700.76320898203
paper,5238,41618.35818410102
paper,5239,41611.340404805625
paper,5240,41591.13662808495
paper,5241,41584.4256117979
paper,5242,41578.03861694378
paper,5243,41556.32461504086
paper,5244,41540.33845860064
paper,5245,41530.835713021916
paper,5246,41528.536627770794
paper,5247,41499.79278303081
paper,5248,41491.670828920614
paper,5249,41440.16313437123
paper,5250,41438.90188398773
paper,5251,41423.89260478045
paper,5252,41403.136117606824
paper,5253,41394.31783391771
paper,5254,41369.95471867529
paper,5255,41162.83337036511
paper,5256,41127.95130728844
paper,5257,41099.28036567055
paper,5258,41083.250573737416
paper,5259,41079.63205977943
paper,5260,41069.511225424896
paper,5261,41016.75266798128
paper,5262,41014.35951869015
paper,5263,40923.09540342611
paper,5264,40910.24025578163
paper,5265,40821.347880819536
paper,5266,40792.77253858243
paper,5267,40786.78497711124
paper,5268,40780.15929786905
paper,5269,40762.867873050665
paper,5270,40747.91824223084
paper,5271,40598.646911595235
paper,5272,40547.65352028907
paper,5273,40523.35171388917
paper,5274,40468.50358077794
paper,5275,40445.76155450018
paper,5276,40420.9479171009
paper,5277,40375.575821184684
paper,5278,40316.561121171886
paper,5279,40286.65022410579
paper,5280,40243.034469419275
paper,5281,40162.39950317289
paper,5282,40154.50049278024
paper,5283,40148.07753643388
paper,5284,40117.514836116454
paper,5285,40114.17977632539
paper,5286,40088.57308385799
paper,5287,40078.63600943172
paper,5288,40057.04352985414
paper,5289,40048.112702412276
paper,5290,40028.69698973834
paper,5291,40006.04174882792
paper,5292,39963.478420592335
paper,5293,39910.96525637417
paper,5294,39885.130023216036
paper,5295,39863.68774461439
paper,5296,39862.30906346297
paper,5297,39810.31276417419
paper,5298,39739.563886605116
paper,5299,39624.89669417002
paper,5300,39518.958597805846
paper,5301,39515.0369351308
paper,5302,39501.85056032437
paper,5303,39395.96038835354
paper,5304,39325.87163318382
paper,5305,39304.95035263807
paper,5306,39286.561891934536
paper,5307,39228.15072545579
paper,5308,39217.00816578202
paper,5309,39199.327188884345
paper,5310,39155.86106779636
paper,5311,39136.25843500924
paper,5312,38961.83956747927
paper,5313,38933.08443043157
paper,5314,38905.321225523345
paper,5315,38819.311520666015
paper,5316,38765.14550928199
paper,5317,38754.056510818744
paper,5318,38748.88761332086
paper,5319,38736.578533542175
paper,5320,38730.71306051539
paper,5321,38717.90086765413
paper,5322,38677.977916967546
paper,5323,38665.095527888276
paper,5324,38664.34386513628
paper,5325,38631.5758250601
paper,5326,38613.759331733054
paper,5327,38611.63329539502
paper,5328,38546.49333518967
paper,5329,38542.69254938657
paper,5330,38536.41142993834
paper,5331,38535.174548586976
paper,5332,38472.74091757744
paper,5333,38362.306847057655
paper,5334,38349.189889086025
paper,5335,38289.41753726722
paper,5336,38184.99094806056
paper,5337,38172.21098960257
paper,5338,38096.93744790551
paper,5339,37998.864595971005
paper,5340,37894.98293486553
paper,5341,37879.14830905018
paper,5342,37864.90201038979
paper,5343,37802.211221339974
paper,5344,37762.5438501052
paper,5345,37663.65173255386
paper,5346,37660.701825599
paper,5347,37653.297779614666
paper,5348,37548.953454263254
paper,5349,37548.0924026875
paper,5350,37388.832868306155
paper,5351,37388.046868349425
paper,5352,37364.80016488602
paper,5353,37286.867788124655
paper,5354,37133.57915120692
paper,5355,36977.0767097976
paper,5356,36797.38059689292
paper,5357,36785.36288635569
paper,5358,36732.96693019918
paper,5359,36727.14745480107
paper,5360,36723.66543356639
paper,5361,36676.49366769708
paper,5362,36594.243899241614
paper,5363,36560.24755250608
paper,5364,36558.93729486535
paper,5365,36513.1212352731
paper,5366,36445.73099199528
paper,5367,36425.641761222345
paper,5368,36292.09109907996
paper,5369,36218.94839780133
paper,5370,36184.06638110908
paper,5371,36120.711419453815
paper,5372,36099.862919569896
paper,5373,36050.374060688206
paper,5374,35967.197844608614
paper,5375,35941.73766393945
paper,5376,35855.60352796289
paper,5377,35828.30257678588
paper,5378,35772.22834573561
paper,5379,35755.070291372744
paper,5380,35676.2219647766
paper,5381,35643.694292858694
paper,5382,35577.99371237933
paper,5383,35574.76742383281
paper,5384,35570.01042880577
paper,5385,35452.19195462675
paper,5386,35349.250522346556
paper,5387,35277.898189792104
paper,5388,35231.56213991492
paper,5389,35197.140524421746
paper,5390,35171.21110509982
paper,5391,35101.02434741378
paper,5392,35097.64423497035
paper,5393,34967.38935910357
paper,5394,34880.0409990486
paper,5395,34867.96642850263
paper,5396,34863.29189408751
paper,5397,34848.54757134728
paper,5398,34839.96879903025
paper,5399,34823.40503419
paper,5400,34753.55230589943
paper,5401,34740.23190736967
paper,5402,34715.093961206396
paper,5403,34692.26964610824
paper,5404,34627.43596144091
paper,5405,34524.27679062525
paper,5406,34475.42130741708
paper,5407,34452.13046556011
paper,5408,34345.70733452963
paper,5409,34317.671663772766
paper,5410,34118.41605325571
paper,5411,34047.076785140925
paper,5412,34026.184732665686
paper,5413,34010.72865674698
paper,5414,34001.06554823029
paper,5415,33956.21498383164
paper,5416,33945.15982496146
paper,5417,33943.85935933143
paper,5418,33943.40195074199
paper,5419,33943.32658423616
paper,5420,33941.19033476999
paper,5421,33838.654184844614
paper,5422,33833.13335420016
paper,5423,33775.40277531831
paper,5424,33771.66262981483
paper,5425,33761.92744931787
paper,5426,33751.59829071483
paper,5427,33686.743499906224
paper,5428,33676.3441406002
paper,5429,33655.30206894036
paper,5430,33642.27469704609
paper,5431,33635.863460906534
paper,5432,33622.701681671635
paper,5433,33603.34907930084
paper,5434,33596.76264766365
paper,5435,33565.762244788246
paper,5436,33545.09588854511
paper,5437,33529.2494521434
paper,5438,33466.92797877433
paper,5439,33464.10320081724
paper,5440,33427.83792515902
paper,5441,33425.720913715355
paper,5442,33415.354079616925
paper,5443,33376.59016187739
paper,5444,33326.92292472376
paper,5445,33314.74833840832
paper,5446,33266.86347468549
paper,5447,33208.68775537296
paper,5448,33173.732288205196
paper,5449,33169.82201683467
paper,5450,33166.808912477005
paper,5451,33157.358792379004
paper,5452,33140.07302798079
paper,5453,33098.39052975033
paper,5454,33093.9251450041
paper,5455,33090.58094299277
paper,5456,33081.84922811973
paper,5457,33044.548058126835
paper,5458,33033.22470993474
paper,5459,33023.29009893379
paper,5460,32990.08519900457
paper,5461,32965.3850538816
paper,5462,32860.10478337909
paper,5463,32856.32966212198
paper,5464,32829.06889996823
paper,5465,32787.56761003802
paper,5466,32764.792774653575
paper,5467,32749.56115837183
paper,5468,32740.602987016267
paper,5469,32544.62576367289
paper,5470,32530.09048890446
paper,5471,32420.67950341245
paper,5472,32384.566245214628
paper,5473,32356.281290677947
paper,5474,32338.779022567032
paper,5475,32254.105675726623
paper,5476,32242.454838755562
paper,5477,32147.335444970362
paper,5478,32060.743019499067
paper,5479,32006.650482567456
paper,5480,31987.18317272669
paper,5481,31981.523796015885
paper,5482,31887.71074498641
paper,5483,31867.754387523724
paper,5484,31833.68242631878
paper,5485,31827.10443117722
paper,5486,31823.789046001977
paper,5487,31798.37884134921
paper,5488,31794.488867282336
paper,5489,31789.892839624314
paper,5490,31733.14182334883
paper,5491,31702.350312573104
paper,5492,31668.185157056643
paper,5493,31602.52919630315
paper,5494,31511.870981314612
paper,5495,31507.466653882097
paper,5496,31498.459707035698
paper,5497,31478.858485114135
paper,5498,31440.425096910956
paper,5499,31400.30781723201
paper,5500,31386.314763255345
paper,5501,31364.75955337896
paper,5502,31347.869153394262
paper,5503,31303.892202918803
paper,5504,31293.077535696906
paper,5505,31288.5714970178
paper,5506,31278.23780910532
paper,5507,31216.80435655238
paper,5508,31213.72160355449
paper,5509,31173.290684510008
paper,5510,31170.211131308097
paper,5511,31157.677875819478
paper,5512,31148.38598726687
paper,5513,31142.247503148224
paper,5514,31113.64536283804
paper,5515,31112.01978742147
paper,5516,31096.8916496324
paper,5517,31002.846322316254
paper,5518,31000.43778106383
paper,5519,30919.930026605136
paper,5520,30865.53746624664
paper,5521,30797.15358361358
paper,5522,30774.912381263755
paper,5523,30682.44948947826
paper,5524,30648.01293876825
paper,5525,30591.180956628905
paper,5526,30555.842698017517
paper,5527,30547.608536315427
paper,5528,30544.369952851925
paper,5529,30509.13379893766
paper,5530,30506.203042868743
paper,5531,30506.203042868743
paper,5532,30476.69359788554
paper,5533,30408.037886842
paper,5534,30397.87233017699
paper,5535,30395.781690117994
paper,5536,30349.205412293413
paper,5537,30337.52600398389
paper,5538,30306.51802363189
paper,5539,30299.184287456697
paper,5540,30265.185439124663
paper,5541,30202.991826051464
paper,5542,30173.628200649266
paper,5543,30158.99600697076
paper,5544,30154.55854028842
paper,5545,30150.063286310186
paper,5546,30131.79003630292
paper,5547,30095.257522165954
paper,5548,30053.035007037084
paper,5549,29998.24794979021
paper,5550,29996.233093155366
paper,5551,29962.16166827539
paper,5552,29926.117567178073
paper,5553,29871.351304641335
paper,5554,29862.419198143765
paper,5555,29852.531513416587
paper,5556,29826.629639749088
paper,5557,29789.032505083236
paper,5558,29786.602958139698
paper,5559,29779.301154092107
paper,5560,29659.089777429916
paper,5561,29654.810936484668
paper,5562,29634.578819248054
paper,5563,29604.690449832204
paper,5564,29604.63670711279
paper,5565,29599.134576421842
paper,5566,29568.020208442867
paper,5567,29567.130237029087
paper,5568,29565.68398932783
paper,5569,29558.83366976005
paper,5570,29535.958028036934
paper,5571,29535.898386555426
paper,5572,29521.350170734164
paper,5573,29406.815380575146
paper,5574,29394.249082715494
paper,5575,29375.698046995178
paper,5576,29374.786549564094
paper,5577,29330.888447697605
paper,5578,29327.896817474753
paper,5579,29265.455644886533
paper,5580,29265.426044236163
paper,5581,29245.78381780401
paper,5582,29219.814113166205
paper,5583,29193.09244107732
paper,5584,29140.529292525593
paper,5585,29120.753375603177
paper,5586,29109.08508294535
paper,5587,29103.693306465673
paper,5588,29027.836580526033
paper,5589,29009.127524482625
paper,5590,28959.135136817462
paper,5591,28952.776391865522
paper,5592,28951.36075328692
paper,5593,28880.993360561082
paper,5594,28859.742375659414
paper,5595,28844.832203474893
paper,5596,28817.817136098616
paper,5597,28814.130842281982
paper,5598,28798.498542357556
paper,5599,28779.732078867528
paper,5600,28769.906657424748
paper,5601,28766.95186497949
paper,5602,28766.705624670143
paper,5603,28760.689624783292
paper,5604,28759.667487226485
paper,5605,28758.79476696001
paper,5606,28756.827987162884
paper,5607,28736.54539779997
paper,5608,28712.202098831473
paper,5609,28709.47036105688
paper,5610,28685.68715318928
paper,5611,28673.8766260609
paper,5612,28670.5905576513
paper,5613,28661.249040420735
paper,5614,28635.760663194327
paper,5615,28633.09852087451
paper,5616,28589.41497238863
paper,5617,28500.596191560573
paper,5618,28498.238299658
paper,5619,28454.486839838926
paper,5620,28445.847492802095
paper,5621,28434.796677533373
paper,5622,28409.03962951687
paper,5623,28371.484953848023
paper,5624,28332.02030141253
paper,5625,28312.83454586582
paper,5626,28304.60474481061
paper,5627,28296.140849516312
paper,5628,28291.703647168575
paper,5629,28291.544060452128
paper,5630,28289.04785061888
paper,5631,28264.730943483053
paper,5632,28242.672423003634
paper,5633,28234.871838370855
paper,5634,28224.388446650846
paper,5635,28209.984457792532
paper,5636,28208.124099267487
paper,5637,28195.027700357583
paper,5638,28134.10625336059
paper,5639,28111.483807595618
paper,5640,28106.40268437174
paper,5641,28096.13509024267
paper,5642,28044.5560389484
paper,5643,27884.037011641318
paper,5644,27866.24142027003
paper,5645,27863.67631153605
paper,5646,27850.031838439878
paper,5647,27848.534999589774
paper,5648,27818.043164064205
paper,5649,27806.95680933897
paper,5650,27680.053034501245
paper,5651,27679.83978546393
paper,5652,27657.74116578181
paper,5653,27630.799753527568
paper,5654,27621.621929241282
paper,5655,27580.59610730192
paper,5656,27547.260570970633
paper,5657,27501.352118652536
paper,5658,27388.603548793402
paper,5659,27383.035583905403
paper,5660,27352.663227105593
paper,5661,27328.501601714634
paper,5662,27297.668862442195
paper,5663,27283.48318170603
paper,5664,27240.756293009537
paper,5665,27217.7820155123
paper,5666,27193.655358924578
paper,5667,27181.80858462488
paper,5668,27177.512989875173
paper,5669,27166.336038184887
paper,5670,27133.444209149715
paper,5671,27118.64141848502
paper,5672,27105.72785908497
paper,5673,27105.229826178813
paper,5674,27077.46542343395
paper,5675,27068.588730392054
paper,5676,27059.676234474453
paper,5677,27053.984653085372
paper,5678,27045.128394247142
paper,5679,27032.508759394477
paper,5680,27025.84369666873
paper,5681,27024.02730978332
paper,5682,27012.151674107343
paper,5683,26997.374904663593
paper,5684,26951.01329995037
paper,5685,26933.34966501703
paper,5686,26910.889597604502
paper,5687,26908.763758836096
paper,5688,26905.523675916233
paper,5689,26863.433674262946
paper,5690,26855.59896089687
paper,5691,26832.575662909385
paper,5692,26815.50959241206
paper,5693,26813.479750040005
paper,5694,26777.44463464397
paper,5695,26762.519356097808
paper,5696,26731.775338919168
paper,5697,26727.202010966892
paper,5698,26655.924855802234
paper,5699,26649.517070405687
paper,5700,26645.972249294824
paper,5701,26633.42277921048
paper,5702,26594.097370802974
paper,5703,26547.225032218877
paper,5704,26541.083338905482
paper,5705,26533.634944823803
paper,5706,26529.539346297377
paper,5707,26495.627633912613
paper,5708,26493.70681271864
paper,5709,26468.727181156482
paper,5710,26463.345254428357
paper,5711,26448.53853778686
paper,5712,26444.49751877018
paper,5713,26419.35662231556
paper,5714,26348.874489736743
paper,5715,26348.599609568515
paper,5716,26342.855117599698
paper,5717,26266.168252407962
paper,5718,26246.85244413204
paper,5719,26227.628931725936
paper,5720,26176.31047258222
paper,5721,26125.833772938604
paper,5722,26074.12254234358
paper,5723,26062.98457295471
paper,5724,26062.52403725153
paper,5725,25938.54772431182
paper,5726,25919.890661942678
paper,5727,25908.09565289557
paper,5728,25895.708631604084
paper,5729,25882.799699801402
paper,5730,25875.495242308174
paper,5731,25864.368062274065
paper,5732,25752.265938430206
paper,5733,25668.795628654607
paper,5734,25660.97629183263
paper,5735,25596.206315845197
paper,5736,25575.545808965267
paper,5737,25546.52227296285
paper,5738,25493.641203537885
paper,5739,25448.444659586967
paper,5740,25438.726884833777
paper,5741,25413.677591451262
paper,5742,25364.430412301714
paper,5743,25342.589312001888
paper,5744,25320.56235337078
paper,5745,25259.146471282704
paper,5746,25217.906477320626
paper,5747,25162.047284656706
paper,5748,25133.543834473337
paper,5749,24989.135530877316
paper,5750,24881.101548476832
paper,5751,24874.248388376775
paper,5752,24808.753684071256
paper,5753,24785.023354184887
paper,5754,24749.35506275737
paper,5755,24741.85105868479
paper,5756,24732.985323156296
paper,5757,24722.224603921888
paper,5758,24706.087138492992
paper,5759,24630.50122663958
paper,5760,24626.755423798575
paper,5761,24551.693143563763
paper,5762,24541.97019933779
paper,5763,24498.528510361273
paper,5764,24463.954882368547
paper,5765,24460.933698847155
paper,5766,24406.88137863498
paper,5767,24363.020636456225
paper,5768,24312.911417698273
paper,5769,24312.673871380135
paper,5770,24298.574897589908
paper,5771,24294.877181384443
paper,5772,24290.79109362884
paper,5773,24278.92189472491
paper,5774,24210.028152063176
paper,5775,24150.203054861093
paper,5776,24079.46088611699
paper,5777,24069.065226674124
paper,5778,24048.441434534594
paper,5779,24001.432812456922
paper,5780,23997.2398172139
paper,5781,23989.094821120736
paper,5782,23919.842423536764
paper,5783,23890.315907697714
paper,5784,23858.13766797626
paper,5785,23757.659535278133
paper,5786,23740.739738772754
paper,5787,23740.679375968397
paper,5788,23726.516946726704
paper,5789,23719.561104745757
paper,5790,23713.264212966234
paper,5791,23634.228850389252
paper,5792,23619.664383235257
paper,5793,23453.363342797733
paper,5794,23451.709331729442
paper,5795,23430.344466717048
paper,5796,23391.256746109895
paper,5797,23389.808959979848
paper,5798,23386.1718704973
paper,5799,23296.021048761526
paper,5800,23217.21969355007
paper,5801,23209.8058524664
paper,5802,23138.03829070393
paper,5803,23127.86633656703
paper,5804,23057.07425711967
paper,5805,23053.48273385597
paper,5806,23034.08825043122
paper,5807,23031.806483027718
paper,5808,23026.49200344288
paper,5809,23024.48936399395
paper,5810,22984.862931812535
paper,5811,22937.24488544097
paper,5812,22929.22278450222
paper,5813,22924.963203642976
paper,5814,22872.591575476454
paper,5815,22860.87642546535
paper,5816,22850.017133273737
paper,5817,22843.84833794617
paper,5818,22831.251103615425
paper,5819,22806.790801859217
paper,5820,22787.576419575442
paper,5821,22752.14259757337
paper,5822,22683.425634133473
paper,5823,22666.373529084052
paper,5824,22640.92321326483
paper,5825,22515.99137475977
paper,5826,22488.16998799279
paper,5827,22458.54624703118
paper,5828,22389.834639813565
paper,5829,22377.46024924465
paper,5830,22370.45372978587
paper,5831,22348.015000982246
paper,5832,22338.442355461062
paper,5833,22316.421360614702
paper,5834,22264.309424013114
paper,5835,22244.96312301022
paper,5836,22214.206492062294
paper,5837,22112.21374765792
paper,5838,22060.790909343537
paper,5839,22048.29327550979
paper,5840,22037.030942747493
paper,5841,22035.594976014363
paper,5842,22011.78130704372
paper,5843,22005.78455343154
paper,5844,21973.896501664705
paper,5845,21948.378358405083
paper,5846,21945.325586187006
paper,5847,21940.87377986801
paper,5848,21934.800140632906
paper,5849,21929.18192767747
paper,5850,21887.730549732758
paper,5851,21858.78567789121
paper,5852,21823.250665592997
paper,5853,21818.409637037254
paper,5854,21782.817480676047
paper,5855,21762.686284993717
paper,5856,21746.250593485154
paper,5857,21745.221405890574
paper,5858,21705.72572780277
paper,5859,21704.94437118591
paper,5860,21702.160098091917
paper,5861,21688.592673078016
paper,5862,21675.275304146864
paper,5863,21626.230589196937
paper,5864,21560.931138639844
paper,5865,21526.658657788135
paper,5866,21523.580861861996
paper,5867,21476.956580705148
paper,5868,21423.677017316026
paper,5869,21401.776330778946
paper,5870,21395.413150363667
paper,5871,21344.960418046456
paper,5872,21303.725109642914
paper,5873,21267.48874921891
paper,5874,21181.2503663154
paper,5875,21178.03058886952
paper,5876,21174.60997818929
paper,5877,21139.05548212096
paper,5878,21119.263322594743
paper,5879,21115.01848597704
paper,5880,21105.41456938671
paper,5881,21063.322192750373
paper,5882,21054.654781475903
paper,5883,21037.46380813196
paper,5884,21032.584869067938
paper,5885,20985.22487536313
paper,5886,20974.08999872014
paper,5887,20969.76533584243
paper,5888,20935.030356661995
paper,5889,20829.61344627918
paper,5890,20826.60026691465
paper,5891,20769.046582149524
paper,5892,20729.631906832194
paper,5893,20716.578211205902
paper,5894,20706.90852467514
paper,5895,20677.270791276944
paper,5896,20644.222867561333
paper,5897,20620.02017207885
paper,5898,20619.850611529724
paper,5899,20608.983670934078
paper,5900,20600.700718350305
paper,5901,20598.550776514785
paper,5902,20595.15007014524
paper,5903,20578.468883400492
paper,5904,20574.56541006359
paper,5905,20540.310671369632
paper,5906,20514.321172004133
paper,5907,20445.524128484078
paper,5908,20431.77324691558
paper,5909,20349.326999773057
paper,5910,20311.607988928627
paper,5911,20300.362128478388
paper,5912,20270.157102655427
paper,5913,20217.800300769264
paper,5914,20163.215752823366
paper,5915,20160.89690436873
paper,5916,20087.105921844188
paper,5917,20071.312318534405
paper,5918,20058.697633364765
paper,5919,19991.75936082475
paper,5920,19983.235710524794
paper,5921,19978.395485910194
paper,5922,19947.036610372492
paper,5923,19917.547118523034
paper,5924,19908.678329455946
paper,5925,19861.48508429032
paper,5926,19846.775271582435
paper,5927,19816.653486349893
paper,5928,19764.710665884573
paper,5929,19752.32205875091
paper,5930,19748.489219874267
paper,5931,19725.30312573536
paper,5932,19693.598804196434
paper,5933,19693.11273642036
paper,5934,19667.674852095235
paper,5935,19656.371283939097
paper,5936,19576.212891336912
paper,5937,19572.22671257847
paper,5938,19546.30083646496
paper,5939,19532.633862316296
paper,5940,19491.289588491032
paper,5941,19459.2076607609
paper,5942,19407.524445554358
paper,5943,19394.778394907386
paper,5944,19382.388123402856
paper,5945,19376.613597819247
paper,5946,19375.896896759386
paper,5947,19345.2685397966
paper,5948,19342.36458520787
paper,5949,19204.01664853814
paper,5950,19187.64359812522
paper,5951,19182.696302266133
paper,5952,19160.89855571784
paper,5953,19144.781627996435
paper,5954,19142.088109176144
paper,5955,19102.2505797073
paper,5956,19067.306328473464
paper,5957,19043.32598852851
paper,5958,19042.791009760527
paper,5959,18946.37374927935
paper,5960,18927.920344036706
paper,5961,18925.435425977692
paper,5962,18910.603584233555
paper,5963,18883.71746396833
paper,5964,18863.643922544128
paper,5965,18841.4209457943
paper,5966,18829.987234258806
paper,5967,18829.558874735016
paper,5968,18827.76243910946
paper,5969,18815.837414719404
paper,5970,18795.130115849657
paper,5971,18720.47210363982
paper,5972,18694.54623938075
paper,5973,18629.47128230208
paper,5974,18593.662519942558
paper,5975,18512.894669689937
paper,5976,18479.02110162402
paper,5977,18455.157812455465
paper,5978,18442.910072085746
paper,5979,18436.18866010812
paper,5980,18434.80652351118
paper,5981,18405.7687683825
paper,5982,18364.920048079206
paper,5983,18349.20556873587
paper,5984,18326.728389017855
paper,5985,18296.564559929266
paper,5986,18280.544987124238
paper,5987,18240.920371407665
paper,5988,18229.783015130437
paper,5989,18227.87373258285
paper,5990,18224.004504059903
paper,5991,18219.188990019684
paper,5992,18183.76261802215
paper,5993,18181.54479990238
paper,5994,18142.18441643722
paper,5995,18126.558647566133
paper,5996,18099.593424301795
paper,5997,18091.17715134904
paper,5998,18081.6342300828
paper,5999,18078.637776277053
paper,6000,18047.60423878243
paper,6001,18040.10964674059
paper,6002,18030.391127141505
paper,6003,18029.581632427176
paper,6004,18024.34959971382
paper,6005,17996.530268180977
paper,6006,17989.485439756747
paper,6007,17957.668778498708
paper,6008,17952.201815387492
paper,6009,17868.844316474402
paper,6010,17865.776893868064
paper,6011,17786.96579446535
paper,6012,17785.18194567742
paper,6013,17776.61269144624
paper,6014,17759.79238141304
paper,6015,17759.465143223097
paper,6016,17740.283201715913
paper,6017,17737.349057293428
paper,6018,17715.655285106477
paper,6019,17665.666674650965
paper,6020,17645.926357343305
paper,6021,17591.228337655477
paper,6022,17540.06623911838
paper,6023,17524.85303323398
paper,6024,17496.79375827309
paper,6025,17494.05036329497
paper,6026,17492.708296503435
paper,6027,17489.387957016086
paper,6028,17477.41673906601
paper,6029,17469.296415548888
paper,6030,17459.193245904647
paper,6031,17431.939926181098
paper,6032,17370.61648627274
paper,6033,17362.933822231505
paper,6034,17339.091336729554
paper,6035,17312.568657961623
paper,6036,17301.37847361259
paper,6037,17299.557515655903
paper,6038,17267.997929021447
paper,6039,17232.95180725018
paper,6040,17218.240473439902
paper,6041,17214.412492362826
paper,6042,17202.500274986767
paper,6043,17179.193142155822
paper,6044,17170.180295510654
paper,6045,17167.293979793092
paper,6046,17144.173695197696
paper,6047,17110.819107391413
paper,6048,17107.60253548578
paper,6049,17087.73888461202
paper,6050,17086.487430649977
paper,6051,16992.824025896763
paper,6052,16970.848589519494
paper,6053,16963.643866946142
paper,6054,16956.49413564456
paper,6055,16942.435314486367
paper,6056,16908.94776227801
paper,6057,16903.505315452858
paper,6058,16858.967801363488
paper,6059,16852.851530495926
paper,6060,16852.176594572662
paper,6061,16848.867412973184
paper,6062,16827.54067949047
paper,6063,16824.548979355048
paper,6064,16811.84612832518
paper,6065,16811.598109309125
paper,6066,16804.920905857696
paper,6067,16802.233922003565
paper,6068,16792.610942231502
paper,6069,16787.449874902937
paper,6070,16768.04405593389
paper,6071,16737.920337982392
paper,6072,16733.94609667083
paper,6073,16726.346838891157
paper,6074,16723.473160763304
paper,6075,16712.55344743379
paper,6076,16711.71381991908
paper,6077,16710.337613965512
paper,6078,16703.568241654284
paper,6079,16701.79459300643
paper,6080,16695.163688810986
paper,6081,16674.50503793316
paper,6082,16652.77320892553
paper,6083,16642.260103319157
paper,6084,16636.217978660665
paper,6085,16623.847243494893
paper,6086,16582.332121948588
paper,6087,16566.94708635347
paper,6088,16553.950417473243
paper,6089,16525.860337866816
paper,6090,16502.169024732742
paper,6091,16497.118300459842
paper,6092,16431.91280181583
paper,6093,16420.771954923828
paper,6094,16387.753361177227
paper,6095,16381.70172624695
paper,6096,16364.084979601104
paper,6097,16361.5326354561
paper,6098,16354.707224433394
paper,6099,16334.46653453003
paper,6100,16325.547713310732
paper,6101,16300.355821882235
paper,6102,16297.698440771015
paper,6103,16296.99810609109
paper,6104,16284.738223120446
paper,6105,16283.839946314129
paper,6106,16276.877806985985
paper,6107,16220.063883297269
paper,6108,16200.390315997054
paper,6109,16193.69475128708
paper,6110,16183.81872127201
paper,6111,16173.405323176336
paper,6112,16160.950845758018
paper,6113,16154.446745931029
paper,6114,16141.369165618478
paper,6115,16129.506669824426
paper,6116,16129.362959702865
paper,6117,16111.338004136622
paper,6118,16105.069104998487
paper,6119,16085.600366736855
paper,6120,16052.286033315431
paper,6121,16028.309680672366
paper,6122,15982.710512298492
paper,6123,15981.917863271216
paper,6124,15958.36921674811
paper,6125,15931.228182579654
paper,6126,15925.171936078514
paper,6127,15913.198939020602
paper,6128,15893.183761090913
paper,6129,15874.22089120068
paper,6130,15873.620483763361
paper,6131,15867.997639159581
paper,6132,15864.978167751884
paper,6133,15856.41861224295
paper,6134,15842.662223306905
paper,6135,15840.69832020298
paper,6136,15809.474525748436
paper,6137,15755.212712475039
paper,6138,15744.788922900434
paper,6139,15687.849904357368
paper,6140,15643.921470608026
paper,6141,15596.650672400647
paper,6142,15559.587987086803
paper,6143,15550.669280773514
paper,6144,15521.984818622974
paper,6145,15491.276256766614
paper,6146,15377.98342094171
paper,6147,15373.77468164008
paper,6148,15325.222247391792
paper,6149,15268.439969394083
paper,6150,15168.98906872902
paper,6151,15097.144611244925
paper,6152,14967.57097799924
paper,6153,14723.185985757022
paper,6154,14631.636539561947
paper,6155,14361.655493972838
paper,6156,14341.01975584306
paper,6157,14138.804479797622
paper,6158,14110.067614049534
paper,6159,13974.92237683791
paper,6160,13937.69325168071
paper,6161,13911.74926169694
paper,6162,13847.365441472048
paper,6163,13839.827349287913
paper,6164,13813.64335971483
paper,6165,13749.892749312039
paper,6166,13748.889803877164
paper,6167,13734.228549817388
paper,6168,13555.776980345741
paper,6169,13205.110294249853
paper,6170,13176.777639221114
paper,6171,13112.339722826302
paper,6172,13007.899903609747
paper,6173,12984.442713496228
paper,6174,12979.902060192995
paper,6175,12941.476326763655
paper,6176,12928.377839463474
paper,6177,12926.442044960433
paper,6178,12828.807782909653
paper,6179,12807.098553076885
paper,6180,12770.694302736207
paper,6181,12767.506359669802
paper,6182,12683.770765974783
paper,6183,12683.349377674873
paper,6184,12617.232174795698
paper,6185,12595.434116958208
paper,6186,12573.120249114245
paper,6187,12561.773462766025
paper,6188,12504.174579750523
paper,6189,12439.656413774894
paper,6190,12345.808361238927
paper,6191,12224.091543065857
paper,6192,12221.538787728592
paper,6193,12215.449411533597
paper,6194,12182.676854422525
paper,6195,12164.38168710074
paper,6196,12072.668726478036
paper,6197,11972.963968754291
paper,6198,11968.493164931971
paper,6199,11959.818113401183
paper,6200,11958.863768606941
paper,6201,11911.249946185242
paper,6202,11875.662583850415
paper,6203,11864.645579972359
paper,6204,11847.234569145432
paper,6205,11828.695914266422
paper,6206,11701.108630191407
paper,6207,11696.777557325653
paper,6208,11672.768373585972
paper,6209,11668.511194117385
paper,6210,11637.65786295414
paper,6211,11609.677065430991
paper,6212,11601.911837229705
paper,6213,11595.48311412412
paper,6214,11588.677090480018
paper,6215,11587.16855111836
paper,6216,11550.712463309126
paper,6217,11515.391397072493
paper,6218,11467.164839579222
paper,6219,11461.576025306735
paper,6220,11390.613578572706
paper,6221,11390.613578572706
paper,6222,11371.586618066167
paper,6223,11303.779186521475
paper,6224,11292.249657489443
paper,6225,11239.071626803692
paper,6226,11216.642557769304
paper,6227,11163.57508843304
paper,6228,11162.385137678444
paper,6229,11153.085668234653
paper,6230,11144.309410512597
paper,6231,11141.804576081951
paper,6232,11134.242001158591
paper,6233,11131.24779952198
paper,6234,11121.551599600414
paper,6235,11093.737885406199
paper,6236,11077.037940075073
paper,6237,11064.43412441582
paper,6238,11061.502074907508
paper,6239,11046.954206888175
paper,6240,11019.027413388005
paper,6241,11000.096127363402
paper,6242,10995.838430062107
paper,6243,10993.033422791128
paper,6244,10943.678180310386
paper,6245,10904.306885323964
paper,6246,10884.117145110074
paper,6247,10828.564123096658
paper,6248,10818.809720425439
paper,6249,10755.133148222061
paper,6250,10720.07189016589
paper,6251,10714.937845373854
paper,6252,10685.902485530583
paper,6253,10673.622422695156
paper,6254,10648.955139025942
paper,6255,10643.94357518282
paper,6256,10600.555846339976
paper,6257,10595.255339216299
paper,6258,10593.927532098354
paper,6259,10593.927027045764
paper,6260,10552.4200274145
paper,6261,10530.874097881237
paper,6262,10514.299037372819
paper,6263,10506.203042868745
paper,6264,10506.203042868745
paper,6265,10495.915994231691
paper,6266,10495.766950669462
paper,6267,10493.82175958631
paper,6268,10468.102056953656
paper,6269,10465.265449274617
paper,6270,10437.844940194485
paper,6271,10428.725619456354
paper,6272,10425.747961499035
paper,6273,10415.044567020886
paper,6274,10397.402159201743
paper,6275,10382.485327851911
paper,6276,10379.145759852987
paper,6277,10374.82129686516
paper,6278,10371.466091534034
paper,6279,10363.344814166154
paper,6280,10356.582718770715
paper,6281,10349.872204061972
paper,6282,10346.982293720906
paper,6283,10341.939019778358
paper,6284,10339.834696322047
paper,6285,10335.237283740084
paper,6286,10316.98345487162
paper,6287,10305.773472109853
paper,6288,10292.016504711028
paper,6289,10288.211012907283
paper,6290,10279.524287084165
paper,6291,10276.272137916183
paper,6292,10271.562017700331
paper,6293,10267.128957657837
paper,6294,10243.310396110412
paper,6295,10239.56434709848
paper,6296,10235.390634950927
paper,6297,10225.814852013704
paper,6298,10210.236701575936
paper,6299,10197.904533962399
paper,6300,10193.377120274949
paper,6301,10192.336332365243
paper,6302,10168.609541406724
paper,6303,10137.579117841511
paper,6304,10136.076237969206
paper,6305,10116.515294286293
paper,6306,10051.249706469303
paper,6307,10047.603720815187
paper,6308,10025.708059190772
paper,6309,10024.379134260062
paper,6310,10023.468921424064
paper,6311,10015.803930001899
paper,6312,9989.258328743144
paper,6313,9978.24575561642
paper,6314,9976.274887308973
paper,6315,9957.089994106858
paper,6316,9938.132313653019
paper,6317,9936.552120107963
paper,6318,9926.837849376232
paper,6319,9913.639898994483
paper,6320,9904.1145721525
paper,6321,9887.978718149947
paper,6322,9883.720678149955
paper,6323,9880.636010205384
paper,6324,9875.612710191439
paper,6325,9874.072743064897
paper,6326,9857.405863355056
paper,6327,9845.951086259895
paper,6328,9842.748198051153
paper,6329,9829.575462779165
paper,6330,9824.220957309588
paper,6331,9823.57698277164
paper,6332,9799.76431034731
paper,6333,9796.948639929858
paper,6334,9790.92409207034
paper,6335,9783.906052721024
paper,6336,9783.55722077228
paper,6337,9779.029693853452
paper,6338,9774.263425666835
paper,6339,9765.72977894773
paper,6340,9757.617491339268
paper,6341,9754.585702070914
paper,6342,9748.522479547242
paper,6343,9731.497958419895
paper,6344,9725.48542486937
paper,6345,9712.502959280573
paper,6346,9705.734783490767
paper,6347,9692.082141577248
paper,6348,9690.672735236643
paper,6349,9690.65837528415
paper,6350,9689.994967820905
paper,6351,9682.43843761068
paper,6352,9664.152877222507
paper,6353,9659.473318264523
paper,6354,9653.27157461433
paper,6355,9652.084336758222
paper,6356,9643.793932160326
paper,6357,9640.318414953868
paper,6358,9622.997897734773
paper,6359,9593.310513742324
paper,6360,9578.45219481907
paper,6361,9566.722368474726
paper,6362,9553.831233765131
paper,6363,9544.317687257673
paper,6364,9541.000104711376
paper,6365,9539.262543150462
paper,6366,9535.050428322578
paper,6367,9532.64251670218
paper,6368,9515.898310857761
paper,6369,9513.043969480103
paper,6370,9509.951788082259
paper,6371,9502.891694243155
paper,6372,9500.077574088555
paper,6373,9469.463909429749
paper,6374,9444.980280897262
paper,6375,9430.750336598727
paper,6376,9430.203164737133
paper,6377,9425.710923036168
paper,6378,9408.273701209793
paper,6379,9404.487159183791
paper,6380,9403.465741107204
paper,6381,9398.049562139619
paper,6382,9382.965891242631
paper,6383,9368.009263875807
paper,6384,9356.56949483808
paper,6385,9351.024889018016
paper,6386,9347.730593680562
paper,6387,9344.65397312372
paper,6388,9343.057775271162
paper,6389,9339.464268805872
paper,6390,9323.659273695988
paper,6391,9323.640615209224
paper,6392,9323.275497913948
paper,6393,9316.739171673215
paper,6394,9312.97086305933
paper,6395,9308.122440333424
paper,6396,9299.238499507997
paper,6397,9297.907592086742
paper,6398,9282.563271374876
paper,6399,9269.402772849955
paper,6400,9268.13183170748
paper,6401,9265.654602415214
paper,6402,9265.107376285025
paper,6403,9258.938701763205
paper,6404,9248.718084422442
paper,6405,9242.692772209783
paper,6406,9228.815933679813
paper,6407,9223.317566044025
paper,6408,9220.268961903721
paper,6409,9213.861221417932
paper,6410,9209.049137595139
paper,6411,9199.484927437927
paper,6412,9193.137336670987
paper,6413,9190.529900212392
paper,6414,9179.652368959762
paper,6415,9175.97049335972
paper,6416,9170.894542281172
paper,6417,9166.366826338919
paper,6418,9160.546372268618
paper,6419,9138.868119849782
paper,6420,9135.338273003723
paper,6421,9128.415775387137
paper,6422,9115.496405136173
paper,6423,9108.203203144198
paper,6424,9104.448674724483
paper,6425,9103.479772794748
paper,6426,9102.337041006555
paper,6427,9100.365628681697
paper,6428,9084.28632573473
paper,6429,9079.22052201341
paper,6430,9076.863665851008
paper,6431,9076.05902664059
paper,6432,9070.916152715527
paper,6433,9069.336041315113
paper,6434,9056.93602954369
paper,6435,9049.716574585136
paper,6436,9043.780555800411
paper,6437,9037.366575272701
paper,6438,9026.735803333355
paper,6439,9012.063570786744
paper,6440,8988.449049459763
paper,6441,8988.338176137666
paper,6442,8984.686645153113
paper,6443,8976.576778919582
paper,6444,8975.643498449137
paper,6445,8959.889115496906
paper,6446,8945.97695807628
paper,6447,8940.138190477512
paper,6448,8926.71345871765
paper,6449,8917.68994942115
paper,6450,8916.904673146179
paper,6451,8912.152038168582
paper,6452,8906.610172504303
paper,6453,8900.885061705823
paper,6454,8896.716807068357
paper,6455,8889.986470195967
paper,6456,8879.45138705414
paper,6457,8873.593808768579
paper,6458,8869.584424731605
paper,6459,8867.394752018583
paper,6460,8864.999013522967
paper,6461,8850.632498959927
paper,6462,8845.437873177194
paper,6463,8836.51910272952
paper,6464,8835.724995668286
paper,6465,8829.268949558542
paper,6466,8828.686198014782
paper,6467,8825.63407721908
paper,6468,8819.463052757943
paper,6469,8807.651439288573
paper,6470,8806.747609181877
paper,6471,8797.688647455454
paper,6472,8786.330200983262
paper,6473,8771.291835576503
paper,6474,8762.757694532576
paper,6475,8761.336144665636
paper,6476,8758.381006281192
paper,6477,8756.435157505915
paper,6478,8735.455255976012
paper,6479,8733.823000975908
paper,6480,8728.673165930311
paper,6481,8712.148171744575
paper,6482,8705.59138290204
paper,6483,8684.340055505187
paper,6484,8680.03669115631
paper,6485,8643.43541579459
paper,6486,8630.56609118526
paper,6487,8626.400437457723
paper,6488,8623.547924784018
paper,6489,8623.339762940737
paper,6490,8622.567965870014
paper,6491,8617.483709076781
paper,6492,8602.655299134793
paper,6493,8586.61007733427
paper,6494,8576.94781382451
paper,6495,8554.67607941123
paper,6496,8542.789942920323
paper,6497,8537.83592941995
paper,6498,8536.982298998924
paper,6499,8534.81170280249
paper,6500,8525.295960135129
paper,6501,8503.554849409962
paper,6502,8501.5925798707
paper,6503,8484.609228898284
paper,6504,8471.840940553979
paper,6505,8462.946660041809
paper,6506,8454.378304827665
paper,6507,8450.28256826376
paper,6508,8440.589751283122
paper,6509,8437.862310697163
paper,6510,8434.085820199814
paper,6511,8430.618970021873
paper,6512,8412.996528296939
paper,6513,8411.459405702019
paper,6514,8408.645839168517
paper,6515,8391.771960225826
paper,6516,8381.538985237667
paper,6517,8373.74080435501
paper,6518,8370.113125409067
paper,6519,8364.165864724924
paper,6520,8341.959290519866
paper,6521,8341.87497073863
paper,6522,8320.77887306831
paper,6523,8306.163282769177
paper,6524,8305.49225708054
paper,6525,8298.165697794022
paper,6526,8291.265536261477
paper,6527,8291.059340248612
paper,6528,8290.334070155463
paper,6529,8287.445075062999
paper,6530,8278.252620524705
paper,6531,8275.324511372746
paper,6532,8273.1004742001
paper,6533,8271.678392640813
paper,6534,8267.849310784066
paper,6535,8266.551082676779
paper,6536,8264.06967679561
paper,6537,8261.612537778743
paper,6538,8248.010115438918
paper,6539,8245.08499652137
paper,6540,8242.231151443599
paper,6541,8238.11634403509
paper,6542,8222.90141430386
paper,6543,8220.661736157766
paper,6544,8218.891600089923
paper,6545,8215.837920861824
paper,6546,8215.579710556052
paper,6547,8206.886861242097
paper,6548,8206.331274468252
paper,6549,8202.110988857394
paper,6550,8175.2086197338995
paper,6551,8172.6207785046
paper,6552,8162.333530894835
paper,6553,8159.047170688534
paper,6554,8154.288314454026
paper,6555,8154.054100355803
paper,6556,8149.1616943655135
paper,6557,8147.718344075112
paper,6558,8136.262345448263
paper,6559,8134.742929622815
paper,6560,8132.148966626114
paper,6561,8129.582387498793
paper,6562,8120.0133282006245
paper,6563,8117.795678556611
paper,6564,8107.591002426438
paper,6565,8105.004381153762
paper,6566,8100.500153920425
paper,6567,8100.265794835681
paper,6568,8097.7484715390965
paper,6569,8097.700000157671
paper,6570,8095.340408500634
paper,6571,8093.404028516363
paper,6572,8091.762182689365
paper,6573,8089.89528329126
paper,6574,8089.055259958344
paper,6575,8085.351016265882
paper,6576,8079.068016728366
paper,6577,8077.529625466124
paper,6578,8077.175993707195
paper,6579,8066.35365908076
paper,6580,8065.55873804002
paper,6581,8060.273453703831
paper,6582,8054.840294230563
paper,6583,8037.576095694421
paper,6584,8034.367941139048
paper,6585,8024.764895909409
paper,6586,8024.529727439626
paper,6587,8018.295962096772
paper,6588,8018.206420774596
paper,6589,8007.767870961
paper,6590,8000.769529496504
paper,6591,7998.112983827255
paper,6592,7992.121676665253
paper,6593,7991.5417927548515
paper,6594,7989.790868901606
paper,6595,7986.797847517331
paper,6596,7986.256213667747
paper,6597,7982.399862611181
paper,6598,7979.187517696244
paper,6599,7969.617112625641
paper,6600,7956.683987134898
paper,6601,7950.339570176056
paper,6602,7948.671062409207
paper,6603,7948.521488369057
paper,6604,7943.417238857964
paper,6605,7940.437823078862
paper,6606,7934.901001097606
paper,6607,7932.297847270234
paper,6608,7929.020936921679
paper,6609,7926.2081116615445
paper,6610,7925.8353817642765
paper,6611,7919.388051268392
paper,6612,7915.669410605077
paper,6613,7907.86617996693
paper,6614,7906.130900503898
paper,6615,7904.334347744679
paper,6616,7893.724742702425
paper,6617,7893.485986604864
paper,6618,7892.092094632981
paper,6619,7892.080212713174
paper,6620,7890.426805868707
paper,6621,7882.975932457839
paper,6622,7833.513286800476
paper,6623,7833.479330773145
paper,6624,7831.827790507439
paper,6625,7831.719295739249
paper,6626,7831.402899165216
paper,6627,7830.653657800699
paper,6628,7828.4283571183005
paper,6629,7824.828530943265
paper,6630,7819.603718309267
paper,6631,7817.232392612487
paper,6632,7816.640820005068
paper,6633,7810.395088348547
paper,6634,7805.910766109036
paper,6635,7805.380916525124
paper,6636,7805.054235782842
paper,6637,7800.877891361164
paper,6638,7800.321306427178
paper,6639,7798.571492347608
paper,6640,7793.429074222125
paper,6641,7791.076448366836
paper,6642,7790.266849141557
paper,6643,7781.158243235236
paper,6644,7769.895427044769
paper,6645,7766.842213005752
paper,6646,7762.213609534572
paper,6647,7758.897001797028
paper,6648,7757.742436545424
paper,6649,7743.433921409464
paper,6650,7741.446800034639
paper,6651,7731.450190073717
paper,6652,7713.7027073147565
paper,6653,7712.917649416293
paper,6654,7712.603935472663
paper,6655,7711.589112437663
paper,6656,7710.709268598455
paper,6657,7706.806847019864
paper,6658,7701.724992334592
paper,6659,7700.562896276919
paper,6660,7692.008629753573
paper,6661,7682.342512598887
paper,6662,7679.074595583508
paper,6663,7670.880531693297
paper,6664,7669.771578681276
paper,6665,7659.550103396759
paper,6666,7652.101326775367
paper,6667,7648.246625923963
paper,6668,7641.561953037954
paper,6669,7638.26200555988
paper,6670,7635.12806766541
paper,6671,7628.264381709462
paper,6672,7619.716709593542
paper,6673,7618.04590862022
paper,6674,7611.597325943315
paper,6675,7610.586495281277
paper,6676,7602.047903313905
paper,6677,7594.073112606975
paper,6678,7593.832050261299
paper,6679,7586.352490508496
paper,6680,7580.541051000613
paper,6681,7571.843086485484
paper,6682,7570.219716191463
paper,6683,7567.672723079217
paper,6684,7566.5188229511905
paper,6685,7564.167381539601
paper,6686,7558.313691395705
paper,6687,7553.361185565275
paper,6688,7553.224289373485
paper,6689,7548.843157551823
paper,6690,7544.316110104111
paper,6691,7543.572622240389
paper,6692,7540.393898674813
paper,6693,7526.167819247792
paper,6694,7523.789715667096
paper,6695,7518.781013116434
paper,6696,7516.101065729235
paper,6697,7514.436026816545
paper,6698,7507.423879468031
paper,6699,7506.2489851702985
paper,6700,7503.997494352293
paper,6701,7498.718872057818
paper,6702,7495.904637112215
paper,6703,7487.630968949599
paper,6704,7486.130355545197
paper,6705,7481.773629315769
paper,6706,7478.022683099361
paper,6707,7466.422629372968
paper,6708,7465.6246003821625
paper,6709,7464.924562966663
paper,6710,7454.727355859393
paper,6711,7446.845755555518
paper,6712,7442.225709802898
paper,6713,7441.255224137043
paper,6714,7437.155536034545
paper,6715,7435.668961739611
paper,6716,7435.575147128561
paper,6717,7431.990147136858
paper,6718,7422.366361177994
paper,6719,7421.283273273695
paper,6720,7416.768094155958
paper,6721,7412.100123565565
paper,6722,7407.309651156098
paper,6723,7404.555974614779
paper,6724,7404.141598031622
paper,6725,7400.948682402707
paper,6726,7398.055377092903
paper,6727,7397.121504632218
paper,6728,7394.636940176295
paper,6729,7383.691140756937
paper,6730,7383.306634683866
paper,6731,7381.577033817313
paper,6732,7380.775236158931
paper,6733,7379.427606169957
paper,6734,7378.155875268225
paper,6735,7378.073930005116
paper,6736,7369.164425249398
paper,6737,7367.533386058099
paper,6738,7366.37889017121
paper,6739,7363.099851368906
paper,6740,7361.493471183297
paper,6741,7360.4437061774215
paper,6742,7358.291480710606
paper,6743,7356.768995864432
paper,6744,7353.236331009754
paper,6745,7341.75898298561
paper,6746,7341.463523548534
paper,6747,7334.897651508855
paper,6748,7333.7888533260175
paper,6749,7328.072912366773
paper,6750,7320.240488799239
paper,6751,7319.152263010188
paper,6752,7318.893443012854
paper,6753,7306.219792781933
paper,6754,7305.753630210922
paper,6755,7302.241540616488
paper,6756,7300.179157024795
paper,6757,7299.282330482454
paper,6758,7297.684931668022
paper,6759,7290.105348693967
paper,6760,7279.008763154712
paper,6761,7278.4012615475585
paper,6762,7274.762797343859
paper,6763,7268.856761360669
paper,6764,7266.159178771181
paper,6765,7265.487984432364
paper,6766,7264.905691563579
paper,6767,7261.730001678065
paper,6768,7255.414680468655
paper,6769,7248.423803182474
paper,6770,7246.365009970537
paper,6771,7245.584903131532
paper,6772,7240.870557233581
paper,6773,7239.860099594663
paper,6774,7238.258601535616
paper,6775,7235.764111021792
paper,6776,7231.121564592175
paper,6777,7226.370612411933
paper,6778,7222.3755989152305
paper,6779,7219.6914631796735
paper,6780,7218.029293436423
paper,6781,7210.989065828864
paper,6782,7207.470577236696
paper,6783,7203.297443442654
paper,6784,7197.602096284843
paper,6785,7186.686298318897
paper,6786,7177.09839472046
paper,6787,7175.9194124429505
paper,6788,7170.436572512643
paper,6789,7158.947425533632
paper,6790,7158.930206750875
paper,6791,7158.139927356911
paper,6792,7156.705747581555
paper,6793,7154.199450266811
paper,6794,7151.865501430068
paper,6795,7140.976596330762
paper,6796,7134.777819005106
paper,6797,7134.619620753352
paper,6798,7131.372879248402
paper,6799,7126.895242648953
paper,6800,7126.253034158745
paper,6801,7125.617087164172
paper,6802,7124.962529862167
paper,6803,7119.481320789959
paper,6804,7119.375623688767
paper,6805,7105.189686129768
paper,6806,7096.47486885246
paper,6807,7094.521580171155
paper,6808,7093.781480078955
paper,6809,7092.252843843589
paper,6810,7088.386474402725
paper,6811,7088.279138218346
paper,6812,7088.063069149303
paper,6813,7083.446904442419
paper,6814,7083.267130937911
paper,6815,7064.80534667639
paper,6816,7061.3380651463
paper,6817,7055.580509687134
paper,6818,7053.039486356529
paper,6819,7046.8880438852575
paper,6820,7045.5158707005285
paper,6821,7041.691977037062
paper,6822,7039.693809272111
paper,6823,7039.061120458467
paper,6824,7036.352977577142
paper,6825,7034.7179980498895
paper,6826,7014.659393904934
paper,6827,7012.845777065157
paper,6828,7004.224707807868
paper,6829,7003.511615714844
paper,6830,6999.191046776774
paper,6831,6987.733959911524
paper,6832,6985.648012995107
paper,6833,6984.135370390299
paper,6834,6980.8421787441075
paper,6835,6975.154108455418
paper,6836,6973.903064300921
paper,6837,6973.811795489087
paper,6838,6970.1537379205665
paper,6839,6969.922623270493
paper,6840,6969.807325892614
paper,6841,6969.591699667624
paper,6842,6967.718662524203
paper,6843,6956.765889459563
paper,6844,6953.084597797819
paper,6845,6952.690319333284
paper,6846,6952.614828896938
paper,6847,6951.029883838565
paper,6848,6945.1998032923375
paper,6849,6929.253524988876
paper,6850,6929.232551161256
paper,6851,6924.396783065418
paper,6852,6923.757619040149
paper,6853,6921.90544041738
paper,6854,6921.473231316126
paper,6855,6920.831102209011
paper,6856,6910.692478730601
paper,6857,6907.268422346364
paper,6858,6901.563702212316
paper,6859,6890.838680737899
paper,6860,6887.421837733559
paper,6861,6886.798906837203
paper,6862,6878.828374869274
paper,6863,6877.760195166788
paper,6864,6869.366889500456
paper,6865,6868.702838076082
paper,6866,6866.979229006912
paper,6867,6864.631654307579
paper,6868,6852.46927527963
paper,6869,6847.747247451199
paper,6870,6846.290533727755
paper,6871,6840.1709374096545
paper,6872,6839.22370645168
paper,6873,6838.744863792697
paper,6874,6836.900722326042
paper,6875,6835.730264992015
paper,6876,6825.241267276308
paper,6877,6819.493699239107
paper,6878,6819.391638862124
paper,6879,6818.653755234911
paper,6880,6806.530729674107
paper,6881,6806.277536995846
paper,6882,6803.493960126627
paper,6883,6802.828652166956
paper,6884,6802.333571152719
paper,6885,6802.270430210319
paper,6886,6801.314976794454
paper,6887,6799.60290782867
paper,6888,6783.464745523483
paper,6889,6778.035034827624
paper,6890,6776.407452807396
paper,6891,6768.422843502236
paper,6892,6767.9994980723295
paper,6893,6763.515423638301
paper,6894,6757.334857215867
paper,6895,6754.793460779463
paper,6896,6754.690048299095
paper,6897,6754.297455085892
paper,6898,6753.256601940406
paper,6899,6735.122016959849
paper,6900,6725.422656529529
paper,6901,6722.864329947106
paper,6902,6721.266145365866
paper,6903,6720.084973711481
paper,6904,6716.026259527762
paper,6905,6715.953190151491
paper,6906,6715.706922366024
paper,6907,6706.645806912629
paper,6908,6702.603619004679
paper,6909,6696.108681361533
paper,6910,6688.959086502242
paper,6911,6679.167936369197
paper,6912,6679.1541185414
paper,6913,6678.35526795445
paper,6914,6668.374112735802
paper,6915,6664.363322593636
paper,6916,6663.712166496636
paper,6917,6663.658803760714
paper,6918,6662.267838908816
paper,6919,6655.211148374716
paper,6920,6651.269791877385
paper,6921,6648.724286548119
paper,6922,6646.383499340063
paper,6923,6640.165945741805
paper,6924,6639.921482468778
paper,6925,6636.6676798738845
paper,6926,6631.627322108039
paper,6927,6628.265862326298
paper,6928,6628.009074307334
paper,6929,6623.0732012890585
paper,6930,6619.989842915646
paper,6931,6611.485939246215
paper,6932,6609.434220328335
paper,6933,6601.46997448289
paper,6934,6599.131385689943
paper,6935,6596.87076871595
paper,6936,6593.729454394125
paper,6937,6588.887952976995
paper,6938,6587.836295123809
paper,6939,6577.959013586822
paper,6940,6575.7643482006
paper,6941,6569.134279068817
paper,6942,6555.497765555161
paper,6943,6550.475084892155
paper,6944,6548.9110196895
paper,6945,6546.204473100989
paper,6946,6545.691914116927
paper,6947,6543.97259516098
paper,6948,6532.723139674426
paper,6949,6531.742533183671
paper,6950,6530.617329305152
paper,6951,6520.822671083835
paper,6952,6512.2539090854225
paper,6953,6501.844640334485
paper,6954,6501.207067811703
paper,6955,6500.513799017803
paper,6956,6499.341766174857
paper,6957,6493.993226422933
paper,6958,6490.298864524989
paper,6959,6484.822458228036
paper,6960,6483.133743982631
paper,6961,6482.830913202551
paper,6962,6480.251400411069
paper,6963,6477.528924803569
paper,6964,6474.139605691295
paper,6965,6474.139605691295
paper,6966,6473.830358962068
paper,6967,6471.786597482214
paper,6968,6471.565175744636
paper,6969,6470.936339510022
paper,6970,6470.936339510022
paper,6971,6470.570534850803
paper,6972,6470.570534850803
paper,6973,6459.646724282806
paper,6974,6458.77960334764
paper,6975,6455.55548204088
paper,6976,6454.699543108375
paper,6977,6453.66450560601
paper,6978,6453.66450560601
paper,6979,6447.095660925539
paper,6980,6444.012221593811
paper,6981,6444.012221593811
paper,6982,6436.548720071587
paper,6983,6435.383575197422
paper,6984,6431.822002054822
paper,6985,6429.041845564871
paper,6986,6418.806863129505
paper,6987,6418.212962999001
paper,6988,6418.212962999001
paper,6989,6412.421550329475
paper,6990,6411.526841878727
paper,6991,6411.120675886149
paper,6992,6409.201017266137
paper,6993,6401.649815867215
paper,6994,6401.388178016296
paper,6995,6400.3568943320715
paper,6996,6395.774941029297
paper,6997,6391.199372996884
paper,6998,6389.79798497049
paper,6999,6388.018810074739
paper,7000,6387.01772732915
paper,7001,6385.105223480248
paper,7002,6383.564974719342
paper,7003,6379.7614649344305
paper,7004,6379.7578205551845
paper,7005,6378.081288473495
paper,7006,6376.022041003557
paper,7007,6371.094776164518
paper,7008,6367.260297396286
paper,7009,6366.426584856178
paper,7010,6365.504949645433
paper,7011,6365.504949645433
paper,7012,6363.209877524808
paper,7013,6361.636774480894
paper,7014,6356.790506745936
paper,7015,6355.8971226630865
paper,7016,6355.8971226630865
paper,7017,6349.50068220186
paper,7018,6347.7488377289865
paper,7019,6346.177344116155
paper,7020,6346.1405258950235
paper,7021,6334.879296607356
paper,7022,6333.710942165526
paper,7023,6332.147136016436
paper,7024,6327.776383479623
paper,7025,6326.3510128423
paper,7026,6325.703504683151
paper,7027,6324.967261242606
paper,7028,6320.351068380075
paper,7029,6320.071860119711
paper,7030,6319.389197039381
paper,7031,6318.7206567128505
paper,7032,6318.7206567128505
paper,7033,6317.122397724637
paper,7034,6308.219874833703
paper,7035,6307.532227820999
paper,7036,6305.777574368432
paper,7037,6305.6172336031495
paper,7038,6305.365301942705
paper,7039,6303.671326494447
paper,7040,6302.340687585756
paper,7041,6302.136183313685
paper,7042,6302.060900549507
paper,7043,6300.525008743773
paper,7044,6299.66463214557
paper,7045,6299.445239110031
paper,7046,6297.251219983296
paper,7047,6294.415418023551
paper,7048,6294.354427038474
paper,7049,6293.682812101012
paper,7050,6290.803270240749
paper,7051,6290.055872858723
paper,7052,6286.047466481011
paper,7053,6283.415563215063
paper,7054,6280.392618098404
paper,7055,6278.533989239961
paper,7056,6277.630672802701
paper,7057,6277.215488333404
paper,7058,6276.702731953392
paper,7059,6276.483163855092
paper,7060,6276.224721641676
paper,7061,6275.694317243065
paper,7062,6275.065474692823
paper,7063,6268.804750516908
paper,7064,6262.657918719282
paper,7065,6261.82949237395
paper,7066,6258.055618265392
paper,7067,6255.863531725448
paper,7068,6252.923462362585
paper,7069,6252.470084063417
paper,7070,6249.616591739232
paper,7071,6249.616591739232
paper,7072,6248.429242019487
paper,7073,6247.51772520353
paper,7074,6243.314979553659
paper,7075,6241.765854792367
paper,7076,6240.506755076446
paper,7077,6238.503013736774
paper,7078,6235.714219678534
paper,7079,6234.58641764102
paper,7080,6232.966946031336
paper,7081,6229.924370825251
paper,7082,6228.983290921511
paper,7083,6227.246105861037
paper,7084,6221.874619180001
paper,7085,6220.297361613456
paper,7086,6218.515680530983
paper,7087,6213.599447977231
paper,7088,6212.178607392752
paper,7089,6211.549323423873
paper,7090,6210.177120466798
paper,7091,6209.413581019
paper,7092,6207.273664165541
paper,7093,6206.854564262298
paper,7094,6205.173297424675
paper,7095,6200.324586539682
paper,7096,6197.7247079301005
paper,7097,6195.784149674762
paper,7098,6194.2773903552115
paper,7099,6192.0247266113765
paper,7100,6191.890900402853
paper,7101,6185.471427010337
paper,7102,6184.274375372097
paper,7103,6183.996204290639
paper,7104,6183.996204290639
paper,7105,6183.126899457295
paper,7106,6182.796227435727
paper,7107,6177.210595090047
paper,7108,6176.190275682486
paper,7109,6166.841176526705
paper,7110,6157.832024221885
paper,7111,6156.361260585117
paper,7112,6143.0203491022885
paper,7113,6141.941272634584
paper,7114,6132.527764609177
paper,7115,6131.201799651913
paper,7116,6130.247410107465
paper,7117,6127.307753342985
paper,7118,6124.764233533298
paper,7119,6124.191573591704
paper,7120,6123.548220038074
paper,7121,6109.881003834642
paper,7122,6107.634521233385
paper,7123,6107.378246079613
paper,7124,6105.140968567134
paper,7125,6103.777007827811
paper,7126,6101.394314178015
paper,7127,6099.190005244905
paper,7128,6091.821159416782
paper,7129,6090.947542204262
paper,7130,6086.262067283236
paper,7131,6083.354044127697
paper,7132,6081.921998263761
paper,7133,6081.446947448515
paper,7134,6071.2167059055355
paper,7135,6069.926477040313
paper,7136,6067.711374738559
paper,7137,6065.743611659624
paper,7138,6061.964144911555
paper,7139,6060.919635894592
paper,7140,6056.978978389696
paper,7141,6056.644167626602
paper,7142,6054.098676334634
paper,7143,6047.423954014859
paper,7144,6043.740431060232
paper,7145,6043.635183824928
paper,7146,6040.083032751923
paper,7147,6040.052645440721
paper,7148,6039.790257921077
paper,7149,6037.5640792474605
paper,7150,6029.570303224077
paper,7151,6028.100402625272
paper,7152,6024.042667948521
paper,7153,6019.883632141648
paper,7154,6016.522013192966
paper,7155,6016.071019039301
paper,7156,6014.14292362892
paper,7157,6013.055046123793
paper,7158,6012.316763536542
paper,7159,6010.592087643896
paper,7160,6010.347438246874
paper,7161,6007.164263044349
paper,7162,6006.837717228267
paper,7163,6006.837717228267
paper,7164,6005.221723505805
paper,7165,6004.07876196221
paper,7166,6001.824123790095
paper,7167,5999.853632668882
paper,7168,5999.843075803015
paper,7169,5995.492704637194
paper,7170,5994.358963864113
paper,7171,5991.979685210477
paper,7172,5991.898514765285
paper,7173,5987.775795181887
paper,7174,5987.666813744581
paper,7175,5987.435995206815
paper,7176,5981.701583817068
paper,7177,5981.492984756837
paper,7178,5981.076424006944
paper,7179,5979.534605877603
paper,7180,5974.7905491675165
paper,7181,5970.5950946194625
paper,7182,5970.15558883464
paper,7183,5960.477622336045
paper,7184,5959.173480569963
paper,7185,5953.1027771845265
paper,7186,5952.345414069109
paper,7187,5951.099246353286
paper,7188,5950.645535567349
paper,7189,5934.345285434492
paper,7190,5932.579606164285
paper,7191,5927.158013398155
paper,7192,5921.488065922194
paper,7193,5921.480556205012
paper,7194,5916.645421088217
paper,7195,5910.56570447927
paper,7196,5907.421207243491
paper,7197,5907.070516500091
paper,7198,5901.606725425467
paper,7199,5899.575572854588
paper,7200,5898.454104039223
paper,7201,5898.085002336893
paper,7202,5897.848898683461
paper,7203,5894.938736062057
paper,7204,5892.3789765391575
paper,7205,5890.674287620179
paper,7206,5889.304479580674
paper,7207,5888.539990865181
paper,7208,5887.846027016614
paper,7209,5886.469163846039
paper,7210,5883.829299881383
paper,7211,5882.684618503105
paper,7212,5877.580023039672
paper,7213,5869.802172320746
paper,7214,5864.796044825724
paper,7215,5862.948649861666
paper,7216,5862.555274079459
paper,7217,5859.728023673185
paper,7218,5852.518478855216
paper,7219,5850.389695170252
paper,7220,5850.056878326466
paper,7221,5847.355461944892
paper,7222,5846.0173865044335
paper,7223,5845.816678305605
paper,7224,5844.976083613866
paper,7225,5842.790630523262
paper,7226,5841.242843469405
paper,7227,5834.4564405362635
paper,7228,5827.330037566851
paper,7229,5825.2483807625085
paper,7230,5824.388803074857
paper,7231,5824.181083266864
paper,7232,5817.360319486771
paper,7233,5816.909251787067
paper,7234,5812.412494326406
paper,7235,5807.474260554784
paper,7236,5804.049580087932
paper,7237,5802.671223542186
paper,7238,5798.943263810486
paper,7239,5798.543974942037
paper,7240,5797.257150466577
paper,7241,5794.486229814659
paper,7242,5793.446412584471
paper,7243,5788.266507986744
paper,7244,5787.455279281611
paper,7245,5782.128074672385
paper,7246,5779.954884130997
paper,7247,5779.342758122708
paper,7248,5776.792969723577
paper,7249,5775.74718008469
paper,7250,5770.786538749551
paper,7251,5769.713395496543
paper,7252,5769.306461584983
paper,7253,5758.353552428563
paper,7254,5755.841970316486
paper,7255,5752.637132576049
paper,7256,5752.336080004067
paper,7257,5751.470771837939
paper,7258,5750.252904212642
paper,7259,5749.963825792684
paper,7260,5749.867179835913
paper,7261,5749.189731408558
paper,7262,5748.4581169475
paper,7263,5745.643253365884
paper,7264,5739.456582258558
paper,7265,5733.703365788232
paper,7266,5730.609208171323
paper,7267,5726.994857960686
paper,7268,5726.428246910943
paper,7269,5726.125934944997
paper,7270,5725.774277402952
paper,7271,5718.126460238751
paper,7272,5717.975419733204
paper,7273,5716.764598763416
paper,7274,5709.247565918591
paper,7275,5706.839939672063
paper,7276,5705.9994963511
paper,7277,5703.32911249966
paper,7278,5700.660603465409
paper,7279,5700.204749862973
paper,7280,5691.651279904363
paper,7281,5688.0196154388905
paper,7282,5686.372211867258
paper,7283,5678.0374503986195
paper,7284,5673.973704402102
paper,7285,5671.651155050444
paper,7286,5668.635533208177
paper,7287,5664.895787928696
paper,7288,5664.6927770461925
paper,7289,5664.133086494851
paper,7290,5662.875551571439
paper,7291,5658.220483519383
paper,7292,5655.808840557843
paper,7293,5654.1161520740825
paper,7294,5652.830862916274
paper,7295,5652.627712507543
paper,7296,5648.42084008447
paper,7297,5644.3400880348945
paper,7298,5640.289526664406
paper,7299,5639.116294416499
paper,7300,5638.800663414053
paper,7301,5638.108666690514
paper,7302,5633.427695686372
paper,7303,5632.802278895213
paper,7304,5631.575652339095
paper,7305,5631.465084662427
paper,7306,5630.824029355775
paper,7307,5629.397499124105
paper,7308,5623.9319341895425
paper,7309,5620.767354065618
paper,7310,5619.8078991568855
paper,7311,5617.482183117028
paper,7312,5611.541096462662
paper,7313,5610.670241977945
paper,7314,5607.765685188368
paper,7315,5603.79618711217
paper,7316,5603.572389868863
paper,7317,5602.85774877513
paper,7318,5600.3502376625365
paper,7319,5598.069364427441
paper,7320,5596.436246990053
paper,7321,5595.306755177371
paper,7322,5593.289952486104
paper,7323,5590.959866655397
paper,7324,5589.760769857308
paper,7325,5589.158808775388
paper,7326,5585.605644052765
paper,7327,5584.925123235789
paper,7328,5583.099834274576
paper,7329,5582.533495410043
paper,7330,5578.819524086259
paper,7331,5578.537311818651
paper,7332,5574.713970118266
paper,7333,5572.379751096645
paper,7334,5570.0
paper,7335,5570.0
paper,7336,5570.0
paper,7337,5570.0
paper,7338,5570.0
paper,7339,5570.0
paper,7340,5570.0
paper,7341,5570.0
paper,7342,5570.0
paper,7343,5570.0
paper,7344,5570.0
paper,7345,5570.0
paper,7346,5570.0
paper,7347,5570.0
paper,7348,5570.0
paper,7349,5570.0
paper,7350,5570.0
paper,7351,5570.0
paper,7352,5570.0
paper,7353,5570.0
paper,7354,5570.0
paper,7355,5570.0
paper,7356,5570.0
paper,7357,5570.0
paper,7358,5570.0
paper,7359,5570.0
paper,7360,5570.0
paper,7361,5570.0
paper,7362,5570.0
paper,7363,5570.0
paper,7364,5570.0
paper,7365,5570.0
paper,7366,5570.0
paper,7367,5570.0
paper,7368,5570.0
paper,7369,5570.0
paper,7370,5570.0
paper,7371,5570.0
paper,7372,5570.0
paper,7373,5570.0
paper,7374,5570.0
paper,7375,5570.0
paper,7376,5570.0
paper,7377,5570.0
paper,7378,5570.0
paper,7379,5570.0
paper,7380,5570.0
paper,7381,5570.0
paper,7382,5570.0
paper,7383,5570.0
paper,7384,5570.0
paper,7385,5570.0
paper,7386,5570.0
paper,7387,5570.0
paper,7388,5570.0
paper,7389,5570.0
paper,7390,5570.0
paper,7391,5570.0
paper,7392,5570.0
paper,7393,5570.0
paper,7394,5570.0
paper,7395,5570.0
paper,7396,5570.0
paper,7397,5570.0
paper,7398,5570.0
paper,7399,5570.0
paper,7400,5570.0
paper,7401,5570.0
paper,7402,5570.0
paper,7403,5570.0
paper,7404,5570.0
paper,7405,5570.0
paper,7406,5570.0
paper,7407,5570.0
paper,7408,5570.0
paper,7409,5570.0
paper,7410,5570.0
paper,7411,5570.0
paper,7412,5570.0
paper,7413,5570.0
paper,7414,5570.0
paper,7415,5570.0
paper,7416,5570.0
paper,7417,5570.0
paper,7418,5570.0
paper,7419,5570.0
paper,7420,5570.0
paper,7421,5570.0
paper,7422,5570.0
paper,7423,5570.0
paper,7424,5570.0
paper,7425,5570.0
paper,7426,5570.0
paper,7427,5570.0
paper,7428,5570.0
paper,7429,5570.0
paper,7430,5570.0
paper,7431,5570.0
paper,7432,5570.0
paper,7433,5570.0
paper,7434,5570.0
paper,7435,5570.0
paper,7436,5570.0
paper,7437,5570.0
paper,7438,5570.0
paper,7439,5570.0
paper,7440,5570.0
paper,7441,5570.0
paper,7442,5570.0
paper,7443,5570.0
paper,7444,5570.0
paper,7445,5570.0
paper,7446,5570.0
paper,7447,5570.0
paper,7448,5563.980348507539
paper,7449,5563.8690957531035
paper,7450,5563.022095062307
paper,7451,5562.14748784561
paper,7452,5561.221312048559
paper,7453,5560.694620667135
paper,7454,5560.289921769866
paper,7455,5558.334979128898
paper,7456,5554.355540625695
paper,7457,5552.823165331252
paper,7458,5550.5038609304775
paper,7459,5550.107819016359
paper,7460,5549.6790428898985
paper,7461,5547.4704237813185
paper,7462,5542.118180069906
paper,7463,5537.472053480629
paper,7464,5513.23956072918
paper,7465,5509.64176922598
paper,7466,5506.766524265358
paper,7467,5504.148752093221
paper,7468,5500.381837242607
paper,7469,5491.360048365377
paper,7470,5487.324043392122
paper,7471,5479.145960581803
paper,7472,5476.779315681777
paper,7473,5473.835967108929
paper,7474,5473.733068917559
paper,7475,5471.112546160106
paper,7476,5471.04642760318
paper,7477,5470.546466518564
paper,7478,5469.831018928384
paper,7479,5468.766440847798
paper,7480,5465.726617138382
paper,7481,5461.217065429873
paper,7482,5457.45271711745
paper,7483,5457.30407205739
paper,7484,5453.6003385878275
paper,7485,5452.225395941637
paper,7486,5451.555969025329
paper,7487,5443.316956028732
paper,7488,5440.39353718809
paper,7489,5439.817559651206
paper,7490,5439.406087138704
paper,7491,5438.015380876761
paper,7492,5435.137105724891
paper,7493,5431.877261424364
paper,7494,5429.232472925462
paper,7495,5428.704164550496
paper,7496,5428.117692909959
paper,7497,5425.120863281283
paper,7498,5422.569911964774
paper,7499,5421.174796165959
paper,7500,5420.411310806521
paper,7501,5411.098175241937
paper,7502,5410.623595997909
paper,7503,5407.7320707261715
paper,7504,5403.586487448531
paper,7505,5400.960186108574
paper,7506,5400.681982714626
paper,7507,5398.576338489999
paper,7508,5395.617553042839
paper,7509,5391.282483332938
paper,7510,5390.87512360336
paper,7511,5386.722183094167
paper,7512,5383.045191732688
paper,7513,5380.751892102584
paper,7514,5376.9915824430045
paper,7515,5375.85764774407
paper,7516,5374.582653046543
paper,7517,5374.378753568721
paper,7518,5369.858334554304
paper,7519,5364.733019215363
paper,7520,5362.8233324956855
paper,7521,5360.861121373016
paper,7522,5355.64573504644
paper,7523,5355.620322706776
paper,7524,5344.432646206413
paper,7525,5339.443263985893
paper,7526,5338.007779742594
paper,7527,5335.9128619365465
paper,7528,5332.0870244332245
paper,7529,5329.939599065442
paper,7530,5328.537118403192
paper,7531,5326.830608498978
paper,7532,5321.868986241092
paper,7533,5319.151984693333
paper,7534,5315.828663237544
paper,7535,5315.039305734616
paper,7536,5314.239699283422
paper,7537,5312.212640474986
paper,7538,5305.345780090157
paper,7539,5301.488346357272
paper,7540,5301.167568499495
paper,7541,5292.532621569166
paper,7542,5287.5882076963135
paper,7543,5286.620023036869
paper,7544,5286.14572798369
paper,7545,5279.384806116159
paper,7546,5274.793775974238
paper,7547,5274.26293471346
paper,7548,5273.800541560338
paper,7549,5271.480182925204
paper,7550,5270.257283568728
paper,7551,5266.975682788363
paper,7552,5265.931279531952
paper,7553,5257.677885239209
paper,7554,5256.422990573163
paper,7555,5256.043409831271
paper,7556,5255.215792296969
paper,7557,5250.264357852502
paper,7558,5249.881772194803
paper,7559,5247.429740810168
paper,7560,5245.374305830875
paper,7561,5245.315598963851
paper,7562,5244.715411781131
paper,7563,5244.0267623181335
paper,7564,5243.393404017873
paper,7565,5241.817467180035
paper,7566,5237.167248771048
paper,7567,5235.399402779772
paper,7568,5231.49367317602
paper,7569,5230.66972729024
paper,7570,5227.875280243378
paper,7571,5227.703637073433
paper,7572,5227.583968113088
paper,7573,5227.235365323742
paper,7574,5223.526624076753
paper,7575,5223.4420730840675
paper,7576,5223.311551544266
paper,7577,5213.652212315614
paper,7578,5212.764992527157
paper,7579,5211.184163185066
paper,7580,5208.011493578937
paper,7581,5208.006859144702
paper,7582,5206.0377882375415
paper,7583,5204.873730791359
paper,7584,5204.693388318376
paper,7585,5203.184697978377
paper,7586,5200.238855735532
paper,7587,5198.4750406169
paper,7588,5197.052501425158
paper,7589,5196.093106031378
paper,7590,5195.656826915981
paper,7591,5193.071618039652
paper,7592,5192.42742116585
paper,7593,5191.714523144882
paper,7594,5182.797929103236
paper,7595,5182.563078135371
paper,7596,5182.3790392023775
paper,7597,5181.751765792887
paper,7598,5179.980154363708
paper,7599,5172.816055534477
paper,7600,5172.661794692829
paper,7601,5168.159339071192
paper,7602,5166.923873230961
paper,7603,5164.787397652055
paper,7604,5164.70181146367
paper,7605,5163.884206430467
paper,7606,5163.286205846815
paper,7607,5159.269137420693
paper,7608,5158.200297907837
paper,7609,5157.5946219074885
paper,7610,5152.962929536043
paper,7611,5151.880305686984
paper,7612,5151.657782683683
paper,7613,5151.5106704794935
paper,7614,5149.113995269501
paper,7615,5144.249057499691
paper,7616,5142.4697498165915
paper,7617,5142.157417029629
paper,7618,5141.9838324139155
paper,7619,5141.509426294781
paper,7620,5131.753757581453
paper,7621,5130.81722130851
paper,7622,5129.120082900001
paper,7623,5123.699985736768
paper,7624,5120.096752910887
paper,7625,5118.731087724588
paper,7626,5117.030445648784
paper,7627,5115.964151132623
paper,7628,5115.86291635851
paper,7629,5115.633345455365
paper,7630,5114.817100891192
paper,7631,5114.75589861579
paper,7632,5114.634650250814
paper,7633,5114.24316350484
paper,7634,5113.357738588631
paper,7635,5110.879921372388
paper,7636,5110.334169352364
paper,7637,5109.968138317868
paper,7638,5105.606608593025
paper,7639,5099.757629220116
paper,7640,5092.217310501392
paper,7641,5091.934366002995
paper,7642,5086.744236962093
paper,7643,5086.175815801852
paper,7644,5084.611848214185
paper,7645,5082.437767981925
paper,7646,5081.584790889103
paper,7647,5081.406793661859
paper,7648,5075.363951204998
paper,7649,5073.027477418381
paper,7650,5068.180244551848
paper,7651,5067.000189980963
paper,7652,5064.075589844553
paper,7653,5061.418856696104
paper,7654,5059.692398524156
paper,7655,5059.246150885556
paper,7656,5058.598684406691
paper,7657,5058.4727838862045
paper,7658,5057.244523625798
paper,7659,5056.898036121852
paper,7660,5053.813723566519
paper,7661,5052.677469709529
paper,7662,5050.679777928201
paper,7663,5049.643883275795
paper,7664,5048.254125417969
paper,7665,5047.728649905998
paper,7666,5047.5447216597495
paper,7667,5047.212857791107
paper,7668,5046.842631619879
paper,7669,5037.805649119176
paper,7670,5036.285731815603
paper,7671,5032.952045957459
paper,7672,5032.3197038854705
paper,7673,5030.473286291976
paper,7674,5028.827723373148
paper,7675,5024.835181763188
paper,7676,5024.181288646958
paper,7677,5022.357172027625
paper,7678,5022.285326938876
paper,7679,5022.123318224643
paper,7680,5020.35782014711
paper,7681,5018.890695461141
paper,7682,5018.056357075478
paper,7683,5016.744994566216
paper,7684,5015.687649826128
paper,7685,5015.086574499377
paper,7686,5014.611251916533
paper,7687,5013.359957051691
paper,7688,5013.359100614727
paper,7689,5010.479845492431
paper,7690,5009.786179831503
paper,7691,5008.629102569832
paper,7692,5008.439220898773
paper,7693,5007.1570067439125
paper,7694,5006.613237142794
paper,7695,5005.931948450378
paper,7696,5005.467753694602
paper,7697,5005.165814577633
paper,7698,5004.973609148438
paper,7699,5004.527350348321
paper,7700,5003.57316894683
paper,7701,5002.130487722382
paper,7702,5001.116698115103
paper,7703,4999.113637071924
paper,7704,4999.02571217675
paper,7705,4998.693803023534
paper,7706,4996.600195071682
paper,7707,4990.3467429171305
paper,7708,4989.868870812051
paper,7709,4989.725105122944
paper,7710,4989.241470120997
paper,7711,4989.04897233132
paper,7712,4983.458365389656
paper,7713,4983.1821828843695
paper,7714,4981.635325013597
paper,7715,4979.837117872267
paper,7716,4977.234233575243
paper,7717,4974.756312399566
paper,7718,4971.353535821257
paper,7719,4970.40289766292
paper,7720,4967.641188464954
paper,7721,4966.723933894273
paper,7722,4966.648484496385
paper,7723,4965.758947124086
paper,7724,4964.665033628383
paper,7725,4964.464576894584
paper,7726,4962.546374765606
paper,7727,4961.434704846902
paper,7728,4960.722344748285
paper,7729,4958.209444285293
paper,7730,4957.371154275532
paper,7731,4957.25382820532
paper,7732,4955.689612668324
paper,7733,4952.6135073639825
paper,7734,4952.524210278053
paper,7735,4950.271857295471
paper,7736,4950.121801547818
paper,7737,4949.485572013522
paper,7738,4948.482274970802
paper,7739,4947.216593392412
paper,7740,4947.112599611329
paper,7741,4943.88977174261
paper,7742,4943.494297972028
paper,7743,4942.935537349893
paper,7744,4942.703050482141
paper,7745,4941.171858212559
paper,7746,4940.817582869657
paper,7747,4938.87327801603
paper,7748,4938.747065150306
paper,7749,4936.71761829604
paper,7750,4934.324401967291
paper,7751,4934.039780783454
paper,7752,4933.743706556823
paper,7753,4932.495346534248
paper,7754,4929.210689212296
paper,7755,4925.004837389353
paper,7756,4924.234103661583
paper,7757,4923.737432552247
paper,7758,4921.223268421231
paper,7759,4920.721022710322
paper,7760,4920.4836544626205
paper,7761,4920.439045223205
paper,7762,4919.463386205762
paper,7763,4917.581795048309
paper,7764,4916.865759840888
paper,7765,4915.59682039051
paper,7766,4913.290650661367
paper,7767,4913.005622287402
paper,7768,4911.289945093109
paper,7769,4908.434917791362
paper,7770,4904.145157326263
paper,7771,4902.903767462174
paper,7772,4902.743470307286
paper,7773,4901.495323628074
paper,7774,4901.190789631665
paper,7775,4896.45384843432
paper,7776,4894.823123580525
paper,7777,4891.282155734164
paper,7778,4888.094827260034
paper,7779,4887.398917721201
paper,7780,4884.926182712034
paper,7781,4880.959835740723
paper,7782,4880.31822692769
paper,7783,4880.184719220393
paper,7784,4879.177023828538
paper,7785,4877.400986157939
paper,7786,4877.3500525928885
paper,7787,4875.053323168905
paper,7788,4874.898220534388
paper,7789,4872.611995603016
paper,7790,4872.533849085135
paper,7791,4870.467966179136
paper,7792,4870.001457394164
paper,7793,4868.696006683481
paper,7794,4868.5603782631115
paper,7795,4868.008765829343
paper,7796,4866.024693671217
paper,7797,4865.630945724961
paper,7798,4864.76736678582
paper,7799,4863.345756419142
paper,7800,4863.161376324726
paper,7801,4862.669424036902
paper,7802,4862.1822331362355
paper,7803,4861.84312591408
paper,7804,4860.772675032409
paper,7805,4858.5836932741895
paper,7806,4857.278212094216
paper,7807,4857.166279537463
paper,7808,4855.570731582249
paper,7809,4854.273381669642
paper,7810,4852.874206620981
paper,7811,4851.7583169571535
paper,7812,4851.418061678525
paper,7813,4850.720381420175
paper,7814,4849.843991464264
paper,7815,4849.802880824525
paper,7816,4847.833746718602
paper,7817,4846.976332878245
paper,7818,4846.008699405046
paper,7819,4841.701617146924
paper,7820,4839.780838120722
paper,7821,4838.067541966746
paper,7822,4836.1223890814335
paper,7823,4836.047276854912
paper,7824,4835.397067268135
paper,7825,4829.518392006447
paper,7826,4828.897117206124
paper,7827,4827.439493434512
paper,7828,4826.94620774756
paper,7829,4824.302682474907
paper,7830,4822.557572796158
paper,7831,4821.693478249328
paper,7832,4820.450358699107
paper,7833,4820.067242334709
paper,7834,4820.014716812577
paper,7835,4819.718614851048
paper,7836,4818.971785015191
paper,7837,4816.526590255606
paper,7838,4815.329574768755
paper,7839,4811.615127700641
paper,7840,4810.993784360802
paper,7841,4807.770960494635
paper,7842,4807.75447899355
paper,7843,4807.486848455111
paper,7844,4805.952844517391
paper,7845,4805.242111191369
paper,7846,4802.8843269435265
paper,7847,4800.769951487285
paper,7848,4800.701496903002
paper,7849,4800.661963661147
paper,7850,4800.475408398134
paper,7851,4800.0
paper,7852,4800.0
paper,7853,4800.0
paper,7854,4800.0
paper,7855,4800.0
paper,7856,4800.0
paper,7857,4800.0
paper,7858,4800.0
paper,7859,4800.0
paper,7860,4800.0
paper,7861,4800.0
paper,7862,4800.0
paper,7863,4800.0
paper,7864,4800.0
paper,7865,4800.0
paper,7866,4800.0
paper,7867,4800.0
paper,7868,4800.0
paper,7869,4800.0
paper,7870,4800.0
paper,7871,4800.0
paper,7872,4800.0
paper,7873,4800.0
paper,7874,4800.0
paper,7875,4800.0
paper,7876,4800.0
paper,7877,4799.710454182436
paper,7878,4799.55045389194
paper,7879,4798.930311935983
paper,7880,4798.578016946522
paper,7881,4798.345699651251
paper,7882,4794.599004176476
paper,7883,4794.55898798184
paper,7884,4793.783664081382
paper,7885,4793.156390202066
paper,7886,4792.624002168477
paper,7887,4791.621774171902
paper,7888,4790.134432610528
paper,7889,4789.708315353653
paper,7890,4789.611447795437
paper,7891,4788.516681550083
paper,7892,4785.9664207264095
paper,7893,4785.0189895896865
paper,7894,4784.694077342319
paper,7895,4783.8203716620055
paper,7896,4782.741348196192
paper,7897,4782.050727193983
paper,7898,4780.629325085758
paper,7899,4779.588918744498
paper,7900,4779.3052354596675
paper,7901,4778.437478620618
paper,7902,4778.346889080276
paper,7903,4778.2361062083055
paper,7904,4775.989219474273
paper,7905,4775.672985788301
paper,7906,4775.371591755671
paper,7907,4774.8668177856025
paper,7908,4772.664498344562
paper,7909,4771.434973622667
paper,7910,4771.1354378412125
paper,7911,4770.214198778799
paper,7912,4769.964589119537
paper,7913,4769.4737039348865
paper,7914,4768.923334290396
paper,7915,4766.934117599958
paper,7916,4766.773093417955
paper,7917,4766.731808100553
paper,7918,4766.724738442503
paper,7919,4764.507785663425
paper,7920,4764.13840451532
paper,7921,4763.489787570812
paper,7922,4762.909648565395
paper,7923,4762.90710317405
paper,7924,4762.390528689316
paper,7925,4761.285980100104
paper,7926,4761.279655982284
paper,7927,4757.015752621827
paper,7928,4756.286293999178
paper,7929,4752.604925084195
paper,7930,4750.930137573959
paper,7931,4750.190558932483
paper,7932,4749.585788599474
paper,7933,4749.429400420448
paper,7934,4748.497824984185
paper,7935,4748.098042879513
paper,7936,4747.865222568277
paper,7937,4747.824302153671
paper,7938,4746.538355576279
paper,7939,4746.509177771876
paper,7940,4744.808898010128
paper,7941,4744.722161459193
paper,7942,4743.323246288951
paper,7943,4742.890393298194
paper,7944,4740.331586976729
paper,7945,4740.191012089424
paper,7946,4740.138593558229
paper,7947,4739.722883097814
paper,7948,4737.551598825322
paper,7949,4736.782748642723
paper,7950,4736.6184781625
paper,7951,4736.396011152315
paper,7952,4734.887943826164
paper,7953,4732.195032050197
paper,7954,4732.044675635737
paper,7955,4728.887102960004
paper,7956,4728.761449385374
paper,7957,4725.091121552636
paper,7958,4722.971480461849
paper,7959,4722.251339489826
paper,7960,4721.867410714769
paper,7961,4721.301024477906
paper,7962,4720.452599072494
paper,7963,4718.227166797223
paper,7964,4718.029530772739
paper,7965,4718.018239123354
paper,7966,4716.646014306063
paper,7967,4716.381850845556
paper,7968,4716.3551187690355
paper,7969,4716.177783632478
paper,7970,4715.752418147623
paper,7971,4715.051782905455
paper,7972,4714.832049206105
paper,7973,4714.208251986106
paper,7974,4713.869493708042
paper,7975,4713.425457112652
paper,7976,4711.756993122021
paper,7977,4711.30323930908
paper,7978,4710.677388541645
paper,7979,4710.4585133481905
paper,7980,4709.811759313379
paper,7981,4707.81762853629
paper,7982,4707.225634776705
paper,7983,4707.022476454751
paper,7984,4706.54162268159
paper,7985,4705.221173597666
paper,7986,4704.34232930237
paper,7987,4704.130111492636
paper,7988,4703.152851847573
paper,7989,4702.863872488557
paper,7990,4702.846069915779
paper,7991,4702.6756794102
paper,7992,4702.40950663761
paper,7993,4701.619731633971
paper,7994,4699.989805735182
paper,7995,4698.044418823701
paper,7996,4697.016066936218
paper,7997,4696.555546078162
paper,7998,4695.885709274208
paper,7999,4694.529991541558
paper,8000,4694.1000230732725
paper,8001,4693.4364652134045
paper,8002,4692.410084789858
paper,8003,4691.76907225916
paper,8004,4691.69015449014
paper,8005,4691.162925576352
paper,8006,4690.741436116308
paper,8007,4690.62662761174
paper,8008,4690.533304098877
paper,8009,4690.083224757545
paper,8010,4689.37860635194
paper,8011,4689.261404982735
paper,8012,4689.0559876594325
paper,8013,4685.736341333324
paper,8014,4684.972497436577
paper,8015,4684.948473854393
paper,8016,4684.025190603044
paper,8017,4683.917366490588
paper,8018,4683.833374330022
paper,8019,4683.5149151665055
paper,8020,4681.790052653081
paper,8021,4681.558920022363
paper,8022,4680.519479343018
paper,8023,4680.253886767752
paper,8024,4679.065993956507
paper,8025,4677.439356663693
paper,8026,4677.228829168902
paper,8027,4675.973091103845
paper,8028,4675.5087342241
paper,8029,4675.436223307661
paper,8030,4675.109657463105
paper,8031,4674.376640028854
paper,8032,4673.665335497037
paper,8033,4673.485934928556
paper,8034,4673.216266794607
paper,8035,4673.140537762003
paper,8036,4669.035246103753
paper,8037,4668.476192443296
paper,8038,4667.9765147771905
paper,8039,4666.9928886983125
paper,8040,4666.482318292805
paper,8041,4665.57163036502
paper,8042,4662.471872957874
paper,8043,4660.929148385866
paper,8044,4660.381952546741
paper,8045,4659.97170223756
paper,8046,4658.749758151649
paper,8047,4658.054096129455
paper,8048,4656.938323697179
paper,8049,4654.976967754177
paper,8050,4653.448399368731
paper,8051,4652.866769804432
paper,8052,4652.297759218216
paper,8053,4652.2973754456125
paper,8054,4652.2018012414155
paper,8055,4651.812077403353
paper,8056,4651.571438907807
paper,8057,4650.208109601739
paper,8058,4648.32974809527
paper,8059,4646.501098150027
paper,8060,4644.539387079322
paper,8061,4644.263851017697
paper,8062,4643.80404433878
paper,8063,4643.102905790958
paper,8064,4642.7202582987275
paper,8065,4642.19672118058
paper,8066,4642.103706970954
paper,8067,4641.1048750040545
paper,8068,4640.868052258842
paper,8069,4639.9545643098545
paper,8070,4638.77714242664
paper,8071,4638.43028508174
paper,8072,4636.609572364138
paper,8073,4635.875691170548
paper,8074,4635.461219367715
paper,8075,4634.007121838105
paper,8076,4633.560393623284
paper,8077,4631.993219350309
paper,8078,4631.4082791582
paper,8079,4630.458198297635
paper,8080,4629.987425637609
paper,8081,4629.912193540606
paper,8082,4629.542712837864
paper,8083,4629.248648910854
paper,8084,4629.13069132915
paper,8085,4627.428198432038
paper,8086,4627.381627309826
paper,8087,4626.814910371919
paper,8088,4626.202834070026
paper,8089,4625.315553596351
paper,8090,4624.983353303188
paper,8091,4623.88291635047
paper,8092,4623.828392640942
paper,8093,4622.01702780425
paper,8094,4620.076947125917
paper,8095,4619.833814247337
paper,8096,4619.544107500462
paper,8097,4619.181476303558
paper,8098,4618.146041172049
paper,8099,4615.376399982124
paper,8100,4615.335560516713
paper,8101,4614.478891043641
paper,8102,4611.3444156381665
paper,8103,4610.994513646929
paper,8104,4610.991550146551
paper,8105,4610.622217983679
paper,8106,4610.127530379908
paper,8107,4608.394682240244
paper,8108,4607.965866450344
paper,8109,4607.916013888187
paper,8110,4607.1710677928395
paper,8111,4605.135940064503
paper,8112,4604.601501521731
paper,8113,4603.891361898885
paper,8114,4603.391057565251
paper,8115,4603.360851958345
paper,8116,4602.826181830734
paper,8117,4602.8004149779545
paper,8118,4602.757431602784
paper,8119,4601.671663816323
paper,8120,4601.652389058056
paper,8121,4601.4458925105
paper,8122,4601.09374294084
paper,8123,4599.321851262003
paper,8124,4598.837650394722
paper,8125,4598.635345686856
paper,8126,4598.095037537049
paper,8127,4597.4947900000425
paper,8128,4596.4844258721205
paper,8129,4595.099283620827
paper,8130,4594.278445715486
paper,8131,4593.095041271274
paper,8132,4592.9538618659435
paper,8133,4592.904099232219
paper,8134,4592.492085341267
paper,8135,4592.411126650521
paper,8136,4591.917101907572
paper,8137,4591.421487289715
paper,8138,4590.969353320657
paper,8139,4590.58359533424
paper,8140,4590.263615440691
paper,8141,4589.411425665177
paper,8142,4589.161173930049
paper,8143,4587.7311794152865
paper,8144,4587.209207838823
paper,8145,4587.134995755989
paper,8146,4586.923269222236
paper,8147,4586.172872389559
paper,8148,4585.224568760723
paper,8149,4585.222014277113
paper,8150,4584.963318436935
paper,8151,4584.496129987028
paper,8152,4583.823369710088
paper,8153,4583.66721820017
paper,8154,4583.597079972716
paper,8155,4583.473898646007
paper,8156,4583.436632715932
paper,8157,4582.021902220604
paper,8158,4581.77072435851
paper,8159,4581.3660875050045
paper,8160,4580.100379855419
paper,8161,4579.888236919201
paper,8162,4579.466200583504
paper,8163,4579.408939963185
paper,8164,4579.08193932481
paper,8165,4578.95506530858
paper,8166,4578.693996738834
paper,8167,4578.579315325374
paper,8168,4578.500374292911
paper,8169,4577.960876347638
paper,8170,4577.786013890087
paper,8171,4577.622681616275
paper,8172,4577.450450537664
paper,8173,4576.599863036041
paper,8174,4576.571335037542
paper,8175,4576.320138509797
paper,8176,4575.689243958977
paper,8177,4575.610034128444
paper,8178,4575.41124645463
paper,8179,4575.130749628333
paper,8180,4572.860908738692
paper,8181,4572.507451814703
paper,8182,4572.385435885166
paper,8183,4572.106555539206
paper,8184,4570.983708813922
paper,8185,4570.580115338904
paper,8186,4570.5170635099275
paper,8187,4569.798321110119
paper,8188,4568.926503940924
paper,8189,4567.13204758541
paper,8190,4567.129630601376
paper,8191,4566.625339703465
paper,8192,4566.47815280039
paper,8193,4566.465241182005
paper,8194,4565.43799615683
paper,8195,4564.002132307557
paper,8196,4563.08091560832
paper,8197,4562.714922337457
paper,8198,4561.57542251504
paper,8199,4559.896813265934
paper,8200,4557.189710231029
paper,8201,4556.05787451366
paper,8202,4555.679401231076
paper,8203,4555.341456453706
paper,8204,4555.086165224503
paper,8205,4554.8776604667755
paper,8206,4554.7332795568245
paper,8207,4554.123280547557
paper,8208,4554.086439223302
paper,8209,4553.64448747507
paper,8210,4552.367627935927
paper,8211,4551.734647147372
paper,8212,4550.346179934384
paper,8213,4550.067288553583
paper,8214,4549.902159927297
paper,8215,4549.5719520077455
paper,8216,4549.269465804726
paper,8217,4549.071781351205
paper,8218,4548.630302162455
paper,8219,4548.59113773046
paper,8220,4548.417192837602
paper,8221,4547.326673196543
paper,8222,4546.27907717133
paper,8223,4546.014451323164
paper,8224,4545.888733977161
paper,8225,4545.581916404508
paper,8226,4544.350039995862
paper,8227,4544.2102680540565
paper,8228,4544.030517774018
paper,8229,4542.447974268815
paper,8230,4541.8397138285245
paper,8231,4541.793162020251
paper,8232,4541.598052383029
paper,8233,4541.047432671507
paper,8234,4540.646384850586
paper,8235,4539.950091823588
paper,8236,4539.134259129899
paper,8237,4538.891304528718
paper,8238,4538.411415797506
paper,8239,4536.928229321059
paper,8240,4536.406870120176
paper,8241,4536.293275483715
paper,8242,4535.617614840932
paper,8243,4535.093847733498
paper,8244,4534.87142891609
paper,8245,4534.808047981902
paper,8246,4534.735364433668
paper,8247,4534.6512830290485
paper,8248,4534.5674550541335
paper,8249,4533.236109788036
paper,8250,4530.983413556675
paper,8251,4530.957016380264
paper,8252,4530.919403238908
paper,8253,4530.718568665525
paper,8254,4530.359361653302
paper,8255,4529.519871988823
paper,8256,4528.489349623417
paper,8257,4528.299907379615
paper,8258,4528.134675643021
paper,8259,4527.931962442493
paper,8260,4527.630080660592
paper,8261,4526.865136455601
paper,8262,4526.69277945867
paper,8263,4525.738714382641
paper,8264,4524.609729874906
paper,8265,4523.485652980002
paper,8266,4523.338174525068
paper,8267,4522.735290116072
paper,8268,4522.6262670433825
paper,8269,4521.8266628236215
paper,8270,4521.823711044085
paper,8271,4519.6690854987255
paper,8272,4519.366365197601
paper,8273,4519.357584035262
paper,8274,4518.127179946381
paper,8275,4517.873200146027
paper,8276,4517.754507984916
paper,8277,4517.2472736023565
paper,8278,4516.5404087537445
paper,8279,4516.1079290268035
paper,8280,4515.795841403302
paper,8281,4515.503751848926
paper,8282,4515.273931364782
paper,8283,4515.172351013456
paper,8284,4515.12341182705
paper,8285,4514.869208439887
paper,8286,4514.716443360466
paper,8287,4514.11887977049
paper,8288,4513.173286534166
paper,8289,4513.049246237733
paper,8290,4512.1054187094305
paper,8291,4511.685751703918
paper,8292,4510.373007037658
paper,8293,4510.300699474243
paper,8294,4509.8009914636405
paper,8295,4509.571832488027
paper,8296,4508.9029153544125
paper,8297,4507.8072164722735
paper,8298,4506.659428754298
paper,8299,4506.073906914589
paper,8300,4505.8334871837915
paper,8301,4505.100896135651
paper,8302,4503.297476468719
paper,8303,4502.349358697555
paper,8304,4500.160382823731
paper,8305,4500.029093987974
paper,8306,4499.818977594658
paper,8307,4499.319646967294
paper,8308,4498.657484905195
paper,8309,4498.647755532667
paper,8310,4497.240379774137
paper,8311,4497.173164686572
paper,8312,4497.139778354707
paper,8313,4497.05184311831
paper,8314,4496.930037703443
paper,8315,4496.562742680255
paper,8316,4496.423587866208
paper,8317,4495.5833836560905
paper,8318,4495.153279908986
paper,8319,4494.9749519876805
paper,8320,4494.164637268217
paper,8321,4494.156112837098
paper,8322,4493.994695955753
paper,8323,4493.241504953548
paper,8324,4493.211967173211
paper,8325,4493.151597718163
paper,8326,4492.1596831207
paper,8327,4490.858993820823
paper,8328,4490.82149723214
paper,8329,4490.341065058773
paper,8330,4489.430533780942
paper,8331,4489.419964370511
paper,8332,4488.710757993266
paper,8333,4488.057685682833
paper,8334,4486.944519376408
paper,8335,4485.262684682922
paper,8336,4484.822849913584
paper,8337,4484.751516591143
paper,8338,4484.6677150727055
paper,8339,4484.360110451402
paper,8340,4483.567859298068
paper,8341,4483.500831844094
paper,8342,4483.418854158632
paper,8343,4483.0223006807855
paper,8344,4482.162276235937
paper,8345,4481.965538829854
paper,8346,4480.015007576794
paper,8347,4478.42000098376
paper,8348,4478.1348156813565
paper,8349,4477.625838858433
paper,8350,4476.479404240989
paper,8351,4475.225644520347
paper,8352,4474.7891002245415
paper,8353,4473.79164195999
paper,8354,4472.68353014302
paper,8355,4472.360184649029
paper,8356,4472.328713136883
paper,8357,4472.045912446263
paper,8358,4471.771320397033
paper,8359,4470.1049267023045
paper,8360,4470.073458072995
paper,8361,4469.587740755145
paper,8362,4469.158925108673
paper,8363,4468.558768552397
paper,8364,4468.2148225982555
paper,8365,4467.883879961579
paper,8366,4467.462542401683
paper,8367,4466.950606107709
paper,8368,4465.923217879618
paper,8369,4465.888487880369
paper,8370,4465.238053203703
paper,8371,4465.115603931132
paper,8372,4464.376159655648
paper,8373,4463.451132111989
paper,8374,4462.637276157621
paper,8375,4462.420639477731
paper,8376,4461.971229639971
paper,8377,4461.251096866835
paper,8378,4461.242221878746
paper,8379,4460.90930948751
paper,8380,4459.017187270534
paper,8381,4458.850324788618
paper,8382,4458.316800619537
paper,8383,4457.809175894872
paper,8384,4456.8112368439115
paper,8385,4455.773217852987
paper,8386,4455.6118736662775
paper,8387,4454.888372612944
paper,8388,4454.149547186007
paper,8389,4453.377657643709
paper,8390,4453.066776100206
paper,8391,4452.487856336583
paper,8392,4451.986821459784
paper,8393,4451.691287932921
paper,8394,4451.6133613218235
paper,8395,4451.514708362121
paper,8396,4450.882549565993
paper,8397,4450.798686257798
paper,8398,4448.648775197661
paper,8399,4448.159204792243
paper,8400,4447.800734075157
paper,8401,4446.489592906297
paper,8402,4445.5198508428975
paper,8403,4445.345589600096
paper,8404,4445.0378053797
paper,8405,4444.693095288467
paper,8406,4444.162120201812
paper,8407,4441.366003185031
paper,8408,4441.153040064871
paper,8409,4439.542873330397
paper,8410,4438.68797250412
paper,8411,4438.357361917684
paper,8412,4437.424768626686
paper,8413,4437.3313344638955
paper,8414,4437.265373780763
paper,8415,4437.157350124201
paper,8416,4437.094600796986
paper,8417,4437.008324736975
paper,8418,4435.438764172362
paper,8419,4433.893840227094
paper,8420,4432.825024003807
paper,8421,4431.80692648542
paper,8422,4431.4205405364555
paper,8423,4431.1353113104005
paper,8424,4430.969338309207
paper,8425,4430.549433121504
paper,8426,4429.671653993744
paper,8427,4429.490973476275
paper,8428,4428.767256013853
paper,8429,4428.383574887892
paper,8430,4428.128664673401
paper,8431,4427.267792282726
paper,8432,4425.971405068424
paper,8433,4425.841633130323
paper,8434,4425.7396761446735
paper,8435,4423.072548364962
paper,8436,4422.691377257969
paper,8437,4422.472572946468
paper,8438,4422.321780816545
paper,8439,4421.748469392665
paper,8440,4419.9978794363815
paper,8441,4419.949120490861
paper,8442,4419.74831891165
paper,8443,4419.533764402752
paper,8444,4414.171828972405
paper,8445,4413.696605582376
paper,8446,4413.414400293756
paper,8447,4413.397227879016
paper,8448,4412.9025450494755
paper,8449,4412.24867573192
paper,8450,4410.62128780217
paper,8451,4410.547468597948
paper,8452,4410.041667059631
paper,8453,4409.256044811838
paper,8454,4407.545515012219
paper,8455,4407.522437285336
paper,8456,4407.250063483461
paper,8457,4406.063866044749
paper,8458,4405.205712049126
paper,8459,4404.359234634889
paper,8460,4404.2443880457195
paper,8461,4403.9470999284
paper,8462,4401.411003972262
paper,8463,4400.754425460953
paper,8464,4398.321400432768
paper,8465,4397.332663414514
paper,8466,4397.01863179367
paper,8467,4396.080635235048
paper,8468,4395.726725393315
paper,8469,4394.977004177687
paper,8470,4394.795763963841
paper,8471,4393.66533314644
paper,8472,4393.651432439752
paper,8473,4392.091905379199
paper,8474,4391.862569515619
paper,8475,4391.639395609227
paper,8476,4391.345730915411
paper,8477,4390.63939252576
paper,8478,4390.3677203680645
paper,8479,4390.155742285593
paper,8480,4389.175231758673
paper,8481,4389.140209134156
paper,8482,4387.869234067596
paper,8483,4387.278897543933
paper,8484,4387.1315591358725
paper,8485,4385.833676496197
paper,8486,4385.8087149301355
paper,8487,4385.7240392389895
paper,8488,4385.478713199755
paper,8489,4385.254352679102
paper,8490,4384.872715645637
paper,8491,4384.391286576143
paper,8492,4382.6197407778545
paper,8493,4381.598462202555
paper,8494,4380.82615948999
paper,8495,4379.570045959859
paper,8496,4379.268812328835
paper,8497,4378.937251717895
paper,8498,4378.88422460979
paper,8499,4378.434393824756
paper,8500,4377.700439679591
paper,8501,4377.540560982793
paper,8502,4374.509307417403
paper,8503,4373.51307644971
paper,8504,4372.12636480525
paper,8505,4372.03213604784
paper,8506,4371.968236395809
paper,8507,4371.860201270856
paper,8508,4371.7351981958445
paper,8509,4370.7343380136335
paper,8510,4369.514305865988
paper,8511,4369.292341177835
paper,8512,4369.281377111287
paper,8513,4367.749774151791
paper,8514,4367.390377665053
paper,8515,4366.901475132154
paper,8516,4366.097755119426
paper,8517,4366.0164320498825
paper,8518,4366.004428449595
paper,8519,4365.771230556546
paper,8520,4364.97446341134
paper,8521,4364.579731930702
paper,8522,4364.405351859922
paper,8523,4363.414403376536
paper,8524,4362.386322738788
paper,8525,4362.304405623915
paper,8526,4359.935279510723
paper,8527,4359.188905463642
paper,8528,4358.804156695603
paper,8529,4358.511515824518
paper,8530,4357.5093996381875
paper,8531,4357.021579742269
paper,8532,4356.948781034115
paper,8533,4355.739373747831
paper,8534,4355.258670881183
paper,8535,4354.1968121312775
paper,8536,4353.588831742438
paper,8537,4353.522617822051
paper,8538,4353.41533955288
paper,8539,4353.186857992421
paper,8540,4353.092314575442
paper,8541,4352.731008037066
paper,8542,4349.741232810872
paper,8543,4348.0767692470545
paper,8544,4347.529671292403
paper,8545,4346.123158816054
paper,8546,4345.269921743444
paper,8547,4345.239890625673
paper,8548,4344.7941799620685
paper,8549,4344.654637083002
paper,8550,4343.0801375130395
paper,8551,4342.747001902689
paper,8552,4342.031830504054
paper,8553,4341.423038886547
paper,8554,4338.5131909837455
paper,8555,4338.227430121672
paper,8556,4337.79736748381
paper,8557,4337.120411131084
paper,8558,4336.249201019324
paper,8559,4336.148425232331
paper,8560,4336.133053058585
paper,8561,4334.460443830671
paper,8562,4333.687844034632
paper,8563,4333.49386911363
paper,8564,4332.986543339658
paper,8565,4331.740333934447
paper,8566,4331.64324374666
paper,8567,4330.004285628113
paper,8568,4329.562086269341
paper,8569,4329.4980597238355
paper,8570,4329.268391941867
paper,8571,4328.643059887443
paper,8572,4327.234612515226
paper,8573,4327.08583880042
paper,8574,4326.900383265049
paper,8575,4326.191515783444
paper,8576,4325.814544130584
paper,8577,4324.177590777764
paper,8578,4323.7236354586585
paper,8579,4322.936972788376
paper,8580,4322.411792415227
paper,8581,4321.620755295629
paper,8582,4320.9777360831085
paper,8583,4319.185022993718
paper,8584,4318.700770126013
paper,8585,4318.524809430132
paper,8586,4318.229075212277
paper,8587,4317.907774424915
paper,8588,4314.3671835898585
paper,8589,4314.22552535994
paper,8590,4313.372992444372
paper,8591,4313.039818476576
paper,8592,4312.847668509448
paper,8593,4312.586177238665
paper,8594,4312.5059598064245
paper,8595,4311.981651765995
paper,8596,4307.389116352001
paper,8597,4306.621575099752
paper,8598,4305.545144360387
paper,8599,4305.3315272239
paper,8600,4304.827666150389
paper,8601,4304.580852596105
paper,8602,4304.205324636161
paper,8603,4303.2590511339895
paper,8604,4302.748836264147
paper,8605,4301.916971395428
paper,8606,4301.730346033102
paper,8607,4301.1284174923085
paper,8608,4300.801633047144
paper,8609,4300.313194248831
paper,8610,4299.83170822869
paper,8611,4299.606930555068
paper,8612,4298.506972921084
paper,8613,4295.752011285925
paper,8614,4295.260584993668
paper,8615,4295.094291502903
paper,8616,4294.741334956754
paper,8617,4291.283564882254
paper,8618,4290.073521598915
paper,8619,4289.119660330026
paper,8620,4288.671009184262
paper,8621,4288.051794476594
paper,8622,4287.333740768194
paper,8623,4286.2619365337705
paper,8624,4285.977117320509
paper,8625,4284.46031408039
paper,8626,4282.4620113336605
paper,8627,4281.523478032662
paper,8628,4281.2853918881965
paper,8629,4280.741529898331
paper,8630,4280.735964245479
paper,8631,4280.216292586872
paper,8632,4278.588784097302
paper,8633,4278.548408550038
paper,8634,4276.835949051606
paper,8635,4276.76147272946
paper,8636,4276.126855545057
paper,8637,4273.379621251625
paper,8638,4273.043538007507
paper,8639,4272.7128763403625
paper,8640,4272.548252620698
paper,8641,4271.890730763453
paper,8642,4271.6924868350525
paper,8643,4271.242420174828
paper,8644,4270.270345144563
paper,8645,4269.725579787578
paper,8646,4269.267227526201
paper,8647,4269.108196931549
paper,8648,4268.0845358407205
paper,8649,4268.018902527692
paper,8650,4267.335456712956
paper,8651,4266.8899240431
paper,8652,4266.3497180596105
paper,8653,4266.099767968053
paper,8654,4266.096597845645
paper,8655,4265.071104889123
paper,8656,4264.213819501321
paper,8657,4263.664765412552
paper,8658,4259.943097406004
paper,8659,4256.139454234027
paper,8660,4254.766317759071
paper,8661,4254.379422244366
paper,8662,4253.261635583323
paper,8663,4251.362920820722
paper,8664,4249.021691933069
paper,8665,4246.867566881627
paper,8666,4246.569490744077
paper,8667,4245.881207835903
paper,8668,4245.75343923459
paper,8669,4245.560988043755
paper,8670,4244.720759882601
paper,8671,4242.386970950029
paper,8672,4242.127365347524
paper,8673,4241.703949165213
paper,8674,4241.56217663254
paper,8675,4241.099121674474
paper,8676,4238.652434541513
paper,8677,4236.010587641836
paper,8678,4234.076314215996
paper,8679,4232.722938215773
paper,8680,4232.573567690787
paper,8681,4232.321680031758
paper,8682,4230.820939234944
paper,8683,4230.18955166961
paper,8684,4228.172317741616
paper,8685,4225.520725303691
paper,8686,4224.885882761807
paper,8687,4223.364292195386
paper,8688,4223.064610120555
paper,8689,4221.797427316082
paper,8690,4221.688336519679
paper,8691,4220.888225688432
paper,8692,4217.213702517791
paper,8693,4217.181800043752
paper,8694,4215.741218053512
paper,8695,4215.727529140009
paper,8696,4215.646624561971
paper,8697,4214.759023326484
paper,8698,4210.507054145798
paper,8699,4209.972410150638
paper,8700,4203.7522597717525
paper,8701,4201.811442755865
paper,8702,4201.721508284615
paper,8703,4197.469816018111
paper,8704,4195.63266282817
paper,8705,4194.476806684678
paper,8706,4194.056260036034
paper,8707,4191.2526940045
paper,8708,4188.454689306727
paper,8709,4187.0109350181365
paper,8710,4178.252463561656
paper,8711,4177.969635087584
paper,8712,4168.262382280807
paper,8713,4165.414422329414
paper,8714,4164.870321836646
paper,8715,4160.761286420201
paper,8716,4157.469778821407
paper,8717,4151.444462496307
paper,8718,4151.313335668265
paper,8719,4149.860929388838
paper,8720,4149.021505393572
paper,8721,4148.107650698508
paper,8722,4148.080391607537
paper,8723,4147.76189101672
paper,8724,4144.2126718983
paper,8725,4142.855748800675
paper,8726,4141.803252218214
paper,8727,4138.557156758265
paper,8728,4138.191132787306
paper,8729,4133.299363495754
paper,8730,4130.343441812589
paper,8731,4128.206012890306
paper,8732,4127.9844944941515
paper,8733,4126.688450100672
paper,8734,4116.491228747986
paper,8735,4113.363446538837
paper,8736,4112.41476553099
paper,8737,4108.313409990885
paper,8738,4106.5443092070855
paper,8739,4104.0845904046955
paper,8740,4103.547892669293
paper,8741,4103.507746909178
paper,8742,4093.388872303097
paper,8743,4081.4130783662918
paper,8744,4078.3398946449342
paper,8745,4077.837326269403
paper,8746,4074.0582085222777
paper,8747,4065.8601907292186
paper,8748,4057.4283276990172
paper,8749,4056.628134633982
paper,8750,4055.0018603201797
paper,8751,4049.734615595354
paper,8752,4043.540600699983
paper,8753,4041.825906744698
paper,8754,4034.060111281863
paper,8755,4015.4038480852428
paper,8756,4015.038684729324
paper,8757,4001.1918219617933
paper,8758,3989.3638446600526
paper,8759,3974.222943500717
paper,8760,3943.9779428601723
