timestamp;strompreis_EUR_MWh;waermebedarf_MWth;grid_co2_kg_MWh;outdoor_temp_C;P_buy_MW;P_sell_MW;Q_dump_MWth;hp_main_Q_th_MW;hp_main_Pel_MW;hp_main_on;hp_main_Q_wrg_MW;hp_main_Q_def_MW;hp_main_COP;hp_main_COP_input;hp_main_WRG_ratio;TES_SOC_MWh;TES_charge_MW;TES_discharge_MW;BOILER_MAIN_Q_th_MW;BOILER_MAIN_fuel_MW;grid_co2_kg_MWh;Fuel_CO2_emissions_t_per_step;Grid_CO2_emissions_t_per_step;CO2_BOILER_MAIN_t_per_step;Total_CO2_emissions_t_per_step
2023-01-01T00:00:00;60;50,99342830602247;400;6,975268145173784;24,97476604554257;0;0;100;24,97476604554257;1;100;0;4,004041512046426;4,004041512046426;1;46,29013079203324;48,72645346529815;0;0;0;400;0;9,989906418217029;0;9,989906418217029
2023-01-01T01:00:00;60;49,72347139765763;410,3527618041009;6,560952610775739;24,97476604554257;0;0;100;24,97476604554257;1;100;0;4,004041512046426;4,004041512046426;1;93,78040899496979;49,99463917475343;0;0;0;410,3527618041009;0;10,248464222199676;0;10,248464222199676
2023-01-01T02:00:00;60;51,29537707620138;420;4,938638989218851;24,97476604554257;0;0;100;24,97476604554257;1;100;0;4,004041512046426;4,004041512046426;1;139,76603915427395;48,41579810547753;0;0;0;420;0;10,48940173912788;0;10,48940173912788
2023-01-01T03:00:00;60;53,046059712816046;428,2842712474619;5,0698845295323824;24,97476604554257;0;0;100;24,97476604554257;1;100;0;4,004041512046426;4,004041512046426;1;184,08445526672884;46,665676543547704;0;0;0;428,2842712474619;0;10,696299475391056;0;10,696299475391056
2023-01-01T04:00:00;65;49,53169325055333;434,6410161513775;4,485149892753212;24,930425030419713;0;0;99,82245673476181;24,930425030419713;1;99,82245673476181;0;4,0040415120464266;4,004041512046426;1;231,56604682120218;50;0;0;0;434,6410161513775;0;10,835785268307362;0;10,835785268307362
2023-01-01T05:00:00;72,23542864692438;51,41599822539844;438,6370330515628;4,34844815313687;24,97476604554257;0;0;100;24,97476604554257;1;100;0;4,004041512046426;4,004041512046426;1;277,42091141245345;48,29265389045622;0;0;0;438,6370330515628;0;10,954857279373703;0;10,954857279373703
2023-01-01T06:00:00;80;57,79011075721774;440;4,144584321953909;24,97476604554257;0;0;100;24,97476604554257;1;100;0;4,004041512046426;4,004041512046426;1;317,21495567003285;41,91766984075861;0;0;0;440;0;10,988897060038731;0;10,988897060038731
2023-01-01T07:00:00;87,76457135307562;58,07129708980944;438,6370330515628;5,329872591088242;14,574886201580892;0;0;58,35844938448254;14,574886201580892;1;58,35844938448254;0;4,004041512046426;4,004041512046426;1;317,18323417446584;0;0;0;0;438,6370330515628;0;6,393084840525605;0;6,393084840525605
2023-01-01T08:00:00;95;56,685471719382136;434,6410161513775;4,083053796521026;4,994953209108513;0;0;20;4,994953209108513;1;20;0;4,004041512046426;4,004041512046426;1;278,22735357273046;0;36,97795416440201;0;0;434,6410161513775;0;2,1710115384355086;0;2,1710115384355086
2023-01-01T09:00:00;101,21320343559644;61,265916662915096;428,2842712474619;4,613181178939449;4,994953209108513;0;0;20;4,994953209108513;1;20;0;4,004041512046426;4,004041512046426;1;234,45623313908357;0;41,55613281337513;0;0;428,2842712474619;0;2,1392598950782107;0;2,1392598950782107
2023-01-01T10:00:00;105,98076211353316;59,49493557189459;420;5,188429736787618;4,994953209108513;0;0;20;4,994953209108513;1;20;0;4,004041512046426;4,004041512046426;1;192,5562690581172;0;39,78269253476983;0;0;420;0;2,0978803478255754;0;2,0978803478255754
2023-01-01T11:00:00;108,97777478867204;60,249766884108126;410,3527618041009;5,94580430511231;4,994953209108513;0;0;20;4,994953209108513;1;20;0;4,004041512046426;4,004041512046426;1;149,86934388310215;0;40,53428607070377;0;0;410,3527618041009;0;2,049692844439935;0;2,049692844439935
2023-01-01T12:00:00;110;62,77427926901131;400;6,681306436346741;4,994953209108513;0;0;20;4,994953209108513;1;20;0;4,004041512046426;4,004041512046426;1;104,53261570240235;0;43,05565418399593;0;0;400;0;1,9979812836434052;0;1,9979812836434052
2023-01-01T13:00:00;108,97777478867204;55,65706458213892;389,6472381958992;8,370965400861339;4,994953209108513;0;0;20;4,994953209108513;1;20;0;4,004041512046426;4,004041512046426;1;66,69982959341081;0;35,93121620505024;0;0;389,6472381958992;0;1,946269722846876;0;1,946269722846876
2023-01-01T14:00:00;105,98076211353316;55,593342302326576;380;9,210252123994929;4,994953209108513;0;0;20;4,994953209108513;1;20;0;4,004041512046426;4,004041512046426;1;28,94167963729727;0;35,8639059744965;0;0;380;0;1,8980822194612352;0;1,8980822194612352
2023-01-01T15:00:00;101,21320343559644;57,98928631939171;371,7157287525381;8,835947196684904;7,684636599467466;0;0;30,769603949259018;7,684636599467466;1;30,769603949259018;0;4,004041512046426;4,004041512046426;1;0;0;27,491846195866867;0;0;371,7157287525381;0;2,8565002937694755;0;2,8565002937694755
2023-01-01T16:00:00;95;55,16407286306361;365,3589838486225;9,1818984248012;13,844701055300854;0;0;55,43475774729758;13,844701055300854;1;55,43475774729758;0;4,004041512046426;4,004041512046426;1;0;0;0;0;0;365,3589838486225;0;5,058285909252671;0;5,058285909252671
2023-01-01T17:00:00;87,76457135307562;56,88981251468749;361,3629669484373;10,133485257060409;14,274684513947879;0;0;57,15642936521356;14,274684513947879;1;57,15642936521356;0;4,004041512046426;4,004041512046426;1;0;0;0;0;0;361,3629669484373;0;5,158342348213117;0;5,158342348213117
2023-01-01T18:00:00;80;51,82074221874909;360;9,723888477859514;13,009133381557781;0;0;52,08911009550625;13,009133381557781;1;52,08911009550625;0;4,004041512046426;4,004041512046426;1;0;0;0;0;0;360;0;4,683288017360801;0;4,683288017360801
2023-01-01T19:00:00;72,23542864692438;48,832343632274615;361,3629669484373;10,21424338774496;24,74964731100994;0;0;99,098615241792;24,74964731100994;1;99,098615241792;0;4,004041512046426;4,004041512046426;1;47,5;50;0;0;0;361,3629669484373;0;8,943605983233965;0;8,943605983233965
2023-01-01T20:00:00;65,00000000000001;52,93129753784312;365,3589838486225;9,699537721778968;24,97476604554257;0;0;100;24,97476604554257;1;100;0;4,004041512046426;4,004041512046426;1;91,9554689616216;46,80023048591748;0;0;0;365,3589838486225;0;9,124755144256513;0;9,124755144256513
2023-01-01T21:00:00;60;49,54844739902693;371,7157287525381;8,363448286061026;24,930468592116483;0;0;99,82263115760401;24,930468592116483;1;99,82263115760401;0;4,004041512046426;4,004041512046426;1;139,44627341472545;50;0;0;0;371,7157287525381;0;9,26704730086084;0;9,26704730086084
2023-01-01T22:00:00;60;50,13505640937585;380;9,27375260066503;24,97476604554257;0;0;100;24,97476604554257;1;100;0;4,004041512046426;4,004041512046426;1;186,5472476012264;49,59465138299199;0;0;0;380;0;9,490411097306175;0;9,490411097306175
2023-01-01T23:00:00;60;47,15050362757309;389,6472381958992;8,674395971855324;24,331255755388334;0;0;97,4233580847934;24,331255755388334;1;97,4233580847934;0;4,004041512046426;4,004041512046426;1;234,02859287646626;50;0;0;0;389,6472381958992;0;9,480606606925141;0;9,480606606925141
2023-01-02T00:00:00;60;53,63904318868704;400;6,693605654757807;24,97476604554257;0;0;100;24,97476604554257;1;100;0;4,004041512046426;4,004041512046426;1;277,7808427688913;46,07963447548705;0;0;0;400;0;9,989906418217029;0;9,989906418217029
2023-01-02T01:00:00;60;55,27730647427467;410,3527618041009;6,029692084724445;24,97476604554257;0;0;100;24,97476604554257;1;100;0;4,004041512046426;4,004041512046426;1;319,9696709960326;44,43853295938753;0;0;0;410,3527618041009;0;10,248464222199676;0;10,248464222199676
2023-01-02T02:00:00;60;52,12251605644424;420;5,642932695362452;24,97476604554257;0;0;100;24,97476604554257;1;100;0;4,004041512046426;4,004041512046426;1;365,14976051072006;47,591669980828435;0;0;0;420;0;10,48940173912788;0;10,48940173912788
2023-01-02T03:00:00;60;55,93924504586418;428,2842712474619;5,045908051433869;24,97476604554257;0;0;100;24,97476604554257;1;100;0;4,004041512046426;4,004041512046426;1;406,6970148101719;43,7723887110557;0;0;0;428,2842712474619;0;10,696299475391056;0;10,696299475391056
2023-01-02T04:00:00;65;53,49840327520299;434,6410161513775;4,7311959249831;24,97476604554257;0;0;100;24,97476604554257;1;100;0;4,004041512046426;4,004041512046426;1;450,5576359416984;46,21188508737632;0;0;0;434,6410161513775;0;10,855057692177542;0;10,855057692177542
2023-01-02T05:00:00;72,23542864692438;56,61222419737883;438,6370330515628;5,107324790515969;24,421427036246673;0;0;97,78440763654459;24,421427036246673;0,999999999999999;97,78440763654459;0;4,004041512046426;4,004041512046426;1;489,35245594311715;40,88407975264521;0;0;0;438,6370330515628;0;10,712142298064462;0;10,712142298064462
2023-01-02T06:00:00;80;58,19488016331181;440;3,911526386252975;14,607265112523246;0;0;58,488095888010584;14,607265112523246;1;58,488095888010584;0;4,004041512046426;4,004041512046426;1;489,30352069752286;0;0;0;0;440;0;6,427196649510228;0;6,427196649510228
2023-01-02T07:00:00;87,76457135307562;68,62442987553085;438,6370330515628;3,703073898863568;4,994953209108513;0;0;20;4,994953209108513;1;20;0;4,004041512046426;4,004041512046426;1;437,7613937827023;0;48,91853673461321;0;0;438,6370330515628;0;2,1909714558747404;0;2,1909714558747404
2023-01-02T08:00:00;95;64,95275971341724;434,6410161513775;3,712264174639421;4,994953209108513;0;0;20;4,994953209108513;1;20;0;4,004041512046426;4,004041512046426;1;390,0893783969339;0;45,24682728407065;0;0;434,6410161513775;0;2,1710115384355086;0;2,1710115384355086
2023-01-02T09:00:00;101,21320343559644;63,15002045459793;428,2842712474619;4,513214636469399;4,994953209108512;0;0;19,999999999999993;4,994953209108512;1;19,999999999999993;0;4,004041512046426;4,004041512046426;1;344,3233547622237;0;43,44066396202703;0;0;428,2842712474619;0;2,13925989507821;0;2,13925989507821
2023-01-02T10:00:00;105,98076211353316;71,84023356378896;420;5,483436513563102;5,526098894360544;0;0;22,126729372693475;5,526098894360544;1;22,126729372693475;0;4,004041512046426;4,004041512046426;1;291,65734347937905;0;50;0;0;420;0;2,3209615356314286;0;2,3209615356314286
2023-01-02T11:00:00;108,97777478867204;64,8174829016096;410,3527618041009;7,120821796451332;4,994953209108513;0;0;20;4,994953209108513;1;20;0;4,004041512046426;4,004041512046426;1;244,15767365194716;0;45,09697888842976;0;0;410,3527618041009;0;2,049692844439935;0;2,049692844439935
2023-01-02T12:00:00;110;70,83545438001903;400;6,741194350481914;5,273814772059705;0;0;21,11657327417072;5,273814772059705;1;21,11657327417072;0;4,0040415120464266;4,004041512046426;1;191,50167893721357;0;50;0;0;400;0;2,1095259088238816;0;2,1095259088238816
2023-01-02T13:00:00;108,97777478867204;61,88735190758878;389,6472381958992;7,888351111127012;4,994953209108513;0;0;20;4,994953209108513;1;20;0;4,004041512046426;4,004041512046426;1;147,09982697291068;0;42,16356670658871;0;0;389,6472381958992;0;1,946269722846876;0;1,946269722846876
2023-01-02T14:00:00;105,98076211353316;63,52545303185097;380;8,491788551963625;4,994953209108513;0;0;20;4,994953209108513;1;20;0;4,004041512046426;4,004041512046426;1;100,9808136893804;0;43,79908813579133;0;0;380;0;1,8980822194612352;0;1,8980822194612352
2023-01-02T15:00:00;101,21320343559644;67,80085343430866;371,7157287525381;9,715516980283684;4,994953209108513;0;0;20;4,994953209108513;1;20;0;4,004041512046426;4,004041512046426;1;50,371497608834666;0;48,06925709921795;0;0;371,7157287525381;0;1,8567026722085997;0;1,8567026722085997
2023-01-02T16:00:00;95;67,58463302998393;365,3589838486225;10,861542424290128;4,994953209108513;0;0;20;4,994953209108513;1;20;0;4,004041512046426;4,004041512046426;1;0;0;47,8481374361201;0;0;365,3589838486225;0;1,8249510288513022;0;1,8249510288513022
2023-01-02T17:00:00;87,76457135307562;63,14664866949357;361,3629669484373;9,632343092407044;15,837849760544202;0;0;63,41540790277353;15,837849760544202;1;63,41540790277353;0;4,004041512046426;4,004041512046426;1;0;0;0;0;0;361,3629669484373;0;5,72321237955385;0;5,72321237955385
2023-01-02T18:00:00;80;59,65305515283528;360;9,755280278740887;20,758961201721856;0;0;83,11974239865548;20,758961201721856;1;83,11974239865548;0;4,004041512046426;4,004041512046426;1;22,03853089056122;23,19845356901181;0;0;0;360;0;7,473226032619868;0;7,473226032619868
2023-01-02T19:00:00;72,23542864692438;56,58642983317618;361,3629669484373;10,41985791740174;24,97476604554257;0;0;100;24,97476604554257;1;100;0;4,004041512046426;4,004041512046426;1;63,027095718921835;43,14817755942071;0;0;0;361,3629669484373;0;9,024955557060354;0;9,024955557060354
2023-01-02T20:00:00;65,00000000000001;51,30369502408144;365,3589838486225;9,939021956166473;24,97476604554257;0;0;100;24,97476604554257;1;100;0;4,004041512046426;4,004041512046426;1;109,02820696439206;48,42885679478117;0;0;0;365,3589838486225;0;9,124755144256513;0;9,124755144256513
2023-01-02T21:00:00;60;53,200389479013225;371,7157287525381;10,04467400642766;24,97476604554257;0;0;100;24,97476604554257;1;100;0;4,004041512046426;4,004041512046426;1;153,22328744594165;46,532614002364255;0;0;0;371,7157287525381;0;9,283513361043001;0;9,283513361043001
2023-01-02T22:00:00;60;53,84840307260053;380;8,791964092662981;24,97476604554257;0;0;100;24,97476604554257;1;100;0;4,004041512046426;4,004041512046426;1;196,7932479373979;45,8792450738956;0;0;0;380;0;9,490411097306175;0;9,490411097306175
2023-01-02T23:00:00;60;57,64280556554729;389,6472381958992;7,596811089914033;24,97476604554257;0;0;100;24,97476604554257;1;100;0;4,004041512046426;4,004041512046426;1;236,74931524937315;42,07973330186209;0;0;0;389,6472381958992;0;9,731348614234381;0;9,731348614234381
2023-01-03T00:00:00;60;55,85904572392116;400;7,295327415346154;24,97476604554257;0;0;100;24,97476604554257;1;100;0;4,004041512046426;4,004041512046426;1;278,3947344035887;43,86220430077944;0;0;0;400;0;9,989906418217029;0;9,989906418217029
2023-01-03T01:00:00;60;50,592399611593166;410,3527618041009;6,777894654983891;24,97476604554257;0;0;100;24,97476604554257;1;100;0;4,004041512046426;4,004041512046426;1;325,0372013988024;49,12663838805689;0;0;0;410,3527618041009;0;10,248464222199676;0;10,248464222199676
2023-01-03T02:00:00;60;55,81020992348699;420;5,910241090598682;24,97476604554257;0;0;100;24,97476604554257;1;100;0;4,004041512046426;4,004041512046426;1;366,71456059297907;43,905118857175324;0;0;0;420;0;10,48940173912788;0;10,48940173912788
2023-01-03T03:00:00;60;54,03729429895921;428,2842712474619;5,132316671994006;24,97476604554257;0;0;100;24,97476604554257;1;100;0;4,004041512046426;4,004041512046426;1;410,0688625489926;45,67470885481356;0;0;0;428,2842712474619;0;10,696299475391056;0;10,696299475391056
2023-01-03T04:00:00;65;53,3076949992351;434,6410161513775;4,935261133441261;24,97476604554257;0;0;100;24,97476604554257;1;100;0;4,004041512046426;4,004041512046426;1;454,1111481177426;46,403465742110356;0;0;0;434,6410161513775;0;10,855057692177542;0;10,855057692177542
2023-01-03T05:00:00;72,23542864692438;59,08852494250775;438,6370330515628;4,686870316355631;24,97476604554257;0;0;100;24,97476604554257;1;100;0;4,004041512046426;4,004041512046426;1;492,65623223462075;40,62157392809467;0;0;0;438,6370330515628;0;10,954857279373703;0;10,954857279373703
2023-01-03T06:00:00;80;63,092998567487854;440;4,691079495518764;15,829726418158474;0;0;63,38288170264451;15,829726418158474;1;63,38288170264451;0;4,004041512046426;4,004041512046426;1;492,6069666113973;0;0;0;0;440;0;6,965079623989729;0;6,965079623989729
2023-01-03T07:00:00;87,76457135307562;65,62306383952642;438,6370330515628;4,426577464927616;4,994953209108513;0;0;20;4,994953209108513;1;20;0;4,004041512046426;4,004041512046426;1;444,22709778751107;0;45,91407772086386;0;0;438,6370330515628;0;2,1909714558747404;0;2,1909714558747404
2023-01-03T08:00:00;95;62,06273866872077;434,6410161513775;4,318364748488257;4,994953209108513;0;0;20;4,994953209108513;1;20;0;4,004041512046426;4,004041512046426;1;399,59929069939443;0;42,35421515942099;0;0;434,6410161513775;0;2,1710115384355086;0;2,1710115384355086
2023-01-03T09:00:00;101,21320343559644;65,92478451652063;428,2842712474619;4,952036499657019;4,994953209108513;0;0;20;4,994953209108513;1;20;0;4,004041512046426;4,004041512046426;1;350,9134864961302;0;46,2135520604846;0;0;428,2842712474619;0;2,1392598950782107;0;2,1392598950782107
2023-01-03T10:00:00;105,98076211353316;69,94092687899537;420;6,103254483254179;5,051089731520484;0;0;20,224772966079456;5,051089731520484;1;20,224772966079456;0;4,004041512046426;4,004041512046426;1;298,24681620011216;0;50;0;0;420;0;2,1214576872386033;0;2,1214576872386033
2023-01-03T11:00:00;108,97777478867204;73,5281978772557;410,3527618041009;5,81507502919882;5,947309951673092;0;0;23,813275931505885;5,947309951673092;1;23,813275931505885;0;4,004041512046426;4,004041512046426;1;245,5854125711237;0;50;0;0;410,3527618041009;0;2,4404950639740672;0;2,4404950639740672
2023-01-03T12:00:00;110;68,08330304861883;400;7,184336654436451;4,994953209108513;0;0;20;4,994953209108513;1;20;0;4,004041512046426;4,004041512046426;1;194,65293033573911;0;48,36252750942111;0;0;400;0;1,9979812836434052;0;1,9979812836434052
2023-01-03T13:00:00;108,97777478867204;68,92294853245724;389,6472381958992;7,579787729143882;4,994953209108513;0;0;20;4,994953209108513;1;20;0;4,004041512046426;4,004041512046426;1;142,8434835270054;0;49,20048243991515;0;0;389,6472381958992;0;1,946269722846876;0;1,946269722846876
2023-01-03T14:00:00;105,98076211353316;64,3831349232419;380;8,51437241146741;4,994953209108513;0;0;20;4,994953209108513;1;20;0;4,004041512046426;4,004041512046426;1;95,82217446161808;0;44,65667348118288;0;0;380;0;1,8980822194612352;0;1,8980822194612352
2023-01-03T15:00:00;101,21320343559644;62,63660212403576;371,7157287525381;9,760546274863293;4,994953209108513;0;0;20;4,994953209108513;1;20;0;4,004041512046426;4,004041512046426;1;50,64963088763431;0;42,90481328871072;0;0;371,7157287525381;0;1,8567026722085997;0;1,8567026722085997
2023-01-03T16:00:00;95;67,8438403783797;365,3589838486225;9,693625745363269;4,994953209108513;0;0;20;4,994953209108513;1;20;0;4,004041512046426;4,004041512046426;1;0;0;48,11233762831827;0;0;365,3589838486225;0;1,8249510288513022;0;1,8249510288513022
2023-01-03T17:00:00;87,76457135307562;67,0079312858622;361,3629669484373;9,92099575294528;16,801887874193028;0;0;67,27545652901836;16,801887874193028;1;67,27545652901836;0;4,004041512046426;4,004041512046426;1;0;0;0;0;0;361,3629669484373;0;6,071580052553365;0;6,071580052553365
2023-01-03T18:00:00;80;59,783969635259;360;9,32007192951004;23,72069250824925;0;0;94,97863749751866;23,72069250824925;1;94,97863749751866;0;4,0040415120464266;4,004041512046426;1;33,1783449862704;34,924573669758324;0;0;0;360;0;8,53944930296973;0;8,53944930296973
2023-01-03T19:00:00;72,23542864692438;60,16267481628948;361,3629669484373;10,270904261880816;24,97476604554257;0;0;100;24,97476604554257;1;100;0;4,004041512046426;4,004041512046426;1;70,76775816123033;39,57129579943006;0;0;0;361,3629669484373;0;9,024955557060354;0;9,024955557060354
2023-01-03T20:00:00;65,00000000000001;55,90409006261909;365,3589838486225;9,920818301923854;24,97476604554257;0;0;100;24,97476604554257;1;100;0;4,004041512046426;4,004041512046426;1;112,39764612425476;43,82838393562163;0;0;0;365,3589838486225;0;9,124755144256513;0;9,124755144256513
2023-01-03T21:00:00;60;53,38720061348719;371,7157287525381;10,202947705212372;24,97476604554257;0;0;100;24,97476604554257;1;100;0;4,004041512046426;4,004041512046426;1;156,4155618731973;46,34647948795259;0;0;0;371,7157287525381;0;9,283513361043001;0;9,283513361043001
2023-01-03T22:00:00;60;55,90348901377104;380;8,346110882523499;24,97476604554257;0;0;100;24,97476604554257;1;100;0;4,004041512046426;4,004041512046426;1;198,03106077174914;43,822253110251744;0;0;0;380;0;9,490411097306175;0;9,490411097306175
2023-01-03T23:00:00;60;58,84509141616493;389,6472381958992;7,886032299139533;24,97476604554257;0;0;100;24,97476604554257;1;100;0;4,004041512046426;4,004041512046426;1;236,84600734399015;40,87868387191389;0;0;0;389,6472381958992;0;9,731348614234381;0;9,731348614234381
2023-01-04T00:00:00;60;54,91043490222512;400;7,124691841855378;24,97476604554257;0;0;100;24,97476604554257;1;100;0;4,004041512046426;4,004041512046426;1;279,39190411588464;44,81008565539881;0;0;0;400;0;9,989906418217029;0;9,989906418217029
2023-01-04T01:00:00;60;58,91160913953502;410,3527618041009;7,012269504574174;24,97476604554257;0;0;100;24,97476604554257;1;100;0;4,004041512046426;4,004041512046426;1;318,13197419744023;40,80843081259704;0;0;0;410,3527618041009;0;10,248464222199676;0;10,248464222199676
2023-01-04T02:00:00;60;48,45063723977564;420;5,452352233806524;24,659401166775737;0;0;98,73726593397612;24,659401166775737;1;98,73726593397612;0;4,004041512046426;4,004041512046426;1;365,6001610000205;50;0;0;0;420;0;10,35694849004581;0;10,35694849004581
2023-01-04T03:00:00;60;57,05475626093806;428,2842712474619;5,018190419325527;24,97476604554257;0;0;100;24,97476604554257;1;100;0;4,004041512046426;4,004041512046426;1;406,0875220368698;42,656759003104554;0;0;0;428,2842712474619;0;10,696299475391056;0;10,696299475391056
2023-01-04T04:00:00;65;55,21761767059543;434,6410161513775;4,705872043504954;24,97476604554257;0;0;100;24,97476604554257;1;100;0;4,004041512046426;4,004041512046426;1;448,31484759543713;44,49256243239056;0;0;0;434,6410161513775;0;10,855057692177542;0;10,855057692177542
2023-01-04T05:00:00;72,23542864692438;56,5921762945034;438,6370330515628;4,195527082710974;24,97476604554257;0;0;100;24,97476604554257;1;100;0;4,004041512046426;4,004041512046426;1;489,230047090264;43,115822083775186;0;0;0;438,6370330515628;0;10,954857279373703;0;10,954857279373703
2023-01-04T06:00:00;80;60,27528232960651;440;3,776783192724736;15,126984547795402;0;0;60,56907408145762;15,126984547795402;1;60,56907408145762;0;4,004041512046426;4,004041512046426;1;489,181124085555;0;0;0;0;440;0;6,655873201029977;0;6,655873201029977
2023-01-04T07:00:00;87,76457135307562;56,11106301867007;438,6370330515628;4,199267517581949;4,994953209108513;0;0;20;4,994953209108513;1;20;0;4,004041512046426;4,004041512046426;1;450,8132073941649;0;36,40304865003241;0;0;438,6370330515628;0;2,1909714558747404;0;2,1909714558747404
2023-01-04T08:00:00;95;64,23114839256871;434,6410161513775;4,93873966357657;4,994953209108513;0;0;20;4,994953209108513;1;20;0;4,004041512046426;4,004041512046426;1;403,9049968307866;0;44,51997278050692;0;0;434,6410161513775;0;2,1710115384355086;0;2,1710115384355086
2023-01-04T09:00:00;101,21320343559644;68,39492224736364;428,2842712474619;4,365422006734828;4,994953209108513;0;0;20;4,994953209108513;1;20;0;4,004041512046426;4,004041512046426;1;352,6159773118563;0;48,686197568284854;0;0;428,2842712474619;0;2,1392598950782107;0;2,1392598950782107
2023-01-04T10:00:00;105,98076211353316;74,37382995891683;420;5,566484837073438;6,158769998274786;0;0;24,659970736238336;6,158769998274786;1;24,659970736238336;0;4,004041512046426;4,004041512046426;1;299,9491367667567;0;50;0;0;420;0;2,58668339927541;0;2,58668339927541
2023-01-04T11:00:00;108,97777478867204;67,60383701924275;410,3527618041009;5,873482457222851;4,994953209108513;0;0;20;4,994953209108513;1;20;0;4,004041512046426;4,004041512046426;1;249,51002039861882;0;47,88866538173812;0;0;410,3527618041009;0;2,049692844439935;0;2,049692844439935
2023-01-04T12:00:00;110;66,76602558842725;400;7,597523314462421;4,994953209108513;0;0;20;4,994953209108513;1;20;0;4,004041512046426;4,004041512046426;1;199,96561289525482;0;47,04348367625792;0;0;400;0;1,9979812836434052;0;1,9979812836434052
2023-01-04T13:00:00;108,97777478867204;67,66932704521632;389,6472381958992;7,014863682915675;4,994953209108513;0;0;20;4,994953209108513;1;20;0;4,004041512046426;4,004041512046426;1;149,47269422557386;0;47,94927600297186;0;0;389,6472381958992;0;1,946269722846876;0;1,946269722846876
2023-01-04T14:00:00;105,98076211353316;72,19922187955868;380;8,220539076364206;5,612833060644514;0;0;22,474016575007226;5,612833060644514;1;22,474016575007226;0;4,004041512046426;4,004041512046426;1;96,82616800878289;0;50;0;0;380;0;2,132876563044915;0;2,132876563044915
2023-01-04T15:00:00;101,21320343559644;68,2897832798075;371,7157287525381;9,309926281091904;4,994953209108513;0;0;20;4,994953209108513;1;20;0;4,004041512046426;4,004041512046426;1;45,70077923939693;0;48,559920844955826;0;0;371,7157287525381;0;1,8567026722085997;0;1,8567026722085997
2023-01-04T16:00:00;95;63,14583928681537;365,3589838486225;10,380838225970486;4,994953209108513;0;0;20;4,994953209108513;1;20;0;4,004041512046426;4,004041512046426;1;0;0;43,41139870339934;0;0;365,3589838486225;0;1,8249510288513022;0;1,8249510288513022
2023-01-04T17:00:00;87,76457135307562;64,2608361372859;361,3629669484373;9,86490234833071;16,11586717710298;0;0;64,52860117974679;16,11586717710298;1;64,52860117974679;0;4,004041512046426;4,004041512046426;1;0;0;0;0;0;361,3629669484373;0;5,823677578064871;0;5,823677578064871
2023-01-04T18:00:00;80;60,29123264804412;360;9,7224002366534;20,956531030479464;0;0;83,91082019452884;20,956531030479464;1;83,91082019452884;0;4,004041512046426;4,004041512046426;1;22,18365264212158;23,3512133074964;0;0;0;360;0;7,544351170972607;0;7,544351170972607
2023-01-04T19:00:00;72,23542864692438;60,0670407490804;361,3629669484373;10,8383560135875;24,97476604554257;0;0;100;24,97476604554257;1;100;0;4,004041512046426;4,004041512046426;1;59,86732221359117;39,66935572287769;0;0;0;361,3629669484373;0;9,024955557060354;0;9,024955557060354
2023-01-04T20:00:00;65,00000000000001;53,244867265306624;365,3589838486225;8,874069261145195;24,97476604554257;0;0;100;24,97476604554257;1;100;0;4,004041512046426;4,004041512046426;1;104,02031076811535;46,483131880784775;0;0;0;365,3589838486225;0;9,124755144256513;0;9,124755144256513
2023-01-04T21:00:00;60;54,18084463350558;371,7157287525381;8,021917365249601;24,97476604554257;0;0;100;24,97476604554257;1;100;0;4,004041512046426;4,004041512046426;1;147,27624472210786;45,543511563230865;0;0;0;371,7157287525381;0;9,283513361043001;0;9,283513361043001
2023-01-04T22:00:00;60;54,0197296171696;380;8,720007225026666;24,97476604554257;0;0;100;24,97476604554257;1;100;0;4,004041512046426;4,004041512046426;1;190,68374746566718;45,70761091371739;0;0;0;380;0;9,490411097306175;0;9,490411097306175
2023-01-04T23:00:00;60;51,341212629669705;389,6472381958992;7,525430023131258;24,97476604554257;0;0;100;24,97476604554257;1;100;0;4,004041512046426;4,004041512046426;1;236,62664912041586;48,38102108367918;0;0;0;389,6472381958992;0;9,731348614234381;0;9,731348614234381
2023-01-05T00:00:00;60;55,74030069266144;400;6,489383591434644;24,97476604554257;0;0;100;24,97476604554257;1;100;0;4,004041512046426;4,004041512046426;1;278,38161518158614;43,97750392219194;0;0;0;400;0;9,989906418217029;0;9,989906418217029
2023-01-05T01:00:00;60;55,65263818044972;410,3527618041009;6,5777210883421136;24,97476604554257;0;0;100;24,97476604554257;1;100;0;4,004041512046426;4,004041512046426;1;320,21604389341076;44,065544077202944;0;0;0;410,3527618041009;0;10,248464222199676;0;10,248464222199676
2023-01-05T02:00:00;60;55,01278364160615;420;5,621900356885599;24,97476604554257;0;0;100;24,97476604554257;1;100;0;4,004041512046426;4,004041512046426;1;362,65026914732;44,70131248241954;0;0;0;420;0;10,48940173912788;0;10,48940173912788
2023-01-05T03:00:00;60;54,413532166562135;428,2842712474619;4,596640341071993;24,97476604554257;0;0;100;24,97476604554257;1;100;0;4,004041512046426;4,004041512046426;1;405,64537604275637;45,29618097089594;0;0;0;428,2842712474619;0;10,696299475391056;0;10,696299475391056
2023-01-05T04:00:00;65;51,46157314487397;434,6410161513775;3,7617715893112367;24,97476604554257;0;0;100;24,97476604554257;1;100;0;4,004041512046426;4,004041512046426;1;451,43715388738894;48,24457092867034;0;0;0;434,6410161513775;0;10,855057692177542;0;10,855057692177542
2023-01-05T05:00:00;72,23542864692438;56,25874460144368;438,6370330515628;4,538451185272868;24,97476604554257;0;0;100;24,97476604554257;1;100;0;4,004041512046426;4,004041512046426;1;492,6701939605049;43,45071977737336;0;0;0;438,6370330515628;0;10,954857279373703;0;10,954857279373703
2023-01-05T06:00:00;80;58,97185645041969;440;4,32510058897933;14,80087156117243;0;0;59,263304145401804;14,80087156117243;1;59,263304145401804;0;4,004041512046426;4,004041512046426;1;492,62092694110885;0;0;0;0;440;0;6,512383486915869;0;6,512383486915869
2023-01-05T07:00:00;87,76457135307562;59,97371400663295;438,6370330515628;4,052634589243104;4,994953209108513;0;0;20;4,994953209108513;1;20;0;4,004041512046426;4,004041512046426;1;450,18605801287373;0;40,26632649376394;0;0;438,6370330515628;0;2,1909714558747404;0;2,1909714558747404
2023-01-05T08:00:00;95;64,43550000916898;434,6410161513775;5,325242286670517;4,994953209108513;0;0;20;4,994953209108513;1;20;0;4,004041512046426;4,004041512046426;1;403,06454246139515;0;44,72267209839346;0;0;434,6410161513775;0;2,1710115384355086;0;2,1710115384355086
2023-01-05T09:00:00;101,21320343559644;68,56892748310688;428,2842712474619;4,343637273277282;4,994953209108513;0;0;20;4,994953209108513;1;20;0;4,004041512046426;4,004041512046426;1;351,5923455505557;0;48,86029593376361;0;0;428,2842712474619;0;2,1392598950782107;0;2,1392598950782107
2023-01-05T10:00:00;105,98076211353316;75,95229664818434;420;4,73723741453763;6,553873724657058;0;0;26,24198245823719;6,553873724657058;1;26,24198245823719;0;4,004041512046426;4,004041512046426;1;298,9256073686322;0;50;0;0;420;0;2,7526269643559647;0;2,7526269643559647
2023-01-05T11:00:00;108,97777478867204;70,35162091949753;410,3527618041009;5,877588829751816;5,153900544028891;0;0;20,63643172725034;5,153900544028891;1;20,63643172725034;0;4,004041512046426;4,004041512046426;1;246,26413586052692;0;50;0;0;410,3527618041009;0;2,1149173223059137;0;2,1149173223059137
2023-01-05T12:00:00;110;71,03020156289105;400;6,977206991822251;5,322200441450851;0;0;21,310311503001017;5,322200441450851;1;21,310311503001017;0;4,004041512046426;4,004041512046426;1;193,60793049957246;0;50;0;0;400;0;2,1288801765803402;0;2,1288801765803402
2023-01-05T13:00:00;108,97777478867204;69,36401128289191;389,6472381958992;7,898126859968908;4,994953209108513;0;0;20;4,994953209108513;1;20;0;4,004041512046426;4,004041512046426;1;141,33574413750617;0;49,64018429056554;0;0;389,6472381958992;0;1,946269722846876;0;1,946269722846876
2023-01-05T14:00:00;105,98076211353316;61,24223577544795;380;8,379381971071835;4,994953209108513;0;0;20;4,994953209108513;1;20;0;4,004041512046426;4,004041512046426;1;97,62018801833283;0;41,51635141752162;0;0;380;0;1,8980822194612352;0;1,8980822194612352
2023-01-05T15:00:00;101,21320343559644;66,97277804439216;371,7157287525381;9,29734804181679;4,994953209108513;0;0;20;4,994953209108513;1;20;0;4,004041512046426;4,004041512046426;1;47,88098454530637;0;47,24296938151339;0;0;371,7157287525381;0;1,8567026722085997;0;1,8567026722085997
2023-01-05T16:00:00;95;65,21080573479358;365,3589838486225;8,972306499258094;4,994953209108513;0;0;20;4,994953209108513;1;20;0;4,004041512046426;4,004041512046426;1;0;0;45,482386624509246;0;0;365,3589838486225;0;1,8249510288513022;0;1,8249510288513022
2023-01-05T17:00:00;87,76457135307562;70,61545075989083;361,3629669484373;10,619659780903834;17,70211147938409;0;0;70,87998921432747;17,70211147938409;1;70,87998921432747;0;4,004041512046426;4,004041512046426;1;0;0;0;0;0;361,3629669484373;0;6,396887525442225;0;6,396887525442225
2023-01-05T18:00:00;80;59,42291710565664;360;9,958924410803716;22,87017354364635;0;0;91,57312425646589;22,87017354364635;1;91,57312425646589;0;4,004041512046426;4,004041512046426;1;30,288701850032165;31,882844052665437;0;0;0;360;0;8,233262475712685;0;8,233262475712685
2023-01-05T19:00:00;72,23542864692438;58,23840538077964;361,3629669484373;10,456425394661268;24,97476604554257;0;0;100;24,97476604554257;1;100;0;4,004041512046426;4,004041512046426;1;69,70721340074057;41,49635833778254;0;0;0;361,3629669484373;0;9,024955557060354;0;9,024955557060354
2023-01-05T20:00:00;65,00000000000001;54,9132205757369;365,3589838486225;9,769438884542168;24,97476604554257;0;0;100;24,97476604554257;1;100;0;4,004041512046426;4,004041512046426;1;112,2779186411203;44,81860627549452;0;0;0;365,3589838486225;0;9,124755144256513;0;9,124755144256513
2023-01-05T21:00:00;60;52,07830490595117;371,7157287525381;9,349696953136531;24,97476604554257;0;0;100;24,97476604554257;1;100;0;4,004041512046426;4,004041512046426;1;157,5358320203535;47,65172754852349;0;0;0;371,7157287525381;0;9,283513361043001;0;9,283513361043001
2023-01-05T22:00:00;60;57,85705703628756;380;8,784883640116101;24,97476604554257;0;0;100;24,97476604554257;1;100;0;4,004041512046426;4,004041512046426;1;197,2971112363617;41,87056084127394;0;0;0;380;0;9,490411097306175;0;9,490411097306175
2023-01-05T23:00:00;60;56,87983258171693;389,6472381958992;8,00031141531622;24,97476604554257;0;0;100;24,97476604554257;1;100;0;4,004041512046426;4,004041512046426;1;237,97959121234243;42,84443124958354;0;0;0;389,6472381958992;0;9,731348614234381;0;9,731348614234381
2023-01-06T00:00:00;60;56,977579867607616;400;7,321361379933772;24,97476604554257;0;0;100;24,97476604554257;1;100;0;4,004041512046426;4,004041512046426;1;278,5623856328982;42,7437814522916;0;0;0;400;0;9,989906418217029;0;9,989906418217029
2023-01-06T01:00:00;60;52,72653136301315;410,3527618041009;6,888119129758652;24,97476604554257;0;0;100;24,97476604554257;1;100;0;4,004041512046426;4,004041512046426;1;323,17785834828817;46,99297784626657;0;0;0;410,3527618041009;0;10,248464222199676;0;10,248464222199676
2023-01-06T02:00:00;60;58,50698577734025;420;5,598260584850735;24,97476604554257;0;0;100;24,97476604554257;1;100;0;4,004041512046426;4,004041512046426;1;362,2921993847803;41,20700928665999;0;0;0;420;0;10,48940173912788;0;10,48940173912788
2023-01-06T03:00:00;60;51,4953723430193;428,2842712474619;5,233181535234613;24,97476604554257;0;0;100;24,97476604554257;1;100;0;4,004041512046426;4,004041512046426;1;408,06217907248345;48,21706200804383;0;0;0;428,2842712474619;0;10,696299475391056;0;10,696299475391056
2023-01-06T04:00:00;65;56,46714273450068;434,6410161513775;4,357055941503071;24,97476604554257;0;0;100;24,97476604554257;1;100;0;4,004041512046426;4,004041512046426;1;449,100841725243;43,24154617964924;0;0;0;434,6410161513775;0;10,855057692177542;0;10,855057692177542
2023-01-06T05:00:00;72,23542864692438;63,41624479299315;438,6370330515628;4,822281128857531;24,97476604554257;0;0;100;24,97476604554257;1;100;0;4,004041512046426;4,004041512046426;1;483,53564295196156;36,294432958832715;0;0;0;438,6370330515628;0;10,954857279373703;0;10,954857279373703
2023-01-06T06:00:00;80;57,028391024607934;440;3,661803848970365;14,316203800758434;0;0;57,322674313153584;14,316203800758434;1;57,322674313153584;0;4,004041512046426;4,004041512046426;1;483,48728938766635;0;0;0;0;440;0;6,299129672333711;0;6,299129672333711
2023-01-06T07:00:00;87,76457135307562;60,742728624597376;438,6370330515628;5,002692737588203;4,994953209108513;0;0;20;4,994953209108513;1;20;0;4,004041512046426;4,004041512046426;1;440,24812001331264;0;41,031279613144186;0;0;438,6370330515628;0;2,1909714558747404;0;2,1909714558747404
2023-01-06T08:00:00;95;65,34877977780674;434,6410161513775;4,381844813324513;4,994953209108513;0;0;20;4,994953209108513;1;20;0;4,004041512046426;4,004041512046426;1;392,1620058421221;0;45,63998489122977;0;0;434,6410161513775;0;2,1710115384355086;0;2,1710115384355086
2023-01-06T09:00:00;101,21320343559644;65,20462980032897;428,2842712474619;4,163292105381334;4,994953209108513;0;0;20;4,994953209108513;1;20;0;4,004041512046426;4,004041512046426;1;344,2314536135605;0;45,496769226578465;0;0;428,2842712474619;0;2,1392598950782107;0;2,1392598950782107
2023-01-06T10:00:00;105,98076211353316;62,66534982062318;420;5,564052207455394;4,994953209108513;0;0;20;4,994953209108513;1;20;0;4,004041512046426;4,004041512046426;1;298,98492415510833;0;42,951500997436305;0;0;420;0;2,0978803478255754;0;2,0978803478255754
2023-01-06T11:00:00;108,97777478867204;69,93117393540112;410,3527618041009;5,883017035954998;5,04888909786558;0;0;20,21596153757241;5,04888909786558;1;20,21596153757241;0;4,004041512046426;4,004041512046426;1;246,3234467153244;0;50;0;0;410,3527618041009;0;2,0718255853517564;0;2,0718255853517564
2023-01-06T12:00:00;110;65,75078514509558;400;7,420321774494362;4,994953209108513;0;0;20;4,994953209108513;1;20;0;4,004041512046426;4,004041512046426;1;197,84723461327434;0;46,02900076950961;0;0;400;0;1,9979812836434052;0;1,9979812836434052
2023-01-06T13:00:00;108,97777478867204;71,53749071468175;389,6472381958992;7,450145145656367;5,448389777815852;0;0;21,815578844184074;5,448389777815852;1;21,815578844184074;0;4,004041512046426;4,004041512046426;1;145,1958709424446;0;50;0;0;389,6472381958992;0;2,1229500295407155;0;2,1229500295407155
2023-01-06T14:00:00;105,98076211353316;65,10573659144146;380;8,27690828339261;4,994953209108513;0;0;20;4,994953209108513;1;20;0;4,004041512046426;4,004041512046426;1;97,41262471479253;0;45,38029030852995;0;0;380;0;1,8980822194612352;0;1,8980822194612352
2023-01-06T15:00:00;101,21320343559644;72,81684015510032;371,7157287525381;8,176549978086877;5,767128745911029;0;0;23,091822903944006;5,767128745911029;1;23,091822903944006;0;4,004041512046426;4,004041512046426;1;44,77130450495263;0;50;0;0;371,7157287525381;0;2,143732464596029;0;2,143732464596029
2023-01-06T16:00:00;95;62,25861347682317;365,3589838486225;9,371923051728778;4,994953209108513;0;0;20;4,994953209108513;1;20;0;4,004041512046426;4,004041512046426;1;0;0;42,52848600577703;0;0;365,3589838486225;0;1,8249510288513022;0;1,8249510288513022
2023-01-06T17:00:00;87,76457135307562;61,53865024831956;361,3629669484373;8,685837815552727;15,437266473310576;0;0;61,81145579165808;15,437266473310576;1;61,81145579165808;0;4,004041512046426;4,004041512046426;1;0;0;0;0;0;361,3629669484373;0;5,578456414369149;0;5,578456414369149
2023-01-06T18:00:00;80;62,44055165210901;360;9,20804858825714;15,661956689440808;0;0;62,71112474439421;15,661956689440808;1;62,71112474439421;0;4,004041512046426;4,004041512046426;1;0;0;0;0;0;360;0;5,638304408198691;0;5,638304408198691
2023-01-06T19:00:00;72,23542864692438;54,03778772670313;361,3629669484373;10,277984806939354;24,97476604554257;0;0;100;24,97476604554257;1;100;0;4,004041512046426;4,004041512046426;1;43,41140250042921;45,69621315834654;0;0;0;361,3629669484373;0;9,024955557060354;0;9,024955557060354
2023-01-06T20:00:00;65,00000000000001;55,56864983651033;365,3589838486225;9,990976290678732;24,97476604554257;0;0;100;24,97476604554257;1;100;0;4,004041512046426;4,004041512046426;1;85,36297924295488;44,16412408713232;0;0;0;365,3589838486225;0;9,124755144256513;0;9,124755144256513
2023-01-06T21:00:00;60;58,26785688570607;371,7157287525381;9,334049124452124;24,97476604554257;0;0;100;24,97476604554257;1;100;0;4,004041512046426;4,004041512046426;1;124,7434461856165;41,462108674300964;0;0;0;371,7157287525381;0;9,283513361043001;0;9,283513361043001
2023-01-06T22:00:00;60;50,98129191359693;380;8,016511928435394;24,97476604554257;0;0;100;24,97476604554257;1;100;0;4,004041512046426;4,004041512046426;1;171,03686095715022;48,74304117489714;0;0;0;380;0;9,490411097306175;0;9,490411097306175
2023-01-06T23:00:00;60;55,46158464633076;389,6472381958992;7,752601457236573;24,97476604554257;0;0;100;24,97476604554257;1;100;0;4,004041512046426;4,004041512046426;1;213,0682964847085;44,26162022489892;0;0;0;389,6472381958992;0;9,731348614234381;0;9,731348614234381
2023-01-07T00:00:00;60;50,519765588496846;400;6,998198730454716;24,97476604554257;0;0;100;24,97476604554257;1;100;0;4,004041512046426;4,004041512046426;1;259,7871931555821;49,200214211075846;0;0;0;400;0;9,989906418217029;0;9,989906418217029
2023-01-07T01:00:00;60;51,56364574355462;410,3527618041009;5,644360520096166;24,97476604554257;0;0;100;24,97476604554257;1;100;0;4,004041512046426;4,004041512046426;1;305,50423351405186;48,15054639766879;0;0;0;410,3527618041009;0;10,248464222199676;0;10,248464222199676
2023-01-07T02:00:00;60;47,52609857824383;420;6,251699150883575;24,427646359336677;0;0;97,8093100643738;24,427646359336677;1;97,8093100643738;0;4,004041512046426;4,004041512046426;1;352,97368309070043;50;0;0;0;420;0;10,259611470921405;0;10,259611470921405
2023-01-07T03:00:00;60;47,35908677383145;428,2842712474619;5,317360801728193;24,38693311810796;0;0;97,64629255640406;24,38693311810796;1;97,64629255640406;0;4,004041512046426;4,004041512046426;1;400,4383857223914;50;0;0;0;428,2842712474619;0;10,444539878449463;0;10,444539878449463
2023-01-07T04:00:00;65;51,0438831312338;434,6410161513775;4,291441701731852;24,97476604554257;0;0;100;24,97476604554257;1;100;0;4,004041512046426;4,004041512046426;1;446,6296409017582;48,664525282041105;0;0;0;434,6410161513775;0;10,855057692177542;0;10,855057692177542
2023-01-07T05:00:00;72,23542864692438;52,580718623310446;438,6370330515628;4,11566544063006;13,20492344909003;0;0;52,87306165355175;13,20492344909003;1;52,87306165355175;0;4,004041512046426;4,004041512046426;1;446,58497793766804;0;0;0;0;438,6370330515628;0;5,79216844338186;0;5,79216844338186
2023-01-07T06:00:00;80;54,601182840830106;440;4,104191403973776;8,428249117626349;0;0;33,74705934084456;8,428249117626349;1,0000000000000022;33,74705934084456;0;4,004041512046426;4,004041512046426;1;424,28082935383895;0;21,146515581733563;0;0;440;0;3,7084296117555935;0;3,7084296117555935
2023-01-07T07:00:00;87,76457135307562;56,9737619794205;438,6370330515628;3,0813550869206496;4,994953209108513;0;0;20;4,994953209108513;1;20;0;4,004041512046426;4,004041512046426;1;385,00626791677314;0;37,27052668642391;0;0;438,6370330515628;0;2,1909714558747404;0;2,1909714558747404
2023-01-07T08:00:00;95;56,09593077958023;434,6410161513775;4,278335097386385;4,994953209108513;0;0;20;4,994953209108513;1;20;0;4,004041512046426;4,004041512046426;1;346,6650531878352;0;36,3875783970389;0;0;434,6410161513775;0;2,1710115384355086;0;2,1710115384355086
2023-01-07T09:00:00;101,21320343559644;60,34564565405334;428,2842712474619;4,537687532441459;4,994953209108513;0;0;20;4,994953209108513;1;20;0;4,004041512046426;4,004041512046426;1;303,8554555879352;0;40,63618453985215;0;0;428,2842712474619;0;2,1392598950782107;0;2,1392598950782107
2023-01-07T10:00:00;105,98076211353316;61,83462373181362;420;4,999189995052542;4,994953209108513;0;0;20;4,994953209108513;1;20;0;4,004041512046426;4,004041512046426;1;259,48487036386615;0;42,123189694584774;0;0;420;0;2,0978803478255754;0;2,0978803478255754
2023-01-07T11:00:00;108,97777478867204;59,46095482007495;410,3527618041009;6,082992718249461;4,994953209108513;0;0;20;4,994953209108513;1;20;0;4,004041512046426;4,004041512046426;1;217,62219816503566;0;39,74488752620444;0;0;410,3527618041009;0;2,049692844439935;0;2,049692844439935
2023-01-07T12:00:00;110;67,97047843566322;400;7,898843263424761;4,994953209108513;0;0;20;4,994953209108513;1;20;0;4,004041512046426;4,004041512046426;1;166,8144902813117;0;48,24664838071209;0;0;400;0;1,9979812836434052;0;1,9979812836434052
2023-01-07T13:00:00;108,97777478867204;63,23075558502458;389,6472381958992;8,096878565941067;4,994953209108513;0;0;20;4,994953209108513;1;20;0;4,004041512046426;4,004041512046426;1;121,0019362752781;0;43,50607892915519;0;0;389,6472381958992;0;1,946269722846876;0;1,946269722846876
2023-01-07T14:00:00;105,98076211353316;57,243715563233366;380;8,214410505108601;4,994953209108512;0;0;19,999999999999993;4,994953209108512;1;19,999999999999993;0;4,004041512046426;4,004041512046426;1;81,49663980973052;0;37,518536458324036;0;0;380;0;1,8980822194612343;0;1,8980822194612343
2023-01-07T15:00:00;101,21320343559644;61,60398571731556;371,7157287525381;9,40761173423772;4,994953209108513;0;0;20;4,994953209108513;1;20;0;4,004041512046426;4,004041512046426;1;37,41090522243199;0;41,87370567715169;0;0;371,7157287525381;0;1,8567026722085997;0;1,8567026722085997
2023-01-07T16:00:00;95;55,2708913233635;365,3589838486225;10,297753929646316;4,994953209108512;0;0;19,999999999999993;4,994953209108512;1;19,999999999999993;0;4,004041512046426;4,004041512046426;1;0;0;35,53680592531427;0;0;365,3589838486225;0;1,8249510288513018;0;1,8249510288513018
2023-01-07T17:00:00;87,76457135307562;58,12252539824647;361,3629669484373;10,36009432032359;14,582309728648509;0;0;58,38817349502708;14,582309728648509;1;58,38817349502708;0;4,004041512046426;4,004041512046426;1;0;0;0;0;0;361,3629669484373;0;5,269506708505487;0;5,269506708505487
2023-01-07T18:00:00;80;56,78062938961777;360;10,029815184960087;14,247526969455809;0;0;57,04768942970207;14,247526969455809;1;57,04768942970207;0;4,004041512046426;4,004041512046426;1;0;0;0;0;0;360;0;5,129109709004092;0;5,129109709004092
2023-01-07T19:00:00;72,23542864692438;50,12973664631038;361,3629669484373;9,57430909001442;24,97476604554257;0;0;100;24,97476604554257;1;100;0;4,004041512046426;4,004041512046426;1;47,121193223796965;49,60125602504944;0;0;0;361,3629669484373;0;9,024955557060354;0;9,024955557060354
2023-01-07T20:00:00;65,00000000000001;51,92675225848865;365,3589838486225;9,94718786816011;24,97476604554257;0;0;100;24,97476604554257;1;100;0;4,004041512046426;4,004041512046426;1;92,53202385063993;47,805834469647735;0;0;0;365,3589838486225;0;9,124755144256513;0;9,124755144256513
2023-01-07T21:00:00;60;50,825561853873;371,7157287525381;9,318063036270516;24,97476604554257;0;0;100;24,97476604554257;1;100;0;4,004041512046426;4,004041512046426;1;138,98188924558156;48,904335365607054;0;0;0;371,7157287525381;0;9,283513361043001;0;9,283513361043001
2023-01-07T22:00:00;60;51,644120319988986;380;8,947596610013866;24,97476604554257;0;0;100;24,97476604554257;1;100;0;4,004041512046426;4,004041512046426;1;184,6479745543999;48,084193155518825;0;0;0;380;0;9,490411097306175;0;9,490411097306175
2023-01-07T23:00:00;60;53,7935859653079;389,6472381958992;8,094043036148548;24,97476604554257;0;0;100;24,97476604554257;1;100;0;4,004041512046426;4,004041512046426;1;228,2640343971825;45,93107856867164;0;0;0;389,6472381958992;0;9,731348614234381;0;9,731348614234381
2023-01-08T00:00:00;60;50,99342830602247;400;6,975268145173784;24,97476604554257;0;0;100;24,97476604554257;1;100;0;4,004041512046426;4,004041512046426;1;274,53133878577603;48,72645346529814;0;0;0;400;0;9,989906418217029;0;9,989906418217029
2023-01-08T01:00:00;60;49,72347139765763;410,3527618041009;6,560952610775739;24,97476604554257;0;0;100;24,97476604554257;1;100;0;4,004041512046426;4,004041512046426;1;321,9987928679132;49,99463917475343;0;0;0;410,3527618041009;0;10,248464222199676;0;10,248464222199676
2023-01-08T02:00:00;60;51,29537707620138;420;4,938638989218851;24,97476604554257;0;0;100;24,97476604554257;1;100;0;4,004041512046426;4,004041512046426;1;367,96160118883006;48,41579810547753;0;0;0;420;0;10,48940173912788;0;10,48940173912788
2023-01-08T03:00:00;60;53,046059712816046;428,2842712474619;5,0698845295323824;24,97476604554257;0;0;100;24,97476604554257;1;100;0;4,004041512046426;4,004041512046426;1;412,2571977450815;46,665676543547704;0;0;0;428,2842712474619;0;10,696299475391056;0;10,696299475391056
2023-01-08T04:00:00;65;49,53169325055333;434,6410161513775;4,485149892753212;24,930425030419713;0;0;99,82245673476181;24,930425030419713;1;99,82245673476181;0;4,0040415120464266;4,004041512046426;1;459,715972025307;50;0;0;0;434,6410161513775;0;10,835785268307362;0;10,835785268307362
2023-01-08T05:00:00;72,23542864692438;51,41599822539844;438,6370330515628;4,34844815313687;12,913788719217516;0;0;51,70734610954378;12,913788719217516;1;51,70734610954378;0;4,004041512046426;4,004041512046426;1;459,67000042810446;0;0;0;0;438,6370330515628;0;5,664465969252313;0;5,664465969252313
2023-01-08T06:00:00;80;57,79011075721774;440;4,144584321953909;13,606053910091491;0;0;54,47920467114792;13,606053910091491;1,0000000000000078;54,47920467114792;0;4,004041512046426;4,004041512046426;1;455,8312697563843;0;3,603125488093468;0;0;440;0;5,986663720440256;0;5,986663720440256
2023-01-08T07:00:00;87,76457135307562;58,07129708980944;438,6370330515628;5,329872591088242;4,994953209108513;0;0;20;4,994953209108513;1;20;0;4,004041512046426;4,004041512046426;1;415,40837148784806;0;38,35844938448254;0;0;438,6370330515628;0;2,1909714558747404;0;2,1909714558747404
2023-01-08T08:00:00;95;56,685471719382136;434,6410161513775;4,083053796521026;4,994953209108513;0;0;20;4,994953209108513;1;20;0;4,004041512046426;4,004041512046426;1;376,4426683723814;0;36,97795416440201;0;0;434,6410161513775;0;2,1710115384355086;0;2,1710115384355086
2023-01-08T09:00:00;101,21320343559644;61,265916662915096;428,2842712474619;4,613181178939449;4,994953209108513;0;0;20;4,994953209108513;1;20;0;4,004041512046426;4,004041512046426;1;332,66172640725455;0;41,55613281337513;0;0;428,2842712474619;0;2,1392598950782107;0;2,1392598950782107
2023-01-08T10:00:00;105,98076211353316;59,49493557189459;420;5,188429736787618;4,994953209108513;0;0;20;4,994953209108513;1;20;0;4,004041512046426;4,004041512046426;1;290,7519417769614;0;39,78269253476983;0;0;420;0;2,0978803478255754;0;2,0978803478255754
2023-01-08T11:00:00;108,97777478867204;60,249766884108126;410,3527618041009;5,94580430511231;4,994953209108513;0;0;20;4,994953209108513;1;20;0;4,004041512046426;4,004041512046426;1;248,05519703467453;0;40,53428607070377;0;0;410,3527618041009;0;2,049692844439935;0;2,049692844439935
2023-01-08T12:00:00;110;62,77427926901131;400;6,681306436346741;4,994953209108513;0;0;20;4,994953209108513;1;20;0;4,004041512046426;4,004041512046426;1;202,70865026865957;0;43,05565418399593;0;0;400;0;1,9979812836434052;0;1,9979812836434052
2023-01-08T13:00:00;108,97777478867204;55,65706458213892;389,6472381958992;8,370965400861339;4,994953209108513;0;0;20;4,994953209108513;1;20;0;4,004041512046426;4,004041512046426;1;164,8660465562114;0;35,93121620505024;0;0;389,6472381958992;0;1,946269722846876;0;1,946269722846876
2023-01-08T14:00:00;105,98076211353316;55,593342302326576;380;9,210252123994929;4,994953209108513;0;0;20;4,994953209108513;1;20;0;4,004041512046426;4,004041512046426;1;127,09807997840157;0;35,8639059744965;0;0;380;0;1,8980822194612352;0;1,8980822194612352
2023-01-08T15:00:00;101,21320343559644;57,98928631939171;371,7157287525381;8,835947196684904;4,994953209108512;0;0;19,999999999999993;4,994953209108512;1;19,999999999999993;0;4,004041512046426;4,004041512046426;1;86,81015949132386;0;38,26145014512589;0;0;371,7157287525381;0;1,856702672208599;0;1,856702672208599
2023-01-08T16:00:00;95;55,16407286306361;365,3589838486225;9,1818984248012;4,994953209108513;0;0;20;4,994953209108513;1;20;0;4,004041512046426;4,004041512046426;1;49,50173347821937;0;35,43475774729758;0;0;365,3589838486225;0;1,8249510288513022;0;1,8249510288513022
2023-01-08T17:00:00;87,76457135307562;56,88981251468749;361,3629669484373;10,133485257060409;14,274684513947879;0;0;57,15642936521356;14,274684513947879;1;57,15642936521356;0;4,004041512046426;4,004041512046426;1;49,49678330487155;0;0;0;0;361,3629669484373;0;5,158342348213117;0;5,158342348213117
2023-01-08T18:00:00;80;51,82074221874909;360;9,723888477859514;13,009133381557781;0;0;52,08911009550625;13,009133381557781;1;52,08911009550625;0;4,004041512046426;4,004041512046426;1;49,491833626541066;0;0;0;0;360;0;4,683288017360801;0;4,683288017360801
2023-01-08T19:00:00;72,23542864692438;48,832343632274615;361,3629669484373;10,21424338774496;24,74964731100994;0;0;99,098615241792;24,74964731100994;1;99,098615241792;0;4,004041512046426;4,004041512046426;1;96,98688444317841;50;0;0;0;361,3629669484373;0;8,943605983233965;0;8,943605983233965
2023-01-08T20:00:00;65,00000000000001;52,93129753784312;365,3589838486225;9,699537721778968;24,97476604554257;0;0;100;24,97476604554257;1;100;0;4,004041512046426;4,004041512046426;1;141,4374047163557;46,80023048591748;0;0;0;365,3589838486225;0;9,124755144256513;0;9,124755144256513
2023-01-08T21:00:00;60;49,54844739902693;371,7157287525381;8,363448286061026;24,930468592116483;0;0;99,82263115760401;24,930468592116483;1;99,82263115760401;0;4,004041512046426;4,004041512046426;1;188,92326097588406;50;0;0;0;371,7157287525381;0;9,26704730086084;0;9,26704730086084
2023-01-08T22:00:00;60;50,13505640937585;380;9,27375260066503;24,97476604554257;0;0;100;24,97476604554257;1;100;0;4,004041512046426;4,004041512046426;1;236,01928746362887;49,59465138299199;0;0;0;380;0;9,490411097306175;0;9,490411097306175
2023-01-08T23:00:00;60;47,15050362757309;389,6472381958992;8,674395971855324;24,331255755388334;0;0;97,4233580847934;24,331255755388334;1;97,4233580847934;0;4,004041512046426;4,004041512046426;1;283,4956855348825;50;0;0;0;389,6472381958992;0;9,480606606925141;0;9,480606606925141
2023-01-09T00:00:00;60;53,63904318868704;400;6,693605654757807;24,97476604554257;0;0;100;24,97476604554257;1;100;0;4,004041512046426;4,004041512046426;1;327,2429887180417;46,07963447548705;0;0;0;400;0;9,989906418217029;0;9,989906418217029
2023-01-09T01:00:00;60;55,27730647427467;410,3527618041009;6,029692084724445;24,97476604554257;0;0;100;24,97476604554257;1;100;0;4,004041512046426;4,004041512046426;1;369,42687073058806;44,43853295938753;0;0;0;410,3527618041009;0;10,248464222199676;0;10,248464222199676
2023-01-09T02:00:00;60;52,12251605644424;420;5,642932695362452;24,97476604554257;0;0;100;24,97476604554257;1;100;0;4,004041512046426;4,004041512046426;1;414,602014525302;47,591669980828435;0;0;0;420;0;10,48940173912788;0;10,48940173912788
2023-01-09T03:00:00;60;55,93924504586418;428,2842712474619;5,045908051433869;24,97476604554257;0;0;100;24,97476604554257;1;100;0;4,004041512046426;4,004041512046426;1;456,1443235993524;43,7723887110557;0;0;0;428,2842712474619;0;10,696299475391056;0;10,696299475391056
2023-01-09T04:00:00;65;53,49840327520299;434,6410161513775;4,7311959249831;24,97476604554257;0;0;100;24,97476604554257;1;100;0;4,004041512046426;4,004041512046426;1;500;46,21188508737632;0;0;0;434,6410161513775;0;10,855057692177542;0;10,855057692177542
2023-01-09T05:00:00;72,23542864692438;56,61222419737883;438,6370330515628;5,107324790515969;14,21072376815049;0;0;56,90032788389937;14,21072376815049;1;56,90032788389937;0;4,004041512046426;4,004041512046426;1;499,95;0;0;0;0;438,6370330515628;0;6,233349711176856;0;6,233349711176856
2023-01-09T06:00:00;80;58,19488016331181;440;3,911526386252975;14,607265112523246;0;0;58,488095888010584;14,607265112523246;1;58,488095888010584;0;4,004041512046426;4,004041512046426;1;499,900005;0;0;0;0;440;0;6,427196649510228;0;6,427196649510228
2023-01-09T07:00:00;87,76457135307562;68,62442987553085;438,6370330515628;3,703073898863568;4,994953209108513;0;0;20;4,994953209108513;1;20;0;4,004041512046426;4,004041512046426;1;448,3568184367493;0;48,91853673461321;0;0;438,6370330515628;0;2,1909714558747404;0;2,1909714558747404
2023-01-09T08:00:00;95;64,95275971341724;434,6410161513775;3,712264174639421;4,994953209108513;0;0;20;4,994953209108513;1;20;0;4,004041512046426;4,004041512046426;1;400,6837435085155;0;45,24682728407065;0;0;434,6410161513775;0;2,1710115384355086;0;2,1710115384355086
2023-01-09T09:00:00;101,21320343559644;63,15002045459793;428,2842712474619;4,513214636469399;4,994953209108512;0;0;19,999999999999993;4,994953209108512;1;19,999999999999993;0;4,004041512046426;4,004041512046426;1;354,9166604372941;0;43,44066396202703;0;0;428,2842712474619;0;2,13925989507821;0;2,13925989507821
2023-01-09T10:00:00;105,98076211353316;71,84023356378896;420;5,483436513563102;5,526098894360544;0;0;22,126729372693475;5,526098894360544;1;22,126729372693475;0;4,004041512046426;4,004041512046426;1;302,24958982388193;0;50;0;0;420;0;2,3209615356314286;0;2,3209615356314286
2023-01-09T11:00:00;108,97777478867204;64,8174829016096;410,3527618041009;7,120821796451332;4,994953209108513;0;0;20;4,994953209108513;1;20;0;4,004041512046426;4,004041512046426;1;254,7488607718156;0;45,09697888842976;0;0;410,3527618041009;0;2,049692844439935;0;2,049692844439935
2023-01-09T12:00:00;110;70,83545438001903;400;6,741194350481914;5,273814772059705;0;0;21,11657327417072;5,273814772059705;1;21,11657327417072;0;4,0040415120464266;4,004041512046426;1;202,09180693837;0;50;0;0;400;0;2,1095259088238816;0;2,1095259088238816
2023-01-09T13:00:00;108,97777478867204;61,88735190758878;389,6472381958992;7,888351111127012;4,994953209108513;0;0;20;4,994953209108513;1;20;0;4,004041512046426;4,004041512046426;1;157,688895961267;0;42,16356670658871;0;0;389,6472381958992;0;1,946269722846876;0;1,946269722846876
2023-01-09T14:00:00;105,98076211353316;63,52545303185097;380;8,491788551963625;4,994953209108513;0;0;20;4,994953209108513;1;20;0;4,004041512046426;4,004041512046426;1;111,5688237708379;0;43,79908813579133;0;0;380;0;1,8980822194612352;0;1,8980822194612352
2023-01-09T15:00:00;101,21320343559644;67,80085343430866;371,7157287525381;9,715516980283684;4,994953209108513;0;0;20;4,994953209108513;1;20;0;4,004041512046426;4,004041512046426;1;60,95844888928403;0;48,06925709921795;0;0;371,7157287525381;0;1,8567026722085997;0;1,8567026722085997
2023-01-09T16:00:00;95;67,58463302998393;365,3589838486225;10,861542424290128;4,994953209108513;0;0;20;4,994953209108513;1;20;0;4,004041512046426;4,004041512046426;1;10,585892585321318;0;47,8481374361201;0;0;365,3589838486225;0;1,8249510288513022;0;1,8249510288513022
2023-01-09T17:00:00;87,76457135307562;63,14664866949357;361,3629669484373;9,632343092407044;15,837849760544202;0;0;63,41540790277353;15,837849760544202;1;63,41540790277353;0;4,004041512046426;4,004041512046426;1;10,584833996062786;0;0;0;0;361,3629669484373;0;5,72321237955385;0;5,72321237955385
2023-01-09T18:00:00;80;59,65305515283528;360;9,755280278740887;17,97656838796075;0;0;71,97892606953634;17,97656838796075;1;71,97892606953634;0;4,004041512046426;4,004041512046426;1;22,03853089056122;12,057637239892674;0;0;0;360;0;6,47156461966587;0;6,47156461966587
2023-01-09T19:00:00;72,23542864692438;56,58642983317618;361,3629669484373;10,41985791740174;24,97476604554257;0;0;100;24,97476604554257;1;100;0;4,004041512046426;4,004041512046426;1;63,027095718921835;43,14817755942071;0;0;0;361,3629669484373;0;9,024955557060354;0;9,024955557060354
2023-01-09T20:00:00;65,00000000000001;51,30369502408144;365,3589838486225;9,939021956166473;24,97476604554257;0;0;100;24,97476604554257;1;100;0;4,004041512046426;4,004041512046426;1;109,02820696439206;48,42885679478117;0;0;0;365,3589838486225;0;9,124755144256513;0;9,124755144256513
2023-01-09T21:00:00;60;53,200389479013225;371,7157287525381;10,04467400642766;24,97476604554257;0;0;100;24,97476604554257;1;100;0;4,004041512046426;4,004041512046426;1;153,22328744594165;46,532614002364255;0;0;0;371,7157287525381;0;9,283513361043001;0;9,283513361043001
2023-01-09T22:00:00;60;53,84840307260053;380;8,791964092662981;24,97476604554257;0;0;100;24,97476604554257;1;100;0;4,004041512046426;4,004041512046426;1;196,7932479373979;45,8792450738956;0;0;0;380;0;9,490411097306175;0;9,490411097306175
2023-01-09T23:00:00;60;57,64280556554729;389,6472381958992;7,596811089914033;24,97476604554257;0;0;100;24,97476604554257;1;100;0;4,004041512046426;4,004041512046426;1;236,74931524937315;42,07973330186209;0;0;0;389,6472381958992;0;9,731348614234381;0;9,731348614234381
2023-01-10T00:00:00;60;55,85904572392116;400;7,295327415346154;24,97476604554257;0;0;100;24,97476604554257;1;100;0;4,004041512046426;4,004041512046426;1;278,3947344035887;43,86220430077944;0;0;0;400;0;9,989906418217029;0;9,989906418217029
2023-01-10T01:00:00;60;50,592399611593166;410,3527618041009;6,777894654983891;24,97476604554257;0;0;100;24,97476604554257;1;100;0;4,004041512046426;4,004041512046426;1;325,0372013988024;49,12663838805689;0;0;0;410,3527618041009;0;10,248464222199676;0;10,248464222199676
2023-01-10T02:00:00;60;55,81020992348699;420;5,910241090598682;24,97476604554257;0;0;100;24,97476604554257;1;100;0;4,004041512046426;4,004041512046426;1;366,71456059297907;43,905118857175324;0;0;0;420;0;10,48940173912788;0;10,48940173912788
2023-01-10T03:00:00;60;54,03729429895921;428,2842712474619;5,132316671994006;24,97476604554257;0;0;100;24,97476604554257;1;100;0;4,004041512046426;4,004041512046426;1;410,0688625489926;45,67470885481356;0;0;0;428,2842712474619;0;10,696299475391056;0;10,696299475391056
2023-01-10T04:00:00;65;53,3076949992351;434,6410161513775;4,935261133441261;24,97476604554257;0;0;100;24,97476604554257;1;100;0;4,004041512046426;4,004041512046426;1;454,1111481177426;46,403465742110356;0;0;0;434,6410161513775;0;10,855057692177542;0;10,855057692177542
2023-01-10T05:00:00;72,23542864692438;59,08852494250775;438,6370330515628;4,686870316355631;24,97476604554257;0;0;100;24,97476604554257;1;100;0;4,004041512046426;4,004041512046426;1;492,65623223462075;40,62157392809467;0;0;0;438,6370330515628;0;10,954857279373703;0;10,954857279373703
2023-01-10T06:00:00;80;63,092998567487854;440;4,691079495518764;15,829726418158474;0;0;63,38288170264451;15,829726418158474;1;63,38288170264451;0;4,004041512046426;4,004041512046426;1;492,6069666113973;0;0;0;0;440;0;6,965079623989729;0;6,965079623989729
2023-01-10T07:00:00;87,76457135307562;65,62306383952642;438,6370330515628;4,426577464927616;4,994953209108513;0;0;20;4,994953209108513;1;20;0;4,004041512046426;4,004041512046426;1;444,22709778751107;0;45,91407772086386;0;0;438,6370330515628;0;2,1909714558747404;0;2,1909714558747404
2023-01-10T08:00:00;95;62,06273866872077;434,6410161513775;4,318364748488257;4,994953209108513;0;0;20;4,994953209108513;1;20;0;4,004041512046426;4,004041512046426;1;399,59929069939443;0;42,35421515942099;0;0;434,6410161513775;0;2,1710115384355086;0;2,1710115384355086
2023-01-10T09:00:00;101,21320343559644;65,92478451652063;428,2842712474619;4,952036499657019;4,994953209108513;0;0;20;4,994953209108513;1;20;0;4,004041512046426;4,004041512046426;1;350,9134864961302;0;46,2135520604846;0;0;428,2842712474619;0;2,1392598950782107;0;2,1392598950782107
2023-01-10T10:00:00;105,98076211353316;69,94092687899537;420;6,103254483254179;5,051089731520484;0;0;20,224772966079456;5,051089731520484;1;20,224772966079456;0;4,004041512046426;4,004041512046426;1;298,24681620011216;0;50;0;0;420;0;2,1214576872386033;0;2,1214576872386033
2023-01-10T11:00:00;108,97777478867204;73,5281978772557;410,3527618041009;5,81507502919882;5,947309951673092;0;0;23,813275931505885;5,947309951673092;1;23,813275931505885;0;4,004041512046426;4,004041512046426;1;245,5854125711237;0;50;0;0;410,3527618041009;0;2,4404950639740672;0;2,4404950639740672
2023-01-10T12:00:00;110;68,08330304861883;400;7,184336654436451;4,994953209108513;0;0;20;4,994953209108513;1;20;0;4,004041512046426;4,004041512046426;1;194,65293033573911;0;48,36252750942111;0;0;400;0;1,9979812836434052;0;1,9979812836434052
2023-01-10T13:00:00;108,97777478867204;68,92294853245724;389,6472381958992;7,579787729143882;4,994953209108513;0;0;20;4,994953209108513;1;20;0;4,004041512046426;4,004041512046426;1;142,8434835270054;0;49,20048243991515;0;0;389,6472381958992;0;1,946269722846876;0;1,946269722846876
2023-01-10T14:00:00;105,98076211353316;64,3831349232419;380;8,51437241146741;4,994953209108513;0;0;20;4,994953209108513;1;20;0;4,004041512046426;4,004041512046426;1;95,82217446161808;0;44,65667348118288;0;0;380;0;1,8980822194612352;0;1,8980822194612352
2023-01-10T15:00:00;101,21320343559644;62,63660212403576;371,7157287525381;9,760546274863293;4,994953209108513;0;0;20;4,994953209108513;1;20;0;4,004041512046426;4,004041512046426;1;50,64963088763431;0;42,90481328871072;0;0;371,7157287525381;0;1,8567026722085997;0;1,8567026722085997
2023-01-10T16:00:00;95;67,8438403783797;365,3589838486225;9,693625745363269;4,994953209108513;0;0;20;4,994953209108513;1;20;0;4,004041512046426;4,004041512046426;1;0;0;48,11233762831827;0;0;365,3589838486225;0;1,8249510288513022;0;1,8249510288513022
2023-01-10T17:00:00;87,76457135307562;67,0079312858622;361,3629669484373;9,92099575294528;16,801887874193028;0;0;67,27545652901836;16,801887874193028;1;67,27545652901836;0;4,004041512046426;4,004041512046426;1;0;0;0;0;0;361,3629669484373;0;6,071580052553365;0;6,071580052553365
2023-01-10T18:00:00;80;59,783969635259;360;9,32007192951004;23,72069250824925;0;0;94,97863749751866;23,72069250824925;1;94,97863749751866;0;4,0040415120464266;4,004041512046426;1;33,1783449862704;34,924573669758324;0;0;0;360;0;8,53944930296973;0;8,53944930296973
2023-01-10T19:00:00;72,23542864692438;60,16267481628948;361,3629669484373;10,270904261880816;24,97476604554257;0;0;100;24,97476604554257;1;100;0;4,004041512046426;4,004041512046426;1;70,76775816123033;39,57129579943006;0;0;0;361,3629669484373;0;9,024955557060354;0;9,024955557060354
2023-01-10T20:00:00;65,00000000000001;55,90409006261909;365,3589838486225;9,920818301923854;24,97476604554257;0;0;100;24,97476604554257;1;100;0;4,004041512046426;4,004041512046426;1;112,39764612425476;43,82838393562163;0;0;0;365,3589838486225;0;9,124755144256513;0;9,124755144256513
2023-01-10T21:00:00;60;53,38720061348719;371,7157287525381;10,202947705212372;24,97476604554257;0;0;100;24,97476604554257;1;100;0;4,004041512046426;4,004041512046426;1;156,4155618731973;46,34647948795259;0;0;0;371,7157287525381;0;9,283513361043001;0;9,283513361043001
2023-01-10T22:00:00;60;55,90348901377104;380;8,346110882523499;24,97476604554257;0;0;100;24,97476604554257;1;100;0;4,004041512046426;4,004041512046426;1;198,03106077174914;43,822253110251744;0;0;0;380;0;9,490411097306175;0;9,490411097306175
2023-01-10T23:00:00;60;58,84509141616493;389,6472381958992;7,886032299139533;24,97476604554257;0;0;100;24,97476604554257;1;100;0;4,004041512046426;4,004041512046426;1;236,84600734399015;40,87868387191389;0;0;0;389,6472381958992;0;9,731348614234381;0;9,731348614234381
2023-01-11T00:00:00;60;54,91043490222512;400;7,124691841855378;24,97476604554257;0;0;100;24,97476604554257;1;100;0;4,004041512046426;4,004041512046426;1;279,39190411588464;44,81008565539881;0;0;0;400;0;9,989906418217029;0;9,989906418217029
2023-01-11T01:00:00;60;58,91160913953502;410,3527618041009;7,012269504574174;24,97476604554257;0;0;100;24,97476604554257;1;100;0;4,004041512046426;4,004041512046426;1;318,13197419744023;40,80843081259704;0;0;0;410,3527618041009;0;10,248464222199676;0;10,248464222199676
2023-01-11T02:00:00;60;48,45063723977564;420;5,452352233806524;24,659401166775737;0;0;98,73726593397612;24,659401166775737;1;98,73726593397612;0;4,004041512046426;4,004041512046426;1;365,6001610000205;50;0;0;0;420;0;10,35694849004581;0;10,35694849004581
2023-01-11T03:00:00;60;57,05475626093806;428,2842712474619;5,018190419325527;24,97476604554257;0;0;100;24,97476604554257;1;100;0;4,004041512046426;4,004041512046426;1;406,0875220368698;42,656759003104554;0;0;0;428,2842712474619;0;10,696299475391056;0;10,696299475391056
2023-01-11T04:00:00;65;55,21761767059543;434,6410161513775;4,705872043504954;24,97476604554257;0;0;100;24,97476604554257;1;100;0;4,004041512046426;4,004041512046426;1;448,31484759543713;44,49256243239056;0;0;0;434,6410161513775;0;10,855057692177542;0;10,855057692177542
2023-01-11T05:00:00;72,23542864692438;56,5921762945034;438,6370330515628;4,195527082710974;24,97476604554257;0;0;100;24,97476604554257;1;100;0;4,004041512046426;4,004041512046426;1;489,230047090264;43,115822083775186;0;0;0;438,6370330515628;0;10,954857279373703;0;10,954857279373703
2023-01-11T06:00:00;80;60,27528232960651;440;3,776783192724736;15,126984547795402;0;0;60,56907408145762;15,126984547795402;1;60,56907408145762;0;4,004041512046426;4,004041512046426;1;489,181124085555;0;0;0;0;440;0;6,655873201029977;0;6,655873201029977
2023-01-11T07:00:00;87,76457135307562;56,11106301867007;438,6370330515628;4,199267517581949;4,994953209108513;0;0;20;4,994953209108513;1;20;0;4,004041512046426;4,004041512046426;1;450,8132073941649;0;36,40304865003241;0;0;438,6370330515628;0;2,1909714558747404;0;2,1909714558747404
2023-01-11T08:00:00;95;64,23114839256871;434,6410161513775;4,93873966357657;4,994953209108513;0;0;20;4,994953209108513;1;20;0;4,004041512046426;4,004041512046426;1;403,9049968307866;0;44,51997278050692;0;0;434,6410161513775;0;2,1710115384355086;0;2,1710115384355086
2023-01-11T09:00:00;101,21320343559644;68,39492224736364;428,2842712474619;4,365422006734828;4,994953209108513;0;0;20;4,994953209108513;1;20;0;4,004041512046426;4,004041512046426;1;352,6159773118563;0;48,686197568284854;0;0;428,2842712474619;0;2,1392598950782107;0;2,1392598950782107
2023-01-11T10:00:00;105,98076211353316;74,37382995891683;420;5,566484837073438;6,158769998274786;0;0;24,659970736238336;6,158769998274786;1;24,659970736238336;0;4,004041512046426;4,004041512046426;1;299,9491367667567;0;50;0;0;420;0;2,58668339927541;0;2,58668339927541
2023-01-11T11:00:00;108,97777478867204;67,60383701924275;410,3527618041009;5,873482457222851;4,994953209108513;0;0;20;4,994953209108513;1;20;0;4,004041512046426;4,004041512046426;1;249,51002039861882;0;47,88866538173812;0;0;410,3527618041009;0;2,049692844439935;0;2,049692844439935
2023-01-11T12:00:00;110;66,76602558842725;400;7,597523314462421;4,994953209108513;0;0;20;4,994953209108513;1;20;0;4,004041512046426;4,004041512046426;1;199,96561289525482;0;47,04348367625792;0;0;400;0;1,9979812836434052;0;1,9979812836434052
2023-01-11T13:00:00;108,97777478867204;67,66932704521632;389,6472381958992;7,014863682915675;4,994953209108513;0;0;20;4,994953209108513;1;20;0;4,004041512046426;4,004041512046426;1;149,47269422557386;0;47,94927600297186;0;0;389,6472381958992;0;1,946269722846876;0;1,946269722846876
2023-01-11T14:00:00;105,98076211353316;72,19922187955868;380;8,220539076364206;5,612833060644514;0;0;22,474016575007226;5,612833060644514;1;22,474016575007226;0;4,004041512046426;4,004041512046426;1;96,82616800878289;0;50;0;0;380;0;2,132876563044915;0;2,132876563044915
2023-01-11T15:00:00;101,21320343559644;68,2897832798075;371,7157287525381;9,309926281091904;4,994953209108513;0;0;20;4,994953209108513;1;20;0;4,004041512046426;4,004041512046426;1;45,70077923939693;0;48,559920844955826;0;0;371,7157287525381;0;1,8567026722085997;0;1,8567026722085997
2023-01-11T16:00:00;95;63,14583928681537;365,3589838486225;10,380838225970486;4,994953209108513;0;0;20;4,994953209108513;1;20;0;4,004041512046426;4,004041512046426;1;0;0;43,41139870339934;0;0;365,3589838486225;0;1,8249510288513022;0;1,8249510288513022
2023-01-11T17:00:00;87,76457135307562;64,2608361372859;361,3629669484373;9,86490234833071;16,11586717710298;0;0;64,52860117974679;16,11586717710298;1;64,52860117974679;0;4,004041512046426;4,004041512046426;1;0;0;0;0;0;361,3629669484373;0;5,823677578064871;0;5,823677578064871
2023-01-11T18:00:00;80;60,29123264804412;360;9,7224002366534;20,956531030479464;0;0;83,91082019452884;20,956531030479464;1;83,91082019452884;0;4,004041512046426;4,004041512046426;1;22,18365264212158;23,3512133074964;0;0;0;360;0;7,544351170972607;0;7,544351170972607
2023-01-11T19:00:00;72,23542864692438;60,0670407490804;361,3629669484373;10,8383560135875;24,97476604554257;0;0;100;24,97476604554257;1;100;0;4,004041512046426;4,004041512046426;1;59,86732221359117;39,66935572287769;0;0;0;361,3629669484373;0;9,024955557060354;0;9,024955557060354
2023-01-11T20:00:00;65,00000000000001;53,244867265306624;365,3589838486225;8,874069261145195;24,97476604554257;0;0;100;24,97476604554257;1;100;0;4,004041512046426;4,004041512046426;1;104,02031076811535;46,483131880784775;0;0;0;365,3589838486225;0;9,124755144256513;0;9,124755144256513
2023-01-11T21:00:00;60;54,18084463350558;371,7157287525381;8,021917365249601;24,97476604554257;0;0;100;24,97476604554257;1;100;0;4,004041512046426;4,004041512046426;1;147,27624472210786;45,543511563230865;0;0;0;371,7157287525381;0;9,283513361043001;0;9,283513361043001
2023-01-11T22:00:00;60;54,0197296171696;380;8,720007225026666;24,97476604554257;0;0;100;24,97476604554257;1;100;0;4,004041512046426;4,004041512046426;1;190,68374746566718;45,70761091371739;0;0;0;380;0;9,490411097306175;0;9,490411097306175
2023-01-11T23:00:00;60;51,341212629669705;389,6472381958992;7,525430023131258;24,97476604554257;0;0;100;24,97476604554257;1;100;0;4,004041512046426;4,004041512046426;1;236,62664912041586;48,38102108367918;0;0;0;389,6472381958992;0;9,731348614234381;0;9,731348614234381
2023-01-12T00:00:00;60;55,74030069266144;400;6,489383591434644;24,97476604554257;0;0;100;24,97476604554257;1;100;0;4,004041512046426;4,004041512046426;1;278,38161518158614;43,97750392219194;0;0;0;400;0;9,989906418217029;0;9,989906418217029
2023-01-12T01:00:00;60;55,65263818044972;410,3527618041009;6,5777210883421136;24,97476604554257;0;0;100;24,97476604554257;1;100;0;4,004041512046426;4,004041512046426;1;320,21604389341076;44,065544077202944;0;0;0;410,3527618041009;0;10,248464222199676;0;10,248464222199676
2023-01-12T02:00:00;60;55,01278364160615;420;5,621900356885599;24,97476604554257;0;0;100;24,97476604554257;1;100;0;4,004041512046426;4,004041512046426;1;362,65026914732;44,70131248241954;0;0;0;420;0;10,48940173912788;0;10,48940173912788
2023-01-12T03:00:00;60;54,413532166562135;428,2842712474619;4,596640341071993;24,97476604554257;0;0;100;24,97476604554257;1;100;0;4,004041512046426;4,004041512046426;1;405,64537604275637;45,29618097089594;0;0;0;428,2842712474619;0;10,696299475391056;0;10,696299475391056
2023-01-12T04:00:00;65;51,46157314487397;434,6410161513775;3,7617715893112367;24,97476604554257;0;0;100;24,97476604554257;1;100;0;4,004041512046426;4,004041512046426;1;451,43715388738894;48,24457092867034;0;0;0;434,6410161513775;0;10,855057692177542;0;10,855057692177542
2023-01-12T05:00:00;72,23542864692438;56,25874460144368;438,6370330515628;4,538451185272868;24,97476604554257;0;0;100;24,97476604554257;1;100;0;4,004041512046426;4,004041512046426;1;492,6701939605049;43,45071977737336;0;0;0;438,6370330515628;0;10,954857279373703;0;10,954857279373703
2023-01-12T06:00:00;80;58,97185645041969;440;4,32510058897933;14,80087156117243;0;0;59,263304145401804;14,80087156117243;1;59,263304145401804;0;4,004041512046426;4,004041512046426;1;492,62092694110885;0;0;0;0;440;0;6,512383486915869;0;6,512383486915869
2023-01-12T07:00:00;87,76457135307562;59,97371400663295;438,6370330515628;4,052634589243104;4,994953209108513;0;0;20;4,994953209108513;1;20;0;4,004041512046426;4,004041512046426;1;450,18605801287373;0;40,26632649376394;0;0;438,6370330515628;0;2,1909714558747404;0;2,1909714558747404
2023-01-12T08:00:00;95;64,43550000916898;434,6410161513775;5,325242286670517;4,994953209108513;0;0;20;4,994953209108513;1;20;0;4,004041512046426;4,004041512046426;1;403,06454246139515;0;44,72267209839346;0;0;434,6410161513775;0;2,1710115384355086;0;2,1710115384355086
2023-01-12T09:00:00;101,21320343559644;68,56892748310688;428,2842712474619;4,343637273277282;4,994953209108513;0;0;20;4,994953209108513;1;20;0;4,004041512046426;4,004041512046426;1;351,5923455505557;0;48,86029593376361;0;0;428,2842712474619;0;2,1392598950782107;0;2,1392598950782107
2023-01-12T10:00:00;105,98076211353316;75,95229664818434;420;4,73723741453763;6,553873724657058;0;0;26,24198245823719;6,553873724657058;1;26,24198245823719;0;4,004041512046426;4,004041512046426;1;298,9256073686322;0;50;0;0;420;0;2,7526269643559647;0;2,7526269643559647
2023-01-12T11:00:00;108,97777478867204;70,35162091949753;410,3527618041009;5,877588829751816;5,153900544028891;0;0;20,63643172725034;5,153900544028891;1;20,63643172725034;0;4,004041512046426;4,004041512046426;1;246,26413586052692;0;50;0;0;410,3527618041009;0;2,1149173223059137;0;2,1149173223059137
2023-01-12T12:00:00;110;71,03020156289105;400;6,977206991822251;5,322200441450851;0;0;21,310311503001017;5,322200441450851;1;21,310311503001017;0;4,004041512046426;4,004041512046426;1;193,60793049957246;0;50;0;0;400;0;2,1288801765803402;0;2,1288801765803402
2023-01-12T13:00:00;108,97777478867204;69,36401128289191;389,6472381958992;7,898126859968908;4,994953209108513;0;0;20;4,994953209108513;1;20;0;4,004041512046426;4,004041512046426;1;141,33574413750617;0;49,64018429056554;0;0;389,6472381958992;0;1,946269722846876;0;1,946269722846876
2023-01-12T14:00:00;105,98076211353316;61,24223577544795;380;8,379381971071835;4,994953209108513;0;0;20;4,994953209108513;1;20;0;4,004041512046426;4,004041512046426;1;97,62018801833283;0;41,51635141752162;0;0;380;0;1,8980822194612352;0;1,8980822194612352
2023-01-12T15:00:00;101,21320343559644;66,97277804439216;371,7157287525381;9,29734804181679;4,994953209108513;0;0;20;4,994953209108513;1;20;0;4,004041512046426;4,004041512046426;1;47,88098454530637;0;47,24296938151339;0;0;371,7157287525381;0;1,8567026722085997;0;1,8567026722085997
2023-01-12T16:00:00;95;65,21080573479358;365,3589838486225;8,972306499258094;4,994953209108513;0;0;20;4,994953209108513;1;20;0;4,004041512046426;4,004041512046426;1;0;0;45,482386624509246;0;0;365,3589838486225;0;1,8249510288513022;0;1,8249510288513022
2023-01-12T17:00:00;87,76457135307562;70,61545075989083;361,3629669484373;10,619659780903834;17,70211147938409;0;0;70,87998921432747;17,70211147938409;1;70,87998921432747;0;4,004041512046426;4,004041512046426;1;0;0;0;0;0;361,3629669484373;0;6,396887525442225;0;6,396887525442225
2023-01-12T18:00:00;80;59,42291710565664;360;9,958924410803716;22,87017354364635;0;0;91,57312425646589;22,87017354364635;1;91,57312425646589;0;4,004041512046426;4,004041512046426;1;30,288701850032165;31,882844052665437;0;0;0;360;0;8,233262475712685;0;8,233262475712685
2023-01-12T19:00:00;72,23542864692438;58,23840538077964;361,3629669484373;10,456425394661268;24,97476604554257;0;0;100;24,97476604554257;1;100;0;4,004041512046426;4,004041512046426;1;69,70721340074057;41,49635833778254;0;0;0;361,3629669484373;0;9,024955557060354;0;9,024955557060354
2023-01-12T20:00:00;65,00000000000001;54,9132205757369;365,3589838486225;9,769438884542168;24,97476604554257;0;0;100;24,97476604554257;1;100;0;4,004041512046426;4,004041512046426;1;112,2779186411203;44,81860627549452;0;0;0;365,3589838486225;0;9,124755144256513;0;9,124755144256513
2023-01-12T21:00:00;60;52,07830490595117;371,7157287525381;9,349696953136531;24,97476604554257;0;0;100;24,97476604554257;1;100;0;4,004041512046426;4,004041512046426;1;157,5358320203535;47,65172754852349;0;0;0;371,7157287525381;0;9,283513361043001;0;9,283513361043001
2023-01-12T22:00:00;60;57,85705703628756;380;8,784883640116101;24,97476604554257;0;0;100;24,97476604554257;1;100;0;4,004041512046426;4,004041512046426;1;197,2971112363617;41,87056084127394;0;0;0;380;0;9,490411097306175;0;9,490411097306175
2023-01-12T23:00:00;60;56,87983258171693;389,6472381958992;8,00031141531622;24,97476604554257;0;0;100;24,97476604554257;1;100;0;4,004041512046426;4,004041512046426;1;237,97959121234243;42,84443124958354;0;0;0;389,6472381958992;0;9,731348614234381;0;9,731348614234381
2023-01-13T00:00:00;60;56,977579867607616;400;7,321361379933772;24,97476604554257;0;0;100;24,97476604554257;1;100;0;4,004041512046426;4,004041512046426;1;278,5623856328982;42,7437814522916;0;0;0;400;0;9,989906418217029;0;9,989906418217029
2023-01-13T01:00:00;60;52,72653136301315;410,3527618041009;6,888119129758652;24,97476604554257;0;0;100;24,97476604554257;1;100;0;4,004041512046426;4,004041512046426;1;323,17785834828817;46,99297784626657;0;0;0;410,3527618041009;0;10,248464222199676;0;10,248464222199676
2023-01-13T02:00:00;60;58,50698577734025;420;5,598260584850735;24,97476604554257;0;0;100;24,97476604554257;1;100;0;4,004041512046426;4,004041512046426;1;362,2921993847803;41,20700928665999;0;0;0;420;0;10,48940173912788;0;10,48940173912788
2023-01-13T03:00:00;60;51,4953723430193;428,2842712474619;5,233181535234613;24,97476604554257;0;0;100;24,97476604554257;1;100;0;4,004041512046426;4,004041512046426;1;408,06217907248345;48,21706200804383;0;0;0;428,2842712474619;0;10,696299475391056;0;10,696299475391056
2023-01-13T04:00:00;65;56,46714273450068;434,6410161513775;4,357055941503071;24,97476604554257;0;0;100;24,97476604554257;1;100;0;4,004041512046426;4,004041512046426;1;449,100841725243;43,24154617964924;0;0;0;434,6410161513775;0;10,855057692177542;0;10,855057692177542
2023-01-13T05:00:00;72,23542864692438;63,41624479299315;438,6370330515628;4,822281128857531;24,97476604554257;0;0;100;24,97476604554257;1;100;0;4,004041512046426;4,004041512046426;1;483,53564295196156;36,294432958832715;0;0;0;438,6370330515628;0;10,954857279373703;0;10,954857279373703
2023-01-13T06:00:00;80;57,028391024607934;440;3,661803848970365;14,316203800758434;0;0;57,322674313153584;14,316203800758434;1;57,322674313153584;0;4,004041512046426;4,004041512046426;1;483,48728938766635;0;0;0;0;440;0;6,299129672333711;0;6,299129672333711
2023-01-13T07:00:00;87,76457135307562;60,742728624597376;438,6370330515628;5,002692737588203;4,994953209108513;0;0;20;4,994953209108513;1;20;0;4,004041512046426;4,004041512046426;1;440,24812001331264;0;41,031279613144186;0;0;438,6370330515628;0;2,1909714558747404;0;2,1909714558747404
2023-01-13T08:00:00;95;65,34877977780674;434,6410161513775;4,381844813324513;4,994953209108513;0;0;20;4,994953209108513;1;20;0;4,004041512046426;4,004041512046426;1;392,1620058421221;0;45,63998489122977;0;0;434,6410161513775;0;2,1710115384355086;0;2,1710115384355086
2023-01-13T09:00:00;101,21320343559644;65,20462980032897;428,2842712474619;4,163292105381334;4,994953209108513;0;0;20;4,994953209108513;1;20;0;4,004041512046426;4,004041512046426;1;344,2314536135605;0;45,496769226578465;0;0;428,2842712474619;0;2,1392598950782107;0;2,1392598950782107
2023-01-13T10:00:00;105,98076211353316;62,66534982062318;420;5,564052207455394;4,994953209108513;0;0;20;4,994953209108513;1;20;0;4,004041512046426;4,004041512046426;1;298,98492415510833;0;42,951500997436305;0;0;420;0;2,0978803478255754;0;2,0978803478255754
2023-01-13T11:00:00;108,97777478867204;69,93117393540112;410,3527618041009;5,883017035954998;5,04888909786558;0;0;20,21596153757241;5,04888909786558;1;20,21596153757241;0;4,004041512046426;4,004041512046426;1;246,3234467153244;0;50;0;0;410,3527618041009;0;2,0718255853517564;0;2,0718255853517564
2023-01-13T12:00:00;110;65,75078514509558;400;7,420321774494362;4,994953209108513;0;0;20;4,994953209108513;1;20;0;4,004041512046426;4,004041512046426;1;197,84723461327434;0;46,02900076950961;0;0;400;0;1,9979812836434052;0;1,9979812836434052
2023-01-13T13:00:00;108,97777478867204;71,53749071468175;389,6472381958992;7,450145145656367;5,448389777815852;0;0;21,815578844184074;5,448389777815852;1;21,815578844184074;0;4,004041512046426;4,004041512046426;1;145,1958709424446;0;50;0;0;389,6472381958992;0;2,1229500295407155;0;2,1229500295407155
2023-01-13T14:00:00;105,98076211353316;65,10573659144146;380;8,27690828339261;4,994953209108513;0;0;20;4,994953209108513;1;20;0;4,004041512046426;4,004041512046426;1;97,41262471479253;0;45,38029030852995;0;0;380;0;1,8980822194612352;0;1,8980822194612352
2023-01-13T15:00:00;101,21320343559644;72,81684015510032;371,7157287525381;8,176549978086877;5,767128745911029;0;0;23,091822903944006;5,767128745911029;1;23,091822903944006;0;4,004041512046426;4,004041512046426;1;44,77130450495263;0;50;0;0;371,7157287525381;0;2,143732464596029;0;2,143732464596029
2023-01-13T16:00:00;95;62,25861347682317;365,3589838486225;9,371923051728778;4,994953209108513;0;0;20;4,994953209108513;1;20;0;4,004041512046426;4,004041512046426;1;0;0;42,52848600577703;0;0;365,3589838486225;0;1,8249510288513022;0;1,8249510288513022
2023-01-13T17:00:00;87,76457135307562;61,53865024831956;361,3629669484373;8,685837815552727;15,437266473310576;0;0;61,81145579165808;15,437266473310576;1;61,81145579165808;0;4,004041512046426;4,004041512046426;1;0;0;0;0;0;361,3629669484373;0;5,578456414369149;0;5,578456414369149
2023-01-13T18:00:00;80;62,44055165210901;360;9,20804858825714;15,661956689440808;0;0;62,71112474439421;15,661956689440808;1;62,71112474439421;0;4,004041512046426;4,004041512046426;1;0;0;0;0;0;360;0;5,638304408198691;0;5,638304408198691
2023-01-13T19:00:00;72,23542864692438;54,03778772670313;361,3629669484373;10,277984806939354;24,97476604554257;0;0;100;24,97476604554257;1;100;0;4,004041512046426;4,004041512046426;1;43,41140250042921;45,69621315834654;0;0;0;361,3629669484373;0;9,024955557060354;0;9,024955557060354
2023-01-13T20:00:00;65,00000000000001;55,56864983651033;365,3589838486225;9,990976290678732;24,97476604554257;0;0;100;24,97476604554257;1;100;0;4,004041512046426;4,004041512046426;1;85,36297924295488;44,16412408713232;0;0;0;365,3589838486225;0;9,124755144256513;0;9,124755144256513
2023-01-13T21:00:00;60;58,26785688570607;371,7157287525381;9,334049124452124;24,97476604554257;0;0;100;24,97476604554257;1;100;0;4,004041512046426;4,004041512046426;1;124,7434461856165;41,462108674300964;0;0;0;371,7157287525381;0;9,283513361043001;0;9,283513361043001
2023-01-13T22:00:00;60;50,98129191359693;380;8,016511928435394;24,97476604554257;0;0;100;24,97476604554257;1;100;0;4,004041512046426;4,004041512046426;1;171,03686095715022;48,74304117489714;0;0;0;380;0;9,490411097306175;0;9,490411097306175
2023-01-13T23:00:00;60;55,46158464633076;389,6472381958992;7,752601457236573;24,97476604554257;0;0;100;24,97476604554257;1;100;0;4,004041512046426;4,004041512046426;1;213,0682964847085;44,26162022489892;0;0;0;389,6472381958992;0;9,731348614234381;0;9,731348614234381
2023-01-14T00:00:00;60;50,519765588496846;400;6,998198730454716;24,97476604554257;0;0;100;24,97476604554257;1;100;0;4,004041512046426;4,004041512046426;1;259,7871931555821;49,200214211075846;0;0;0;400;0;9,989906418217029;0;9,989906418217029
2023-01-14T01:00:00;60;51,56364574355462;410,3527618041009;5,644360520096166;24,97476604554257;0;0;100;24,97476604554257;1;100;0;4,004041512046426;4,004041512046426;1;305,50423351405186;48,15054639766879;0;0;0;410,3527618041009;0;10,248464222199676;0;10,248464222199676
2023-01-14T02:00:00;60;47,52609857824383;420;6,251699150883575;24,427646359336677;0;0;97,8093100643738;24,427646359336677;1;97,8093100643738;0;4,004041512046426;4,004041512046426;1;352,97368309070043;50;0;0;0;420;0;10,259611470921405;0;10,259611470921405
2023-01-14T03:00:00;60;47,35908677383145;428,2842712474619;5,317360801728193;24,38693311810796;0;0;97,64629255640406;24,38693311810796;1;97,64629255640406;0;4,004041512046426;4,004041512046426;1;400,4383857223914;50;0;0;0;428,2842712474619;0;10,444539878449463;0;10,444539878449463
2023-01-14T04:00:00;65;51,0438831312338;434,6410161513775;4,291441701731852;24,97476604554257;0;0;100;24,97476604554257;1;100;0;4,004041512046426;4,004041512046426;1;446,6296409017582;48,664525282041105;0;0;0;434,6410161513775;0;10,855057692177542;0;10,855057692177542
2023-01-14T05:00:00;72,23542864692438;52,580718623310446;438,6370330515628;4,11566544063006;13,20492344909003;0;0;52,87306165355175;13,20492344909003;1;52,87306165355175;0;4,004041512046426;4,004041512046426;1;446,58497793766804;0;0;0;0;438,6370330515628;0;5,79216844338186;0;5,79216844338186
2023-01-14T06:00:00;80;54,601182840830106;440;4,104191403973776;8,428249117626349;0;0;33,74705934084456;8,428249117626349;1,0000000000000022;33,74705934084456;0;4,004041512046426;4,004041512046426;1;424,28082935383895;0;21,146515581733563;0;0;440;0;3,7084296117555935;0;3,7084296117555935
2023-01-14T07:00:00;87,76457135307562;56,9737619794205;438,6370330515628;3,0813550869206496;4,994953209108513;0;0;20;4,994953209108513;1;20;0;4,004041512046426;4,004041512046426;1;385,00626791677314;0;37,27052668642391;0;0;438,6370330515628;0;2,1909714558747404;0;2,1909714558747404
2023-01-14T08:00:00;95;56,09593077958023;434,6410161513775;4,278335097386385;4,994953209108513;0;0;20;4,994953209108513;1;20;0;4,004041512046426;4,004041512046426;1;346,6650531878352;0;36,3875783970389;0;0;434,6410161513775;0;2,1710115384355086;0;2,1710115384355086
2023-01-14T09:00:00;101,21320343559644;60,34564565405334;428,2842712474619;4,537687532441459;4,994953209108513;0;0;20;4,994953209108513;1;20;0;4,004041512046426;4,004041512046426;1;303,8554555879352;0;40,63618453985215;0;0;428,2842712474619;0;2,1392598950782107;0;2,1392598950782107
2023-01-14T10:00:00;105,98076211353316;61,83462373181362;420;4,999189995052542;4,994953209108513;0;0;20;4,994953209108513;1;20;0;4,004041512046426;4,004041512046426;1;259,48487036386615;0;42,123189694584774;0;0;420;0;2,0978803478255754;0;2,0978803478255754
2023-01-14T11:00:00;108,97777478867204;59,46095482007495;410,3527618041009;6,082992718249461;4,994953209108513;0;0;20;4,994953209108513;1;20;0;4,004041512046426;4,004041512046426;1;217,62219816503566;0;39,74488752620444;0;0;410,3527618041009;0;2,049692844439935;0;2,049692844439935
2023-01-14T12:00:00;110;67,97047843566322;400;7,898843263424761;4,994953209108513;0;0;20;4,994953209108513;1;20;0;4,004041512046426;4,004041512046426;1;166,8144902813117;0;48,24664838071209;0;0;400;0;1,9979812836434052;0;1,9979812836434052
2023-01-14T13:00:00;108,97777478867204;63,23075558502458;389,6472381958992;8,096878565941067;4,994953209108513;0;0;20;4,994953209108513;1;20;0;4,004041512046426;4,004041512046426;1;121,0019362752781;0;43,50607892915519;0;0;389,6472381958992;0;1,946269722846876;0;1,946269722846876
2023-01-14T14:00:00;105,98076211353316;57,243715563233366;380;8,214410505108601;4,994953209108512;0;0;19,999999999999993;4,994953209108512;1;19,999999999999993;0;4,004041512046426;4,004041512046426;1;81,49663980973052;0;37,518536458324036;0;0;380;0;1,8980822194612343;0;1,8980822194612343
2023-01-14T15:00:00;101,21320343559644;61,60398571731556;371,7157287525381;9,40761173423772;4,994953209108513;0;0;20;4,994953209108513;1;20;0;4,004041512046426;4,004041512046426;1;37,41090522243199;0;41,87370567715169;0;0;371,7157287525381;0;1,8567026722085997;0;1,8567026722085997
2023-01-14T16:00:00;95;55,2708913233635;365,3589838486225;10,297753929646316;4,994953209108512;0;0;19,999999999999993;4,994953209108512;1;19,999999999999993;0;4,004041512046426;4,004041512046426;1;0;0;35,53680592531427;0;0;365,3589838486225;0;1,8249510288513018;0;1,8249510288513018
2023-01-14T17:00:00;87,76457135307562;58,12252539824647;361,3629669484373;10,36009432032359;14,582309728648509;0;0;58,38817349502708;14,582309728648509;1;58,38817349502708;0;4,004041512046426;4,004041512046426;1;0;0;0;0;0;361,3629669484373;0;5,269506708505487;0;5,269506708505487
2023-01-14T18:00:00;80;56,78062938961777;360;10,029815184960087;14,247526969455809;0;0;57,04768942970207;14,247526969455809;1;57,04768942970207;0;4,004041512046426;4,004041512046426;1;0;0;0;0;0;360;0;5,129109709004092;0;5,129109709004092
2023-01-14T19:00:00;72,23542864692438;50,12973664631038;361,3629669484373;9,57430909001442;24,97476604554257;0;0;100;24,97476604554257;1;100;0;4,004041512046426;4,004041512046426;1;47,121193223796965;49,60125602504944;0;0;0;361,3629669484373;0;9,024955557060354;0;9,024955557060354
2023-01-14T20:00:00;65,00000000000001;51,92675225848865;365,3589838486225;9,94718786816011;24,97476604554257;0;0;100;24,97476604554257;1;100;0;4,004041512046426;4,004041512046426;1;92,53202385063993;47,805834469647735;0;0;0;365,3589838486225;0;9,124755144256513;0;9,124755144256513
2023-01-14T21:00:00;60;50,825561853873;371,7157287525381;9,318063036270516;24,97476604554257;0;0;100;24,97476604554257;1;100;0;4,004041512046426;4,004041512046426;1;138,98188924558156;48,904335365607054;0;0;0;371,7157287525381;0;9,283513361043001;0;9,283513361043001
2023-01-14T22:00:00;60;51,644120319988986;380;8,947596610013866;24,97476604554257;0;0;100;24,97476604554257;1;100;0;4,004041512046426;4,004041512046426;1;184,6479745543999;48,084193155518825;0;0;0;380;0;9,490411097306175;0;9,490411097306175
2023-01-14T23:00:00;60;53,7935859653079;389,6472381958992;8,094043036148548;24,97476604554257;0;0;100;24,97476604554257;1;100;0;4,004041512046426;4,004041512046426;1;228,2640343971825;45,93107856867164;0;0;0;389,6472381958992;0;9,731348614234381;0;9,731348614234381
2023-01-15T00:00:00;60;50,99342830602247;400;6,975268145173784;24,97476604554257;0;0;100;24,97476604554257;1;100;0;4,004041512046426;4,004041512046426;1;274,53133878577603;48,72645346529814;0;0;0;400;0;9,989906418217029;0;9,989906418217029
2023-01-15T01:00:00;60;49,72347139765763;410,3527618041009;6,560952610775739;24,97476604554257;0;0;100;24,97476604554257;1;100;0;4,004041512046426;4,004041512046426;1;321,9987928679132;49,99463917475343;0;0;0;410,3527618041009;0;10,248464222199676;0;10,248464222199676
2023-01-15T02:00:00;60;51,29537707620138;420;4,938638989218851;24,97476604554257;0;0;100;24,97476604554257;1;100;0;4,004041512046426;4,004041512046426;1;367,96160118883006;48,41579810547753;0;0;0;420;0;10,48940173912788;0;10,48940173912788
2023-01-15T03:00:00;60;53,046059712816046;428,2842712474619;5,0698845295323824;24,97476604554257;0;0;100;24,97476604554257;1;100;0;4,004041512046426;4,004041512046426;1;412,2571977450815;46,665676543547704;0;0;0;428,2842712474619;0;10,696299475391056;0;10,696299475391056
2023-01-15T04:00:00;65;49,53169325055333;434,6410161513775;4,485149892753212;24,930425030419713;0;0;99,82245673476181;24,930425030419713;1;99,82245673476181;0;4,0040415120464266;4,004041512046426;1;459,715972025307;50;0;0;0;434,6410161513775;0;10,835785268307362;0;10,835785268307362
2023-01-15T05:00:00;72,23542864692438;51,41599822539844;438,6370330515628;4,34844815313687;12,913788719217516;0;0;51,70734610954378;12,913788719217516;1;51,70734610954378;0;4,004041512046426;4,004041512046426;1;459,67000042810446;0;0;0;0;438,6370330515628;0;5,664465969252313;0;5,664465969252313
2023-01-15T06:00:00;80;57,79011075721774;440;4,144584321953909;13,606053910091491;0;0;54,47920467114792;13,606053910091491;1,0000000000000078;54,47920467114792;0;4,004041512046426;4,004041512046426;1;455,8312697563843;0;3,603125488093468;0;0;440;0;5,986663720440256;0;5,986663720440256
2023-01-15T07:00:00;87,76457135307562;58,07129708980944;438,6370330515628;5,329872591088242;4,994953209108513;0;0;20;4,994953209108513;1;20;0;4,004041512046426;4,004041512046426;1;415,40837148784806;0;38,35844938448254;0;0;438,6370330515628;0;2,1909714558747404;0;2,1909714558747404
2023-01-15T08:00:00;95;56,685471719382136;434,6410161513775;4,083053796521026;4,994953209108513;0;0;20;4,994953209108513;1;20;0;4,004041512046426;4,004041512046426;1;376,4426683723814;0;36,97795416440201;0;0;434,6410161513775;0;2,1710115384355086;0;2,1710115384355086
2023-01-15T09:00:00;101,21320343559644;61,265916662915096;428,2842712474619;4,613181178939449;4,994953209108513;0;0;20;4,994953209108513;1;20;0;4,004041512046426;4,004041512046426;1;332,66172640725455;0;41,55613281337513;0;0;428,2842712474619;0;2,1392598950782107;0;2,1392598950782107
2023-01-15T10:00:00;105,98076211353316;59,49493557189459;420;5,188429736787618;4,994953209108513;0;0;20;4,994953209108513;1;20;0;4,004041512046426;4,004041512046426;1;290,7519417769614;0;39,78269253476983;0;0;420;0;2,0978803478255754;0;2,0978803478255754
2023-01-15T11:00:00;108,97777478867204;60,249766884108126;410,3527618041009;5,94580430511231;4,994953209108513;0;0;20;4,994953209108513;1;20;0;4,004041512046426;4,004041512046426;1;248,05519703467453;0;40,53428607070377;0;0;410,3527618041009;0;2,049692844439935;0;2,049692844439935
2023-01-15T12:00:00;110;62,77427926901131;400;6,681306436346741;4,994953209108513;0;0;20;4,994953209108513;1;20;0;4,004041512046426;4,004041512046426;1;202,70865026865957;0;43,05565418399593;0;0;400;0;1,9979812836434052;0;1,9979812836434052
2023-01-15T13:00:00;108,97777478867204;55,65706458213892;389,6472381958992;8,370965400861339;4,994953209108513;0;0;20;4,994953209108513;1;20;0;4,004041512046426;4,004041512046426;1;164,8660465562114;0;35,93121620505024;0;0;389,6472381958992;0;1,946269722846876;0;1,946269722846876
2023-01-15T14:00:00;105,98076211353316;55,593342302326576;380;9,210252123994929;4,994953209108513;0;0;20;4,994953209108513;1;20;0;4,004041512046426;4,004041512046426;1;127,09807997840157;0;35,8639059744965;0;0;380;0;1,8980822194612352;0;1,8980822194612352
2023-01-15T15:00:00;101,21320343559644;57,98928631939171;371,7157287525381;8,835947196684904;4,994953209108512;0;0;19,999999999999993;4,994953209108512;1;19,999999999999993;0;4,004041512046426;4,004041512046426;1;86,81015949132386;0;38,26145014512589;0;0;371,7157287525381;0;1,856702672208599;0;1,856702672208599
2023-01-15T16:00:00;95;55,16407286306361;365,3589838486225;9,1818984248012;4,994953209108513;0;0;20;4,994953209108513;1;20;0;4,004041512046426;4,004041512046426;1;49,50173347821937;0;35,43475774729758;0;0;365,3589838486225;0;1,8249510288513022;0;1,8249510288513022
2023-01-15T17:00:00;87,76457135307562;56,88981251468749;361,3629669484373;10,133485257060409;14,274684513947879;0;0;57,15642936521356;14,274684513947879;1;57,15642936521356;0;4,004041512046426;4,004041512046426;1;49,49678330487155;0;0;0;0;361,3629669484373;0;5,158342348213117;0;5,158342348213117
2023-01-15T18:00:00;80;51,82074221874909;360;9,723888477859514;13,009133381557781;0;0;52,08911009550625;13,009133381557781;1;52,08911009550625;0;4,004041512046426;4,004041512046426;1;49,491833626541066;0;0;0;0;360;0;4,683288017360801;0;4,683288017360801
2023-01-15T19:00:00;72,23542864692438;48,832343632274615;361,3629669484373;10,21424338774496;24,74964731100994;0;0;99,098615241792;24,74964731100994;1;99,098615241792;0;4,004041512046426;4,004041512046426;1;96,98688444317841;50;0;0;0;361,3629669484373;0;8,943605983233965;0;8,943605983233965
2023-01-15T20:00:00;65,00000000000001;52,93129753784312;365,3589838486225;9,699537721778968;24,97476604554257;0;0;100;24,97476604554257;1;100;0;4,004041512046426;4,004041512046426;1;141,4374047163557;46,80023048591748;0;0;0;365,3589838486225;0;9,124755144256513;0;9,124755144256513
2023-01-15T21:00:00;60;49,54844739902693;371,7157287525381;8,363448286061026;24,930468592116483;0;0;99,82263115760401;24,930468592116483;1;99,82263115760401;0;4,004041512046426;4,004041512046426;1;188,92326097588406;50;0;0;0;371,7157287525381;0;9,26704730086084;0;9,26704730086084
2023-01-15T22:00:00;60;50,13505640937585;380;9,27375260066503;24,97476604554257;0;0;100;24,97476604554257;1;100;0;4,004041512046426;4,004041512046426;1;236,01928746362887;49,59465138299199;0;0;0;380;0;9,490411097306175;0;9,490411097306175
2023-01-15T23:00:00;60;47,15050362757309;389,6472381958992;8,674395971855324;24,331255755388334;0;0;97,4233580847934;24,331255755388334;1;97,4233580847934;0;4,004041512046426;4,004041512046426;1;283,4956855348825;50;0;0;0;389,6472381958992;0;9,480606606925141;0;9,480606606925141
2023-01-16T00:00:00;60;53,63904318868704;400;6,693605654757807;24,97476604554257;0;0;100;24,97476604554257;1;100;0;4,004041512046426;4,004041512046426;1;327,2429887180417;46,07963447548705;0;0;0;400;0;9,989906418217029;0;9,989906418217029
2023-01-16T01:00:00;60;55,27730647427467;410,3527618041009;6,029692084724445;24,97476604554257;0;0;100;24,97476604554257;1;100;0;4,004041512046426;4,004041512046426;1;369,42687073058806;44,43853295938753;0;0;0;410,3527618041009;0;10,248464222199676;0;10,248464222199676
2023-01-16T02:00:00;60;52,12251605644424;420;5,642932695362452;24,97476604554257;0;0;100;24,97476604554257;1;100;0;4,004041512046426;4,004041512046426;1;414,602014525302;47,591669980828435;0;0;0;420;0;10,48940173912788;0;10,48940173912788
2023-01-16T03:00:00;60;55,93924504586418;428,2842712474619;5,045908051433869;24,97476604554257;0;0;100;24,97476604554257;1;100;0;4,004041512046426;4,004041512046426;1;456,1443235993524;43,7723887110557;0;0;0;428,2842712474619;0;10,696299475391056;0;10,696299475391056
2023-01-16T04:00:00;65;53,49840327520299;434,6410161513775;4,7311959249831;24,97476604554257;0;0;100;24,97476604554257;1;100;0;4,004041512046426;4,004041512046426;1;500;46,21188508737632;0;0;0;434,6410161513775;0;10,855057692177542;0;10,855057692177542
2023-01-16T05:00:00;72,23542864692438;56,61222419737883;438,6370330515628;5,107324790515969;14,21072376815049;0;0;56,90032788389937;14,21072376815049;1;56,90032788389937;0;4,004041512046426;4,004041512046426;1;499,95;0;0;0;0;438,6370330515628;0;6,233349711176856;0;6,233349711176856
2023-01-16T06:00:00;80;58,19488016331181;440;3,911526386252975;14,607265112523246;0;0;58,488095888010584;14,607265112523246;1;58,488095888010584;0;4,004041512046426;4,004041512046426;1;499,900005;0;0;0;0;440;0;6,427196649510228;0;6,427196649510228
2023-01-16T07:00:00;87,76457135307562;68,62442987553085;438,6370330515628;3,703073898863568;4,994953209108513;0;0;20;4,994953209108513;1;20;0;4,004041512046426;4,004041512046426;1;448,3568184367493;0;48,91853673461321;0;0;438,6370330515628;0;2,1909714558747404;0;2,1909714558747404
2023-01-16T08:00:00;95;64,95275971341724;434,6410161513775;3,712264174639421;4,994953209108513;0;0;20;4,994953209108513;1;20;0;4,004041512046426;4,004041512046426;1;400,6837435085155;0;45,24682728407065;0;0;434,6410161513775;0;2,1710115384355086;0;2,1710115384355086
2023-01-16T09:00:00;101,21320343559644;63,15002045459793;428,2842712474619;4,513214636469399;4,994953209108512;0;0;19,999999999999993;4,994953209108512;1;19,999999999999993;0;4,004041512046426;4,004041512046426;1;354,9166604372941;0;43,44066396202703;0;0;428,2842712474619;0;2,13925989507821;0;2,13925989507821
2023-01-16T10:00:00;105,98076211353316;71,84023356378896;420;5,483436513563102;5,526098894360544;0;0;22,126729372693475;5,526098894360544;1;22,126729372693475;0;4,004041512046426;4,004041512046426;1;302,24958982388193;0;50;0;0;420;0;2,3209615356314286;0;2,3209615356314286
2023-01-16T11:00:00;108,97777478867204;64,8174829016096;410,3527618041009;7,120821796451332;4,994953209108513;0;0;20;4,994953209108513;1;20;0;4,004041512046426;4,004041512046426;1;254,7488607718156;0;45,09697888842976;0;0;410,3527618041009;0;2,049692844439935;0;2,049692844439935
2023-01-16T12:00:00;110;70,83545438001903;400;6,741194350481914;5,273814772059705;0;0;21,11657327417072;5,273814772059705;1;21,11657327417072;0;4,0040415120464266;4,004041512046426;1;202,09180693837;0;50;0;0;400;0;2,1095259088238816;0;2,1095259088238816
2023-01-16T13:00:00;108,97777478867204;61,88735190758878;389,6472381958992;7,888351111127012;4,994953209108513;0;0;20;4,994953209108513;1;20;0;4,004041512046426;4,004041512046426;1;157,688895961267;0;42,16356670658871;0;0;389,6472381958992;0;1,946269722846876;0;1,946269722846876
2023-01-16T14:00:00;105,98076211353316;63,52545303185097;380;8,491788551963625;4,994953209108513;0;0;20;4,994953209108513;1;20;0;4,004041512046426;4,004041512046426;1;111,5688237708379;0;43,79908813579133;0;0;380;0;1,8980822194612352;0;1,8980822194612352
2023-01-16T15:00:00;101,21320343559644;67,80085343430866;371,7157287525381;9,715516980283684;4,994953209108513;0;0;20;4,994953209108513;1;20;0;4,004041512046426;4,004041512046426;1;60,95844888928403;0;48,06925709921795;0;0;371,7157287525381;0;1,8567026722085997;0;1,8567026722085997
2023-01-16T16:00:00;95;67,58463302998393;365,3589838486225;10,861542424290128;4,994953209108513;0;0;20;4,994953209108513;1;20;0;4,004041512046426;4,004041512046426;1;10,585892585321318;0;47,8481374361201;0;0;365,3589838486225;0;1,8249510288513022;0;1,8249510288513022
2023-01-16T17:00:00;87,76457135307562;63,14664866949357;361,3629669484373;9,632343092407044;15,837849760544202;0;0;63,41540790277353;15,837849760544202;1;63,41540790277353;0;4,004041512046426;4,004041512046426;1;10,584833996062786;0;0;0;0;361,3629669484373;0;5,72321237955385;0;5,72321237955385
2023-01-16T18:00:00;80;59,65305515283528;360;9,755280278740887;17,97656838796075;0;0;71,97892606953634;17,97656838796075;1;71,97892606953634;0;4,004041512046426;4,004041512046426;1;22,03853089056122;12,057637239892674;0;0;0;360;0;6,47156461966587;0;6,47156461966587
2023-01-16T19:00:00;72,23542864692438;56,58642983317618;361,3629669484373;10,41985791740174;24,97476604554257;0;0;100;24,97476604554257;1;100;0;4,004041512046426;4,004041512046426;1;63,027095718921835;43,14817755942071;0;0;0;361,3629669484373;0;9,024955557060354;0;9,024955557060354
2023-01-16T20:00:00;65,00000000000001;51,30369502408144;365,3589838486225;9,939021956166473;24,97476604554257;0;0;100;24,97476604554257;1;100;0;4,004041512046426;4,004041512046426;1;109,02820696439206;48,42885679478117;0;0;0;365,3589838486225;0;9,124755144256513;0;9,124755144256513
2023-01-16T21:00:00;60;53,200389479013225;371,7157287525381;10,04467400642766;24,97476604554257;0;0;100;24,97476604554257;1;100;0;4,004041512046426;4,004041512046426;1;153,22328744594165;46,532614002364255;0;0;0;371,7157287525381;0;9,283513361043001;0;9,283513361043001
2023-01-16T22:00:00;60;53,84840307260053;380;8,791964092662981;24,97476604554257;0;0;100;24,97476604554257;1;100;0;4,004041512046426;4,004041512046426;1;196,7932479373979;45,8792450738956;0;0;0;380;0;9,490411097306175;0;9,490411097306175
2023-01-16T23:00:00;60;57,64280556554729;389,6472381958992;7,596811089914033;24,97476604554257;0;0;100;24,97476604554257;1;100;0;4,004041512046426;4,004041512046426;1;236,74931524937315;42,07973330186209;0;0;0;389,6472381958992;0;9,731348614234381;0;9,731348614234381
2023-01-17T00:00:00;60;55,85904572392116;400;7,295327415346154;24,97476604554257;0;0;100;24,97476604554257;1;100;0;4,004041512046426;4,004041512046426;1;278,3947344035887;43,86220430077944;0;0;0;400;0;9,989906418217029;0;9,989906418217029
2023-01-17T01:00:00;60;50,592399611593166;410,3527618041009;6,777894654983891;24,97476604554257;0;0;100;24,97476604554257;1;100;0;4,004041512046426;4,004041512046426;1;325,0372013988024;49,12663838805689;0;0;0;410,3527618041009;0;10,248464222199676;0;10,248464222199676
2023-01-17T02:00:00;60;55,81020992348699;420;5,910241090598682;24,97476604554257;0;0;100;24,97476604554257;1;100;0;4,004041512046426;4,004041512046426;1;366,71456059297907;43,905118857175324;0;0;0;420;0;10,48940173912788;0;10,48940173912788
2023-01-17T03:00:00;60;54,03729429895921;428,2842712474619;5,132316671994006;24,97476604554257;0;0;100;24,97476604554257;1;100;0;4,004041512046426;4,004041512046426;1;410,0688625489926;45,67470885481356;0;0;0;428,2842712474619;0;10,696299475391056;0;10,696299475391056
2023-01-17T04:00:00;65;53,3076949992351;434,6410161513775;4,935261133441261;24,97476604554257;0;0;100;24,97476604554257;1;100;0;4,004041512046426;4,004041512046426;1;454,1111481177426;46,403465742110356;0;0;0;434,6410161513775;0;10,855057692177542;0;10,855057692177542
2023-01-17T05:00:00;72,23542864692438;59,08852494250775;438,6370330515628;4,686870316355631;24,97476604554257;0;0;100;24,97476604554257;1;100;0;4,004041512046426;4,004041512046426;1;492,65623223462075;40,62157392809467;0;0;0;438,6370330515628;0;10,954857279373703;0;10,954857279373703
2023-01-17T06:00:00;80;63,092998567487854;440;4,691079495518764;15,829726418158474;0;0;63,38288170264451;15,829726418158474;1;63,38288170264451;0;4,004041512046426;4,004041512046426;1;492,6069666113973;0;0;0;0;440;0;6,965079623989729;0;6,965079623989729
2023-01-17T07:00:00;87,76457135307562;65,62306383952642;438,6370330515628;4,426577464927616;4,994953209108513;0;0;20;4,994953209108513;1;20;0;4,004041512046426;4,004041512046426;1;444,22709778751107;0;45,91407772086386;0;0;438,6370330515628;0;2,1909714558747404;0;2,1909714558747404
2023-01-17T08:00:00;95;62,06273866872077;434,6410161513775;4,318364748488257;4,994953209108513;0;0;20;4,994953209108513;1;20;0;4,004041512046426;4,004041512046426;1;399,59929069939443;0;42,35421515942099;0;0;434,6410161513775;0;2,1710115384355086;0;2,1710115384355086
2023-01-17T09:00:00;101,21320343559644;65,92478451652063;428,2842712474619;4,952036499657019;4,994953209108513;0;0;20;4,994953209108513;1;20;0;4,004041512046426;4,004041512046426;1;350,9134864961302;0;46,2135520604846;0;0;428,2842712474619;0;2,1392598950782107;0;2,1392598950782107
2023-01-17T10:00:00;105,98076211353316;69,94092687899537;420;6,103254483254179;5,051089731520484;0;0;20,224772966079456;5,051089731520484;1;20,224772966079456;0;4,004041512046426;4,004041512046426;1;298,24681620011216;0;50;0;0;420;0;2,1214576872386033;0;2,1214576872386033
2023-01-17T11:00:00;108,97777478867204;73,5281978772557;410,3527618041009;5,81507502919882;5,947309951673092;0;0;23,813275931505885;5,947309951673092;1;23,813275931505885;0;4,004041512046426;4,004041512046426;1;245,5854125711237;0;50;0;0;410,3527618041009;0;2,4404950639740672;0;2,4404950639740672
2023-01-17T12:00:00;110;68,08330304861883;400;7,184336654436451;4,994953209108513;0;0;20;4,994953209108513;1;20;0;4,004041512046426;4,004041512046426;1;194,65293033573911;0;48,36252750942111;0;0;400;0;1,9979812836434052;0;1,9979812836434052
2023-01-17T13:00:00;108,97777478867204;68,92294853245724;389,6472381958992;7,579787729143882;4,994953209108513;0;0;20;4,994953209108513;1;20;0;4,004041512046426;4,004041512046426;1;142,8434835270054;0;49,20048243991515;0;0;389,6472381958992;0;1,946269722846876;0;1,946269722846876
2023-01-17T14:00:00;105,98076211353316;64,3831349232419;380;8,51437241146741;4,994953209108513;0;0;20;4,994953209108513;1;20;0;4,004041512046426;4,004041512046426;1;95,82217446161808;0;44,65667348118288;0;0;380;0;1,8980822194612352;0;1,8980822194612352
2023-01-17T15:00:00;101,21320343559644;62,63660212403576;371,7157287525381;9,760546274863293;4,994953209108513;0;0;20;4,994953209108513;1;20;0;4,004041512046426;4,004041512046426;1;50,64963088763431;0;42,90481328871072;0;0;371,7157287525381;0;1,8567026722085997;0;1,8567026722085997
2023-01-17T16:00:00;95;67,8438403783797;365,3589838486225;9,693625745363269;4,994953209108513;0;0;20;4,994953209108513;1;20;0;4,004041512046426;4,004041512046426;1;0;0;48,11233762831827;0;0;365,3589838486225;0;1,8249510288513022;0;1,8249510288513022
2023-01-17T17:00:00;87,76457135307562;67,0079312858622;361,3629669484373;9,92099575294528;16,801887874193028;0;0;67,27545652901836;16,801887874193028;1;67,27545652901836;0;4,004041512046426;4,004041512046426;1;0;0;0;0;0;361,3629669484373;0;6,071580052553365;0;6,071580052553365
2023-01-17T18:00:00;80;59,783969635259;360;9,32007192951004;23,72069250824925;0;0;94,97863749751866;23,72069250824925;1;94,97863749751866;0;4,0040415120464266;4,004041512046426;1;33,1783449862704;34,924573669758324;0;0;0;360;0;8,53944930296973;0;8,53944930296973
2023-01-17T19:00:00;72,23542864692438;60,16267481628948;361,3629669484373;10,270904261880816;24,97476604554257;0;0;100;24,97476604554257;1;100;0;4,004041512046426;4,004041512046426;1;70,76775816123033;39,57129579943006;0;0;0;361,3629669484373;0;9,024955557060354;0;9,024955557060354
2023-01-17T20:00:00;65,00000000000001;55,90409006261909;365,3589838486225;9,920818301923854;24,97476604554257;0;0;100;24,97476604554257;1;100;0;4,004041512046426;4,004041512046426;1;112,39764612425476;43,82838393562163;0;0;0;365,3589838486225;0;9,124755144256513;0;9,124755144256513
2023-01-17T21:00:00;60;53,38720061348719;371,7157287525381;10,202947705212372;24,97476604554257;0;0;100;24,97476604554257;1;100;0;4,004041512046426;4,004041512046426;1;156,4155618731973;46,34647948795259;0;0;0;371,7157287525381;0;9,283513361043001;0;9,283513361043001
2023-01-17T22:00:00;60;55,90348901377104;380;8,346110882523499;24,97476604554257;0;0;100;24,97476604554257;1;100;0;4,004041512046426;4,004041512046426;1;198,03106077174914;43,822253110251744;0;0;0;380;0;9,490411097306175;0;9,490411097306175
2023-01-17T23:00:00;60;58,84509141616493;389,6472381958992;7,886032299139533;24,97476604554257;0;0;100;24,97476604554257;1;100;0;4,004041512046426;4,004041512046426;1;236,84600734399015;40,87868387191389;0;0;0;389,6472381958992;0;9,731348614234381;0;9,731348614234381
2023-01-18T00:00:00;60;54,91043490222512;400;7,124691841855378;24,97476604554257;0;0;100;24,97476604554257;1;100;0;4,004041512046426;4,004041512046426;1;279,39190411588464;44,81008565539881;0;0;0;400;0;9,989906418217029;0;9,989906418217029
2023-01-18T01:00:00;60;58,91160913953502;410,3527618041009;7,012269504574174;24,97476604554257;0;0;100;24,97476604554257;1;100;0;4,004041512046426;4,004041512046426;1;318,13197419744023;40,80843081259704;0;0;0;410,3527618041009;0;10,248464222199676;0;10,248464222199676
2023-01-18T02:00:00;60;48,45063723977564;420;5,452352233806524;24,659401166775737;0;0;98,73726593397612;24,659401166775737;1;98,73726593397612;0;4,004041512046426;4,004041512046426;1;365,6001610000205;50;0;0;0;420;0;10,35694849004581;0;10,35694849004581
2023-01-18T03:00:00;60;57,05475626093806;428,2842712474619;5,018190419325527;24,97476604554257;0;0;100;24,97476604554257;1;100;0;4,004041512046426;4,004041512046426;1;406,0875220368698;42,656759003104554;0;0;0;428,2842712474619;0;10,696299475391056;0;10,696299475391056
2023-01-18T04:00:00;65;55,21761767059543;434,6410161513775;4,705872043504954;24,97476604554257;0;0;100;24,97476604554257;1;100;0;4,004041512046426;4,004041512046426;1;448,31484759543713;44,49256243239056;0;0;0;434,6410161513775;0;10,855057692177542;0;10,855057692177542
2023-01-18T05:00:00;72,23542864692438;56,5921762945034;438,6370330515628;4,195527082710974;24,97476604554257;0;0;100;24,97476604554257;1;100;0;4,004041512046426;4,004041512046426;1;489,230047090264;43,115822083775186;0;0;0;438,6370330515628;0;10,954857279373703;0;10,954857279373703
2023-01-18T06:00:00;80;60,27528232960651;440;3,776783192724736;15,126984547795402;0;0;60,56907408145762;15,126984547795402;1;60,56907408145762;0;4,004041512046426;4,004041512046426;1;489,181124085555;0;0;0;0;440;0;6,655873201029977;0;6,655873201029977
2023-01-18T07:00:00;87,76457135307562;56,11106301867007;438,6370330515628;4,199267517581949;4,994953209108513;0;0;20;4,994953209108513;1;20;0;4,004041512046426;4,004041512046426;1;450,8132073941649;0;36,40304865003241;0;0;438,6370330515628;0;2,1909714558747404;0;2,1909714558747404
2023-01-18T08:00:00;95;64,23114839256871;434,6410161513775;4,93873966357657;4,994953209108513;0;0;20;4,994953209108513;1;20;0;4,004041512046426;4,004041512046426;1;403,9049968307866;0;44,51997278050692;0;0;434,6410161513775;0;2,1710115384355086;0;2,1710115384355086
2023-01-18T09:00:00;101,21320343559644;68,39492224736364;428,2842712474619;4,365422006734828;4,994953209108513;0;0;20;4,994953209108513;1;20;0;4,004041512046426;4,004041512046426;1;352,6159773118563;0;48,686197568284854;0;0;428,2842712474619;0;2,1392598950782107;0;2,1392598950782107
2023-01-18T10:00:00;105,98076211353316;74,37382995891683;420;5,566484837073438;6,158769998274786;0;0;24,659970736238336;6,158769998274786;1;24,659970736238336;0;4,004041512046426;4,004041512046426;1;299,9491367667567;0;50;0;0;420;0;2,58668339927541;0;2,58668339927541
2023-01-18T11:00:00;108,97777478867204;67,60383701924275;410,3527618041009;5,873482457222851;4,994953209108513;0;0;20;4,994953209108513;1;20;0;4,004041512046426;4,004041512046426;1;249,51002039861882;0;47,88866538173812;0;0;410,3527618041009;0;2,049692844439935;0;2,049692844439935
2023-01-18T12:00:00;110;66,76602558842725;400;7,597523314462421;4,994953209108513;0;0;20;4,994953209108513;1;20;0;4,004041512046426;4,004041512046426;1;199,96561289525482;0;47,04348367625792;0;0;400;0;1,9979812836434052;0;1,9979812836434052
2023-01-18T13:00:00;108,97777478867204;67,66932704521632;389,6472381958992;7,014863682915675;4,994953209108513;0;0;20;4,994953209108513;1;20;0;4,004041512046426;4,004041512046426;1;149,47269422557386;0;47,94927600297186;0;0;389,6472381958992;0;1,946269722846876;0;1,946269722846876
2023-01-18T14:00:00;105,98076211353316;72,19922187955868;380;8,220539076364206;5,612833060644514;0;0;22,474016575007226;5,612833060644514;1;22,474016575007226;0;4,004041512046426;4,004041512046426;1;96,82616800878289;0;50;0;0;380;0;2,132876563044915;0;2,132876563044915
2023-01-18T15:00:00;101,21320343559644;68,2897832798075;371,7157287525381;9,309926281091904;4,994953209108513;0;0;20;4,994953209108513;1;20;0;4,004041512046426;4,004041512046426;1;45,70077923939693;0;48,559920844955826;0;0;371,7157287525381;0;1,8567026722085997;0;1,8567026722085997
2023-01-18T16:00:00;95;63,14583928681537;365,3589838486225;10,380838225970486;4,994953209108513;0;0;20;4,994953209108513;1;20;0;4,004041512046426;4,004041512046426;1;0;0;43,41139870339934;0;0;365,3589838486225;0;1,8249510288513022;0;1,8249510288513022
2023-01-18T17:00:00;87,76457135307562;64,2608361372859;361,3629669484373;9,86490234833071;16,11586717710298;0;0;64,52860117974679;16,11586717710298;1;64,52860117974679;0;4,004041512046426;4,004041512046426;1;0;0;0;0;0;361,3629669484373;0;5,823677578064871;0;5,823677578064871
2023-01-18T18:00:00;80;60,29123264804412;360;9,7224002366534;20,956531030479464;0;0;83,91082019452884;20,956531030479464;1;83,91082019452884;0;4,004041512046426;4,004041512046426;1;22,18365264212158;23,3512133074964;0;0;0;360;0;7,544351170972607;0;7,544351170972607
2023-01-18T19:00:00;72,23542864692438;60,0670407490804;361,3629669484373;10,8383560135875;24,97476604554257;0;0;100;24,97476604554257;1;100;0;4,004041512046426;4,004041512046426;1;59,86732221359117;39,66935572287769;0;0;0;361,3629669484373;0;9,024955557060354;0;9,024955557060354
2023-01-18T20:00:00;65,00000000000001;53,244867265306624;365,3589838486225;8,874069261145195;24,97476604554257;0;0;100;24,97476604554257;1;100;0;4,004041512046426;4,004041512046426;1;104,02031076811535;46,483131880784775;0;0;0;365,3589838486225;0;9,124755144256513;0;9,124755144256513
2023-01-18T21:00:00;60;54,18084463350558;371,7157287525381;8,021917365249601;24,97476604554257;0;0;100;24,97476604554257;1;100;0;4,004041512046426;4,004041512046426;1;147,27624472210786;45,543511563230865;0;0;0;371,7157287525381;0;9,283513361043001;0;9,283513361043001
2023-01-18T22:00:00;60;54,0197296171696;380;8,720007225026666;24,97476604554257;0;0;100;24,97476604554257;1;100;0;4,004041512046426;4,004041512046426;1;190,68374746566718;45,70761091371739;0;0;0;380;0;9,490411097306175;0;9,490411097306175
2023-01-18T23:00:00;60;51,341212629669705;389,6472381958992;7,525430023131258;24,97476604554257;0;0;100;24,97476604554257;1;100;0;4,004041512046426;4,004041512046426;1;236,62664912041586;48,38102108367918;0;0;0;389,6472381958992;0;9,731348614234381;0;9,731348614234381
2023-01-19T00:00:00;60;55,74030069266144;400;6,489383591434644;24,97476604554257;0;0;100;24,97476604554257;1;100;0;4,004041512046426;4,004041512046426;1;278,38161518158614;43,97750392219194;0;0;0;400;0;9,989906418217029;0;9,989906418217029
2023-01-19T01:00:00;60;55,65263818044972;410,3527618041009;6,5777210883421136;24,97476604554257;0;0;100;24,97476604554257;1;100;0;4,004041512046426;4,004041512046426;1;320,21604389341076;44,065544077202944;0;0;0;410,3527618041009;0;10,248464222199676;0;10,248464222199676
2023-01-19T02:00:00;60;55,01278364160615;420;5,621900356885599;24,97476604554257;0;0;100;24,97476604554257;1;100;0;4,004041512046426;4,004041512046426;1;362,65026914732;44,70131248241954;0;0;0;420;0;10,48940173912788;0;10,48940173912788
2023-01-19T03:00:00;60;54,413532166562135;428,2842712474619;4,596640341071993;24,97476604554257;0;0;100;24,97476604554257;1;100;0;4,004041512046426;4,004041512046426;1;405,64537604275637;45,29618097089594;0;0;0;428,2842712474619;0;10,696299475391056;0;10,696299475391056
2023-01-19T04:00:00;65;51,46157314487397;434,6410161513775;3,7617715893112367;24,97476604554257;0;0;100;24,97476604554257;1;100;0;4,004041512046426;4,004041512046426;1;451,43715388738894;48,24457092867034;0;0;0;434,6410161513775;0;10,855057692177542;0;10,855057692177542
2023-01-19T05:00:00;72,23542864692438;56,25874460144368;438,6370330515628;4,538451185272868;24,97476604554257;0;0;100;24,97476604554257;1;100;0;4,004041512046426;4,004041512046426;1;492,6701939605049;43,45071977737336;0;0;0;438,6370330515628;0;10,954857279373703;0;10,954857279373703
2023-01-19T06:00:00;80;58,97185645041969;440;4,32510058897933;14,80087156117243;0;0;59,263304145401804;14,80087156117243;1;59,263304145401804;0;4,004041512046426;4,004041512046426;1;492,62092694110885;0;0;0;0;440;0;6,512383486915869;0;6,512383486915869
2023-01-19T07:00:00;87,76457135307562;59,97371400663295;438,6370330515628;4,052634589243104;4,994953209108513;0;0;20;4,994953209108513;1;20;0;4,004041512046426;4,004041512046426;1;450,18605801287373;0;40,26632649376394;0;0;438,6370330515628;0;2,1909714558747404;0;2,1909714558747404
2023-01-19T08:00:00;95;64,43550000916898;434,6410161513775;5,325242286670517;4,994953209108513;0;0;20;4,994953209108513;1;20;0;4,004041512046426;4,004041512046426;1;403,06454246139515;0;44,72267209839346;0;0;434,6410161513775;0;2,1710115384355086;0;2,1710115384355086
2023-01-19T09:00:00;101,21320343559644;68,56892748310688;428,2842712474619;4,343637273277282;4,994953209108513;0;0;20;4,994953209108513;1;20;0;4,004041512046426;4,004041512046426;1;351,5923455505557;0;48,86029593376361;0;0;428,2842712474619;0;2,1392598950782107;0;2,1392598950782107
2023-01-19T10:00:00;105,98076211353316;75,95229664818434;420;4,73723741453763;6,553873724657058;0;0;26,24198245823719;6,553873724657058;1;26,24198245823719;0;4,004041512046426;4,004041512046426;1;298,9256073686322;0;50;0;0;420;0;2,7526269643559647;0;2,7526269643559647
2023-01-19T11:00:00;108,97777478867204;70,35162091949753;410,3527618041009;5,877588829751816;5,153900544028891;0;0;20,63643172725034;5,153900544028891;1;20,63643172725034;0;4,004041512046426;4,004041512046426;1;246,26413586052692;0;50;0;0;410,3527618041009;0;2,1149173223059137;0;2,1149173223059137
2023-01-19T12:00:00;110;71,03020156289105;400;6,977206991822251;5,322200441450851;0;0;21,310311503001017;5,322200441450851;1;21,310311503001017;0;4,004041512046426;4,004041512046426;1;193,60793049957246;0;50;0;0;400;0;2,1288801765803402;0;2,1288801765803402
2023-01-19T13:00:00;108,97777478867204;69,36401128289191;389,6472381958992;7,898126859968908;4,994953209108513;0;0;20;4,994953209108513;1;20;0;4,004041512046426;4,004041512046426;1;141,33574413750617;0;49,64018429056554;0;0;389,6472381958992;0;1,946269722846876;0;1,946269722846876
2023-01-19T14:00:00;105,98076211353316;61,24223577544795;380;8,379381971071835;4,994953209108513;0;0;20;4,994953209108513;1;20;0;4,004041512046426;4,004041512046426;1;97,62018801833283;0;41,51635141752162;0;0;380;0;1,8980822194612352;0;1,8980822194612352
2023-01-19T15:00:00;101,21320343559644;66,97277804439216;371,7157287525381;9,29734804181679;4,994953209108513;0;0;20;4,994953209108513;1;20;0;4,004041512046426;4,004041512046426;1;47,88098454530637;0;47,24296938151339;0;0;371,7157287525381;0;1,8567026722085997;0;1,8567026722085997
2023-01-19T16:00:00;95;65,21080573479358;365,3589838486225;8,972306499258094;4,994953209108513;0;0;20;4,994953209108513;1;20;0;4,004041512046426;4,004041512046426;1;0;0;45,482386624509246;0;0;365,3589838486225;0;1,8249510288513022;0;1,8249510288513022
2023-01-19T17:00:00;87,76457135307562;70,61545075989083;361,3629669484373;10,619659780903834;17,70211147938409;0;0;70,87998921432747;17,70211147938409;1;70,87998921432747;0;4,004041512046426;4,004041512046426;1;0;0;0;0;0;361,3629669484373;0;6,396887525442225;0;6,396887525442225
2023-01-19T18:00:00;80;59,42291710565664;360;9,958924410803716;22,87017354364635;0;0;91,57312425646589;22,87017354364635;1;91,57312425646589;0;4,004041512046426;4,004041512046426;1;30,288701850032165;31,882844052665437;0;0;0;360;0;8,233262475712685;0;8,233262475712685
2023-01-19T19:00:00;72,23542864692438;58,23840538077964;361,3629669484373;10,456425394661268;24,97476604554257;0;0;100;24,97476604554257;1;100;0;4,004041512046426;4,004041512046426;1;69,70721340074057;41,49635833778254;0;0;0;361,3629669484373;0;9,024955557060354;0;9,024955557060354
2023-01-19T20:00:00;65,00000000000001;54,9132205757369;365,3589838486225;9,769438884542168;24,97476604554257;0;0;100;24,97476604554257;1;100;0;4,004041512046426;4,004041512046426;1;112,2779186411203;44,81860627549452;0;0;0;365,3589838486225;0;9,124755144256513;0;9,124755144256513
2023-01-19T21:00:00;60;52,07830490595117;371,7157287525381;9,349696953136531;24,97476604554257;0;0;100;24,97476604554257;1;100;0;4,004041512046426;4,004041512046426;1;157,5358320203535;47,65172754852349;0;0;0;371,7157287525381;0;9,283513361043001;0;9,283513361043001
2023-01-19T22:00:00;60;57,85705703628756;380;8,784883640116101;24,97476604554257;0;0;100;24,97476604554257;1;100;0;4,004041512046426;4,004041512046426;1;197,2971112363617;41,87056084127394;0;0;0;380;0;9,490411097306175;0;9,490411097306175
2023-01-19T23:00:00;60;56,87983258171693;389,6472381958992;8,00031141531622;24,97476604554257;0;0;100;24,97476604554257;1;100;0;4,004041512046426;4,004041512046426;1;237,97959121234243;42,84443124958354;0;0;0;389,6472381958992;0;9,731348614234381;0;9,731348614234381
2023-01-20T00:00:00;60;56,977579867607616;400;7,321361379933772;24,97476604554257;0;0;100;24,97476604554257;1;100;0;4,004041512046426;4,004041512046426;1;278,5623856328982;42,7437814522916;0;0;0;400;0;9,989906418217029;0;9,989906418217029
2023-01-20T01:00:00;60;52,72653136301315;410,3527618041009;6,888119129758652;24,97476604554257;0;0;100;24,97476604554257;1;100;0;4,004041512046426;4,004041512046426;1;323,17785834828817;46,99297784626657;0;0;0;410,3527618041009;0;10,248464222199676;0;10,248464222199676
2023-01-20T02:00:00;60;58,50698577734025;420;5,598260584850735;24,97476604554257;0;0;100;24,97476604554257;1;100;0;4,004041512046426;4,004041512046426;1;362,2921993847803;41,20700928665999;0;0;0;420;0;10,48940173912788;0;10,48940173912788
2023-01-20T03:00:00;60;51,4953723430193;428,2842712474619;5,233181535234613;24,97476604554257;0;0;100;24,97476604554257;1;100;0;4,004041512046426;4,004041512046426;1;408,06217907248345;48,21706200804383;0;0;0;428,2842712474619;0;10,696299475391056;0;10,696299475391056
2023-01-20T04:00:00;65;56,46714273450068;434,6410161513775;4,357055941503071;24,97476604554257;0;0;100;24,97476604554257;1;100;0;4,004041512046426;4,004041512046426;1;449,100841725243;43,24154617964924;0;0;0;434,6410161513775;0;10,855057692177542;0;10,855057692177542
2023-01-20T05:00:00;72,23542864692438;63,41624479299315;438,6370330515628;4,822281128857531;24,97476604554257;0;0;100;24,97476604554257;1;100;0;4,004041512046426;4,004041512046426;1;483,53564295196156;36,294432958832715;0;0;0;438,6370330515628;0;10,954857279373703;0;10,954857279373703
2023-01-20T06:00:00;80;57,028391024607934;440;3,661803848970365;14,316203800758434;0;0;57,322674313153584;14,316203800758434;1;57,322674313153584;0;4,004041512046426;4,004041512046426;1;483,48728938766635;0;0;0;0;440;0;6,299129672333711;0;6,299129672333711
2023-01-20T07:00:00;87,76457135307562;60,742728624597376;438,6370330515628;5,002692737588203;4,994953209108513;0;0;20;4,994953209108513;1;20;0;4,004041512046426;4,004041512046426;1;440,24812001331264;0;41,031279613144186;0;0;438,6370330515628;0;2,1909714558747404;0;2,1909714558747404
2023-01-20T08:00:00;95;65,34877977780674;434,6410161513775;4,381844813324513;4,994953209108513;0;0;20;4,994953209108513;1;20;0;4,004041512046426;4,004041512046426;1;392,1620058421221;0;45,63998489122977;0;0;434,6410161513775;0;2,1710115384355086;0;2,1710115384355086
2023-01-20T09:00:00;101,21320343559644;65,20462980032897;428,2842712474619;4,163292105381334;4,994953209108513;0;0;20;4,994953209108513;1;20;0;4,004041512046426;4,004041512046426;1;344,2314536135605;0;45,496769226578465;0;0;428,2842712474619;0;2,1392598950782107;0;2,1392598950782107
2023-01-20T10:00:00;105,98076211353316;62,66534982062318;420;5,564052207455394;4,994953209108513;0;0;20;4,994953209108513;1;20;0;4,004041512046426;4,004041512046426;1;298,98492415510833;0;42,951500997436305;0;0;420;0;2,0978803478255754;0;2,0978803478255754
2023-01-20T11:00:00;108,97777478867204;69,93117393540112;410,3527618041009;5,883017035954998;5,04888909786558;0;0;20,21596153757241;5,04888909786558;1;20,21596153757241;0;4,004041512046426;4,004041512046426;1;246,3234467153244;0;50;0;0;410,3527618041009;0;2,0718255853517564;0;2,0718255853517564
2023-01-20T12:00:00;110;65,75078514509558;400;7,420321774494362;4,994953209108513;0;0;20;4,994953209108513;1;20;0;4,004041512046426;4,004041512046426;1;197,84723461327434;0;46,02900076950961;0;0;400;0;1,9979812836434052;0;1,9979812836434052
2023-01-20T13:00:00;108,97777478867204;71,53749071468175;389,6472381958992;7,450145145656367;5,448389777815852;0;0;21,815578844184074;5,448389777815852;1;21,815578844184074;0;4,004041512046426;4,004041512046426;1;145,1958709424446;0;50;0;0;389,6472381958992;0;2,1229500295407155;0;2,1229500295407155
2023-01-20T14:00:00;105,98076211353316;65,10573659144146;380;8,27690828339261;4,994953209108513;0;0;20;4,994953209108513;1;20;0;4,004041512046426;4,004041512046426;1;97,41262471479253;0;45,38029030852995;0;0;380;0;1,8980822194612352;0;1,8980822194612352
2023-01-20T15:00:00;101,21320343559644;72,81684015510032;371,7157287525381;8,176549978086877;5,767128745911029;0;0;23,091822903944006;5,767128745911029;1;23,091822903944006;0;4,004041512046426;4,004041512046426;1;44,77130450495263;0;50;0;0;371,7157287525381;0;2,143732464596029;0;2,143732464596029
2023-01-20T16:00:00;95;62,25861347682317;365,3589838486225;9,371923051728778;4,994953209108513;0;0;20;4,994953209108513;1;20;0;4,004041512046426;4,004041512046426;1;0;0;42,52848600577703;0;0;365,3589838486225;0;1,8249510288513022;0;1,8249510288513022
2023-01-20T17:00:00;87,76457135307562;61,53865024831956;361,3629669484373;8,685837815552727;15,437266473310576;0;0;61,81145579165808;15,437266473310576;1;61,81145579165808;0;4,004041512046426;4,004041512046426;1;0;0;0;0;0;361,3629669484373;0;5,578456414369149;0;5,578456414369149
2023-01-20T18:00:00;80;62,44055165210901;360;9,20804858825714;15,661956689440808;0;0;62,71112474439421;15,661956689440808;1;62,71112474439421;0;4,004041512046426;4,004041512046426;1;0;0;0;0;0;360;0;5,638304408198691;0;5,638304408198691
2023-01-20T19:00:00;72,23542864692438;54,03778772670313;361,3629669484373;10,277984806939354;24,97476604554257;0;0;100;24,97476604554257;1;100;0;4,004041512046426;4,004041512046426;1;43,41140250042921;45,69621315834654;0;0;0;361,3629669484373;0;9,024955557060354;0;9,024955557060354
2023-01-20T20:00:00;65,00000000000001;55,56864983651033;365,3589838486225;9,990976290678732;24,97476604554257;0;0;100;24,97476604554257;1;100;0;4,004041512046426;4,004041512046426;1;85,36297924295488;44,16412408713232;0;0;0;365,3589838486225;0;9,124755144256513;0;9,124755144256513
2023-01-20T21:00:00;60;58,26785688570607;371,7157287525381;9,334049124452124;24,97476604554257;0;0;100;24,97476604554257;1;100;0;4,004041512046426;4,004041512046426;1;124,7434461856165;41,462108674300964;0;0;0;371,7157287525381;0;9,283513361043001;0;9,283513361043001
2023-01-20T22:00:00;60;50,98129191359693;380;8,016511928435394;24,97476604554257;0;0;100;24,97476604554257;1;100;0;4,004041512046426;4,004041512046426;1;171,03686095715022;48,74304117489714;0;0;0;380;0;9,490411097306175;0;9,490411097306175
2023-01-20T23:00:00;60;55,46158464633076;389,6472381958992;7,752601457236573;24,97476604554257;0;0;100;24,97476604554257;1;100;0;4,004041512046426;4,004041512046426;1;213,0682964847085;44,26162022489892;0;0;0;389,6472381958992;0;9,731348614234381;0;9,731348614234381
2023-01-21T00:00:00;60;50,519765588496846;400;6,998198730454716;24,97476604554257;0;0;100;24,97476604554257;1;100;0;4,004041512046426;4,004041512046426;1;259,7871931555821;49,200214211075846;0;0;0;400;0;9,989906418217029;0;9,989906418217029
2023-01-21T01:00:00;60;51,56364574355462;410,3527618041009;5,644360520096166;24,97476604554257;0;0;100;24,97476604554257;1;100;0;4,004041512046426;4,004041512046426;1;305,50423351405186;48,15054639766879;0;0;0;410,3527618041009;0;10,248464222199676;0;10,248464222199676
2023-01-21T02:00:00;60;47,52609857824383;420;6,251699150883575;24,427646359336677;0;0;97,8093100643738;24,427646359336677;1;97,8093100643738;0;4,004041512046426;4,004041512046426;1;352,97368309070043;50;0;0;0;420;0;10,259611470921405;0;10,259611470921405
2023-01-21T03:00:00;60;47,35908677383145;428,2842712474619;5,317360801728193;24,38693311810796;0;0;97,64629255640406;24,38693311810796;1;97,64629255640406;0;4,004041512046426;4,004041512046426;1;400,4383857223914;50;0;0;0;428,2842712474619;0;10,444539878449463;0;10,444539878449463
2023-01-21T04:00:00;65;51,0438831312338;434,6410161513775;4,291441701731852;24,97476604554257;0;0;100;24,97476604554257;1;100;0;4,004041512046426;4,004041512046426;1;446,6296409017582;48,664525282041105;0;0;0;434,6410161513775;0;10,855057692177542;0;10,855057692177542
2023-01-21T05:00:00;72,23542864692438;52,580718623310446;438,6370330515628;4,11566544063006;13,20492344909003;0;0;52,87306165355175;13,20492344909003;1;52,87306165355175;0;4,004041512046426;4,004041512046426;1;446,58497793766804;0;0;0;0;438,6370330515628;0;5,79216844338186;0;5,79216844338186
2023-01-21T06:00:00;80;54,601182840830106;440;4,104191403973776;8,428249117626349;0;0;33,74705934084456;8,428249117626349;1,0000000000000022;33,74705934084456;0;4,004041512046426;4,004041512046426;1;424,28082935383895;0;21,146515581733563;0;0;440;0;3,7084296117555935;0;3,7084296117555935
2023-01-21T07:00:00;87,76457135307562;56,9737619794205;438,6370330515628;3,0813550869206496;4,994953209108513;0;0;20;4,994953209108513;1;20;0;4,004041512046426;4,004041512046426;1;385,00626791677314;0;37,27052668642391;0;0;438,6370330515628;0;2,1909714558747404;0;2,1909714558747404
2023-01-21T08:00:00;95;56,09593077958023;434,6410161513775;4,278335097386385;4,994953209108513;0;0;20;4,994953209108513;1;20;0;4,004041512046426;4,004041512046426;1;346,6650531878352;0;36,3875783970389;0;0;434,6410161513775;0;2,1710115384355086;0;2,1710115384355086
2023-01-21T09:00:00;101,21320343559644;60,34564565405334;428,2842712474619;4,537687532441459;4,994953209108513;0;0;20;4,994953209108513;1;20;0;4,004041512046426;4,004041512046426;1;303,8554555879352;0;40,63618453985215;0;0;428,2842712474619;0;2,1392598950782107;0;2,1392598950782107
2023-01-21T10:00:00;105,98076211353316;61,83462373181362;420;4,999189995052542;4,994953209108513;0;0;20;4,994953209108513;1;20;0;4,004041512046426;4,004041512046426;1;259,48487036386615;0;42,123189694584774;0;0;420;0;2,0978803478255754;0;2,0978803478255754
2023-01-21T11:00:00;108,97777478867204;59,46095482007495;410,3527618041009;6,082992718249461;4,994953209108513;0;0;20;4,994953209108513;1;20;0;4,004041512046426;4,004041512046426;1;217,62219816503566;0;39,74488752620444;0;0;410,3527618041009;0;2,049692844439935;0;2,049692844439935
2023-01-21T12:00:00;110;67,97047843566322;400;7,898843263424761;4,994953209108513;0;0;20;4,994953209108513;1;20;0;4,004041512046426;4,004041512046426;1;166,8144902813117;0;48,24664838071209;0;0;400;0;1,9979812836434052;0;1,9979812836434052
2023-01-21T13:00:00;108,97777478867204;63,23075558502458;389,6472381958992;8,096878565941067;4,994953209108513;0;0;20;4,994953209108513;1;20;0;4,004041512046426;4,004041512046426;1;121,0019362752781;0;43,50607892915519;0;0;389,6472381958992;0;1,946269722846876;0;1,946269722846876
2023-01-21T14:00:00;105,98076211353316;57,243715563233366;380;8,214410505108601;4,994953209108512;0;0;19,999999999999993;4,994953209108512;1;19,999999999999993;0;4,004041512046426;4,004041512046426;1;81,49663980973052;0;37,518536458324036;0;0;380;0;1,8980822194612343;0;1,8980822194612343
2023-01-21T15:00:00;101,21320343559644;61,60398571731556;371,7157287525381;9,40761173423772;4,994953209108513;0;0;20;4,994953209108513;1;20;0;4,004041512046426;4,004041512046426;1;37,41090522243199;0;41,87370567715169;0;0;371,7157287525381;0;1,8567026722085997;0;1,8567026722085997
2023-01-21T16:00:00;95;55,2708913233635;365,3589838486225;10,297753929646316;4,994953209108512;0;0;19,999999999999993;4,994953209108512;1;19,999999999999993;0;4,004041512046426;4,004041512046426;1;0;0;35,53680592531427;0;0;365,3589838486225;0;1,8249510288513018;0;1,8249510288513018
2023-01-21T17:00:00;87,76457135307562;58,12252539824647;361,3629669484373;10,36009432032359;14,582309728648509;0;0;58,38817349502708;14,582309728648509;1;58,38817349502708;0;4,004041512046426;4,004041512046426;1;0;0;0;0;0;361,3629669484373;0;5,269506708505487;0;5,269506708505487
2023-01-21T18:00:00;80;56,78062938961777;360;10,029815184960087;14,247526969455809;0;0;57,04768942970207;14,247526969455809;1;57,04768942970207;0;4,004041512046426;4,004041512046426;1;0;0;0;0;0;360;0;5,129109709004092;0;5,129109709004092
2023-01-21T19:00:00;72,23542864692438;50,12973664631038;361,3629669484373;9,57430909001442;24,97476604554257;0;0;100;24,97476604554257;1;100;0;4,004041512046426;4,004041512046426;1;47,121193223796965;49,60125602504944;0;0;0;361,3629669484373;0;9,024955557060354;0;9,024955557060354
2023-01-21T20:00:00;65,00000000000001;51,92675225848865;365,3589838486225;9,94718786816011;24,97476604554257;0;0;100;24,97476604554257;1;100;0;4,004041512046426;4,004041512046426;1;92,53202385063993;47,805834469647735;0;0;0;365,3589838486225;0;9,124755144256513;0;9,124755144256513
2023-01-21T21:00:00;60;50,825561853873;371,7157287525381;9,318063036270516;24,97476604554257;0;0;100;24,97476604554257;1;100;0;4,004041512046426;4,004041512046426;1;138,98188924558156;48,904335365607054;0;0;0;371,7157287525381;0;9,283513361043001;0;9,283513361043001
2023-01-21T22:00:00;60;51,644120319988986;380;8,947596610013866;24,97476604554257;0;0;100;24,97476604554257;1;100;0;4,004041512046426;4,004041512046426;1;184,6479745543999;48,084193155518825;0;0;0;380;0;9,490411097306175;0;9,490411097306175
2023-01-21T23:00:00;60;53,7935859653079;389,6472381958992;8,094043036148548;24,97476604554257;0;0;100;24,97476604554257;1;100;0;4,004041512046426;4,004041512046426;1;228,2640343971825;45,93107856867164;0;0;0;389,6472381958992;0;9,731348614234381;0;9,731348614234381
2023-01-22T00:00:00;60;50,99342830602247;400;6,975268145173784;24,97476604554257;0;0;100;24,97476604554257;1;100;0;4,004041512046426;4,004041512046426;1;274,53133878577603;48,72645346529814;0;0;0;400;0;9,989906418217029;0;9,989906418217029
2023-01-22T01:00:00;60;49,72347139765763;410,3527618041009;6,560952610775739;24,97476604554257;0;0;100;24,97476604554257;1;100;0;4,004041512046426;4,004041512046426;1;321,9987928679132;49,99463917475343;0;0;0;410,3527618041009;0;10,248464222199676;0;10,248464222199676
2023-01-22T02:00:00;60;51,29537707620138;420;4,938638989218851;24,97476604554257;0;0;100;24,97476604554257;1;100;0;4,004041512046426;4,004041512046426;1;367,96160118883006;48,41579810547753;0;0;0;420;0;10,48940173912788;0;10,48940173912788
2023-01-22T03:00:00;60;53,046059712816046;428,2842712474619;5,0698845295323824;24,97476604554257;0;0;100;24,97476604554257;1;100;0;4,004041512046426;4,004041512046426;1;412,2571977450815;46,665676543547704;0;0;0;428,2842712474619;0;10,696299475391056;0;10,696299475391056
2023-01-22T04:00:00;65;49,53169325055333;434,6410161513775;4,485149892753212;24,930425030419713;0;0;99,82245673476181;24,930425030419713;1;99,82245673476181;0;4,0040415120464266;4,004041512046426;1;459,715972025307;50;0;0;0;434,6410161513775;0;10,835785268307362;0;10,835785268307362
2023-01-22T05:00:00;72,23542864692438;51,41599822539844;438,6370330515628;4,34844815313687;12,913788719217516;0;0;51,70734610954378;12,913788719217516;1;51,70734610954378;0;4,004041512046426;4,004041512046426;1;459,67000042810446;0;0;0;0;438,6370330515628;0;5,664465969252313;0;5,664465969252313
2023-01-22T06:00:00;80;57,79011075721774;440;4,144584321953909;13,606053910091491;0;0;54,47920467114792;13,606053910091491;1,0000000000000078;54,47920467114792;0;4,004041512046426;4,004041512046426;1;455,8312697563843;0;3,603125488093468;0;0;440;0;5,986663720440256;0;5,986663720440256
2023-01-22T07:00:00;87,76457135307562;58,07129708980944;438,6370330515628;5,329872591088242;4,994953209108513;0;0;20;4,994953209108513;1;20;0;4,004041512046426;4,004041512046426;1;415,40837148784806;0;38,35844938448254;0;0;438,6370330515628;0;2,1909714558747404;0;2,1909714558747404
2023-01-22T08:00:00;95;56,685471719382136;434,6410161513775;4,083053796521026;4,994953209108513;0;0;20;4,994953209108513;1;20;0;4,004041512046426;4,004041512046426;1;376,4426683723814;0;36,97795416440201;0;0;434,6410161513775;0;2,1710115384355086;0;2,1710115384355086
2023-01-22T09:00:00;101,21320343559644;61,265916662915096;428,2842712474619;4,613181178939449;4,994953209108513;0;0;20;4,994953209108513;1;20;0;4,004041512046426;4,004041512046426;1;332,66172640725455;0;41,55613281337513;0;0;428,2842712474619;0;2,1392598950782107;0;2,1392598950782107
2023-01-22T10:00:00;105,98076211353316;59,49493557189459;420;5,188429736787618;4,994953209108513;0;0;20;4,994953209108513;1;20;0;4,004041512046426;4,004041512046426;1;290,7519417769614;0;39,78269253476983;0;0;420;0;2,0978803478255754;0;2,0978803478255754
2023-01-22T11:00:00;108,97777478867204;60,249766884108126;410,3527618041009;5,94580430511231;4,994953209108513;0;0;20;4,994953209108513;1;20;0;4,004041512046426;4,004041512046426;1;248,05519703467453;0;40,53428607070377;0;0;410,3527618041009;0;2,049692844439935;0;2,049692844439935
2023-01-22T12:00:00;110;62,77427926901131;400;6,681306436346741;4,994953209108513;0;0;20;4,994953209108513;1;20;0;4,004041512046426;4,004041512046426;1;202,70865026865957;0;43,05565418399593;0;0;400;0;1,9979812836434052;0;1,9979812836434052
2023-01-22T13:00:00;108,97777478867204;55,65706458213892;389,6472381958992;8,370965400861339;4,994953209108513;0;0;20;4,994953209108513;1;20;0;4,004041512046426;4,004041512046426;1;164,8660465562114;0;35,93121620505024;0;0;389,6472381958992;0;1,946269722846876;0;1,946269722846876
2023-01-22T14:00:00;105,98076211353316;55,593342302326576;380;9,210252123994929;4,994953209108513;0;0;20;4,994953209108513;1;20;0;4,004041512046426;4,004041512046426;1;127,09807997840157;0;35,8639059744965;0;0;380;0;1,8980822194612352;0;1,8980822194612352
2023-01-22T15:00:00;101,21320343559644;57,98928631939171;371,7157287525381;8,835947196684904;4,994953209108512;0;0;19,999999999999993;4,994953209108512;1;19,999999999999993;0;4,004041512046426;4,004041512046426;1;86,81015949132386;0;38,26145014512589;0;0;371,7157287525381;0;1,856702672208599;0;1,856702672208599
2023-01-22T16:00:00;95;55,16407286306361;365,3589838486225;9,1818984248012;4,994953209108513;0;0;20;4,994953209108513;1;20;0;4,004041512046426;4,004041512046426;1;49,50173347821937;0;35,43475774729758;0;0;365,3589838486225;0;1,8249510288513022;0;1,8249510288513022
2023-01-22T17:00:00;87,76457135307562;56,88981251468749;361,3629669484373;10,133485257060409;14,274684513947879;0;0;57,15642936521356;14,274684513947879;1;57,15642936521356;0;4,004041512046426;4,004041512046426;1;49,49678330487155;0;0;0;0;361,3629669484373;0;5,158342348213117;0;5,158342348213117
2023-01-22T18:00:00;80;51,82074221874909;360;9,723888477859514;13,009133381557781;0;0;52,08911009550625;13,009133381557781;1;52,08911009550625;0;4,004041512046426;4,004041512046426;1;49,491833626541066;0;0;0;0;360;0;4,683288017360801;0;4,683288017360801
2023-01-22T19:00:00;72,23542864692438;48,832343632274615;361,3629669484373;10,21424338774496;24,74964731100994;0;0;99,098615241792;24,74964731100994;1;99,098615241792;0;4,004041512046426;4,004041512046426;1;96,98688444317841;50;0;0;0;361,3629669484373;0;8,943605983233965;0;8,943605983233965
2023-01-22T20:00:00;65,00000000000001;52,93129753784312;365,3589838486225;9,699537721778968;24,97476604554257;0;0;100;24,97476604554257;1;100;0;4,004041512046426;4,004041512046426;1;141,4374047163557;46,80023048591748;0;0;0;365,3589838486225;0;9,124755144256513;0;9,124755144256513
2023-01-22T21:00:00;60;49,54844739902693;371,7157287525381;8,363448286061026;24,930468592116483;0;0;99,82263115760401;24,930468592116483;1;99,82263115760401;0;4,004041512046426;4,004041512046426;1;188,92326097588406;50;0;0;0;371,7157287525381;0;9,26704730086084;0;9,26704730086084
2023-01-22T22:00:00;60;50,13505640937585;380;9,27375260066503;24,97476604554257;0;0;100;24,97476604554257;1;100;0;4,004041512046426;4,004041512046426;1;236,01928746362887;49,59465138299199;0;0;0;380;0;9,490411097306175;0;9,490411097306175
2023-01-22T23:00:00;60;47,15050362757309;389,6472381958992;8,674395971855324;24,331255755388334;0;0;97,4233580847934;24,331255755388334;1;97,4233580847934;0;4,004041512046426;4,004041512046426;1;283,4956855348825;50;0;0;0;389,6472381958992;0;9,480606606925141;0;9,480606606925141
2023-01-23T00:00:00;60;53,63904318868704;400;6,693605654757807;24,97476604554257;0;0;100;24,97476604554257;1;100;0;4,004041512046426;4,004041512046426;1;327,2429887180417;46,07963447548705;0;0;0;400;0;9,989906418217029;0;9,989906418217029
2023-01-23T01:00:00;60;55,27730647427467;410,3527618041009;6,029692084724445;24,97476604554257;0;0;100;24,97476604554257;1;100;0;4,004041512046426;4,004041512046426;1;369,42687073058806;44,43853295938753;0;0;0;410,3527618041009;0;10,248464222199676;0;10,248464222199676
2023-01-23T02:00:00;60;52,12251605644424;420;5,642932695362452;24,97476604554257;0;0;100;24,97476604554257;1;100;0;4,004041512046426;4,004041512046426;1;414,602014525302;47,591669980828435;0;0;0;420;0;10,48940173912788;0;10,48940173912788
2023-01-23T03:00:00;60;55,93924504586418;428,2842712474619;5,045908051433869;24,97476604554257;0;0;100;24,97476604554257;1;100;0;4,004041512046426;4,004041512046426;1;456,1443235993524;43,7723887110557;0;0;0;428,2842712474619;0;10,696299475391056;0;10,696299475391056
2023-01-23T04:00:00;65;53,49840327520299;434,6410161513775;4,7311959249831;24,97476604554257;0;0;100;24,97476604554257;1;100;0;4,004041512046426;4,004041512046426;1;500;46,21188508737632;0;0;0;434,6410161513775;0;10,855057692177542;0;10,855057692177542
2023-01-23T05:00:00;72,23542864692438;56,61222419737883;438,6370330515628;5,107324790515969;14,21072376815049;0;0;56,90032788389937;14,21072376815049;1;56,90032788389937;0;4,004041512046426;4,004041512046426;1;499,95;0;0;0;0;438,6370330515628;0;6,233349711176856;0;6,233349711176856
2023-01-23T06:00:00;80;58,19488016331181;440;3,911526386252975;14,607265112523246;0;0;58,488095888010584;14,607265112523246;1;58,488095888010584;0;4,004041512046426;4,004041512046426;1;499,900005;0;0;0;0;440;0;6,427196649510228;0;6,427196649510228
2023-01-23T07:00:00;87,76457135307562;68,62442987553085;438,6370330515628;3,703073898863568;4,994953209108513;0;0;20;4,994953209108513;1;20;0;4,004041512046426;4,004041512046426;1;448,3568184367493;0;48,91853673461321;0;0;438,6370330515628;0;2,1909714558747404;0;2,1909714558747404
2023-01-23T08:00:00;95;64,95275971341724;434,6410161513775;3,712264174639421;4,994953209108513;0;0;20;4,994953209108513;1;20;0;4,004041512046426;4,004041512046426;1;400,6837435085155;0;45,24682728407065;0;0;434,6410161513775;0;2,1710115384355086;0;2,1710115384355086
2023-01-23T09:00:00;101,21320343559644;63,15002045459793;428,2842712474619;4,513214636469399;4,994953209108512;0;0;19,999999999999993;4,994953209108512;1;19,999999999999993;0;4,004041512046426;4,004041512046426;1;354,9166604372941;0;43,44066396202703;0;0;428,2842712474619;0;2,13925989507821;0;2,13925989507821
2023-01-23T10:00:00;105,98076211353316;71,84023356378896;420;5,483436513563102;5,526098894360544;0;0;22,126729372693475;5,526098894360544;1;22,126729372693475;0;4,004041512046426;4,004041512046426;1;302,24958982388193;0;50;0;0;420;0;2,3209615356314286;0;2,3209615356314286
2023-01-23T11:00:00;108,97777478867204;64,8174829016096;410,3527618041009;7,120821796451332;4,994953209108513;0;0;20;4,994953209108513;1;20;0;4,004041512046426;4,004041512046426;1;254,7488607718156;0;45,09697888842976;0;0;410,3527618041009;0;2,049692844439935;0;2,049692844439935
2023-01-23T12:00:00;110;70,83545438001903;400;6,741194350481914;5,273814772059705;0;0;21,11657327417072;5,273814772059705;1;21,11657327417072;0;4,0040415120464266;4,004041512046426;1;202,09180693837;0;50;0;0;400;0;2,1095259088238816;0;2,1095259088238816
2023-01-23T13:00:00;108,97777478867204;61,88735190758878;389,6472381958992;7,888351111127012;4,994953209108513;0;0;20;4,994953209108513;1;20;0;4,004041512046426;4,004041512046426;1;157,688895961267;0;42,16356670658871;0;0;389,6472381958992;0;1,946269722846876;0;1,946269722846876
2023-01-23T14:00:00;105,98076211353316;63,52545303185097;380;8,491788551963625;4,994953209108513;0;0;20;4,994953209108513;1;20;0;4,004041512046426;4,004041512046426;1;111,5688237708379;0;43,79908813579133;0;0;380;0;1,8980822194612352;0;1,8980822194612352
2023-01-23T15:00:00;101,21320343559644;67,80085343430866;371,7157287525381;9,715516980283684;4,994953209108513;0;0;20;4,994953209108513;1;20;0;4,004041512046426;4,004041512046426;1;60,95844888928403;0;48,06925709921795;0;0;371,7157287525381;0;1,8567026722085997;0;1,8567026722085997
2023-01-23T16:00:00;95;67,58463302998393;365,3589838486225;10,861542424290128;4,994953209108513;0;0;20;4,994953209108513;1;20;0;4,004041512046426;4,004041512046426;1;10,585892585321318;0;47,8481374361201;0;0;365,3589838486225;0;1,8249510288513022;0;1,8249510288513022
2023-01-23T17:00:00;87,76457135307562;63,14664866949357;361,3629669484373;9,632343092407044;15,837849760544202;0;0;63,41540790277353;15,837849760544202;1;63,41540790277353;0;4,004041512046426;4,004041512046426;1;10,584833996062786;0;0;0;0;361,3629669484373;0;5,72321237955385;0;5,72321237955385
2023-01-23T18:00:00;80;59,65305515283528;360;9,755280278740887;17,97656838796075;0;0;71,97892606953634;17,97656838796075;1;71,97892606953634;0;4,004041512046426;4,004041512046426;1;22,03853089056122;12,057637239892674;0;0;0;360;0;6,47156461966587;0;6,47156461966587
2023-01-23T19:00:00;72,23542864692438;56,58642983317618;361,3629669484373;10,41985791740174;24,97476604554257;0;0;100;24,97476604554257;1;100;0;4,004041512046426;4,004041512046426;1;63,027095718921835;43,14817755942071;0;0;0;361,3629669484373;0;9,024955557060354;0;9,024955557060354
2023-01-23T20:00:00;65,00000000000001;51,30369502408144;365,3589838486225;9,939021956166473;24,97476604554257;0;0;100;24,97476604554257;1;100;0;4,004041512046426;4,004041512046426;1;109,02820696439206;48,42885679478117;0;0;0;365,3589838486225;0;9,124755144256513;0;9,124755144256513
2023-01-23T21:00:00;60;53,200389479013225;371,7157287525381;10,04467400642766;24,97476604554257;0;0;100;24,97476604554257;1;100;0;4,004041512046426;4,004041512046426;1;153,22328744594165;46,532614002364255;0;0;0;371,7157287525381;0;9,283513361043001;0;9,283513361043001
2023-01-23T22:00:00;60;53,84840307260053;380;8,791964092662981;24,97476604554257;0;0;100;24,97476604554257;1;100;0;4,004041512046426;4,004041512046426;1;196,7932479373979;45,8792450738956;0;0;0;380;0;9,490411097306175;0;9,490411097306175
2023-01-23T23:00:00;60;57,64280556554729;389,6472381958992;7,596811089914033;24,97476604554257;0;0;100;24,97476604554257;1;100;0;4,004041512046426;4,004041512046426;1;236,74931524937315;42,07973330186209;0;0;0;389,6472381958992;0;9,731348614234381;0;9,731348614234381
2023-01-24T00:00:00;60;55,85904572392116;400;7,295327415346154;24,97476604554257;0;0;100;24,97476604554257;1;100;0;4,004041512046426;4,004041512046426;1;278,3947344035887;43,86220430077944;0;0;0;400;0;9,989906418217029;0;9,989906418217029
2023-01-24T01:00:00;60;50,592399611593166;410,3527618041009;6,777894654983891;24,97476604554257;0;0;100;24,97476604554257;1;100;0;4,004041512046426;4,004041512046426;1;325,0372013988024;49,12663838805689;0;0;0;410,3527618041009;0;10,248464222199676;0;10,248464222199676
2023-01-24T02:00:00;60;55,81020992348699;420;5,910241090598682;24,97476604554257;0;0;100;24,97476604554257;1;100;0;4,004041512046426;4,004041512046426;1;366,71456059297907;43,905118857175324;0;0;0;420;0;10,48940173912788;0;10,48940173912788
2023-01-24T03:00:00;60;54,03729429895921;428,2842712474619;5,132316671994006;24,97476604554257;0;0;100;24,97476604554257;1;100;0;4,004041512046426;4,004041512046426;1;410,0688625489926;45,67470885481356;0;0;0;428,2842712474619;0;10,696299475391056;0;10,696299475391056
2023-01-24T04:00:00;65;53,3076949992351;434,6410161513775;4,935261133441261;24,97476604554257;0;0;100;24,97476604554257;1;100;0;4,004041512046426;4,004041512046426;1;454,1111481177426;46,403465742110356;0;0;0;434,6410161513775;0;10,855057692177542;0;10,855057692177542
2023-01-24T05:00:00;72,23542864692438;59,08852494250775;438,6370330515628;4,686870316355631;24,97476604554257;0;0;100;24,97476604554257;1;100;0;4,004041512046426;4,004041512046426;1;492,65623223462075;40,62157392809467;0;0;0;438,6370330515628;0;10,954857279373703;0;10,954857279373703
2023-01-24T06:00:00;80;63,092998567487854;440;4,691079495518764;15,829726418158474;0;0;63,38288170264451;15,829726418158474;1;63,38288170264451;0;4,004041512046426;4,004041512046426;1;492,6069666113973;0;0;0;0;440;0;6,965079623989729;0;6,965079623989729
2023-01-24T07:00:00;87,76457135307562;65,62306383952642;438,6370330515628;4,426577464927616;4,994953209108513;0;0;20;4,994953209108513;1;20;0;4,004041512046426;4,004041512046426;1;444,22709778751107;0;45,91407772086386;0;0;438,6370330515628;0;2,1909714558747404;0;2,1909714558747404
2023-01-24T08:00:00;95;62,06273866872077;434,6410161513775;4,318364748488257;4,994953209108513;0;0;20;4,994953209108513;1;20;0;4,004041512046426;4,004041512046426;1;399,59929069939443;0;42,35421515942099;0;0;434,6410161513775;0;2,1710115384355086;0;2,1710115384355086
2023-01-24T09:00:00;101,21320343559644;65,92478451652063;428,2842712474619;4,952036499657019;4,994953209108513;0;0;20;4,994953209108513;1;20;0;4,004041512046426;4,004041512046426;1;350,9134864961302;0;46,2135520604846;0;0;428,2842712474619;0;2,1392598950782107;0;2,1392598950782107
2023-01-24T10:00:00;105,98076211353316;69,94092687899537;420;6,103254483254179;5,051089731520484;0;0;20,224772966079456;5,051089731520484;1;20,224772966079456;0;4,004041512046426;4,004041512046426;1;298,24681620011216;0;50;0;0;420;0;2,1214576872386033;0;2,1214576872386033
2023-01-24T11:00:00;108,97777478867204;73,5281978772557;410,3527618041009;5,81507502919882;5,947309951673092;0;0;23,813275931505885;5,947309951673092;1;23,813275931505885;0;4,004041512046426;4,004041512046426;1;245,5854125711237;0;50;0;0;410,3527618041009;0;2,4404950639740672;0;2,4404950639740672
2023-01-24T12:00:00;110;68,08330304861883;400;7,184336654436451;4,994953209108513;0;0;20;4,994953209108513;1;20;0;4,004041512046426;4,004041512046426;1;194,65293033573911;0;48,36252750942111;0;0;400;0;1,9979812836434052;0;1,9979812836434052
2023-01-24T13:00:00;108,97777478867204;68,92294853245724;389,6472381958992;7,579787729143882;4,994953209108513;0;0;20;4,994953209108513;1;20;0;4,004041512046426;4,004041512046426;1;142,8434835270054;0;49,20048243991515;0;0;389,6472381958992;0;1,946269722846876;0;1,946269722846876
2023-01-24T14:00:00;105,98076211353316;64,3831349232419;380;8,51437241146741;4,994953209108513;0;0;20;4,994953209108513;1;20;0;4,004041512046426;4,004041512046426;1;95,82217446161808;0;44,65667348118288;0;0;380;0;1,8980822194612352;0;1,8980822194612352
2023-01-24T15:00:00;101,21320343559644;62,63660212403576;371,7157287525381;9,760546274863293;4,994953209108513;0;0;20;4,994953209108513;1;20;0;4,004041512046426;4,004041512046426;1;50,64963088763431;0;42,90481328871072;0;0;371,7157287525381;0;1,8567026722085997;0;1,8567026722085997
2023-01-24T16:00:00;95;67,8438403783797;365,3589838486225;9,693625745363269;4,994953209108513;0;0;20;4,994953209108513;1;20;0;4,004041512046426;4,004041512046426;1;0;0;48,11233762831827;0;0;365,3589838486225;0;1,8249510288513022;0;1,8249510288513022
2023-01-24T17:00:00;87,76457135307562;67,0079312858622;361,3629669484373;9,92099575294528;16,801887874193028;0;0;67,27545652901836;16,801887874193028;1;67,27545652901836;0;4,004041512046426;4,004041512046426;1;0;0;0;0;0;361,3629669484373;0;6,071580052553365;0;6,071580052553365
2023-01-24T18:00:00;80;59,783969635259;360;9,32007192951004;23,72069250824925;0;0;94,97863749751866;23,72069250824925;1;94,97863749751866;0;4,0040415120464266;4,004041512046426;1;33,1783449862704;34,924573669758324;0;0;0;360;0;8,53944930296973;0;8,53944930296973
2023-01-24T19:00:00;72,23542864692438;60,16267481628948;361,3629669484373;10,270904261880816;24,97476604554257;0;0;100;24,97476604554257;1;100;0;4,004041512046426;4,004041512046426;1;70,76775816123033;39,57129579943006;0;0;0;361,3629669484373;0;9,024955557060354;0;9,024955557060354
2023-01-24T20:00:00;65,00000000000001;55,90409006261909;365,3589838486225;9,920818301923854;24,97476604554257;0;0;100;24,97476604554257;1;100;0;4,004041512046426;4,004041512046426;1;112,39764612425476;43,82838393562163;0;0;0;365,3589838486225;0;9,124755144256513;0;9,124755144256513
2023-01-24T21:00:00;60;53,38720061348719;371,7157287525381;10,202947705212372;24,97476604554257;0;0;100;24,97476604554257;1;100;0;4,004041512046426;4,004041512046426;1;156,4155618731973;46,34647948795259;0;0;0;371,7157287525381;0;9,283513361043001;0;9,283513361043001
2023-01-24T22:00:00;60;55,90348901377104;380;8,346110882523499;24,97476604554257;0;0;100;24,97476604554257;1;100;0;4,004041512046426;4,004041512046426;1;198,03106077174914;43,822253110251744;0;0;0;380;0;9,490411097306175;0;9,490411097306175
2023-01-24T23:00:00;60;58,84509141616493;389,6472381958992;7,886032299139533;24,97476604554257;0;0;100;24,97476604554257;1;100;0;4,004041512046426;4,004041512046426;1;236,84600734399015;40,87868387191389;0;0;0;389,6472381958992;0;9,731348614234381;0;9,731348614234381
2023-01-25T00:00:00;60;54,91043490222512;400;7,124691841855378;24,97476604554257;0;0;100;24,97476604554257;1;100;0;4,004041512046426;4,004041512046426;1;279,39190411588464;44,81008565539881;0;0;0;400;0;9,989906418217029;0;9,989906418217029
2023-01-25T01:00:00;60;58,91160913953502;410,3527618041009;7,012269504574174;24,97476604554257;0;0;100;24,97476604554257;1;100;0;4,004041512046426;4,004041512046426;1;318,13197419744023;40,80843081259704;0;0;0;410,3527618041009;0;10,248464222199676;0;10,248464222199676
2023-01-25T02:00:00;60;48,45063723977564;420;5,452352233806524;24,659401166775737;0;0;98,73726593397612;24,659401166775737;1;98,73726593397612;0;4,004041512046426;4,004041512046426;1;365,6001610000205;50;0;0;0;420;0;10,35694849004581;0;10,35694849004581
2023-01-25T03:00:00;60;57,05475626093806;428,2842712474619;5,018190419325527;24,97476604554257;0;0;100;24,97476604554257;1;100;0;4,004041512046426;4,004041512046426;1;406,0875220368698;42,656759003104554;0;0;0;428,2842712474619;0;10,696299475391056;0;10,696299475391056
2023-01-25T04:00:00;65;55,21761767059543;434,6410161513775;4,705872043504954;24,97476604554257;0;0;100;24,97476604554257;1;100;0;4,004041512046426;4,004041512046426;1;448,31484759543713;44,49256243239056;0;0;0;434,6410161513775;0;10,855057692177542;0;10,855057692177542
2023-01-25T05:00:00;72,23542864692438;56,5921762945034;438,6370330515628;4,195527082710974;24,97476604554257;0;0;100;24,97476604554257;1;100;0;4,004041512046426;4,004041512046426;1;489,230047090264;43,115822083775186;0;0;0;438,6370330515628;0;10,954857279373703;0;10,954857279373703
2023-01-25T06:00:00;80;60,27528232960651;440;3,776783192724736;15,126984547795402;0;0;60,56907408145762;15,126984547795402;1;60,56907408145762;0;4,004041512046426;4,004041512046426;1;489,181124085555;0;0;0;0;440;0;6,655873201029977;0;6,655873201029977
2023-01-25T07:00:00;87,76457135307562;56,11106301867007;438,6370330515628;4,199267517581949;4,994953209108513;0;0;20;4,994953209108513;1;20;0;4,004041512046426;4,004041512046426;1;450,8132073941649;0;36,40304865003241;0;0;438,6370330515628;0;2,1909714558747404;0;2,1909714558747404
2023-01-25T08:00:00;95;64,23114839256871;434,6410161513775;4,93873966357657;4,994953209108513;0;0;20;4,994953209108513;1;20;0;4,004041512046426;4,004041512046426;1;403,9049968307866;0;44,51997278050692;0;0;434,6410161513775;0;2,1710115384355086;0;2,1710115384355086
2023-01-25T09:00:00;101,21320343559644;68,39492224736364;428,2842712474619;4,365422006734828;4,994953209108513;0;0;20;4,994953209108513;1;20;0;4,004041512046426;4,004041512046426;1;352,6159773118563;0;48,686197568284854;0;0;428,2842712474619;0;2,1392598950782107;0;2,1392598950782107
2023-01-25T10:00:00;105,98076211353316;74,37382995891683;420;5,566484837073438;6,158769998274786;0;0;24,659970736238336;6,158769998274786;1;24,659970736238336;0;4,004041512046426;4,004041512046426;1;299,9491367667567;0;50;0;0;420;0;2,58668339927541;0;2,58668339927541
2023-01-25T11:00:00;108,97777478867204;67,60383701924275;410,3527618041009;5,873482457222851;4,994953209108513;0;0;20;4,994953209108513;1;20;0;4,004041512046426;4,004041512046426;1;249,51002039861882;0;47,88866538173812;0;0;410,3527618041009;0;2,049692844439935;0;2,049692844439935
2023-01-25T12:00:00;110;66,76602558842725;400;7,597523314462421;4,994953209108513;0;0;20;4,994953209108513;1;20;0;4,004041512046426;4,004041512046426;1;199,96561289525482;0;47,04348367625792;0;0;400;0;1,9979812836434052;0;1,9979812836434052
2023-01-25T13:00:00;108,97777478867204;67,66932704521632;389,6472381958992;7,014863682915675;4,994953209108513;0;0;20;4,994953209108513;1;20;0;4,004041512046426;4,004041512046426;1;149,47269422557386;0;47,94927600297186;0;0;389,6472381958992;0;1,946269722846876;0;1,946269722846876
2023-01-25T14:00:00;105,98076211353316;72,19922187955868;380;8,220539076364206;5,612833060644514;0;0;22,474016575007226;5,612833060644514;1;22,474016575007226;0;4,004041512046426;4,004041512046426;1;96,82616800878289;0;50;0;0;380;0;2,132876563044915;0;2,132876563044915
2023-01-25T15:00:00;101,21320343559644;68,2897832798075;371,7157287525381;9,309926281091904;4,994953209108513;0;0;20;4,994953209108513;1;20;0;4,004041512046426;4,004041512046426;1;45,70077923939693;0;48,559920844955826;0;0;371,7157287525381;0;1,8567026722085997;0;1,8567026722085997
2023-01-25T16:00:00;95;63,14583928681537;365,3589838486225;10,380838225970486;4,994953209108513;0;0;20;4,994953209108513;1;20;0;4,004041512046426;4,004041512046426;1;0;0;43,41139870339934;0;0;365,3589838486225;0;1,8249510288513022;0;1,8249510288513022
2023-01-25T17:00:00;87,76457135307562;64,2608361372859;361,3629669484373;9,86490234833071;16,11586717710298;0;0;64,52860117974679;16,11586717710298;1;64,52860117974679;0;4,004041512046426;4,004041512046426;1;0;0;0;0;0;361,3629669484373;0;5,823677578064871;0;5,823677578064871
2023-01-25T18:00:00;80;60,29123264804412;360;9,7224002366534;20,956531030479464;0;0;83,91082019452884;20,956531030479464;1;83,91082019452884;0;4,004041512046426;4,004041512046426;1;22,18365264212158;23,3512133074964;0;0;0;360;0;7,544351170972607;0;7,544351170972607
2023-01-25T19:00:00;72,23542864692438;60,0670407490804;361,3629669484373;10,8383560135875;24,97476604554257;0;0;100;24,97476604554257;1;100;0;4,004041512046426;4,004041512046426;1;59,86732221359117;39,66935572287769;0;0;0;361,3629669484373;0;9,024955557060354;0;9,024955557060354
2023-01-25T20:00:00;65,00000000000001;53,244867265306624;365,3589838486225;8,874069261145195;24,97476604554257;0;0;100;24,97476604554257;1;100;0;4,004041512046426;4,004041512046426;1;104,02031076811535;46,483131880784775;0;0;0;365,3589838486225;0;9,124755144256513;0;9,124755144256513
2023-01-25T21:00:00;60;54,18084463350558;371,7157287525381;8,021917365249601;24,97476604554257;0;0;100;24,97476604554257;1;100;0;4,004041512046426;4,004041512046426;1;147,27624472210786;45,543511563230865;0;0;0;371,7157287525381;0;9,283513361043001;0;9,283513361043001
2023-01-25T22:00:00;60;54,0197296171696;380;8,720007225026666;24,97476604554257;0;0;100;24,97476604554257;1;100;0;4,004041512046426;4,004041512046426;1;190,68374746566718;45,70761091371739;0;0;0;380;0;9,490411097306175;0;9,490411097306175
2023-01-25T23:00:00;60;51,341212629669705;389,6472381958992;7,525430023131258;24,97476604554257;0;0;100;24,97476604554257;1;100;0;4,004041512046426;4,004041512046426;1;236,62664912041586;48,38102108367918;0;0;0;389,6472381958992;0;9,731348614234381;0;9,731348614234381
2023-01-26T00:00:00;60;55,74030069266144;400;6,489383591434644;24,97476604554257;0;0;100;24,97476604554257;1;100;0;4,004041512046426;4,004041512046426;1;278,38161518158614;43,97750392219194;0;0;0;400;0;9,989906418217029;0;9,989906418217029
2023-01-26T01:00:00;60;55,65263818044972;410,3527618041009;6,5777210883421136;24,97476604554257;0;0;100;24,97476604554257;1;100;0;4,004041512046426;4,004041512046426;1;320,21604389341076;44,065544077202944;0;0;0;410,3527618041009;0;10,248464222199676;0;10,248464222199676
2023-01-26T02:00:00;60;55,01278364160615;420;5,621900356885599;24,97476604554257;0;0;100;24,97476604554257;1;100;0;4,004041512046426;4,004041512046426;1;362,65026914732;44,70131248241954;0;0;0;420;0;10,48940173912788;0;10,48940173912788
2023-01-26T03:00:00;60;54,413532166562135;428,2842712474619;4,596640341071993;24,97476604554257;0;0;100;24,97476604554257;1;100;0;4,004041512046426;4,004041512046426;1;405,64537604275637;45,29618097089594;0;0;0;428,2842712474619;0;10,696299475391056;0;10,696299475391056
2023-01-26T04:00:00;65;51,46157314487397;434,6410161513775;3,7617715893112367;24,97476604554257;0;0;100;24,97476604554257;1;100;0;4,004041512046426;4,004041512046426;1;451,43715388738894;48,24457092867034;0;0;0;434,6410161513775;0;10,855057692177542;0;10,855057692177542
2023-01-26T05:00:00;72,23542864692438;56,25874460144368;438,6370330515628;4,538451185272868;24,97476604554257;0;0;100;24,97476604554257;1;100;0;4,004041512046426;4,004041512046426;1;492,6701939605049;43,45071977737336;0;0;0;438,6370330515628;0;10,954857279373703;0;10,954857279373703
2023-01-26T06:00:00;80;58,97185645041969;440;4,32510058897933;14,80087156117243;0;0;59,263304145401804;14,80087156117243;1;59,263304145401804;0;4,004041512046426;4,004041512046426;1;492,62092694110885;0;0;0;0;440;0;6,512383486915869;0;6,512383486915869
2023-01-26T07:00:00;87,76457135307562;59,97371400663295;438,6370330515628;4,052634589243104;4,994953209108513;0;0;20;4,994953209108513;1;20;0;4,004041512046426;4,004041512046426;1;450,18605801287373;0;40,26632649376394;0;0;438,6370330515628;0;2,1909714558747404;0;2,1909714558747404
2023-01-26T08:00:00;95;64,43550000916898;434,6410161513775;5,325242286670517;4,994953209108513;0;0;20;4,994953209108513;1;20;0;4,004041512046426;4,004041512046426;1;403,06454246139515;0;44,72267209839346;0;0;434,6410161513775;0;2,1710115384355086;0;2,1710115384355086
2023-01-26T09:00:00;101,21320343559644;68,56892748310688;428,2842712474619;4,343637273277282;4,994953209108513;0;0;20;4,994953209108513;1;20;0;4,004041512046426;4,004041512046426;1;351,5923455505557;0;48,86029593376361;0;0;428,2842712474619;0;2,1392598950782107;0;2,1392598950782107
2023-01-26T10:00:00;105,98076211353316;75,95229664818434;420;4,73723741453763;6,553873724657058;0;0;26,24198245823719;6,553873724657058;1;26,24198245823719;0;4,004041512046426;4,004041512046426;1;298,9256073686322;0;50;0;0;420;0;2,7526269643559647;0;2,7526269643559647
2023-01-26T11:00:00;108,97777478867204;70,35162091949753;410,3527618041009;5,877588829751816;5,153900544028891;0;0;20,63643172725034;5,153900544028891;1;20,63643172725034;0;4,004041512046426;4,004041512046426;1;246,26413586052692;0;50;0;0;410,3527618041009;0;2,1149173223059137;0;2,1149173223059137
2023-01-26T12:00:00;110;71,03020156289105;400;6,977206991822251;5,322200441450851;0;0;21,310311503001017;5,322200441450851;1;21,310311503001017;0;4,004041512046426;4,004041512046426;1;193,60793049957246;0;50;0;0;400;0;2,1288801765803402;0;2,1288801765803402
2023-01-26T13:00:00;108,97777478867204;69,36401128289191;389,6472381958992;7,898126859968908;4,994953209108513;0;0;20;4,994953209108513;1;20;0;4,004041512046426;4,004041512046426;1;141,33574413750617;0;49,64018429056554;0;0;389,6472381958992;0;1,946269722846876;0;1,946269722846876
2023-01-26T14:00:00;105,98076211353316;61,24223577544795;380;8,379381971071835;4,994953209108513;0;0;20;4,994953209108513;1;20;0;4,004041512046426;4,004041512046426;1;97,62018801833283;0;41,51635141752162;0;0;380;0;1,8980822194612352;0;1,8980822194612352
2023-01-26T15:00:00;101,21320343559644;66,97277804439216;371,7157287525381;9,29734804181679;4,994953209108513;0;0;20;4,994953209108513;1;20;0;4,004041512046426;4,004041512046426;1;47,88098454530637;0;47,24296938151339;0;0;371,7157287525381;0;1,8567026722085997;0;1,8567026722085997
2023-01-26T16:00:00;95;65,21080573479358;365,3589838486225;8,972306499258094;4,994953209108513;0;0;20;4,994953209108513;1;20;0;4,004041512046426;4,004041512046426;1;0;0;45,482386624509246;0;0;365,3589838486225;0;1,8249510288513022;0;1,8249510288513022
2023-01-26T17:00:00;87,76457135307562;70,61545075989083;361,3629669484373;10,619659780903834;17,70211147938409;0;0;70,87998921432747;17,70211147938409;1;70,87998921432747;0;4,004041512046426;4,004041512046426;1;0;0;0;0;0;361,3629669484373;0;6,396887525442225;0;6,396887525442225
2023-01-26T18:00:00;80;59,42291710565664;360;9,958924410803716;22,87017354364635;0;0;91,57312425646589;22,87017354364635;1;91,57312425646589;0;4,004041512046426;4,004041512046426;1;30,288701850032165;31,882844052665437;0;0;0;360;0;8,233262475712685;0;8,233262475712685
2023-01-26T19:00:00;72,23542864692438;58,23840538077964;361,3629669484373;10,456425394661268;24,97476604554257;0;0;100;24,97476604554257;1;100;0;4,004041512046426;4,004041512046426;1;69,70721340074057;41,49635833778254;0;0;0;361,3629669484373;0;9,024955557060354;0;9,024955557060354
2023-01-26T20:00:00;65,00000000000001;54,9132205757369;365,3589838486225;9,769438884542168;24,97476604554257;0;0;100;24,97476604554257;1;100;0;4,004041512046426;4,004041512046426;1;112,2779186411203;44,81860627549452;0;0;0;365,3589838486225;0;9,124755144256513;0;9,124755144256513
2023-01-26T21:00:00;60;52,07830490595117;371,7157287525381;9,349696953136531;24,97476604554257;0;0;100;24,97476604554257;1;100;0;4,004041512046426;4,004041512046426;1;157,5358320203535;47,65172754852349;0;0;0;371,7157287525381;0;9,283513361043001;0;9,283513361043001
2023-01-26T22:00:00;60;57,85705703628756;380;8,784883640116101;24,97476604554257;0;0;100;24,97476604554257;1;100;0;4,004041512046426;4,004041512046426;1;197,2971112363617;41,87056084127394;0;0;0;380;0;9,490411097306175;0;9,490411097306175
2023-01-26T23:00:00;60;56,87983258171693;389,6472381958992;8,00031141531622;24,97476604554257;0;0;100;24,97476604554257;1;100;0;4,004041512046426;4,004041512046426;1;237,97959121234243;42,84443124958354;0;0;0;389,6472381958992;0;9,731348614234381;0;9,731348614234381
2023-01-27T00:00:00;60;56,977579867607616;400;7,321361379933772;24,97476604554257;0;0;100;24,97476604554257;1;100;0;4,004041512046426;4,004041512046426;1;278,5623856328982;42,7437814522916;0;0;0;400;0;9,989906418217029;0;9,989906418217029
2023-01-27T01:00:00;60;52,72653136301315;410,3527618041009;6,888119129758652;24,97476604554257;0;0;100;24,97476604554257;1;100;0;4,004041512046426;4,004041512046426;1;323,17785834828817;46,99297784626657;0;0;0;410,3527618041009;0;10,248464222199676;0;10,248464222199676
2023-01-27T02:00:00;60;58,50698577734025;420;5,598260584850735;24,97476604554257;0;0;100;24,97476604554257;1;100;0;4,004041512046426;4,004041512046426;1;362,2921993847803;41,20700928665999;0;0;0;420;0;10,48940173912788;0;10,48940173912788
2023-01-27T03:00:00;60;51,4953723430193;428,2842712474619;5,233181535234613;24,97476604554257;0;0;100;24,97476604554257;1;100;0;4,004041512046426;4,004041512046426;1;408,06217907248345;48,21706200804383;0;0;0;428,2842712474619;0;10,696299475391056;0;10,696299475391056
2023-01-27T04:00:00;65;56,46714273450068;434,6410161513775;4,357055941503071;24,97476604554257;0;0;100;24,97476604554257;1;100;0;4,004041512046426;4,004041512046426;1;449,100841725243;43,24154617964924;0;0;0;434,6410161513775;0;10,855057692177542;0;10,855057692177542
2023-01-27T05:00:00;72,23542864692438;63,41624479299315;438,6370330515628;4,822281128857531;24,97476604554257;0;0;100;24,97476604554257;1;100;0;4,004041512046426;4,004041512046426;1;483,53564295196156;36,294432958832715;0;0;0;438,6370330515628;0;10,954857279373703;0;10,954857279373703
2023-01-27T06:00:00;80;57,028391024607934;440;3,661803848970365;14,316203800758434;0;0;57,322674313153584;14,316203800758434;1;57,322674313153584;0;4,004041512046426;4,004041512046426;1;483,48728938766635;0;0;0;0;440;0;6,299129672333711;0;6,299129672333711
2023-01-27T07:00:00;87,76457135307562;60,742728624597376;438,6370330515628;5,002692737588203;4,994953209108513;0;0;20;4,994953209108513;1;20;0;4,004041512046426;4,004041512046426;1;440,24812001331264;0;41,031279613144186;0;0;438,6370330515628;0;2,1909714558747404;0;2,1909714558747404
2023-01-27T08:00:00;95;65,34877977780674;434,6410161513775;4,381844813324513;4,994953209108513;0;0;20;4,994953209108513;1;20;0;4,004041512046426;4,004041512046426;1;392,1620058421221;0;45,63998489122977;0;0;434,6410161513775;0;2,1710115384355086;0;2,1710115384355086
2023-01-27T09:00:00;101,21320343559644;65,20462980032897;428,2842712474619;4,163292105381334;4,994953209108513;0;0;20;4,994953209108513;1;20;0;4,004041512046426;4,004041512046426;1;344,2314536135605;0;45,496769226578465;0;0;428,2842712474619;0;2,1392598950782107;0;2,1392598950782107
2023-01-27T10:00:00;105,98076211353316;62,66534982062318;420;5,564052207455394;4,994953209108513;0;0;20;4,994953209108513;1;20;0;4,004041512046426;4,004041512046426;1;298,98492415510833;0;42,951500997436305;0;0;420;0;2,0978803478255754;0;2,0978803478255754
2023-01-27T11:00:00;108,97777478867204;69,93117393540112;410,3527618041009;5,883017035954998;5,04888909786558;0;0;20,21596153757241;5,04888909786558;1;20,21596153757241;0;4,004041512046426;4,004041512046426;1;246,3234467153244;0;50;0;0;410,3527618041009;0;2,0718255853517564;0;2,0718255853517564
2023-01-27T12:00:00;110;65,75078514509558;400;7,420321774494362;4,994953209108513;0;0;20;4,994953209108513;1;20;0;4,004041512046426;4,004041512046426;1;197,84723461327434;0;46,02900076950961;0;0;400;0;1,9979812836434052;0;1,9979812836434052
2023-01-27T13:00:00;108,97777478867204;71,53749071468175;389,6472381958992;7,450145145656367;5,448389777815852;0;0;21,815578844184074;5,448389777815852;1;21,815578844184074;0;4,004041512046426;4,004041512046426;1;145,1958709424446;0;50;0;0;389,6472381958992;0;2,1229500295407155;0;2,1229500295407155
2023-01-27T14:00:00;105,98076211353316;65,10573659144146;380;8,27690828339261;4,994953209108513;0;0;20;4,994953209108513;1;20;0;4,004041512046426;4,004041512046426;1;97,41262471479253;0;45,38029030852995;0;0;380;0;1,8980822194612352;0;1,8980822194612352
2023-01-27T15:00:00;101,21320343559644;72,81684015510032;371,7157287525381;8,176549978086877;5,767128745911029;0;0;23,091822903944006;5,767128745911029;1;23,091822903944006;0;4,004041512046426;4,004041512046426;1;44,77130450495263;0;50;0;0;371,7157287525381;0;2,143732464596029;0;2,143732464596029
2023-01-27T16:00:00;95;62,25861347682317;365,3589838486225;9,371923051728778;4,994953209108513;0;0;20;4,994953209108513;1;20;0;4,004041512046426;4,004041512046426;1;0;0;42,52848600577703;0;0;365,3589838486225;0;1,8249510288513022;0;1,8249510288513022
2023-01-27T17:00:00;87,76457135307562;61,53865024831956;361,3629669484373;8,685837815552727;15,437266473310576;0;0;61,81145579165808;15,437266473310576;1;61,81145579165808;0;4,004041512046426;4,004041512046426;1;0;0;0;0;0;361,3629669484373;0;5,578456414369149;0;5,578456414369149
2023-01-27T18:00:00;80;62,44055165210901;360;9,20804858825714;15,661956689440808;0;0;62,71112474439421;15,661956689440808;1;62,71112474439421;0;4,004041512046426;4,004041512046426;1;0;0;0;0;0;360;0;5,638304408198691;0;5,638304408198691
2023-01-27T19:00:00;72,23542864692438;54,03778772670313;361,3629669484373;10,277984806939354;24,97476604554257;0;0;100;24,97476604554257;1;100;0;4,004041512046426;4,004041512046426;1;43,41140250042921;45,69621315834654;0;0;0;361,3629669484373;0;9,024955557060354;0;9,024955557060354
2023-01-27T20:00:00;65,00000000000001;55,56864983651033;365,3589838486225;9,990976290678732;24,97476604554257;0;0;100;24,97476604554257;1;100;0;4,004041512046426;4,004041512046426;1;85,36297924295488;44,16412408713232;0;0;0;365,3589838486225;0;9,124755144256513;0;9,124755144256513
2023-01-27T21:00:00;60;58,26785688570607;371,7157287525381;9,334049124452124;24,97476604554257;0;0;100;24,97476604554257;1;100;0;4,004041512046426;4,004041512046426;1;124,7434461856165;41,462108674300964;0;0;0;371,7157287525381;0;9,283513361043001;0;9,283513361043001
2023-01-27T22:00:00;60;50,98129191359693;380;8,016511928435394;24,97476604554257;0;0;100;24,97476604554257;1;100;0;4,004041512046426;4,004041512046426;1;171,03686095715022;48,74304117489714;0;0;0;380;0;9,490411097306175;0;9,490411097306175
2023-01-27T23:00:00;60;55,46158464633076;389,6472381958992;7,752601457236573;24,97476604554257;0;0;100;24,97476604554257;1;100;0;4,004041512046426;4,004041512046426;1;213,0682964847085;44,26162022489892;0;0;0;389,6472381958992;0;9,731348614234381;0;9,731348614234381
2023-01-28T00:00:00;60;50,519765588496846;400;6,998198730454716;24,97476604554257;0;0;100;24,97476604554257;1;100;0;4,004041512046426;4,004041512046426;1;259,7871931555821;49,200214211075846;0;0;0;400;0;9,989906418217029;0;9,989906418217029
2023-01-28T01:00:00;60;51,56364574355462;410,3527618041009;5,644360520096166;24,97476604554257;0;0;100;24,97476604554257;1;100;0;4,004041512046426;4,004041512046426;1;305,50423351405186;48,15054639766879;0;0;0;410,3527618041009;0;10,248464222199676;0;10,248464222199676
2023-01-28T02:00:00;60;47,52609857824383;420;6,251699150883575;24,427646359336677;0;0;97,8093100643738;24,427646359336677;1;97,8093100643738;0;4,004041512046426;4,004041512046426;1;352,97368309070043;50;0;0;0;420;0;10,259611470921405;0;10,259611470921405
2023-01-28T03:00:00;60;47,35908677383145;428,2842712474619;5,317360801728193;24,38693311810796;0;0;97,64629255640406;24,38693311810796;1;97,64629255640406;0;4,004041512046426;4,004041512046426;1;400,4383857223914;50;0;0;0;428,2842712474619;0;10,444539878449463;0;10,444539878449463
2023-01-28T04:00:00;65;51,0438831312338;434,6410161513775;4,291441701731852;24,97476604554257;0;0;100;24,97476604554257;1;100;0;4,004041512046426;4,004041512046426;1;446,6296409017582;48,664525282041105;0;0;0;434,6410161513775;0;10,855057692177542;0;10,855057692177542
2023-01-28T05:00:00;72,23542864692438;52,580718623310446;438,6370330515628;4,11566544063006;13,20492344909003;0;0;52,87306165355175;13,20492344909003;1;52,87306165355175;0;4,004041512046426;4,004041512046426;1;446,58497793766804;0;0;0;0;438,6370330515628;0;5,79216844338186;0;5,79216844338186
2023-01-28T06:00:00;80;54,601182840830106;440;4,104191403973776;8,428249117626349;0;0;33,74705934084456;8,428249117626349;1,0000000000000022;33,74705934084456;0;4,004041512046426;4,004041512046426;1;424,28082935383895;0;21,146515581733563;0;0;440;0;3,7084296117555935;0;3,7084296117555935
2023-01-28T07:00:00;87,76457135307562;56,9737619794205;438,6370330515628;3,0813550869206496;4,994953209108513;0;0;20;4,994953209108513;1;20;0;4,004041512046426;4,004041512046426;1;385,00626791677314;0;37,27052668642391;0;0;438,6370330515628;0;2,1909714558747404;0;2,1909714558747404
2023-01-28T08:00:00;95;56,09593077958023;434,6410161513775;4,278335097386385;4,994953209108513;0;0;20;4,994953209108513;1;20;0;4,004041512046426;4,004041512046426;1;346,6650531878352;0;36,3875783970389;0;0;434,6410161513775;0;2,1710115384355086;0;2,1710115384355086
2023-01-28T09:00:00;101,21320343559644;60,34564565405334;428,2842712474619;4,537687532441459;4,994953209108513;0;0;20;4,994953209108513;1;20;0;4,004041512046426;4,004041512046426;1;303,8554555879352;0;40,63618453985215;0;0;428,2842712474619;0;2,1392598950782107;0;2,1392598950782107
2023-01-28T10:00:00;105,98076211353316;61,83462373181362;420;4,999189995052542;4,994953209108513;0;0;20;4,994953209108513;1;20;0;4,004041512046426;4,004041512046426;1;259,48487036386615;0;42,123189694584774;0;0;420;0;2,0978803478255754;0;2,0978803478255754
2023-01-28T11:00:00;108,97777478867204;59,46095482007495;410,3527618041009;6,082992718249461;4,994953209108513;0;0;20;4,994953209108513;1;20;0;4,004041512046426;4,004041512046426;1;217,62219816503566;0;39,74488752620444;0;0;410,3527618041009;0;2,049692844439935;0;2,049692844439935
2023-01-28T12:00:00;110;67,97047843566322;400;7,898843263424761;4,994953209108513;0;0;20;4,994953209108513;1;20;0;4,004041512046426;4,004041512046426;1;166,8144902813117;0;48,24664838071209;0;0;400;0;1,9979812836434052;0;1,9979812836434052
2023-01-28T13:00:00;108,97777478867204;63,23075558502458;389,6472381958992;8,096878565941067;4,994953209108513;0;0;20;4,994953209108513;1;20;0;4,004041512046426;4,004041512046426;1;121,0019362752781;0;43,50607892915519;0;0;389,6472381958992;0;1,946269722846876;0;1,946269722846876
2023-01-28T14:00:00;105,98076211353316;57,243715563233366;380;8,214410505108601;4,994953209108512;0;0;19,999999999999993;4,994953209108512;1;19,999999999999993;0;4,004041512046426;4,004041512046426;1;81,49663980973052;0;37,518536458324036;0;0;380;0;1,8980822194612343;0;1,8980822194612343
2023-01-28T15:00:00;101,21320343559644;61,60398571731556;371,7157287525381;9,40761173423772;4,994953209108513;0;0;20;4,994953209108513;1;20;0;4,004041512046426;4,004041512046426;1;37,41090522243199;0;41,87370567715169;0;0;371,7157287525381;0;1,8567026722085997;0;1,8567026722085997
2023-01-28T16:00:00;95;55,2708913233635;365,3589838486225;10,297753929646316;4,994953209108512;0;0;19,999999999999993;4,994953209108512;1;19,999999999999993;0;4,004041512046426;4,004041512046426;1;0;0;35,53680592531427;0;0;365,3589838486225;0;1,8249510288513018;0;1,8249510288513018
2023-01-28T17:00:00;87,76457135307562;58,12252539824647;361,3629669484373;10,36009432032359;14,582309728648509;0;0;58,38817349502708;14,582309728648509;1;58,38817349502708;0;4,004041512046426;4,004041512046426;1;0;0;0;0;0;361,3629669484373;0;5,269506708505487;0;5,269506708505487
2023-01-28T18:00:00;80;56,78062938961777;360;10,029815184960087;14,247526969455809;0;0;57,04768942970207;14,247526969455809;1;57,04768942970207;0;4,004041512046426;4,004041512046426;1;0;0;0;0;0;360;0;5,129109709004092;0;5,129109709004092
2023-01-28T19:00:00;72,23542864692438;50,12973664631038;361,3629669484373;9,57430909001442;24,97476604554257;0;0;100;24,97476604554257;1;100;0;4,004041512046426;4,004041512046426;1;47,121193223796965;49,60125602504944;0;0;0;361,3629669484373;0;9,024955557060354;0;9,024955557060354
2023-01-28T20:00:00;65,00000000000001;51,92675225848865;365,3589838486225;9,94718786816011;24,97476604554257;0;0;100;24,97476604554257;1;100;0;4,004041512046426;4,004041512046426;1;92,53202385063993;47,805834469647735;0;0;0;365,3589838486225;0;9,124755144256513;0;9,124755144256513
2023-01-28T21:00:00;60;50,825561853873;371,7157287525381;9,318063036270516;24,97476604554257;0;0;100;24,97476604554257;1;100;0;4,004041512046426;4,004041512046426;1;138,98188924558156;48,904335365607054;0;0;0;371,7157287525381;0;9,283513361043001;0;9,283513361043001
2023-01-28T22:00:00;60;51,644120319988986;380;8,947596610013866;24,97476604554257;0;0;100;24,97476604554257;1;100;0;4,004041512046426;4,004041512046426;1;184,6479745543999;48,084193155518825;0;0;0;380;0;9,490411097306175;0;9,490411097306175
2023-01-28T23:00:00;60;53,7935859653079;389,6472381958992;8,094043036148548;24,97476604554257;0;0;100;24,97476604554257;1;100;0;4,004041512046426;4,004041512046426;1;228,2640343971825;45,93107856867164;0;0;0;389,6472381958992;0;9,731348614234381;0;9,731348614234381
2023-01-29T00:00:00;60;50,99342830602247;400;6,975268145173784;24,97476604554257;0;0;100;24,97476604554257;1;100;0;4,004041512046426;4,004041512046426;1;274,53133878577603;48,72645346529814;0;0;0;400;0;9,989906418217029;0;9,989906418217029
2023-01-29T01:00:00;60;49,72347139765763;410,3527618041009;6,560952610775739;24,97476604554257;0;0;100;24,97476604554257;1;100;0;4,004041512046426;4,004041512046426;1;321,9987928679132;49,99463917475343;0;0;0;410,3527618041009;0;10,248464222199676;0;10,248464222199676
2023-01-29T02:00:00;60;51,29537707620138;420;4,938638989218851;24,97476604554257;0;0;100;24,97476604554257;1;100;0;4,004041512046426;4,004041512046426;1;367,96160118883006;48,41579810547753;0;0;0;420;0;10,48940173912788;0;10,48940173912788
2023-01-29T03:00:00;60;53,046059712816046;428,2842712474619;5,0698845295323824;24,97476604554257;0;0;100;24,97476604554257;1;100;0;4,004041512046426;4,004041512046426;1;412,2571977450815;46,665676543547704;0;0;0;428,2842712474619;0;10,696299475391056;0;10,696299475391056
2023-01-29T04:00:00;65;49,53169325055333;434,6410161513775;4,485149892753212;24,930425030419713;0;0;99,82245673476181;24,930425030419713;1;99,82245673476181;0;4,0040415120464266;4,004041512046426;1;459,715972025307;50;0;0;0;434,6410161513775;0;10,835785268307362;0;10,835785268307362
2023-01-29T05:00:00;72,23542864692438;51,41599822539844;438,6370330515628;4,34844815313687;12,913788719217516;0;0;51,70734610954378;12,913788719217516;1;51,70734610954378;0;4,004041512046426;4,004041512046426;1;459,67000042810446;0;0;0;0;438,6370330515628;0;5,664465969252313;0;5,664465969252313
2023-01-29T06:00:00;80;57,79011075721774;440;4,144584321953909;13,606053910091491;0;0;54,47920467114792;13,606053910091491;1,0000000000000078;54,47920467114792;0;4,004041512046426;4,004041512046426;1;455,8312697563843;0;3,603125488093468;0;0;440;0;5,986663720440256;0;5,986663720440256
2023-01-29T07:00:00;87,76457135307562;58,07129708980944;438,6370330515628;5,329872591088242;4,994953209108513;0;0;20;4,994953209108513;1;20;0;4,004041512046426;4,004041512046426;1;415,40837148784806;0;38,35844938448254;0;0;438,6370330515628;0;2,1909714558747404;0;2,1909714558747404
2023-01-29T08:00:00;95;56,685471719382136;434,6410161513775;4,083053796521026;4,994953209108513;0;0;20;4,994953209108513;1;20;0;4,004041512046426;4,004041512046426;1;376,4426683723814;0;36,97795416440201;0;0;434,6410161513775;0;2,1710115384355086;0;2,1710115384355086
2023-01-29T09:00:00;101,21320343559644;61,265916662915096;428,2842712474619;4,613181178939449;4,994953209108513;0;0;20;4,994953209108513;1;20;0;4,004041512046426;4,004041512046426;1;332,66172640725455;0;41,55613281337513;0;0;428,2842712474619;0;2,1392598950782107;0;2,1392598950782107
2023-01-29T10:00:00;105,98076211353316;59,49493557189459;420;5,188429736787618;4,994953209108513;0;0;20;4,994953209108513;1;20;0;4,004041512046426;4,004041512046426;1;290,7519417769614;0;39,78269253476983;0;0;420;0;2,0978803478255754;0;2,0978803478255754
2023-01-29T11:00:00;108,97777478867204;60,249766884108126;410,3527618041009;5,94580430511231;4,994953209108513;0;0;20;4,994953209108513;1;20;0;4,004041512046426;4,004041512046426;1;248,05519703467453;0;40,53428607070377;0;0;410,3527618041009;0;2,049692844439935;0;2,049692844439935
2023-01-29T12:00:00;110;62,77427926901131;400;6,681306436346741;4,994953209108513;0;0;20;4,994953209108513;1;20;0;4,004041512046426;4,004041512046426;1;202,70865026865957;0;43,05565418399593;0;0;400;0;1,9979812836434052;0;1,9979812836434052
2023-01-29T13:00:00;108,97777478867204;55,65706458213892;389,6472381958992;8,370965400861339;4,994953209108513;0;0;20;4,994953209108513;1;20;0;4,004041512046426;4,004041512046426;1;164,8660465562114;0;35,93121620505024;0;0;389,6472381958992;0;1,946269722846876;0;1,946269722846876
2023-01-29T14:00:00;105,98076211353316;55,593342302326576;380;9,210252123994929;4,994953209108513;0;0;20;4,994953209108513;1;20;0;4,004041512046426;4,004041512046426;1;127,09807997840157;0;35,8639059744965;0;0;380;0;1,8980822194612352;0;1,8980822194612352
2023-01-29T15:00:00;101,21320343559644;57,98928631939171;371,7157287525381;8,835947196684904;4,994953209108512;0;0;19,999999999999993;4,994953209108512;1;19,999999999999993;0;4,004041512046426;4,004041512046426;1;86,81015949132386;0;38,26145014512589;0;0;371,7157287525381;0;1,856702672208599;0;1,856702672208599
2023-01-29T16:00:00;95;55,16407286306361;365,3589838486225;9,1818984248012;4,994953209108513;0;0;20;4,994953209108513;1;20;0;4,004041512046426;4,004041512046426;1;49,50173347821937;0;35,43475774729758;0;0;365,3589838486225;0;1,8249510288513022;0;1,8249510288513022
2023-01-29T17:00:00;87,76457135307562;56,88981251468749;361,3629669484373;10,133485257060409;14,274684513947879;0;0;57,15642936521356;14,274684513947879;1;57,15642936521356;0;4,004041512046426;4,004041512046426;1;49,49678330487155;0;0;0;0;361,3629669484373;0;5,158342348213117;0;5,158342348213117
2023-01-29T18:00:00;80;51,82074221874909;360;9,723888477859514;13,009133381557781;0;0;52,08911009550625;13,009133381557781;1;52,08911009550625;0;4,004041512046426;4,004041512046426;1;49,491833626541066;0;0;0;0;360;0;4,683288017360801;0;4,683288017360801
2023-01-29T19:00:00;72,23542864692438;48,832343632274615;361,3629669484373;10,21424338774496;24,74964731100994;0;0;99,098615241792;24,74964731100994;1;99,098615241792;0;4,004041512046426;4,004041512046426;1;96,98688444317841;50;0;0;0;361,3629669484373;0;8,943605983233965;0;8,943605983233965
2023-01-29T20:00:00;65,00000000000001;52,93129753784312;365,3589838486225;9,699537721778968;24,97476604554257;0;0;100;24,97476604554257;1;100;0;4,004041512046426;4,004041512046426;1;141,4374047163557;46,80023048591748;0;0;0;365,3589838486225;0;9,124755144256513;0;9,124755144256513
2023-01-29T21:00:00;60;49,54844739902693;371,7157287525381;8,363448286061026;24,930468592116483;0;0;99,82263115760401;24,930468592116483;1;99,82263115760401;0;4,004041512046426;4,004041512046426;1;188,92326097588406;50;0;0;0;371,7157287525381;0;9,26704730086084;0;9,26704730086084
2023-01-29T22:00:00;60;50,13505640937585;380;9,27375260066503;24,97476604554257;0;0;100;24,97476604554257;1;100;0;4,004041512046426;4,004041512046426;1;236,01928746362887;49,59465138299199;0;0;0;380;0;9,490411097306175;0;9,490411097306175
2023-01-29T23:00:00;60;47,15050362757309;389,6472381958992;8,674395971855324;24,331255755388334;0;0;97,4233580847934;24,331255755388334;1;97,4233580847934;0;4,004041512046426;4,004041512046426;1;283,4956855348825;50;0;0;0;389,6472381958992;0;9,480606606925141;0;9,480606606925141
2023-01-30T00:00:00;60;53,63904318868704;400;6,693605654757807;24,97476604554257;0;0;100;24,97476604554257;1;100;0;4,004041512046426;4,004041512046426;1;327,2429887180417;46,07963447548705;0;0;0;400;0;9,989906418217029;0;9,989906418217029
2023-01-30T01:00:00;60;55,27730647427467;410,3527618041009;6,029692084724445;24,97476604554257;0;0;100;24,97476604554257;1;100;0;4,004041512046426;4,004041512046426;1;369,42687073058806;44,43853295938753;0;0;0;410,3527618041009;0;10,248464222199676;0;10,248464222199676
2023-01-30T02:00:00;60;52,12251605644424;420;5,642932695362452;24,97476604554257;0;0;100;24,97476604554257;1;100;0;4,004041512046426;4,004041512046426;1;414,602014525302;47,591669980828435;0;0;0;420;0;10,48940173912788;0;10,48940173912788
2023-01-30T03:00:00;60;55,93924504586418;428,2842712474619;5,045908051433869;24,97476604554257;0;0;100;24,97476604554257;1;100;0;4,004041512046426;4,004041512046426;1;456,1443235993524;43,7723887110557;0;0;0;428,2842712474619;0;10,696299475391056;0;10,696299475391056
2023-01-30T04:00:00;65;53,49840327520299;434,6410161513775;4,7311959249831;24,97476604554257;0;0;100;24,97476604554257;1;100;0;4,004041512046426;4,004041512046426;1;500;46,21188508737632;0;0;0;434,6410161513775;0;10,855057692177542;0;10,855057692177542
2023-01-30T05:00:00;72,23542864692438;56,61222419737883;438,6370330515628;5,107324790515969;14,21072376815049;0;0;56,90032788389937;14,21072376815049;1;56,90032788389937;0;4,004041512046426;4,004041512046426;1;499,95;0;0;0;0;438,6370330515628;0;6,233349711176856;0;6,233349711176856
2023-01-30T06:00:00;80;58,19488016331181;440;3,911526386252975;14,607265112523246;0;0;58,488095888010584;14,607265112523246;1;58,488095888010584;0;4,004041512046426;4,004041512046426;1;499,900005;0;0;0;0;440;0;6,427196649510228;0;6,427196649510228
2023-01-30T07:00:00;87,76457135307562;68,62442987553085;438,6370330515628;3,703073898863568;4,994953209108513;0;0;20;4,994953209108513;1;20;0;4,004041512046426;4,004041512046426;1;448,3568184367493;0;48,91853673461321;0;0;438,6370330515628;0;2,1909714558747404;0;2,1909714558747404
2023-01-30T08:00:00;95;64,95275971341724;434,6410161513775;3,712264174639421;4,994953209108513;0;0;20;4,994953209108513;1;20;0;4,004041512046426;4,004041512046426;1;400,6837435085155;0;45,24682728407065;0;0;434,6410161513775;0;2,1710115384355086;0;2,1710115384355086
2023-01-30T09:00:00;101,21320343559644;63,15002045459793;428,2842712474619;4,513214636469399;4,994953209108512;0;0;19,999999999999993;4,994953209108512;1;19,999999999999993;0;4,004041512046426;4,004041512046426;1;354,9166604372941;0;43,44066396202703;0;0;428,2842712474619;0;2,13925989507821;0;2,13925989507821
2023-01-30T10:00:00;105,98076211353316;71,84023356378896;420;5,483436513563102;5,526098894360544;0;0;22,126729372693475;5,526098894360544;1;22,126729372693475;0;4,004041512046426;4,004041512046426;1;302,24958982388193;0;50;0;0;420;0;2,3209615356314286;0;2,3209615356314286
2023-01-30T11:00:00;108,97777478867204;64,8174829016096;410,3527618041009;7,120821796451332;4,994953209108513;0;0;20;4,994953209108513;1;20;0;4,004041512046426;4,004041512046426;1;254,7488607718156;0;45,09697888842976;0;0;410,3527618041009;0;2,049692844439935;0;2,049692844439935
2023-01-30T12:00:00;110;70,83545438001903;400;6,741194350481914;5,273814772059705;0;0;21,11657327417072;5,273814772059705;1;21,11657327417072;0;4,0040415120464266;4,004041512046426;1;202,09180693837;0;50;0;0;400;0;2,1095259088238816;0;2,1095259088238816
2023-01-30T13:00:00;108,97777478867204;61,88735190758878;389,6472381958992;7,888351111127012;4,994953209108513;0;0;20;4,994953209108513;1;20;0;4,004041512046426;4,004041512046426;1;157,688895961267;0;42,16356670658871;0;0;389,6472381958992;0;1,946269722846876;0;1,946269722846876
2023-01-30T14:00:00;105,98076211353316;63,52545303185097;380;8,491788551963625;4,994953209108513;0;0;20;4,994953209108513;1;20;0;4,004041512046426;4,004041512046426;1;111,5688237708379;0;43,79908813579133;0;0;380;0;1,8980822194612352;0;1,8980822194612352
2023-01-30T15:00:00;101,21320343559644;67,80085343430866;371,7157287525381;9,715516980283684;4,994953209108513;0;0;20;4,994953209108513;1;20;0;4,004041512046426;4,004041512046426;1;60,95844888928403;0;48,06925709921795;0;0;371,7157287525381;0;1,8567026722085997;0;1,8567026722085997
2023-01-30T16:00:00;95;67,58463302998393;365,3589838486225;10,861542424290128;4,994953209108513;0;0;20;4,994953209108513;1;20;0;4,004041512046426;4,004041512046426;1;10,585892585321318;0;47,8481374361201;0;0;365,3589838486225;0;1,8249510288513022;0;1,8249510288513022
2023-01-30T17:00:00;87,76457135307562;63,14664866949357;361,3629669484373;9,632343092407044;15,837849760544202;0;0;63,41540790277353;15,837849760544202;1;63,41540790277353;0;4,004041512046426;4,004041512046426;1;10,584833996062786;0;0;0;0;361,3629669484373;0;5,72321237955385;0;5,72321237955385
2023-01-30T18:00:00;80;59,65305515283528;360;9,755280278740887;17,97656838796075;0;0;71,97892606953634;17,97656838796075;1;71,97892606953634;0;4,004041512046426;4,004041512046426;1;22,03853089056122;12,057637239892674;0;0;0;360;0;6,47156461966587;0;6,47156461966587
2023-01-30T19:00:00;72,23542864692438;56,58642983317618;361,3629669484373;10,41985791740174;24,97476604554257;0;0;100;24,97476604554257;1;100;0;4,004041512046426;4,004041512046426;1;63,027095718921835;43,14817755942071;0;0;0;361,3629669484373;0;9,024955557060354;0;9,024955557060354
2023-01-30T20:00:00;65,00000000000001;51,30369502408144;365,3589838486225;9,939021956166473;24,97476604554257;0;0;100;24,97476604554257;1;100;0;4,004041512046426;4,004041512046426;1;109,02820696439206;48,42885679478117;0;0;0;365,3589838486225;0;9,124755144256513;0;9,124755144256513
2023-01-30T21:00:00;60;53,200389479013225;371,7157287525381;10,04467400642766;24,97476604554257;0;0;100;24,97476604554257;1;100;0;4,004041512046426;4,004041512046426;1;153,22328744594165;46,532614002364255;0;0;0;371,7157287525381;0;9,283513361043001;0;9,283513361043001
2023-01-30T22:00:00;60;53,84840307260053;380;8,791964092662981;24,97476604554257;0;0;100;24,97476604554257;1;100;0;4,004041512046426;4,004041512046426;1;196,7932479373979;45,8792450738956;0;0;0;380;0;9,490411097306175;0;9,490411097306175
2023-01-30T23:00:00;60;57,64280556554729;389,6472381958992;7,596811089914033;24,97476604554257;0;0;100;24,97476604554257;1;100;0;4,004041512046426;4,004041512046426;1;236,74931524937315;42,07973330186209;0;0;0;389,6472381958992;0;9,731348614234381;0;9,731348614234381
2023-01-31T00:00:00;60;55,85904572392116;400;7,295327415346154;24,97476604554257;0;0;100;24,97476604554257;1;100;0;4,004041512046426;4,004041512046426;1;278,3947344035887;43,86220430077944;0;0;0;400;0;9,989906418217029;0;9,989906418217029
2023-01-31T01:00:00;60;50,592399611593166;410,3527618041009;6,777894654983891;24,97476604554257;0;0;100;24,97476604554257;1;100;0;4,004041512046426;4,004041512046426;1;325,0372013988024;49,12663838805689;0;0;0;410,3527618041009;0;10,248464222199676;0;10,248464222199676
2023-01-31T02:00:00;60;55,81020992348699;420;5,910241090598682;24,97476604554257;0;0;100;24,97476604554257;1;100;0;4,004041512046426;4,004041512046426;1;366,71456059297907;43,905118857175324;0;0;0;420;0;10,48940173912788;0;10,48940173912788
2023-01-31T03:00:00;60;54,03729429895921;428,2842712474619;5,132316671994006;24,97476604554257;0;0;100;24,97476604554257;1;100;0;4,004041512046426;4,004041512046426;1;410,0688625489926;45,67470885481356;0;0;0;428,2842712474619;0;10,696299475391056;0;10,696299475391056
2023-01-31T04:00:00;65;53,3076949992351;434,6410161513775;4,935261133441261;24,97476604554257;0;0;100;24,97476604554257;1;100;0;4,004041512046426;4,004041512046426;1;454,1111481177426;46,403465742110356;0;0;0;434,6410161513775;0;10,855057692177542;0;10,855057692177542
2023-01-31T05:00:00;72,23542864692438;59,08852494250775;438,6370330515628;4,686870316355631;24,97476604554257;0;0;100;24,97476604554257;1;100;0;4,004041512046426;4,004041512046426;1;492,65623223462075;40,62157392809467;0;0;0;438,6370330515628;0;10,954857279373703;0;10,954857279373703
2023-01-31T06:00:00;80;63,092998567487854;440;4,691079495518764;15,829726418158474;0;0;63,38288170264451;15,829726418158474;1;63,38288170264451;0;4,004041512046426;4,004041512046426;1;492,6069666113973;0;0;0;0;440;0;6,965079623989729;0;6,965079623989729
2023-01-31T07:00:00;87,76457135307562;65,62306383952642;438,6370330515628;4,426577464927616;4,994953209108513;0;0;20;4,994953209108513;1;20;0;4,004041512046426;4,004041512046426;1;444,22709778751107;0;45,91407772086386;0;0;438,6370330515628;0;2,1909714558747404;0;2,1909714558747404
2023-01-31T08:00:00;95;62,06273866872077;434,6410161513775;4,318364748488257;4,994953209108513;0;0;20;4,994953209108513;1;20;0;4,004041512046426;4,004041512046426;1;399,59929069939443;0;42,35421515942099;0;0;434,6410161513775;0;2,1710115384355086;0;2,1710115384355086
2023-01-31T09:00:00;101,21320343559644;65,92478451652063;428,2842712474619;4,952036499657019;4,994953209108513;0;0;20;4,994953209108513;1;20;0;4,004041512046426;4,004041512046426;1;350,9134864961302;0;46,2135520604846;0;0;428,2842712474619;0;2,1392598950782107;0;2,1392598950782107
2023-01-31T10:00:00;105,98076211353316;69,94092687899537;420;6,103254483254179;5,051089731520484;0;0;20,224772966079456;5,051089731520484;1;20,224772966079456;0;4,004041512046426;4,004041512046426;1;298,24681620011216;0;50;0;0;420;0;2,1214576872386033;0;2,1214576872386033
2023-01-31T11:00:00;108,97777478867204;73,5281978772557;410,3527618041009;5,81507502919882;5,947309951673092;0;0;23,813275931505885;5,947309951673092;1;23,813275931505885;0;4,004041512046426;4,004041512046426;1;245,5854125711237;0;50;0;0;410,3527618041009;0;2,4404950639740672;0;2,4404950639740672
2023-01-31T12:00:00;110;68,08330304861883;400;7,184336654436451;4,994953209108513;0;0;20;4,994953209108513;1;20;0;4,004041512046426;4,004041512046426;1;194,65293033573911;0;48,36252750942111;0;0;400;0;1,9979812836434052;0;1,9979812836434052
2023-01-31T13:00:00;108,97777478867204;68,92294853245724;389,6472381958992;7,579787729143882;4,994953209108513;0;0;20;4,994953209108513;1;20;0;4,004041512046426;4,004041512046426;1;142,8434835270054;0;49,20048243991515;0;0;389,6472381958992;0;1,946269722846876;0;1,946269722846876
2023-01-31T14:00:00;105,98076211353316;64,3831349232419;380;8,51437241146741;4,994953209108513;0;0;20;4,994953209108513;1;20;0;4,004041512046426;4,004041512046426;1;95,82217446161808;0;44,65667348118288;0;0;380;0;1,8980822194612352;0;1,8980822194612352
2023-01-31T15:00:00;101,21320343559644;62,63660212403576;371,7157287525381;9,760546274863293;4,994953209108513;0;0;20;4,994953209108513;1;20;0;4,004041512046426;4,004041512046426;1;50,64963088763431;0;42,90481328871072;0;0;371,7157287525381;0;1,8567026722085997;0;1,8567026722085997
2023-01-31T16:00:00;95;67,8438403783797;365,3589838486225;9,693625745363269;4,994953209108513;0;0;20;4,994953209108513;1;20;0;4,004041512046426;4,004041512046426;1;0;0;48,11233762831827;0;0;365,3589838486225;0;1,8249510288513022;0;1,8249510288513022
2023-01-31T17:00:00;87,76457135307562;67,0079312858622;361,3629669484373;9,92099575294528;16,801887874193028;0;0;67,27545652901836;16,801887874193028;1;67,27545652901836;0;4,004041512046426;4,004041512046426;1;0;0;0;0;0;361,3629669484373;0;6,071580052553365;0;6,071580052553365
2023-01-31T18:00:00;80;59,783969635259;360;9,32007192951004;14,998361941823951;0;0;60,054063827760345;14,998361941823951;1;60,054063827760345;0;4,004041512046426;4,004041512046426;1;0;0;0;0;0;360;0;5,399410299056623;0;5,399410299056623
2023-01-31T19:00:00;72,23542864692438;60,16267481628948;361,3629669484373;10,270904261880816;15,091927498445296;0;0;60,42870420056994;15,091927498445296;1;60,42870420056994;0;4,004041512046426;4,004041512046426;1;0;0;0;0;0;361,3629669484373;0;5,453663697808899;0;5,453663697808899
2023-01-31T20:00:00;65,00000000000001;55,90409006261909;365,3589838486225;9,920818301923854;14,028729696078903;0;0;56,17161606437837;14,028729696078903;1;56,17161606437837;0;4,004041512046426;4,004041512046426;1;0;0;0;0;0;365,3589838486225;0;5,125522426446382;0;5,125522426446382
2023-01-31T21:00:00;60;53,38720061348719;371,7157287525381;10,202947705212372;13,399841223081033;0;0;53,65352051204741;13,399841223081033;1;53,65352051204741;0;4,004041512046426;4,004041512046426;1;0;0;0;0;0;371,7157287525381;0;4,980931745405868;0;4,980931745405868
2023-01-31T22:00:00;60;55,90348901377104;380;8,346110882523499;14,030260855371694;0;0;56,177746889748256;14,030260855371694;1;56,177746889748256;0;4,004041512046426;4,004041512046426;1;0;0;0;0;0;380;0;5,331499125041244;0;5,331499125041244
2023-01-31T23:00:00;60;58,84509141616493;389,6472381958992;7,886032299139533;14,765410386035132;0;0;59,12131612808611;14,765410386035132;1;59,12131612808611;0;4,004041512046426;4,004041512046426;1;0;0;0;0;0;389,6472381958992;0;5,753301377747635;0;5,753301377747635
