Datum,strompreis_EUR_MWh,grid_co2_kg_MWh,total_demand_MWth
2025-01-01 00:00:00,2.16,167.3,8.75148278662962
2025-01-01 01:00:00,1.6,157.82,10.595972347737018
2025-01-01 02:00:00,0.0,159.6325,9.224640285479436
2025-01-01 03:00:00,-0.01,157.98250000000002,9.570877617616967
2025-01-01 04:00:00,-0.01,154.4875,10.879631690284828
2025-01-01 05:00:00,-0.06,148.4275,9.563517188564004
2025-01-01 06:00:00,-0.09,142.2025,9.946009197222118
2025-01-01 07:00:00,-0.01,135.6875,10.91374815164841
2025-01-01 08:00:00,-0.01,128.86,9.715891737835229
2025-01-01 09:00:00,-0.04,119.8875,10.164444396723649
2025-01-01 10:00:00,-0.03,114.66,10.8990809655346
2025-01-01 11:00:00,-0.1,110.9,9.8060940151018
2025-01-01 12:00:00,-0.05,109.92,10.30664544602495
2025-01-01 13:00:00,-0.1,112.5775,10.873795414840266
2025-01-01 14:00:00,-1.01,114.38499999999999,9.86868386636744
2025-01-01 15:00:00,-0.01,119.50999999999999,10.405715782248862
2025-01-01 16:00:00,-0.01,121.095,10.847576874859215
2025-01-01 17:00:00,0.07,127.105,9.916394005490805
2025-01-01 18:00:00,1.01,131.5125,10.478025192838057
2025-01-01 19:00:00,1.48,131.965,10.823070641955503
2025-01-01 20:00:00,1.0,136.0525,9.954937211695988
2025-01-01 21:00:00,0.07,143.08249999999998,10.532636426490264
2025-01-01 22:00:00,10.05,144.08499999999998,10.800887099972119
2025-01-01 23:00:00,7.01,155.0475,9.987277948391656
2025-01-02 00:00:00,2.55,157.63,10.574975475659127
2025-01-02 01:00:00,1.56,156.6225,10.781004244014852
2025-01-02 02:00:00,3.45,158.32999999999998,10.015132089110628
2025-01-02 03:00:00,7.02,177.39249999999998,10.608485971335762
2025-01-02 04:00:00,12.75,192.9475,10.763211181616212
2025-01-02 05:00:00,30.07,225.57,10.039578913307977
2025-01-02 06:00:00,67.13,269.915,10.635455108336277
2025-01-02 07:00:00,98.83,306.28,10.747258045891048
2025-01-02 08:00:00,121.53,326.0575,10.061342231442547
2025-01-02 09:00:00,127.23,340.48,10.657458698785483
2025-01-02 10:00:00,126.35,340.15,10.7329067888223
2025-01-02 11:00:00,119.97,337.2275,10.080932399357051
2025-01-02 12:00:00,115.95,336.475,10.675615776766287
2025-01-02 13:00:00,113.9,344.5425,10.719946430330966
2025-01-02 14:00:00,122.21,346.225,10.098723840579867
2025-01-02 15:00:00,130.11,342.005,10.690741480460549
2025-01-02 16:00:00,138.59,335.5525,10.708195317731422
2025-01-02 17:00:00,152.87,340.46750000000003,10.115000159946842
2025-01-02 18:00:00,152.94,330.8925,10.703442617769655
2025-01-02 19:00:00,139.15,331.0125,10.69749884548413
2025-01-02 20:00:00,130.0,335.64,10.129981835867264
2025-01-02 21:00:00,119.78,331.205,10.714179468750737
2025-01-02 22:00:00,113.42,317.7875,10.687725883931513
2025-01-02 23:00:00,82.47,304.4525,10.143843998962607
2025-01-03 00:00:00,99.56,298.21000000000004,10.72330693641079
2025-01-03 01:00:00,87.53,295.905,10.678765150330356
2025-01-03 02:00:00,85.01,293.565,10.156728288710665
2025-01-03 03:00:00,83.79,284.3,10.731102650145235
2025-01-03 04:00:00,77.5,277.8675,10.6705219518834
2025-01-03 05:00:00,79.88,268.9425,10.168751021860594
2025-01-03 06:00:00,83.56,262.975,10.737786590525863
2025-01-03 07:00:00,78.43,258.375,10.662915409108594
2025-01-03 08:00:00,82.57,254.1375,10.18000897943022
2025-01-03 09:00:00,80.76,246.57,10.743535066122504
2025-01-03 10:00:00,77.64,234.3225,10.655876144176426
2025-01-03 11:00:00,70.48,230.14749999999998,10.190583607027243
2025-01-03 12:00:00,69.94,229.84,10.748490844376308
2025-01-03 13:00:00,77.8,230.565,10.649344377049408
2025-01-03 14:00:00,78.81,247.9375,10.200544128556887
2025-01-03 15:00:00,85.29,269.84000000000003,10.75277061164454
2025-01-03 16:00:00,105.51,277.1875,10.643268363903339
2025-01-03 17:00:00,116.66,282.095,10.209949897562533
2025-01-03 18:00:00,115.06,289.56,10.756470545417521
2025-01-03 19:00:00,114.91,297.43,10.637603116781564
2025-01-03 20:00:00,113.3,309.545,10.218852202125275
2025-01-03 21:00:00,107.8,319.685,10.759670530657637
2025-01-03 22:00:00,98.22,333.74,10.632309351984654
2025-01-03 23:00:00,88.57,330.46500000000003,10.227295670571689
2025-01-04 00:00:00,90.43,343.9525,10.762437388061956
2025-01-04 01:00:00,90.29,370.4775,10.627352623731307
2025-01-04 02:00:00,90.2,396.225,10.235319380563483
2025-01-04 03:00:00,91.52,418.0225,10.764827372657654
2025-01-04 04:00:00,95.95,446.395,10.622702607786797
2025-01-04 05:00:00,102.11,459.15999999999997,10.242957744400147
2025-01-04 06:00:00,110.66,463.8375,10.766888126959147
2025-01-04 07:00:00,119.96,452.24,10.618332506654292
2025-01-04 08:00:00,128.39,438.3725,10.250241223146817
2025-01-04 09:00:00,130.75,431.8075,10.768660221807394
2025-01-04 10:00:00,130.34,417.4,10.614218553567362
2025-01-04 11:00:00,128.29,425.0725,10.257196908191425
2025-01-04 12:00:00,130.03,419.995,10.770178382280271
2025-01-04 13:00:00,129.85,422.5225,10.610339597059307
2025-01-04 14:00:00,136.4,420.6575,10.26384899896183
2025-01-04 15:00:00,138.72,411.865,10.771472470742921
2025-01-04 16:00:00,142.0,405.3,10.606676751500926
2025-01-04 17:00:00,151.24,409.8325,10.270219198463662
2025-01-04 18:00:00,143.85,414.3725,10.772568280939256
2025-01-04 19:00:00,137.96,424.96,10.60321310186921
2025-01-04 20:00:00,129.49,429.555,10.276327043164127
2025-01-04 21:00:00,122.83,425.86,10.773488183838003
2025-01-04 22:00:00,118.29,428.71500000000003,10.599933453286349
2025-01-04 23:00:00,109.49,417.6675,10.282190179966781
2025-01-05 00:00:00,113.84,400.6325,10.774251656270145
2025-01-05 01:00:00,100.33,397.1825,10.596824117676075
2025-01-05 02:00:00,93.61,389.8825,10.28782460020564
2025-01-05 03:00:00,93.87,386.3675,10.774875716222432
2025-01-05 04:00:00,89.38,373.325,10.593872731322502
2025-01-05 05:00:00,83.55,348.545,10.29324483846476
2025-01-05 06:00:00,83.92,333.065,10.775375283285452
2025-01-05 07:00:00,82.53,310.27,10.59106809826389
2025-01-05 08:00:00,84.05,286.115,10.298464142413314
2025-01-05 09:00:00,89.15,272.3325,10.775763478704096
2025-01-05 10:00:00,82.95,245.405,10.588400055372551
2025-01-05 11:00:00,88.82,235.0675,10.303494618604269
2025-01-05 12:00:00,81.66,213.0625,10.776051876395313
2025-01-05 13:00:00,78.39,203.7525,10.585859355709996
2025-01-05 14:00:00,68.0,190.8625,10.308347358220846
2025-01-05 15:00:00,50.64,184.485,10.776250713933035
2025-01-05 16:00:00,49.91,172.9375,10.583437567342015
2025-01-05 17:00:00,66.3,170.99,10.313032546001411
2025-01-05 18:00:00,65.05,161.6575,10.776369070672674
2025-01-05 19:00:00,51.28,152.5575,10.58112698528039
2025-01-05 20:00:00,36.85,152.16,10.317559554979304
2025-01-05 21:00:00,36.8,161.9775,10.7764150187654
2025-01-05 22:00:00,34.68,161.6025,10.578920554610038
2025-01-05 23:00:00,28.14,136.72750000000002,10.32193702920212
2025-01-06 00:00:00,27.52,136.7225,10.776395751698539
2025-01-06 01:00:00,19.26,136.70999999999998,10.576811803180316
2025-01-06 02:00:00,11.35,132.59,10.326172956217798
2025-01-06 03:00:00,9.2,128.68,10.77631769412042
2025-01-06 04:00:00,10.0,122.41499999999999,10.574794782501543
2025-01-06 05:00:00,14.81,117.815,10.330274730811226
2025-01-06 06:00:00,23.82,120.995,10.776186596011843
2025-01-06 07:00:00,31.72,127.46000000000001,10.572864015703363
2025-01-06 08:00:00,41.37,125.85,10.334249211229285
2025-01-06 09:00:00,36.36,112.0025,10.776007613711272
2025-01-06 10:00:00,34.69,102.91499999999999,10.57101445158983
2025-01-06 11:00:00,32.83,99.395,10.33810276893201
2025-01-06 12:00:00,31.28,98.35249999999999,10.775785379855982
2025-01-06 13:00:00,28.6,103.95,10.569241423973633
2025-01-06 14:00:00,25.61,114.195,10.341841332743785
2025-01-06 15:00:00,26.32,119.7275,10.7755240639428
2025-01-06 16:00:00,26.87,132.0225,10.567540615594671
2025-01-06 17:00:00,31.66,154.36,10.345470428143543
2025-01-06 18:00:00,31.58,156.4375,10.775227424921905
2025-01-06 19:00:00,28.74,160.3175,10.565908026030721
2025-01-06 20:00:00,26.59,163.2,10.348995212321485
2025-01-06 21:00:00,13.82,159.9225,10.774898857001022
2025-01-06 22:00:00,26.94,155.0775,10.564339943093618
2025-01-06 23:00:00,12.99,140.82999999999998,10.352420505537186
2025-01-07 00:00:00,19.07,135.78,10.774541429644469
2025-01-07 01:00:00,8.71,137.165,10.562832917276724
2025-01-07 02:00:00,8.9,136.98250000000002,10.355750819236665
2025-01-07 03:00:00,5.01,138.5975,10.77415792259325
2025-01-07 04:00:00,5.13,148.6925,10.56138373887994
2025-01-07 05:00:00,5.8,159.58249999999998,10.358990381321243
2025-01-07 06:00:00,48.86,181.39249999999998,10.77375085660205
2025-01-07 07:00:00,76.83,192.86,10.55998941749014
2025-01-07 08:00:00,85.08,194.265,10.362143158906584
2025-01-07 09:00:00,84.24,181.6525,10.77332252048108
2025-01-07 10:00:00,75.25,166.84,10.55864716353838
2025-01-07 11:00:00,62.8,162.255,10.365212878864234
2025-01-07 12:00:00,62.44,163.7175,10.77287499494135
2025-01-07 13:00:00,63.9,172.6625,10.55735437169227
2025-01-07 14:00:00,72.56,191.2475,10.368203046399147
2025-01-07 15:00:00,78.11,206.0225,10.772410173667184
2025-01-07 16:00:00,79.98,213.3075,10.55610860587366
2025-01-07 17:00:00,96.03,223.7225,10.371116961883386
2025-01-07 18:00:00,101.11,232.67,10.771929781977681
2025-01-07 19:00:00,86.21,234.425,10.55490758571855
2025-01-07 20:00:00,78.01,229.6125,10.373957736138047
2025-01-07 21:00:00,72.45,227.33249999999998,10.771435393386325
2025-01-07 22:00:00,72.45,229.7475,10.553749174319652
2025-01-07 23:00:00,50.04,217.015,10.376728304331218
2025-01-08 00:00:00,71.05,218.84,10.770928444324156
2025-01-08 01:00:00,68.01,225.04500000000002,10.552631367111657
2025-01-08 02:00:00,63.34,224.14249999999998,10.379431438638967
2025-01-08 03:00:00,57.01,231.225,10.77041024725461
2025-01-08 04:00:00,66.29,253.12,10.551552281776631
2025-01-08 05:00:00,72.07,269.0475,10.38206975979855
2025-01-08 06:00:00,82.7,280.6625,10.76988200237683
2025-01-08 07:00:00,100.73,297.4475,10.550510149061695
2025-01-08 08:00:00,128.22,310.46,10.384645747667555
2025-01-08 09:00:00,108.18,312.1225,10.769344808087487
2025-01-08 10:00:00,94.65,314.9325,10.549503304414056
2025-01-08 11:00:00,100.01,322.0175,10.387161750889314
2025-01-08 12:00:00,89.99,331.47,10.768799670348509
2025-01-08 13:00:00,97.2,342.275,10.54853018034952
2025-01-08 14:00:00,110.19,341.4325,10.389619995753376
2025-01-08 15:00:00,127.8,337.21999999999997,10.768247511088711
2025-01-08 16:00:00,135.82,344.18,10.547589299480437
2025-01-08 17:00:00,155.46,360.83,10.392022594329642
2025-01-08 18:00:00,149.23,363.7525,10.767689175750647
2025-01-08 19:00:00,146.48,380.4375,10.546679268137336
2025-01-08 20:00:00,136.86,391.9725,10.394371551946094
2025-01-08 21:00:00,127.86,397.605,10.767125440079912
2025-01-08 22:00:00,115.92,397.71999999999997,10.545798770526014
2025-01-08 23:00:00,103.59,398.95,10.396668774072243
2025-01-09 00:00:00,101.44,404.555,10.76655701624184
2025-01-09 01:00:00,100.0,415.4875,10.544946563368207
2025-01-09 02:00:00,98.77,420.185,10.3989160726637
2025-01-09 03:00:00,95.22,422.8,10.765984558339905
2025-01-09 04:00:00,98.28,428.48,10.544121470979752
2025-01-09 05:00:00,102.65,422.4825,10.401115172017464
2025-01-09 06:00:00,133.54,410.7225,10.76540866740118
2025-01-09 07:00:00,148.8,413.4075,10.543322380744932
2025-01-09 08:00:00,164.88,405.96000000000004,10.403267714182084
2025-01-09 09:00:00,156.15,396.22,10.764829895886194
2025-01-09 10:00:00,147.64,384.9325,10.542548238950323
2025-01-09 11:00:00,140.21,382.3325,10.40537526396251
2025-01-09 12:00:00,128.18,384.4325,10.764248751773788
2025-01-09 13:00:00,121.15,387.025,10.54179804694515
2025-01-09 14:00:00,123.95,380.6,10.407439313555262
2025-01-09 15:00:00,127.53,365.7325,10.763665702265532
2025-01-09 16:00:00,123.75,355.74,10.541070857598559
2025-01-09 17:00:00,130.91,360.3275,10.409461286845895
2025-01-09 18:00:00,134.75,357.68,10.76308117714915
2025-01-09 19:00:00,125.44,346.5325,10.540365772027432
2025-01-09 20:00:00,119.23,339.385,10.411442543397738
2025-01-09 21:00:00,104.99,337.3375,10.762495571855862
2025-01-09 22:00:00,101.1,331.15250000000003,10.53968193657075
2025-01-09 23:00:00,88.19,301.79,10.413384382157865
2025-01-10 00:00:00,84.79,282.48,10.761909250242615
2025-01-10 01:00:00,80.23,267.61,10.539018539989177
2025-01-10 02:00:00,71.29,256.8575,10.415288044903868
2025-01-10 03:00:00,69.05,275.5075,10.761322547126648
2025-01-10 04:00:00,69.89,296.4925,10.53837481087045
2025-01-10 05:00:00,83.9,321.94,10.417154719452702
2025-01-10 06:00:00,99.09,340.2875,10.76073577059694
2025-01-10 07:00:00,123.92,345.9825,10.537750015223056
2025-01-10 08:00:00,139.47,344.785,10.418985542650889
2025-01-10 09:00:00,136.92,338.6625,10.76014920412421
2025-01-10 10:00:00,123.57,336.27,10.537143454242573
2025-01-10 11:00:00,113.59,336.505,10.420781603163544
2025-01-10 12:00:00,107.43,327.115,10.759563108489049
2025-01-10 13:00:00,105.01,336.545,10.536554462236174
2025-01-10 14:00:00,110.01,349.35249999999996,10.42254394407817
2025-01-10 15:00:00,128.69,352.8325,10.758977723545435
2025-01-10 16:00:00,134.87,350.6275,10.535982404692481
2025-01-10 17:00:00,142.56,355.105,10.42427356533759
2025-01-10 18:00:00,144.12,362.0175,10.758393269835212
2025-01-10 19:00:00,141.05,371.1675,10.535426676484999
2025-01-10 20:00:00,134.82,376.07,10.425971426015252
2025-01-10 21:00:00,122.51,377.455,10.757809950067529
2025-01-10 22:00:00,119.77,371.9975,10.534886700198363
2025-01-10 23:00:00,111.71,373.48,10.427638446444854
2025-01-11 00:00:00,106.64,369.23,10.757227950475542
2025-01-11 01:00:00,98.99,356.615,10.534361924567822
2025-01-11 02:00:00,95.71,343.77,10.429275510215234
2025-01-11 03:00:00,89.45,333.985,10.756647442061828
2025-01-11 04:00:00,88.35,332.695,10.533851823022989
2025-01-11 05:00:00,88.4,328.865,10.430883466040589
2025-01-11 06:00:00,88.13,331.5075,10.756068581742374
2025-01-11 07:00:00,94.68,328.2375,10.533355892327895
2025-01-11 08:00:00,107.65,322.9975,10.43246312951509
2025-01-11 09:00:00,103.14,307.6825,10.75549151339839
2025-01-11 10:00:00,101.13,289.305,10.532873651309918
2025-01-11 11:00:00,99.56,282.3625,10.434015284760378
2025-01-11 12:00:00,96.74,291.39,10.75491636884402
2025-01-11 13:00:00,93.15,304.7925,10.53240463967094
2025-01-11 14:00:00,94.9,306.745,10.43554068597354
2025-01-11 15:00:00,104.89,304.90250000000003,10.754343268717385
2025-01-11 16:00:00,112.12,296.525,10.531948416874517
2025-01-11 17:00:00,119.8,302.895,10.43704005888264
2025-01-11 18:00:00,122.34,303.7875,10.753772323301623
2025-01-11 19:00:00,114.85,310.52250000000004,10.531504561103475
2025-01-11 20:00:00,111.19,320.81,10.438514102116365
2025-01-11 21:00:00,104.8,335.2575,10.753203633281954
2025-01-11 22:00:00,103.07,348.5575,10.531072668282825
2025-01-11 23:00:00,105.69,338.0625,10.439963488493596
2025-01-12 00:00:00,83.58,351.71500000000003,10.7526372904442
2025-01-12 01:00:00,83.79,356.2375,10.530652351163134
2025-01-12 02:00:00,86.75,356.4375,10.441388866238553
2025-01-12 03:00:00,84.2,344.5675,10.752073378319796
2025-01-12 04:00:00,85.0,348.6175,10.53024323846021
2025-01-12 05:00:00,83.75,377.36,10.442790860126445
2025-01-12 06:00:00,85.9,405.245,10.751511972781685
2025-01-12 07:00:00,101.75,415.235,10.52984497404691
2025-01-12 08:00:00,114.67,410.84000000000003,10.444170072564356
2025-01-12 09:00:00,120.07,398.51,10.750953142595202
2025-01-12 10:00:00,117.77,390.135,10.529457216193578
2025-01-12 11:00:00,105.61,375.03,10.445527084611632
2025-01-12 12:00:00,102.99,351.065,10.750396949927703
2025-01-12 13:00:00,99.61,372.2825,10.529079636853634
2025-01-12 14:00:00,104.74,427.0475,10.446862456943771
2025-01-12 15:00:00,118.7,453.29,10.749843450820238
2025-01-12 16:00:00,132.92,437.10749999999996,10.528711920991245
2025-01-12 17:00:00,141.0,445.1725,10.448176730763471
2025-01-12 18:00:00,146.66,453.9975,10.749292695624396
2025-01-12 19:00:00,143.66,477.7075,10.528353765948196
2025-01-12 20:00:00,134.86,496.5725,10.449470428662272
2025-01-12 21:00:00,127.49,503.28249999999997,10.748744729407047
2025-01-12 22:00:00,121.2,518.085,10.528004880847346
2025-01-12 23:00:00,114.9,532.185,10.450744055435864
2025-01-13 00:00:00,112.39,525.2225000000001,10.748199592325632
2025-01-13 01:00:00,105.07,515.205,10.527664986030187
2025-01-13 02:00:00,104.46,502.755,10.451998098856098
2025-01-13 03:00:00,100.37,478.39,10.747657319976243
2025-01-13 04:00:00,100.0,459.8875,10.527333812526281
2025-01-13 05:00:00,110.11,435.4,10.453233030402279
2025-01-13 06:00:00,140.28,419.8775,10.747117943716656
2025-01-13 07:00:00,181.92,409.1875,10.527011101552482
2025-01-13 08:00:00,223.09,387.34000000000003,10.454449305954391
2025-01-13 09:00:00,174.09,357.245,10.74658149096627
2025-01-13 10:00:00,141.69,328.6175,10.526696604039966
2025-01-13 11:00:00,115.73,319.72249999999997,10.45564736645045
2025-01-13 12:00:00,104.1,314.8675,10.746047985484706
2025-01-13 13:00:00,103.04,328.145,10.526390080187362
2025-01-13 14:00:00,104.67,361.11,10.456827638510283
2025-01-13 15:00:00,138.2,378.5575,10.745517447630771
2025-01-13 16:00:00,142.62,377.1075,10.526091299038248
2025-01-13 17:00:00,149.0,375.555,10.457990535027657
2025-01-13 18:00:00,149.0,372.8,10.744989894603126
2025-01-13 19:00:00,139.73,374.365,10.525800038081503
2025-01-13 20:00:00,123.18,368.5,10.459136455732722
2025-01-13 21:00:00,120.22,364.5075,10.744465340664252
2025-01-13 22:00:00,115.57,359.6,10.52551608287309
2025-01-13 23:00:00,102.31,354.8075,10.460265787726426
2025-01-14 00:00:00,106.38,349.28,10.74394379734874
2025-01-14 01:00:00,103.7,345.625,10.52523922667793
2025-01-14 02:00:00,99.08,337.18,10.461378905988648
2025-01-14 03:00:00,97.99,342.1225,10.743425273657246
2025-01-14 04:00:00,101.88,346.665,10.524969270130644
2025-01-14 05:00:00,107.64,349.3575,10.462476173861482
2025-01-14 06:00:00,123.4,354.21,10.742909776237072
2025-01-14 07:00:00,156.62,346.365,10.524706020913985
2025-01-14 08:00:00,184.03,329.425,10.463557943509128
2025-01-14 09:00:00,151.86,312.16499999999996,10.742397309550391
2025-01-14 10:00:00,117.62,304.9775,10.524449293453946
2025-01-14 11:00:00,109.31,298.9825,10.464624556355732
2025-01-14 12:00:00,103.11,298.1925,10.741887876030985
2025-01-14 13:00:00,108.11,307.9375,10.524198908630474
2025-01-14 14:00:00,115.35,331.4025,10.465676343502425
2025-01-14 15:00:00,125.35,350.325,10.741381476230362
2025-01-14 16:00:00,141.97,353.2075,10.52395469350293
2025-01-14 17:00:00,165.86,358.02,10.466713626124676
2025-01-14 18:00:00,170.07,364.61,10.740878108953996
2025-01-14 19:00:00,158.38,380.5925,10.523716481049398
2025-01-14 20:00:00,135.46,388.6225,10.467736715851082
2025-01-14 21:00:00,117.69,395.68,10.740377771388403
2025-01-14 22:00:00,121.0,400.6575,10.523484109919018
2025-01-14 23:00:00,121.76,392.4575,10.468745915124641
2025-01-15 00:00:00,108.28,392.83500000000004,10.73988045921967
2025-01-15 01:00:00,107.72,410.8225,10.523257424196622
2025-01-15 02:00:00,108.41,424.4325,10.4697415175474
2025-01-15 03:00:00,108.04,431.275,10.739386166744088
2025-01-15 04:00:00,108.75,434.4925,10.523036273178949
2025-01-15 05:00:00,114.92,437.8575,10.470723808209417
2025-01-15 06:00:00,134.49,440.9975,10.73889488697144
2025-01-15 07:00:00,191.79,441.46500000000003,10.522820511161775
2025-01-15 08:00:00,307.24,440.5075,10.471693064002869
2025-01-15 09:00:00,315.02,441.8275,10.738406611721384
2025-01-15 10:00:00,311.03,433.6775,10.52260999723738
2025-01-15 11:00:00,304.8,435.1925,10.472649553922096
2025-01-15 12:00:00,311.02,440.0725,10.737921331713503
2025-01-15 13:00:00,309.34,448.175,10.522404595101682
2025-01-15 14:00:00,285.83,457.03,10.473593539350295
2025-01-15 15:00:00,301.74,458.68,10.737439036651395
2025-01-15 16:00:00,333.52,451.5325,10.522204172870648
2025-01-15 17:00:00,377.99,449.0825,10.474525274333603
2025-01-15 18:00:00,324.74,453.56,10.73695971530125
2025-01-15 19:00:00,270.09,462.34000000000003,10.522008602905288
2025-01-15 20:00:00,181.66,471.7275,10.475445005843191
2025-01-15 21:00:00,150.87,472.9225,10.736483355565229
2025-01-15 22:00:00,141.16,468.7225,10.521817761644952
2025-01-15 23:00:00,123.9,453.04499999999996,10.476352974026005
2025-01-16 00:00:00,126.33,454.5925,10.736009944550107
2025-01-16 01:00:00,119.12,460.0525,10.521631529448307
2025-01-16 02:00:00,117.62,456.0375,10.477249412444701
2025-01-16 03:00:00,115.03,444.865,10.735539468631357
2025-01-16 04:00:00,115.75,437.1875,10.52144979044172
2025-01-16 05:00:00,123.27,423.2,10.478134548307361
2025-01-16 06:00:00,138.7,400.7,10.7350719135131
2025-01-16 07:00:00,173.04,390.305,10.52127243237456
2025-01-16 08:00:00,199.65,379.53999999999996,10.479008602687472
2025-01-16 09:00:00,175.0,364.2375,10.73460726428414
2025-01-16 10:00:00,151.9,350.945,10.521099346481083
2025-01-16 11:00:00,140.64,346.8075,10.47987179073467
2025-01-16 12:00:00,131.13,352.7125,10.734145505470346
2025-01-16 13:00:00,130.58,369.645,10.520930427348578
2025-01-16 14:00:00,138.42,389.275,10.480724321876682
2025-01-16 15:00:00,163.04,395.945,10.733686621083631
2025-01-16 16:00:00,179.2,392.22749999999996,10.520765572791387
2025-01-16 17:00:00,191.56,393.3275,10.481566400012936
2025-01-16 18:00:00,184.32,401.8125,10.733230594667763
2025-01-16 19:00:00,179.97,405.595,10.520604683730575
2025-01-16 20:00:00,159.6,416.29999999999995,10.482398223700196
2025-01-16 21:00:00,141.6,424.73,10.732777409341193
2025-01-16 22:00:00,135.29,423.5175,10.52044766407887
2025-01-16 23:00:00,123.75,419.19,10.48321998633066
2025-01-17 00:00:00,118.87,418.4775,10.732327047837094
2025-01-17 01:00:00,118.39,425.6775,10.520294420630677
2025-01-17 02:00:00,115.71,431.16499999999996,10.484031876302822
2025-01-17 03:00:00,114.72,434.2725,10.731879492540834
2025-01-17 04:00:00,115.48,435.88,10.520144862956883
2025-01-17 05:00:00,122.16,436.075,10.484834077185495
2025-01-17 06:00:00,140.8,425.12,10.731434725524966
2025-01-17 07:00:00,175.01,423.3125,10.519998903304181
2025-01-17 08:00:00,208.13,419.585,10.48562676787529
2025-01-17 09:00:00,175.34,407.9275,10.730992728582011
2025-01-17 10:00:00,158.0,399.6025,10.519856456498749
2025-01-17 11:00:00,140.73,396.41999999999996,10.486410122747863
2025-01-17 12:00:00,126.44,398.5375,10.730553483255035
2025-01-17 13:00:00,124.03,404.9375,10.519717439854011
2025-01-17 14:00:00,132.99,416.785,10.487184311803224
2025-01-17 15:00:00,151.98,417.645,10.7301169708663
2025-01-17 16:00:00,170.21,416.485,10.519581773082313
2025-01-17 17:00:00,178.79,429.85749999999996,10.487949500805373
2025-01-17 18:00:00,179.92,441.45500000000004,10.729683172544016
2025-01-17 19:00:00,174.22,452.5025,10.519449378210302
2025-01-17 20:00:00,157.91,461.47,10.488705851416519
2025-01-17 21:00:00,145.0,468.9375,10.729252069247329
2025-01-17 22:00:00,139.97,474.61,10.519320179497859
2025-01-17 23:00:00,126.84,470.285,10.489453521326173
2025-01-18 00:00:00,125.29,474.67,10.728823641789717
2025-01-18 01:00:00,121.05,472.1075,10.51919410336035
2025-01-18 02:00:00,120.98,473.195,10.490192664375277
2025-01-18 03:00:00,118.85,466.3425,10.728397870860807
2025-01-18 04:00:00,116.46,468.29,10.519071078294148
2025-01-18 05:00:00,119.77,464.68,10.490923430675622
2025-01-18 06:00:00,119.75,470.9225,10.727974737046784
2025-01-18 07:00:00,133.39,473.62,10.51895103480511
2025-01-18 08:00:00,145.63,454.425,10.491645966724803
2025-01-18 09:00:00,144.1,428.6775,10.727554220849425
2025-01-18 10:00:00,131.21,398.83500000000004,10.518833905340047
2025-01-18 11:00:00,121.56,397.905,10.492360415516867
2025-01-18 12:00:00,118.87,393.1375,10.727136302703881
2025-01-18 13:00:00,115.01,407.2875,10.51871962422091
2025-01-18 14:00:00,119.32,438.395,10.493066916648813
2025-01-18 15:00:00,133.32,450.40999999999997,10.726720962995296
2025-01-18 16:00:00,149.71,435.7125,10.51860812758163
2025-01-18 17:00:00,164.59,436.58500000000004,10.493765606423196
2025-01-18 18:00:00,167.57,448.65999999999997,10.726308182074263
2025-01-18 19:00:00,167.85,456.74,10.51849935330746
2025-01-18 20:00:00,156.12,462.18,10.494456617946984
2025-01-18 21:00:00,143.42,474.07,10.725897940271265
2025-01-18 22:00:00,136.4,490.285,10.51839324097675
2025-01-18 23:00:00,129.36,488.40250000000003,10.49514008122678
2025-01-19 00:00:00,129.73,496.4975,10.725490217910163
2025-01-19 01:00:00,124.2,494.345,10.518289731804973
2025-01-19 02:00:00,123.05,492.1175,10.495816123260616
2025-01-19 03:00:00,121.24,483.31,10.72508499532071
2025-01-19 04:00:00,120.18,471.2575,10.518188768590973
2025-01-19 05:00:00,120.0,467.4525,10.49648486812647
2025-01-19 06:00:00,121.57,473.23249999999996,10.724682252850235
2025-01-19 07:00:00,123.33,459.35249999999996,10.518090295665253
2025-01-19 08:00:00,123.6,421.5875,10.497146437067585
2025-01-19 09:00:00,125.16,373.24,10.724281970874522
2025-01-19 10:00:00,125.19,342.7575,10.51799425884034
2025-01-19 11:00:00,121.56,333.6775,10.497800948574788
2025-01-19 12:00:00,112.25,348.9775,10.723884129807905
2025-01-19 13:00:00,107.51,383.3825,10.517900605362945
2025-01-19 14:00:00,116.81,430.075,10.498448518465912
2025-01-19 15:00:00,126.29,447.15999999999997,10.723488710112669
2025-01-19 16:00:00,140.15,436.52750000000003,10.517809283868042
2025-01-19 17:00:00,149.67,440.5075,10.499089259962425
2025-01-19 18:00:00,159.04,449.0025,10.723095692307785
2025-01-19 19:00:00,156.6,458.2075,10.517720244334615
2025-01-19 20:00:00,149.06,459.615,10.499723283763384
2025-01-19 21:00:00,139.26,460.9175,10.722705056976983
2025-01-19 22:00:00,130.99,464.7825,10.517633438043141
2025-01-19 23:00:00,122.94,472.17,10.500350698116879
2025-01-20 00:00:00,122.27,471.325,10.722316784776273
2025-01-20 01:00:00,119.44,475.4275,10.517548817534582
2025-01-20 02:00:00,116.56,473.3125,10.500971608888959
2025-01-20 03:00:00,114.41,467.9575,10.721930856440888
2025-01-20 04:00:00,115.45,460.65,10.517466336570974
2025-01-20 05:00:00,127.54,455.0525,10.50158611963025
2025-01-20 06:00:00,161.71,440.2525,10.721547252791723
2025-01-20 07:00:00,276.48,435.12,10.517385950097427
2025-01-20 08:00:00,431.99,422.3675,10.502194331640302
2025-01-20 09:00:00,291.7,403.485,10.72116595474125
2025-01-20 10:00:00,236.29,395.1575,10.517307614205546
2025-01-20 11:00:00,187.48,394.6975,10.50279634402977
2025-01-20 12:00:00,176.0,407.58,10.720786943299025
2025-01-20 13:00:00,171.39,418.77750000000003,10.51723128609816
2025-01-20 14:00:00,191.85,433.59499999999997,10.503392253780488
2025-01-20 15:00:00,277.17,442.0725,10.72041019957671
2025-01-20 16:00:00,402.12,436.015,10.51715692405537
2025-01-20 17:00:00,583.4,440.28999999999996,10.503982155803586
2025-01-20 18:00:00,473.28,446.6725,10.72003570479273
2025-01-20 19:00:00,295.57,450.03000000000003,10.5170844874018
2025-01-20 20:00:00,220.0,460.61,10.504566142995643
2025-01-20 21:00:00,170.0,472.625,10.71966344027653
2025-01-20 22:00:00,152.51,476.075,10.517013936475005
2025-01-20 23:00:00,137.98,471.0175,10.505144306293
2025-01-21 00:00:00,127.52,465.485,10.719293387472472
2025-01-21 01:00:00,121.65,463.65,10.516945232595052
2025-01-21 02:00:00,116.67,457.8225,10.505716734724327
2025-01-21 03:00:00,113.86,456.7475,10.718925527943401
2025-01-21 04:00:00,113.54,444.6775,10.516878338035136
2025-01-21 05:00:00,122.34,430.8625,10.506283515461435
2025-01-21 06:00:00,142.2,417.58000000000004,10.71855984337391
2025-01-21 07:00:00,190.06,413.855,10.516813215993263
2025-01-21 08:00:00,248.32,401.9425,10.506844733868483
2025-01-21 09:00:00,211.68,392.0475,10.718196315573275
2025-01-21 10:00:00,198.05,382.64750000000004,10.516749830564898
2025-01-21 11:00:00,161.5,384.025,10.50740047354958
2025-01-21 12:00:00,147.44,387.99,10.717834926478137
2025-01-21 13:00:00,142.83,407.105,10.516688146716598
2025-01-21 14:00:00,150.05,428.33,10.507950816394885
2025-01-21 15:00:00,173.43,441.4625,10.717475658154928
2025-01-21 16:00:00,212.13,439.7075,10.51662813026054
2025-01-21 17:00:00,301.15,441.1675,10.50849584262521
2025-01-21 18:00:00,251.93,441.9025,10.717118492802026
2025-01-21 19:00:00,202.68,445.35,10.516569747829925
2025-01-21 20:00:00,174.84,451.54,10.509035630835276
2025-01-21 21:00:00,155.19,466.06,10.716763412751705
2025-01-21 22:00:00,138.6,466.955,10.516512966855226
2025-01-21 23:00:00,125.29,467.4775,10.509570258035541
2025-01-22 00:00:00,128.0,472.27500000000003,10.716410400471853
2025-01-22 01:00:00,125.06,472.3425,10.516457755541277
2025-01-22 02:00:00,122.22,472.5175,10.510099799692751
2025-01-22 03:00:00,121.66,466.5,10.716059438567495
2025-01-22 04:00:00,123.16,456.45,10.516404082845083
2025-01-22 05:00:00,128.32,446.045,10.51062432976925
2025-01-22 06:00:00,156.92,420.2375,10.71571050978212
2025-01-22 07:00:00,208.25,404.15,10.516351918454436
2025-01-22 08:00:00,238.6,386.135,10.511143920761066
2025-01-22 09:00:00,199.41,373.42,10.715363596998849
2025-01-22 10:00:00,179.06,368.345,10.51630123276719
2025-01-22 11:00:00,172.94,369.975,10.511658643734796
2025-01-22 12:00:00,165.0,379.11,10.715018683241398
2025-01-22 13:00:00,170.0,393.455,10.516251996871304
2025-01-22 14:00:00,179.92,401.7725,10.512168568363416
2025-01-22 15:00:00,195.67,396.9575,10.714675751674937
2025-01-22 16:00:00,199.04,381.3225,10.516204182525449
2025-01-22 17:00:00,208.99,374.005,10.512673762960958
2025-01-22 18:00:00,180.43,378.98,10.71433478560674
2025-01-22 19:00:00,167.08,382.59749999999997,10.51615776214036
2025-01-22 20:00:00,134.49,381.44,10.513174294516181
2025-01-22 21:00:00,127.78,388.1875,10.713995768486754
2025-01-22 22:00:00,128.09,385.12,10.516112708760707
2025-01-22 23:00:00,114.68,381.88,10.513670228725196
2025-01-23 00:00:00,113.7,379.395,10.713658683908013
2025-01-23 01:00:00,108.88,370.855,10.516068996047636
2025-01-23 02:00:00,105.58,355.2625,10.514161630023137
2025-01-23 03:00:00,100.01,349.8275,10.71332351560693
2025-01-23 04:00:00,97.59,338.4,10.516026598261819
2025-01-23 05:00:00,100.01,329.4175,10.51464856161488
2025-01-23 06:00:00,106.41,316.6775,10.712990247463475
2025-01-23 07:00:00,136.6,310.825,10.51598549024709
2025-01-23 08:00:00,159.03,299.1575,10.51513108550487
2025-01-23 09:00:00,155.42,288.90999999999997,10.712658863501277
2025-01-23 10:00:00,130.94,277.485,10.515945647414576
2025-01-23 11:00:00,116.1,254.0775,10.515609262526045
2025-01-23 12:00:00,94.93,243.7775,10.71232934788758
2025-01-23 13:00:00,88.56,246.06,10.515907045727369
2025-01-23 14:00:00,85.86,265.81,10.516083152367944
2025-01-23 15:00:00,89.8,280.9525,10.712001684933147
2025-01-23 16:00:00,89.87,285.7925,10.51586966168567
2025-01-23 17:00:00,106.75,290.3425,10.516552813603983
2025-01-23 18:00:00,112.0,290.3825,10.711675859092054
2025-01-23 19:00:00,101.87,276.92,10.515833472312385
2025-01-23 20:00:00,86.36,254.495,10.51701830371793
2025-01-23 21:00:00,74.28,252.07750000000001,10.711351854961427
2025-01-23 22:00:00,75.68,235.85250000000002,10.515798455139219
2025-01-23 23:00:00,58.23,214.8725,10.517479679129648
2025-01-24 00:00:00,69.03,201.8525,10.711029657281074
2025-01-24 01:00:00,58.16,194.835,10.515764588193152
2025-01-24 02:00:00,45.05,195.2175,10.517936995220065
2025-01-24 03:00:00,40.6,196.06,10.710709250933082
2025-01-24 04:00:00,50.17,197.7,10.515731849983396
2025-01-24 05:00:00,73.2,204.9075,10.518390306355474
2025-01-24 06:00:00,85.44,216.555,10.710390620941325
2025-01-24 07:00:00,109.16,217.28,10.515700219488702
2025-01-24 08:00:00,116.23,198.48000000000002,10.518839665911099
2025-01-24 09:00:00,96.34,178.5775,10.710073752470914
2025-01-24 10:00:00,88.9,174.9625,10.515669676145102
2025-01-24 11:00:00,78.44,168.05,10.51928512629404
2025-01-24 12:00:00,76.48,167.8725,10.709758630827602
2025-01-24 13:00:00,74.69,166.9525,10.515640199833994
2025-01-24 14:00:00,74.51,177.615,10.51972673896554
2025-01-24 15:00:00,74.51,183.73,10.709445241457146
2025-01-24 16:00:00,75.25,187.8725,10.515611770870613
2025-01-24 17:00:00,83.02,193.34,10.520164554462651
2025-01-24 18:00:00,88.59,197.3,10.709133569944573
2025-01-24 19:00:00,91.78,201.67000000000002,10.515584369992865
2025-01-24 20:00:00,84.99,202.055,10.520598622419298
2025-01-24 21:00:00,80.79,207.345,10.708823602013485
2025-01-24 22:00:00,91.97,217.2425,10.51555797835045
2025-01-24 23:00:00,86.29,198.915,10.521028991586736
2025-01-25 00:00:00,59.04,189.38,10.708515323525221
2025-01-25 01:00:00,64.96,188.7975,10.515532577494374
2025-01-25 02:00:00,63.55,194.6525,10.521455709853488
2025-01-25 03:00:00,67.17,200.5325,10.708208720478085
2025-01-25 04:00:00,76.77,199.6025,10.51550814936672
2025-01-25 05:00:00,76.89,194.065,10.521878824264704
2025-01-25 06:00:00,79.32,189.8,10.707903779006456
2025-01-25 07:00:00,76.89,190.64249999999998,10.515484676290779
2025-01-25 08:00:00,88.99,193.4625,10.522298381040986
2025-01-25 09:00:00,87.31,192.8725,10.707600485379917
2025-01-25 10:00:00,86.32,190.8025,10.515462140961427
2025-01-25 11:00:00,88.15,189.2625,10.522714425596755
2025-01-25 12:00:00,82.55,198.6325,10.707298826002319
2025-01-25 13:00:00,81.98,217.395,10.515440526435814
2025-01-25 14:00:00,89.0,270.7975,10.52312700255806
2025-01-25 15:00:00,111.07,326.985,10.70699878741087
2025-01-25 16:00:00,132.97,351.1225,10.515419816124318
2025-01-25 17:00:00,145.85,377.365,10.523536155779944
2025-01-25 18:00:00,151.0,392.4225,10.706700356275125
2025-01-25 19:00:00,147.53,407.095,10.515399993781768
2025-01-25 20:00:00,137.6,413.3225,10.523941928363337
2025-01-25 21:00:00,134.61,425.355,10.70640351939604
2025-01-25 22:00:00,132.26,436.845,10.515381043498921
2025-01-25 23:00:00,122.03,448.73,10.524344362671522
2025-01-26 00:00:00,126.21,439.8875,10.706108263704925
2025-01-26 01:00:00,115.79,412.7575,10.515362949694184
2025-01-26 02:00:00,111.3,396.095,10.524743500346114
2025-01-26 03:00:00,106.85,390.725,10.705814576262435
2025-01-26 04:00:00,105.43,380.5475,10.515345697105587
2025-01-26 05:00:00,107.86,352.72,10.52513938232268
2025-01-26 06:00:00,110.6,333.3275,10.705522444257525
2025-01-26 07:00:00,117.62,334.8425,10.515329270782964
2025-01-26 08:00:00,124.17,331.825,10.5255320488459
2025-01-26 09:00:00,121.97,302.7375,10.705231855006385
2025-01-26 10:00:00,105.51,266.5525,10.51531365608038
2025-01-26 11:00:00,102.57,249.70499999999998,10.525921539484374
2025-01-26 12:00:00,96.73,241.45250000000001,10.704942795951373
2025-01-26 13:00:00,90.02,261.24,10.515298838648768
2025-01-26 14:00:00,92.52,299.05,10.526307893144999
2025-01-26 15:00:00,111.63,338.26750000000004,10.704655254659938
2025-01-26 16:00:00,125.92,338.3125,10.515284804428783
2025-01-26 17:00:00,132.77,317.4625,10.52669114808703
2025-01-26 18:00:00,118.94,300.385,10.704369218823516
2025-01-26 19:00:00,90.32,270.205,10.515271539643818
2025-01-26 20:00:00,78.93,210.2975,10.527071341935724
2025-01-26 21:00:00,68.26,193.1775,10.704084676256443
2025-01-26 22:00:00,49.25,183.9425,10.515259030793285
2025-01-26 23:00:00,23.89,170.2125,10.527448511695674
2025-01-27 00:00:00,40.14,167.1125,10.703801614894834
2025-01-27 01:00:00,35.26,162.135,10.515247264646018
2025-01-27 02:00:00,26.38,155.4675,10.527822693763792
2025-01-27 03:00:00,14.07,154.8775,10.703520022795484
2025-01-27 04:00:00,10.1,153.735,10.515236228233903
2025-01-27 05:00:00,21.52,146.8475,10.528193923941949
2025-01-27 06:00:00,34.1,158.4275,10.703239888134734
2025-01-27 07:00:00,56.99,165.95499999999998,10.51522590884567
2025-01-27 08:00:00,71.76,167.3025,10.528562237449318
2025-01-27 09:00:00,62.96,169.03,10.702961199207365
2025-01-27 10:00:00,45.57,156.4325,10.515216294020844
2025-01-27 11:00:00,40.11,156.79250000000002,10.52892766893441
2025-01-27 12:00:00,35.66,159.6725,10.702683944425472
2025-01-27 13:00:00,38.37,170.485,10.515207371543898
2025-01-27 14:00:00,53.95,194.115,10.529290252486753
2025-01-27 15:00:00,86.79,226.245,10.702408112317316
2025-01-27 16:00:00,102.46,234.865,10.515199129438534
2025-01-27 17:00:00,118.56,234.1875,10.529650021648377
2025-01-27 18:00:00,118.67,224.6275,10.702133691526226
2025-01-27 19:00:00,100.05,218.0975,10.515191555962112
2025-01-27 20:00:00,94.07,200.49,10.530007009424923
2025-01-27 21:00:00,85.08,194.7425,10.701860670809461
2025-01-27 22:00:00,82.26,187.255,10.515184639600285
2025-01-27 23:00:00,69.28,184.715,10.530361248296522
2025-01-28 00:00:00,76.92,189.6275,10.701589039037076
2025-01-28 01:00:00,71.53,194.485,10.515178369061715
2025-01-28 02:00:00,57.33,199.0025,10.530712770228421
2025-01-28 03:00:00,69.28,210.9975,10.7013187851908
2025-01-28 04:00:00,76.92,230.5575,10.51517273327297
2025-01-28 05:00:00,77.59,255.79500000000002,10.5310616066813
2025-01-28 06:00:00,98.22,277.345,10.701049898362925
2025-01-28 07:00:00,125.45,291.46,10.515167721373547
2025-01-28 08:00:00,147.5,299.28499999999997,10.531407788621385
2025-01-28 09:00:00,135.3,292.8575,10.700782367755167
2025-01-28 10:00:00,120.53,296.25,10.515163322711036
2025-01-28 11:00:00,116.34,304.2025,10.531751346530292
2025-01-28 12:00:00,114.75,313.485,10.700516182677566
2025-01-28 13:00:00,117.39,319.9325,10.515159526836387
2025-01-28 14:00:00,121.33,324.1975,10.53209231041463
2025-01-28 15:00:00,139.91,328.38750000000005,10.700251332547362
2025-01-28 16:00:00,147.0,322.49,10.515156323499339
2025-01-28 17:00:00,149.6,312.775,10.5324307098154
2025-01-28 18:00:00,134.94,300.6925,10.699987806887883
2025-01-28 19:00:00,128.9,287.0975,10.515153702643943
2025-01-28 20:00:00,94.76,276.77250000000004,10.532766573817131
2025-01-28 21:00:00,87.26,275.8175,10.69972559532745
2025-01-28 22:00:00,79.8,258.1,10.515151654404212
2025-01-28 23:00:00,64.43,227.945,10.533099931056833
2025-01-29 00:00:00,87.72,219.4175,10.699464687598283
2025-01-29 01:00:00,83.39,217.925,10.515150169099886
2025-01-29 02:00:00,78.16,212.4925,10.533430809732705
2025-01-29 03:00:00,75.64,211.9225,10.69920507353539
2025-01-29 04:00:00,79.01,223.2575,10.515149237232317
2025-01-29 05:00:00,86.98,241.7025,10.533759237612683
2025-01-29 06:00:00,93.14,276.39,10.69894674307549
2025-01-29 07:00:00,141.42,284.275,10.515148849480422
2025-01-29 08:00:00,142.54,272.5775,10.534085242042725
2025-01-29 09:00:00,130.45,234.8375,10.698689686255923
2025-01-29 10:00:00,105.05,196.78,10.515148996696798
2025-01-29 11:00:00,89.25,173.5875,10.534408849954964
2025-01-29 12:00:00,85.0,172.1825,10.698433893213597
2025-01-29 13:00:00,85.53,186.8425,10.515149669903892
2025-01-29 14:00:00,87.67,230.35500000000002,10.534730087875621
2025-01-29 15:00:00,102.75,287.105,10.69817935418389
2025-01-29 16:00:00,132.66,301.555,10.515150860290284
2025-01-29 17:00:00,149.57,306.28,10.535048981932771
2025-01-29 18:00:00,150.09,311.775,10.697926059499617
2025-01-29 19:00:00,146.3,310.9325,10.515152559207078
2025-01-29 20:00:00,131.95,306.9375,10.535365557863905
2025-01-29 21:00:00,119.65,316.025,10.697673999589968
2025-01-29 22:00:00,111.99,322.12,10.515154758164359
2025-01-29 23:00:00,99.33,312.3275,10.535679841023324
2025-01-30 00:00:00,92.41,320.905,10.697423164979448
2025-01-30 01:00:00,92.43,330.2975,10.515157448827766
2025-01-30 02:00:00,93.33,344.3525,10.535991856389385
2025-01-30 03:00:00,92.95,354.595,10.697173546286853
2025-01-30 04:00:00,92.43,363.2875,10.515160623015136
2025-01-30 05:00:00,108.65,375.7975,10.536301628571533
2025-01-30 06:00:00,139.83,379.65,10.696925134224255
2025-01-30 07:00:00,152.64,381.90250000000003,10.515164272693225
2025-01-30 08:00:00,160.3,372.1625,10.536609181817225
2025-01-30 09:00:00,151.51,360.3925,10.696677919595947
2025-01-30 10:00:00,135.09,350.63,10.515168389974534
2025-01-30 11:00:00,123.25,356.71,10.536914540018673
2025-01-30 12:00:00,115.89,369.905,10.69643189329746
2025-01-30 13:00:00,113.3,379.89,10.51517296711421
2025-01-30 14:00:00,129.41,397.355,10.537217726719415
2025-01-30 15:00:00,153.22,404.485,10.696187046314538
2025-01-30 16:00:00,160.87,399.5425,10.515177996506996
2025-01-30 17:00:00,180.36,395.83,10.537518765120792
2025-01-30 18:00:00,176.58,390.9225,10.695943369722167
2025-01-30 19:00:00,161.28,387.2725,10.515183470684287
2025-01-30 20:00:00,150.2,387.605,10.537817678088215
2025-01-30 21:00:00,134.17,373.9125,10.695700854683551
2025-01-30 22:00:00,126.46,373.96000000000004,10.515189382311261
2025-01-30 23:00:00,120.2,371.31,10.538114488157351
2025-01-31 00:00:00,120.0,364.745,10.69545949244918
2025-01-31 01:00:00,117.08,356.8225,10.515195724184048
2025-01-31 02:00:00,113.89,355.2425,10.538409217540133
2025-01-31 03:00:00,113.12,358.085,10.69521927435582
2025-01-31 04:00:00,115.98,365.115,10.515202489226999
2025-01-31 05:00:00,120.74,360.765,10.538701888130639
2025-01-31 06:00:00,131.87,368.65999999999997,10.69498019182558
2025-01-31 07:00:00,157.97,374.6275,10.515209670490014
2025-01-31 08:00:00,163.7,368.005,10.538992521510883
2025-01-31 09:00:00,154.82,352.9175,10.694742236364949
2025-01-31 10:00:00,130.1,341.0575,10.515217261145931
2025-01-31 11:00:00,126.2,328.0425,10.539281138956405
2025-01-31 12:00:00,120.06,329.4325,10.694505399563864
2025-01-31 13:00:00,121.19,365.8425,10.515225254487973
2025-01-31 14:00:00,119.76,403.4825,10.539567761441823
2025-01-31 15:00:00,149.87,432.5825,10.694269673094757
2025-01-31 16:00:00,168.26,427.085,10.515233643927273
2025-01-31 17:00:00,185.26,430.625,10.539852409646196
2025-01-31 18:00:00,184.48,441.3275,10.694035048711658
2025-01-31 19:00:00,178.99,459.485,10.515242422990449
2025-01-31 20:00:00,162.66,476.5575,10.540135103958304
2025-01-31 21:00:00,152.7,485.8275,10.693801518249266
2025-01-31 22:00:00,144.31,499.62,10.515251585317221
2025-01-31 23:00:00,131.41,506.7025,10.540415864481805
2025-02-01 00:00:00,136.93,511.39,10.693569073622047
2025-02-01 01:00:00,129.42,511.4025,10.515261124658132
2025-02-01 02:00:00,124.24,510.08,10.540694711040295
2025-02-01 03:00:00,119.12,507.01,10.693337706823339
2025-02-01 04:00:00,118.86,508.87,10.515271034872255
2025-02-01 05:00:00,120.54,505.28,10.540971663182226
2025-02-01 06:00:00,127.1,504.3925,10.693107409924467
2025-02-01 07:00:00,144.74,487.035,10.515281309925019
2025-02-01 08:00:00,153.46,448.7275,10.541246740185766
2025-02-01 09:00:00,142.44,407.5925,10.692878175073865
2025-02-01 10:00:00,128.4,376.115,10.515291943886055
2025-02-01 11:00:00,120.08,361.005,10.541519961063507
2025-02-01 12:00:00,110.29,364.25,10.692649994496204
2025-02-01 13:00:00,103.4,389.4425,10.515302930927094
2025-02-01 14:00:00,113.7,437.445,10.541791344567102
2025-02-01 15:00:00,129.49,484.065,10.692422860491549
2025-02-01 16:00:00,154.43,485.17,10.515314265319896
2025-02-01 17:00:00,168.27,477.0175,10.542060909191818
2025-02-01 18:00:00,167.51,488.815,10.692196765434494
2025-02-01 19:00:00,162.98,498.355,10.515325941434298
2025-02-01 20:00:00,156.6,510.0425,10.542328673180938
2025-02-01 21:00:00,145.24,519.34,10.691971701773323
2025-02-01 22:00:00,141.73,529.8875,10.515337953736204
2025-02-01 23:00:00,131.74,534.2475000000001,10.542594654530138
2025-02-02 00:00:00,133.26,544.1800000000001,10.691747662029194
2025-02-02 01:00:00,126.91,551.755,10.515350296785712
2025-02-02 02:00:00,122.99,552.9225,10.54285887099173
2025-02-02 03:00:00,120.66,552.01,10.691524638795302
2025-02-02 04:00:00,122.34,557.1725,10.515362965235235
2025-02-02 05:00:00,123.41,556.1125,10.543121340078816
2025-02-02 06:00:00,128.09,557.355,10.691302624736068
2025-02-02 07:00:00,135.9,524.45,10.51537595382767
2025-02-02 08:00:00,137.3,462.42499999999995,10.54338207906938
2025-02-02 09:00:00,137.7,408.7875,10.69108161258635
2025-02-02 10:00:00,130.04,373.255,10.515389257394638
2025-02-02 11:00:00,129.33,355.93,10.54364110501028
2025-02-02 12:00:00,122.24,355.53,10.690861595150638
2025-02-02 13:00:00,111.88,383.425,10.515402870854722
2025-02-02 14:00:00,116.42,443.7075,10.543898434721163
2025-02-02 15:00:00,127.97,503.37,10.690642565302259
2025-02-02 16:00:00,151.21,502.92,10.515416789211793
2025-02-02 17:00:00,164.03,494.3675,10.544154084798295
2025-02-02 18:00:00,172.49,507.10249999999996,10.69042451598262
2025-02-02 19:00:00,173.95,519.655,10.515431007553307
2025-02-02 20:00:00,165.5,520.5375,10.544408071618316
2025-02-02 21:00:00,155.77,523.39,10.69020744020043
2025-02-02 22:00:00,148.44,537.2850000000001,10.515445521048726
2025-02-02 23:00:00,133.24,537.42,10.544660411341903
2025-02-03 00:00:00,129.54,540.415,10.689991331030942
2025-02-03 01:00:00,126.63,537.21,10.515460324947899
2025-02-03 02:00:00,124.72,526.3924999999999,10.544911119917412
2025-02-03 03:00:00,120.04,515.15,10.689776181615205
2025-02-03 04:00:00,123.24,508.2925,10.515475414579534
2025-02-03 05:00:00,127.77,486.9225,10.54516021308436
2025-02-03 06:00:00,159.18,472.2525,10.68956198515932
2025-02-03 07:00:00,207.88,460.905,10.515490785349652
2025-02-03 08:00:00,243.23,440.5125,10.545407706376919
2025-02-03 09:00:00,178.04,411.20500000000004,10.689348734933706
2025-02-03 10:00:00,149.95,379.9375,10.515506432740127
2025-02-03 11:00:00,126.05,362.52250000000004,10.545653615127296
2025-02-03 12:00:00,117.27,361.08500000000004,10.68913642427239
2025-02-03 13:00:00,115.29,373.9375,10.515522352307233
2025-02-03 14:00:00,124.18,409.6475,10.545897954469048
2025-02-03 15:00:00,145.86,431.2825,10.688925046572262
2025-02-03 16:00:00,170.71,438.1575,10.515538539680218
2025-02-03 17:00:00,216.0,447.005,10.54614073934035
2025-02-03 18:00:00,200.73,448.04,10.688714595292401
2025-02-03 19:00:00,201.1,450.17,10.515554990559922
2025-02-03 20:00:00,167.74,447.105,10.546381984487178
2025-02-03 21:00:00,153.0,453.365,10.688505063953361
2025-02-03 22:00:00,144.23,461.7825,10.515571700717423
2025-02-03 23:00:00,135.81,470.7975,10.546621704466432
2025-02-04 00:00:00,132.4,471.855,10.68829644613646
2025-02-04 01:00:00,125.54,465.3675,10.51558866599271
2025-02-04 02:00:00,123.18,459.675,10.546859913649024
2025-02-04 03:00:00,123.99,452.8775,10.688088735483142
2025-02-04 04:00:00,123.25,448.8975,10.515605882293372
2025-02-04 05:00:00,127.63,424.77,10.547096626222858
2025-02-04 06:00:00,155.42,409.0775,10.687881925694267
2025-02-04 07:00:00,192.24,404.7125,10.515623345593358
2025-02-04 08:00:00,211.99,395.255,10.547331856195793
2025-02-04 09:00:00,163.31,370.1875,10.687676010529456
2025-02-04 10:00:00,136.53,350.14,10.515641051931715
2025-02-04 11:00:00,126.57,341.315,10.547565617398542
2025-02-04 12:00:00,116.89,344.4525,10.687470983806435
2025-02-04 13:00:00,113.17,353.65999999999997,10.515658997411373
2025-02-04 14:00:00,120.09,370.7325,10.547797923487474
2025-02-04 15:00:00,127.47,387.4175,10.687266839400376
2025-02-04 16:00:00,164.81,383.3425,10.515677178197969
2025-02-04 17:00:00,168.99,380.3025,10.548028787947427
2025-02-04 18:00:00,175.0,385.9375,10.687063571243263
2025-02-04 19:00:00,162.04,387.23249999999996,10.515695590518671
2025-02-04 20:00:00,145.01,381.125,10.548258224094418
2025-02-04 21:00:00,132.43,383.79,10.686861173323262
2025-02-04 22:00:00,129.42,375.3,10.51571423066105
2025-02-04 23:00:00,120.62,378.0525,10.548486245078307
2025-02-05 00:00:00,113.34,381.265,10.686659639684075
2025-02-05 01:00:00,109.67,376.83500000000004,10.51573309497197
2025-02-05 02:00:00,109.4,368.1475,10.548712863885443
2025-02-05 03:00:00,108.18,371.25,10.68645896442434
2025-02-05 04:00:00,115.17,375.385,10.51575217985649
2025-02-05 05:00:00,122.42,375.1725,10.548938093341215
2025-02-05 06:00:00,139.81,377.89750000000004,10.686259141697
2025-02-05 07:00:00,165.32,387.45,10.515771481776794
2025-02-05 08:00:00,180.81,389.6225,10.549161946112585
2025-02-05 09:00:00,159.33,380.40999999999997,10.686060165708723
2025-02-05 10:00:00,132.19,379.1625,10.515790997251163
2025-02-05 11:00:00,119.96,368.55,10.549384434710548
2025-02-05 12:00:00,115.46,368.7325,10.685862030719273
2025-02-05 13:00:00,118.8,382.3875,10.515810722852947
2025-02-05 14:00:00,128.85,407.13,10.549605571492584
2025-02-05 15:00:00,144.12,418.535,10.685664731040948
2025-02-05 16:00:00,160.58,429.275,10.515830655209555
2025-02-05 17:00:00,177.19,441.51750000000004,10.549825368665022
2025-02-05 18:00:00,189.9,455.0875,10.685468261037983
2025-02-05 19:00:00,189.63,461.475,10.51585079100149
2025-02-05 20:00:00,170.0,484.485,10.550043838285383
2025-02-05 21:00:00,155.42,493.53999999999996,10.685272615125976
2025-02-05 22:00:00,143.7,504.6125,10.515871126961386
2025-02-05 23:00:00,133.21,511.0025,10.550260992264674
2025-02-06 00:00:00,133.67,514.49,10.685077787771323
2025-02-06 01:00:00,129.57,520.9875,10.515891659873065
2025-02-06 02:00:00,125.87,520.85,10.550476842369632
2025-02-06 03:00:00,125.0,516.03,10.684883773490647
2025-02-06 04:00:00,125.01,503.7075,10.515912386570621
2025-02-06 05:00:00,135.28,482.91499999999996,10.550691400224956
2025-02-06 06:00:00,156.12,466.68,10.684690566850254
2025-02-06 07:00:00,180.09,462.0675,10.515933303937521
2025-02-06 08:00:00,219.42,453.105,10.550904677315447
2025-02-06 09:00:00,178.99,449.315,10.684498162465573
2025-02-06 10:00:00,160.14,441.1425,10.51595440890574
2025-02-06 11:00:00,152.56,436.6475,10.551116684988143
2025-02-06 12:00:00,147.89,430.4975,10.684306555000632
2025-02-06 13:00:00,145.48,430.815,10.51597569845485
2025-02-06 14:00:00,137.79,430.48749999999995,10.55132743445443
2025-02-06 15:00:00,150.8,428.3875,10.684115739167497
2025-02-06 16:00:00,164.89,415.77250000000004,10.515997169611236
2025-02-06 17:00:00,171.59,408.155,10.551536936792058
2025-02-06 18:00:00,170.48,405.27750000000003,10.683925709725775
2025-02-06 19:00:00,162.95,403.48,10.516018819447227
2025-02-06 20:00:00,141.33,402.13,10.551745202947183
2025-02-06 21:00:00,131.26,400.985,10.683736461482058
2025-02-06 22:00:00,134.0,387.1775,10.516040645080292
2025-02-06 23:00:00,121.95,376.6775,10.551952243736316
2025-02-07 00:00:00,126.05,352.43,10.683547989289442
2025-02-07 01:00:00,112.7,341.1775,10.516062643672266
2025-02-07 02:00:00,108.82,323.45500000000004,10.552158069848305
2025-02-07 03:00:00,105.0,306.0625,10.683360288046991
2025-02-07 04:00:00,104.81,306.72,10.516084812428533
2025-02-07 05:00:00,105.07,309.28,10.552362691846193
2025-02-07 06:00:00,112.39,326.525,10.68317335269925
2025-02-07 07:00:00,141.66,324.43,10.51610714859731
2025-02-07 08:00:00,164.21,304.28,10.552566120169116
2025-02-07 09:00:00,150.36,279.14,10.682987178235724
2025-02-07 10:00:00,133.88,254.5975,10.516129649468867
2025-02-07 11:00:00,115.14,246.5,10.552768365134133
2025-02-07 12:00:00,111.49,252.86,10.68280175969043
2025-02-07 13:00:00,106.77,264.8975,10.516152312374793
2025-02-07 14:00:00,109.59,287.38,10.552969436938037
2025-02-07 15:00:00,111.68,314.485,10.682617092141381
2025-02-07 16:00:00,126.61,321.3675,10.516175134687316
2025-02-07 17:00:00,142.85,312.105,10.55316934565912
2025-02-07 18:00:00,149.05,314.3625,10.682433170710102
2025-02-07 19:00:00,144.32,320.0425,10.516198113818547
2025-02-07 20:00:00,126.93,322.675,10.55336810125891
2025-02-07 21:00:00,100.0,321.2125,10.682249990561182
2025-02-07 22:00:00,98.72,324.705,10.516221247219836
2025-02-07 23:00:00,100.14,297.925,10.553565713583886
2025-02-08 00:00:00,81.34,289.1425,10.682067546901783
2025-02-08 01:00:00,84.85,290.805,10.516244532381068
2025-02-08 02:00:00,85.8,292.84749999999997,10.553762192367168
2025-02-08 03:00:00,87.08,296.72249999999997,10.681885834981205
2025-02-08 04:00:00,89.69,302.33,10.516267966830025
2025-02-08 05:00:00,90.99,315.125,10.553957547230135
2025-02-08 06:00:00,90.8,320.515,10.681704850090398
2025-02-08 07:00:00,95.31,304.6625,10.51629154813171
2025-02-08 08:00:00,111.11,267.575,10.55415178768408
2025-02-08 09:00:00,92.68,234.4325,10.681524587561544
2025-02-08 10:00:00,79.42,221.1275,10.516315273887734
2025-02-08 11:00:00,68.75,220.3775,10.554344923131787
2025-02-08 12:00:00,67.71,229.5425,10.68134504276759
2025-02-08 13:00:00,79.85,267.21500000000003,10.516339141735676
2025-02-08 14:00:00,89.85,334.02750000000003,10.55453696286909
2025-02-08 15:00:00,118.0,391.695,10.681166211121807
2025-02-08 16:00:00,140.87,397.215,10.51636314934849
2025-02-08 17:00:00,150.0,387.615,10.554727916086415
2025-02-08 18:00:00,160.49,391.3775,10.680988088077394
2025-02-08 19:00:00,161.1,407.8975,10.516387294433885
2025-02-08 20:00:00,156.42,424.485,10.554917791870293
2025-02-08 21:00:00,149.0,443.2475,10.68081066912699
2025-02-08 22:00:00,144.0,466.9975,10.516411574733763
2025-02-08 23:00:00,136.31,471.77,10.55510659920484
2025-02-09 00:00:00,135.0,478.47,10.6806339498023
2025-02-09 01:00:00,134.51,478.5075,10.51643598802361
2025-02-09 02:00:00,130.18,480.35249999999996,10.55529434697322
2025-02-09 03:00:00,119.3,480.7375,10.680457925673657
2025-02-09 04:00:00,116.79,473.385,10.516460532111953
2025-02-09 05:00:00,117.0,458.21,10.555481043959063
2025-02-09 06:00:00,117.0,455.635,10.680282592349606
2025-02-09 07:00:00,133.43,416.11,10.51648520483981
2025-02-09 08:00:00,136.77,364.5525,10.555666698847906
2025-02-09 09:00:00,123.97,324.815,10.680107945476509
2025-02-09 10:00:00,114.79,299.11,10.516510004080136
2025-02-09 11:00:00,105.65,290.8725,10.55585132022854
2025-02-09 12:00:00,98.71,293.4275,10.67993398073813
2025-02-09 13:00:00,95.53,322.28999999999996,10.516534927737283
2025-02-09 14:00:00,109.9,370.1625,10.556034916594388
2025-02-09 15:00:00,120.4,401.4425,10.679760693855245
2025-02-09 16:00:00,141.96,395.045,10.516559973746496
2025-02-09 17:00:00,148.58,386.7075,10.556217496344853
2025-02-09 18:00:00,161.93,384.67499999999995,10.679588080585242
2025-02-09 19:00:00,156.13,395.95,10.516585140073392
2025-02-09 20:00:00,150.65,404.8675,10.556399067786614
2025-02-09 21:00:00,142.92,410.5925,10.679416136721743
2025-02-09 22:00:00,143.0,407.42,10.51661042471345
2025-02-09 23:00:00,127.97,409.2925,10.556579639134933
2025-02-10 00:00:00,118.58,404.5175,10.679244858094203
2025-02-10 01:00:00,111.82,398.1075,10.516635825691527
2025-02-10 02:00:00,109.22,394.655,10.556759218514902
2025-02-10 03:00:00,106.29,390.8125,10.67907424056756
2025-02-10 04:00:00,105.85,380.145,10.516661341061372
2025-02-10 05:00:00,112.0,358.59000000000003,10.556937813962739
2025-02-10 06:00:00,145.38,355.40250000000003,10.678904280041829
2025-02-10 07:00:00,162.02,350.125,10.516686968905145
2025-02-10 08:00:00,181.36,344.98,10.557115433426965
2025-02-10 09:00:00,163.18,327.9025,10.67873497245175
2025-02-10 10:00:00,135.9,313.0275,10.516712707332966
2025-02-10 11:00:00,115.28,309.28499999999997,10.557292084769637
2025-02-10 12:00:00,109.36,304.2525,10.678566313766423
2025-02-10 13:00:00,109.74,308.34000000000003,10.516738554482439
2025-02-10 14:00:00,123.07,316.98,10.557467775767543
2025-02-10 15:00:00,128.54,329.6625,10.678398299988942
2025-02-10 16:00:00,133.58,326.9825,10.516764508518216
2025-02-10 17:00:00,133.82,323.4625,10.557642514113358
2025-02-10 18:00:00,142.11,320.16499999999996,10.67823092715604
2025-02-10 19:00:00,114.85,314.2625,10.516790567631562
2025-02-10 20:00:00,94.37,309.065,10.55781630741679
2025-02-10 21:00:00,91.48,312.565,10.67806419133774
2025-02-10 22:00:00,88.87,297.7475,10.516816730039897
2025-02-10 23:00:00,87.38,284.885,10.557989163205718
2025-02-11 00:00:00,77.45,294.165,10.677898088636994
2025-02-11 01:00:00,71.1,297.6975,10.51684299398641
2025-02-11 02:00:00,71.62,303.8075,10.558161088927307
2025-02-11 03:00:00,74.89,308.08500000000004,10.677732615189372
2025-02-11 04:00:00,77.45,316.5825,10.516869357739601
2025-02-11 05:00:00,87.44,328.8775,10.558332091949085
2025-02-11 06:00:00,100.46,332.10749999999996,10.67756776716268
2025-02-11 07:00:00,134.93,337.675,10.516895819592918
2025-02-11 08:00:00,155.53,341.5475,10.55850217956003
2025-02-11 09:00:00,141.42,336.92,10.677403540756654
2025-02-11 10:00:00,96.65,333.13,10.51692237786432
2025-02-11 11:00:00,92.78,330.5825,10.558671358971624
2025-02-11 12:00:00,97.68,338.585,10.677239932202626
2025-02-11 13:00:00,111.11,348.08,10.516949030895892
2025-02-11 14:00:00,123.46,348.6875,10.5588396373189
2025-02-11 15:00:00,143.69,351.6275,10.67707693776318
2025-02-11 16:00:00,144.47,341.5125,10.51697577705348
2025-02-11 17:00:00,159.97,343.63,10.559007021661458
2025-02-11 18:00:00,168.19,351.995,10.676914553731846
2025-02-11 19:00:00,167.45,361.69,10.51700261472628
2025-02-11 20:00:00,162.63,370.3825,10.559173518984464
2025-02-11 21:00:00,148.75,379.745,10.676752776432775
2025-02-11 22:00:00,142.95,379.3075,10.517029542326489
2025-02-11 23:00:00,128.24,385.875,10.559339136199661
2025-02-12 00:00:00,129.13,388.71000000000004,10.676591602220423
2025-02-12 01:00:00,127.77,384.26750000000004,10.517056558288932
2025-02-12 02:00:00,126.82,380.4375,10.559503880146327
2025-02-12 03:00:00,126.59,376.53499999999997,10.676431027479238
2025-02-12 04:00:00,128.74,386.145,10.517083661070705
2025-02-12 05:00:00,131.24,380.3925,10.559667757592239
2025-02-12 06:00:00,151.13,384.9375,10.67627104862335
2025-02-12 07:00:00,163.64,383.175,10.51711084915081
2025-02-12 08:00:00,180.0,380.5475,10.559830775234623
2025-02-12 09:00:00,174.92,375.105,10.676111662096277
2025-02-12 10:00:00,162.05,365.4925,10.517138121029838
2025-02-12 11:00:00,144.01,363.3175,10.559992939701067
2025-02-12 12:00:00,137.28,381.21000000000004,10.675952864370617
2025-02-12 13:00:00,142.03,396.22,10.5171654752296
2025-02-12 14:00:00,149.4,406.8875,10.56015425755045
2025-02-12 15:00:00,159.67,414.1975,10.675794651947742
2025-02-12 16:00:00,173.21,414.9875,10.517192910292806
2025-02-12 17:00:00,184.59,419.7,10.560314735273835
2025-02-12 18:00:00,197.13,425.45,10.675637021357524
2025-02-12 19:00:00,192.57,436.44,10.517220424782744
2025-02-12 20:00:00,173.9,449.265,10.560474379295353
2025-02-12 21:00:00,155.78,467.39,10.675479969158024
2025-02-12 22:00:00,150.38,479.6175,10.517248017282949
2025-02-12 23:00:00,141.81,486.2725,10.56063319597308
2025-02-13 00:00:00,140.33,496.825,10.675323491935227
2025-02-13 01:00:00,137.75,494.3325,10.517275686396887
2025-02-13 02:00:00,140.79,493.54499999999996,10.560791191599884
2025-02-13 03:00:00,136.59,485.08,10.675167586302747
2025-02-13 04:00:00,140.0,476.435,10.517303430747646
2025-02-13 05:00:00,142.0,458.6575,10.56094837240428
2025-02-13 06:00:00,159.99,451.7875,10.675012248901533
2025-02-13 07:00:00,190.33,439.4875,10.517331248977634
2025-02-13 08:00:00,222.36,433.675,10.561104744551248
2025-02-13 09:00:00,220.05,428.1425,10.67485747639963
2025-02-13 10:00:00,203.89,417.9425,10.517359139748283
2025-02-13 11:00:00,184.68,414.8825,10.561260314143064
2025-02-13 12:00:00,174.52,413.13750000000005,10.67470326549187
2025-02-13 13:00:00,170.1,409.0175,10.517387101739752
2025-02-13 14:00:00,166.7,409.2975,10.5614150872201
2025-02-13 15:00:00,170.1,405.47249999999997,10.674549612899613
2025-02-13 16:00:00,182.0,387.6625,10.517415133650621
2025-02-13 17:00:00,213.05,383.84499999999997,10.561569069761616
2025-02-13 18:00:00,207.17,386.9075,10.674396515370494
2025-02-13 19:00:00,196.52,395.1375,10.517443234197641
2025-02-13 20:00:00,177.03,409.5675,10.561722267686534
2025-02-13 21:00:00,162.92,424.615,10.674243969678132
2025-02-13 22:00:00,153.12,434.06,10.517471402115428
2025-02-13 23:00:00,138.97,440.7475,10.561874686854214
2025-02-14 00:00:00,139.21,448.2575,10.674091972621907
2025-02-14 01:00:00,132.8,453.82,10.5174996361562
2025-02-14 02:00:00,128.5,460.565,10.562026333065214
2025-02-14 03:00:00,127.65,462.32,10.67394052102666
2025-02-14 04:00:00,129.58,463.235,10.517527935089507
2025-02-14 05:00:00,139.59,449.32500000000005,10.562177212062021
2025-02-14 06:00:00,162.89,444.90749999999997,10.673789611742473
2025-02-14 07:00:00,227.08,435.25,10.517556297701965
2025-02-14 08:00:00,265.64,432.1975,10.562327329529797
2025-02-14 09:00:00,215.11,431.9925,10.673639241644402
2025-02-14 10:00:00,181.03,434.14,10.517584722796997
2025-02-14 11:00:00,163.01,439.14250000000004,10.5624766910971
2025-02-14 12:00:00,149.86,444.8025,10.673489407632228
2025-02-14 13:00:00,148.61,456.9875,10.517613209194575
2025-02-14 14:00:00,155.8,462.78749999999997,10.562625302336585
2025-02-14 15:00:00,175.06,467.3525,10.673340106630214
2025-02-14 16:00:00,200.0,463.58500000000004,10.517641755730978
2025-02-14 17:00:00,298.91,456.875,10.562773168765709
2025-02-14 18:00:00,293.06,461.7375,10.673191335586859
2025-02-14 19:00:00,225.7,477.85249999999996,10.517670361258535
2025-02-14 20:00:00,183.55,494.6425,10.56292029584743
2025-02-14 21:00:00,163.79,511.2075,10.673043091474682
2025-02-14 22:00:00,153.0,521.3025,10.517699024645383
2025-02-14 23:00:00,140.03,523.46,10.56306668899088
2025-02-15 00:00:00,135.29,527.09,10.672895371289938
2025-02-15 01:00:00,130.34,534.14,10.517727744775245
2025-02-15 02:00:00,120.0,528.3675,10.563212353552023
2025-02-15 03:00:00,118.24,526.0475,10.672748172052426
2025-02-15 04:00:00,118.45,530.39,10.517756520547165
2025-02-15 05:00:00,120.37,527.5925,10.563357294834333
2025-02-15 06:00:00,133.74,518.0625,10.672601490805237
2025-02-15 07:00:00,148.58,504.6175,10.517785350875315
2025-02-15 08:00:00,150.67,481.03999999999996,10.563501518089431
2025-02-15 09:00:00,137.01,470.0325,10.672455324614532
2025-02-15 10:00:00,124.59,444.68,10.517814234688744
2025-02-15 11:00:00,118.36,433.71250000000003,10.563645028517726
2025-02-15 12:00:00,112.39,437.325,10.672309670569312
2025-02-15 13:00:00,110.01,451.3425,10.517843170931162
2025-02-15 14:00:00,116.15,463.48749999999995,10.563787831269046
2025-02-15 15:00:00,128.83,472.8675,10.672164525781197
2025-02-15 16:00:00,145.89,472.51750000000004,10.51787215856072
2025-02-15 17:00:00,164.54,466.4825,10.56392993144327
2025-02-15 18:00:00,174.7,476.9975,10.672019887384211
2025-02-15 19:00:00,164.76,481.22,10.517901196549793
2025-02-15 20:00:00,149.65,484.0875,10.56407133409091
2025-02-15 21:00:00,128.31,483.9875,10.67187575253454
2025-02-15 22:00:00,132.37,481.6775,10.517930283884782
2025-02-15 23:00:00,124.54,475.0725,10.564212044213743
2025-02-16 00:00:00,134.11,477.9175,10.67173211841035
2025-02-16 01:00:00,128.9,476.2325,10.51795941956589
2025-02-16 02:00:00,123.57,464.675,10.564352066765391
2025-02-16 03:00:00,119.9,452.06,10.671588982211555
2025-02-16 04:00:00,119.57,440.63,10.517988602606938
2025-02-16 05:00:00,120.18,428.6975,10.564491406651912
2025-02-16 06:00:00,119.92,429.985,10.671446341159589
2025-02-16 07:00:00,127.51,429.09499999999997,10.51801783203513
2025-02-16 08:00:00,129.6,404.15,10.564630068732363
2025-02-16 09:00:00,130.49,372.1025,10.671304192497242
2025-02-16 10:00:00,127.7,316.8525,10.518047106890887
2025-02-16 11:00:00,124.03,307.0225,10.564768057819379
2025-02-16 12:00:00,124.67,291.72749999999996,10.671162533488413
2025-02-16 13:00:00,118.77,308.165,10.518076426227648
2025-02-16 14:00:00,121.02,367.46000000000004,10.564905378679734
2025-02-16 15:00:00,129.55,429.9525,10.671021361417925
2025-02-16 16:00:00,137.68,452.425,10.518105789111669
2025-02-16 17:00:00,153.98,439.72249999999997,10.565042036034878
2025-02-16 18:00:00,169.98,445.995,10.670880673591306
2025-02-16 19:00:00,160.29,449.26,10.518135194621843
2025-02-16 20:00:00,153.72,451.9575,10.565178034561507
2025-02-16 21:00:00,139.34,455.125,10.670740467334632
2025-02-16 22:00:00,137.62,462.18,10.51816464184951
2025-02-16 23:00:00,131.51,472.65999999999997,10.565313378892064
2025-02-17 00:00:00,128.05,481.6925,10.670600739994274
2025-02-17 01:00:00,121.06,490.355,10.518194129898276
2025-02-17 02:00:00,120.34,491.8575,10.56544807361529
2025-02-17 03:00:00,125.52,487.71,10.670461488936748
2025-02-17 04:00:00,128.94,478.1925,10.518223657883842
2025-02-17 05:00:00,131.54,458.9975,10.565582123276748
2025-02-17 06:00:00,153.16,438.8075,10.670322711548499
2025-02-17 07:00:00,204.74,427.21,10.518253224933822
2025-02-17 08:00:00,209.79,406.745,10.565715532379306
2025-02-17 09:00:00,171.3,374.90999999999997,10.670184405235718
2025-02-17 10:00:00,139.67,343.9775,10.518282830187571
2025-02-17 11:00:00,117.19,326.4225,10.565848305383678
2025-02-17 12:00:00,109.47,329.085,10.67004656742415
2025-02-17 13:00:00,106.78,349.4575,10.51831247279602
2025-02-17 14:00:00,111.89,396.32,10.56598044670889
2025-02-17 15:00:00,132.27,444.28,10.669909195558922
2025-02-17 16:00:00,158.96,466.275,10.518342151921495
2025-02-17 17:00:00,222.92,465.885,10.566111960732806
2025-02-17 18:00:00,271.0,467.15250000000003,10.669772287104328
2025-02-17 19:00:00,215.36,476.7675,10.518371866737576
2025-02-17 20:00:00,177.86,485.62,10.566242851792579
2025-02-17 21:00:00,155.19,496.685,10.669635839543693
2025-02-17 22:00:00,139.39,504.4275,10.518401616428907
2025-02-17 23:00:00,129.57,501.03999999999996,10.56637312418514
2025-02-18 00:00:00,132.95,503.47749999999996,10.669499850379148
2025-02-18 01:00:00,125.0,501.0375,10.518431400191059
2025-02-18 02:00:00,123.56,493.055,10.566502782167676
2025-02-18 03:00:00,117.11,484.60249999999996,10.669364317131482
2025-02-18 04:00:00,115.66,474.64,10.518461217230373
2025-02-18 05:00:00,121.93,463.36,10.566631829958087
2025-02-18 06:00:00,143.61,446.46,10.669229237339954
2025-02-18 07:00:00,190.34,424.2125,10.51849106676379
2025-02-18 08:00:00,193.8,388.9425,10.566760271735436
2025-02-18 09:00:00,143.53,355.1975,10.669094608562117
2025-02-18 10:00:00,124.24,321.805,10.518520948018715
2025-02-18 11:00:00,109.71,284.77750000000003,10.566888111640404
2025-02-18 12:00:00,96.41,273.3675,10.668960428373662
2025-02-18 13:00:00,88.53,296.1075,10.518550860232857
2025-02-18 14:00:00,98.35,335.9825,10.567015353775753
2025-02-18 15:00:00,110.0,394.5925,10.668826694368226
2025-02-18 16:00:00,128.16,409.28,10.518580802654089
2025-02-18 17:00:00,177.61,386.9125,10.567142002206735
2025-02-18 18:00:00,174.32,377.5425,10.668693404157242
2025-02-18 19:00:00,155.91,376.84749999999997,10.518610774540308
2025-02-18 20:00:00,142.42,378.345,10.567268060961537
2025-02-18 21:00:00,129.41,370.15999999999997,10.668560555369758
2025-02-18 22:00:00,121.9,364.365,10.51864077515928
2025-02-18 23:00:00,114.45,367.515,10.567393534031712
2025-02-19 00:00:00,104.54,365.78000000000003,10.668428145652292
2025-02-19 01:00:00,99.29,366.875,10.518670803788511
2025-02-19 02:00:00,99.6,368.27250000000004,10.567518425372585
2025-02-19 03:00:00,97.29,363.18,10.668296172668649
2025-02-19 04:00:00,94.5,357.705,10.518700859715109
2025-02-19 05:00:00,97.48,351.81,10.567642738903688
2025-02-19 06:00:00,115.0,347.355,10.668164634099773
2025-02-19 07:00:00,149.5,332.855,10.518730942235646
2025-02-19 08:00:00,166.37,293.53499999999997,10.567766478509146
2025-02-19 09:00:00,128.76,260.0625,10.668033527643589
2025-02-19 10:00:00,107.91,228.2175,10.518761050656018
2025-02-19 11:00:00,89.28,209.0925,10.567889648038095
2025-02-19 12:00:00,81.52,210.08499999999998,10.667902851014833
2025-02-19 13:00:00,82.74,229.815,10.518791184291324
2025-02-19 14:00:00,85.2,276.7025,10.568012251305072
2025-02-19 15:00:00,90.63,333.97249999999997,10.667772601944915
2025-02-19 16:00:00,110.03,355.34749999999997,10.518821342465738
2025-02-19 17:00:00,131.28,339.9275,10.568134292090413
2025-02-19 18:00:00,142.98,329.9175,10.667642778181742
2025-02-19 19:00:00,144.42,323.0475,10.518851524512382
2025-02-19 20:00:00,120.9,326.785,10.568255774140638
2025-02-19 21:00:00,113.75,338.71500000000003,10.667513377489595
2025-02-19 22:00:00,107.13,339.0,10.51888172977319
2025-02-19 23:00:00,99.81,331.45,10.568376701168814
2025-02-20 00:00:00,86.17,319.095,10.667384397648954
2025-02-20 01:00:00,85.2,324.74,10.518911957598789
2025-02-20 02:00:00,84.56,326.045,10.568497076854968
2025-02-20 03:00:00,83.64,315.8275,10.66725583645636
2025-02-20 04:00:00,82.18,328.08500000000004,10.518942207348392
2025-02-20 05:00:00,83.84,344.1375,10.56861690484643
2025-02-20 06:00:00,86.31,350.645,10.667127691724271
2025-02-20 07:00:00,110.41,336.835,10.518972478389665
2025-02-20 08:00:00,127.98,321.9875,10.5687361887582
2025-02-20 09:00:00,105.87,314.4375,10.666999961280911
2025-02-20 10:00:00,93.72,302.0125,10.519002770098606
2025-02-20 11:00:00,87.23,298.3575,10.568854932173315
2025-02-20 12:00:00,86.87,302.26,10.666872642970125
2025-02-20 13:00:00,84.51,319.38,10.519033081859453
2025-02-20 14:00:00,84.78,342.1725,10.568973138643214
2025-02-20 15:00:00,90.05,357.1425,10.666745734651242
2025-02-20 16:00:00,98.34,355.76,10.519063413064535
2025-02-20 17:00:00,110.13,348.1675,10.56909081168807
2025-02-20 18:00:00,112.38,347.0375,10.66661923419893
2025-02-20 19:00:00,122.45,345.4125,10.519093763114192
2025-02-20 20:00:00,105.91,347.1375,10.569207954797156
2025-02-20 21:00:00,92.41,343.1175,10.666493139503059
2025-02-20 22:00:00,90.84,324.0875,10.519124131416646
2025-02-20 23:00:00,83.0,311.18,10.569324571429169
2025-02-21 00:00:00,75.51,313.505,10.666367448468561
2025-02-21 01:00:00,74.99,328.885,10.51915451738791
2025-02-21 02:00:00,79.8,323.77750000000003,10.569440665012582
2025-02-21 03:00:00,83.4,323.4075,10.666242159015301
2025-02-21 04:00:00,82.4,332.9975,10.519184920451652
2025-02-21 05:00:00,82.03,347.325,10.569556238945971
2025-02-21 06:00:00,106.47,346.845,10.666117269077935
2025-02-21 07:00:00,152.5,338.0475,10.519215340039125
2025-02-21 08:00:00,145.21,311.0375,10.569671296598335
2025-02-21 09:00:00,120.98,264.94,10.665992776605774
2025-02-21 10:00:00,98.68,225.4825,10.519245775589036
2025-02-21 11:00:00,83.4,205.8975,10.569785841309438
2025-02-21 12:00:00,78.0,202.3,10.665868679562664
2025-02-21 13:00:00,76.41,213.01749999999998,10.519276226547458
2025-02-21 14:00:00,79.52,242.17499999999998,10.569899876390114
2025-02-21 15:00:00,82.94,305.4325,10.665744975926847
2025-02-21 16:00:00,103.47,320.34000000000003,10.519306692367731
2025-02-21 17:00:00,103.45,294.28999999999996,10.570013405122587
2025-02-21 18:00:00,101.98,263.1425,10.665621663690823
2025-02-21 19:00:00,81.95,239.06,10.519337172510351
2025-02-21 20:00:00,80.25,217.72,10.57012643076079
2025-02-21 21:00:00,70.85,217.3075,10.665498740861253
2025-02-21 22:00:00,70.64,215.3125,10.519367666442882
2025-02-21 23:00:00,64.33,198.1025,10.570238956530655
2025-02-22 00:00:00,50.99,192.43,10.665376205458799
2025-02-22 01:00:00,48.62,195.075,10.519398173639866
2025-02-22 02:00:00,47.96,201.9925,10.570350985630428
2025-02-22 03:00:00,42.62,202.04,10.665254055518016
2025-02-22 04:00:00,41.2,204.1125,10.519428693582704
2025-02-22 05:00:00,49.15,198.845,10.57046252123098
2025-02-22 06:00:00,49.11,195.3,10.665132289087229
2025-02-22 07:00:00,61.22,183.235,10.519459225759599
2025-02-22 08:00:00,68.25,167.115,10.57057356647607
2025-02-22 09:00:00,67.74,160.9975,10.665010904228396
2025-02-22 10:00:00,53.21,157.215,10.519489769665437
2025-02-22 11:00:00,47.13,160.665,10.570684124482671
2025-02-22 12:00:00,40.4,165.5925,10.664889899017016
2025-02-22 13:00:00,52.69,185.305,10.519520324801702
2025-02-22 14:00:00,68.0,244.7425,10.570794198341234
2025-02-22 15:00:00,85.6,279.2025,10.664769271541978
2025-02-22 16:00:00,100.95,291.65,10.5195508906764
2025-02-22 17:00:00,108.38,284.15999999999997,10.570903791115981
2025-02-22 18:00:00,106.98,295.5,10.66464901990546
2025-02-22 19:00:00,115.18,301.7075,10.519581466803956
2025-02-22 20:00:00,103.0,307.78499999999997,10.571012905845192
2025-02-22 21:00:00,101.58,310.2575,10.664529142222804
2025-02-22 22:00:00,94.27,314.945,10.51961205270513
2025-02-22 23:00:00,83.51,321.4425,10.571121545541462
2025-02-23 00:00:00,91.1,321.415,10.66440963662242
2025-02-23 01:00:00,84.99,315.61,10.519642647906943
2025-02-23 02:00:00,86.21,309.27,10.571229713192
2025-02-23 03:00:00,83.63,312.345,10.664290501245636
2025-02-23 04:00:00,85.77,321.855,10.51967325194259
2025-02-23 05:00:00,87.33,335.74,10.571337411758876
2025-02-23 06:00:00,87.7,346.875,10.66417173424662
2025-02-23 07:00:00,108.0,334.19,10.51970386435134
2025-02-23 08:00:00,112.24,305.2125,10.571444644179302
2025-02-23 09:00:00,99.35,247.53,10.66405333379224
2025-02-23 10:00:00,83.0,193.045,10.519734484678485
2025-02-23 11:00:00,81.5,167.0575,10.57155141336588
2025-02-23 12:00:00,71.12,168.58249999999998,10.663935298061972
2025-02-23 13:00:00,69.2,176.29500000000002,10.519765112475236
2025-02-23 14:00:00,64.75,206.5825,10.571657722206885
2025-02-23 15:00:00,69.11,283.0875,10.663817625247782
2025-02-23 16:00:00,84.7,336.4525,10.519795747298652
2025-02-23 17:00:00,150.45,324.94,10.571763573566495
2025-02-23 18:00:00,154.69,319.72749999999996,10.663700313554019
2025-02-23 19:00:00,117.02,312.1075,10.519826388711563
2025-02-23 20:00:00,96.03,290.445,10.57186897028506
2025-02-23 21:00:00,77.32,272.825,10.663583361197302
2025-02-23 22:00:00,73.81,245.15,10.519857036282499
2025-02-23 23:00:00,65.99,222.71249999999998,10.57197391517935
2025-02-24 00:00:00,70.83,218.04500000000002,10.663466766406426
2025-02-24 01:00:00,67.99,218.54,10.519887689585603
2025-02-24 02:00:00,40.98,225.49,10.572078411042792
2025-02-24 03:00:00,37.1,236.215,10.663350527422239
2025-02-24 04:00:00,65.34,234.8175,10.519918348200568
2025-02-24 05:00:00,70.03,245.3625,10.572182460645726
2025-02-24 06:00:00,81.0,262.705,10.663234642497557
2025-02-24 07:00:00,84.8,260.71,10.519949011712555
2025-02-24 08:00:00,106.68,229.5275,10.572286066735638
2025-02-24 09:00:00,93.26,209.48250000000002,10.663119109897044
2025-02-24 10:00:00,79.04,191.1225,10.519979679712124
2025-02-24 11:00:00,83.44,182.7275,10.572389232037398
2025-02-24 12:00:00,81.63,181.44,10.663003927897124
2025-02-24 13:00:00,83.0,187.3,10.520010351795172
2025-02-24 14:00:00,86.4,221.9075,10.572491959253496
2025-02-24 15:00:00,92.55,238.6375,10.662889094785868
2025-02-24 16:00:00,100.7,255.64249999999998,10.520041027562845
2025-02-24 17:00:00,112.94,272.225,10.572594251064267
2025-02-24 18:00:00,137.81,274.53499999999997,10.662774608862902
2025-02-24 19:00:00,148.71,279.7425,10.520071706621485
2025-02-24 20:00:00,129.27,296.97749999999996,10.572696110128138
2025-02-24 21:00:00,112.29,317.90250000000003,10.662660468439304
2025-02-24 22:00:00,112.9,333.70500000000004,10.520102388582556
2025-02-24 23:00:00,106.48,357.2875,10.572797539081828
2025-02-25 00:00:00,90.6,375.995,10.66254667183751
2025-02-25 01:00:00,89.91,390.495,10.520133073062572
2025-02-25 02:00:00,93.39,408.155,10.57289854054059
2025-02-25 03:00:00,93.86,421.7725,10.662433217391204
2025-02-25 04:00:00,97.43,430.55,10.52016375968305
2025-02-25 05:00:00,105.78,426.0775,10.572999117098421
2025-02-25 06:00:00,144.87,415.045,10.662320103445246
2025-02-25 07:00:00,167.16,408.85,10.520194448070415
2025-02-25 08:00:00,173.34,386.8125,10.573099271328285
2025-02-25 09:00:00,153.73,358.245,10.662207328355557
2025-02-25 10:00:00,140.36,339.195,10.520225137855961
2025-02-25 11:00:00,126.75,348.8,10.573199005782328
2025-02-25 12:00:00,124.63,369.38,10.66209489048903
2025-02-25 13:00:00,125.81,398.2925,10.52025582867578
2025-02-25 14:00:00,134.38,431.21000000000004,10.57329832299208
2025-02-25 15:00:00,148.34,453.2625,10.661982788223439
2025-02-25 16:00:00,170.68,465.005,10.52028652017069
2025-02-25 17:00:00,207.97,463.4475,10.573397225468684
2025-02-25 18:00:00,233.05,467.6925,10.661871019947348
2025-02-25 19:00:00,188.09,475.77,10.520317211986194
2025-02-25 20:00:00,156.96,492.1275,10.573495715703075
2025-02-25 21:00:00,142.47,502.3325,10.661759584060015
2025-02-25 22:00:00,129.46,503.0575,10.520347903772404
2025-02-25 23:00:00,115.13,508.3175,10.57359379616622
2025-02-26 00:00:00,122.99,510.9825,10.661648478971305
2025-02-26 01:00:00,119.82,509.885,10.520378595183985
2025-02-26 02:00:00,116.94,501.8475,10.573691469309283
2025-02-26 03:00:00,115.98,489.43,10.661537703101603
2025-02-26 04:00:00,116.56,478.79499999999996,10.520409285880095
2025-02-26 05:00:00,117.27,459.1675,10.573788737563847
2025-02-26 06:00:00,132.65,439.735,10.661427254881723
2025-02-26 07:00:00,159.93,429.88,10.520439975524337
2025-02-26 08:00:00,175.19,420.27750000000003,10.573885603342111
2025-02-26 09:00:00,160.22,407.4525,10.661317132752817
2025-02-26 10:00:00,141.37,391.23,10.520470663784678
2025-02-26 11:00:00,129.95,384.09250000000003,10.573982069037068
2025-02-26 12:00:00,120.53,383.9175,10.661207335166301
2025-02-26 13:00:00,119.89,392.99,10.520501350333433
2025-02-26 14:00:00,125.12,404.2575,10.574078137022726
2025-02-26 15:00:00,132.9,425.0325,10.661097860583741
2025-02-26 16:00:00,149.75,433.655,10.520532034847161
2025-02-26 17:00:00,165.01,429.1,10.574173809654253
2025-02-26 18:00:00,172.57,424.735,10.660988707476807
2025-02-26 19:00:00,162.82,419.0025,10.520562717006644
2025-02-26 20:00:00,147.38,411.565,10.574269089268215
2025-02-26 21:00:00,118.44,410.695,10.660879874327163
2025-02-26 22:00:00,120.94,409.2425,10.52059339649683
2025-02-26 23:00:00,112.46,409.325,10.57436397818273
2025-02-27 00:00:00,101.48,413.8125,10.660771359626382
2025-02-27 01:00:00,103.81,405.9175,10.520624073006768
2025-02-27 02:00:00,101.24,405.71750000000003,10.574458478697654
2025-02-27 03:00:00,99.6,413.02,10.660663161875885
2025-02-27 04:00:00,100.43,418.385,10.520654746229557
2025-02-27 05:00:00,105.87,418.16,10.57455259309478
2025-02-27 06:00:00,115.18,412.97249999999997,10.660555279586829
2025-02-27 07:00:00,152.32,403.3275,10.520685415862301
2025-02-27 08:00:00,159.05,392.1175,10.574646323637989
2025-02-27 09:00:00,142.58,374.6825,10.66044771128006
2025-02-27 10:00:00,129.94,357.725,10.52071608160606
2025-02-27 11:00:00,110.0,355.22,10.57473967257345
2025-02-27 12:00:00,101.1,356.7025,10.660340455486011
2025-02-27 13:00:00,109.25,368.7225,10.520746743165798
2025-02-27 14:00:00,110.0,396.0975,10.574832642129783
2025-02-27 15:00:00,123.0,434.71500000000003,10.66023351074462
2025-02-27 16:00:00,142.62,453.44,10.520777400250315
2025-02-27 17:00:00,158.69,449.21500000000003,10.57492523451823
2025-02-27 18:00:00,174.71,452.27,10.660126875605275
2025-02-27 19:00:00,163.17,452.245,10.520808052572237
2025-02-27 20:00:00,144.61,461.3125,10.575017451932833
2025-02-27 21:00:00,136.54,470.575,10.66002054862671
2025-02-27 22:00:00,124.69,477.7575,10.520838699847923
2025-02-27 23:00:00,114.89,487.3725,10.575109296550611
2025-02-28 00:00:00,115.47,491.3075,10.659914528376937
2025-02-28 01:00:00,110.54,488.8625,10.52086934179745
2025-02-28 02:00:00,109.38,487.25,10.575200770531689
2025-02-28 03:00:00,106.93,481.75,10.659808813433187
2025-02-28 04:00:00,112.03,476.085,10.520899978144561
2025-02-28 05:00:00,112.63,466.4625,10.575291876019508
2025-02-28 06:00:00,135.99,449.57,10.659703402381808
2025-02-28 07:00:00,150.0,437.935,10.520930608616597
2025-02-28 08:00:00,161.82,428.4,10.575382615140958
2025-02-28 09:00:00,145.5,415.2025,10.659598293818204
2025-02-28 10:00:00,127.7,405.97249999999997,10.520961232944487
2025-02-28 11:00:00,115.97,392.13,10.575472990006553
2025-02-28 12:00:00,109.51,384.4225,10.65949348634677
2025-02-28 13:00:00,108.57,391.7175,10.520991850862666
2025-02-28 14:00:00,111.58,408.635,10.575563002710581
2025-02-28 15:00:00,125.57,433.79,10.659388978580793
2025-02-28 16:00:00,135.05,441.35,10.521022462109066
2025-02-28 17:00:00,152.85,443.615,10.575652655331261
2025-02-28 18:00:00,161.24,450.21,10.65928476914241
2025-02-28 19:00:00,158.86,459.90999999999997,10.521053066425043
2025-02-28 20:00:00,143.96,470.4225,10.575741949930904
2025-02-28 21:00:00,132.94,480.7575,10.659180856662507
2025-02-28 22:00:00,127.43,494.7025,10.521083663555356
2025-02-28 23:00:00,119.03,503.41999999999996,10.575830888556068
2025-03-01 00:00:00,128.19,514.66,10.65907723978068
2025-03-01 01:00:00,120.38,521.315,10.521114253248099
2025-03-01 02:00:00,117.09,522.77,10.575919473237702
2025-03-01 03:00:00,112.15,520.79,10.65897391714514
2025-03-01 04:00:00,109.75,518.09,10.52114483525469
2025-03-01 05:00:00,114.38,515.395,10.57600770599129
2025-03-01 06:00:00,118.86,508.725,10.658870887412645
2025-03-01 07:00:00,135.79,484.10249999999996,10.521175409329807
2025-03-01 08:00:00,138.79,448.6925,10.576095588817022
2025-03-01 09:00:00,137.74,415.9325,10.65876814924844
2025-03-01 10:00:00,125.08,383.3275,10.521205975231357
2025-03-01 11:00:00,112.11,368.7975,10.576183123699916
2025-03-01 12:00:00,102.21,362.9825,10.658665701326196
2025-03-01 13:00:00,97.27,367.255,10.52123653272044
2025-03-01 14:00:00,99.39,399.11249999999995,10.576270312609973
2025-03-01 15:00:00,109.23,447.505,10.65856354232792
2025-03-01 16:00:00,125.41,470.22249999999997,10.521267081561291
2025-03-01 17:00:00,145.0,464.395,10.576357157502315
2025-03-01 18:00:00,158.55,453.945,10.658461670943908
2025-03-01 19:00:00,150.78,449.4025,10.521297621521256
2025-03-01 20:00:00,137.29,456.3875,10.576443660317343
2025-03-01 21:00:00,128.6,464.2075,10.65836008587267
2025-03-01 22:00:00,123.57,471.085,10.521328152370751
2025-03-01 23:00:00,119.92,462.40999999999997,10.57652982298085
2025-03-02 00:00:00,123.94,454.1175,10.658258785820866
2025-03-02 01:00:00,107.54,441.6975,10.52135867388323
2025-03-02 02:00:00,99.32,439.6125,10.576615647404182
2025-03-02 03:00:00,93.01,431.58500000000004,10.65815776950323
2025-03-02 04:00:00,94.23,430.6925,10.521389185835135
2025-03-02 05:00:00,93.98,431.195,10.576701135484363
2025-03-02 06:00:00,95.89,421.7425,10.658057035642532
2025-03-02 07:00:00,102.6,373.97,10.521419688005855
2025-03-02 08:00:00,103.11,283.82,10.576786289104227
2025-03-02 09:00:00,89.0,202.78,10.657956582969499
2025-03-02 10:00:00,68.3,169.6525,10.52145018017772
2025-03-02 11:00:00,49.0,156.9375,10.576871110132563
2025-03-02 12:00:00,27.5,163.125,10.657856410222733
2025-03-02 13:00:00,3.13,175.3675,10.521480662135929
2025-03-02 14:00:00,2.84,200.87,10.576955600424238
2025-03-02 15:00:00,50.73,310.65999999999997,10.657756516148687
2025-03-02 16:00:00,80.43,409.72499999999997,10.521511133668525
2025-03-02 17:00:00,126.55,419.7475,10.577039761820327
2025-03-02 18:00:00,143.09,415.7925,10.65765689950157
2025-03-02 19:00:00,146.1,415.9125,10.521541594566386
2025-03-02 20:00:00,132.98,409.685,10.577123596148251
2025-03-02 21:00:00,120.0,410.3575,10.657557559043298
2025-03-02 22:00:00,120.79,418.7575,10.52157204462315
2025-03-02 23:00:00,112.78,424.1875,10.577207105221886
2025-03-03 00:00:00,108.01,426.845,10.657458493543448
2025-03-03 01:00:00,103.69,421.435,10.521602483635204
2025-03-03 02:00:00,102.79,416.46000000000004,10.577290290841717
2025-03-03 03:00:00,99.7,418.0225,10.657359701779175
2025-03-03 04:00:00,103.37,400.505,10.521632911401646
2025-03-03 05:00:00,116.7,375.045,10.577373154794932
2025-03-03 06:00:00,137.51,367.5125,10.657261182535155
2025-03-03 07:00:00,163.0,316.115,10.521663327724253
2025-03-03 08:00:00,147.52,251.3375,10.577455698855575
2025-03-03 09:00:00,106.74,203.96249999999998,10.657162934603546
2025-03-03 10:00:00,72.39,169.19,10.521693732407453
2025-03-03 11:00:00,6.4,160.675,10.577537924784629
2025-03-03 12:00:00,0.33,165.68,10.657064956783906
2025-03-03 13:00:00,0.01,184.7525,10.52172412525828
2025-03-03 14:00:00,61.4,254.24,10.577619834330179
2025-03-03 15:00:00,84.1,348.6825,10.656967247883141
2025-03-03 16:00:00,106.36,403.225,10.521754506086339
2025-03-03 17:00:00,148.79,407.5575,10.577701429227513
2025-03-03 18:00:00,183.95,407.6225,10.656869806715461
2025-03-03 19:00:00,175.93,412.8725,10.521784874703805
2025-03-03 20:00:00,150.49,427.40999999999997,10.577782711199227
2025-03-03 21:00:00,128.21,438.41499999999996,10.65677263210231
2025-03-03 22:00:00,124.93,449.1725,10.521815230925357
2025-03-03 23:00:00,122.46,450.6325,10.577863681955359
2025-03-04 00:00:00,121.0,453.8125,10.656675722872317
2025-03-04 01:00:00,109.44,455.87,10.521845574568172
2025-03-04 02:00:00,103.79,457.0875,10.577944343193499
2025-03-04 03:00:00,104.82,443.4525,10.656579077861226
2025-03-04 04:00:00,100.28,437.3475,10.521875905451868
2025-03-04 05:00:00,111.51,416.8575,10.5780246965989
2025-03-04 06:00:00,141.86,399.105,10.65648269591186
2025-03-04 07:00:00,169.61,359.15,10.521906223398503
2025-03-04 08:00:00,141.95,303.195,10.578104743844593
2025-03-04 09:00:00,110.98,251.5575,10.656386575874059
2025-03-04 10:00:00,80.02,200.33249999999998,10.52193652823253
2025-03-04 11:00:00,48.58,179.52249999999998,10.578184486591503
2025-03-04 12:00:00,20.53,180.99,10.656290716604618
2025-03-04 13:00:00,14.34,177.995,10.52196681978078
2025-03-04 14:00:00,52.31,240.2525,10.578263926488543
2025-03-04 15:00:00,81.29,321.6075,10.656195116967242
2025-03-04 16:00:00,111.15,371.96500000000003,10.521997097872399
2025-03-04 17:00:00,148.61,374.32,10.57834306517275
2025-03-04 18:00:00,180.92,365.9875,10.656099775832491
2025-03-04 19:00:00,163.67,360.2425,10.522027362338871
2025-03-04 20:00:00,134.13,362.9,10.578421904269364
2025-03-04 21:00:00,114.38,358.3425,10.656004692077731
2025-03-04 22:00:00,114.41,360.5175,10.522057613013951
2025-03-04 23:00:00,106.81,348.11,10.578500445391953
2025-03-05 00:00:00,90.05,347.32,10.655909864587068
2025-03-05 01:00:00,83.07,347.1875,10.522087849733657
2025-03-05 02:00:00,83.01,347.22,10.57857869014251
2025-03-05 03:00:00,79.71,337.77750000000003,10.655815292251317
2025-03-05 04:00:00,81.63,333.83,10.522118072336227
2025-03-05 05:00:00,91.94,314.78,10.578656640111568
2025-03-05 06:00:00,115.57,305.44,10.655720973967929
2025-03-05 07:00:00,140.16,259.8425,10.522148280662107
2025-03-05 08:00:00,85.64,180.8975,10.57873429687829
2025-03-05 09:00:00,41.63,150.2,10.655626908640953
2025-03-05 10:00:00,0.02,138.01,10.522178474553915
2025-03-05 11:00:00,-0.07,138.39,10.578811662010574
2025-03-05 12:00:00,-4.28,143.005,10.655533095180996
2025-03-05 13:00:00,-3.7,150.2925,10.522208653856422
2025-03-05 14:00:00,0.05,191.2875,10.578888737065164
2025-03-05 15:00:00,48.5,272.46000000000004,10.655439532505138
2025-03-05 16:00:00,89.89,339.9925,10.522238818416529
2025-03-05 17:00:00,133.13,346.57,10.578965523587732
2025-03-05 18:00:00,146.23,349.485,10.655346219536932
2025-03-05 19:00:00,145.89,350.71750000000003,10.522268968083214
2025-03-05 20:00:00,123.0,348.725,10.579042023113
2025-03-05 21:00:00,108.12,348.2825,10.6552531552063
2025-03-05 22:00:00,109.12,349.98,10.522299102707555
2025-03-05 23:00:00,96.98,350.1625,10.579118237164813
2025-03-06 00:00:00,83.9,350.75,10.655160338449535
2025-03-06 01:00:00,84.84,351.85749999999996,10.522329222142655
2025-03-06 02:00:00,87.0,349.74249999999995,10.579194167256253
2025-03-06 03:00:00,88.12,351.7925,10.655067768209221
2025-03-06 04:00:00,94.56,356.0725,10.522359326243654
2025-03-06 05:00:00,95.91,348.595,10.579269814889722
2025-03-06 06:00:00,139.28,341.1275,10.654975443434202
2025-03-06 07:00:00,151.32,295.995,10.522389414867689
2025-03-06 08:00:00,108.5,228.5675,10.579345181557061
2025-03-06 09:00:00,78.7,182.31,10.654883363079513
2025-03-06 10:00:00,50.47,166.065,10.52241948787387
2025-03-06 11:00:00,4.02,152.73,10.579420268739606
2025-03-06 12:00:00,0.08,153.03500000000003,10.654791526106367
2025-03-06 13:00:00,0.02,157.6925,10.522449545123257
2025-03-06 14:00:00,13.16,224.5925,10.579495077908309
2025-03-06 15:00:00,71.0,334.31,10.654699931482078
2025-03-06 16:00:00,116.52,398.5175,10.522479586478848
2025-03-06 17:00:00,148.95,408.48,10.579569610523823
2025-03-06 18:00:00,165.36,403.3025,10.654608578180039
2025-03-06 19:00:00,149.1,391.6075,10.522509611805532
2025-03-06 20:00:00,125.64,382.05,10.579643868036593
2025-03-06 21:00:00,106.63,379.70500000000004,10.65451746517964
2025-03-06 22:00:00,101.47,381.83000000000004,10.52253962097009
2025-03-06 23:00:00,91.11,398.9825,10.579717851886933
2025-03-07 00:00:00,90.27,417.305,10.654426591466278
2025-03-07 01:00:00,90.27,426.52,10.522569613841164
2025-03-07 02:00:00,91.38,431.975,10.579791563505138
2025-03-07 03:00:00,91.69,426.875,10.654335956031264
2025-03-07 04:00:00,99.0,400.335,10.522599590289232
2025-03-07 05:00:00,115.17,377.7125,10.57986500431155
2025-03-07 06:00:00,135.67,362.5,10.654245557871802
2025-03-07 07:00:00,147.7,327.075,10.522629550186588
2025-03-07 08:00:00,122.23,267.45,10.579938175716656
2025-03-07 09:00:00,83.0,190.7175,10.654155395990928
2025-03-07 10:00:00,65.3,165.0675,10.522659493407323
2025-03-07 11:00:00,31.81,162.08249999999998,10.580011079121173
2025-03-07 12:00:00,12.79,163.855,10.654065469397507
2025-03-07 13:00:00,8.08,184.98000000000002,10.522689419827298
2025-03-07 14:00:00,37.06,272.565,10.580083715916127
2025-03-07 15:00:00,90.15,379.56,10.653975777106133
2025-03-07 16:00:00,126.99,434.185,10.522719329324135
2025-03-07 17:00:00,149.91,443.01,10.580156087482946
2025-03-07 18:00:00,216.64,444.23249999999996,10.653886318137127
2025-03-07 19:00:00,178.68,457.7175,10.522749221777172
2025-03-07 20:00:00,148.7,469.2325,10.580228195193541
2025-03-07 21:00:00,132.4,480.065,10.65379709151648
2025-03-07 22:00:00,119.11,481.20500000000004,10.522779097067472
2025-03-07 23:00:00,111.83,473.35,10.580300040410394
2025-03-08 00:00:00,124.97,478.95,10.653708096275821
2025-03-08 01:00:00,113.94,486.02,10.522808955077785
2025-03-08 02:00:00,117.22,488.795,10.580371624486608
2025-03-08 03:00:00,116.76,488.0225,10.653619331452356
2025-03-08 04:00:00,118.42,484.2525,10.52283879569253
2025-03-08 05:00:00,121.3,477.46500000000003,10.580442948766025
2025-03-08 06:00:00,127.82,444.1675,10.653530796088845
2025-03-08 07:00:00,120.59,334.97749999999996,10.522868618797782
2025-03-08 08:00:00,98.04,220.24,10.580514014583306
2025-03-08 09:00:00,72.54,176.65,10.65344248923355
2025-03-08 10:00:00,18.05,155.7725,10.52289842428125
2025-03-08 11:00:00,2.07,151.3825,10.58058482326397
2025-03-08 12:00:00,-0.34,152.4275,10.653354409940214
2025-03-08 13:00:00,-0.1,157.365,10.522928212032241
2025-03-08 14:00:00,0.07,184.015,10.580655376124517
2025-03-08 15:00:00,56.2,279.125,10.653266557267992
2025-03-08 16:00:00,100.86,356.375,10.522957981941667
2025-03-08 17:00:00,145.58,344.28,10.580725674472484
2025-03-08 18:00:00,174.05,297.005,10.653178930281431
2025-03-08 19:00:00,140.03,261.4125,10.522987733902017
2025-03-08 20:00:00,111.21,242.9475,10.580795719606519
2025-03-08 21:00:00,100.0,246.57,10.653091528050426
2025-03-08 22:00:00,99.24,252.7525,10.523017467807335
2025-03-08 23:00:00,97.94,271.9525,10.580865512816464
2025-03-09 00:00:00,95.19,303.10749999999996,10.653004349650178
2025-03-09 01:00:00,94.81,335.3725,10.523047183553196
2025-03-09 02:00:00,94.44,356.24,10.580935055383435
2025-03-09 03:00:00,96.51,370.51,10.652917394161161
2025-03-09 04:00:00,98.67,373.35,10.523076881036705
2025-03-09 05:00:00,101.51,353.9875,10.581004348579878
2025-03-09 06:00:00,100.0,290.27500000000003,10.652830660669078
2025-03-09 07:00:00,93.01,210.9875,10.523106560156453
2025-03-09 08:00:00,65.4,178.7525,10.581073393669664
2025-03-09 09:00:00,29.27,159.145,10.652744148264834
2025-03-09 10:00:00,10.1,148.6175,10.523136220812535
2025-03-09 11:00:00,0.03,147.3725,10.58114219190815
2025-03-09 12:00:00,-2.26,151.565,10.652657856044474
2025-03-09 13:00:00,-2.04,160.745,10.523165862906504
2025-03-09 14:00:00,0.09,201.71249999999998,10.581210744542249
2025-03-09 15:00:00,17.39,319.7425,10.652571783109172
2025-03-09 16:00:00,90.56,405.33500000000004,10.523195486341363
2025-03-09 17:00:00,125.74,422.0,10.581279052810505
2025-03-09 18:00:00,135.37,430.8425,10.65248592856519
2025-03-09 19:00:00,136.7,423.7525,10.523225091021548
2025-03-09 20:00:00,130.2,434.69,10.581347117943162
2025-03-09 21:00:00,122.7,451.0525,10.652400291523811
2025-03-09 22:00:00,112.8,469.5475,10.523254676852915
2025-03-09 23:00:00,106.83,483.1825,10.581414941162242
2025-03-10 00:00:00,96.83,492.945,10.652314871101359
2025-03-10 01:00:00,94.92,497.84749999999997,10.523284243742708
2025-03-10 02:00:00,96.7,495.61,10.581482523681608
2025-03-10 03:00:00,96.87,488.3575,10.652229666419105
2025-03-10 04:00:00,94.65,480.8925,10.523313791599577
2025-03-10 05:00:00,106.37,445.04,10.581549866707016
2025-03-10 06:00:00,148.49,409.84749999999997,10.65214467660327
2025-03-10 07:00:00,159.75,357.525,10.523343320333513
2025-03-10 08:00:00,133.96,313.89750000000004,10.581616971436219
2025-03-10 09:00:00,98.88,276.88,10.652059900784971
2025-03-10 10:00:00,84.38,250.58749999999998,10.523372829855871
2025-03-10 11:00:00,77.88,227.655,10.581683839058996
2025-03-10 12:00:00,76.02,227.9925,10.651975338100192
2025-03-10 13:00:00,77.32,277.105,10.523402320079349
2025-03-10 14:00:00,83.91,328.04499999999996,10.581750470757251
2025-03-10 15:00:00,97.47,378.66,10.651890987689747
2025-03-10 16:00:00,127.47,408.2525,10.523431790917945
2025-03-10 17:00:00,147.97,407.2425,10.58181686770505
2025-03-10 18:00:00,174.92,408.52750000000003,10.651806848699254
2025-03-10 19:00:00,160.24,420.1325,10.523461242286984
2025-03-10 20:00:00,142.14,436.28499999999997,10.58188303106871
2025-03-10 21:00:00,126.59,450.9175,10.651722920279084
2025-03-10 22:00:00,106.88,457.485,10.523490674103066
2025-03-10 23:00:00,97.97,466.9075,10.581948962006843
2025-03-11 00:00:00,104.39,479.90250000000003,10.651639201584349
2025-03-11 01:00:00,101.8,480.1325,10.52352008628407
2025-03-11 02:00:00,99.73,476.0325,10.582014661670437
2025-03-11 03:00:00,100.5,467.9125,10.651555691774846
2025-03-11 04:00:00,102.53,466.8575,10.523549478749132
2025-03-11 05:00:00,110.86,449.0,10.582080131202908
2025-03-11 06:00:00,148.04,427.97249999999997,10.651472390015034
2025-03-11 07:00:00,152.98,410.6925,10.523578851418636
2025-03-11 08:00:00,146.49,390.28,10.582145371740168
2025-03-11 09:00:00,128.53,365.65,10.651389295474008
2025-03-11 10:00:00,102.0,348.27250000000004,10.523608204214195
2025-03-11 11:00:00,97.48,349.175,10.582210384410681
2025-03-11 12:00:00,96.44,353.9975,10.651306407325455
2025-03-11 13:00:00,98.38,369.275,10.523637537058638
2025-03-11 14:00:00,102.35,390.8175,10.58227517033554
2025-03-11 15:00:00,112.84,416.3075,10.651223724747627
2025-03-11 16:00:00,132.86,430.575,10.523666849876003
2025-03-11 17:00:00,171.95,427.385,10.582339730628497
2025-03-11 18:00:00,205.02,428.1675,10.65114124692331
2025-03-11 19:00:00,180.95,438.8825,10.523696142591495
2025-03-11 20:00:00,149.43,453.975,10.582404066396055
2025-03-11 21:00:00,133.0,467.3275,10.651058973039781
2025-03-11 22:00:00,121.25,480.1175,10.523725415131528
2025-03-11 23:00:00,107.34,496.115,10.58246817873751
2025-03-12 00:00:00,101.73,502.65,10.650976902288798
2025-03-12 01:00:00,100.09,503.01750000000004,10.523754667423637
2025-03-12 02:00:00,97.79,500.8325,10.582532068745016
2025-03-12 03:00:00,97.38,498.64750000000004,10.65089503386654
2025-03-12 04:00:00,101.8,497.755,10.523783899396541
2025-03-12 05:00:00,110.31,479.82,10.582595737503633
2025-03-12 06:00:00,144.54,453.67,10.650813366973606
2025-03-12 07:00:00,161.64,439.91,10.523813110980068
2025-03-12 08:00:00,148.41,431.5575,10.582659186091409
2025-03-12 09:00:00,125.0,419.6975,10.650731900814968
2025-03-12 10:00:00,102.62,409.18,10.523842302105182
2025-03-12 11:00:00,99.69,398.2875,10.582722415579404
2025-03-12 12:00:00,98.07,399.4975,10.65065063459993
2025-03-12 13:00:00,99.91,416.865,10.523871472703943
2025-03-12 14:00:00,101.65,439.21500000000003,10.58278542703178
2025-03-12 15:00:00,117.74,454.79499999999996,10.65056956754212
2025-03-12 16:00:00,142.1,461.8425,10.523900622709515
2025-03-12 17:00:00,157.03,467.1025,10.58284822150582
2025-03-12 18:00:00,199.75,472.6175,10.650488698859455
2025-03-12 19:00:00,179.49,489.4925,10.52392975205614
2025-03-12 20:00:00,148.05,511.4525,10.582910800052025
2025-03-12 21:00:00,132.2,532.15,10.650408027774091
2025-03-12 22:00:00,120.0,541.2725,10.523958860679139
2025-03-12 23:00:00,109.91,549.8775,10.582973163714133
2025-03-13 00:00:00,108.52,547.5325,10.650327553512424
2025-03-13 01:00:00,102.25,532.6424999999999,10.523987948514876
2025-03-13 02:00:00,98.98,519.3125,10.583035313529196
2025-03-13 03:00:00,96.71,506.3,10.650247275305032
2025-03-13 04:00:00,98.35,504.4525,10.524017015500771
2025-03-13 05:00:00,105.88,490.82,10.583097250527622
2025-03-13 06:00:00,132.99,464.85249999999996,10.650167192386661
2025-03-13 07:00:00,159.87,439.025,10.524046061575278
2025-03-13 08:00:00,158.03,409.86,10.583158975733237
2025-03-13 09:00:00,148.13,384.995,10.65008730399621
2025-03-13 10:00:00,123.77,379.94,10.524075086677865
2025-03-13 11:00:00,110.7,375.31,10.583220490163331
2025-03-13 12:00:00,110.01,397.515,10.650007609376667
2025-03-13 13:00:00,108.22,408.265,10.524104090749017
2025-03-13 14:00:00,107.54,423.725,10.583281794828707
2025-03-13 15:00:00,109.99,437.795,10.64992810777511
2025-03-13 16:00:00,121.47,441.62,10.52413307373022
2025-03-13 17:00:00,142.65,450.0875,10.583342890733753
2025-03-13 18:00:00,166.05,455.205,10.64984879844267
2025-03-13 19:00:00,173.47,474.95,10.524162035563936
2025-03-13 20:00:00,149.0,494.39750000000004,10.58340377887646
2025-03-13 21:00:00,135.69,510.07,10.649769680634499
2025-03-13 22:00:00,123.48,528.99,10.524190976193617
2025-03-13 23:00:00,111.63,543.89,10.583464460248502
2025-03-14 00:00:00,109.09,543.14,10.649690753609741
2025-03-14 01:00:00,106.0,538.4125,10.52421989556366
2025-03-14 02:00:00,105.9,523.6,10.58352493583528
2025-03-14 03:00:00,103.83,509.27750000000003,10.649612016631526
2025-03-14 04:00:00,105.3,503.21250000000003,10.524248793619435
2025-03-14 05:00:00,113.99,479.42,10.583585206615956
2025-03-14 06:00:00,143.02,452.24,10.649533468966906
2025-03-14 07:00:00,155.11,433.365,10.52427767030724
2025-03-14 08:00:00,155.0,405.26750000000004,10.583645273563523
2025-03-14 09:00:00,132.09,377.23,10.649455109886869
2025-03-14 10:00:00,112.0,364.2025,10.524306525574314
2025-03-14 11:00:00,106.35,361.86,10.583705137644843
2025-03-14 12:00:00,104.5,366.475,10.649376938666268
2025-03-14 13:00:00,104.59,380.22,10.524335359368813
2025-03-14 14:00:00,105.38,384.355,10.583764799820695
2025-03-14 15:00:00,109.39,400.7925,10.649298954583838
2025-03-14 16:00:00,124.84,418.15,10.524364171639798
2025-03-14 17:00:00,146.44,421.5575,10.58382426104583
2025-03-14 18:00:00,155.33,433.9325,10.649221156922142
2025-03-14 19:00:00,150.91,444.8775,10.52439296233724
2025-03-14 20:00:00,130.01,451.71000000000004,10.583883522269003
2025-03-14 21:00:00,111.39,456.62,10.649143544967554
2025-03-14 22:00:00,114.0,451.9425,10.524421731411993
2025-03-14 23:00:00,105.17,437.2775,10.583942584433046
2025-03-15 00:00:00,112.15,421.555,10.649066118010229
2025-03-15 01:00:00,103.14,414.96,10.524450478815792
2025-03-15 02:00:00,96.0,408.99,10.584001448474888
2025-03-15 03:00:00,89.9,402.6275,10.648988875344086
2025-03-15 04:00:00,86.9,399.475,10.524479204501242
2025-03-15 05:00:00,90.55,392.49,10.584060115325615
2025-03-15 06:00:00,97.01,382.64,10.648911816266772
2025-03-15 07:00:00,99.42,353.26,10.524507908421802
2025-03-15 08:00:00,98.77,302.3625,10.584118585910518
2025-03-15 09:00:00,86.4,239.6225,10.648834940079643
2025-03-15 10:00:00,72.39,215.685,10.524536590531783
2025-03-15 11:00:00,67.16,197.2975,10.584176861149125
2025-03-15 12:00:00,57.32,190.28,10.648758246087736
2025-03-15 13:00:00,48.0,198.865,10.524565250786347
2025-03-15 14:00:00,54.51,237.45,10.584234941955264
2025-03-15 15:00:00,70.8,291.3675,10.648681733599748
2025-03-15 16:00:00,84.24,343.02750000000003,10.52459388914147
2025-03-15 17:00:00,121.91,364.4325,10.584292829237095
2025-03-15 18:00:00,130.3,364.06,10.648605401928016
2025-03-15 19:00:00,132.96,362.865,10.524622505553955
2025-03-15 20:00:00,121.46,365.09749999999997,10.584350523897148
2025-03-15 21:00:00,108.5,381.625,10.648529250388469
2025-03-15 22:00:00,105.02,388.0625,10.52465109998142
2025-03-15 23:00:00,95.25,396.39,10.584408026832392
2025-03-16 00:00:00,90.01,406.02,10.64845327830064
2025-03-16 01:00:00,85.79,410.65250000000003,10.524679672382275
2025-03-16 02:00:00,79.62,413.0175,10.584465338934246
2025-03-16 03:00:00,78.18,415.8275,10.648377484987602
2025-03-16 04:00:00,78.6,420.38,10.524708222715736
2025-03-16 05:00:00,80.51,418.065,10.584522461088648
2025-03-16 06:00:00,85.14,374.225,10.648301869775988
2025-03-16 07:00:00,82.07,288.1125,10.524736750941788
2025-03-16 08:00:00,77.95,207.07750000000001,10.584579394176078
2025-03-16 09:00:00,56.9,175.26749999999998,10.648226431995923
2025-03-16 10:00:00,24.09,164.0125,10.524765257021208
2025-03-16 11:00:00,2.9,165.1625,10.584636139071623
2025-03-16 12:00:00,1.01,167.7575,10.64815117098104
2025-03-16 13:00:00,0.19,176.5275,10.524793740915522
2025-03-16 14:00:00,2.53,194.1875,10.58469269664499
2025-03-16 15:00:00,31.0,248.05,10.648076086068427
2025-03-16 16:00:00,71.11,340.7975,10.524822202587027
2025-03-16 17:00:00,116.81,381.7925,10.584749067760571
2025-03-16 18:00:00,130.84,392.5525,10.64800117659861
2025-03-16 19:00:00,140.0,398.4175,10.524850641998754
2025-03-16 20:00:00,125.28,397.71,10.584805253277473
2025-03-16 21:00:00,107.73,403.4675,10.647926441915553
2025-03-16 22:00:00,100.8,394.84999999999997,10.524879059114486
2025-03-16 23:00:00,79.71,362.3275,10.584861254049551
2025-03-17 00:00:00,78.1,346.95,10.64785188136661
2025-03-17 01:00:00,79.01,340.0675,10.52490745389874
2025-03-17 02:00:00,78.79,335.6,10.584917070925474
2025-03-17 03:00:00,80.91,344.4225,10.647777494302503
2025-03-17 04:00:00,85.85,359.175,10.52493582631674
2025-03-17 05:00:00,103.3,356.515,10.584972704748742
2025-03-17 06:00:00,135.18,350.575,10.647703280077314
2025-03-17 07:00:00,152.87,313.415,10.524964176334441
2025-03-17 08:00:00,135.24,239.9125,10.585028156357717
2025-03-17 09:00:00,100.73,190.53,10.647629238048463
2025-03-17 10:00:00,68.21,172.2525,10.524992503918497
2025-03-17 11:00:00,50.56,170.965,10.585083426585697
2025-03-17 12:00:00,31.17,169.145,10.647555367576667
2025-03-17 13:00:00,27.95,178.93,10.525020809036269
2025-03-17 14:00:00,50.14,228.565,10.585138516260924
2025-03-17 15:00:00,70.01,316.6675,10.647481668025936
2025-03-17 16:00:00,98.55,389.695,10.52504909165579
2025-03-17 17:00:00,143.05,406.125,10.585193426206633
2025-03-17 18:00:00,177.33,405.34250000000003,10.647408138763547
2025-03-17 19:00:00,170.0,412.8,10.525077351745795
2025-03-17 20:00:00,141.5,414.865,10.585248157241091
2025-03-17 21:00:00,118.85,426.64250000000004,10.64733477916002
2025-03-17 22:00:00,107.86,432.6875,10.52510558927569
2025-03-17 23:00:00,93.5,438.185,10.58530271017763
2025-03-18 00:00:00,92.2,450.1875,10.64726158858909
2025-03-18 01:00:00,89.99,452.81,10.525133804215548
2025-03-18 02:00:00,92.37,453.1225,10.585357085824691
2025-03-18 03:00:00,89.2,448.59,10.647188566427713
2025-03-18 04:00:00,95.25,440.39,10.525161996536086
2025-03-18 05:00:00,110.74,414.40250000000003,10.585411284985852
2025-03-18 06:00:00,138.9,374.5825,10.647115712056008
2025-03-18 07:00:00,136.68,309.5875,10.5251901662087
2025-03-18 08:00:00,106.52,238.315,10.58546530845988
2025-03-18 09:00:00,71.53,182.6475,10.647043024857261
2025-03-18 10:00:00,25.27,160.9525,10.52521831320541
2025-03-18 11:00:00,0.68,156.925,10.585519157040743
2025-03-18 12:00:00,-1.46,171.29500000000002,10.646970504217895
2025-03-18 13:00:00,-0.3,179.395,10.52524643749889
2025-03-18 14:00:00,5.72,207.325,10.585572831517673
2025-03-18 15:00:00,50.28,311.91499999999996,10.646898149527464
2025-03-18 16:00:00,95.94,400.2975,10.525274539062424
2025-03-18 17:00:00,140.9,425.035,10.58562633267518
2025-03-18 18:00:00,170.91,417.525,10.646825960178603
2025-03-18 19:00:00,167.46,418.365,10.525302617869938
2025-03-18 20:00:00,142.39,423.82,10.585679661293096
2025-03-18 21:00:00,123.04,434.765,10.646753935567041
2025-03-18 22:00:00,115.97,441.6175,10.525330673895965
2025-03-18 23:00:00,103.29,443.3775,10.58573281814661
2025-03-19 00:00:00,107.29,452.0775,10.646682075091555
2025-03-19 01:00:00,102.4,464.425,10.525358707115647
2025-03-19 02:00:00,101.19,474.94,10.585785804006308
2025-03-19 03:00:00,102.0,478.705,10.646610378153968
2025-03-19 04:00:00,106.59,474.905,10.525386717504732
2025-03-19 05:00:00,122.52,451.0825,10.585838619638197
2025-03-19 06:00:00,158.05,414.68,10.646538844159123
2025-03-19 07:00:00,147.74,339.60249999999996,10.525414705039555
2025-03-19 08:00:00,108.23,264.69,10.585891265803745
2025-03-19 09:00:00,79.5,218.58249999999998,10.646467472514852
2025-03-19 10:00:00,26.52,193.67000000000002,10.525442669697052
2025-03-19 11:00:00,-0.04,185.19,10.585943743259913
2025-03-19 12:00:00,-0.56,186.54250000000002,10.646396262631988
2025-03-19 13:00:00,-0.25,197.0175,10.525470611454724
2025-03-19 14:00:00,0.99,251.20749999999998,10.585996052759189
2025-03-19 15:00:00,66.73,379.77,10.646325213924305
2025-03-19 16:00:00,109.85,456.565,10.525498530290665
2025-03-19 17:00:00,147.56,472.6225,10.586048195049619
2025-03-19 18:00:00,248.18,472.2575,10.646254325808531
2025-03-19 19:00:00,220.3,476.89,10.52552642618353
2025-03-19 20:00:00,176.68,486.85,10.586100170874841
2025-03-19 21:00:00,138.24,499.1925,10.646183597704315
2025-03-19 22:00:00,124.45,507.5175,10.525554299112525
2025-03-19 23:00:00,111.14,499.85,10.586151980974122
2025-03-20 00:00:00,117.17,493.655,10.64611302903421
2025-03-20 01:00:00,102.86,489.53,10.52558214905743
2025-03-20 02:00:00,99.56,488.4775,10.586203626082392
2025-03-20 03:00:00,100.08,486.77,10.646042619223659
2025-03-20 04:00:00,102.83,472.9275,10.52560997599856
2025-03-20 05:00:00,119.7,447.5125,10.58625510693026
2025-03-20 06:00:00,144.84,411.7475,10.645972367700967
2025-03-20 07:00:00,141.21,346.6475,10.525637779916782
2025-03-20 08:00:00,99.87,275.3325,10.586306424244055
2025-03-20 09:00:00,79.45,227.7625,10.645902273897288
2025-03-20 10:00:00,37.51,202.7125,10.525665560793493
2025-03-20 11:00:00,3.42,179.15,10.586357578745869
2025-03-20 12:00:00,0.43,181.68,10.645832337246622
2025-03-20 13:00:00,0.65,200.7225,10.525693318610626
2025-03-20 14:00:00,16.6,286.755,10.586408571153566
2025-03-20 15:00:00,79.42,392.38,10.64576255718576
2025-03-20 16:00:00,120.76,460.9425,10.525721053350637
2025-03-20 17:00:00,155.14,474.6375,10.586459402180836
2025-03-20 18:00:00,280.07,472.0575,10.645692933154304
2025-03-20 19:00:00,253.85,481.31,10.525748764996502
2025-03-20 20:00:00,164.0,502.2125,10.586510072537212
2025-03-20 21:00:00,136.82,512.02,10.64562346459463
2025-03-20 22:00:00,125.03,522.4475,10.525776453531702
2025-03-20 23:00:00,117.91,527.4575,10.586560582928087
2025-03-21 00:00:00,125.07,527.9325,10.645554150951877
2025-03-21 01:00:00,116.41,526.14,10.52580411894023
2025-03-21 02:00:00,112.74,516.5899999999999,10.586610934054784
2025-03-21 03:00:00,105.81,506.145,10.64548499167392
2025-03-21 04:00:00,109.1,489.40999999999997,10.525831761206588
2025-03-21 05:00:00,127.49,457.235,10.58666112661454
2025-03-21 06:00:00,156.0,399.885,10.645415986211361
2025-03-21 07:00:00,148.27,283.825,10.525859380315758
2025-03-21 08:00:00,110.73,174.765,10.586711161300572
2025-03-21 09:00:00,73.31,127.9975,10.645347134017515
2025-03-21 10:00:00,43.25,114.1975,10.52588697625323
2025-03-21 11:00:00,7.35,106.285,10.586761038802077
2025-03-21 12:00:00,0.81,105.92,10.645278434548386
2025-03-21 13:00:00,0.0,109.44749999999999,10.525914549004954
2025-03-21 14:00:00,2.49,113.0375,10.586810759804287
2025-03-21 15:00:00,12.36,131.2625,10.645209887262649
2025-03-21 16:00:00,46.22,184.2425,10.52594209855738
2025-03-21 17:00:00,100.24,208.485,10.58686032498848
2025-03-21 18:00:00,120.65,173.04500000000002,10.64514149162164
2025-03-21 19:00:00,83.5,146.0025,10.52596962489742
2025-03-21 20:00:00,70.0,139.3175,10.586909735032016
2025-03-21 21:00:00,47.19,146.0275,10.645073247089332
2025-03-21 22:00:00,27.13,146.01,10.525997128012458
2025-03-21 23:00:00,18.45,136.125,10.586958990608359
2025-03-22 00:00:00,26.93,125.1125,10.645005153132331
2025-03-22 01:00:00,12.57,122.3,10.526024607890342
2025-03-22 02:00:00,9.07,124.9675,10.58700809238712
2025-03-22 03:00:00,6.88,127.52000000000001,10.644937209219835
2025-03-22 04:00:00,10.12,129.7675,10.52605206451937
2025-03-22 05:00:00,12.95,143.58,10.587057041034058
2025-03-22 06:00:00,13.01,154.1725,10.644869414823653
2025-03-22 07:00:00,13.04,148.105,10.526079497888297
2025-03-22 08:00:00,3.11,136.0725,10.587105837211132
2025-03-22 09:00:00,0.0,127.7,10.644801769418152
2025-03-22 10:00:00,-1.86,119.2825,10.526106907986321
2025-03-22 11:00:00,-6.31,113.3475,10.58715448157653
2025-03-22 12:00:00,-15.18,110.0325,10.644734272480266
2025-03-22 13:00:00,-15.04,109.785,10.52613429480309
2025-03-22 14:00:00,-6.79,118.17,10.587202974784669
2025-03-22 15:00:00,-1.51,145.5325,10.644666923489474
2025-03-22 16:00:00,1.01,171.84,10.526161658328673
2025-03-22 17:00:00,34.99,189.2625,10.587251317486253
2025-03-22 18:00:00,60.03,192.7575,10.644599721927777
2025-03-22 19:00:00,50.95,191.47,10.526188998553586
2025-03-22 20:00:00,42.15,186.65,10.58729951032827
2025-03-22 21:00:00,36.12,186.055,10.644532667279691
2025-03-22 22:00:00,37.14,201.965,10.52621631546877
2025-03-22 23:00:00,35.69,182.87,10.58734755395405
2025-03-23 00:00:00,13.69,165.76749999999998,10.644465759032231
2025-03-23 01:00:00,19.01,162.195,10.52624360906557
2025-03-23 02:00:00,23.65,168.865,10.58739544900326
2025-03-23 03:00:00,23.49,177.7425,10.644398996674889
2025-03-23 04:00:00,24.82,183.0075,10.526270879335769
2025-03-23 05:00:00,25.01,179.1275,10.587443196111959
2025-03-23 06:00:00,24.84,170.8325,10.64433237969962
2025-03-23 07:00:00,24.26,153.8525,10.526298126271554
2025-03-23 08:00:00,18.99,141.665,10.5874907959126
2025-03-23 09:00:00,23.09,135.0025,10.644265907600834
2025-03-23 10:00:00,13.78,129.3175,10.526325349865509
2025-03-23 11:00:00,9.6,134.4325,10.587538249034065
2025-03-23 12:00:00,13.49,141.85,10.644199579875377
2025-03-23 13:00:00,5.01,157.26999999999998,10.526352550110644
2025-03-23 14:00:00,11.46,192.57,10.5875855561017
2025-03-23 15:00:00,42.5,295.6325,10.644133396022507
2025-03-23 16:00:00,84.42,364.26,10.526379727000341
2025-03-23 17:00:00,124.23,396.1475,10.587632717737312
2025-03-23 18:00:00,140.0,427.93,10.644067355543898
2025-03-23 19:00:00,142.51,449.645,10.526406880528391
2025-03-23 20:00:00,140.58,474.36,10.587679734559234
2025-03-23 21:00:00,130.0,494.27750000000003,10.644001457943602
2025-03-23 22:00:00,126.47,531.745,10.526434010688972
2025-03-23 23:00:00,114.24,538.625,10.58772660718231
2025-03-24 00:00:00,110.45,554.3375,10.643935702728058
2025-03-24 01:00:00,107.29,562.1800000000001,10.526461117476646
2025-03-24 02:00:00,101.91,562.6925,10.587773336217944
2025-03-24 03:00:00,98.94,558.965,10.643870089406066
2025-03-24 04:00:00,101.99,543.1175000000001,10.526488200886348
2025-03-24 05:00:00,119.82,497.3225,10.587819922274115
2025-03-24 06:00:00,141.5,452.6475,10.643804617488762
2025-03-24 07:00:00,164.28,428.015,10.526515260913396
2025-03-24 08:00:00,161.86,410.755,10.587866365955408
2025-03-24 09:00:00,135.38,391.4325,10.643739286489621
2025-03-24 10:00:00,111.16,364.135,10.52654229755348
2025-03-24 11:00:00,107.36,338.0625,10.587912667863028
2025-03-24 12:00:00,100.75,331.96,10.643674095924442
2025-03-24 13:00:00,100.87,340.625,10.526569310802653
2025-03-24 14:00:00,106.57,369.28,10.58795882859483
2025-03-24 15:00:00,115.85,407.6875,10.643609045311319
2025-03-24 16:00:00,130.95,447.81,10.526596300657328
2025-03-24 17:00:00,154.15,455.7275,10.588004848745344
2025-03-24 18:00:00,211.99,457.5925,10.643544134170636
2025-03-24 19:00:00,193.0,469.31,10.52662326711428
2025-03-24 20:00:00,161.84,489.2375,10.588050728905788
2025-03-24 21:00:00,138.55,507.80499999999995,10.643479362025063
2025-03-24 22:00:00,125.58,521.2325000000001,10.526650210170642
2025-03-24 23:00:00,115.16,520.9350000000001,10.588096469664103
2025-03-25 00:00:00,102.07,515.3475,10.64341472839952
2025-03-25 01:00:00,101.76,507.9225,10.526677129823895
2025-03-25 02:00:00,100.2,495.6625,10.588142071604976
2025-03-25 03:00:00,102.67,484.85,10.643350232821186
2025-03-25 04:00:00,101.96,480.2325,10.526704026071862
2025-03-25 05:00:00,107.39,452.3375,10.58818753530984
2025-03-25 06:00:00,136.05,427.2075,10.643285874819469
2025-03-25 07:00:00,142.13,400.6625,10.526730898912708
2025-03-25 08:00:00,133.36,359.6375,10.588232861356937
2025-03-25 09:00:00,106.41,308.27750000000003,10.643221653926
2025-03-25 10:00:00,92.03,245.6275,10.52675774834494
2025-03-25 11:00:00,78.8,216.445,10.588278050321303
2025-03-25 12:00:00,68.45,216.68,10.643157569674619
2025-03-25 13:00:00,69.23,231.43,10.526784574367404
2025-03-25 14:00:00,81.7,289.0375,10.58832310277481
2025-03-25 15:00:00,95.52,356.765,10.643093621601357
2025-03-25 16:00:00,108.84,411.90999999999997,10.52681137697927
2025-03-25 17:00:00,138.81,425.9425,10.588368019286166
2025-03-25 18:00:00,161.14,425.28,10.64302980924443
2025-03-25 19:00:00,166.36,433.75,10.526838156180027
2025-03-25 20:00:00,148.6,439.205,10.588412800420986
2025-03-25 21:00:00,122.36,440.6875,10.64296613214422
2025-03-25 22:00:00,114.83,440.43,10.526864911969506
2025-03-25 23:00:00,102.05,440.1275,10.588457446741744
2025-03-26 00:00:00,101.02,437.2425,10.642902589843274
2025-03-26 01:00:00,97.96,439.9225,10.526891644347835
2025-03-26 02:00:00,97.36,438.3925,10.588501958807853
2025-03-26 03:00:00,97.39,432.865,10.642839181886268
2025-03-26 04:00:00,95.72,439.4325,10.52691835331548
2025-03-26 05:00:00,98.85,432.6,10.588546337175657
2025-03-26 06:00:00,128.76,418.245,10.642775907820015
2025-03-26 07:00:00,141.95,397.605,10.5269450388732
2025-03-26 08:00:00,137.09,376.645,10.588590582398457
2025-03-26 09:00:00,111.86,368.67,10.642712767193437
2025-03-26 10:00:00,100.0,346.3225,10.526971701022068
2025-03-26 11:00:00,96.39,342.55,10.588634695026542
2025-03-26 12:00:00,94.81,341.0825,10.642649759557575
2025-03-26 13:00:00,84.5,358.34499999999997,10.52699833976347
2025-03-26 14:00:00,90.79,387.535,10.588678675607191
2025-03-26 15:00:00,94.36,413.77250000000004,10.642586884465551
2025-03-26 16:00:00,101.45,449.02250000000004,10.527024955099076
2025-03-26 17:00:00,135.16,453.8375,10.588722524684707
2025-03-26 18:00:00,162.0,454.98,10.642524141472569
2025-03-26 19:00:00,169.54,470.39750000000004,10.527051547030867
2025-03-26 20:00:00,153.27,490.4225,10.58876624280044
2025-03-26 21:00:00,129.4,497.8375,10.642461530135895
2025-03-26 22:00:00,120.27,502.845,10.527078115561116
2025-03-26 23:00:00,108.91,502.0775,10.588809830492787
2025-03-27 00:00:00,104.93,498.36,10.642399050014856
2025-03-27 01:00:00,98.98,493.85,10.527104660692379
2025-03-27 02:00:00,97.8,484.8275,10.588853288297239
2025-03-27 03:00:00,98.85,475.1275,10.642336700670823
2025-03-27 04:00:00,97.07,471.7875,10.527131182427507
2025-03-27 05:00:00,104.9,462.245,10.58889661674639
2025-03-27 06:00:00,129.83,432.5625,10.642274481667192
2025-03-27 07:00:00,140.0,396.3625,10.527157680769628
2025-03-27 08:00:00,123.5,340.5075,10.588939816369937
2025-03-27 09:00:00,89.92,268.2325,10.642212392569373
2025-03-27 10:00:00,77.61,215.7125,10.527184155722157
2025-03-27 11:00:00,45.48,187.165,10.588982887694732
2025-03-27 12:00:00,24.81,188.3375,10.642150432944796
2025-03-27 13:00:00,6.67,198.6775,10.527210607288781
2025-03-27 14:00:00,30.34,264.8675,10.589025831244781
2025-03-27 15:00:00,74.93,350.9975,10.642088602362875
2025-03-27 16:00:00,93.74,429.0525,10.527237035473464
2025-03-27 17:00:00,127.25,456.895,10.589068647541279
2025-03-27 18:00:00,157.9,451.6075,10.642026900395011
2025-03-27 19:00:00,170.7,455.04,10.527263440280437
2025-03-27 20:00:00,141.61,462.6675,10.589111337102594
2025-03-27 21:00:00,124.42,459.165,10.641965326614574
2025-03-27 22:00:00,113.1,448.8925,10.527289821714202
2025-03-27 23:00:00,100.91,433.6275,10.589153900444337
2025-03-28 00:00:00,90.0,428.8075,10.641903880596892
2025-03-28 01:00:00,79.38,423.235,10.52731617977952
2025-03-28 02:00:00,79.02,416.34000000000003,10.589196338079333
2025-03-28 03:00:00,79.38,410.14,10.641842561919251
2025-03-28 04:00:00,79.84,402.6875,10.527342514481422
2025-03-28 05:00:00,103.51,378.9025,10.589238650517679
2025-03-28 06:00:00,128.52,345.59,10.641781370160851
2025-03-28 07:00:00,122.2,298.8325,10.527368825825189
2025-03-28 08:00:00,102.08,233.4725,10.589280838266724
2025-03-28 09:00:00,75.57,173.6675,10.641720304902847
2025-03-28 10:00:00,25.77,152.015,10.527395113816358
2025-03-28 11:00:00,1.68,151.7275,10.589322901831128
2025-03-28 12:00:00,-0.01,163.10750000000002,10.641659365728282
2025-03-28 13:00:00,-0.03,176.39249999999998,10.527421378460717
2025-03-28 14:00:00,14.48,222.59,10.589364841712841
2025-03-28 15:00:00,70.1,341.115,10.641598552222115
2025-03-28 16:00:00,104.19,424.835,10.527447619764311
2025-03-28 17:00:00,132.0,447.4325,10.589406658411152
2025-03-28 18:00:00,165.99,440.75,10.6415378639712
2025-03-28 19:00:00,165.9,452.0325,10.527473837733424
2025-03-28 20:00:00,148.03,462.03499999999997,10.58944835242269
2025-03-28 21:00:00,124.56,470.96,10.641477300564258
2025-03-28 22:00:00,117.94,482.64250000000004,10.52750003237458
2025-03-28 23:00:00,110.12,474.2825,10.589489924241436
2025-03-29 00:00:00,113.62,482.0475,10.64141686159189
2025-03-29 01:00:00,103.91,468.5125,10.52752620369455
2025-03-29 02:00:00,96.54,447.52750000000003,10.589531374358772
2025-03-29 03:00:00,96.22,406.2075,10.64135654664656
2025-03-29 04:00:00,96.5,390.1725,10.527552351700338
2025-03-29 05:00:00,92.74,370.575,10.589572703263457
2025-03-29 06:00:00,96.73,345.815,10.64129635532256
2025-03-29 07:00:00,98.44,284.0925,10.527578476399183
2025-03-29 08:00:00,91.86,200.8275,10.589613911441667
2025-03-29 09:00:00,76.14,165.035,10.64123628721604
2025-03-29 10:00:00,65.67,157.22,10.527604577798561
2025-03-29 11:00:00,65.34,152.815,10.589654999377016
2025-03-29 12:00:00,65.33,148.1175,10.641176341924975
2025-03-29 13:00:00,2.06,154.9725,10.527630655906163
2025-03-29 14:00:00,3.94,161.7125,10.589695967550568
2025-03-29 15:00:00,25.27,192.8225,10.641116519049142
2025-03-29 16:00:00,66.26,288.595,10.527656710729927
2025-03-29 17:00:00,100.1,359.7925,10.58973681644084
2025-03-29 18:00:00,146.91,370.1725,10.641056818190131
2025-03-29 19:00:00,152.22,365.365,10.527682742277996
2025-03-29 20:00:00,121.07,355.65999999999997,10.589777546523836
2025-03-29 21:00:00,100.42,326.665,10.640997238951332
2025-03-29 22:00:00,82.75,275.2025,10.527708750558743
2025-03-29 23:00:00,68.27,223.825,10.589818158273065
2025-03-30 00:00:00,46.31,203.285,10.640937780937913
2025-03-30 01:00:00,15.89,201.3875,10.527734735580747
2025-03-30 02:00:00,,,0.0
2025-03-30 03:00:00,5.1,188.8,10.589858652159538
2025-03-30 04:00:00,1.2,177.655,10.64087844375682
2025-03-30 05:00:00,0.09,167.1825,10.527760697352825
2025-03-30 06:00:00,0.03,154.6875,10.589899028651809
2025-03-30 07:00:00,0.0,142.8675,10.640819227016763
2025-03-30 08:00:00,-0.01,127.01,10.527786635883984
2025-03-30 09:00:00,-0.04,120.4425,10.589939288215968
2025-03-30 10:00:00,-3.47,117.29249999999999,10.640760130328209
2025-03-30 11:00:00,-11.34,112.65,10.527812551183455
2025-03-30 12:00:00,-18.5,118.26,10.589979431315678
2025-03-30 13:00:00,-25.76,119.62,10.64070115330336
2025-03-30 14:00:00,-26.07,113.735,10.527838443260679
2025-03-30 15:00:00,-12.96,110.8775,10.590019458412176
2025-03-30 16:00:00,-4.01,113.045,10.640642295556164
2025-03-30 17:00:00,-0.01,137.2325,10.527864312125281
2025-03-30 18:00:00,14.41,158.98,10.59005936996429
2025-03-30 19:00:00,60.83,155.9375,10.640583556702278
2025-03-30 20:00:00,58.86,166.185,10.527890157787114
2025-03-30 21:00:00,50.01,179.0675,10.590099166428468
2025-03-30 22:00:00,61.71,171.9075,10.640524936359094
2025-03-30 23:00:00,56.44,160.1425,10.527915980256214
2025-03-31 00:00:00,65.57,170.20499999999998,10.590138848258771
2025-03-31 01:00:00,63.25,180.5025,10.640466434145695
2025-03-31 02:00:00,64.41,198.75,10.527941779542827
2025-03-31 03:00:00,67.22,240.415,10.590178415906916
2025-03-31 04:00:00,68.97,285.4425,10.640408049682854
2025-03-31 05:00:00,88.0,337.8125,10.527967555657387
2025-03-31 06:00:00,109.27,359.36,10.59021786982227
2025-03-31 07:00:00,143.54,357.25,10.640349782593043
2025-03-31 08:00:00,174.23,342.905,10.527993308610522
2025-03-31 09:00:00,133.17,316.265,10.590257210451865
2025-03-31 10:00:00,110.27,293.675,10.6402916325004
2025-03-31 11:00:00,99.04,262.39,10.528019038413053
2025-03-31 12:00:00,83.54,226.6,10.59029643824044
2025-03-31 13:00:00,74.1,220.3625,10.640233599030731
2025-03-31 14:00:00,73.58,238.17,10.528044745075984
2025-03-31 15:00:00,69.55,295.45,10.590335553630412
2025-03-31 16:00:00,76.24,356.78,10.640175681811506
2025-03-31 17:00:00,100.83,402.8625,10.52807042861051
2025-03-31 18:00:00,131.57,427.115,10.59037455706193
2025-03-31 19:00:00,183.96,438.6975,10.640117880471834
2025-03-31 20:00:00,172.73,455.9575,10.528096089028011
2025-03-31 21:00:00,135.03,468.895,10.59041344897287
2025-03-31 22:00:00,115.25,482.15999999999997,10.64006019464246
2025-03-31 23:00:00,102.34,488.3175,10.528121726340041
2025-04-01 00:00:00,101.56,487.7375,10.590452229798856
2025-04-01 01:00:00,95.02,490.96500000000003,10.640002623955768
2025-04-01 02:00:00,92.91,491.4425,10.528147340558341
2025-04-01 03:00:00,93.5,480.3075,10.590490899973268
2025-04-01 04:00:00,91.43,475.2225,10.639945168045754
2025-04-01 05:00:00,100.71,454.255,10.528172931694824
2025-04-01 06:00:00,129.46,425.6225,10.59052945992727
2025-04-01 07:00:00,179.96,400.8875,10.639887826548023
2025-04-01 08:00:00,159.37,353.745,10.528198499761578
2025-04-01 09:00:00,108.47,270.115,10.590567910089808
2025-04-01 10:00:00,86.17,175.28,10.639830599099788
2025-04-01 11:00:00,70.26,152.1475,10.528224044770866
2025-04-01 12:00:00,53.15,148.5875,10.590606250887632
2025-04-01 13:00:00,11.57,147.0625,10.639773485339848
2025-04-01 14:00:00,10.89,152.1275,10.528249566735125
2025-04-01 15:00:00,26.7,164.495,10.590644482745311
2025-04-01 16:00:00,65.23,221.1575,10.639716484908591
2025-04-01 17:00:00,82.8,304.445,10.52827506566695
2025-04-01 18:00:00,122.39,363.5575,10.590682606085252
2025-04-01 19:00:00,155.72,359.9125,10.639659597447979
2025-04-01 20:00:00,138.0,332.22,10.52830054157911
2025-04-01 21:00:00,110.9,312.8725,10.59072062132769
2025-04-01 22:00:00,95.64,282.375,10.639602822601532
2025-04-01 23:00:00,79.45,259.9325,10.528325994484536
2025-04-02 00:00:00,68.06,255.2975,10.590758528890738
2025-04-02 01:00:00,66.93,260.5725,10.639546160014332
2025-04-02 02:00:00,66.8,264.565,10.52835142439632
2025-04-02 03:00:00,67.97,270.2525,10.590796329190374
2025-04-02 04:00:00,68.9,300.08500000000004,10.639489609333015
2025-04-02 05:00:00,82.18,329.8025,10.528376831327718
2025-04-02 06:00:00,113.84,341.7475,10.59083402264046
2025-04-02 07:00:00,150.31,317.3575,10.639433170205754
2025-04-02 08:00:00,124.7,235.695,10.528402215292138
2025-04-02 09:00:00,84.74,141.0525,10.590871609652758
2025-04-02 10:00:00,48.38,121.395,10.63937684228224
2025-04-02 11:00:00,0.0,117.845,10.528427576303148
2025-04-02 12:00:00,-4.92,118.51,10.59090909063695
2025-04-02 13:00:00,-20.06,115.69999999999999,10.63932062521371
2025-04-02 14:00:00,-21.02,117.025,10.528452914374471
2025-04-02 15:00:00,-10.0,130.8175,10.590946466000638
2025-04-02 16:00:00,-1.73,151.35750000000002,10.639264518652888
2025-04-02 17:00:00,15.37,221.385,10.52847822951998
2025-04-02 18:00:00,88.84,268.9,10.590983736149365
2025-04-02 19:00:00,125.35,278.62,10.639208522254028
2025-04-02 20:00:00,114.0,267.6425,10.528503521753697
2025-04-02 21:00:00,96.07,264.1225,10.591020901486623
2025-04-02 22:00:00,82.63,245.21,10.639152635672872
2025-04-02 23:00:00,71.43,233.6125,10.528528791089796
2025-04-03 00:00:00,67.0,252.08499999999998,10.591057962413876
2025-04-03 01:00:00,67.0,261.015,10.639096858566642
2025-04-03 02:00:00,67.0,275.0125,10.528554037542593
2025-04-03 03:00:00,68.95,282.4575,10.591094919330562
2025-04-03 04:00:00,71.0,306.53499999999997,10.639041190594055
2025-04-03 05:00:00,86.22,320.2975,10.528579261126554
2025-04-03 06:00:00,129.71,323.1075,10.591131772634105
2025-04-03 07:00:00,162.77,304.9075,10.638985631415295
2025-04-03 08:00:00,133.3,241.7425,10.52860446185628
2025-04-03 09:00:00,79.11,166.725,10.591168522719945
2025-04-03 10:00:00,40.47,131.275,10.638930180692006
2025-04-03 11:00:00,-0.16,118.88,10.52862963974652
2025-04-03 12:00:00,-1.19,118.5225,10.591205169981524
2025-04-03 13:00:00,-8.4,119.4925,10.638874838087297
2025-04-03 14:00:00,-5.85,129.155,10.528654794812159
2025-04-03 15:00:00,-0.27,161.105,10.59124171481033
2025-04-03 16:00:00,16.09,271.85249999999996,10.638819603265716
2025-04-03 17:00:00,75.0,387.3325,10.528679927068218
2025-04-03 18:00:00,138.0,426.845,10.591278157595866
2025-04-03 19:00:00,163.48,424.33500000000004,10.63876447589326
2025-04-03 20:00:00,155.88,431.85249999999996,10.528705036529853
2025-04-03 21:00:00,137.03,439.765,10.591314498725716
2025-04-03 22:00:00,113.21,455.9425,10.638709455637354
2025-04-03 23:00:00,104.63,468.55,10.528730123212362
2025-04-04 00:00:00,108.34,489.2,10.59135073858551
2025-04-04 01:00:00,103.04,507.4975,10.638654542166849
2025-04-04 02:00:00,102.89,517.485,10.528755187131162
2025-04-04 03:00:00,103.61,521.155,10.591386877558964
2025-04-04 04:00:00,105.95,505.7675,10.63859973515201
2025-04-04 05:00:00,112.55,460.1725,10.528780228301809
2025-04-04 06:00:00,152.67,430.72,10.591422916027877
2025-04-04 07:00:00,180.17,392.6975,10.638545034264514
2025-04-04 08:00:00,139.4,304.61,10.528805246739987
2025-04-04 09:00:00,95.68,197.32,10.591458854372156
2025-04-04 10:00:00,65.0,147.4025,10.638490439177442
2025-04-04 11:00:00,7.82,128.7325,10.5288302424615
2025-04-04 12:00:00,0.0,128.79000000000002,10.591494692969823
2025-04-04 13:00:00,-1.31,133.85750000000002,10.638435949565258
2025-04-04 14:00:00,-1.21,139.35999999999999,10.528855215482293
2025-04-04 15:00:00,-0.13,159.1225,10.591530432197008
2025-04-04 16:00:00,29.7,246.5325,10.638381565103826
2025-04-04 17:00:00,79.87,344.97,10.528880165818414
2025-04-04 18:00:00,126.35,380.14,10.591566072427995
2025-04-04 19:00:00,167.64,382.89,10.638327285470378
2025-04-04 20:00:00,155.99,384.445,10.528905093486042
2025-04-04 21:00:00,120.67,379.27750000000003,10.59160161403521
2025-04-04 22:00:00,106.15,369.67499999999995,10.638273110343526
2025-04-04 23:00:00,96.97,349.9125,10.528929998501482
2025-04-05 00:00:00,109.23,325.0175,10.591637057389232
2025-04-05 01:00:00,102.76,324.15999999999997,10.63821903940324
2025-04-05 02:00:00,99.39,318.9825,10.528954880881146
2025-04-05 03:00:00,99.4,309.1325,10.591672402858824
2025-04-05 04:00:00,98.31,300.68,10.638165072330843
2025-04-05 05:00:00,97.5,292.3275,10.528979740641583
2025-04-05 06:00:00,102.98,254.4675,10.591707650810918
2025-04-05 07:00:00,105.9,188.835,10.638111208809013
2025-04-05 08:00:00,98.3,115.75750000000001,10.52900457779943
2025-04-05 09:00:00,57.16,88.13,10.591742801610648
2025-04-05 10:00:00,0.66,82.3125,10.638057448521769
2025-04-05 11:00:00,-0.94,80.7825,10.529029392371458
2025-04-05 12:00:00,-24.09,84.225,10.591777855621343
2025-04-05 13:00:00,-47.73,88.6375,10.638003791154459
2025-04-05 14:00:00,-49.1,90.435,10.529054184374543
2025-04-05 15:00:00,-29.91,92.865,10.591812813204555
2025-04-05 16:00:00,-4.3,96.8025,10.637950236393767
2025-04-05 17:00:00,0.0,114.9275,10.529078953825675
2025-04-05 18:00:00,70.0,151.6425,10.59184767472006
2025-04-05 19:00:00,99.4,164.065,10.637896783927689
2025-04-05 20:00:00,98.9,161.0525,10.52910370074195
2025-04-05 21:00:00,84.25,159.5075,10.591882440525875
2025-04-05 22:00:00,78.99,148.1775,10.637843433445536
2025-04-05 23:00:00,68.75,139.8525,10.529128425140579
2025-04-06 00:00:00,70.45,148.4925,10.591917110978256
2025-04-06 01:00:00,61.0,160.89249999999998,10.637790184637925
2025-04-06 02:00:00,62.72,173.8125,10.529153127038867
2025-04-06 03:00:00,68.28,181.1475,10.591951686431722
2025-04-06 04:00:00,69.95,183.9125,10.637737037196775
2025-04-06 05:00:00,77.43,184.4425,10.529177806454237
2025-04-06 06:00:00,76.54,177.405,10.591986167239062
2025-04-06 07:00:00,78.11,142.9975,10.63768399081529
2025-04-06 08:00:00,41.79,102.57249999999999,10.529202463404213
2025-04-06 09:00:00,0.1,89.1625,10.592020553751343
2025-04-06 10:00:00,-2.0,83.9775,10.637631045187971
2025-04-06 11:00:00,-27.56,85.0,10.529227097906409
2025-04-06 12:00:00,-60.01,87.4375,10.592054846317927
2025-04-06 13:00:00,-106.31,91.2775,10.637578200010577
2025-04-06 14:00:00,-114.57,95.2775,10.529251709978553
2025-04-06 15:00:00,-70.0,100.385,10.592089045286466
2025-04-06 16:00:00,-18.95,135.8225,10.637525454980159
2025-04-06 17:00:00,1.76,241.11249999999998,10.529276299638468
2025-04-06 18:00:00,112.41,339.64250000000004,10.592123151002937
2025-04-06 19:00:00,131.56,364.8,10.63747280979502
2025-04-06 20:00:00,132.9,371.435,10.529300866904077
2025-04-06 21:00:00,121.38,378.505,10.592157163811631
2025-04-06 22:00:00,111.84,382.42,10.63742026415472
2025-04-06 23:00:00,100.03,390.6975,10.529325411793394
2025-04-07 00:00:00,86.71,402.6275,10.59219108405516
2025-04-07 01:00:00,85.0,414.8675,10.637367817760088
2025-04-07 02:00:00,81.73,426.805,10.529349934324534
2025-04-07 03:00:00,83.53,429.2,10.5922249120745
2025-04-07 04:00:00,85.45,426.1575,10.637315470313165
2025-04-07 05:00:00,98.74,403.595,10.52937443451571
2025-04-07 06:00:00,131.1,381.7975,10.592258648208956
2025-04-07 07:00:00,175.97,357.3875,10.637263221517255
2025-04-07 08:00:00,144.61,287.515,10.529398912385211
2025-04-07 09:00:00,107.1,213.2875,10.592292292796214
2025-04-07 10:00:00,83.37,151.8675,10.637211071076885
2025-04-07 11:00:00,65.0,122.51,10.529423367951438
2025-04-07 12:00:00,11.8,121.52,10.592325846172317
2025-04-07 13:00:00,2.19,125.1225,10.63715901869781
2025-04-07 14:00:00,3.94,134.035,10.529447801232866
2025-04-07 15:00:00,60.98,169.01749999999998,10.59235930867169
2025-04-07 16:00:00,72.0,281.1825,10.637107064086997
2025-04-07 17:00:00,102.43,376.3325,10.529472212248065
2025-04-07 18:00:00,127.6,419.46000000000004,10.592392680627157
2025-04-07 19:00:00,168.45,430.5525,10.637055206952622
2025-04-07 20:00:00,165.05,441.2375,10.529496601015694
2025-04-07 21:00:00,138.2,460.965,10.592425962369937
2025-04-07 22:00:00,121.02,470.6025,10.637003447004084
2025-04-07 23:00:00,105.21,486.67,10.529520967554493
2025-04-08 00:00:00,94.93,492.2225,10.592459154229662
2025-04-08 01:00:00,87.83,500.1275,10.636951783951963
2025-04-08 02:00:00,89.06,498.7275,10.529545311883297
2025-04-08 03:00:00,89.9,499.41999999999996,10.592492256534378
2025-04-08 04:00:00,91.62,498.78,10.63690021750803
2025-04-08 05:00:00,105.73,466.6625,10.52956963402101
2025-04-08 06:00:00,142.97,439.52250000000004,10.59252526961057
2025-04-08 07:00:00,180.55,408.45,10.63684874738526
2025-04-08 08:00:00,136.77,343.53999999999996,10.529593933986627
2025-04-08 09:00:00,91.3,251.08,10.592558193783152
2025-04-08 10:00:00,76.47,165.1725,10.636797373297787
2025-04-08 11:00:00,61.09,146.02,10.52961821179923
2025-04-08 12:00:00,19.57,142.20499999999998,10.592591029375487
2025-04-08 13:00:00,16.83,150.4225,10.636746094960937
2025-04-08 14:00:00,28.59,170.68,10.52964246747797
2025-04-08 15:00:00,57.47,236.5375,10.592623776709404
2025-04-08 16:00:00,73.33,332.5375,10.63669491209119
2025-04-08 17:00:00,90.34,401.8775,10.529666701042084
2025-04-08 18:00:00,118.26,433.6825,10.592656436105182
2025-04-08 19:00:00,180.4,438.20500000000004,10.636643824406192
2025-04-08 20:00:00,171.31,442.505,10.529690912510887
2025-04-08 21:00:00,140.0,451.6675,10.59268900788159
2025-04-08 22:00:00,120.47,463.445,10.636592831624748
2025-04-08 23:00:00,105.12,472.0325,10.52971510190376
2025-04-09 00:00:00,104.99,473.4125,10.592721492355883
2025-04-09 01:00:00,95.99,479.1025,10.636541933466807
2025-04-09 02:00:00,94.67,475.8275,10.529739269240169
2025-04-09 03:00:00,94.45,467.6775,10.59275388984379
2025-04-09 04:00:00,95.79,454.47,10.636491129653464
2025-04-09 05:00:00,109.45,427.2275,10.529763414539662
2025-04-09 06:00:00,152.68,401.9625,10.59278620065956
2025-04-09 07:00:00,175.56,378.63,10.63644041990695
2025-04-09 08:00:00,131.56,343.1625,10.529787537821843
2025-04-09 09:00:00,99.51,266.61,10.59281842511595
2025-04-09 10:00:00,82.71,202.4325,10.636389803950635
2025-04-09 11:00:00,59.69,148.04,10.5298116391064
2025-04-09 12:00:00,13.61,139.5275,10.592850563524237
2025-04-09 13:00:00,6.72,131.5625,10.636339281508993
2025-04-09 14:00:00,13.27,135.95,10.529835718413086
2025-04-09 15:00:00,34.87,166.98000000000002,10.592882616194217
2025-04-09 16:00:00,62.98,236.165,10.636288852307645
2025-04-09 17:00:00,83.5,302.185,10.529859775761725
2025-04-09 18:00:00,103.48,342.47249999999997,10.592914583434244
2025-04-09 19:00:00,131.57,344.875,10.63623851607331
2025-04-09 20:00:00,138.73,346.815,10.529883811172212
2025-04-09 21:00:00,111.23,355.3,10.592946465551194
2025-04-09 22:00:00,101.94,370.61,10.636188272533815
2025-04-09 23:00:00,98.51,382.98,10.529907824664512
2025-04-10 00:00:00,92.9,397.375,10.592978262850512
2025-04-10 01:00:00,89.55,413.0275,10.636138121418096
2025-04-10 02:00:00,88.9,425.2175,10.52993181625865
2025-04-10 03:00:00,87.92,435.4475,10.593009975636203
2025-04-10 04:00:00,90.0,445.4925,10.636088062456182
2025-04-10 05:00:00,97.54,427.99,10.52995578597472
2025-04-10 06:00:00,132.44,407.6625,10.593041604210852
2025-04-10 07:00:00,170.59,393.745,10.636038095379185
2025-04-10 08:00:00,135.44,349.08500000000004,10.52997973383288
2025-04-10 09:00:00,102.4,292.635,10.593073148875602
2025-04-10 10:00:00,85.71,244.6825,10.635988219919318
2025-04-10 11:00:00,66.34,194.51,10.530003659853357
2025-04-10 12:00:00,34.95,157.6475,10.59310460993021
2025-04-10 13:00:00,2.18,141.84,10.635938435809862
2025-04-10 14:00:00,0.08,142.0575,10.53002756405643
2025-04-10 15:00:00,1.18,156.4775,10.593135987673014
2025-04-10 16:00:00,54.44,221.91750000000002,10.635888742785179
2025-04-10 17:00:00,70.0,300.315,10.530051446462448
2025-04-10 18:00:00,101.68,329.2775,10.593167282400954
2025-04-10 19:00:00,140.42,326.97749999999996,10.635839140580694
2025-04-10 20:00:00,137.17,312.79,10.530075307091822
2025-04-10 21:00:00,97.56,300.8025,10.593198494409593
2025-04-10 22:00:00,92.05,284.8625,10.635789628932894
2025-04-10 23:00:00,81.11,250.8925,10.530099145965016
2025-04-11 00:00:00,65.32,243.92000000000002,10.593229623993114
2025-04-11 01:00:00,60.75,255.2,10.63574020757933
2025-04-11 02:00:00,58.44,271.14,10.530122963102553
2025-04-11 03:00:00,58.43,280.055,10.593260671444318
2025-04-11 04:00:00,61.93,283.9325,10.635690876258606
2025-04-11 05:00:00,71.99,284.63,10.53014675852502
2025-04-11 06:00:00,94.2,267.77750000000003,10.59329163705466
2025-04-11 07:00:00,111.4,245.51999999999998,10.63564163471036
2025-04-11 08:00:00,85.9,202.5725,10.530170532253054
2025-04-11 09:00:00,58.89,157.9325,10.593322521114226
2025-04-11 10:00:00,11.31,120.14,10.635592482675287
2025-04-11 11:00:00,0.0,107.715,10.530194284307354
2025-04-11 12:00:00,-3.0,101.36500000000001,10.593353323911755
2025-04-11 13:00:00,-4.99,102.2675,10.63554341989511
2025-04-11 14:00:00,-3.61,114.0125,10.530218014708673
2025-04-11 15:00:00,-0.1,151.98000000000002,10.59338404573466
2025-04-11 16:00:00,0.0,228.54250000000002,10.635494446112581
2025-04-11 17:00:00,70.15,290.885,10.530241723477811
2025-04-11 18:00:00,110.69,329.09,10.593414686869005
2025-04-11 19:00:00,133.4,336.8325,10.635445561071482
2025-04-11 20:00:00,155.0,347.295,10.530265410635629
2025-04-11 21:00:00,130.46,361.2875,10.59344524759954
2025-04-11 22:00:00,119.1,376.2675,10.635396764516614
2025-04-11 23:00:00,105.49,377.8975,10.530289076203037
2025-04-12 00:00:00,107.84,390.315,10.5934757282097
2025-04-12 01:00:00,104.41,398.8275,10.635348056193791
2025-04-12 02:00:00,100.93,404.015,10.530312720200993
2025-04-12 03:00:00,98.15,403.8275,10.593506128981602
2025-04-12 04:00:00,98.99,396.0775,10.635299435849841
2025-04-12 05:00:00,99.08,387.71000000000004,10.530336342650513
2025-04-12 06:00:00,104.42,362.1675,10.593536450196073
2025-04-12 07:00:00,99.74,290.1175,10.635250903232592
2025-04-12 08:00:00,95.49,181.0575,10.53035994357266
2025-04-12 09:00:00,67.26,105.5075,10.593566692132637
2025-04-12 10:00:00,20.19,87.16,10.635202458090877
2025-04-12 11:00:00,0.0,83.405,10.530383522988542
2025-04-12 12:00:00,-9.23,82.4925,10.593596855069533
2025-04-12 13:00:00,-40.04,84.1825,10.635154100174521
2025-04-12 14:00:00,-42.01,88.1825,10.530407080919314
2025-04-12 15:00:00,-18.68,94.41749999999999,10.59362693928373
2025-04-12 16:00:00,-0.08,127.48,10.63510582923433
2025-04-12 17:00:00,59.47,215.0425,10.53043061738619
2025-04-12 18:00:00,111.31,252.185,10.593656945050917
2025-04-12 19:00:00,150.06,240.995,10.635057645022114
2025-04-12 20:00:00,120.89,226.5625,10.53045413241041
2025-04-12 21:00:00,91.0,205.9225,10.593686872645513
2025-04-12 22:00:00,86.27,176.4,10.635009547290649
2025-04-12 23:00:00,64.27,155.5375,10.530477626013278
2025-04-13 00:00:00,63.99,148.17000000000002,10.593716722340698
2025-04-13 01:00:00,56.0,150.315,10.634961535793682
2025-04-13 02:00:00,42.36,151.795,10.530501098216135
2025-04-13 03:00:00,29.5,148.7975,10.593746494408386
2025-04-13 04:00:00,32.06,147.4875,10.63491361028594
2025-04-13 05:00:00,34.48,141.3525,10.530524549040363
2025-04-13 06:00:00,29.41,132.5475,10.593776189119245
2025-04-13 07:00:00,27.75,124.93,10.634865770523108
2025-04-13 08:00:00,12.87,120.41,10.530547978507387
2025-04-13 09:00:00,8.43,106.0825,10.593805806742733
2025-04-13 10:00:00,0.0,102.00750000000001,10.634818016261837
2025-04-13 11:00:00,-0.02,102.5175,10.53057138663869
2025-04-13 12:00:00,-3.02,100.03,10.593835347547051
2025-04-13 13:00:00,-18.84,97.4025,10.634770347259732
2025-04-13 14:00:00,-25.38,98.63,10.53059477345577
2025-04-13 15:00:00,-9.93,105.1625,10.59386481179919
2025-04-13 16:00:00,-0.01,158.3025,10.634722763275342
2025-04-13 17:00:00,17.56,246.87,10.530618138980183
2025-04-13 18:00:00,98.63,315.8375,10.593894199764929
2025-04-13 19:00:00,120.65,355.975,10.634675264068159
2025-04-13 20:00:00,118.01,380.2925,10.530641483233518
2025-04-13 21:00:00,108.06,394.0225,10.593923511708834
2025-04-13 22:00:00,103.35,411.5475,10.634627849398637
2025-04-13 23:00:00,94.98,421.1775,10.530664806237407
2025-04-14 00:00:00,87.56,438.9925,10.593952747894273
2025-04-14 01:00:00,82.69,443.29,10.634580519028136
2025-04-14 02:00:00,82.11,440.05,10.530688108013527
2025-04-14 03:00:00,82.29,439.66,10.59398190858342
2025-04-14 04:00:00,84.52,434.1225,10.63453327271898
2025-04-14 05:00:00,97.1,432.6375,10.53071138858357
2025-04-14 06:00:00,124.34,415.475,10.594010994037253
2025-04-14 07:00:00,152.03,394.925,10.634486110234388
2025-04-14 08:00:00,143.7,357.7325,10.530734647969288
2025-04-14 09:00:00,104.7,275.71000000000004,10.594040004515582
2025-04-14 10:00:00,91.02,197.845,10.634439031338523
2025-04-14 11:00:00,77.07,168.1125,10.530757886192461
2025-04-14 12:00:00,62.35,169.18,10.594068940277038
2025-04-14 13:00:00,61.64,174.2525,10.634392035796461
2025-04-14 14:00:00,64.36,218.73000000000002,10.5307811032749
2025-04-14 15:00:00,75.29,272.20500000000004,10.594097801579078
2025-04-14 16:00:00,84.6,352.6,10.634345123374185
2025-04-14 17:00:00,97.02,401.4725,10.530804299238454
2025-04-14 18:00:00,119.35,418.98,10.59412658867801
2025-04-14 19:00:00,180.0,417.34,10.634298293838592
2025-04-14 20:00:00,140.61,392.5375,10.530827474105008
2025-04-14 21:00:00,102.83,355.02250000000004,10.594155301828978
2025-04-14 22:00:00,82.59,318.415,10.634251546957481
2025-04-14 23:00:00,76.0,273.5325,10.530850627896474
2025-04-15 00:00:00,72.93,252.18,10.594183941285987
2025-04-15 01:00:00,73.2,260.38750000000005,10.634204882499546
2025-04-15 02:00:00,67.38,266.36,10.53087376063481
2025-04-15 03:00:00,64.29,264.9575,10.59421250730189
2025-04-15 04:00:00,66.3,281.39,10.634158300234391
2025-04-15 05:00:00,70.42,309.15999999999997,10.530896872341987
2025-04-15 06:00:00,83.03,293.5775,10.594241000128406
2025-04-15 07:00:00,96.99,257.9425,10.634111799932494
2025-04-15 08:00:00,98.56,210.59,10.530919963040024
2025-04-15 09:00:00,65.0,162.2425,10.59426942001614
2025-04-15 10:00:00,48.93,151.61,10.63406538136522
2025-04-15 11:00:00,2.92,149.245,10.530943032750962
2025-04-15 12:00:00,0.08,154.1625,10.594297767214554
2025-04-15 13:00:00,0.0,166.6275,10.634019044304832
2025-04-15 14:00:00,0.1,195.0925,10.530966081496867
2025-04-15 15:00:00,29.27,236.565,10.59432604197201
2025-04-15 16:00:00,68.08,280.155,10.633972788524453
2025-04-15 17:00:00,86.57,307.51,10.530989109299846
2025-04-15 18:00:00,105.28,340.1975,10.594354244535754
2025-04-15 19:00:00,133.58,353.545,10.633926613798092
2025-04-15 20:00:00,141.54,379.94,10.531012116182024
2025-04-15 21:00:00,110.58,390.86,10.594382375151923
2025-04-15 22:00:00,102.21,398.595,10.633880519900615
2025-04-15 23:00:00,93.76,405.28,10.531035102165566
2025-04-16 00:00:00,88.01,410.72249999999997,10.594410434065564
2025-04-16 01:00:00,82.04,416.4625,10.633834506607762
2025-04-16 02:00:00,82.2,419.5525,10.531058067272651
2025-04-16 03:00:00,81.4,430.8375,10.594438421520634
2025-04-16 04:00:00,82.99,428.27750000000003,10.633788573696126
2025-04-16 05:00:00,99.4,403.145,10.531081011525497
2025-04-16 06:00:00,121.0,373.08,10.594466337759995
2025-04-16 07:00:00,135.14,343.3475,10.633742720943165
2025-04-16 08:00:00,109.94,311.65,10.53110393494633
2025-04-16 09:00:00,94.82,256.64,10.59449418302544
2025-04-16 10:00:00,79.75,205.4775,10.633696948127177
2025-04-16 11:00:00,64.08,179.35500000000002,10.531126837557423
2025-04-16 12:00:00,35.3,186.4675,10.594521957557681
2025-04-16 13:00:00,22.4,213.48250000000002,10.63365125502732
2025-04-16 14:00:00,24.94,242.3875,10.531149719381062
2025-04-16 15:00:00,55.0,285.7075,10.594549661596366
2025-04-16 16:00:00,68.0,327.4,10.633605641423594
2025-04-16 17:00:00,93.16,355.615,10.531172580439556
2025-04-16 18:00:00,118.0,357.275,10.594577295380082
2025-04-16 19:00:00,146.52,355.2875,10.633560107096825
2025-04-16 20:00:00,136.48,353.7875,10.53119542075524
2025-04-16 21:00:00,121.0,352.8375,10.594604859146356
2025-04-16 22:00:00,109.69,352.8575,10.63351465182869
2025-04-16 23:00:00,98.59,366.96750000000003,10.531218240350476
2025-04-17 00:00:00,88.99,371.055,10.594632353131669
2025-04-17 01:00:00,83.99,365.99,10.63346927540169
2025-04-17 02:00:00,81.67,357.5525,10.531241039247645
2025-04-17 03:00:00,80.07,363.8325,10.59465977757146
2025-04-17 04:00:00,81.28,372.695,10.633423977599154
2025-04-17 05:00:00,87.43,365.62,10.531263817469146
2025-04-17 06:00:00,108.02,349.715,10.594687132700125
2025-04-17 07:00:00,122.8,338.075,10.633378758205238
2025-04-17 08:00:00,130.0,314.5575,10.531286575037402
2025-04-17 09:00:00,121.0,289.7875,10.59471441875103
2025-04-17 10:00:00,110.0,268.2625,10.63333361700491
2025-04-17 11:00:00,95.03,246.1925,10.531309311974862
2025-04-17 12:00:00,80.84,247.0975,10.59474163595651
2025-04-17 13:00:00,81.04,249.6975,10.633288553783956
2025-04-17 14:00:00,77.75,266.5025,10.531332028303988
2025-04-17 15:00:00,77.65,290.91499999999996,10.594768784547888
2025-04-17 16:00:00,83.87,313.685,10.633243568328977
2025-04-17 17:00:00,97.63,332.9675,10.531354724047267
2025-04-17 18:00:00,112.65,345.955,10.594795864755458
2025-04-17 19:00:00,129.0,349.9375,10.63319866042738
2025-04-17 20:00:00,122.79,361.05,10.531377399227196
2025-04-17 21:00:00,114.76,376.2125,10.594822876808514
2025-04-17 22:00:00,98.9,386.145,10.633153829867378
2025-04-17 23:00:00,96.52,382.5425,10.5314000538663
2025-04-18 00:00:00,91.0,385.53,10.594849820935341
2025-04-18 01:00:00,81.3,394.195,10.633109076437972
2025-04-18 02:00:00,79.12,386.9475,10.531422687987117
2025-04-18 03:00:00,77.94,382.53499999999997,10.594876697363226
2025-04-18 04:00:00,76.34,373.59749999999997,10.633064399928973
2025-04-18 05:00:00,76.35,366.055,10.531445301612207
2025-04-18 06:00:00,79.39,358.47249999999997,10.594903506318463
2025-04-18 07:00:00,87.98,353.0075,10.63301980013097
2025-04-18 08:00:00,91.25,341.2075,10.531467894764143
2025-04-18 09:00:00,90.14,325.40500000000003,10.594930248026357
2025-04-18 10:00:00,88.3,311.0375,10.632975276835353
2025-04-18 11:00:00,83.28,297.03000000000003,10.531490467465511
2025-04-18 12:00:00,75.03,286.1175,10.59495692271123
2025-04-18 13:00:00,63.75,282.5725,10.632930829834292
2025-04-18 14:00:00,62.64,293.9275,10.531513019738926
2025-04-18 15:00:00,65.36,323.53249999999997,10.594983530596423
2025-04-18 16:00:00,76.61,352.2575,10.63288645892073
2025-04-18 17:00:00,88.64,374.545,10.531535551607002
2025-04-18 18:00:00,103.5,387.615,10.595010071904312
2025-04-18 19:00:00,123.12,399.825,10.632842163888402
2025-04-18 20:00:00,126.52,401.175,10.531558063092374
2025-04-18 21:00:00,116.52,414.58000000000004,10.595036546856296
2025-04-18 22:00:00,106.35,417.195,10.632797944531804
2025-04-18 23:00:00,99.12,401.1375,10.531580554217696
2025-04-19 00:00:00,89.32,398.91999999999996,10.595062955672827
2025-04-19 01:00:00,80.01,398.0975,10.632753800646203
2025-04-19 02:00:00,84.45,397.475,10.53160302500563
2025-04-19 03:00:00,82.39,397.8625,10.595089298573384
2025-04-19 04:00:00,84.98,389.325,10.63270973202763
2025-04-19 05:00:00,90.62,383.895,10.531625475478858
2025-04-19 06:00:00,95.2,359.245,10.595115575776507
2025-04-19 07:00:00,91.67,280.0325,10.632665738472884
2025-04-19 08:00:00,83.89,188.5875,10.531647905660062
2025-04-19 09:00:00,76.43,133.9925,10.595141787499783
2025-04-19 10:00:00,29.99,115.235,10.632621819779521
2025-04-19 11:00:00,4.54,105.175,10.531670315571954
2025-04-19 12:00:00,0.0,103.025,10.595167933959859
2025-04-19 13:00:00,-3.01,104.7875,10.632577975745846
2025-04-19 14:00:00,-7.26,109.88499999999999,10.531692705237244
2025-04-19 15:00:00,-0.86,118.2875,10.595194015372442
2025-04-19 16:00:00,0.2,160.74,10.632534206170929
2025-04-19 17:00:00,64.01,248.72249999999997,10.531715074678656
2025-04-19 18:00:00,102.77,293.935,10.595220031952326
2025-04-19 19:00:00,126.84,307.0075,10.632490510854563
2025-04-19 20:00:00,142.71,309.4425,10.531737423918932
2025-04-19 21:00:00,127.36,315.9975,10.595245983913355
2025-04-19 22:00:00,109.55,317.02250000000004,10.632446889597313
2025-04-19 23:00:00,98.27,306.695,10.531759752980815
2025-04-20 00:00:00,100.41,300.32,10.595271871468464
2025-04-20 01:00:00,94.9,293.455,10.632403342200456
2025-04-20 02:00:00,98.98,293.965,10.531782061887068
2025-04-20 03:00:00,97.41,296.61,10.595297694829672
2025-04-20 04:00:00,98.83,298.52750000000003,10.632359868466038
2025-04-20 05:00:00,108.64,299.1575,10.531804350660455
2025-04-20 06:00:00,109.38,254.465,10.595323454208083
2025-04-20 07:00:00,94.32,169.95499999999998,10.63231646819681
2025-04-20 08:00:00,68.6,132.5975,10.531826619323748
2025-04-20 09:00:00,18.63,114.1325,10.595349149813899
2025-04-20 10:00:00,0.0,105.2625,10.632273141196269
2025-04-20 11:00:00,-5.72,104.2225,10.53184886789974
2025-04-20 12:00:00,-34.99,107.8175,10.595374781856416
2025-04-20 13:00:00,-52.42,112.53,10.632229887268632
2025-04-20 14:00:00,-40.05,116.00999999999999,10.531871096411226
2025-04-20 15:00:00,-4.76,120.55250000000001,10.595400350544038
2025-04-20 16:00:00,0.0,168.88,10.632186706218842
2025-04-20 17:00:00,72.42,263.1625,10.531893304880997
2025-04-20 18:00:00,106.81,319.4775,10.595425856084272
2025-04-20 19:00:00,119.94,330.805,10.632143597852556
2025-04-20 20:00:00,144.95,345.91,10.531915493331867
2025-04-20 21:00:00,137.56,355.7975,10.59545129868374
2025-04-20 22:00:00,121.82,360.62,10.632100561976161
2025-04-20 23:00:00,110.68,383.65250000000003,10.531937661786655
2025-04-21 00:00:00,108.58,384.6125,10.59547667854819
2025-04-21 01:00:00,97.59,395.885,10.63205759839674
2025-04-21 02:00:00,96.47,394.28,10.531959810268178
2025-04-21 03:00:00,96.84,382.74,10.595501995882474
2025-04-21 04:00:00,97.98,380.6175,10.632014706922092
2025-04-21 05:00:00,98.54,372.1075,10.531981938799271
2025-04-21 06:00:00,97.07,346.6425,10.595527250890587
2025-04-21 07:00:00,91.31,282.08,10.63197188736073
2025-04-21 08:00:00,88.5,208.075,10.532004047402761
2025-04-21 09:00:00,87.99,166.075,10.595552443775647
2025-04-21 10:00:00,65.24,148.7275,10.631929139521864
2025-04-21 11:00:00,33.88,144.76749999999998,10.532026136101493
2025-04-21 12:00:00,17.19,141.7575,10.595577574739915
2025-04-21 13:00:00,8.91,141.4675,10.631886463215391
2025-04-21 14:00:00,8.43,150.36,10.532048204918308
2025-04-21 15:00:00,10.01,198.14000000000001,10.595602643984785
2025-04-21 16:00:00,50.05,271.5375,10.631843858251928
2025-04-21 17:00:00,88.77,338.775,10.53207025387606
2025-04-21 18:00:00,101.95,395.43,10.595627651710803
2025-04-21 19:00:00,121.95,422.4325,10.631801324442767
2025-04-21 20:00:00,139.14,433.1025,10.5320922829976
2025-04-21 21:00:00,132.1,435.8975,10.595652598117658
2025-04-21 22:00:00,122.77,432.78249999999997,10.631758861599897
2025-04-21 23:00:00,106.54,439.875,10.53211429230579
2025-04-22 00:00:00,96.21,435.105,10.595677483404199
2025-04-22 01:00:00,88.8,438.6725,10.631716469535995
2025-04-22 02:00:00,87.4,449.5025,10.53213628182348
2025-04-22 03:00:00,85.01,452.615,10.595702307768436
2025-04-22 04:00:00,84.58,451.64,10.631674148064413
2025-04-22 05:00:00,97.39,417.485,10.532158251573543
2025-04-22 06:00:00,120.76,388.98,10.595727071407532
2025-04-22 07:00:00,151.54,353.4575,10.63163189699919
2025-04-22 08:00:00,147.0,322.515,10.53218020157884
2025-04-22 09:00:00,111.88,285.3075,10.595751774517831
2025-04-22 10:00:00,95.2,232.745,10.63158971615505
2025-04-22 11:00:00,89.97,202.29,10.532202131862244
2025-04-22 12:00:00,79.92,200.9675,10.595776417294836
2025-04-22 13:00:00,67.66,224.2725,10.631547605347366
2025-04-22 14:00:00,71.47,242.9725,10.532224042446625
2025-04-22 15:00:00,78.45,291.8375,10.595800999933234
2025-04-22 16:00:00,83.07,345.745,10.631505564392214
2025-04-22 17:00:00,100.04,393.9625,10.532245933354856
2025-04-22 18:00:00,122.38,427.155,10.595825522626887
2025-04-22 19:00:00,192.32,444.93,10.631463593106307
2025-04-22 20:00:00,263.2,451.685,10.53226780460981
2025-04-22 21:00:00,157.28,464.4075,10.59584998556885
2025-04-22 22:00:00,122.28,480.1575,10.631421691307041
2025-04-22 23:00:00,109.6,482.4975,10.532289656234363
2025-04-23 00:00:00,106.72,478.35249999999996,10.595874388951364
2025-04-23 01:00:00,99.4,478.15250000000003,10.631379858812469
2025-04-23 02:00:00,96.84,476.29999999999995,10.532311488251382
2025-04-23 03:00:00,96.7,475.2875,10.595898732965862
2025-04-23 04:00:00,101.2,472.1225,10.631338095441302
2025-04-23 05:00:00,108.23,440.03000000000003,10.532333300683758
2025-04-23 06:00:00,137.09,407.705,10.59592301780297
2025-04-23 07:00:00,152.0,371.8725,10.63129640101291
2025-04-23 08:00:00,128.84,311.64,10.532355093554353
2025-04-23 09:00:00,100.0,263.945,10.595947243652526
2025-04-23 10:00:00,92.0,232.525,10.631254775347307
2025-04-23 11:00:00,94.39,209.2625,10.532376866886047
2025-04-23 12:00:00,81.04,208.16500000000002,10.595971410703568
2025-04-23 13:00:00,80.29,224.3875,10.631213218265154
2025-04-23 14:00:00,88.0,245.0575,10.532398620701711
2025-04-23 15:00:00,92.35,294.2675,10.595995519144344
2025-04-23 16:00:00,99.05,321.31,10.631171729587779
2025-04-23 17:00:00,108.28,366.305,10.532420355024222
2025-04-23 18:00:00,128.9,387.9175,10.596019569162317
2025-04-23 19:00:00,155.97,396.0825,10.63113030913713
2025-04-23 20:00:00,148.67,392.21,10.532442069876446
2025-04-23 21:00:00,126.11,390.91249999999997,10.596043560944167
2025-04-23 22:00:00,108.2,389.4575,10.631088956735814
2025-04-23 23:00:00,97.15,371.9,10.53246376528126
2025-04-24 00:00:00,94.17,369.39,10.596067494675802
2025-04-24 01:00:00,88.3,368.6075,10.631047672207053
2025-04-24 02:00:00,86.7,361.0875,10.532485441261521
2025-04-24 03:00:00,85.65,356.02750000000003,10.596091370542354
2025-04-24 04:00:00,84.35,357.1775,10.631006455374722
2025-04-24 05:00:00,90.93,357.385,10.532507097840101
2025-04-24 06:00:00,110.34,352.29,10.59611518872817
2025-04-24 07:00:00,118.51,352.585,10.630965306063324
2025-04-24 08:00:00,117.65,332.5725,10.532528735039863
2025-04-24 09:00:00,108.91,305.4125,10.596138949416865
2025-04-24 10:00:00,96.67,286.27750000000003,10.63092422409799
2025-04-24 11:00:00,93.55,274.1925,10.53255035288366
2025-04-24 12:00:00,81.56,272.965,10.59616265279126
2025-04-24 13:00:00,78.95,277.115,10.63088320930447
2025-04-24 14:00:00,78.04,283.685,10.532571951394356
2025-04-24 15:00:00,78.72,296.2925,10.596186299033434
2025-04-24 16:00:00,83.37,306.72,10.630842261509143
2025-04-24 17:00:00,95.36,334.88,10.532593530594795
2025-04-24 18:00:00,101.02,351.6675,10.596209888324708
2025-04-24 19:00:00,114.64,357.0575,10.63080138053901
2025-04-24 20:00:00,121.61,366.02750000000003,10.532615090507832
2025-04-24 21:00:00,114.48,373.0625,10.596233420845657
2025-04-24 22:00:00,106.53,377.935,10.630760566221683
2025-04-24 23:00:00,93.1,386.325,10.532636631156302
2025-04-25 00:00:00,91.03,398.1275,10.5962568967761
2025-04-25 01:00:00,82.92,405.48249999999996,10.630719818385396
2025-04-25 02:00:00,82.23,404.625,10.532658152563052
2025-04-25 03:00:00,83.4,409.4375,10.596280316295136
2025-04-25 04:00:00,84.95,396.7575,10.630679136858985
2025-04-25 05:00:00,94.64,379.8025,10.532679654750916
2025-04-25 06:00:00,104.41,359.6575,10.596303679581096
2025-04-25 07:00:00,113.39,346.76,10.630638521471903
2025-04-25 08:00:00,111.0,323.96500000000003,10.532701137742716
2025-04-25 09:00:00,99.41,289.14,10.596326986811594
2025-04-25 10:00:00,88.17,257.625,10.630597972054204
2025-04-25 11:00:00,75.45,235.6975,10.532722601561288
2025-04-25 12:00:00,66.61,201.9625,10.596350238163517
2025-04-25 13:00:00,48.03,193.58249999999998,10.630557488436553
2025-04-25 14:00:00,40.99,209.2375,10.532744046229435
2025-04-25 15:00:00,59.47,241.33,10.596373433813007
2025-04-25 16:00:00,73.04,277.975,10.630517070450207
2025-04-25 17:00:00,84.19,314.6625,10.532765471769984
2025-04-25 18:00:00,99.43,335.1225,10.596396573935506
2025-04-25 19:00:00,115.99,343.9175,10.630476717927019
2025-04-25 20:00:00,123.78,347.0025,10.53278687820573
2025-04-25 21:00:00,109.63,347.78499999999997,10.596419658705713
2025-04-25 22:00:00,100.37,343.3275,10.630436430699442
2025-04-25 23:00:00,92.09,320.2725,10.53280826555948
2025-04-26 00:00:00,100.0,318.2175,10.596442688297628
2025-04-26 01:00:00,92.19,319.25,10.630396208600532
2025-04-26 02:00:00,91.02,311.54,10.532829633854023
2025-04-26 03:00:00,89.66,304.815,10.596465662884533
2025-04-26 04:00:00,89.01,301.7875,10.630356051463913
2025-04-26 05:00:00,90.86,290.2475,10.532850983112146
2025-04-26 06:00:00,93.01,243.155,10.596488582639
2025-04-26 07:00:00,86.33,167.2325,10.630315959123811
2025-04-26 08:00:00,72.19,113.735,10.532872313356624
2025-04-26 09:00:00,34.45,94.3875,10.596511447732889
2025-04-26 10:00:00,2.55,88.735,10.63027593141503
2025-04-26 11:00:00,-0.01,87.685,10.532893624610233
2025-04-26 12:00:00,-7.63,89.555,10.596534258337378
2025-04-26 13:00:00,-14.85,91.42,10.630235968172961
2025-04-26 14:00:00,-10.77,95.9125,10.53291491689573
2025-04-26 15:00:00,-2.19,101.935,10.596557014622928
2025-04-26 16:00:00,-0.02,117.13499999999999,10.630196069233572
2025-04-26 17:00:00,30.99,171.76749999999998,10.53293619023588
2025-04-26 18:00:00,79.0,217.785,10.596579716759319
2025-04-26 19:00:00,99.81,218.9575,10.630156234433402
2025-04-26 20:00:00,107.4,205.0125,10.532957444653412
2025-04-26 21:00:00,96.85,186.08749999999998,10.596602364915626
2025-04-26 22:00:00,85.26,168.01,10.630116463609575
2025-04-26 23:00:00,72.31,150.79250000000002,10.532978680171079
2025-04-27 00:00:00,67.71,137.7975,10.596624959260248
2025-04-27 01:00:00,62.91,139.4325,10.630076756599776
2025-04-27 02:00:00,57.96,142.5675,10.532999896811607
2025-04-27 03:00:00,59.12,148.0825,10.596647499960898
2025-04-27 04:00:00,61.94,154.3175,10.630037113242265
2025-04-27 05:00:00,69.05,160.495,10.533021094597714
2025-04-27 06:00:00,69.14,157.6825,10.59666998718461
2025-04-27 07:00:00,63.72,142.6575,10.629997533375864
2025-04-27 08:00:00,34.95,117.3925,10.533042273552113
2025-04-27 09:00:00,0.04,101.5225,10.596692421097728
2025-04-27 10:00:00,-3.0,93.625,10.62995801683996
2025-04-27 11:00:00,-33.88,91.4,10.533063433697501
2025-04-27 12:00:00,-101.04,89.8175,10.596714801865941
2025-04-27 13:00:00,-129.81,93.52250000000001,10.629918563474508
2025-04-27 14:00:00,-116.61,97.7325,10.533084575056575
2025-04-27 15:00:00,-50.0,109.505,10.596737129654258
2025-04-27 16:00:00,-5.17,147.3225,10.62987917312001
2025-04-27 17:00:00,18.35,247.47,10.533105697652013
2025-04-27 18:00:00,91.98,320.5475,10.59675940462702
2025-04-27 19:00:00,110.83,351.3675,10.629839845617534
2025-04-27 20:00:00,124.23,365.5325,10.533126801506484
2025-04-27 21:00:00,109.24,373.4925,10.596781626947909
2025-04-27 22:00:00,99.0,377.4875,10.629800580808695
2025-04-27 23:00:00,93.77,375.8375,10.53314788664266
2025-04-28 00:00:00,92.24,388.4325,10.596803796779941
2025-04-28 01:00:00,86.49,410.52,10.629761378535665
2025-04-28 02:00:00,83.1,421.3125,10.533168953083175
2025-04-28 03:00:00,85.41,417.385,10.596825914285482
2025-04-28 04:00:00,91.19,409.925,10.629722238641161
2025-04-28 05:00:00,99.49,372.7575,10.533190000850679
2025-04-28 06:00:00,140.0,335.3725,10.59684797962624
2025-04-28 07:00:00,131.09,277.1925,10.629683160968446
2025-04-28 08:00:00,96.85,209.2775,10.533211029967797
2025-04-28 09:00:00,67.37,154.9225,10.596869992963278
2025-04-28 10:00:00,10.03,133.4075,10.629644145361327
2025-04-28 11:00:00,-0.01,120.635,10.533232040457147
2025-04-28 12:00:00,-4.02,119.0525,10.596891954457
2025-04-28 13:00:00,-5.9,123.67,10.629605191664155
2025-04-28 14:00:00,-6.18,131.325,10.533253032341333
2025-04-28 15:00:00,-1.54,158.4975,10.596913864267178
2025-04-28 16:00:00,2.01,254.8225,10.629566299721821
2025-04-28 17:00:00,71.83,340.775,10.533274005642953
2025-04-28 18:00:00,101.92,380.8275,10.59693572255294
2025-04-28 19:00:00,149.9,395.775,10.629527469379749
2025-04-28 20:00:00,194.81,409.71999999999997,10.533294960384584
2025-04-28 21:00:00,128.83,417.595,10.596957529472775
2025-04-28 22:00:00,106.24,430.08,10.629488700483902
2025-04-28 23:00:00,96.83,431.37,10.53331589658879
2025-04-29 00:00:00,90.64,435.0225,10.596979285184542
2025-04-29 01:00:00,86.86,438.155,10.629449992880764
2025-04-29 02:00:00,81.76,436.455,10.533336814278144
2025-04-29 03:00:00,79.17,430.925,10.597000989845458
2025-04-29 04:00:00,80.03,420.97,10.629411346417362
2025-04-29 05:00:00,90.57,402.4625,10.533357713475178
2025-04-29 06:00:00,107.0,368.59749999999997,10.59702264361213
2025-04-29 07:00:00,113.13,301.75,10.629372760941246
2025-04-29 08:00:00,99.98,238.5575,10.533378594202425
2025-04-29 09:00:00,78.0,166.8025,10.597044246640522
2025-04-29 10:00:00,9.31,133.48250000000002,10.629334236300485
2025-04-29 11:00:00,0.0,122.6525,10.53339945648241
2025-04-29 12:00:00,-0.76,121.0075,10.597065799085987
2025-04-29 13:00:00,-1.9,119.0325,10.629295772343681
2025-04-29 14:00:00,-1.67,125.67,10.533420300337633
2025-04-29 15:00:00,-0.01,137.395,10.59708730110326
2025-04-29 16:00:00,14.82,230.8075,10.629257368919948
2025-04-29 17:00:00,77.6,317.3,10.533441125790588
2025-04-29 18:00:00,102.0,360.2375,10.597108752846447
2025-04-29 19:00:00,139.83,373.555,10.62921902587892
2025-04-29 20:00:00,174.75,376.375,10.533461932863757
2025-04-29 21:00:00,129.11,383.315,10.597130154469067
2025-04-29 22:00:00,108.83,392.435,10.629180743070751
2025-04-29 23:00:00,97.82,407.0925,10.533482721579599
2025-04-30 00:00:00,95.0,407.52750000000003,10.597151506123998
2025-04-30 01:00:00,90.0,418.84000000000003,10.629142520346104
2025-04-30 02:00:00,87.59,423.57,10.53350349196057
2025-04-30 03:00:00,88.25,423.3,10.597172807963537
2025-04-30 04:00:00,91.4,413.4125,10.629104357556152
2025-04-30 05:00:00,95.83,383.2925,10.533524244029103
2025-04-30 06:00:00,115.27,350.285,10.597194060139367
2025-04-30 07:00:00,120.3,289.31,10.629066254552583
2025-04-30 08:00:00,99.9,204.115,10.533544977807628
2025-04-30 09:00:00,76.7,148.6175,10.597215262802571
2025-04-30 10:00:00,7.08,123.505,10.629028211187586
2025-04-30 11:00:00,0.0,121.51,10.533565693318545
2025-04-30 12:00:00,-1.0,116.765,10.59723641610363
2025-04-30 13:00:00,-6.21,119.815,10.628990227313862
2025-04-30 14:00:00,-3.0,127.025,10.533586390584254
2025-04-30 15:00:00,-0.02,141.85,10.597257520192445
2025-04-30 16:00:00,19.91,223.715,10.628952302784601
2025-04-30 17:00:00,78.39,319.925,10.533607069627134
2025-04-30 18:00:00,101.8,367.8925,10.597278575218308
2025-04-30 19:00:00,130.37,397.0,10.62891443745351
2025-04-30 20:00:00,176.43,407.185,10.533627730469547
2025-04-30 21:00:00,128.0,414.53499999999997,10.597299581329935
2025-04-30 22:00:00,108.33,420.25750000000005,10.628876631174784
2025-04-30 23:00:00,98.68,393.185,10.53364837313384
2025-05-01 00:00:00,97.51,394.70500000000004,10.597320538675445
2025-05-01 01:00:00,91.78,402.21500000000003,10.62883888380311
2025-05-01 02:00:00,90.46,408.315,10.53366899764235
2025-05-01 03:00:00,90.63,405.4175,10.597341447402385
2025-05-01 04:00:00,90.5,409.36,10.628801195193681
2025-05-01 05:00:00,84.16,387.065,10.533689604017395
2025-05-01 06:00:00,83.94,295.7775,10.597362307657715
2025-05-01 07:00:00,78.04,160.4625,10.628763565202174
2025-05-01 08:00:00,62.1,103.7975,10.53371019228128
2025-05-01 09:00:00,0.0,87.08500000000001,10.597383119587816
2025-05-01 10:00:00,-3.0,79.60249999999999,10.628725993684752
2025-05-01 11:00:00,-40.1,74.47749999999999,10.533730762456287
2025-05-01 12:00:00,-85.01,74.2075,10.597403883338503
2025-05-01 13:00:00,-129.99,77.35,10.628688480498074
2025-05-01 14:00:00,-118.11,78.9975,10.53375131456469
2025-05-01 15:00:00,-49.99,89.075,10.597424599055012
2025-05-01 16:00:00,-5.17,115.05250000000001,10.62865102549928
2025-05-01 17:00:00,40.77,205.5075,10.53377184862874
2025-05-01 18:00:00,96.14,255.125,10.597445266882012
2025-05-01 19:00:00,129.87,268.88250000000005,10.62861362854599
2025-05-01 20:00:00,164.38,267.9,10.533792364670683
2025-05-01 21:00:00,122.45,259.77,10.597465886963604
2025-05-01 22:00:00,100.73,247.355,10.628576289496312
2025-05-01 23:00:00,87.1,237.755,10.533812862712736
2025-05-02 00:00:00,89.92,225.865,10.597486459443331
2025-05-02 01:00:00,77.12,216.6375,10.628539008208824
2025-05-02 02:00:00,66.9,204.85,10.533833342777106
2025-05-02 03:00:00,63.91,202.5675,10.597506984464173
2025-05-02 04:00:00,66.0,210.13,10.628501784542587
2025-05-02 05:00:00,74.01,207.0775,10.533853804885979
2025-05-02 06:00:00,86.83,187.035,10.597527462168546
2025-05-02 07:00:00,88.55,143.1175,10.62846461835714
2025-05-02 08:00:00,84.9,109.705,10.533874249061531
2025-05-02 09:00:00,55.0,97.9325,10.597547892698323
2025-05-02 10:00:00,0.85,85.675,10.628427509512488
2025-05-02 11:00:00,-0.01,81.3775,10.533894675325916
2025-05-02 12:00:00,-0.8,78.975,10.59756827619481
2025-05-02 13:00:00,-3.0,82.0675,10.628390457869106
2025-05-02 14:00:00,-4.0,86.1975,10.53391508370127
2025-05-02 15:00:00,-0.08,87.9875,10.597588612798772
2025-05-02 16:00:00,0.3,105.11,10.628353463287946
2025-05-02 17:00:00,67.5,175.0425,10.533935474209718
2025-05-02 18:00:00,99.9,218.2075,10.597608902650425
2025-05-02 19:00:00,118.39,235.055,10.62831652563042
2025-05-02 20:00:00,150.4,243.78500000000003,10.53395584687336
2025-05-02 21:00:00,121.24,246.22750000000002,10.59762914588944
2025-05-02 22:00:00,106.72,256.3675,10.6282796447584
2025-05-02 23:00:00,96.44,255.7525,10.53397620171428
2025-05-03 00:00:00,97.81,246.125,10.597649342654952
2025-05-03 01:00:00,93.34,245.8025,10.628242820534235
2025-05-03 02:00:00,92.2,242.0325,10.533996538754552
2025-05-03 03:00:00,92.0,243.7625,10.59766949308554
2025-05-03 04:00:00,91.23,230.69,10.628206052820726
2025-05-03 05:00:00,91.84,200.9025,10.534016858016221
2025-05-03 06:00:00,92.86,173.29,10.59768959731927
2025-05-03 07:00:00,87.73,136.4775,10.62816934148113
2025-05-03 08:00:00,79.9,113.47999999999999,10.53403715952132
2025-05-03 09:00:00,13.53,109.74,10.59770965549365
2025-05-03 10:00:00,0.01,103.17,10.628132686379162
2025-05-03 11:00:00,-0.01,96.98,10.534057443291866
2025-05-03 12:00:00,-1.16,96.44,10.597729667745678
2025-05-03 13:00:00,-3.04,95.72749999999999,10.628096087379001
2025-05-03 14:00:00,-2.69,97.2975,10.534077709349853
2025-05-03 15:00:00,-0.03,98.0075,10.597749634211809
2025-05-03 16:00:00,0.0,113.595,10.628059544345268
2025-05-03 17:00:00,28.87,144.615,10.534097957717256
2025-05-03 18:00:00,68.11,181.345,10.597769555027973
2025-05-03 19:00:00,77.54,194.595,10.628023057143038
2025-05-03 20:00:00,90.27,189.0675,10.534118188416038
2025-05-03 21:00:00,87.02,185.41,10.597789430329579
2025-05-03 22:00:00,78.63,155.83249999999998,10.627986625637837
2025-05-03 23:00:00,65.91,125.8875,10.534138401468137
2025-05-04 00:00:00,60.3,117.3925,10.597809260251513
2025-05-04 01:00:00,44.9,115.795,10.627950249695637
2025-05-04 02:00:00,31.47,113.98,10.534158596895477
2025-05-04 03:00:00,20.39,114.05,10.597829044928142
2025-05-04 04:00:00,20.02,116.15,10.627913929182855
2025-05-04 05:00:00,15.58,117.075,10.534178774719958
2025-05-04 06:00:00,13.62,116.06,10.59784878449332
2025-05-04 07:00:00,7.83,106.1175,10.62787766396635
2025-05-04 08:00:00,2.93,91.86500000000001,10.534198934963467
2025-05-04 09:00:00,0.0,87.16,10.597868479080384
2025-05-04 10:00:00,-0.01,83.7325,10.627841453913428
2025-05-04 11:00:00,-0.01,82.9675,10.534219077647865
2025-05-04 12:00:00,-0.02,85.565,10.597888128822158
2025-05-04 13:00:00,-2.0,87.765,10.627805298891825
2025-05-04 14:00:00,-5.01,91.21,10.534239202795002
2025-05-04 15:00:00,-1.59,94.2625,10.597907733850962
2025-05-04 16:00:00,-0.01,109.445,10.627769198769723
2025-05-04 17:00:00,10.07,177.21,10.5342593104267
2025-05-04 18:00:00,80.08,241.03,10.5979272942986
2025-05-04 19:00:00,95.95,280.08500000000004,10.627733153415743
2025-05-04 20:00:00,109.0,290.51,10.534279400564767
2025-05-04 21:00:00,112.38,285.2025,10.597946810296385
2025-05-04 22:00:00,101.79,270.40250000000003,10.627697162698924
2025-05-04 23:00:00,87.35,243.32999999999998,10.534299473230995
2025-05-05 00:00:00,75.18,224.435,10.597966281975113
2025-05-05 01:00:00,70.51,221.0125,10.627661226488758
2025-05-05 02:00:00,72.25,223.4425,10.534319528447144
2025-05-05 03:00:00,75.15,228.22750000000002,10.597985709465094
2025-05-05 04:00:00,74.98,244.5025,10.627625344655145
2025-05-05 05:00:00,89.49,264.5525,10.534339566234962
2025-05-05 06:00:00,110.92,257.5675,10.598005092896138
2025-05-05 07:00:00,122.57,231.5825,10.627589517068433
2025-05-05 08:00:00,106.69,177.39,10.534359586616185
2025-05-05 09:00:00,90.82,128.1975,10.598024432397546
2025-05-05 10:00:00,80.0,122.935,10.627553743599389
2025-05-05 11:00:00,61.65,126.46,10.534379589612517
2025-05-05 12:00:00,53.83,119.3675,10.598043728098146
2025-05-05 13:00:00,49.66,125.37,10.627518024119201
2025-05-05 14:00:00,59.3,142.71,10.53439957524564
2025-05-05 15:00:00,70.42,167.91750000000002,10.598062980126269
2025-05-05 16:00:00,78.88,211.49,10.627482358499487
2025-05-05 17:00:00,89.22,255.115,10.534419543537231
2025-05-05 18:00:00,100.1,276.2,10.59808218860975
2025-05-05 19:00:00,128.92,292.71500000000003,10.627446746612284
2025-05-05 20:00:00,128.0,285.6825,10.534439494508932
2025-05-05 21:00:00,113.17,283.6475,10.598101353675952
2025-05-05 22:00:00,101.52,276.47749999999996,10.627411188330049
2025-05-05 23:00:00,94.46,263.1125,10.534459428182375
2025-05-06 00:00:00,87.22,247.525,10.598120475451744
2025-05-06 01:00:00,81.68,264.69,10.627375683525655
2025-05-06 02:00:00,81.29,273.04499999999996,10.534479344579157
2025-05-06 03:00:00,79.96,275.8175,10.598139554063522
2025-05-06 04:00:00,82.39,273.2725,10.627340232072386
2025-05-06 05:00:00,97.08,264.6125,10.534499243720868
2025-05-06 06:00:00,114.57,244.51999999999998,10.598158589637197
2025-05-06 07:00:00,121.86,214.13,10.627304833843956
2025-05-06 08:00:00,108.37,147.7975,10.53451912562908
2025-05-06 09:00:00,83.08,104.8475,10.598177582298206
2025-05-06 10:00:00,72.27,98.4625,10.627269488714477
2025-05-06 11:00:00,59.89,96.1925,10.534538990325332
2025-05-06 12:00:00,42.81,96.235,10.598196532171515
2025-05-06 13:00:00,38.17,97.16749999999999,10.627234196558476
2025-05-06 14:00:00,45.44,106.435,10.534558837831147
2025-05-06 15:00:00,65.0,126.7825,10.598215439381617
2025-05-06 16:00:00,73.73,175.83499999999998,10.627198957250892
2025-05-06 17:00:00,89.99,247.475,10.534578668168024
2025-05-06 18:00:00,106.89,278.96750000000003,10.598234304052527
2025-05-06 19:00:00,134.09,305.78999999999996,10.627163770667071
2025-05-06 20:00:00,161.18,319.4825,10.534598481357454
2025-05-06 21:00:00,136.6,334.49,10.598253126307801
2025-05-06 22:00:00,118.28,339.83,10.627128636682764
2025-05-06 23:00:00,101.27,341.0925,10.534618277420892
2025-05-07 00:00:00,92.67,350.6025,10.598271906270531
2025-05-07 01:00:00,87.05,356.605,10.627093555174122
2025-05-07 02:00:00,85.63,361.395,10.534638056379773
2025-05-07 03:00:00,88.6,356.34749999999997,10.598290644063342
2025-05-07 04:00:00,95.16,347.7525,10.627058526017706
2025-05-07 05:00:00,108.57,329.22,10.534657818255523
2025-05-07 06:00:00,131.68,314.015,10.598309339808397
2025-05-07 07:00:00,143.95,290.6275,10.62702354909047
2025-05-07 08:00:00,125.0,236.7025,10.534677563069529
2025-05-07 09:00:00,96.43,181.2325,10.598327993627398
2025-05-07 10:00:00,82.41,144.5625,10.626988624269773
2025-05-07 11:00:00,73.3,130.87,10.534697290843175
2025-05-07 12:00:00,64.43,127.52499999999999,10.598346605641602
2025-05-07 13:00:00,63.92,131.385,10.626953751433371
2025-05-07 14:00:00,68.04,169.0,10.534717001597807
2025-05-07 15:00:00,75.0,218.89249999999998,10.598365175971797
2025-05-07 16:00:00,81.8,254.09500000000003,10.626918930459407
2025-05-07 17:00:00,95.85,276.945,10.534736695354766
2025-05-07 18:00:00,108.49,296.975,10.598383704738325
2025-05-07 19:00:00,128.93,319.20500000000004,10.626884161226432
2025-05-07 20:00:00,147.15,333.0675,10.534756372135352
2025-05-07 21:00:00,125.18,331.4975,10.59840219206108
2025-05-07 22:00:00,108.49,336.1675,10.626849443613382
2025-05-07 23:00:00,96.59,337.37,10.53477603196086
2025-05-08 00:00:00,95.86,323.5525,10.598420638059507
2025-05-08 01:00:00,91.66,336.48,10.626814777499588
2025-05-08 02:00:00,91.51,344.5525,10.534795674852553
2025-05-08 03:00:00,93.18,344.59749999999997,10.5984390428526
2025-05-08 04:00:00,96.09,338.9525,10.626780162764755
2025-05-08 05:00:00,109.25,318.09,10.534815300831673
2025-05-08 06:00:00,124.27,303.4675,10.598457406558914
2025-05-08 07:00:00,138.73,282.775,10.626745599288995
2025-05-08 08:00:00,124.11,228.0225,10.534834909919446
2025-05-08 09:00:00,101.13,161.1275,10.59847572929656
2025-05-08 10:00:00,87.81,127.0525,10.626711086952803
2025-05-08 11:00:00,75.34,114.1225,10.534854502137069
2025-05-08 12:00:00,64.25,134.0375,10.598494011183206
2025-05-08 13:00:00,63.75,162.7675,10.62667662563705
2025-05-08 14:00:00,70.05,176.23250000000002,10.534874077505721
2025-05-08 15:00:00,78.77,208.345,10.598512252336088
2025-05-08 16:00:00,85.3,244.54,10.62664221522299
2025-05-08 17:00:00,91.63,280.3425,10.53489363604656
2025-05-08 18:00:00,109.09,309.40250000000003,10.598530452872003
2025-05-08 19:00:00,134.96,325.15,10.626607855592269
2025-05-08 20:00:00,185.08,333.26,10.534913177780716
2025-05-08 21:00:00,143.18,340.4325,10.598548612907312
2025-05-08 22:00:00,114.77,348.83500000000004,10.626573546626899
2025-05-08 23:00:00,106.48,350.2325,10.534932702729296
2025-05-09 00:00:00,102.27,358.7525,10.598566732557948
2025-05-09 01:00:00,96.55,361.0425,10.626539288209289
2025-05-09 02:00:00,93.76,360.96500000000003,10.534952210913398
2025-05-09 03:00:00,95.09,355.2425,10.598584811939414
2025-05-09 04:00:00,100.28,354.645,10.6265050802222
2025-05-09 05:00:00,112.4,333.115,10.534971702354081
2025-05-09 06:00:00,141.0,297.095,10.598602851166781
2025-05-09 07:00:00,136.03,250.7825,10.62647092254879
2025-05-09 08:00:00,100.61,180.805,10.534991177072392
2025-05-09 09:00:00,82.0,127.5,10.598620850354697
2025-05-09 10:00:00,51.6,101.3825,10.626436815072577
2025-05-09 11:00:00,0.1,95.73,10.535010635089343
2025-05-09 12:00:00,-0.74,98.55250000000001,10.598638809617384
2025-05-09 13:00:00,-0.04,100.6825,10.62640275767746
2025-05-09 14:00:00,-0.01,104.27250000000001,10.535030076425937
2025-05-09 15:00:00,0.09,117.0575,10.598656729068649
2025-05-09 16:00:00,52.66,160.15,10.626368750247696
2025-05-09 17:00:00,79.06,242.94,10.535049501103153
2025-05-09 18:00:00,98.9,287.5625,10.598674608821868
2025-05-09 19:00:00,120.0,310.66999999999996,10.62633479266793
2025-05-09 20:00:00,149.13,322.4525,10.535068909141938
2025-05-09 21:00:00,130.35,328.705,10.598692448990002
2025-05-09 22:00:00,107.32,327.7125,10.626300884823156
2025-05-09 23:00:00,98.32,330.9125,10.535088300563217
2025-05-10 00:00:00,105.22,327.67,10.598710249685602
2025-05-10 01:00:00,102.91,326.61,10.626267026598745
2025-05-10 02:00:00,98.78,323.23,10.535107675387904
2025-05-10 03:00:00,96.28,336.04,10.598728011020794
2025-05-10 04:00:00,100.9,338.0325,10.626233217880426
2025-05-10 05:00:00,100.47,330.1725,10.53512703363688
2025-05-10 06:00:00,97.73,274.6275,10.598745733107306
2025-05-10 07:00:00,93.91,184.1625,10.626199458554302
2025-05-10 08:00:00,73.72,112.22749999999999,10.535146375331001
2025-05-10 09:00:00,9.02,88.6525,10.598763416056446
2025-05-10 10:00:00,-0.07,83.16,10.626165748506821
2025-05-10 11:00:00,-22.88,81.35249999999999,10.535165700491104
2025-05-10 12:00:00,-58.48,80.81,10.59878105997911
2025-05-10 13:00:00,-114.53,83.73,10.626132087624807
2025-05-10 14:00:00,-110.51,86.16250000000001,10.535185009138004
2025-05-10 15:00:00,-49.52,89.64750000000001,10.598798664985795
2025-05-10 16:00:00,-5.94,106.64500000000001,10.626098475795434
2025-05-10 17:00:00,23.99,173.51,10.535204301292493
2025-05-10 18:00:00,95.27,226.525,10.598816231186584
2025-05-10 19:00:00,124.04,243.6575,10.62606491290623
2025-05-10 20:00:00,163.2,241.2225,10.535223576975334
2025-05-10 21:00:00,129.49,239.385,10.598833758691173
2025-05-10 22:00:00,107.72,234.4875,10.626031398845088
2025-05-10 23:00:00,94.49,227.6525,10.535242836207273
2025-05-11 00:00:00,97.8,220.47750000000002,10.598851247608833
2025-05-11 01:00:00,95.1,217.445,10.625997933500251
2025-05-11 02:00:00,94.51,216.23250000000002,10.535262079009021
2025-05-11 03:00:00,95.42,219.3375,10.598868698048458
2025-05-11 04:00:00,95.39,217.78,10.625964516760316
2025-05-11 05:00:00,95.45,207.4375,10.535281305401284
2025-05-11 06:00:00,87.61,173.4875,10.598886110118526
2025-05-11 07:00:00,65.76,113.0375,10.62593114851423
2025-05-11 08:00:00,4.96,90.92,10.535300515404737
2025-05-11 09:00:00,-0.1,80.885,10.598903483927135
2025-05-11 10:00:00,-12.02,74.72749999999999,10.625897828651286
2025-05-11 11:00:00,-51.95,72.1125,10.535319709040017
2025-05-11 12:00:00,-212.82,72.97,10.59892081958198
2025-05-11 13:00:00,-250.32,75.3375,10.625864557061133
2025-05-11 14:00:00,-230.98,78.97,10.535338886327763
2025-05-11 15:00:00,-110.06,86.1875,10.598938117190368
2025-05-11 16:00:00,-18.52,98.92750000000001,10.625831333633764
2025-05-11 17:00:00,-0.08,137.19,10.535358047288563
2025-05-11 18:00:00,85.96,188.9375,10.598955376859207
2025-05-11 19:00:00,117.11,203.46,10.625798158259524
2025-05-11 20:00:00,124.86,191.08249999999998,10.535377191943004
2025-05-11 21:00:00,109.55,177.745,10.598972598695024
2025-05-11 22:00:00,98.45,171.4675,10.625765030829085
2025-05-11 23:00:00,84.68,175.5625,10.535396320311639
2025-05-12 00:00:00,86.0,178.9375,10.598989782803956
2025-05-12 01:00:00,81.28,183.2025,10.625731951233481
2025-05-12 02:00:00,80.95,189.3075,10.535415432414998
2025-05-12 03:00:00,81.48,198.9875,10.599006929291761
2025-05-12 04:00:00,84.65,202.3875,10.625698919364076
2025-05-12 05:00:00,97.71,196.9475,10.535434528273582
2025-05-12 06:00:00,137.05,180.45,10.599024038263801
2025-05-12 07:00:00,141.15,152.0125,10.625665935112584
2025-05-12 08:00:00,108.49,109.515,10.535453607907879
2025-05-12 09:00:00,69.74,78.26,10.599041109825064
2025-05-12 10:00:00,0.49,71.575,10.62563299837105
2025-05-12 11:00:00,-3.91,72.0675,10.535472671338344
2025-05-12 12:00:00,-25.0,72.6925,10.599058144080166
2025-05-12 13:00:00,-35.0,73.4575,10.625600109031852
2025-05-12 14:00:00,-29.9,76.2625,10.53549171858541
2025-05-12 15:00:00,-8.59,85.92,10.599075141133325
2025-05-12 16:00:00,-0.01,128.055,10.625567266987721
2025-05-12 17:00:00,72.58,196.81,10.535510749669497
2025-05-12 18:00:00,107.12,248.37,10.599092101088393
2025-05-12 19:00:00,141.41,275.2925,10.62553447213171
2025-05-12 20:00:00,172.7,275.845,10.535529764610981
2025-05-12 21:00:00,117.25,273.0325,10.599109024048861
2025-05-12 22:00:00,100.11,268.61,10.62550172435721
2025-05-12 23:00:00,92.97,277.4875,10.535548763430228
2025-05-13 00:00:00,89.87,285.15999999999997,10.599125910117815
2025-05-13 01:00:00,88.55,305.6375,10.625469023557937
2025-05-13 02:00:00,89.2,322.17,10.535567746147573
2025-05-13 03:00:00,93.94,328.6775,10.599142759397994
2025-05-13 04:00:00,96.71,334.2425,10.625436369627952
2025-05-13 05:00:00,104.0,314.48,10.535586712783333
2025-05-13 06:00:00,136.77,292.145,10.59915957199176
2025-05-13 07:00:00,128.33,257.4575,10.625403762461628
2025-05-13 08:00:00,100.42,182.57750000000001,10.535605663357797
2025-05-13 09:00:00,79.36,116.7175,10.599176348001103
2025-05-13 10:00:00,16.09,99.2625,10.625371201953689
2025-05-13 11:00:00,-0.75,98.20750000000001,10.535624597891225
2025-05-13 12:00:00,-6.0,97.9875,10.599193087527656
2025-05-13 13:00:00,-16.0,100.6925,10.625338687999161
2025-05-13 14:00:00,-6.55,107.8,10.535643516403866
2025-05-13 15:00:00,-3.83,119.6625,10.59920979067268
2025-05-13 16:00:00,0.55,181.65,10.62530622049341
2025-05-13 17:00:00,74.0,253.5525,10.535662418915924
2025-05-13 18:00:00,105.23,300.545,10.59922645753707
2025-05-13 19:00:00,151.07,322.1575,10.625273799332124
2025-05-13 20:00:00,223.58,329.5825,10.5356813054476
2025-05-13 21:00:00,148.96,334.0,10.599243088221362
2025-05-13 22:00:00,111.97,338.35249999999996,10.625241424411316
2025-05-13 23:00:00,102.63,335.41999999999996,10.535700176019063
2025-05-14 00:00:00,102.78,342.7425,10.599259682825737
2025-05-14 01:00:00,97.3,350.5875,10.62520909562732
2025-05-14 02:00:00,95.41,353.34749999999997,10.53571903065045
2025-05-14 03:00:00,96.96,347.90999999999997,10.599276241450005
2025-05-14 04:00:00,98.56,333.865,10.625176812876783
2025-05-14 05:00:00,103.94,306.9825,10.535737869361881
2025-05-14 06:00:00,128.58,276.27,10.599292764193633
2025-05-14 07:00:00,122.51,216.9025,10.625144576056682
2025-05-14 08:00:00,99.56,137.3075,10.535756692173452
2025-05-14 09:00:00,70.92,101.01,10.599309251155724
2025-05-14 10:00:00,0.2,94.9375,10.625112385064307
2025-05-14 11:00:00,-1.67,93.28,10.535775499105226
2025-05-14 12:00:00,-18.16,96.7175,10.599325702435035
2025-05-14 13:00:00,-29.91,98.705,10.625080239797262
2025-05-14 14:00:00,-31.82,99.275,10.535794290177256
2025-05-14 15:00:00,-12.79,103.9,10.599342118129952
2025-05-14 16:00:00,-1.33,114.9125,10.625048140153476
2025-05-14 17:00:00,30.94,183.3675,10.535813065409556
2025-05-14 18:00:00,91.6,241.5975,10.599358498338532
2025-05-14 19:00:00,114.0,267.1125,10.625016086031179
2025-05-14 20:00:00,158.45,268.495,10.53583182482212
2025-05-14 21:00:00,132.59,258.5575,10.599374843158474
2025-05-14 22:00:00,109.08,245.8,10.624984077328927
2025-05-14 23:00:00,99.86,250.1425,10.535850568434926
2025-05-15 00:00:00,98.06,250.3575,10.599391152687128
2025-05-15 01:00:00,89.88,265.4175,10.624952113945575
2025-05-15 02:00:00,87.8,267.36,10.535869296267915
2025-05-15 03:00:00,87.63,260.7925,10.5994074270215
2025-05-15 04:00:00,90.28,265.455,10.624920195780302
2025-05-15 05:00:00,98.94,259.7425,10.535888008341004
2025-05-15 06:00:00,119.9,245.78,10.599423666258248
2025-05-15 07:00:00,119.91,205.175,10.624888322732584
2025-05-15 08:00:00,102.06,128.5575,10.535906704674101
2025-05-15 09:00:00,75.65,101.7675,10.599439870493695
2025-05-15 10:00:00,4.58,98.2,10.624856494702218
2025-05-15 11:00:00,-0.08,95.67,10.535925385287065
2025-05-15 12:00:00,-4.97,95.0475,10.599456039823812
2025-05-15 13:00:00,-14.76,93.08,10.624824711589294
2025-05-15 14:00:00,-14.25,92.7775,10.535944050199747
2025-05-15 15:00:00,-6.62,97.21000000000001,10.599472174344234
2025-05-15 16:00:00,-0.6,107.035,10.62479297329422
2025-05-15 17:00:00,3.83,163.495,10.53596269943197
2025-05-15 18:00:00,76.11,233.65,10.599488274150264
2025-05-15 19:00:00,108.97,266.925,10.6247612797177
2025-05-15 20:00:00,130.74,278.955,10.535981333003534
2025-05-15 21:00:00,125.13,283.995,10.599504339336859
2025-05-15 22:00:00,110.49,275.3325,10.624729630760745
2025-05-15 23:00:00,101.0,280.2125,10.535999950934205
2025-05-16 00:00:00,94.5,285.245,10.599520369998643
2025-05-16 01:00:00,88.47,290.6975,10.624698026324667
2025-05-16 02:00:00,84.91,292.225,10.536018553243732
2025-05-16 03:00:00,85.0,291.015,10.599536366229914
2025-05-16 04:00:00,88.76,288.9925,10.624666466311076
2025-05-16 05:00:00,98.26,273.45,10.53603713995184
2025-05-16 06:00:00,113.18,251.9,10.599552328124616
2025-05-16 07:00:00,117.6,209.69,10.624634950621896
2025-05-16 08:00:00,106.66,144.2,10.536055711078221
2025-05-16 09:00:00,78.99,87.1325,10.599568255776388
2025-05-16 10:00:00,11.11,83.0125,10.624603479159331
2025-05-16 11:00:00,-0.01,84.36749999999999,10.536074266642553
2025-05-16 12:00:00,-3.15,82.5575,10.599584149278524
2025-05-16 13:00:00,-1.97,83.755,10.624572051825892
2025-05-16 14:00:00,-1.55,87.465,10.536092806664476
2025-05-16 15:00:00,-0.01,104.47,10.599600008723986
2025-05-16 16:00:00,2.98,142.115,10.624540668524384
2025-05-16 17:00:00,69.79,193.2075,10.536111331163621
2025-05-16 18:00:00,100.05,235.0125,10.599615834205425
2025-05-16 19:00:00,111.81,264.03000000000003,10.624509329157911
2025-05-16 20:00:00,154.91,275.7875,10.536129840159576
2025-05-16 21:00:00,143.23,284.92,10.599631625815155
2025-05-16 22:00:00,116.08,285.7675,10.624478033629867
2025-05-16 23:00:00,102.08,285.1875,10.53614833367192
2025-05-17 00:00:00,93.0,271.1925,10.599647383645165
2025-05-17 01:00:00,93.48,272.675,10.624446781843936
2025-05-17 02:00:00,88.93,275.53,10.5361668117202
2025-05-17 03:00:00,88.9,270.105,10.599663107787126
2025-05-17 04:00:00,89.89,258.2125,10.624415573704105
2025-05-17 05:00:00,93.46,237.645,10.536185274323934
2025-05-17 06:00:00,91.56,197.605,10.59967879833239
2025-05-17 07:00:00,89.85,138.42499999999998,10.624384409114636
2025-05-17 08:00:00,59.11,86.06,10.536203721502618
2025-05-17 09:00:00,0.86,75.2,10.599694455371978
2025-05-17 10:00:00,-0.06,71.735,10.624353287980096
2025-05-17 11:00:00,-4.49,72.0875,10.536222153275727
2025-05-17 12:00:00,-4.96,74.4975,10.599710078996607
2025-05-17 13:00:00,-10.02,76.8,10.624322210205328
2025-05-17 14:00:00,-11.27,79.24000000000001,10.536240569662708
2025-05-17 15:00:00,-5.8,84.19749999999999,10.599725669296667
2025-05-17 16:00:00,-0.8,94.2125,10.624291175695467
2025-05-17 17:00:00,5.01,154.465,10.53625897068298
2025-05-17 18:00:00,78.77,202.64000000000001,10.599741226362239
2025-05-17 19:00:00,99.64,234.525,10.62426018435594
2025-05-17 20:00:00,121.38,247.7525,10.536277356355939
2025-05-17 21:00:00,130.21,264.08,10.599756750283083
2025-05-17 22:00:00,129.9,265.01250000000005,10.624229236092454
2025-05-17 23:00:00,111.6,270.495,10.536295726700958
2025-05-18 00:00:00,106.73,267.3575,10.599772241148646
2025-05-18 01:00:00,101.49,270.63750000000005,10.62419833081099
2025-05-18 02:00:00,98.57,267.4575,10.536314081737382
2025-05-18 03:00:00,97.4,256.43,10.599787699048072
2025-05-18 04:00:00,98.41,243.0475,10.624167468417832
2025-05-18 05:00:00,97.98,217.0325,10.53633242148453
2025-05-18 06:00:00,91.3,193.49,10.599803124070187
2025-05-18 07:00:00,87.16,143.98250000000002,10.62413664881953
2025-05-18 08:00:00,67.86,96.3625,10.536350745961697
2025-05-18 09:00:00,10.1,83.9325,10.599818516303515
2025-05-18 10:00:00,0.0,79.4975,10.62410587192292
2025-05-18 11:00:00,-0.2,79.025,10.536369055188157
2025-05-18 12:00:00,-2.0,78.3275,10.599833875836255
2025-05-18 13:00:00,-7.37,80.1675,10.624075137635117
2025-05-18 14:00:00,-15.0,85.06,10.53638734918315
2025-05-18 15:00:00,-8.97,89.5225,10.599849202756328
2025-05-18 16:00:00,-0.2,109.525,10.624044445863522
2025-05-18 17:00:00,9.67,185.2725,10.536405627965902
2025-05-18 18:00:00,91.38,268.02250000000004,10.599864497151325
2025-05-18 19:00:00,108.4,310.5475,10.624013796515799
2025-05-18 20:00:00,125.17,321.97249999999997,10.536423891555602
2025-05-18 21:00:00,130.47,329.2725,10.599879759108545
2025-05-18 22:00:00,118.41,340.8225,10.623983189499896
2025-05-18 23:00:00,103.62,345.53,10.536442139971417
2025-05-19 00:00:00,110.48,360.075,10.599894988714983
2025-05-19 01:00:00,102.62,363.605,10.62395262472404
2025-05-19 02:00:00,96.1,364.96500000000003,10.536460373232494
2025-05-19 03:00:00,92.95,358.0525,10.59991018605733
2025-05-19 04:00:00,98.03,341.8425,10.623922102096728
2025-05-19 05:00:00,109.39,312.88,10.536478591357955
2025-05-19 06:00:00,131.22,291.1675,10.599925351221986
2025-05-19 07:00:00,137.22,257.955,10.62389162152673
2025-05-19 08:00:00,113.41,208.08,10.53649679436689
2025-05-19 09:00:00,93.69,153.32,10.599940484295036
2025-05-19 10:00:00,69.59,117.3225,10.62386118292309
2025-05-19 11:00:00,28.56,111.47,10.536514982278364
2025-05-19 12:00:00,12.77,113.0325,10.599955585362293
2025-05-19 13:00:00,5.0,124.8925,10.62383078619512
2025-05-19 14:00:00,8.0,148.945,10.536533155111425
2025-05-19 15:00:00,28.15,180.8675,10.599970654509242
2025-05-19 16:00:00,72.98,242.32250000000002,10.623800431252405
2025-05-19 17:00:00,97.09,300.8425,10.536551312885086
2025-05-19 18:00:00,114.49,351.96,10.599985691821107
2025-05-19 19:00:00,148.45,375.29,10.6237701180048
2025-05-19 20:00:00,229.11,381.62,10.536569455618338
2025-05-19 21:00:00,154.86,387.3725,10.600000697382791
2025-05-19 22:00:00,126.81,397.88,10.623739846362426
2025-05-19 23:00:00,111.88,408.8925,10.536587583330151
2025-05-20 00:00:00,114.95,420.4375,10.600015671278916
2025-05-20 01:00:00,106.03,427.0125,10.623709616235672
2025-05-20 02:00:00,102.5,425.7875,10.536605696039466
2025-05-20 03:00:00,104.04,421.7275,10.600030613593823
2025-05-20 04:00:00,109.14,409.1425,10.623679427535192
2025-05-20 05:00:00,118.96,370.5775,10.536623793765196
2025-05-20 06:00:00,143.21,334.8825,10.600045524411545
2025-05-20 07:00:00,130.81,276.435,10.623649280171904
2025-05-20 08:00:00,100.0,194.76999999999998,10.536641876526236
2025-05-20 09:00:00,85.2,129.1075,10.600060403815835
2025-05-20 10:00:00,61.58,114.9975,10.623619174056993
2025-05-20 11:00:00,15.95,118.0425,10.536659944341448
2025-05-20 12:00:00,0.17,114.9225,10.60007525189016
2025-05-20 13:00:00,0.01,116.27250000000001,10.623589109101909
2025-05-20 14:00:00,0.09,118.9725,10.53667799722967
2025-05-20 15:00:00,7.61,144.9275,10.600090068717707
2025-05-20 16:00:00,67.87,201.97750000000002,10.623559085218357
2025-05-20 17:00:00,97.15,269.2875,10.536696035209717
2025-05-20 18:00:00,111.79,300.755,10.60010485438136
2025-05-20 19:00:00,141.23,319.6775,10.623529102318304
2025-05-20 20:00:00,192.25,328.46000000000004,10.536714058300387
2025-05-20 21:00:00,148.97,331.47,10.600119608963738
2025-05-20 22:00:00,120.0,335.6625,10.623499160313992
2025-05-20 23:00:00,107.93,335.2075,10.53673206652043
2025-05-21 00:00:00,107.93,323.8875,10.600134332547169
2025-05-21 01:00:00,102.33,320.895,10.623469259117899
2025-05-21 02:00:00,97.9,317.0825,10.536750059888595
2025-05-21 03:00:00,94.9,320.41499999999996,10.600149025213693
2025-05-21 04:00:00,93.7,312.0625,10.623439398642773
2025-05-21 05:00:00,102.49,288.6025,10.53676803842359
2025-05-21 06:00:00,112.48,267.81,10.600163687045091
2025-05-21 07:00:00,116.54,223.51,10.623409578801622
2025-05-21 08:00:00,107.82,172.48,10.536786002144098
2025-05-21 09:00:00,84.82,142.8575,10.600178318122849
2025-05-21 10:00:00,42.22,131.73000000000002,10.623379799507706
2025-05-21 11:00:00,0.15,122.2775,10.536803951068796
2025-05-21 12:00:00,-0.1,123.17,10.60019291852817
2025-05-21 13:00:00,-2.2,131.41,10.623350060674541
2025-05-21 14:00:00,-1.53,137.4725,10.536821885216304
2025-05-21 15:00:00,-0.01,148.055,10.600207488342003
2025-05-21 16:00:00,2.06,164.4125,10.62332036221589
2025-05-21 17:00:00,49.08,208.81,10.53683980460524
2025-05-21 18:00:00,86.32,237.98000000000002,10.600222027644998
2025-05-21 19:00:00,100.1,248.3,10.623290704045786
2025-05-21 20:00:00,114.35,249.4725,10.536857709254198
2025-05-21 21:00:00,110.27,259.40999999999997,10.600236536517539
2025-05-21 22:00:00,100.72,245.8425,10.6232610860785
2025-05-21 23:00:00,90.0,257.7625,10.536875599181728
2025-05-22 00:00:00,98.54,261.48,10.600251015039747
2025-05-22 01:00:00,88.28,258.24,10.623231508228558
2025-05-22 02:00:00,83.65,258.335,10.536893474406368
2025-05-22 03:00:00,81.5,256.2425,10.600265463291459
2025-05-22 04:00:00,83.34,257.95,10.62320197041074
2025-05-22 05:00:00,90.0,258.4525,10.53691133494663
2025-05-22 06:00:00,107.67,245.1225,10.60027988135225
2025-05-22 07:00:00,106.01,219.85,10.623172472540068
2025-05-22 08:00:00,98.16,201.6325,10.536929180821
2025-05-22 09:00:00,54.54,182.10250000000002,10.600294269301415
2025-05-22 10:00:00,1.66,155.925,10.623143014531824
2025-05-22 11:00:00,0.01,114.0075,10.536947012047934
2025-05-22 12:00:00,-1.91,102.31,10.600308627217993
2025-05-22 13:00:00,-12.77,99.0425,10.623113596301529
2025-05-22 14:00:00,-15.4,96.9975,10.53696482864587
2025-05-22 15:00:00,-10.9,99.81,10.60032295518074
2025-05-22 16:00:00,-2.99,114.2875,10.623084217764948
2025-05-22 17:00:00,-0.01,144.98000000000002,10.53698263063321
2025-05-22 18:00:00,50.0,196.1975,10.600337253268165
2025-05-22 19:00:00,106.84,234.865,10.6230548788381
2025-05-22 20:00:00,115.0,243.445,10.537000418028343
2025-05-22 21:00:00,127.25,252.385,10.600351521558494
2025-05-22 22:00:00,117.48,259.0475,10.623025579437247
2025-05-22 23:00:00,103.23,263.195,10.537018190849624
2025-05-23 00:00:00,101.1,264.76250000000005,10.600365760129703
2025-05-23 01:00:00,93.16,256.605,10.62299631947889
2025-05-23 02:00:00,87.12,245.76999999999998,10.537035949115388
2025-05-23 03:00:00,86.56,249.9375,10.6003799690595
2025-05-23 04:00:00,93.08,263.445,10.622967098879778
2025-05-23 05:00:00,106.82,250.0675,10.53705369284394
2025-05-23 06:00:00,128.49,242.9525,10.60039414842533
2025-05-23 07:00:00,132.8,208.6475,10.622937917556902
2025-05-23 08:00:00,114.67,139.9075,10.537071422053565
2025-05-23 09:00:00,85.9,110.775,10.600408298304375
2025-05-23 10:00:00,70.0,99.8875,10.622908775427488
2025-05-23 11:00:00,54.05,95.16,10.537089136762518
2025-05-23 12:00:00,13.44,91.845,10.600422418773558
2025-05-23 13:00:00,0.62,92.2675,10.622879672409017
2025-05-23 14:00:00,0.0,93.69500000000001,10.53710683698903
2025-05-23 15:00:00,0.0,102.72,10.600436509909555
2025-05-23 16:00:00,25.33,129.6925,10.62285060841919
2025-05-23 17:00:00,71.91,180.1225,10.537124522751304
2025-05-23 18:00:00,97.6,235.8175,10.600450571788771
2025-05-23 19:00:00,114.36,268.725,10.622821583375957
2025-05-23 20:00:00,130.47,273.695,10.537142194067526
2025-05-23 21:00:00,139.29,279.66499999999996,10.600464604487362
2025-05-23 22:00:00,126.93,269.365,10.622792597197515
2025-05-23 23:00:00,108.0,250.13,10.537159850955842
2025-05-24 00:00:00,98.99,235.95749999999998,10.600478608081223
2025-05-24 01:00:00,94.76,222.9125,10.622763649802275
2025-05-24 02:00:00,88.74,207.865,10.537177493434399
2025-05-24 03:00:00,84.22,204.8375,10.600492582645995
2025-05-24 04:00:00,82.93,210.66,10.622734741108905
2025-05-24 05:00:00,80.71,198.7625,10.537195121521286
2025-05-24 06:00:00,82.07,161.72750000000002,10.600506528257075
2025-05-24 07:00:00,76.9,108.2875,10.622705871036297
2025-05-24 08:00:00,62.09,83.69,10.537212735234588
2025-05-24 09:00:00,12.26,73.53999999999999,10.600520444989598
2025-05-24 10:00:00,-0.01,71.7575,10.622677039503579
2025-05-24 11:00:00,-0.11,72.35,10.53723033459236
2025-05-24 12:00:00,-0.15,73.155,10.600534332918455
2025-05-24 13:00:00,-0.19,75.28,10.622648246430119
2025-05-24 14:00:00,-0.39,76.455,10.537247919612632
2025-05-24 15:00:00,-1.77,79.13499999999999,10.600548192118278
2025-05-24 16:00:00,-0.39,79.00999999999999,10.622619491735502
2025-05-24 17:00:00,48.67,97.785,10.537265490313404
2025-05-24 18:00:00,85.34,136.51749999999998,10.600562022663464
2025-05-24 19:00:00,109.08,149.54500000000002,10.62259077533956
2025-05-24 20:00:00,111.0,147.3725,10.537283046712659
2025-05-24 21:00:00,107.92,136.355,10.600575824628146
2025-05-24 22:00:00,92.06,128.07,10.622562097162355
2025-05-24 23:00:00,79.67,116.03999999999999,10.537300588828343
2025-05-25 00:00:00,23.82,114.7775,10.600589598086223
2025-05-25 01:00:00,22.9,116.65,10.622533457124167
2025-05-25 02:00:00,14.39,108.71,10.53731811667839
2025-05-25 03:00:00,8.38,106.12,10.600603343111342
2025-05-25 04:00:00,3.9,104.1175,10.622504855145515
2025-05-25 05:00:00,2.11,95.3025,10.537335630280705
2025-05-25 06:00:00,1.17,90.7325,10.6006170597769
2025-05-25 07:00:00,1.21,88.165,10.62247629114714
2025-05-25 08:00:00,0.03,92.6725,10.537353129653159
2025-05-25 09:00:00,0.0,98.745,10.600630748156064
2025-05-25 10:00:00,-0.61,91.8275,10.622447765050023
2025-05-25 11:00:00,-0.6,89.91,10.53737061481361
2025-05-25 12:00:00,-0.25,87.375,10.600644408321749
2025-05-25 13:00:00,-3.19,87.8875,10.622419276775346
2025-05-25 14:00:00,-5.05,88.075,10.537388085779883
2025-05-25 15:00:00,-4.95,90.14750000000001,10.600658040346623
2025-05-25 16:00:00,-1.37,86.9,10.62239082624455
2025-05-25 17:00:00,0.0,105.01,10.537405542569784
2025-05-25 18:00:00,11.72,150.19,10.600671644303128
2025-05-25 19:00:00,92.95,189.185,10.622362413379276
2025-05-25 20:00:00,100.0,206.785,10.537422985201081
2025-05-25 21:00:00,107.41,216.3,10.600685220263456
2025-05-25 22:00:00,102.23,213.5075,10.622334038101396
2025-05-25 23:00:00,92.92,202.4525,10.53744041369153
2025-05-26 00:00:00,88.13,202.885,10.600698768299557
2025-05-26 01:00:00,79.12,202.6575,10.62230570033301
2025-05-26 02:00:00,73.21,194.3975,10.537457828058857
2025-05-26 03:00:00,71.83,194.75,10.60071228848315
2025-05-26 04:00:00,76.7,203.05,10.622277399996436
2025-05-26 05:00:00,85.48,210.24,10.53747522832077
2025-05-26 06:00:00,116.2,201.775,10.600725780885718
2025-05-26 07:00:00,143.17,171.17000000000002,10.622249137014212
2025-05-26 08:00:00,129.91,130.585,10.537492614494939
2025-05-26 09:00:00,91.41,90.8175,10.600739245578497
2025-05-26 10:00:00,16.17,83.67,10.622220911309103
2025-05-26 11:00:00,0.05,80.6825,10.537509986599016
2025-05-26 12:00:00,-0.42,79.0775,10.600752682632505
2025-05-26 13:00:00,-1.45,79.28,10.622192722804089
2025-05-26 14:00:00,-1.18,83.0975,10.537527344650625
2025-05-26 15:00:00,-0.82,91.02250000000001,10.60076609211851
2025-05-26 16:00:00,0.0,116.58,10.622164571422365
2025-05-26 17:00:00,17.65,169.72250000000003,10.537544688667374
2025-05-26 18:00:00,95.76,218.47750000000002,10.600779474107059
2025-05-26 19:00:00,119.33,250.39,10.622136457087356
2025-05-26 20:00:00,169.87,262.84000000000003,10.537562018666835
2025-05-26 21:00:00,161.57,269.775,10.600792828668457
2025-05-26 22:00:00,119.38,240.7825,10.622108379722702
2025-05-26 23:00:00,98.86,226.3475,10.537579334666555
2025-05-27 00:00:00,88.51,200.375,10.60080615587278
2025-05-27 01:00:00,73.92,186.2575,10.622080339252246
2025-05-27 02:00:00,62.02,191.3075,10.537596636684068
2025-05-27 03:00:00,61.98,198.5725,10.600819455789887
2025-05-27 04:00:00,67.7,192.9,10.622052335600063
2025-05-27 05:00:00,62.2,180.5725,10.53761392473687
2025-05-27 06:00:00,67.7,165.2925,10.600832728489388
2025-05-27 07:00:00,73.9,147.33499999999998,10.622024368690441
2025-05-27 08:00:00,68.63,123.0925,10.537631198842437
2025-05-27 09:00:00,50.17,109.495,10.600845974040677
2025-05-27 10:00:00,4.26,94.66,10.621996438447873
2025-05-27 11:00:00,3.19,85.08500000000001,10.537648459018223
2025-05-27 12:00:00,0.03,83.065,10.600859192512909
2025-05-27 13:00:00,0.02,84.655,10.621968544797072
2025-05-27 14:00:00,0.09,92.0075,10.53766570528165
2025-05-27 15:00:00,3.14,106.2875,10.60087238397503
2025-05-27 16:00:00,55.17,146.955,10.621940687662972
2025-05-27 17:00:00,84.55,194.05,10.537682937650123
2025-05-27 18:00:00,103.0,228.48000000000002,10.600885548495745
2025-05-27 19:00:00,122.64,234.7575,10.621912866970703
2025-05-27 20:00:00,137.6,235.3475,10.537700156141012
2025-05-27 21:00:00,111.16,227.125,10.600898686143541
2025-05-27 22:00:00,100.34,200.535,10.621885082645619
2025-05-27 23:00:00,82.41,171.055,10.537717360771675
2025-05-28 00:00:00,76.43,160.04,10.600911796986681
2025-05-28 01:00:00,69.01,159.1325,10.621857334613278
2025-05-28 02:00:00,67.39,177.2825,10.537734551559439
2025-05-28 03:00:00,61.01,179.9325,10.600924881093203
2025-05-28 04:00:00,65.19,184.82999999999998,10.621829622799451
2025-05-28 05:00:00,72.52,183.0325,10.537751728521595
2025-05-28 06:00:00,92.85,185.065,10.600937938530926
2025-05-28 07:00:00,100.09,186.175,10.62180194713011
2025-05-28 08:00:00,95.0,179.17,10.537768891675434
2025-05-28 09:00:00,90.0,166.995,10.60095096936744
2025-05-28 10:00:00,76.48,145.8025,10.621774307531455
2025-05-28 11:00:00,71.46,127.92750000000001,10.537786041038196
2025-05-28 12:00:00,65.67,126.53,10.60096397367013
2025-05-28 13:00:00,58.03,140.5025,10.621746703929874
2025-05-28 14:00:00,53.21,150.9975,10.537803176627115
2025-05-28 15:00:00,42.1,161.87,10.600976951506146
2025-05-28 16:00:00,67.28,176.13,10.621719136251963
2025-05-28 17:00:00,83.7,188.545,10.53782029845939
2025-05-28 18:00:00,94.99,208.1125,10.600989902942429
2025-05-28 19:00:00,114.83,224.0775,10.621691604424543
2025-05-28 20:00:00,134.83,238.8125,10.537837406552198
2025-05-28 21:00:00,139.91,244.8425,10.601002828045694
2025-05-28 22:00:00,124.29,245.125,10.621664108374619
2025-05-28 23:00:00,104.27,237.125,10.537854500922691
2025-05-29 00:00:00,99.13,230.82,10.601015726882453
2025-05-29 01:00:00,94.8,231.845,10.62163664802941
2025-05-29 02:00:00,92.06,236.76999999999998,10.537871581587996
2025-05-29 03:00:00,91.55,245.5675,10.601028599518989
2025-05-29 04:00:00,91.54,249.85,10.621609223316344
2025-05-29 05:00:00,91.36,240.45,10.537888648565222
2025-05-29 06:00:00,89.46,204.585,10.601041446021373
2025-05-29 07:00:00,86.49,160.29500000000002,10.621581834163038
2025-05-29 08:00:00,82.95,108.345,10.537905701871436
2025-05-29 09:00:00,62.83,89.1575,10.601054266455469
2025-05-29 10:00:00,19.93,79.365,10.621554480497323
2025-05-29 11:00:00,1.71,78.89,10.5379227415237
2025-05-29 12:00:00,0.03,79.94,10.60106706088692
2025-05-29 13:00:00,-1.68,82.275,10.621527162247228
2025-05-29 14:00:00,-1.99,84.67,10.537939767539044
2025-05-29 15:00:00,-1.98,95.6725,10.601079829381161
2025-05-29 16:00:00,-1.09,109.4975,10.621499879340988
2025-05-29 17:00:00,23.13,123.215,10.53795677993446
2025-05-29 18:00:00,65.5,150.4425,10.601092572003413
2025-05-29 19:00:00,80.2,172.99,10.621472631707029
2025-05-29 20:00:00,77.17,184.365,10.53797377872694
2025-05-29 21:00:00,73.73,191.5075,10.601105288818683
2025-05-29 22:00:00,76.66,168.64249999999998,10.62144541927398
2025-05-29 23:00:00,57.5,144.33249999999998,10.537990763933434
2025-05-30 00:00:00,45.42,137.695,10.601117979891777
2025-05-30 01:00:00,25.67,141.0025,10.621418241970675
2025-05-30 02:00:00,32.99,141.6975,10.538007735570872
2025-05-30 03:00:00,33.95,140.7,10.601130645287288
2025-05-30 04:00:00,37.39,139.4875,10.621391099726138
2025-05-30 05:00:00,55.08,142.85000000000002,10.538024693656162
2025-05-30 06:00:00,69.73,134.185,10.601143285069595
2025-05-30 07:00:00,68.38,98.3775,10.621363992469593
2025-05-30 08:00:00,53.01,77.5775,10.53804163820618
2025-05-30 09:00:00,29.13,71.63250000000001,10.601155899302881
2025-05-30 10:00:00,1.83,71.315,10.621336920130469
2025-05-30 11:00:00,-0.02,67.5725,10.538058569237787
2025-05-30 12:00:00,-1.01,66.2125,10.601168488051108
2025-05-30 13:00:00,-3.1,68.0275,10.621309882638375
2025-05-30 14:00:00,-3.0,71.26249999999999,10.538075486767813
2025-05-30 15:00:00,-1.34,77.19,10.601181051378052
2025-05-30 16:00:00,-0.04,91.905,10.621282879923129
2025-05-30 17:00:00,5.88,128.9125,10.538092390813066
2025-05-30 18:00:00,73.52,180.7175,10.60119358934726
2025-05-30 19:00:00,111.84,217.47750000000002,10.621255911914735
2025-05-30 20:00:00,136.95,234.5575,10.538109281390323
2025-05-30 21:00:00,145.89,245.35999999999999,10.601206102022097
2025-05-30 22:00:00,130.19,254.405,10.6212289785434
2025-05-30 23:00:00,108.15,265.65999999999997,10.53812615851635
2025-05-31 00:00:00,107.0,272.3025,10.60121858946571
2025-05-31 01:00:00,99.94,275.9525,10.621202079739515
2025-05-31 02:00:00,98.75,276.09749999999997,10.538143022207874
2025-05-31 03:00:00,99.07,275.5,10.601231051741054
2025-05-31 04:00:00,99.91,274.2575,10.62117521543367
2025-05-31 05:00:00,98.29,244.115,10.538159872481613
2025-05-31 06:00:00,94.79,199.7075,10.601243488910871
2025-05-31 07:00:00,84.61,134.58,10.62114838555664
2025-05-31 08:00:00,55.0,106.4675,10.538176709354243
2025-05-31 09:00:00,1.0,94.72,10.601255901037714
2025-05-31 10:00:00,-0.02,84.0875,10.621121590039403
2025-05-31 11:00:00,-1.0,80.535,10.538193532842431
2025-05-31 12:00:00,-3.07,79.605,10.601268288183926
2025-05-31 13:00:00,-13.17,82.6575,10.621094828813117
2025-05-31 14:00:00,-7.75,89.2775,10.538210342962808
2025-05-31 15:00:00,-3.0,98.1225,10.601280650411661
2025-05-31 16:00:00,-0.05,134.31,10.621068101809133
2025-05-31 17:00:00,41.4,204.5975,10.538227139731987
2025-05-31 18:00:00,88.85,245.385,10.60129298778286
2025-05-31 19:00:00,131.41,263.0525,10.62104140895899
2025-05-31 20:00:00,192.35,272.745,10.538243923166556
2025-05-31 21:00:00,192.37,262.3725,10.601305300359282
2025-05-31 22:00:00,133.49,250.3075,10.621014750194423
2025-05-31 23:00:00,102.06,229.17249999999999,10.538260693283082
2025-06-01 00:00:00,92.53,207.37,10.60131758820248
2025-06-01 01:00:00,85.22,177.4125,10.620988125447342
2025-06-01 02:00:00,77.13,146.6125,10.538277450098096
2025-06-01 03:00:00,74.09,139.6325,10.601329851373814
2025-06-01 04:00:00,72.66,137.4925,10.620961534649853
2025-06-01 05:00:00,66.11,134.3275,10.538294193628117
2025-06-01 06:00:00,35.84,126.2525,10.601342089934445
2025-06-01 07:00:00,13.0,115.0275,10.620934977734253
2025-06-01 08:00:00,2.4,108.2575,10.538310923889638
2025-06-01 09:00:00,-0.01,99.33250000000001,10.60135430394534
2025-06-01 10:00:00,-0.6,91.635,10.620908454633014
2025-06-01 11:00:00,-2.11,88.475,10.53832764089912
2025-06-01 12:00:00,-5.48,84.805,10.601366493467285
2025-06-01 13:00:00,-12.93,84.475,10.620881965278796
2025-06-01 14:00:00,-20.41,85.225,10.538344344673002
2025-06-01 15:00:00,-15.61,87.6275,10.60137865856085
2025-06-01 16:00:00,-6.0,91.27250000000001,10.620855509604452
2025-06-01 17:00:00,-0.99,108.49000000000001,10.538361035227712
2025-06-01 18:00:00,19.23,148.195,10.601390799286428
2025-06-01 19:00:00,78.85,194.4075,10.620829087543008
2025-06-01 20:00:00,93.66,217.6325,10.538377712579633
2025-06-01 21:00:00,106.86,220.035,10.60140291570422
2025-06-01 22:00:00,105.93,210.79,10.62080269902768
2025-06-01 23:00:00,90.49,222.5775,10.538394376745144
2025-06-02 00:00:00,81.76,238.2875,10.601415007874236
2025-06-02 01:00:00,75.31,241.7225,10.620776343991864
2025-06-02 02:00:00,75.0,251.34,10.538411027740581
2025-06-02 03:00:00,77.75,260.8125,10.601427075856286
2025-06-02 04:00:00,83.05,253.9025,10.620750022369139
2025-06-02 05:00:00,91.93,243.85,10.538427665582272
2025-06-02 06:00:00,108.15,233.07,10.601439119710005
2025-06-02 07:00:00,117.9,215.3875,10.620723734093264
2025-06-02 08:00:00,102.36,182.45499999999998,10.538444290286511
2025-06-02 09:00:00,85.6,145.925,10.601451139494829
2025-06-02 10:00:00,57.47,128.3875,10.620697479098183
2025-06-02 11:00:00,33.21,120.1425,10.538460901869568
2025-06-02 12:00:00,20.0,125.00999999999999,10.60146313527001
2025-06-02 13:00:00,12.78,115.9425,10.620671257318014
2025-06-02 14:00:00,11.0,117.64500000000001,10.538477500347698
2025-06-02 15:00:00,19.75,156.63,10.60147510709461
2025-06-02 16:00:00,55.84,203.4775,10.620645068687066
2025-06-02 17:00:00,82.8,250.33,10.538494085737122
2025-06-02 18:00:00,94.95,286.68,10.601487055027517
2025-06-02 19:00:00,109.32,296.1725,10.620618913139806
2025-06-02 20:00:00,195.91,306.615,10.538510658054042
2025-06-02 21:00:00,245.37,312.505,10.60149897912742
2025-06-02 22:00:00,141.66,317.15999999999997,10.620592790610901
2025-06-02 23:00:00,110.04,324.4925,10.538527217314634
2025-06-03 00:00:00,111.49,329.70500000000004,10.601510879452816
2025-06-03 01:00:00,109.91,331.53249999999997,10.620566701035186
2025-06-03 02:00:00,102.02,330.3725,10.538543763535053
2025-06-03 03:00:00,99.23,323.085,10.60152275606204
2025-06-03 04:00:00,94.89,305.595,10.620540644347669
2025-06-03 05:00:00,107.6,275.755,10.538560296731424
2025-06-03 06:00:00,130.76,238.24,10.601534609013232
2025-06-03 07:00:00,116.85,176.24,10.620514620483547
2025-06-03 08:00:00,85.98,105.64,10.538576816919855
2025-06-03 09:00:00,59.46,82.0175,10.601546438364347
2025-06-03 10:00:00,2.0,84.6575,10.620488629378176
2025-06-03 11:00:00,-0.05,89.02,10.538593324116436
2025-06-03 12:00:00,-1.01,88.14,10.601558244173157
2025-06-03 13:00:00,-3.0,88.015,10.620462670967106
2025-06-03 14:00:00,-4.32,90.3475,10.538609818337209
2025-06-03 15:00:00,-1.33,101.89500000000001,10.60157002649726
2025-06-03 16:00:00,0.0,119.9525,10.62043674518604
2025-06-03 17:00:00,66.0,177.835,10.538626299598219
2025-06-03 18:00:00,87.79,212.885,10.601581785394067
2025-06-03 19:00:00,109.41,221.5575,10.620410851970876
2025-06-03 20:00:00,132.9,219.34,10.538642767915473
2025-06-03 21:00:00,112.29,213.03,10.601593520920813
2025-06-03 22:00:00,106.12,200.6475,10.620384991257675
2025-06-03 23:00:00,95.49,179.0375,10.53865922330495
2025-06-04 00:00:00,74.95,173.2275,10.601605233134558
2025-06-04 01:00:00,67.25,190.135,10.620359162982673
2025-06-04 02:00:00,64.78,199.425,10.538675665782625
2025-06-04 03:00:00,65.0,212.81,10.601616922092164
2025-06-04 04:00:00,68.32,213.905,10.620333367082273
2025-06-04 05:00:00,80.32,201.8725,10.53869209536443
2025-06-04 06:00:00,99.77,191.745,10.601628587850342
2025-06-04 07:00:00,113.74,180.57999999999998,10.620307603493055
2025-06-04 08:00:00,112.4,162.155,10.538708512066279
2025-06-04 09:00:00,79.08,131.1725,10.601640230465605
2025-06-04 10:00:00,72.4,102.7875,10.62028187215177
2025-06-04 11:00:00,48.36,101.4375,10.538724915904066
2025-06-04 12:00:00,20.12,100.935,10.601651849994301
2025-06-04 13:00:00,9.69,99.57249999999999,10.620256172995337
2025-06-04 14:00:00,18.26,100.91499999999999,10.53874130689366
2025-06-04 15:00:00,43.35,111.395,10.601663446492596
2025-06-04 16:00:00,72.4,149.7525,10.620230505960853
2025-06-04 17:00:00,91.45,204.6175,10.538757685050905
2025-06-04 18:00:00,108.91,242.8,10.601675020016488
2025-06-04 19:00:00,145.98,268.14,10.62020487098557
2025-06-04 20:00:00,192.85,286.245,10.538774050391615
2025-06-04 21:00:00,138.82,291.1475,10.60168657062179
2025-06-04 22:00:00,112.43,294.34999999999997,10.620179268006916
2025-06-04 23:00:00,94.08,288.6925,10.538790402931594
2025-06-05 00:00:00,97.67,278.9475,10.601698098364151
2025-06-05 01:00:00,92.7,270.0525,10.62015369696249
2025-06-05 02:00:00,86.84,266.8625,10.538806742686614
2025-06-05 03:00:00,86.1,262.0325,10.601709603299042
2025-06-05 04:00:00,87.01,245.525,10.620128157790056
2025-06-05 05:00:00,88.09,231.3975,10.538823069672425
2025-06-05 06:00:00,113.78,227.1025,10.60172108548176
2025-06-05 07:00:00,129.03,198.195,10.620102650427544
2025-06-05 08:00:00,116.6,137.1075,10.538839383904754
2025-06-05 09:00:00,83.03,97.54,10.601732544967437
2025-06-05 10:00:00,66.0,85.175,10.620077174813051
2025-06-05 11:00:00,46.18,78.8575,10.538855685399307
2025-06-05 12:00:00,20.0,68.585,10.601743981811026
2025-06-05 13:00:00,11.03,70.82249999999999,10.620051730884843
2025-06-05 14:00:00,7.07,83.88,10.538871974171755
2025-06-05 15:00:00,19.87,109.9725,10.601755396067315
2025-06-05 16:00:00,57.5,137.295,10.62002631858134
2025-06-05 17:00:00,81.08,186.20499999999998,10.538888250237763
2025-06-05 18:00:00,100.94,212.385,10.601766787790917
2025-06-05 19:00:00,112.19,228.4775,10.620000937841143
2025-06-05 20:00:00,136.4,232.83249999999998,10.53890451361296
2025-06-05 21:00:00,106.95,221.0725,10.601778157036286
2025-06-05 22:00:00,96.37,181.7525,10.619975588603008
2025-06-05 23:00:00,81.36,141.8225,10.538920764312957
2025-06-06 00:00:00,76.29,113.745,10.601789503857697
2025-06-06 01:00:00,66.12,101.015,10.619950270805846
2025-06-06 02:00:00,60.86,97.3175,10.53893700235334
2025-06-06 03:00:00,55.27,94.445,10.601800828309258
2025-06-06 04:00:00,52.78,93.4575,10.619924984388756
2025-06-06 05:00:00,63.7,88.3775,10.538953227749671
2025-06-06 06:00:00,67.02,91.6825,10.601812130444918
2025-06-06 07:00:00,74.43,80.875,10.619899729290973
2025-06-06 08:00:00,59.61,71.1725,10.53896944051749
2025-06-06 09:00:00,3.94,68.7475,10.60182341031845
2025-06-06 10:00:00,-0.01,69.575,10.619874505451907
2025-06-06 11:00:00,-0.27,66.3625,10.538985640672314
2025-06-06 12:00:00,-2.07,62.6675,10.601834667983471
2025-06-06 13:00:00,-4.93,59.12,10.619849312811127
2025-06-06 14:00:00,-5.06,61.5825,10.539001828229638
2025-06-06 15:00:00,-4.96,71.345,10.601845903493418
2025-06-06 16:00:00,-1.0,78.0025,10.619824151308366
2025-06-06 17:00:00,0.0,117.1775,10.539018003204928
2025-06-06 18:00:00,50.47,164.1825,10.601857116901579
2025-06-06 19:00:00,84.19,188.32999999999998,10.619799020883512
2025-06-06 20:00:00,112.57,199.43,10.539034165613632
2025-06-06 21:00:00,129.29,207.46,10.60186830826107
2025-06-06 22:00:00,125.72,207.1875,10.619773921476614
2025-06-06 23:00:00,103.24,203.03,10.539050315471178
2025-06-07 00:00:00,87.61,207.27499999999998,10.601879477624838
2025-06-07 01:00:00,83.5,215.1725,10.619748853027884
2025-06-07 02:00:00,78.02,218.885,10.539066452792964
2025-06-07 03:00:00,81.89,222.70749999999998,10.601890625045684
2025-06-07 04:00:00,82.27,222.96,10.619723815477688
2025-06-07 05:00:00,81.99,207.3875,10.53908257759437
2025-06-07 06:00:00,85.47,195.405,10.601901750576229
2025-06-07 07:00:00,86.74,165.5625,10.61969880876655
2025-06-07 08:00:00,79.86,115.315,10.53909868989074
2025-06-07 09:00:00,65.3,89.97,10.601912854268944
2025-06-07 10:00:00,30.53,73.31,10.619673832835154
2025-06-07 11:00:00,9.44,71.0025,10.539114789697422
2025-06-07 12:00:00,1.19,72.5,10.601923936176133
2025-06-07 13:00:00,-0.01,72.58500000000001,10.619648887624344
2025-06-07 14:00:00,-0.02,74.5575,10.539130877029713
2025-06-07 15:00:00,-0.02,77.4075,10.601934996349945
2025-06-07 16:00:00,-0.87,102.9575,10.619623973075111
2025-06-07 17:00:00,26.91,143.97,10.539146951902902
2025-06-07 18:00:00,70.1,175.82,10.60194603484236
2025-06-07 19:00:00,85.01,193.355,10.619599089128613
2025-06-07 20:00:00,109.9,200.14249999999998,10.539163014332253
2025-06-07 21:00:00,110.26,205.9875,10.601957051705208
2025-06-07 22:00:00,98.01,191.9975,10.619574235726152
2025-06-07 23:00:00,80.09,178.6025,10.539179064333002
2025-06-08 00:00:00,93.84,163.7425,10.60196804699016
2025-06-08 01:00:00,83.0,136.52249999999998,10.6195494128092
2025-06-08 02:00:00,76.86,121.63,10.539195101920368
2025-06-08 03:00:00,69.74,118.345,10.60197902074872
2025-06-08 04:00:00,67.02,115.065,10.619524620319364
2025-06-08 05:00:00,55.66,107.72,10.539211127109548
2025-06-08 06:00:00,39.02,96.7625,10.601989973032248
2025-06-08 07:00:00,3.71,86.2425,10.619499858198424
2025-06-08 08:00:00,0.0,78.4725,10.53922713991571
2025-06-08 09:00:00,-0.5,73.06,10.602000903891934
2025-06-08 10:00:00,-2.0,69.1,10.619475126388304
2025-06-08 11:00:00,-8.21,66.9825,10.539243140354001
2025-06-08 12:00:00,-19.92,69.225,10.602011813378825
2025-06-08 13:00:00,-39.98,70.8775,10.619450424831074
2025-06-08 14:00:00,-52.56,71.06,10.53925912843955
2025-06-08 15:00:00,-53.06,72.34,10.602022701543799
2025-06-08 16:00:00,-38.89,71.3425,10.61942575346897
2025-06-08 17:00:00,-16.71,77.3175,10.539275104187455
2025-06-08 18:00:00,-0.01,79.0325,10.60203356843759
2025-06-08 19:00:00,39.65,92.2375,10.61940111224437
2025-06-08 20:00:00,60.88,105.845,10.539291067612805
2025-06-08 21:00:00,69.55,109.8875,10.602044414110768
2025-06-08 22:00:00,65.07,107.4075,10.619376501099808
2025-06-08 23:00:00,51.13,101.1575,10.539307018730648
2025-06-09 00:00:00,4.8,100.2925,10.602055238613762
2025-06-09 01:00:00,4.15,102.005,10.619351919977973
2025-06-09 02:00:00,4.19,105.1725,10.539322957556024
2025-06-09 03:00:00,4.27,110.675,10.60206604199683
2025-06-09 04:00:00,13.42,117.6425,10.619327368821692
2025-06-09 05:00:00,32.2,119.28999999999999,10.539338884103948
2025-06-09 06:00:00,44.97,107.47749999999999,10.602076824310098
2025-06-09 07:00:00,40.04,90.9325,10.619302847573948
2025-06-09 08:00:00,2.97,78.2,10.539354798389404
2025-06-09 09:00:00,-0.62,70.9225,10.602087585603522
2025-06-09 10:00:00,-1.14,67.785,10.61927835617788
2025-06-09 11:00:00,-4.14,67.6925,10.539370700427359
2025-06-09 12:00:00,-10.0,67.0725,10.602098325926917
2025-06-09 13:00:00,-19.33,68.215,10.619253894576767
2025-06-09 14:00:00,-15.76,72.595,10.53938659023276
2025-06-09 15:00:00,-4.5,80.88250000000001,10.602109045329938
2025-06-09 16:00:00,-1.0,91.3275,10.61922946271404
2025-06-09 17:00:00,0.09,133.7625,10.539402467820528
2025-06-09 18:00:00,69.54,192.9325,10.602119743862103
2025-06-09 19:00:00,117.79,234.685,10.619205060533272
2025-06-09 20:00:00,141.4,248.785,10.539418333205566
2025-06-09 21:00:00,148.42,253.305,10.60213042157277
2025-06-09 22:00:00,126.52,252.9,10.619180687978195
2025-06-09 23:00:00,101.19,231.03,10.539434186402746
2025-06-10 00:00:00,86.65,177.905,10.602141078511155
2025-06-10 01:00:00,78.07,154.0975,10.619156344992676
2025-06-10 02:00:00,69.66,148.67000000000002,10.539450027426925
2025-06-10 03:00:00,59.95,149.3175,10.60215171472631
2025-06-10 04:00:00,54.16,151.5025,10.61913203152073
2025-06-10 05:00:00,62.18,150.985,10.539465856292933
2025-06-10 06:00:00,74.62,129.345,10.602162330267156
2025-06-10 07:00:00,82.79,111.4225,10.619107747506526
2025-06-10 08:00:00,83.17,95.42,10.539481673015583
2025-06-10 09:00:00,69.0,85.9675,10.602172925182456
2025-06-10 10:00:00,22.21,76.515,10.619083492894376
2025-06-10 11:00:00,0.1,73.7825,10.53949747760966
2025-06-10 12:00:00,-0.19,72.17,10.602183499520834
2025-06-10 13:00:00,-2.33,69.8325,10.619059267628732
2025-06-10 14:00:00,-4.26,78.36500000000001,10.539513270089936
2025-06-10 15:00:00,-1.04,83.9175,10.602194053330763
2025-06-10 16:00:00,0.03,83.93,10.61903507165419
2025-06-10 17:00:00,53.99,111.0775,10.539529050471144
2025-06-10 18:00:00,69.6,149.1775,10.60220458666057
2025-06-10 19:00:00,82.08,165.675,10.619010904915491
2025-06-10 20:00:00,83.97,180.935,10.539544818768007
2025-06-10 21:00:00,91.28,185.0225,10.602215099558434
2025-06-10 22:00:00,97.94,185.42,10.618986767357528
2025-06-10 23:00:00,85.31,177.11,10.539560574995228
2025-06-11 00:00:00,73.01,166.35250000000002,10.602225592072392
2025-06-11 01:00:00,71.38,165.29,10.618962658925327
2025-06-11 02:00:00,70.58,164.47,10.539576319167484
2025-06-11 03:00:00,69.86,179.3775,10.60223606425034
2025-06-11 04:00:00,73.59,201.9575,10.618938579564052
2025-06-11 05:00:00,83.6,204.6175,10.539592051299422
2025-06-11 06:00:00,101.26,187.445,10.602246516140022
2025-06-11 07:00:00,107.8,157.08249999999998,10.618914529219028
2025-06-11 08:00:00,85.09,113.15,10.53960777140568
2025-06-11 09:00:00,66.7,92.5175,10.602256947789051
2025-06-11 10:00:00,22.98,84.6575,10.6188905078357
2025-06-11 11:00:00,1.3,80.155,10.539623479500865
2025-06-11 12:00:00,-0.36,78.345,10.602267359244886
2025-06-11 13:00:00,-0.97,77.5825,10.618866515359667
2025-06-11 14:00:00,-3.4,82.3375,10.539639175599564
2025-06-11 15:00:00,-2.4,87.955,10.602277750554844
2025-06-11 16:00:00,-0.01,114.2875,10.618842551736668
2025-06-11 17:00:00,66.47,186.1,10.539654859716345
2025-06-11 18:00:00,89.34,259.775,10.602288121766106
2025-06-11 19:00:00,132.28,301.3275,10.618818616912574
2025-06-11 20:00:00,217.0,319.9525,10.539670531865752
2025-06-11 21:00:00,180.0,315.5475,10.602298472925717
2025-06-11 22:00:00,119.34,307.8975,10.618794710833408
2025-06-11 23:00:00,94.07,302.375,10.539686192062304
2025-06-12 00:00:00,92.91,294.64750000000004,10.602308804080561
2025-06-12 01:00:00,87.7,279.895,10.61877083344532
2025-06-12 02:00:00,85.43,260.025,10.539701840320502
2025-06-12 03:00:00,84.85,256.99,10.602319115277405
2025-06-12 04:00:00,89.06,251.57,10.618746984694608
2025-06-12 05:00:00,92.0,240.425,10.539717476654825
2025-06-12 06:00:00,114.85,200.3625,10.602329406562864
2025-06-12 07:00:00,104.3,153.0575,10.618723164527701
2025-06-12 08:00:00,78.86,101.545,10.53973310107973
2025-06-12 09:00:00,36.09,80.555,10.602339677983414
2025-06-12 10:00:00,0.0,77.0375,10.61869937289117
2025-06-12 11:00:00,-2.0,76.805,10.539748713609645
2025-06-12 12:00:00,-15.91,77.9825,10.602349929585396
2025-06-12 13:00:00,-27.9,81.0375,10.618675609731724
2025-06-12 14:00:00,-25.47,87.8375,10.539764314258987
2025-06-12 15:00:00,-11.57,90.2125,10.602360161415014
2025-06-12 16:00:00,-2.78,100.3125,10.618651874996209
2025-06-12 17:00:00,14.9,131.05,10.539779903042149
2025-06-12 18:00:00,79.96,185.355,10.602370373518323
2025-06-12 19:00:00,112.55,202.81,10.618628168631606
2025-06-12 20:00:00,132.0,200.8775,10.539795479973495
2025-06-12 21:00:00,111.0,193.31,10.602380565941266
2025-06-12 22:00:00,105.0,188.75,10.618604490585026
2025-06-12 23:00:00,86.9,172.8125,10.539811045067369
2025-06-13 00:00:00,70.29,169.93,10.602390738729616
2025-06-13 01:00:00,55.25,179.16750000000002,10.618580840803727
2025-06-13 02:00:00,58.61,181.0575,10.53982659833811
2025-06-13 03:00:00,63.42,182.28,10.602400891929038
2025-06-13 04:00:00,63.84,185.08499999999998,10.618557219235097
2025-06-13 05:00:00,70.71,184.8775,10.539842139800003
2025-06-13 06:00:00,83.68,173.1825,10.602411025585049
2025-06-13 07:00:00,87.26,137.8425,10.618533625826656
2025-06-13 08:00:00,77.39,113.2675,10.539857669467342
2025-06-13 09:00:00,40.03,93.12,10.60242113974303
2025-06-13 10:00:00,4.1,78.3975,10.618510060526065
2025-06-13 11:00:00,-0.03,74.885,10.539873187354383
2025-06-13 12:00:00,-2.05,76.3425,10.602431234448236
2025-06-13 13:00:00,-6.09,73.0075,10.61848652328111
2025-06-13 14:00:00,-6.01,75.6175,10.539888693475362
2025-06-13 15:00:00,-2.38,80.64750000000001,10.602441309745778
2025-06-13 16:00:00,-0.01,106.1075,10.618463014039715
2025-06-13 17:00:00,35.9,153.715,10.539904187844503
2025-06-13 18:00:00,80.04,193.39,10.602451365680633
2025-06-13 19:00:00,108.9,211.28,10.618439532749942
2025-06-13 20:00:00,111.19,196.92000000000002,10.539919670475996
2025-06-13 21:00:00,94.9,180.3325,10.60246140229766
2025-06-13 22:00:00,90.0,162.91750000000002,10.618416079359974
2025-06-13 23:00:00,71.3,139.415,10.539935141384014
2025-06-14 00:00:00,73.99,133.7975,10.602471419641565
2025-06-14 01:00:00,71.2,132.5725,10.61839265381814
2025-06-14 02:00:00,66.15,137.66,10.539950600582713
2025-06-14 03:00:00,66.88,148.6275,10.602481417756938
2025-06-14 04:00:00,68.06,146.4375,10.618369256072887
2025-06-14 05:00:00,64.52,140.23000000000002,10.539966048086226
2025-06-14 06:00:00,54.68,115.385,10.60249139668823
2025-06-14 07:00:00,20.3,97.8075,10.6183458860728
2025-06-14 08:00:00,7.74,81.8825,10.539981483908655
2025-06-14 09:00:00,0.0,72.695,10.60250135647976
2025-06-14 10:00:00,-2.02,71.13250000000001,10.618322543766597
2025-06-14 11:00:00,-9.08,71.915,10.539996908064094
2025-06-14 12:00:00,-35.72,73.45750000000001,10.60251129717572
2025-06-14 13:00:00,-38.0,73.67,10.618299229103124
2025-06-14 14:00:00,-25.75,76.75,10.540012320566609
2025-06-14 15:00:00,-6.7,84.035,10.602521218820169
2025-06-14 16:00:00,-0.37,95.975,10.618275942031355
2025-06-14 17:00:00,8.86,154.1525,10.540027721430242
2025-06-14 18:00:00,83.38,194.14,10.602531121457039
2025-06-14 19:00:00,121.55,215.3525,10.618252682500396
2025-06-14 20:00:00,127.27,225.93,10.54004311066902
2025-06-14 21:00:00,117.68,224.8075,10.602541005130128
2025-06-14 22:00:00,121.39,219.085,10.618229450459474
2025-06-14 23:00:00,109.0,213.8475,10.540058488296948
2025-06-15 00:00:00,91.93,214.3625,10.60255086988311
2025-06-15 01:00:00,88.87,216.5075,10.61820624585796
2025-06-15 02:00:00,87.23,228.985,10.540073854328003
2025-06-15 03:00:00,90.94,231.7175,10.60256071575953
2025-06-15 04:00:00,91.99,222.89249999999998,10.618183068645347
2025-06-15 05:00:00,92.15,190.3475,10.540089208776147
2025-06-15 06:00:00,84.99,158.3525,10.602570542802804
2025-06-15 07:00:00,66.21,131.535,10.618159918771246
2025-06-15 08:00:00,53.86,113.7825,10.540104551655318
2025-06-15 09:00:00,5.55,102.305,10.60258035105622
2025-06-15 10:00:00,0.0,97.3875,10.61813679618541
2025-06-15 11:00:00,-0.02,93.3875,10.540119882979436
2025-06-15 12:00:00,-1.22,92.0775,10.602590140562937
2025-06-15 13:00:00,-5.61,89.0,10.61811370083771
2025-06-15 14:00:00,-5.0,92.7225,10.5401352027624
2025-06-15 15:00:00,-2.0,111.035,10.602599911365997
2025-06-15 16:00:00,-0.01,137.9875,10.618090632678145
2025-06-15 17:00:00,54.79,194.24,10.540150511018084
2025-06-15 18:00:00,96.43,242.11,10.602609663508302
2025-06-15 19:00:00,109.0,267.1225,10.618067591656843
2025-06-15 20:00:00,114.59,293.4675,10.540165807760339
2025-06-15 21:00:00,135.43,314.72,10.602619397032637
2025-06-15 22:00:00,127.63,318.65250000000003,10.61804457772406
2025-06-15 23:00:00,106.54,307.9225,10.540181093003007
2025-06-16 00:00:00,105.72,290.7125,10.602629111981662
2025-06-16 01:00:00,91.64,278.1925,10.618021590830168
2025-06-16 02:00:00,86.94,275.8275,10.540196366759893
2025-06-16 03:00:00,84.0,279.6725,10.602638808397915
2025-06-16 04:00:00,83.28,301.4425,10.617998630925669
2025-06-16 05:00:00,88.39,291.7225,10.540211629044789
2025-06-16 06:00:00,112.43,265.7075,10.602648486323798
2025-06-16 07:00:00,123.49,239.1575,10.61797569796119
2025-06-16 08:00:00,108.92,186.47,10.540226879871469
2025-06-16 09:00:00,84.49,126.89000000000001,10.602658145801605
2025-06-16 10:00:00,60.28,108.9225,10.61795279188749
2025-06-16 11:00:00,14.02,103.37,10.540242119253682
2025-06-16 12:00:00,1.62,103.6575,10.602667786873493
2025-06-16 13:00:00,0.07,102.1575,10.61792991265544
2025-06-16 14:00:00,0.0,105.1525,10.540257347205158
2025-06-16 15:00:00,0.0,110.285,10.602677409581501
2025-06-16 16:00:00,13.61,156.99,10.617907060216032
2025-06-16 17:00:00,70.0,249.6225,10.540272563739602
2025-06-16 18:00:00,89.24,310.72,10.602687013967552
2025-06-16 19:00:00,116.0,356.3775,10.617884234520398
2025-06-16 20:00:00,186.1,380.725,10.540287768870705
2025-06-16 21:00:00,190.0,389.90500000000003,10.60269660007344
2025-06-16 22:00:00,129.18,395.16999999999996,10.617861435519773
2025-06-16 23:00:00,106.9,396.3825,10.540302962612136
2025-06-17 00:00:00,103.98,409.34,10.60270616794083
2025-06-17 01:00:00,98.26,425.26,10.617838663165529
2025-06-17 02:00:00,94.95,427.3875,10.540318144977531
2025-06-17 03:00:00,94.19,426.685,10.602715717611288
2025-06-17 04:00:00,95.24,412.40749999999997,10.61781591740915
2025-06-17 05:00:00,102.51,371.695,10.540333315980524
2025-06-17 06:00:00,118.76,326.5175,10.602725249126236
2025-06-17 07:00:00,107.01,253.6275,10.617793198202248
2025-06-17 08:00:00,98.59,148.87,10.540348475634717
2025-06-17 09:00:00,70.74,108.945,10.602734762526989
2025-06-17 10:00:00,4.34,104.4325,10.61777050549656
2025-06-17 11:00:00,-0.61,101.725,10.540363623953693
2025-06-17 12:00:00,-0.86,102.11,10.602744257854738
2025-06-17 13:00:00,-4.91,104.9125,10.617747839243934
2025-06-17 14:00:00,-6.2,107.66499999999999,10.540378760951013
2025-06-17 15:00:00,-2.56,120.22,10.602753735150555
2025-06-17 16:00:00,8.65,179.35500000000002,10.617725199396336
2025-06-17 17:00:00,79.23,297.85,10.540393886640222
2025-06-17 18:00:00,103.36,358.28999999999996,10.602763194455399
2025-06-17 19:00:00,129.08,397.195,10.61770258590586
2025-06-17 20:00:00,241.8,415.71,10.54040900103484
2025-06-17 21:00:00,241.38,426.96500000000003,10.602772635810101
2025-06-17 22:00:00,138.19,433.185,10.617679998724718
2025-06-17 23:00:00,116.36,425.59749999999997,10.540424104148373
2025-06-18 00:00:00,113.0,426.895,10.602782059255375
2025-06-18 01:00:00,106.8,432.10749999999996,10.61765743780524
2025-06-18 02:00:00,101.5,431.275,10.540439195994297
2025-06-18 03:00:00,95.84,426.96,10.602791464831826
2025-06-18 04:00:00,97.01,413.555,10.617634903099876
2025-06-18 05:00:00,103.57,374.6625,10.540454276586075
2025-06-18 06:00:00,112.35,343.865,10.602800852579934
2025-06-18 07:00:00,114.9,282.725,10.617612394561197
2025-06-18 08:00:00,111.39,200.1025,10.540469345937145
2025-06-18 09:00:00,78.97,132.39000000000001,10.602810222540063
2025-06-18 10:00:00,21.77,113.325,10.617589912141879
2025-06-18 11:00:00,1.17,105.495,10.540484404060928
2025-06-18 12:00:00,-0.23,105.89,10.602819574752456
2025-06-18 13:00:00,-1.04,102.955,10.61756745579473
2025-06-18 14:00:00,-2.3,105.0675,10.540499450970824
2025-06-18 15:00:00,-2.17,124.2175,10.602828909257257
2025-06-18 16:00:00,0.99,177.5675,10.617545025472673
2025-06-18 17:00:00,74.0,254.0325,10.540514486680205
2025-06-18 18:00:00,107.15,319.1025,10.602838226094477
2025-06-18 19:00:00,116.4,354.87,10.61752262112874
2025-06-18 20:00:00,140.99,372.5375,10.540529511202436
2025-06-18 21:00:00,175.32,384.31,10.602847525304016
2025-06-18 22:00:00,133.06,389.83500000000004,10.61750024271609
2025-06-18 23:00:00,115.35,376.7525,10.540544524550851
2025-06-19 00:00:00,112.2,357.77,10.602856806925665
2025-06-19 01:00:00,106.4,338.0725,10.617477890187988
2025-06-19 02:00:00,105.29,329.545,10.540559526738772
2025-06-19 03:00:00,99.51,325.6775,10.602866070999092
2025-06-19 04:00:00,100.94,304.2275,10.61745556349782
2025-06-19 05:00:00,95.68,263.3325,10.540574517779495
2025-06-19 06:00:00,101.51,200.255,10.602875317563859
2025-06-19 07:00:00,89.25,131.76749999999998,10.61743326259909
2025-06-19 08:00:00,71.25,93.7275,10.540589497686295
2025-06-19 09:00:00,0.86,82.23,10.602884546659414
2025-06-19 10:00:00,-1.33,74.66250000000001,10.617410987445414
2025-06-19 11:00:00,-29.98,72.21,10.54060446647243
2025-06-19 12:00:00,-52.21,73.1575,10.602893758325083
2025-06-19 13:00:00,-65.44,74.91499999999999,10.61738873799052
2025-06-19 14:00:00,-64.95,74.465,10.540619424151135
2025-06-19 15:00:00,-39.79,79.6425,10.602902952600088
2025-06-19 16:00:00,-4.95,84.57,10.617366514188252
2025-06-19 17:00:00,2.3,135.6775,10.540634370735635
2025-06-19 18:00:00,80.33,219.655,10.602912129523535
2025-06-19 19:00:00,118.47,266.155,10.61734431599257
2025-06-19 20:00:00,138.85,288.245,10.540649306239121
2025-06-19 21:00:00,141.8,287.95,10.60292128913442
2025-06-19 22:00:00,129.66,285.13,10.61732214335755
2025-06-19 23:00:00,108.89,283.2075,10.54066423067477
2025-06-20 00:00:00,109.49,282.37,10.602930431471622
2025-06-20 01:00:00,104.57,298.96999999999997,10.617299996237373
2025-06-20 02:00:00,103.24,307.185,10.540679144055733
2025-06-20 03:00:00,105.01,311.21000000000004,10.602939556573919
2025-06-20 04:00:00,104.27,304.265,10.61727787458634
2025-06-20 05:00:00,109.04,286.095,10.540694046395155
2025-06-20 06:00:00,120.9,261.36,10.60294866447997
2025-06-20 07:00:00,118.66,203.445,10.617255778358864
2025-06-20 08:00:00,110.98,132.305,10.540708937706151
2025-06-20 09:00:00,81.69,90.255,10.60295775522832
2025-06-20 10:00:00,15.83,78.1225,10.617233707509467
2025-06-20 11:00:00,4.03,71.4025,10.540723818001817
2025-06-20 12:00:00,0.0,71.47749999999999,10.602966828857419
2025-06-20 13:00:00,-1.0,71.2875,10.617211661992778
2025-06-20 14:00:00,-0.17,75.5,10.540738687295228
2025-06-20 15:00:00,0.91,92.96,10.60297588540559
2025-06-20 16:00:00,28.99,166.9425,10.617189641763556
2025-06-20 17:00:00,87.35,250.61,10.54075354559944
2025-06-20 18:00:00,111.01,310.3825,10.60298492491106
2025-06-20 19:00:00,136.13,340.0175,10.617167646776648
2025-06-20 20:00:00,201.29,356.2225,10.540768392927495
2025-06-20 21:00:00,178.63,362.295,10.602993947411944
2025-06-20 22:00:00,137.05,385.5475,10.617145676987027
2025-06-20 23:00:00,121.38,388.2775,10.540783229292407
2025-06-21 00:00:00,118.52,384.655,10.60300295294624
2025-06-21 01:00:00,110.48,377.815,10.617123732349771
2025-06-21 02:00:00,108.15,365.1675,10.540798054707174
2025-06-21 03:00:00,106.76,375.0125,10.60301194155185
2025-06-21 04:00:00,109.1,355.8025,10.617101812820072
2025-06-21 05:00:00,104.45,310.675,10.540812869184771
2025-06-21 06:00:00,100.71,222.73499999999999,10.603020913266556
2025-06-21 07:00:00,90.74,131.7525,10.617079918353223
2025-06-21 08:00:00,75.93,109.16,10.540827672738162
2025-06-21 09:00:00,23.4,85.9675,10.603029868128047
2025-06-21 10:00:00,0.19,77.8825,10.617058048904637
2025-06-21 11:00:00,-2.01,77.065,10.54084246538028
2025-06-21 12:00:00,-13.96,75.495,10.60303880617389
2025-06-21 13:00:00,-29.98,74.9225,10.617036204429828
2025-06-21 14:00:00,-26.31,76.8225,10.540857247124046
2025-06-21 15:00:00,-4.42,86.89,10.603047727441558
2025-06-21 16:00:00,0.09,117.4375,10.617014384884424
2025-06-21 17:00:00,59.99,206.73000000000002,10.540872017982357
2025-06-21 18:00:00,100.95,297.6625,10.603056631968418
2025-06-21 19:00:00,127.9,326.87,10.61699259022416
2025-06-21 20:00:00,156.74,344.5975,10.540886777968097
2025-06-21 21:00:00,165.3,347.0525,10.603065519791711
2025-06-21 22:00:00,140.78,347.5475,10.616970820404875
2025-06-21 23:00:00,119.2,337.125,10.540901527094121
2025-06-22 00:00:00,108.15,323.25,10.603074390948594
2025-06-22 01:00:00,101.07,296.305,10.616949075382523
2025-06-22 02:00:00,97.46,233.9075,10.540916265373268
2025-06-22 03:00:00,92.12,209.97,10.60308324547612
2025-06-22 04:00:00,89.69,177.2325,10.616927355113157
2025-06-22 05:00:00,87.95,146.395,10.540930992818362
2025-06-22 06:00:00,71.98,115.6225,10.603092083411218
2025-06-22 07:00:00,26.44,100.91499999999999,10.616905659552947
2025-06-22 08:00:00,0.0,92.35499999999999,10.540945709442203
2025-06-22 09:00:00,-0.09,80.74,10.603100904790729
2025-06-22 10:00:00,-11.11,72.97749999999999,10.616883988658161
2025-06-22 11:00:00,-38.56,68.84,10.540960415257576
2025-06-22 12:00:00,-67.41,68.9175,10.603109709651386
2025-06-22 13:00:00,-99.01,70.6375,10.616862342385174
2025-06-22 14:00:00,-81.0,74.7325,10.540975110277241
2025-06-22 15:00:00,-40.09,87.4025,10.603118498029815
2025-06-22 16:00:00,-7.68,92.3375,10.616840720690474
2025-06-22 17:00:00,-0.01,110.6225,10.540989794513937
2025-06-22 18:00:00,69.75,178.5575,10.60312726996254
2025-06-22 19:00:00,109.33,201.71,10.616819123530648
2025-06-22 20:00:00,123.9,206.7225,10.541004467980395
2025-06-22 21:00:00,134.33,208.655,10.603136025485988
2025-06-22 22:00:00,126.32,202.54000000000002,10.616797550862389
2025-06-22 23:00:00,101.63,176.9425,10.541019130689312
2025-06-23 00:00:00,70.3,149.73000000000002,10.603144764636477
2025-06-23 01:00:00,63.8,151.79,10.616776002642501
2025-06-23 02:00:00,63.79,136.315,10.541033782653384
2025-06-23 03:00:00,64.51,134.39249999999998,10.603153487450218
2025-06-23 04:00:00,72.5,135.52,10.616754478827884
2025-06-23 05:00:00,84.92,167.8175,10.541048423885261
2025-06-23 06:00:00,89.12,160.26500000000001,10.603162193963332
2025-06-23 07:00:00,92.24,123.58,10.616732979375548
2025-06-23 08:00:00,78.96,89.43,10.5410630543976
2025-06-23 09:00:00,18.64,77.64750000000001,10.603170884211833
2025-06-23 10:00:00,-0.01,73.86500000000001,10.616711504242605
2025-06-23 11:00:00,-6.11,71.98750000000001,10.541077674203025
2025-06-23 12:00:00,-12.76,74.6525,10.603179558231632
2025-06-23 13:00:00,-26.45,79.6425,10.616690053386277
2025-06-23 14:00:00,-32.75,86.4875,10.541092283314146
2025-06-23 15:00:00,-32.69,93.18,10.603188216058546
2025-06-23 16:00:00,-25.0,99.025,10.616668626763877
2025-06-23 17:00:00,-13.11,120.5225,10.541106881743547
2025-06-23 18:00:00,-1.01,151.5325,10.603196857728278
2025-06-23 19:00:00,20.0,176.37,10.61664722433283
2025-06-23 20:00:00,83.5,215.9075,10.541121469503803
2025-06-23 21:00:00,90.0,226.79,10.603205483276446
2025-06-23 22:00:00,97.78,226.1725,10.616625846050663
2025-06-23 23:00:00,89.53,208.9925,10.541136046607466
2025-06-24 00:00:00,77.08,179.1875,10.603214092738558
2025-06-24 01:00:00,66.79,165.56,10.616604491875009
2025-06-24 02:00:00,63.79,157.975,10.54115061306706
2025-06-24 03:00:00,58.12,152.275,10.603222686150026
2025-06-24 04:00:00,66.52,155.0375,10.616583161763588
2025-06-24 05:00:00,69.75,167.07999999999998,10.541165168895104
2025-06-24 06:00:00,88.15,172.48,10.603231263546165
2025-06-24 07:00:00,88.02,147.96,10.616561855674242
2025-06-24 08:00:00,41.27,100.57,10.541179714104087
2025-06-24 09:00:00,-0.01,80.895,10.603239824962191
2025-06-24 10:00:00,-4.01,73.27,10.616540573564897
2025-06-24 11:00:00,-12.41,67.4125,10.541194248706487
2025-06-24 12:00:00,-20.09,67.3775,10.603248370433217
2025-06-24 13:00:00,-22.75,71.66,10.616519315393596
2025-06-24 14:00:00,-19.27,80.72,10.54120877271476
2025-06-24 15:00:00,-7.56,85.6325,10.603256899994257
2025-06-24 16:00:00,-3.06,96.83,10.616498081118467
2025-06-24 17:00:00,2.09,146.07,10.541223286141339
2025-06-24 18:00:00,61.77,205.075,10.603265413680239
2025-06-24 19:00:00,97.25,239.4125,10.616476870697756
2025-06-24 20:00:00,123.9,254.78500000000003,10.541237788998645
2025-06-24 21:00:00,122.49,251.5725,10.60327391152598
2025-06-24 22:00:00,97.41,245.38,10.616455684089798
2025-06-24 23:00:00,98.02,238.82,10.541252281299073
2025-06-25 00:00:00,78.85,236.4925,10.60328239356621
2025-06-25 01:00:00,67.63,241.0825,10.616434521253018
2025-06-25 02:00:00,70.02,235.54250000000002,10.54126676305501
2025-06-25 03:00:00,69.07,236.4775,10.603290859835553
2025-06-25 04:00:00,70.01,230.1125,10.61641338214597
2025-06-25 05:00:00,82.77,214.225,10.541281234278813
2025-06-25 06:00:00,105.72,193.2775,10.603299310368547
2025-06-25 07:00:00,112.36,182.1675,10.616392266727278
2025-06-25 08:00:00,97.87,146.39000000000001,10.541295694982825
2025-06-25 09:00:00,70.02,123.2975,10.603307745199626
2025-06-25 10:00:00,10.07,103.9975,10.616371174955681
2025-06-25 11:00:00,0.07,97.02250000000001,10.541310145179368
2025-06-25 12:00:00,-0.02,94.6025,10.603316164363127
2025-06-25 13:00:00,-0.14,107.96000000000001,10.616350106790016
2025-06-25 14:00:00,-0.51,133.3525,10.541324584880744
2025-06-25 15:00:00,0.0,174.9875,10.603324567893303
2025-06-25 16:00:00,17.84,212.26,10.616329062189207
2025-06-25 17:00:00,84.47,271.96,10.54133901409925
2025-06-25 18:00:00,105.8,332.3775,10.603332955824301
2025-06-25 19:00:00,134.19,383.5775,10.616308041112292
2025-06-25 20:00:00,200.0,420.9975,10.541353432847146
2025-06-25 21:00:00,247.02,437.3175,10.603341328190176
2025-06-25 22:00:00,173.62,445.21500000000003,10.616287043518398
2025-06-25 23:00:00,126.84,437.45500000000004,10.541367841136681
2025-06-26 00:00:00,119.95,430.3075,10.603349685024888
2025-06-26 01:00:00,107.63,424.9325,10.61626606936675
2025-06-26 02:00:00,102.83,401.98749999999995,10.54138223898009
2025-06-26 03:00:00,98.62,392.165,10.603358026362306
2025-06-26 04:00:00,98.79,380.2275,10.616245118616671
2025-06-26 05:00:00,102.91,343.77250000000004,10.541396626389577
2025-06-26 06:00:00,119.9,321.2075,10.6033663522362
2025-06-26 07:00:00,120.91,302.7975,10.616224191227579
2025-06-26 08:00:00,106.79,257.955,10.541411003377348
2025-06-26 09:00:00,96.45,208.0875,10.603374662680256
2025-06-26 10:00:00,88.95,173.245,10.616203287158994
2025-06-26 11:00:00,77.88,132.195,10.54142536995557
2025-06-26 12:00:00,70.25,111.06,10.603382957728053
2025-06-26 13:00:00,59.25,114.545,10.61618240637053
2025-06-26 14:00:00,51.12,107.1225,10.5414397261364
2025-06-26 15:00:00,48.99,115.5175,10.603391237413092
2025-06-26 16:00:00,63.04,134.4825,10.616161548821896
2025-06-26 17:00:00,70.3,161.8525,10.541454071931973
2025-06-26 18:00:00,89.23,183.8025,10.603399501768767
2025-06-26 19:00:00,93.95,212.0275,10.616140714472897
2025-06-26 20:00:00,99.14,232.515,10.541468407354417
2025-06-26 21:00:00,100.0,239.5375,10.603407750828392
2025-06-26 22:00:00,108.64,227.4325,10.616119903283428
2025-06-26 23:00:00,97.23,237.1575,10.541482732415826
2025-06-27 00:00:00,84.5,239.08,10.603415984625181
2025-06-27 01:00:00,78.83,239.3475,10.616099115213492
2025-06-27 02:00:00,75.67,247.9725,10.541497047128283
2025-06-27 03:00:00,80.41,250.425,10.603424203192267
2025-06-27 04:00:00,82.39,260.47749999999996,10.616078350223177
2025-06-27 05:00:00,88.9,252.98250000000002,10.541511351503853
2025-06-27 06:00:00,105.58,245.625,10.603432406562677
2025-06-27 07:00:00,113.2,234.6125,10.616057608272671
2025-06-27 08:00:00,107.7,213.04250000000002,10.541525645554591
2025-06-27 09:00:00,90.94,189.60500000000002,10.603440594769355
2025-06-27 10:00:00,79.12,178.35750000000002,10.61603688932225
2025-06-27 11:00:00,67.45,169.025,10.541539929292512
2025-06-27 12:00:00,54.53,157.3825,10.60344876784516
2025-06-27 13:00:00,28.3,163.9025,10.61601619333229
2025-06-27 14:00:00,7.87,159.9625,10.54155420272963
2025-06-27 15:00:00,9.88,146.195,10.603456925822847
2025-06-27 16:00:00,29.92,160.9225,10.61599552026326
2025-06-27 17:00:00,70.68,218.19,10.54156846587794
2025-06-27 18:00:00,91.73,267.02,10.603465068735092
2025-06-27 19:00:00,107.15,298.8175,10.615974870075718
2025-06-27 20:00:00,124.86,318.265,10.541582718749417
2025-06-27 21:00:00,134.94,324.985,10.603473196614475
2025-06-27 22:00:00,126.24,306.1325,10.615954242730322
2025-06-27 23:00:00,107.7,266.43,10.541596961356014
2025-06-28 00:00:00,94.7,235.635,10.603481309493493
2025-06-28 01:00:00,89.61,219.325,10.615933638187812
2025-06-28 02:00:00,82.02,206.4175,10.541611193709667
2025-06-28 03:00:00,76.59,202.7375,10.603489407404544
2025-06-28 04:00:00,70.27,184.5,10.615913056409042
2025-06-28 05:00:00,75.4,166.2275,10.54162541582229
2025-06-28 06:00:00,74.0,142.585,10.60349749037995
2025-06-28 07:00:00,58.84,101.29,10.615892497354928
2025-06-28 08:00:00,27.8,79.3825,10.54163962770579
2025-06-28 09:00:00,2.34,71.8875,10.603505558451939
2025-06-28 10:00:00,0.01,71.7075,10.615871960986507
2025-06-28 11:00:00,-0.04,68.1975,10.541653829372052
2025-06-28 12:00:00,-1.0,69.11500000000001,10.603513611652643
2025-06-28 13:00:00,-2.01,71.045,10.615851447264886
2025-06-28 14:00:00,-3.09,73.845,10.541668020832939
2025-06-28 15:00:00,-1.01,77.9675,10.603521650014118
2025-06-28 16:00:00,-1.0,81.7875,10.61583095615128
2025-06-28 17:00:00,2.97,100.1,10.541682202100295
2025-06-28 18:00:00,62.73,155.1725,10.603529673568323
2025-06-28 19:00:00,95.03,195.915,10.615810487606984
2025-06-28 20:00:00,108.99,216.065,10.54169637318595
2025-06-28 21:00:00,123.86,221.4,10.603537682347135
2025-06-28 22:00:00,119.84,219.905,10.615790041593394
2025-06-28 23:00:00,103.5,207.54000000000002,10.541710534101721
2025-06-29 00:00:00,95.07,203.9875,10.603545676382344
2025-06-29 01:00:00,89.42,198.6525,10.615769618071985
2025-06-29 02:00:00,89.66,190.8475,10.541724684859393
2025-06-29 03:00:00,86.82,198.6575,10.603553655705648
2025-06-29 04:00:00,85.31,197.7125,10.615749217004332
2025-06-29 05:00:00,85.3,176.6375,10.541738825470743
2025-06-29 06:00:00,86.39,156.2475,10.603561620348671
2025-06-29 07:00:00,74.92,117.38,10.61572883835209
2025-06-29 08:00:00,47.52,103.00999999999999,10.541752955947532
2025-06-29 09:00:00,1.99,83.6925,10.603569570342936
2025-06-29 10:00:00,0.0,76.58250000000001,10.615708482077018
2025-06-29 11:00:00,-0.26,74.35,10.5417670763015
2025-06-29 12:00:00,-5.4,72.3675,10.603577505719887
2025-06-29 13:00:00,-20.1,73.15,10.615688148140958
2025-06-29 14:00:00,-24.01,74.5075,10.541781186544364
2025-06-29 15:00:00,-15.45,84.16,10.603585426510879
2025-06-29 16:00:00,-2.69,92.3575,10.61566783650583
2025-06-29 17:00:00,0.01,138.3,10.541795286687835
2025-06-29 18:00:00,77.44,224.44,10.60359333274719
2025-06-29 19:00:00,102.14,295.9675,10.615647547133666
2025-06-29 20:00:00,111.98,322.32,10.541809376743593
2025-06-29 21:00:00,118.07,328.935,10.603601224460006
2025-06-29 22:00:00,113.73,328.7,10.615627279986564
2025-06-29 23:00:00,101.0,337.46500000000003,10.541823456723312
2025-06-30 00:00:00,98.73,336.76,10.603609101680426
2025-06-30 01:00:00,89.03,339.005,10.615607035026729
2025-06-30 02:00:00,85.03,342.7125,10.541837526638643
2025-06-30 03:00:00,84.13,345.3725,10.603616964439475
2025-06-30 04:00:00,86.51,347.1525,10.615586812216444
2025-06-30 05:00:00,97.41,314.945,10.541851586501215
2025-06-30 06:00:00,114.9,288.9975,10.603624812768082
2025-06-30 07:00:00,111.7,251.5775,10.615566611518078
2025-06-30 08:00:00,108.52,201.2575,10.541865636322648
2025-06-30 09:00:00,91.77,166.8075,10.603632646697104
2025-06-30 10:00:00,74.65,152.07500000000002,10.615546432894094
2025-06-30 11:00:00,43.73,136.95,10.54187967611454
2025-06-30 12:00:00,19.05,137.0125,10.603640466257295
2025-06-30 13:00:00,9.96,146.54250000000002,10.615526276307047
2025-06-30 14:00:00,19.65,148.5625,10.541893705888471
2025-06-30 15:00:00,60.0,182.4475,10.60364827147935
2025-06-30 16:00:00,80.5,247.0425,10.615506141719568
2025-06-30 17:00:00,91.98,321.8725,10.541907725656003
2025-06-30 18:00:00,110.01,364.135,10.603656062393863
2025-06-30 19:00:00,178.94,390.5175,10.615486029094377
2025-06-30 20:00:00,288.97,398.6825,10.541921735428684
2025-06-30 21:00:00,233.35,399.975,10.603663839031357
2025-06-30 22:00:00,157.0,399.5875,10.615465938394292
2025-06-30 23:00:00,122.65,386.25,10.54193573521804
2025-07-01 00:00:00,111.28,365.3825,10.603671601422263
2025-07-01 01:00:00,95.29,360.87,10.615445869582201
2025-07-01 02:00:00,89.1,345.3,10.541949725035586
2025-07-01 03:00:00,88.08,344.9375,10.603679349596934
2025-07-01 04:00:00,90.01,349.0675,10.615425822621093
2025-07-01 05:00:00,96.5,334.3625,10.541963704892812
2025-07-01 06:00:00,114.97,318.03499999999997,10.603687083585644
2025-07-01 07:00:00,120.11,296.5075,10.615405797474034
2025-07-01 08:00:00,114.72,237.26749999999998,10.541977674801196
2025-07-01 09:00:00,91.19,192.875,10.60369480341858
2025-07-01 10:00:00,84.31,169.68,10.615385794104174
2025-07-01 11:00:00,69.56,161.7725,10.541991634772199
2025-07-01 12:00:00,44.54,166.9675,10.603702509125847
2025-07-01 13:00:00,42.47,178.52,10.615365812474757
2025-07-01 14:00:00,57.65,189.3875,10.542005584817261
2025-07-01 15:00:00,78.14,221.32,10.603710200737478
2025-07-01 16:00:00,90.8,270.89750000000004,10.615345852549103
2025-07-01 17:00:00,102.02,329.765,10.542019524947802
2025-07-01 18:00:00,152.08,364.3775,10.603717878283414
2025-07-01 19:00:00,307.27,388.4625,10.615325914290631
2025-07-01 20:00:00,476.19,400.0,10.542033455175234
2025-07-01 21:00:00,406.81,397.6875,10.60372554179352
2025-07-01 22:00:00,250.01,390.5475,10.61530599766283
2025-07-01 23:00:00,147.65,377.0125,10.542047375510952
2025-07-02 00:00:00,119.29,350.7975,10.603733191297579
2025-07-02 01:00:00,102.7,338.0925,10.615286102629275
2025-07-02 02:00:00,92.54,338.725,10.542061285966318
2025-07-02 03:00:00,92.08,336.5025,10.603740826825307
2025-07-02 04:00:00,91.71,339.47,10.615266229153638
2025-07-02 05:00:00,100.55,326.515,10.542075186552694
2025-07-02 06:00:00,116.43,302.4925,10.603748448406318
2025-07-02 07:00:00,110.42,276.40250000000003,10.61524637719966
2025-07-02 08:00:00,104.52,235.94,10.542089077281416
2025-07-02 09:00:00,92.62,192.79,10.603756056070159
2025-07-02 10:00:00,81.06,165.91750000000002,10.615226546731174
2025-07-02 11:00:00,69.93,163.575,10.542102958163804
2025-07-02 12:00:00,36.12,162.2425,10.603763649846302
2025-07-02 13:00:00,32.59,166.0625,10.615206737712095
2025-07-02 14:00:00,46.61,181.475,10.542116829211166
2025-07-02 15:00:00,71.49,202.2225,10.603771229764126
2025-07-02 16:00:00,79.6,243.4025,10.615186950106416
2025-07-02 17:00:00,89.27,289.4075,10.542130690434789
2025-07-02 18:00:00,113.99,312.25,10.603778795852946
2025-07-02 19:00:00,186.01,324.065,10.615167183878222
2025-07-02 20:00:00,240.07,337.5075,10.542144541845936
2025-07-02 21:00:00,180.21,336.2075,10.603786348141995
2025-07-02 22:00:00,134.93,302.185,10.615147438991677
2025-07-02 23:00:00,108.5,272.9325,10.542158383455867
2025-07-03 00:00:00,83.49,264.0625,10.603793886660412
2025-07-03 01:00:00,81.15,281.7625,10.615127715411026
2025-07-03 02:00:00,79.0,286.9925,10.54217221527582
2025-07-03 03:00:00,78.93,285.525,10.603801411437283
2025-07-03 04:00:00,80.88,271.6,10.615108013100595
2025-07-03 05:00:00,86.45,241.085,10.542186037317002
2025-07-03 06:00:00,104.92,224.14,10.6038089225016
2025-07-03 07:00:00,108.03,195.7525,10.615088332024794
2025-07-03 08:00:00,104.9,177.7675,10.54219984959063
2025-07-03 09:00:00,90.45,170.14249999999998,10.603816419882278
2025-07-03 10:00:00,75.06,163.5775,10.615068672148116
2025-07-03 11:00:00,57.35,164.855,10.542213652107886
2025-07-03 12:00:00,42.16,160.1975,10.603823903608163
2025-07-03 13:00:00,33.91,144.48000000000002,10.615049033435138
2025-07-03 14:00:00,24.72,142.175,10.542227444879932
2025-07-03 15:00:00,37.86,146.29250000000002,10.603831373708019
2025-07-03 16:00:00,58.57,169.51,10.61502941585051
2025-07-03 17:00:00,81.0,232.5625,10.542241227917929
2025-07-03 18:00:00,95.19,308.0075,10.60383883021053
2025-07-03 19:00:00,107.2,362.6675,10.615009819358969
2025-07-03 20:00:00,146.96,390.35,10.542255001233002
2025-07-03 21:00:00,166.67,400.65250000000003,10.60384627314431
2025-07-03 22:00:00,133.3,415.3425,10.614990243925334
2025-07-03 23:00:00,117.03,423.89,10.542268764836276
2025-07-04 00:00:00,111.01,426.60249999999996,10.603853702537894
2025-07-04 01:00:00,105.45,434.3725,10.614970689514497
2025-07-04 02:00:00,101.31,433.0875,10.542282518738848
2025-07-04 03:00:00,98.44,432.67,10.603861118419745
2025-07-04 04:00:00,103.2,425.53249999999997,10.614951156091434
2025-07-04 05:00:00,106.63,385.7875,10.542296262951808
2025-07-04 06:00:00,122.38,355.6325,10.60386852081824
2025-07-04 07:00:00,116.46,305.0825,10.61493164362121
2025-07-04 08:00:00,100.0,207.205,10.542309997486221
2025-07-04 09:00:00,91.15,136.98000000000002,10.603875909761689
2025-07-04 10:00:00,70.01,109.4275,10.614912152068959
2025-07-04 11:00:00,6.69,103.35,10.542323722353137
2025-07-04 12:00:00,-0.05,100.4525,10.603883285278327
2025-07-04 13:00:00,-1.56,99.71,10.614892681399898
2025-07-04 14:00:00,-1.37,100.045,10.542337437563594
2025-07-04 15:00:00,-0.61,111.9875,10.60389064739631
2025-07-04 16:00:00,2.39,146.0375,10.614873231579326
2025-07-04 17:00:00,62.04,232.9625,10.542351143128608
2025-07-04 18:00:00,88.68,304.9975,10.603897996143722
2025-07-04 19:00:00,110.0,347.72749999999996,10.614853802572615
2025-07-04 20:00:00,130.74,362.76750000000004,10.542364839059182
2025-07-04 21:00:00,150.1,365.2825,10.603905331548567
2025-07-04 22:00:00,129.68,359.07,10.614834394345218
2025-07-04 23:00:00,107.99,337.1225,10.542378525366297
2025-07-05 00:00:00,104.2,317.46500000000003,10.603912653638787
2025-07-05 01:00:00,94.98,302.84000000000003,10.614815006862676
2025-07-05 02:00:00,96.5,287.635,10.542392202060926
2025-07-05 03:00:00,93.4,271.6475,10.603919962442239
2025-07-05 04:00:00,94.5,237.515,10.61479564009059
2025-07-05 05:00:00,83.49,197.7625,10.542405869154022
2025-07-05 06:00:00,84.47,156.1525,10.603927257986708
2025-07-05 07:00:00,43.77,133.9775,10.614776293994659
2025-07-05 08:00:00,17.86,108.795,10.542419526656513
2025-07-05 09:00:00,3.34,92.955,10.603934540299912
2025-07-05 10:00:00,0.0,83.0975,10.614756968540648
2025-07-05 11:00:00,-0.08,80.81,10.542433174579328
2025-07-05 12:00:00,-1.01,81.1275,10.603941809409486
2025-07-05 13:00:00,-2.05,80.7525,10.614737663694404
2025-07-05 14:00:00,-2.11,84.6725,10.542446812933363
2025-07-05 15:00:00,-2.01,95.0825,10.603949065342997
2025-07-05 16:00:00,-2.26,100.685,10.61471837942185
2025-07-05 17:00:00,0.0,132.82750000000001,10.542460441729506
2025-07-05 18:00:00,41.25,172.56,10.603956308127941
2025-07-05 19:00:00,85.0,217.8975,10.614699115688985
2025-07-05 20:00:00,111.01,235.7275,10.542474060978627
2025-07-05 21:00:00,122.96,245.73000000000002,10.603963537791742
2025-07-05 22:00:00,117.14,262.21,10.614679872461892
2025-07-05 23:00:00,108.21,248.6825,10.542487670691582
2025-07-06 00:00:00,95.15,224.95999999999998,10.603970754361741
2025-07-06 01:00:00,89.5,217.01999999999998,10.614660649706718
2025-07-06 02:00:00,85.94,220.0625,10.542501270879207
2025-07-06 03:00:00,83.95,218.0825,10.603977957865222
2025-07-06 04:00:00,82.6,220.22750000000002,10.614641447389703
2025-07-06 05:00:00,82.0,209.85750000000002,10.542514861552318
2025-07-06 06:00:00,78.46,174.9375,10.603985148329391
2025-07-06 07:00:00,77.57,150.1975,10.614622265477147
2025-07-06 08:00:00,70.57,122.64750000000001,10.542528442721723
2025-07-06 09:00:00,38.81,101.85249999999999,10.603992325781379
2025-07-06 10:00:00,19.21,99.88,10.614603103935444
2025-07-06 11:00:00,13.19,100.0325,10.54254201439821
2025-07-06 12:00:00,10.26,98.8525,10.603999490248244
2025-07-06 13:00:00,5.85,121.115,10.61458396273105
2025-07-06 14:00:00,11.2,135.735,10.542555576592557
2025-07-06 15:00:00,50.57,155.275,10.604006641756989
2025-07-06 16:00:00,70.77,214.83249999999998,10.614564841830495
2025-07-06 17:00:00,100.29,280.805,10.542569129315513
2025-07-06 18:00:00,107.37,339.415,10.604013780334526
2025-07-06 19:00:00,112.16,363.2825,10.614545741200395
2025-07-06 20:00:00,120.32,386.2475,10.542582672577822
2025-07-06 21:00:00,125.04,403.32500000000005,10.604020906007703
2025-07-06 22:00:00,122.21,414.84749999999997,10.614526660807444
2025-07-06 23:00:00,110.78,423.32,10.542596206390208
2025-07-07 00:00:00,118.84,425.1025,10.604028018803298
2025-07-07 01:00:00,107.42,411.90749999999997,10.614507600618394
2025-07-07 02:00:00,101.92,401.395,10.542609730763374
2025-07-07 03:00:00,99.12,402.0375,10.604035118748026
2025-07-07 04:00:00,101.0,403.8075,10.614488560600083
2025-07-07 05:00:00,108.22,386.36,10.542623245708018
2025-07-07 06:00:00,134.2,360.7925,10.604042205868527
2025-07-07 07:00:00,143.67,330.60749999999996,10.614469540719432
2025-07-07 08:00:00,152.29,305.73249999999996,10.542636751234815
2025-07-07 09:00:00,131.99,262.9,10.604049280191365
2025-07-07 10:00:00,108.64,218.815,10.614450540943418
2025-07-07 11:00:00,108.98,181.63,10.542650247354421
2025-07-07 12:00:00,90.24,160.795,10.60405634174304
2025-07-07 13:00:00,71.0,151.3775,10.614431561239105
2025-07-07 14:00:00,53.02,153.79,10.542663734077486
2025-07-07 15:00:00,50.67,168.69,10.604063390549982
2025-07-07 16:00:00,52.51,198.01,10.614412601573632
2025-07-07 17:00:00,72.3,238.025,10.542677211414627
2025-07-07 18:00:00,87.95,272.7675,10.604070426638547
2025-07-07 19:00:00,92.27,297.62,10.6143936619142
2025-07-07 20:00:00,97.28,323.9025,10.542690679376465
2025-07-07 21:00:00,109.92,339.945,10.604077450035039
2025-07-07 22:00:00,110.09,335.1625,10.614374742228097
2025-07-07 23:00:00,95.82,311.72,10.542704137973598
2025-07-08 00:00:00,103.83,295.425,10.604084460765671
2025-07-08 01:00:00,92.9,286.7375,10.614355842482679
2025-07-08 02:00:00,86.13,279.5225,10.542717587216597
2025-07-08 03:00:00,84.78,286.51250000000005,10.604091458856605
2025-07-08 04:00:00,85.37,296.06,10.614336962645371
2025-07-08 05:00:00,91.14,310.52,10.542731027116032
2025-07-08 06:00:00,107.99,299.065,10.604098444333923
2025-07-08 07:00:00,118.65,280.745,10.614318102683676
2025-07-08 08:00:00,117.76,243.8425,10.542744457682451
2025-07-08 09:00:00,94.06,196.92249999999999,10.604105417223645
2025-07-08 10:00:00,81.78,176.9425,10.614299262565169
2025-07-08 11:00:00,78.44,161.5725,10.542757878926386
2025-07-08 12:00:00,60.15,157.315,10.60411237755172
2025-07-08 13:00:00,54.72,147.7225,10.614280442257499
2025-07-08 14:00:00,53.04,144.86249999999998,10.542771290858356
2025-07-08 15:00:00,54.65,145.44,10.604119325344037
2025-07-08 16:00:00,65.2,174.68,10.61426164172839
2025-07-08 17:00:00,79.98,231.3175,10.54278469348886
2025-07-08 18:00:00,83.92,280.10249999999996,10.604126260626408
2025-07-08 19:00:00,102.1,308.1925,10.614242860945621
2025-07-08 20:00:00,122.77,328.735,10.542798086828384
2025-07-08 21:00:00,123.34,335.2125,10.604133183424581
2025-07-08 22:00:00,116.65,344.4675,10.61422409987707
2025-07-08 23:00:00,100.95,347.775,10.542811470887399
2025-07-09 00:00:00,97.15,340.8025,10.60414009376424
2025-07-09 01:00:00,86.85,332.385,10.614205358490663
2025-07-09 02:00:00,83.86,340.8,10.542824845676355
2025-07-09 03:00:00,84.65,344.63750000000005,10.604146991670998
2025-07-09 04:00:00,85.1,345.72,10.614186636754415
2025-07-09 05:00:00,96.15,331.0025,10.542838211205698
2025-07-09 06:00:00,113.66,312.4125,10.604153877170408
2025-07-09 07:00:00,116.46,283.61,10.614167934636393
2025-07-09 08:00:00,113.59,229.3725,10.542851567485844
2025-07-09 09:00:00,95.66,192.5125,10.604160750287944
2025-07-09 10:00:00,84.68,169.57,10.61414925210476
2025-07-09 11:00:00,77.77,151.44,10.542864914527206
2025-07-09 12:00:00,65.67,146.43,10.604167611049032
2025-07-09 13:00:00,46.69,149.01,10.61413058912773
2025-07-09 14:00:00,37.78,151.105,10.542878252340168
2025-07-09 15:00:00,48.32,179.0725,10.604174459479017
2025-07-09 16:00:00,71.13,234.0225,10.614111945673598
2025-07-09 17:00:00,84.73,301.115,10.542891580935109
2025-07-09 18:00:00,99.01,355.5375,10.604181295603182
2025-07-09 19:00:00,115.98,384.8575,10.614093321710726
2025-07-09 20:00:00,135.34,404.7875,10.5429049003224
2025-07-09 21:00:00,138.24,411.03499999999997,10.604188119446755
2025-07-09 22:00:00,119.79,433.33000000000004,10.61407471720754
2025-07-09 23:00:00,104.9,439.0575,10.542918210512372
2025-07-10 00:00:00,100.91,452.2725,10.604194931034877
2025-07-10 01:00:00,95.73,460.5625,10.614056132132548
2025-07-10 02:00:00,89.1,464.2075,10.542931511515365
2025-07-10 03:00:00,86.45,456.4325,10.60420173039265
2025-07-10 04:00:00,87.97,443.635,10.614037566454327
2025-07-10 05:00:00,98.62,412.36,10.542944803341685
2025-07-10 06:00:00,107.61,369.225,10.604208517545088
2025-07-10 07:00:00,107.23,326.22749999999996,10.61401902014151
2025-07-10 08:00:00,105.35,259.615,10.54295808600164
2025-07-10 09:00:00,88.9,190.7975,10.604215292517155
2025-07-10 10:00:00,82.0,153.6775,10.614000493162816
2025-07-10 11:00:00,65.33,142.4625,10.542971359505506
2025-07-10 12:00:00,45.22,135.1925,10.604222055333747
2025-07-10 13:00:00,39.51,137.365,10.613981985487023
2025-07-10 14:00:00,39.55,142.46,10.542984623863555
2025-07-10 15:00:00,56.71,162.57,10.604228806019693
2025-07-10 16:00:00,76.8,231.305,10.61396349708299
2025-07-10 17:00:00,86.4,301.08,10.542997879086041
2025-07-10 18:00:00,100.2,349.595,10.604235544599756
2025-07-10 19:00:00,114.39,377.1025,10.613945027919616
2025-07-10 20:00:00,134.67,393.11,10.543011125183202
2025-07-10 21:00:00,132.7,410.8975,10.604242271098649
2025-07-10 22:00:00,120.88,432.27250000000004,10.613926577965916
2025-07-10 23:00:00,107.69,430.195,10.543024362165255
2025-07-11 00:00:00,104.75,435.8075,10.604248985541009
2025-07-11 01:00:00,99.57,447.5725,10.613908147190926
2025-07-11 02:00:00,95.0,444.14,10.543037590042411
2025-07-11 03:00:00,90.69,439.1825,10.604255687951404
2025-07-11 04:00:00,91.53,423.475,10.61388973556378
2025-07-11 05:00:00,99.4,384.71000000000004,10.543050808824866
2025-07-11 06:00:00,107.41,350.3575,10.604262378354353
2025-07-11 07:00:00,105.92,311.9125,10.61387134305367
2025-07-11 08:00:00,105.18,249.3825,10.543064018522788
2025-07-11 09:00:00,93.3,187.5725,10.604269056774307
2025-07-11 10:00:00,82.9,150.92000000000002,10.613852969629859
2025-07-11 11:00:00,73.15,119.52,10.543077219146346
2025-07-11 12:00:00,63.82,109.255,10.604275723235652
2025-07-11 13:00:00,42.16,104.92,10.613834615261675
2025-07-11 14:00:00,32.04,102.3375,10.543090410705682
2025-07-11 15:00:00,38.1,110.4925,10.60428237776271
2025-07-11 16:00:00,59.55,159.185,10.613816279918515
2025-07-11 17:00:00,83.15,214.39749999999998,10.543103593210931
2025-07-11 18:00:00,86.44,268.3725,10.604289020379746
2025-07-11 19:00:00,101.93,301.17,10.61379796356984
2025-07-11 20:00:00,117.5,322.865,10.54311676667221
2025-07-11 21:00:00,118.08,329.82,10.604295651110956
2025-07-11 22:00:00,113.8,337.255,10.61377966618519
2025-07-11 23:00:00,103.82,345.295,10.543129931099614
2025-07-12 00:00:00,112.23,342.735,10.604302269980483
2025-07-12 01:00:00,104.57,324.4475,10.61376138773416
2025-07-12 02:00:00,103.68,315.935,10.543143086503237
2025-07-12 03:00:00,97.4,306.8025,10.604308877012397
2025-07-12 04:00:00,93.33,299.12,10.613743128186414
2025-07-12 05:00:00,89.94,265.335,10.543156232893148
2025-07-12 06:00:00,85.27,226.8825,10.604315472230716
2025-07-12 07:00:00,87.98,170.31,10.613724887511683
2025-07-12 08:00:00,83.8,122.31,10.543169370279399
2025-07-12 09:00:00,59.86,97.05499999999999,10.604322055659393
2025-07-12 10:00:00,18.19,88.4975,10.613706665679771
2025-07-12 11:00:00,3.0,88.87,10.543182498672031
2025-07-12 12:00:00,0.22,90.1075,10.604328627322317
2025-07-12 13:00:00,0.0,92.8275,10.613688462660537
2025-07-12 14:00:00,0.0,97.25,10.543195618081082
2025-07-12 15:00:00,0.22,105.69,10.604335187243324
2025-07-12 16:00:00,19.73,143.34,10.61367027842391
2025-07-12 17:00:00,73.89,193.225,10.54320872851655
2025-07-12 18:00:00,106.2,246.73499999999999,10.604341735446182
2025-07-12 19:00:00,109.2,267.5425,10.613652112939898
2025-07-12 20:00:00,120.0,281.8,10.543221829988436
2025-07-12 21:00:00,125.02,291.025,10.604348271954594
2025-07-12 22:00:00,125.0,300.9975,10.613633966178558
2025-07-12 23:00:00,115.42,306.3925,10.543234922506727
2025-07-13 00:00:00,115.35,313.6475,10.604354796792213
2025-07-13 01:00:00,109.14,318.1275,10.613615838110023
2025-07-13 02:00:00,108.42,321.24,10.543248006081384
2025-07-13 03:00:00,107.35,324.695,10.604361309982632
2025-07-13 04:00:00,104.64,322.09000000000003,10.61359772870448
2025-07-13 05:00:00,100.85,293.1525,10.543261080722361
2025-07-13 06:00:00,95.8,252.3575,10.60436781154937
2025-07-13 07:00:00,92.18,216.255,10.613579637932189
2025-07-13 08:00:00,87.94,173.615,10.543274146439591
2025-07-13 09:00:00,57.62,136.365,10.604374301515904
2025-07-13 10:00:00,4.28,115.99000000000001,10.613561565763478
2025-07-13 11:00:00,0.05,105.97749999999999,10.543287203243004
2025-07-13 12:00:00,0.0,97.1025,10.604380779905638
2025-07-13 13:00:00,0.0,93.8725,10.613543512168732
2025-07-13 14:00:00,0.0,94.045,10.543300251142508
2025-07-13 15:00:00,0.0,111.515,10.60438724674192
2025-07-13 16:00:00,2.36,188.04,10.613525477118404
2025-07-13 17:00:00,73.4,288.71999999999997,10.543313290147987
2025-07-13 18:00:00,100.61,361.23,10.604393702048041
2025-07-13 19:00:00,113.74,410.3925,10.613507460583019
2025-07-13 20:00:00,120.0,433.3775,10.54332632026933
2025-07-13 21:00:00,127.7,442.5725,10.604400145847231
2025-07-13 22:00:00,126.94,457.91499999999996,10.613489462533153
2025-07-13 23:00:00,115.41,466.765,10.543339341516392
2025-07-14 00:00:00,114.02,471.34,10.604406578162667
2025-07-14 01:00:00,104.01,474.9225,10.613471482939458
2025-07-14 02:00:00,98.17,470.2975,10.543352353899026
2025-07-14 03:00:00,94.94,460.3775,10.604412999017455
2025-07-14 04:00:00,99.32,441.5475,10.613453521772637
2025-07-14 05:00:00,108.93,395.5875,10.543365357427069
2025-07-14 06:00:00,117.87,364.7425,10.604419408434651
2025-07-14 07:00:00,121.62,329.065,10.61343557900347
2025-07-14 08:00:00,112.06,287.875,10.543378352110338
2025-07-14 09:00:00,92.43,236.2375,10.604425806437254
2025-07-14 10:00:00,84.58,215.3,10.613417654602793
2025-07-14 11:00:00,79.67,208.1375,10.54339133795864
2025-07-14 12:00:00,70.98,189.3725,10.604432193048195
2025-07-14 13:00:00,64.17,177.2175,10.613399748541502
2025-07-14 14:00:00,57.15,164.4425,10.543404314981768
2025-07-14 15:00:00,55.82,189.1125,10.604438568290362
2025-07-14 16:00:00,71.1,252.03750000000002,10.613381860790577
2025-07-14 17:00:00,84.58,319.21000000000004,10.543417283189493
2025-07-14 18:00:00,98.94,355.42499999999995,10.604444932186567
2025-07-14 19:00:00,110.11,384.075,10.613363991321027
2025-07-14 20:00:00,139.99,402.8775,10.54343024259158
2025-07-14 21:00:00,141.57,416.62,10.604451284759584
2025-07-14 22:00:00,126.14,431.8875,10.613346140103953
2025-07-14 23:00:00,115.15,434.19,10.543443193197776
2025-07-15 00:00:00,106.1,436.2075,10.604457626032106
2025-07-15 01:00:00,103.06,436.5725,10.613328307110507
2025-07-15 02:00:00,93.86,431.185,10.543456135017816
2025-07-15 03:00:00,88.28,421.8525,10.604463956026798
2025-07-15 04:00:00,87.12,409.14250000000004,10.613310492311903
2025-07-15 05:00:00,93.0,374.95,10.543469068061416
2025-07-15 06:00:00,110.33,342.47249999999997,10.604470274766237
2025-07-15 07:00:00,113.41,312.5625,10.613292695679425
2025-07-15 08:00:00,106.86,253.32500000000002,10.543481992338279
2025-07-15 09:00:00,90.82,201.425,10.604476582272968
2025-07-15 10:00:00,77.67,166.1575,10.6132749171844
2025-07-15 11:00:00,65.0,124.5475,10.543494907858102
2025-07-15 12:00:00,59.19,117.565,10.604482878569465
2025-07-15 13:00:00,47.26,130.22,10.613257156798243
2025-07-15 14:00:00,40.2,135.3775,10.543507814630555
2025-07-15 15:00:00,42.57,151.04500000000002,10.604489163678148
2025-07-15 16:00:00,65.0,213.675,10.613239414492412
2025-07-15 17:00:00,84.87,287.3925,10.543520712665297
2025-07-15 18:00:00,101.54,340.2075,10.604495437621384
2025-07-15 19:00:00,108.15,374.045,10.613221690238435
2025-07-15 20:00:00,119.78,391.1275,10.543533601971982
2025-07-15 21:00:00,141.99,410.125,10.604501700421478
2025-07-15 22:00:00,121.28,414.175,10.6132039840079
2025-07-15 23:00:00,112.45,407.28499999999997,10.543546482560238
2025-07-16 00:00:00,97.63,399.61,10.604507952100692
2025-07-16 01:00:00,93.99,392.01,10.613186295772454
2025-07-16 02:00:00,86.67,382.5225,10.543559354439685
2025-07-16 03:00:00,83.43,385.085,10.604514192681213
2025-07-16 04:00:00,84.26,378.93,10.613168625503807
2025-07-16 05:00:00,90.41,363.42499999999995,10.543572217619927
2025-07-16 06:00:00,105.74,344.9225,10.604520422185182
2025-07-16 07:00:00,112.63,332.5275,10.613150973173731
2025-07-16 08:00:00,111.92,305.9425,10.543585072110556
2025-07-16 09:00:00,104.21,260.1,10.604526640634687
2025-07-16 10:00:00,89.8,234.18,10.613133338754054
2025-07-16 11:00:00,85.65,207.3075,10.54359791792114
2025-07-16 12:00:00,81.96,185.8525,10.604532848051761
2025-07-16 13:00:00,78.62,181.735,10.613115722216673
2025-07-16 14:00:00,68.06,189.8825,10.543610755061255
2025-07-16 15:00:00,69.2,222.8075,10.60453904445837
2025-07-16 16:00:00,80.86,277.2025,10.613098123533536
2025-07-16 17:00:00,89.09,336.28499999999997,10.543623583540436
2025-07-16 18:00:00,95.49,376.01,10.604545229876441
2025-07-16 19:00:00,108.37,399.8525,10.613080542676666
2025-07-16 20:00:00,119.72,414.26,10.543636403368223
2025-07-16 21:00:00,129.04,422.1675,10.604551404327834
2025-07-16 22:00:00,120.71,431.8075,10.613062979618126
2025-07-16 23:00:00,110.55,424.895,10.543649214554137
2025-07-17 00:00:00,103.76,413.88,10.60455756783436
2025-07-17 01:00:00,98.33,417.425,10.613045434330054
2025-07-17 02:00:00,89.96,412.0325,10.543662017107676
2025-07-17 03:00:00,84.81,398.8375,10.604563720417776
2025-07-17 04:00:00,85.76,381.815,10.613027906784641
2025-07-17 05:00:00,89.0,368.5475,10.54367481103834
2025-07-17 06:00:00,104.05,348.55,10.60456986209978
2025-07-17 07:00:00,110.33,310.86,10.613010396954143
2025-07-17 08:00:00,105.92,258.8325,10.543687596355602
2025-07-17 09:00:00,93.1,208.2575,10.604575992902017
2025-07-17 10:00:00,85.0,182.3625,10.612992904810868
2025-07-17 11:00:00,77.07,162.8825,10.543700373068926
2025-07-17 12:00:00,70.17,153.0325,10.604582112846085
2025-07-17 13:00:00,55.26,152.36,10.612975430327197
2025-07-17 14:00:00,49.78,155.26,10.543713141187762
2025-07-17 15:00:00,66.18,183.8075,10.60458822195352
2025-07-17 16:00:00,74.79,236.1025,10.612957973475549
2025-07-17 17:00:00,82.71,305.99,10.543725900721547
2025-07-17 18:00:00,94.98,371.4325,10.6045943202458
2025-07-17 19:00:00,109.73,413.20000000000005,10.612940534228418
2025-07-17 20:00:00,120.75,430.3775,10.543738651679702
2025-07-17 21:00:00,132.0,449.6425,10.60460040774437
2025-07-17 22:00:00,125.07,469.39750000000004,10.612923112558361
2025-07-17 23:00:00,114.18,480.395,10.54375139407163
2025-07-18 00:00:00,106.8,483.45,10.604606484470592
2025-07-18 01:00:00,99.15,487.235,10.612905708437975
2025-07-18 02:00:00,95.36,495.495,10.543764127906734
2025-07-18 03:00:00,96.37,504.6875,10.6046125504458
2025-07-18 04:00:00,98.66,503.635,10.612888321839927
2025-07-18 05:00:00,108.23,456.4775,10.543776853194391
2025-07-18 06:00:00,115.92,421.635,10.604618605691265
2025-07-18 07:00:00,116.17,383.1675,10.612870952736948
2025-07-18 08:00:00,109.39,338.11,10.543789569943964
2025-07-18 09:00:00,98.13,293.75,10.604624650228203
2025-07-18 10:00:00,84.98,243.49,10.612853601101815
2025-07-18 11:00:00,82.02,207.79000000000002,10.543802278164808
2025-07-18 12:00:00,80.0,194.5475,10.60463068407778
2025-07-18 13:00:00,73.02,200.2375,10.612836266907376
2025-07-18 14:00:00,71.2,211.87,10.543814977866266
2025-07-18 15:00:00,72.68,240.63,10.60463670726111
2025-07-18 16:00:00,79.99,299.3475,10.612818950126519
2025-07-18 17:00:00,84.07,371.2425,10.543827669057654
2025-07-18 18:00:00,99.92,434.40250000000003,10.60464271979925
2025-07-18 19:00:00,120.0,464.4625,10.61280165073221
2025-07-18 20:00:00,146.55,481.72749999999996,10.543840351748292
2025-07-18 21:00:00,144.44,499.65250000000003,10.60464872171321
2025-07-18 22:00:00,125.88,502.40999999999997,10.61278436869746
2025-07-18 23:00:00,113.48,494.2675,10.543853025947474
2025-07-19 00:00:00,107.6,483.3175,10.604654713023951
2025-07-19 01:00:00,105.35,479.0775,10.612767103995338
2025-07-19 02:00:00,103.19,483.225,10.543865691664488
2025-07-19 03:00:00,101.63,473.74,10.604660693752372
2025-07-19 04:00:00,98.38,453.1225,10.612749856598974
2025-07-19 05:00:00,93.69,409.1825,10.5438783489086
2025-07-19 06:00:00,98.39,328.5875,10.60466666391933
2025-07-19 07:00:00,86.89,220.06,10.612732626481556
2025-07-19 08:00:00,78.89,117.27,10.543890997689067
2025-07-19 09:00:00,52.98,94.515,10.604672623545621
2025-07-19 10:00:00,10.0,90.345,10.612715413616325
2025-07-19 11:00:00,0.65,86.1625,10.543903638015136
2025-07-19 12:00:00,0.0,86.08,10.604678572651991
2025-07-19 13:00:00,-0.01,88.7125,10.612698217976583
2025-07-19 14:00:00,0.0,94.8325,10.543916269896036
2025-07-19 15:00:00,2.08,109.92,10.604684511259146
2025-07-19 16:00:00,29.33,161.85750000000002,10.612681039535687
2025-07-19 17:00:00,76.85,217.9025,10.543928893340981
2025-07-19 18:00:00,98.4,256.89,10.604690439387731
2025-07-19 19:00:00,114.47,275.96750000000003,10.612663878267039
2025-07-19 20:00:00,112.87,276.8225,10.543941508359174
2025-07-19 21:00:00,108.08,262.155,10.604696357058335
2025-07-19 22:00:00,105.63,263.3375,10.612646734144125
2025-07-19 23:00:00,98.07,259.22749999999996,10.543954114959803
2025-07-20 00:00:00,91.29,251.09,10.60470226429151
2025-07-20 01:00:00,88.94,265.9825,10.612629607140457
2025-07-20 02:00:00,89.27,285.10249999999996,10.543966713152047
2025-07-20 03:00:00,100.41,296.075,10.604708161107746
2025-07-20 04:00:00,101.7,302.6175,10.612612497229623
2025-07-20 05:00:00,98.27,285.0275,10.543979302945068
2025-07-20 06:00:00,97.2,243.4375,10.60471404752749
2025-07-20 07:00:00,80.59,182.9725,10.612595404385258
2025-07-20 08:00:00,77.86,126.7,10.543991884348014
2025-07-20 09:00:00,44.58,108.72,10.604719923571137
2025-07-20 10:00:00,9.04,98.075,10.612578328581062
2025-07-20 11:00:00,2.07,94.455,10.544004457370018
2025-07-20 12:00:00,0.0,96.94,10.604725789259017
2025-07-20 13:00:00,-0.01,99.61,10.612561269790774
2025-07-20 14:00:00,0.0,111.9525,10.544017022020208
2025-07-20 15:00:00,9.09,151.32999999999998,10.604731644611439
2025-07-20 16:00:00,69.33,224.1175,10.612544227988202
2025-07-20 17:00:00,92.74,302.45,10.544029578307686
2025-07-20 18:00:00,100.26,365.59749999999997,10.604737489648635
2025-07-20 19:00:00,112.0,382.87,10.612527203147204
2025-07-20 20:00:00,116.0,388.24,10.544042126241553
2025-07-20 21:00:00,115.01,385.0975,10.604743324390798
2025-07-20 22:00:00,114.85,371.0525,10.6125101952417
2025-07-20 23:00:00,105.05,361.29,10.544054665830888
2025-07-21 00:00:00,87.08,359.1575,10.604749148858081
2025-07-21 01:00:00,79.73,365.8625,10.61249320424566
2025-07-21 02:00:00,83.48,375.2925,10.54406719708476
2025-07-21 03:00:00,83.3,389.02,10.604754963070565
2025-07-21 04:00:00,83.49,400.9125,10.6124762301331
2025-07-21 05:00:00,96.22,383.34749999999997,10.544079720012226
2025-07-21 06:00:00,113.96,359.8575,10.604760767048301
2025-07-21 07:00:00,126.56,346.73,10.612459272878107
2025-07-21 08:00:00,123.91,335.255,10.54409223462233
2025-07-21 09:00:00,109.64,323.505,10.60476656081129
2025-07-21 10:00:00,105.99,313.85249999999996,10.612442332454808
2025-07-21 11:00:00,98.88,295.24,10.544104740924096
2025-07-21 12:00:00,84.9,286.5925,10.604772344379464
2025-07-21 13:00:00,81.73,272.5425,10.612425408837396
2025-07-21 14:00:00,85.79,267.0925,10.544117238926543
2025-07-21 15:00:00,87.96,275.79,10.604778117772733
2025-07-21 16:00:00,90.95,278.5525,10.612408502000115
2025-07-21 17:00:00,104.3,298.07,10.54412972863867
2025-07-21 18:00:00,105.82,333.6,10.604783881010942
2025-07-21 19:00:00,119.69,370.65250000000003,10.612391611917259
2025-07-21 20:00:00,123.25,386.0825,10.544142210069472
2025-07-21 21:00:00,120.09,392.52,10.604789634113885
2025-07-21 22:00:00,108.76,390.52250000000004,10.61237473856318
2025-07-21 23:00:00,100.04,377.36,10.544154683227925
2025-07-22 00:00:00,92.79,367.105,10.604795377101318
2025-07-22 01:00:00,87.2,357.7375,10.612357881912281
2025-07-22 02:00:00,85.48,352.59,10.544167148122987
2025-07-22 03:00:00,82.0,353.265,10.604801109992945
2025-07-22 04:00:00,81.0,346.8475,10.612341041939017
2025-07-22 05:00:00,89.28,330.735,10.544179604763618
2025-07-22 06:00:00,108.8,310.97,10.604806832808418
2025-07-22 07:00:00,109.28,289.1175,10.612324218617905
2025-07-22 08:00:00,102.49,258.365,10.54419205315874
2025-07-22 09:00:00,91.29,232.9325,10.604812545567347
2025-07-22 10:00:00,81.73,171.20499999999998,10.612307411923512
2025-07-22 11:00:00,68.41,124.6975,10.544204493317293
2025-07-22 12:00:00,39.63,116.5975,10.604818248289286
2025-07-22 13:00:00,10.0,114.61500000000001,10.61229062183045
2025-07-22 14:00:00,0.17,113.0325,10.544216925248179
2025-07-22 15:00:00,4.16,117.7325,10.604823940993752
2025-07-22 16:00:00,36.9,161.7975,10.612273848313391
2025-07-22 17:00:00,75.79,223.84,10.544229348960299
2025-07-22 18:00:00,88.98,266.52,10.604829623700203
2025-07-22 19:00:00,108.57,289.3225,10.612257091347066
2025-07-22 20:00:00,112.56,293.545,10.544241764462539
2025-07-22 21:00:00,113.22,277.1425,10.604835296428055
2025-07-22 22:00:00,108.48,242.9575,10.612240350906248
2025-07-22 23:00:00,102.93,241.625,10.544254171763768
2025-07-23 00:00:00,87.65,230.1275,10.604840959196686
2025-07-23 01:00:00,79.47,229.0225,10.612223626965763
2025-07-23 02:00:00,78.5,221.85,10.544266570872846
2025-07-23 03:00:00,76.04,225.6875,10.604846612025403
2025-07-23 04:00:00,77.69,246.385,10.612206919500501
2025-07-23 05:00:00,80.64,239.5125,10.544278961798621
2025-07-23 06:00:00,91.35,221.1025,10.604852254933498
2025-07-23 07:00:00,99.87,199.13,10.612190228485394
2025-07-23 08:00:00,96.5,157.9,10.544291344549931
2025-07-23 09:00:00,81.69,113.44500000000001,10.604857887940186
2025-07-23 10:00:00,67.3,102.2075,10.612173553895426
2025-07-23 11:00:00,53.5,102.12,10.544303719135584
2025-07-23 12:00:00,33.72,108.405,10.604863511064648
2025-07-23 13:00:00,23.73,117.0075,10.612156895705645
2025-07-23 14:00:00,26.82,120.69,10.544316085564398
2025-07-23 15:00:00,40.3,138.25,10.604869124326024
2025-07-23 16:00:00,67.81,199.29250000000002,10.61214025389113
2025-07-23 17:00:00,78.05,267.12,10.544328443845165
2025-07-23 18:00:00,86.07,322.5875,10.604874727743397
2025-07-23 19:00:00,105.0,368.6075,10.612123628427035
2025-07-23 20:00:00,112.98,393.77250000000004,10.544340793986668
2025-07-23 21:00:00,119.74,415.355,10.604880321335811
2025-07-23 22:00:00,110.54,426.59749999999997,10.612107019288551
2025-07-23 23:00:00,103.06,424.3325,10.544353135997676
2025-07-24 00:00:00,97.82,436.23,10.604885905122265
2025-07-24 01:00:00,94.08,453.28499999999997,10.612090426450923
2025-07-24 02:00:00,89.29,459.6125,10.544365469886946
2025-07-24 03:00:00,89.29,458.48,10.604891479121697
2025-07-24 04:00:00,93.45,447.6175,10.61207384988945
2025-07-24 05:00:00,102.65,421.63,10.54437779566322
2025-07-24 06:00:00,112.05,402.4425,10.604897043353018
2025-07-24 07:00:00,117.22,380.2275,10.612057289579482
2025-07-24 08:00:00,110.4,351.075,10.544390113335227
2025-07-24 09:00:00,96.22,317.5825,10.604902597835084
2025-07-24 10:00:00,89.17,294.46500000000003,10.612040745496422
2025-07-24 11:00:00,84.39,274.575,10.544402422911697
2025-07-24 12:00:00,82.17,250.5575,10.604908142586709
2025-07-24 13:00:00,80.43,254.46,10.61202421761572
2025-07-24 14:00:00,82.05,272.77250000000004,10.54441472440132
2025-07-24 15:00:00,84.77,295.215,10.604913677626653
2025-07-24 16:00:00,93.34,319.5775,10.612007705912873
2025-07-24 17:00:00,100.6,355.7575,10.544427017812808
2025-07-24 18:00:00,109.2,390.71000000000004,10.60491920297364
2025-07-24 19:00:00,130.0,415.0075,10.611991210363438
2025-07-24 20:00:00,154.16,422.215,10.544439303154823
2025-07-24 21:00:00,140.64,429.68,10.604924718646352
2025-07-24 22:00:00,118.38,439.93,10.611974730943022
2025-07-24 23:00:00,109.39,441.8625,10.544451580436045
2025-07-25 00:00:00,111.27,452.9125,10.604930224663413
2025-07-25 01:00:00,103.67,460.21000000000004,10.611958267627275
2025-07-25 02:00:00,97.05,453.0475,10.54446384966512
2025-07-25 03:00:00,92.94,442.02,10.604935721043406
2025-07-25 04:00:00,96.97,422.9475,10.611941820391904
2025-07-25 05:00:00,98.2,388.8725,10.544476110850702
2025-07-25 06:00:00,108.87,361.2975,10.604941207804874
2025-07-25 07:00:00,112.95,332.55,10.611925389212667
2025-07-25 08:00:00,110.85,295.755,10.544488364001413
2025-07-25 09:00:00,98.2,258.67,10.604946684966315
2025-07-25 10:00:00,94.08,242.875,10.611908974065361
2025-07-25 11:00:00,85.15,235.375,10.544500609125874
2025-07-25 12:00:00,83.09,225.1175,10.604952152546174
2025-07-25 13:00:00,78.7,206.525,10.611892574925847
2025-07-25 14:00:00,76.31,208.795,10.544512846232692
2025-07-25 15:00:00,79.27,228.0325,10.60495761056287
2025-07-25 16:00:00,81.09,267.6725,10.611876191770035
2025-07-25 17:00:00,84.02,305.3975,10.544525075330455
2025-07-25 18:00:00,90.45,335.2425,10.604963059034752
2025-07-25 19:00:00,101.81,362.7325,10.611859824573864
2025-07-25 20:00:00,109.28,376.7925,10.54453729642775
2025-07-25 21:00:00,121.21,394.1625,10.604968497980146
2025-07-25 22:00:00,112.6,402.5425,10.611843473313352
2025-07-25 23:00:00,110.25,409.33,10.544549509533136
2025-07-26 00:00:00,106.76,412.34749999999997,10.604973927417323
2025-07-26 01:00:00,100.7,411.3775,10.611827137964548
2025-07-26 02:00:00,97.73,414.7425,10.544561714655178
2025-07-26 03:00:00,96.65,414.345,10.604979347364516
2025-07-26 04:00:00,96.45,406.3125,10.611810818503551
2025-07-26 05:00:00,94.89,392.025,10.544573911802411
2025-07-26 06:00:00,97.13,352.6375,10.604984757839912
2025-07-26 07:00:00,96.1,323.68,10.611794514906522
2025-07-26 08:00:00,87.96,276.7875,10.544586100983372
2025-07-26 09:00:00,85.85,225.18,10.604990158861654
2025-07-26 10:00:00,79.59,205.815,10.611778227149657
2025-07-26 11:00:00,75.2,190.875,10.544598282206579
2025-07-26 12:00:00,66.42,159.5825,10.604995550447837
2025-07-26 13:00:00,49.87,160.5525,10.6117619552092
2025-07-26 14:00:00,50.09,175.48,10.544610455480532
2025-07-26 15:00:00,68.07,207.955,10.605000932616516
2025-07-26 16:00:00,74.81,265.445,10.611745699061464
2025-07-26 17:00:00,84.2,319.355,10.544622620813733
2025-07-26 18:00:00,98.2,355.5,10.605006305385707
2025-07-26 19:00:00,106.6,383.98,10.611729458682785
2025-07-26 20:00:00,121.95,401.3775,10.544634778214663
2025-07-26 21:00:00,127.07,412.215,10.605011668773384
2025-07-26 22:00:00,116.72,416.75,10.611713234049565
2025-07-26 23:00:00,108.8,400.76,10.54464692769178
2025-07-27 00:00:00,104.64,388.3925,10.605017022797464
2025-07-27 01:00:00,99.47,383.0,10.611697025138248
2025-07-27 02:00:00,95.01,380.40999999999997,10.544659069253553
2025-07-27 03:00:00,92.07,364.3975,10.605022367475838
2025-07-27 04:00:00,91.99,341.72,10.611680831925323
2025-07-27 05:00:00,89.88,323.15999999999997,10.544671202908429
2025-07-27 06:00:00,88.79,279.95,10.605027702826344
2025-07-27 07:00:00,86.58,231.1575,10.611664654387333
2025-07-27 08:00:00,83.76,184.7425,10.54468332866483
2025-07-27 09:00:00,81.71,136.005,10.605033028866773
2025-07-27 10:00:00,75.91,116.88,10.611648492500871
2025-07-27 11:00:00,70.52,106.3275,10.54469544653118
2025-07-27 12:00:00,45.93,103.7775,10.605038345614895
2025-07-27 13:00:00,15.04,106.03,10.611632346242569
2025-07-27 14:00:00,8.85,107.175,10.544707556515892
2025-07-27 15:00:00,17.3,117.635,10.605043653088408
2025-07-27 16:00:00,45.74,154.925,10.611616215589116
2025-07-27 17:00:00,82.36,212.97,10.544719658627361
2025-07-27 18:00:00,95.66,265.8625,10.605048951304989
2025-07-27 19:00:00,102.47,290.7475,10.61160010051724
2025-07-27 20:00:00,107.95,300.4875,10.544731752873965
2025-07-27 21:00:00,114.71,306.0025,10.605054240282275
2025-07-27 22:00:00,107.33,306.53000000000003,10.611584001003726
2025-07-27 23:00:00,102.69,283.3325,10.544743839264086
2025-07-28 00:00:00,100.0,276.61,10.605059520037834
2025-07-28 01:00:00,88.77,272.5925,10.611567917025395
2025-07-28 02:00:00,83.5,263.0325,10.544755917806075
2025-07-28 03:00:00,79.67,255.84499999999997,10.605064790589227
2025-07-28 04:00:00,79.51,254.345,10.611551848559126
2025-07-28 05:00:00,89.52,262.66499999999996,10.544767988508285
2025-07-28 06:00:00,108.88,250.06,10.605070051953954
2025-07-28 07:00:00,121.97,228.515,10.61153579558184
2025-07-28 08:00:00,118.37,204.3175,10.544780051379048
2025-07-28 09:00:00,105.45,163.5925,10.605075304149471
2025-07-28 10:00:00,97.25,134.2425,10.611519758070505
2025-07-28 11:00:00,90.96,117.69,10.544792106426694
2025-07-28 12:00:00,81.79,108.975,10.605080547193197
2025-07-28 13:00:00,77.52,105.2375,10.611503736002145
2025-07-28 14:00:00,68.33,108.1475,10.54480415365953
2025-07-28 15:00:00,73.97,113.735,10.605085781102515
2025-07-28 16:00:00,77.28,132.7025,10.61148772935381
2025-07-28 17:00:00,88.12,190.095,10.544816193085854
2025-07-28 18:00:00,97.2,224.445,10.60509100589476
2025-07-28 19:00:00,103.59,252.46,10.611471738102615
2025-07-28 20:00:00,114.14,256.6475,10.544828224713964
2025-07-28 21:00:00,114.34,247.395,10.605096221587226
2025-07-28 22:00:00,105.26,228.3225,10.611455762225717
2025-07-28 23:00:00,92.43,199.905,10.544840248552122
2025-07-29 00:00:00,87.51,191.5675,10.605101428197168
2025-07-29 01:00:00,84.1,182.435,10.61143980170032
2025-07-29 02:00:00,82.9,196.0825,10.544852264608602
2025-07-29 03:00:00,82.1,204.9275,10.6051066257418
2025-07-29 04:00:00,83.89,218.665,10.611423856503666
2025-07-29 05:00:00,92.88,223.1575,10.544864272891656
2025-07-29 06:00:00,101.07,213.3325,10.605111814238297
2025-07-29 07:00:00,109.25,186.5325,10.611407926613062
2025-07-29 08:00:00,99.02,134.575,10.54487627340952
2025-07-29 09:00:00,80.2,108.315,10.605116993703792
2025-07-29 10:00:00,66.37,96.24,10.611392012005833
2025-07-29 11:00:00,54.0,88.21,10.544888266170426
2025-07-29 12:00:00,25.6,86.695,10.605122164155375
2025-07-29 13:00:00,4.34,84.9875,10.611376112659379
2025-07-29 14:00:00,1.07,87.5425,10.54490025118259
2025-07-29 15:00:00,6.2,103.26,10.605127325610093
2025-07-29 16:00:00,44.41,150.1375,10.611360228551124
2025-07-29 17:00:00,78.24,200.29500000000002,10.544912228454214
2025-07-29 18:00:00,94.81,243.8875,10.605132478084961
2025-07-29 19:00:00,105.32,271.96500000000003,10.611344359658556
2025-07-29 20:00:00,123.56,280.4,10.544924197993497
2025-07-29 21:00:00,126.01,288.0875,10.605137621596942
2025-07-29 22:00:00,111.94,284.67,10.611328505959188
2025-07-29 23:00:00,102.07,270.59749999999997,10.544936159808616
2025-07-30 00:00:00,94.92,262.1125,10.605142756162982
2025-07-30 01:00:00,90.88,257.8175,10.611312667430596
2025-07-30 02:00:00,86.93,251.915,10.544948113907745
2025-07-30 03:00:00,83.24,253.2,10.605147881799956
2025-07-30 04:00:00,84.89,254.05,10.611296844050395
2025-07-30 05:00:00,94.72,250.2,10.544960060299038
2025-07-30 06:00:00,100.38,228.9675,10.605152998524721
2025-07-30 07:00:00,97.47,198.7775,10.611281035796244
2025-07-30 08:00:00,93.88,165.89499999999998,10.544971998990642
2025-07-30 09:00:00,79.02,140.31,10.60515810635409
2025-07-30 10:00:00,63.29,115.785,10.611265242645848
2025-07-30 11:00:00,40.43,94.1925,10.544983929990691
2025-07-30 12:00:00,24.79,96.0275,10.605163205304828
2025-07-30 13:00:00,17.69,99.2675,10.61124946457696
2025-07-30 14:00:00,10.7,102.65,10.54499585330731
2025-07-30 15:00:00,28.03,111.2725,10.605168295393668
2025-07-30 16:00:00,45.61,133.01,10.611233701567377
2025-07-30 17:00:00,75.68,163.805,10.545007768948608
2025-07-30 18:00:00,93.97,208.755,10.605173376637305
2025-07-30 19:00:00,101.86,226.3825,10.61121795359493
2025-07-30 20:00:00,109.07,233.9425,10.545019676922685
2025-07-30 21:00:00,109.0,241.53,10.605178449052385
2025-07-30 22:00:00,104.0,223.7875,10.611202220637509
2025-07-30 23:00:00,92.41,204.53,10.545031577237628
2025-07-31 00:00:00,88.93,198.2625,10.605183512655534
2025-07-31 01:00:00,82.11,196.285,10.61118650267305
2025-07-31 02:00:00,79.0,194.79000000000002,10.54504346990152
2025-07-31 03:00:00,77.27,190.6325,10.60518856746331
2025-07-31 04:00:00,78.51,197.24,10.611170799679517
2025-07-31 05:00:00,85.43,197.6625,10.545055354922416
2025-07-31 06:00:00,98.14,184.73000000000002,10.60519361349226
2025-07-31 07:00:00,100.46,172.2025,10.611155111634933
2025-07-31 08:00:00,94.09,151.0525,10.54506723230838
2025-07-31 09:00:00,88.91,136.51999999999998,10.605198650758881
2025-07-31 10:00:00,74.17,125.04249999999999,10.611139438517357
2025-07-31 11:00:00,70.04,108.71000000000001,10.545079102067447
2025-07-31 12:00:00,61.15,112.005,10.605203679279624
2025-07-31 13:00:00,48.05,124.645,10.611123780304899
2025-07-31 14:00:00,35.06,130.1875,10.545090964207647
2025-07-31 15:00:00,55.07,151.1525,10.605208699070914
2025-07-31 16:00:00,72.43,179.8175,10.611108136975707
2025-07-31 17:00:00,84.56,224.92000000000002,10.545102818737007
2025-07-31 18:00:00,96.9,266.57,10.605213710149126
2025-07-31 19:00:00,111.92,290.355,10.611092508507978
2025-07-31 20:00:00,128.27,305.0225,10.545114665663522
2025-07-31 21:00:00,125.11,312.90749999999997,10.605218712530606
2025-07-31 22:00:00,114.16,319.225,10.611076894879947
2025-07-31 23:00:00,102.79,307.5425,10.545126504995196
2025-08-01 00:00:00,105.31,316.1775,10.605223706231655
2025-08-01 01:00:00,98.54,319.1475,10.611061296069899
2025-08-01 02:00:00,92.15,318.815,10.545138336740017
2025-08-01 03:00:00,89.17,318.16999999999996,10.60522869126854
2025-08-01 04:00:00,94.21,311.57,10.611045712056152
2025-08-01 05:00:00,100.58,291.5775,10.545150160905948
2025-08-01 06:00:00,106.69,268.185,10.605233667657494
2025-08-01 07:00:00,110.71,249.3575,10.611030142817086
2025-08-01 08:00:00,106.64,217.8525,10.545161977500957
2025-08-01 09:00:00,103.67,167.325,10.605238635414697
2025-08-01 10:00:00,97.95,148.14249999999998,10.611014588331106
2025-08-01 11:00:00,84.1,113.0225,10.545173786532994
2025-08-01 12:00:00,77.05,96.275,10.605243594556303
2025-08-01 13:00:00,61.97,94.545,10.61099904857667
2025-08-01 14:00:00,49.06,95.6525,10.545185588009995
2025-08-01 15:00:00,49.1,103.135,10.605248545098432
2025-08-01 16:00:00,69.93,130.14,10.610983523532271
2025-08-01 17:00:00,83.59,196.22,10.545197381939888
2025-08-01 18:00:00,96.45,230.6975,10.605253487057155
2025-08-01 19:00:00,109.51,261.6275,10.610968013176455
2025-08-01 20:00:00,119.23,280.24,10.545209168330599
2025-08-01 21:00:00,117.51,290.4825,10.605258420448509
2025-08-01 22:00:00,110.72,292.2725,10.61095251748781
2025-08-01 23:00:00,102.73,288.3325,10.545220947190023
2025-08-02 00:00:00,104.47,281.315,10.6052633452885
2025-08-02 01:00:00,100.32,275.5275,10.610937036444954
2025-08-02 02:00:00,97.79,273.0875,10.545232718526053
2025-08-02 03:00:00,92.16,255.355,10.60526826159309
2025-08-02 04:00:00,91.29,238.76,10.610921570026564
2025-08-02 05:00:00,90.77,229.5075,10.545244482346577
2025-08-02 06:00:00,89.67,212.605,10.605273169378208
2025-08-02 07:00:00,84.7,168.8175,10.610906118211348
2025-08-02 08:00:00,78.4,125.6125,10.54525623865947
2025-08-02 09:00:00,65.68,108.84,10.605278068659736
2025-08-02 10:00:00,31.09,97.8825,10.610890680978065
2025-08-02 11:00:00,5.68,89.5675,10.54526798747258
2025-08-02 12:00:00,2.95,84.83500000000001,10.605282959453532
2025-08-02 13:00:00,0.0,83.27,10.61087525830551
2025-08-02 14:00:00,0.0,83.34,10.545279728793764
2025-08-02 15:00:00,0.0,88.645,10.605287841775413
2025-08-02 16:00:00,5.3,103.6625,10.610859850172517
2025-08-02 17:00:00,60.69,152.71,10.545291462630864
2025-08-02 18:00:00,91.32,190.2575,10.605292715641157
2025-08-02 19:00:00,102.0,215.7775,10.610844456557974
2025-08-02 20:00:00,109.49,228.625,10.545303188991696
2025-08-02 21:00:00,108.42,230.865,10.605297581066502
2025-08-02 22:00:00,104.34,221.2275,10.6108290774408
2025-08-02 23:00:00,95.0,204.03,10.545314907884086
2025-08-03 00:00:00,85.09,186.3025,10.605302438067158
2025-08-03 01:00:00,77.52,150.4775,10.610813712799965
2025-08-03 02:00:00,71.95,133.5025,10.54532661931583
2025-08-03 03:00:00,68.14,129.7975,10.605307286658793
2025-08-03 04:00:00,65.77,129.965,10.610798362614474
2025-08-03 05:00:00,59.98,126.805,10.545338323294725
2025-08-03 06:00:00,46.8,116.8275,10.605312126857038
2025-08-03 07:00:00,26.0,106.075,10.610783026863373
2025-08-03 08:00:00,6.16,92.7325,10.54535001982855
2025-08-03 09:00:00,0.0,85.59,10.605316958677493
2025-08-03 10:00:00,-1.01,79.8525,10.610767705525758
2025-08-03 11:00:00,-2.1,79.7425,10.545361708925087
2025-08-03 12:00:00,-3.0,80.0575,10.605321782135714
2025-08-03 13:00:00,-9.9,81.7675,10.610752398580757
2025-08-03 14:00:00,-10.08,81.46000000000001,10.54537339059208
2025-08-03 15:00:00,-4.98,81.7575,10.60532659724723
2025-08-03 16:00:00,-1.5,87.4025,10.610737106007544
2025-08-03 17:00:00,3.61,111.0175,10.545385064837294
2025-08-03 18:00:00,71.13,146.075,10.605331404027519
2025-08-03 19:00:00,88.13,178.35500000000002,10.610721827785333
2025-08-03 20:00:00,97.87,187.38,10.545396731668458
2025-08-03 21:00:00,95.99,182.48,10.605336202492042
2025-08-03 22:00:00,97.3,178.16500000000002,10.61070656389338
2025-08-03 23:00:00,85.09,167.4375,10.545408391093297
2025-08-04 00:00:00,81.05,139.3975,10.605340992656217
2025-08-04 01:00:00,70.07,136.5175,10.610691314310982
2025-08-04 02:00:00,69.97,142.2175,10.545420043119536
2025-08-04 03:00:00,70.62,155.995,10.605345774535419
2025-08-04 04:00:00,74.03,182.9375,10.61067607901748
2025-08-04 05:00:00,82.94,190.7325,10.545431687754874
2025-08-04 06:00:00,95.12,193.675,10.605350548144994
2025-08-04 07:00:00,102.72,185.3425,10.610660857992245
2025-08-04 08:00:00,101.44,156.8875,10.545443325007007
2025-08-04 09:00:00,97.05,118.5,10.605355313500253
2025-08-04 10:00:00,80.05,100.985,10.610645651214702
2025-08-04 11:00:00,56.33,81.74000000000001,10.545454954883619
2025-08-04 12:00:00,14.84,73.745,10.605360070616474
2025-08-04 13:00:00,4.05,70.7375,10.610630458664312
2025-08-04 14:00:00,0.66,72.3375,10.545466577392382
2025-08-04 15:00:00,0.02,78.63,10.605364819508885
2025-08-04 16:00:00,22.09,92.5425,10.610615280320571
2025-08-04 17:00:00,67.24,129.99,10.545478192540955
2025-08-04 18:00:00,80.91,153.3975,10.605369560192706
2025-08-04 19:00:00,84.54,161.905,10.610600116163026
2025-08-04 20:00:00,80.21,143.26999999999998,10.545489800336993
2025-08-04 21:00:00,72.7,114.71000000000001,10.605374292683093
2025-08-04 22:00:00,66.63,105.2075,10.61058496617125
2025-08-04 23:00:00,47.69,105.2825,10.545501400788137
2025-08-05 00:00:00,21.52,111.83500000000001,10.605379016995185
2025-08-05 01:00:00,15.34,113.6925,10.610569830324874
2025-08-05 02:00:00,15.9,117.8275,10.54551299390201
2025-08-05 03:00:00,23.96,120.8575,10.605383733144079
2025-08-05 04:00:00,54.47,126.2,10.610554708603555
2025-08-05 05:00:00,76.19,135.6775,10.545524579686235
2025-08-05 06:00:00,92.25,127.965,10.605388441144843
2025-08-05 07:00:00,92.08,109.565,10.610539600986993
2025-08-05 08:00:00,74.74,91.86500000000001,10.54553615814842
2025-08-05 09:00:00,3.89,78.19,10.605393141012502
2025-08-05 10:00:00,-0.21,72.065,10.61052450745493
2025-08-05 11:00:00,-2.01,69.7475,10.545547729296162
2025-08-05 12:00:00,-4.94,70.25,10.605397832762051
2025-08-05 13:00:00,-9.5,71.8175,10.610509427987154
2025-08-05 14:00:00,-11.83,71.5525,10.545559293137046
2025-08-05 15:00:00,-9.92,74.315,10.605402516408454
2025-08-05 16:00:00,-5.07,76.87,10.610494362563482
2025-08-05 17:00:00,-0.52,84.8325,10.545570849678645
2025-08-05 18:00:00,1.07,109.7525,10.60540719196663
2025-08-05 19:00:00,72.48,140.1675,10.610479311163775
2025-08-05 20:00:00,89.97,139.37,10.545582398928525
2025-08-05 21:00:00,107.15,137.8375,10.605411859451483
2025-08-05 22:00:00,87.18,116.53999999999999,10.61046427376793
2025-08-05 23:00:00,81.0,103.22749999999999,10.545593940894243
2025-08-06 00:00:00,75.13,98.345,10.605416518877862
2025-08-06 01:00:00,59.89,101.3725,10.610449250355893
2025-08-06 02:00:00,60.76,103.845,10.54560547558334
2025-08-06 03:00:00,61.01,110.69749999999999,10.605421170260591
2025-08-06 04:00:00,60.35,125.435,10.610434240907644
2025-08-06 05:00:00,81.7,133.465,10.54561700300335
2025-08-06 06:00:00,103.77,131.335,10.60542581361446
2025-08-06 07:00:00,102.94,113.33250000000001,10.610419245403197
2025-08-06 08:00:00,83.94,95.8725,10.545628523161792
2025-08-06 09:00:00,27.74,79.125,10.605430448954225
2025-08-06 10:00:00,-0.01,72.75,10.610404263822607
2025-08-06 11:00:00,-2.05,71.0375,10.54564003606618
2025-08-06 12:00:00,-8.47,71.2775,10.60543507629461
2025-08-06 13:00:00,-11.79,75.1075,10.610389296145978
2025-08-06 14:00:00,-6.0,80.1175,10.545651541724014
2025-08-06 15:00:00,-3.11,88.275,10.605439695650297
2025-08-06 16:00:00,-1.01,109.2675,10.610374342353445
2025-08-06 17:00:00,52.15,170.86,10.545663040142786
2025-08-06 18:00:00,97.19,232.9675,10.605444307035947
2025-08-06 19:00:00,113.7,267.4325,10.610359402425182
2025-08-06 20:00:00,170.16,284.1875,10.545674531329977
2025-08-06 21:00:00,157.08,303.3325,10.605448910466176
2025-08-06 22:00:00,110.0,317.09,10.6103444763414
2025-08-06 23:00:00,101.6,312.6,10.545686015293048
2025-08-07 00:00:00,97.58,303.015,10.605453505955573
2025-08-07 01:00:00,97.04,304.495,10.610329564082353
2025-08-07 02:00:00,91.44,297.435,10.54569749203947
2025-08-07 03:00:00,88.79,286.1225,10.605458093518696
2025-08-07 04:00:00,88.93,268.5425,10.61031466562833
2025-08-07 05:00:00,92.85,242.7875,10.54570896157668
2025-08-07 06:00:00,107.46,215.56,10.605462673170058
2025-08-07 07:00:00,106.5,183.73250000000002,10.61029978095966
2025-08-07 08:00:00,100.48,137.9875,10.545720423912124
2025-08-07 09:00:00,77.63,98.345,10.605467244924155
2025-08-07 10:00:00,22.23,81.4675,10.610284910056713
2025-08-07 11:00:00,0.0,76.025,10.545731879053225
2025-08-07 12:00:00,-0.12,74.7425,10.605471808795436
2025-08-07 13:00:00,-1.99,77.9125,10.610270052899892
2025-08-07 14:00:00,-0.29,86.3775,10.545743327007399
2025-08-07 15:00:00,-0.01,94.4425,10.605476364798324
2025-08-07 16:00:00,2.0,124.61749999999999,10.610255209469644
2025-08-07 17:00:00,65.59,199.4475,10.545754767782055
2025-08-07 18:00:00,94.23,252.0325,10.60548091294721
2025-08-07 19:00:00,111.95,278.3675,10.61024037974645
2025-08-07 20:00:00,141.94,291.4325,10.545766201384588
2025-08-07 21:00:00,127.5,303.9775,10.605485453256446
2025-08-07 22:00:00,110.0,307.52750000000003,10.61022556371083
2025-08-07 23:00:00,101.28,300.45,10.545777627822382
2025-08-08 00:00:00,93.9,300.5075,10.605489985740364
2025-08-08 01:00:00,89.49,296.555,10.61021076134334
2025-08-08 02:00:00,86.13,289.8425,10.545789047102812
2025-08-08 03:00:00,82.66,284.81,10.60549451041324
2025-08-08 04:00:00,81.45,278.25,10.61019597262458
2025-08-08 05:00:00,91.14,260.8075,10.545800459233249
2025-08-08 06:00:00,100.43,243.05,10.605499027289346
2025-08-08 07:00:00,103.05,216.62,10.610181197535178
2025-08-08 08:00:00,109.14,171.27,10.545811864221037
2025-08-08 09:00:00,89.9,124.2675,10.605503536382903
2025-08-08 10:00:00,66.0,102.8475,10.610166436055811
2025-08-08 11:00:00,8.39,94.3175,10.545823262073531
2025-08-08 12:00:00,0.0,89.4125,10.605508037708102
2025-08-08 13:00:00,-0.01,89.3875,10.610151688167182
2025-08-08 14:00:00,-0.02,90.215,10.54583465279806
2025-08-08 15:00:00,-0.01,102.325,10.605512531279107
2025-08-08 16:00:00,10.49,152.41,10.610136953850043
2025-08-08 17:00:00,71.74,218.5025,10.545846036401942
2025-08-08 18:00:00,103.86,284.115,10.605517017110042
2025-08-08 19:00:00,113.97,327.5975,10.610122233085171
2025-08-08 20:00:00,144.62,342.59749999999997,10.545857412892499
2025-08-08 21:00:00,151.51,360.3175,10.60552149521501
2025-08-08 22:00:00,121.59,367.4925,10.610107525853396
2025-08-08 23:00:00,108.46,369.495,10.545868782277033
2025-08-09 00:00:00,101.93,373.07,10.605525965608079
2025-08-09 01:00:00,100.43,375.0475,10.610092832135567
2025-08-09 02:00:00,99.94,372.89,10.545880144562831
2025-08-09 03:00:00,97.8,368.0875,10.605530428303274
2025-08-09 04:00:00,96.87,354.5575,10.610078151912578
2025-08-09 05:00:00,97.01,335.65,10.545891499757179
2025-08-09 06:00:00,97.26,259.23,10.605534883314597
2025-08-09 07:00:00,93.45,164.3625,10.610063485165371
2025-08-09 08:00:00,70.19,122.1675,10.545902847867351
2025-08-09 09:00:00,15.34,103.9975,10.605539330656022
2025-08-09 10:00:00,-0.02,90.8375,10.61004883187491
2025-08-09 11:00:00,-1.0,85.035,10.545914188900609
2025-08-09 12:00:00,-6.63,80.4225,10.605543770341486
2025-08-09 13:00:00,-15.14,80.55250000000001,10.610034192022198
2025-08-09 14:00:00,-15.37,83.6075,10.545925522864202
2025-08-09 15:00:00,-4.1,87.9875,10.605548202384892
2025-08-09 16:00:00,-0.04,92.015,10.610019565588274
2025-08-09 17:00:00,6.29,127.2525,10.54593684976537
2025-08-09 18:00:00,85.9,210.9575,10.60555262680012
2025-08-09 19:00:00,104.2,234.53,10.610004952554226
2025-08-09 20:00:00,127.62,238.3425,10.545948169611355
2025-08-09 21:00:00,119.31,235.69,10.605557043601012
2025-08-09 22:00:00,107.89,232.195,10.609990352901164
2025-08-09 23:00:00,94.97,212.48,10.545959482409367
2025-08-10 00:00:00,84.79,199.42,10.60556145280138
2025-08-10 01:00:00,83.23,193.4475,10.60997576661024
2025-08-10 02:00:00,83.1,181.9225,10.54597078816662
2025-08-10 03:00:00,77.95,182.1075,10.605565854415007
2025-08-10 04:00:00,80.68,186.04,10.609961193662645
2025-08-10 05:00:00,83.69,191.5575,10.54598208689032
2025-08-10 06:00:00,82.27,177.715,10.605570248455637
2025-08-10 07:00:00,74.7,146.71,10.609946634039602
2025-08-10 08:00:00,26.36,107.83500000000001,10.545993378587657
2025-08-10 09:00:00,-0.01,97.155,10.605574634936994
2025-08-10 10:00:00,-3.11,90.84,10.60993208772237
2025-08-10 11:00:00,-15.6,82.19749999999999,10.546004663265812
2025-08-10 12:00:00,-40.03,74.41749999999999,10.605579013872767
2025-08-10 13:00:00,-61.08,71.9125,10.609917554692247
2025-08-10 14:00:00,-50.94,78.58250000000001,10.546015940931955
2025-08-10 15:00:00,-22.12,84.9175,10.60558338527661
2025-08-10 16:00:00,-1.21,101.33500000000001,10.609903034930568
2025-08-10 17:00:00,2.13,164.7575,10.546027211593247
2025-08-10 18:00:00,82.64,246.05,10.605587749162149
2025-08-10 19:00:00,108.55,297.78999999999996,10.6098885284187
2025-08-10 20:00:00,118.95,303.415,10.546038475256838
2025-08-10 21:00:00,122.45,299.4525,10.605592105542987
2025-08-10 22:00:00,106.98,294.0925,10.609874035138045
2025-08-10 23:00:00,98.9,293.69,10.546049731929877
2025-08-11 00:00:00,99.82,298.51,10.60559645443268
2025-08-11 01:00:00,91.97,302.545,10.609859555070045
2025-08-11 02:00:00,87.44,301.275,10.546060981619483
2025-08-11 03:00:00,85.19,308.6725,10.605600795844767
2025-08-11 04:00:00,92.85,316.645,10.609845088196177
2025-08-11 05:00:00,103.51,297.46500000000003,10.546072224332791
2025-08-11 06:00:00,129.22,271.0375,10.605605129792755
2025-08-11 07:00:00,133.49,217.55,10.609830634497955
2025-08-11 08:00:00,105.35,161.2925,10.546083460076902
2025-08-11 09:00:00,90.75,105.0875,10.605609456290114
2025-08-11 10:00:00,50.0,88.1525,10.60981619395692
2025-08-11 11:00:00,2.54,82.3775,10.546094688858924
2025-08-11 12:00:00,0.0,81.795,10.60561377535029
2025-08-11 13:00:00,0.0,80.5425,10.609801766554652
2025-08-11 14:00:00,0.0,93.3925,10.54610591068594
2025-08-11 15:00:00,9.0,127.5975,10.605618086986697
2025-08-11 16:00:00,56.14,216.6075,10.609787352272779
2025-08-11 17:00:00,92.25,302.73249999999996,10.54611712556504
2025-08-11 18:00:00,108.26,360.9975,10.60562239121271
2025-08-11 19:00:00,154.0,381.71250000000003,10.609772951092946
2025-08-11 20:00:00,191.95,390.8675,10.546128333503294
2025-08-11 21:00:00,138.88,404.66999999999996,10.605626688041697
2025-08-11 22:00:00,108.87,408.9,10.609758562996847
2025-08-11 23:00:00,96.0,385.7525,10.546139534507768
2025-08-12 00:00:00,93.0,381.6375,10.605630977486973
2025-08-12 01:00:00,89.67,377.39,10.609744187966195
2025-08-12 02:00:00,85.41,374.52750000000003,10.546150728585504
2025-08-12 03:00:00,85.13,391.5375,10.60563525956183
2025-08-12 04:00:00,86.48,410.6125,10.609729825982756
2025-08-12 05:00:00,93.97,379.8325,10.546161915743548
2025-08-12 06:00:00,106.91,353.765,10.605639534279538
2025-08-12 07:00:00,104.63,295.345,10.609715477028317
2025-08-12 08:00:00,98.71,218.74,10.546173095988939
2025-08-12 09:00:00,92.49,181.475,10.605643801653327
2025-08-12 10:00:00,79.53,148.405,10.609701141084711
2025-08-12 11:00:00,40.41,119.005,10.546184269328695
2025-08-12 12:00:00,8.38,111.11,10.605648061696401
2025-08-12 13:00:00,3.0,107.97,10.609686818133799
2025-08-12 14:00:00,5.15,117.3275,10.546195435769834
2025-08-12 15:00:00,35.05,172.6125,10.605652314421942
2025-08-12 16:00:00,73.12,238.385,10.609672508157473
2025-08-12 17:00:00,94.06,311.075,10.546206595319351
2025-08-12 18:00:00,106.1,346.42,10.605656559843084
2025-08-12 19:00:00,149.31,354.23249999999996,10.609658211137665
2025-08-12 20:00:00,156.16,345.89750000000004,10.546217747984244
2025-08-12 21:00:00,140.4,357.76,10.605660797972954
2025-08-12 22:00:00,114.07,351.87,10.609643927056348
2025-08-12 23:00:00,97.73,349.655,10.546228893771499
2025-08-13 00:00:00,95.72,361.22,10.605665028824635
2025-08-13 01:00:00,90.0,377.97249999999997,10.609629655895517
2025-08-13 02:00:00,86.89,377.69,10.546240032688086
2025-08-13 03:00:00,84.71,378.7575,10.605669252411186
2025-08-13 04:00:00,87.07,381.545,10.609615397637207
2025-08-13 05:00:00,93.3,360.65749999999997,10.546251164740971
2025-08-13 06:00:00,108.87,331.2575,10.60567346874563
2025-08-13 07:00:00,107.52,287.2625,10.609601152263489
2025-08-13 08:00:00,105.87,237.745,10.546262289937113
2025-08-13 09:00:00,93.6,189.7775,10.605677677840974
2025-08-13 10:00:00,89.26,156.6225,10.609586919756456
2025-08-13 11:00:00,68.2,130.34,10.546273408283453
2025-08-13 12:00:00,44.29,119.565,10.605681879710186
2025-08-13 13:00:00,27.89,119.33,10.609572700098257
2025-08-13 14:00:00,41.66,149.32,10.546284519786923
2025-08-13 15:00:00,70.9,200.5925,10.605686074366213
2025-08-13 16:00:00,84.3,269.46000000000004,10.609558493271054
2025-08-13 17:00:00,96.64,326.9425,10.546295624454457
2025-08-13 18:00:00,115.34,360.85,10.605690261821957
2025-08-13 19:00:00,193.3,374.525,10.609544299257056
2025-08-13 20:00:00,226.64,370.9925,10.546306722292963
2025-08-13 21:00:00,154.52,385.5025,10.60569444209031
2025-08-13 22:00:00,123.21,386.70000000000005,10.609530118038503
2025-08-13 23:00:00,106.27,380.34999999999997,10.546317813309354
2025-08-14 00:00:00,98.1,388.69,10.605698615184128
2025-08-14 01:00:00,92.0,400.055,10.609515949597657
2025-08-14 02:00:00,88.45,405.8575,10.546328897510532
2025-08-14 03:00:00,88.2,414.71999999999997,10.605702781116236
2025-08-14 04:00:00,88.53,416.62,10.609501793916838
2025-08-14 05:00:00,97.52,382.58,10.546339974903372
2025-08-14 06:00:00,107.94,346.845,10.605706939899433
2025-08-14 07:00:00,109.92,313.1225,10.609487650978375
2025-08-14 08:00:00,99.51,249.795,10.546351045494761
2025-08-14 09:00:00,91.1,194.21249999999998,10.605711091546489
2025-08-14 10:00:00,81.26,158.465,10.60947352076464
2025-08-14 11:00:00,67.57,139.8225,10.546362109291566
2025-08-14 12:00:00,54.09,128.4075,10.605715236070145
2025-08-14 13:00:00,41.02,136.785,10.609459403258048
2025-08-14 14:00:00,54.9,169.695,10.546373166300647
2025-08-14 15:00:00,69.43,223.62,10.605719373483119
2025-08-14 16:00:00,78.99,283.5075,10.609445298441026
2025-08-14 17:00:00,97.22,346.885,10.546384216528848
2025-08-14 18:00:00,115.54,383.93,10.605723503798089
2025-08-14 19:00:00,233.8,400.0675,10.609431206296062
2025-08-14 20:00:00,283.89,407.47,10.546395259983015
2025-08-14 21:00:00,155.84,419.2675,10.605727627027717
2025-08-14 22:00:00,120.71,429.5175,10.609417126805644
2025-08-14 23:00:00,105.95,421.315,10.546406296669979
2025-08-15 00:00:00,99.59,414.725,10.605731743184638
2025-08-15 01:00:00,98.97,419.4125,10.609403059952323
2025-08-15 02:00:00,93.9,411.08,10.546417326596552
2025-08-15 03:00:00,90.33,406.3725,10.605735852281441
2025-08-15 04:00:00,92.0,413.07,10.609389005718665
2025-08-15 05:00:00,96.91,397.47249999999997,10.54642834976956
2025-08-15 06:00:00,101.66,367.425,10.60573995433071
2025-08-15 07:00:00,101.31,286.3475,10.609374964087278
2025-08-15 08:00:00,96.6,190.1925,10.546439366195795
2025-08-15 09:00:00,83.47,123.9175,10.605744049344985
2025-08-15 10:00:00,43.9,92.79,10.609360935040797
2025-08-15 11:00:00,3.0,84.905,10.546450375882054
2025-08-15 12:00:00,0.08,83.5825,10.605748137336784
2025-08-15 13:00:00,0.0,86.4325,10.60934691856189
2025-08-15 14:00:00,0.0,96.8075,10.546461378835122
2025-08-15 15:00:00,1.72,109.6625,10.605752218318605
2025-08-15 16:00:00,27.66,163.225,10.609332914633265
2025-08-15 17:00:00,77.96,220.2375,10.546472375061771
2025-08-15 18:00:00,105.89,264.995,10.6057562923029
2025-08-15 19:00:00,114.38,281.82,10.609318923237657
2025-08-15 20:00:00,124.01,280.865,10.546483364568768
2025-08-15 21:00:00,111.5,279.16499999999996,10.605760359302108
2025-08-15 22:00:00,105.94,274.3375,10.609304944357826
2025-08-15 23:00:00,95.96,270.76,10.54649434736287
2025-08-16 00:00:00,96.11,267.89,10.605764419328638
2025-08-16 01:00:00,90.92,257.8625,10.609290977976576
2025-08-16 02:00:00,89.78,239.1125,10.546505323450818
2025-08-16 03:00:00,85.35,236.0,10.605768472394871
2025-08-16 04:00:00,84.05,240.855,10.609277024076746
2025-08-16 05:00:00,87.09,233.18,10.546516292839351
2025-08-16 06:00:00,91.01,221.56,10.60577251851316
2025-08-16 07:00:00,90.02,207.4525,10.609263082641197
2025-08-16 08:00:00,80.99,171.6625,10.546527255535201
2025-08-16 09:00:00,67.94,126.715,10.605776557695828
2025-08-16 10:00:00,25.12,101.4575,10.609249153652819
2025-08-16 11:00:00,3.8,90.915,10.546538211545082
2025-08-16 12:00:00,0.17,84.85,10.60578058995518
2025-08-16 13:00:00,-0.01,81.0625,10.609235237094552
2025-08-16 14:00:00,-0.01,81.0675,10.546549160875704
2025-08-16 15:00:00,-0.01,85.365,10.605784615303481
2025-08-16 16:00:00,0.71,114.4975,10.609221332949346
2025-08-16 17:00:00,16.21,155.6325,10.54656010353377
2025-08-16 18:00:00,69.92,199.2775,10.605788633752978
2025-08-16 19:00:00,95.0,217.63,10.609207441200205
2025-08-16 20:00:00,102.62,219.57,10.54657103952597
2025-08-16 21:00:00,100.61,223.1725,10.60579264531589
2025-08-16 22:00:00,95.0,226.5425,10.609193561830148
2025-08-16 23:00:00,90.0,230.605,10.546581968858984
2025-08-17 00:00:00,91.28,234.0575,10.605796650004407
2025-08-17 01:00:00,85.34,233.685,10.609179694822233
2025-08-17 02:00:00,86.86,243.7975,10.54659289153948
2025-08-17 03:00:00,86.63,247.06,10.605800647830694
2025-08-17 04:00:00,87.73,257.9475,10.609165840159546
2025-08-17 05:00:00,89.93,258.6275,10.546603807574131
2025-08-17 06:00:00,89.89,237.74,10.605804638806891
2025-08-17 07:00:00,81.03,194.195,10.609151997825212
2025-08-17 08:00:00,76.24,144.7625,10.546614716969586
2025-08-17 09:00:00,32.59,112.06,10.605808622945103
2025-08-17 10:00:00,9.96,101.295,10.609138167802382
2025-08-17 11:00:00,0.1,95.0325,10.546625619732492
2025-08-17 12:00:00,-0.2,91.925,10.605812600257417
2025-08-17 13:00:00,-0.93,90.98,10.609124350074234
2025-08-17 14:00:00,-1.25,95.2875,10.546636515869476
2025-08-17 15:00:00,0.65,117.72,10.605816570755891
2025-08-17 16:00:00,13.81,194.98250000000002,10.609110544623988
2025-08-17 17:00:00,72.4,278.03,10.54664740538718
2025-08-17 18:00:00,96.69,346.6075,10.60582053445256
2025-08-17 19:00:00,110.0,391.29499999999996,10.60909675143489
2025-08-17 20:00:00,110.66,394.47,10.54665828829221
2025-08-17 21:00:00,110.14,397.06,10.605824491359423
2025-08-17 22:00:00,105.1,397.48,10.609082970490212
2025-08-17 23:00:00,102.54,406.7175,10.54666916459118
2025-08-18 00:00:00,91.99,416.88,10.605828441488459
2025-08-18 01:00:00,87.13,421.90250000000003,10.609069201773268
2025-08-18 02:00:00,84.33,420.6375,10.546680034290688
2025-08-18 03:00:00,83.85,419.4675,10.605832384851627
2025-08-18 04:00:00,89.46,414.0375,10.609055445267398
2025-08-18 05:00:00,99.27,398.02,10.54669089739732
2025-08-18 06:00:00,118.51,362.28,10.605836321460847
2025-08-18 07:00:00,130.13,308.605,10.609041700955968
2025-08-18 08:00:00,109.87,226.2275,10.546701753917672
2025-08-18 09:00:00,88.84,158.8425,10.605840251328026
2025-08-18 10:00:00,72.06,116.185,10.609027968822385
2025-08-18 11:00:00,45.93,104.955,10.546712603858301
2025-08-18 12:00:00,20.04,105.67750000000001,10.605844174465032
2025-08-18 13:00:00,14.23,108.1275,10.609014248850073
2025-08-18 14:00:00,18.34,129.1675,10.546723447225775
2025-08-18 15:00:00,54.56,175.3125,10.605848090883715
2025-08-18 16:00:00,70.94,257.6975,10.609000541022507
2025-08-18 17:00:00,90.32,348.5425,10.546734284026654
2025-08-18 18:00:00,109.87,401.125,10.6058520005959
2025-08-18 19:00:00,185.5,431.0325,10.608986845323177
2025-08-18 20:00:00,197.42,439.155,10.546745114267475
2025-08-18 21:00:00,124.67,440.1475,10.60585590361338
2025-08-18 22:00:00,107.49,440.25,10.608973161735602
2025-08-18 23:00:00,102.0,443.3225,10.546755937954782
2025-08-19 00:00:00,101.01,434.93,10.605859799947932
2025-08-19 01:00:00,94.82,438.0525,10.608959490243342
2025-08-19 02:00:00,88.2,448.1575,10.546766755095096
2025-08-19 03:00:00,86.37,446.935,10.605863689611292
2025-08-19 04:00:00,90.09,429.2875,10.608945830829985
2025-08-19 05:00:00,102.5,395.6775,10.54677756569494
2025-08-19 06:00:00,111.1,340.1,10.60586757261519
2025-08-19 07:00:00,109.95,284.6,10.608932183479144
2025-08-19 08:00:00,98.05,190.8225,10.546788369760826
2025-08-19 09:00:00,88.57,134.25,10.605871448971316
2025-08-19 10:00:00,69.64,106.815,10.608918548174467
2025-08-19 11:00:00,43.23,92.85249999999999,10.546799167299248
2025-08-19 12:00:00,22.85,97.0325,10.605875318691337
2025-08-19 13:00:00,8.97,97.75,10.608904924899633
2025-08-19 14:00:00,15.26,109.43,10.546809958316706
2025-08-19 15:00:00,30.89,134.8175,10.6058791817869
2025-08-19 16:00:00,60.6,220.465,10.608891313638349
2025-08-19 17:00:00,91.48,313.2375,10.546820742819676
2025-08-19 18:00:00,101.91,352.8825,10.60588303826962
2025-08-19 19:00:00,120.51,373.855,10.60887771437435
2025-08-19 20:00:00,128.62,388.61,10.546831520814639
2025-08-19 21:00:00,111.06,396.6725,10.605886888151092
2025-08-19 22:00:00,104.41,404.52250000000004,10.608864127091412
2025-08-19 23:00:00,97.2,413.2575,10.546842292308053
2025-08-20 00:00:00,97.7,420.01,10.605890731442882
2025-08-20 01:00:00,93.18,414.1375,10.60885055177332
2025-08-20 02:00:00,87.64,411.8,10.546853057306379
2025-08-20 03:00:00,85.78,414.6325,10.605894568156536
2025-08-20 04:00:00,89.66,408.2275,10.608836988403912
2025-08-20 05:00:00,98.8,377.825,10.546863815816064
2025-08-20 06:00:00,108.84,355.6925,10.60589839830357
2025-08-20 07:00:00,110.12,316.76,10.608823436967043
2025-08-20 08:00:00,103.91,261.34000000000003,10.54687456784355
2025-08-20 09:00:00,90.05,196.265,10.605902221895473
2025-08-20 10:00:00,80.98,157.5575,10.608809897446596
2025-08-20 11:00:00,69.06,122.375,10.546885313395265
2025-08-20 12:00:00,49.07,111.42750000000001,10.605906038943717
2025-08-20 13:00:00,35.0,114.3775,10.608796369826493
2025-08-20 14:00:00,42.03,137.365,10.54689605247763
2025-08-20 15:00:00,73.02,203.2975,10.605909849459746
2025-08-20 16:00:00,81.45,276.3625,10.608782854090682
2025-08-20 17:00:00,101.69,321.71999999999997,10.546906785097054
2025-08-20 18:00:00,109.16,346.26750000000004,10.605913653454975
2025-08-20 19:00:00,135.15,362.2025,10.608769350223136
2025-08-20 20:00:00,126.11,367.7825,10.546917511259947
2025-08-20 21:00:00,114.95,369.2275,10.6059174509408
2025-08-20 22:00:00,103.49,378.375,10.608755858207866
2025-08-20 23:00:00,97.34,392.5325,10.546928230972705
2025-08-21 00:00:00,96.11,405.095,10.605921241928586
2025-08-21 01:00:00,90.73,418.1475,10.608742378028904
2025-08-21 02:00:00,87.52,428.3575,10.54693894424171
2025-08-21 03:00:00,90.88,421.39,10.605925026429677
2025-08-21 04:00:00,92.37,409.16,10.608728909670315
2025-08-21 05:00:00,108.59,387.4175,10.546949651073339
2025-08-21 06:00:00,115.6,358.36,10.605928804455397
2025-08-21 07:00:00,116.89,326.82,10.608715453116195
2025-08-21 08:00:00,107.79,271.5025,10.546960351473967
2025-08-21 09:00:00,97.32,179.685,10.605932576017038
2025-08-21 10:00:00,85.85,123.675,10.608702008350667
2025-08-21 11:00:00,77.64,109.395,10.54697104544995
2025-08-21 12:00:00,69.49,108.875,10.605936341125874
2025-08-21 13:00:00,66.09,112.5925,10.608688575357885
2025-08-21 14:00:00,56.26,124.1525,10.546981733007648
2025-08-21 15:00:00,68.2,148.0925,10.605940099793147
2025-08-21 16:00:00,72.39,185.69,10.608675154122027
2025-08-21 17:00:00,92.88,229.4075,10.54699241415339
2025-08-21 18:00:00,103.2,257.3725,10.60594385203008
2025-08-21 19:00:00,106.39,278.47,10.608661744627312
2025-08-21 20:00:00,110.73,286.595,10.547003088893522
2025-08-21 21:00:00,110.73,285.98249999999996,10.605947597847877
2025-08-21 22:00:00,105.0,286.8675,10.608648346857974
2025-08-21 23:00:00,95.78,298.1575,10.547013757234367
2025-08-22 00:00:00,89.27,288.385,10.605951337257709
2025-08-22 01:00:00,81.99,288.6325,10.608634960798282
2025-08-22 02:00:00,78.59,284.555,10.547024419182247
2025-08-22 03:00:00,77.52,284.02250000000004,10.605955070270717
2025-08-22 04:00:00,77.65,284.3925,10.608621586432532
2025-08-22 05:00:00,87.9,285.84749999999997,10.547035074743457
2025-08-22 06:00:00,105.76,280.8975,10.605958796898037
2025-08-22 07:00:00,107.45,252.4225,10.608608223745062
2025-08-22 08:00:00,102.32,193.4875,10.547045723924315
2025-08-22 09:00:00,90.02,134.9875,10.605962517150768
2025-08-22 10:00:00,72.44,114.4925,10.608594872720218
2025-08-22 11:00:00,42.5,99.97,10.5470563667311
2025-08-22 12:00:00,14.07,95.71,10.605966231039986
2025-08-22 13:00:00,3.84,89.625,10.608581533342385
2025-08-22 14:00:00,0.02,97.52,10.547067003170099
2025-08-22 15:00:00,4.01,124.56,10.60596993857675
2025-08-22 16:00:00,40.64,156.3875,10.608568205595974
2025-08-22 17:00:00,73.14,200.3675,10.547077633247588
2025-08-22 18:00:00,95.17,237.6825,10.605973639772085
2025-08-22 19:00:00,106.07,256.595,10.60855488946543
2025-08-22 20:00:00,113.0,259.3725,10.547088256969833
2025-08-22 21:00:00,107.63,261.375,10.605977334637
2025-08-22 22:00:00,103.09,272.58500000000004,10.60854158493522
2025-08-22 23:00:00,94.37,268.48,10.547098874343096
2025-08-23 00:00:00,95.33,250.47,10.605981023182474
2025-08-23 01:00:00,89.32,233.785,10.608528291989847
2025-08-23 02:00:00,87.76,222.1775,10.547109485373621
2025-08-23 03:00:00,85.21,226.09,10.605984705419475
2025-08-23 04:00:00,85.56,226.7525,10.60851501061383
2025-08-23 05:00:00,85.6,215.4975,10.547120090067645
2025-08-23 06:00:00,86.67,195.8625,10.605988381358934
2025-08-23 07:00:00,86.78,167.04250000000002,10.608501740791732
2025-08-23 08:00:00,83.57,122.0825,10.547130688431412
2025-08-23 09:00:00,62.9,95.5125,10.605992051011759
2025-08-23 10:00:00,14.69,87.755,10.608488482508129
2025-08-23 11:00:00,3.29,85.035,10.547141280471136
2025-08-23 12:00:00,1.32,86.27250000000001,10.605995714388847
2025-08-23 13:00:00,0.06,89.385,10.608475235747635
2025-08-23 14:00:00,0.07,86.5475,10.547151866193039
2025-08-23 15:00:00,3.52,89.5025,10.605999371501062
2025-08-23 16:00:00,12.1,113.7775,10.60846200049489
2025-08-23 17:00:00,72.19,179.2975,10.547162445603322
2025-08-23 18:00:00,100.31,240.77249999999998,10.606003022359243
2025-08-23 19:00:00,112.22,260.61,10.608448776734566
2025-08-23 20:00:00,123.67,262.76750000000004,10.547173018708188
2025-08-23 21:00:00,120.43,265.815,10.606006666974212
2025-08-23 22:00:00,111.16,270.555,10.60843556445134
2025-08-23 23:00:00,105.28,268.6325,10.547183585513826
2025-08-24 00:00:00,100.5,289.4325,10.606010305356763
2025-08-24 01:00:00,95.13,297.7025,10.608422363629954
2025-08-24 02:00:00,94.41,305.185,10.547194146026422
2025-08-24 03:00:00,92.13,300.28499999999997,10.606013937517673
2025-08-24 04:00:00,91.2,301.005,10.60840917425515
2025-08-24 05:00:00,90.97,279.5325,10.547204700252145
2025-08-24 06:00:00,90.0,229.225,10.606017563467685
2025-08-24 07:00:00,85.01,166.925,10.608395996311708
2025-08-24 08:00:00,72.84,122.2825,10.547215248197164
2025-08-24 09:00:00,4.8,100.8775,10.606021183217536
2025-08-24 10:00:00,-0.01,96.19,10.60838282978444
2025-08-24 11:00:00,-0.07,94.145,10.547225789867628
2025-08-24 12:00:00,-1.98,90.4325,10.606024796777923
2025-08-24 13:00:00,-7.45,90.7525,10.608369674658165
2025-08-24 14:00:00,-7.4,96.5025,10.547236325269695
2025-08-24 15:00:00,-0.1,102.145,10.60602840415953
2025-08-24 16:00:00,0.0,132.715,10.608356530917762
2025-08-24 17:00:00,63.36,215.32999999999998,10.547246854409504
2025-08-24 18:00:00,99.81,296.02750000000003,10.606032005373013
2025-08-24 19:00:00,110.5,319.09000000000003,10.608343398548106
2025-08-24 20:00:00,117.31,320.775,10.547257377293183
2025-08-24 21:00:00,114.32,322.315,10.60603560042901
2025-08-24 22:00:00,107.5,321.93,10.608330277534122
2025-08-24 23:00:00,100.52,321.2325,10.547267893926863
2025-08-25 00:00:00,95.28,331.1175,10.606039189338132
2025-08-25 01:00:00,87.03,336.615,10.608317167860752
2025-08-25 02:00:00,84.02,346.075,10.54727840431665
2025-08-25 03:00:00,82.9,340.2675,10.606042772110975
2025-08-25 04:00:00,83.46,325.7525,10.608304069512965
2025-08-25 05:00:00,102.46,306.2775,10.547288908468657
2025-08-25 06:00:00,115.38,278.6025,10.606046348758102
2025-08-25 07:00:00,125.0,241.2425,10.608290982475756
2025-08-25 08:00:00,110.04,203.76,10.547299406388984
2025-08-25 09:00:00,91.97,164.885,10.606049919290058
2025-08-25 10:00:00,72.98,118.92500000000001,10.608277906734157
2025-08-25 11:00:00,35.02,96.475,10.547309898083718
2025-08-25 12:00:00,10.0,90.88,10.606053483717368
2025-08-25 13:00:00,5.93,95.7975,10.608264842273218
2025-08-25 14:00:00,6.78,99.0325,10.547320383558949
2025-08-25 15:00:00,25.2,137.8425,10.606057042050535
2025-08-25 16:00:00,56.43,233.1175,10.608251789078016
2025-08-25 17:00:00,86.67,324.13,10.547330862820745
2025-08-25 18:00:00,111.54,403.17,10.606060594300034
2025-08-25 19:00:00,159.03,432.55,10.60823874713366
2025-08-25 20:00:00,232.82,439.235,10.547341335875174
2025-08-25 21:00:00,138.04,450.1675,10.606064140476324
2025-08-25 22:00:00,115.04,452.6725,10.608225716425284
2025-08-25 23:00:00,105.15,456.0575,10.547351802728295
2025-08-26 00:00:00,105.8,462.61,10.606067680589835
2025-08-26 01:00:00,100.44,478.93,10.608212696938047
2025-08-26 02:00:00,96.58,479.4125,10.547362263386157
2025-08-26 03:00:00,94.79,474.6575,10.606071214650981
2025-08-26 04:00:00,96.27,449.8175,10.608199688657134
2025-08-26 05:00:00,106.6,414.9875,10.547372717854806
2025-08-26 06:00:00,124.59,383.225,10.60607474267015
2025-08-26 07:00:00,123.45,329.025,10.608186691567763
2025-08-26 08:00:00,106.79,236.5525,10.547383166140275
2025-08-26 09:00:00,90.0,181.6025,10.606078264657716
2025-08-26 10:00:00,77.47,142.85750000000002,10.608173705655172
2025-08-26 11:00:00,61.6,123.04499999999999,10.547393608248585
2025-08-26 12:00:00,41.95,122.03,10.606081780624017
2025-08-26 13:00:00,26.28,125.635,10.608160730904627
2025-08-26 14:00:00,38.05,154.005,10.547404044185754
2025-08-26 15:00:00,72.39,248.68,10.606085290579383
2025-08-26 16:00:00,88.26,312.4175,10.608147767301427
2025-08-26 17:00:00,105.05,352.47,10.5474144739578
2025-08-26 18:00:00,131.09,367.61,10.60608879453411
2025-08-26 19:00:00,196.88,368.27,10.608134814830883
2025-08-26 20:00:00,180.17,358.695,10.54742489757072
2025-08-26 21:00:00,123.3,349.8175,10.60609229249848
2025-08-26 22:00:00,109.47,337.9,10.608121873478352
2025-08-26 23:00:00,97.67,334.3525,10.547435315030505
2025-08-27 00:00:00,96.59,340.23,10.606095784482758
2025-08-27 01:00:00,89.98,351.03,10.608108943229198
2025-08-27 02:00:00,86.52,349.7275,10.547445726343142
2025-08-27 03:00:00,87.25,352.3,10.606099270497166
2025-08-27 04:00:00,90.0,361.27,10.608096024068825
2025-08-27 05:00:00,97.73,346.065,10.547456131514606
2025-08-27 06:00:00,110.0,334.5425,10.606102750551939
2025-08-27 07:00:00,115.19,317.3425,10.608083115982659
2025-08-27 08:00:00,113.64,282.3425,10.547466530550878
2025-08-27 09:00:00,101.63,217.12,10.606106224657248
2025-08-27 10:00:00,86.0,156.805,10.60807021895615
2025-08-27 11:00:00,79.29,130.58249999999998,10.547476923457905
2025-08-27 12:00:00,64.38,129.815,10.606109692823281
2025-08-27 13:00:00,50.68,132.8125,10.608057332974775
2025-08-27 14:00:00,50.94,157.7625,10.547487310241644
2025-08-27 15:00:00,76.18,244.86,10.606113155060187
2025-08-27 16:00:00,85.1,303.515,10.608044458024041
2025-08-27 17:00:00,104.94,346.2875,10.547497690908049
2025-08-27 18:00:00,134.63,377.0425,10.606116611378093
2025-08-27 19:00:00,222.07,392.58000000000004,10.608031594089473
2025-08-27 20:00:00,222.04,399.92,10.547508065463049
2025-08-27 21:00:00,128.87,405.275,10.606120061787102
2025-08-27 22:00:00,113.63,418.46,10.608018741156634
2025-08-27 23:00:00,103.57,426.8425,10.547518433912579
2025-08-28 00:00:00,97.15,432.6875,10.606123506297306
2025-08-28 01:00:00,91.92,442.5075,10.608005899211099
2025-08-28 02:00:00,87.89,451.3375,10.547528796262556
2025-08-28 03:00:00,87.09,440.78499999999997,10.60612694491877
2025-08-28 04:00:00,90.23,427.63,10.607993068238478
2025-08-28 05:00:00,98.72,397.3575,10.547539152518896
2025-08-28 06:00:00,121.63,376.375,10.606130377661536
2025-08-28 07:00:00,143.79,359.555,10.60798024822441
2025-08-28 08:00:00,143.95,335.8175,10.547549502687504
2025-08-28 09:00:00,121.84,307.445,10.606133804535624
2025-08-28 10:00:00,112.27,287.9925,10.607967439154544
2025-08-28 11:00:00,108.13,277.6725,10.547559846774282
2025-08-28 12:00:00,100.89,285.7125,10.606137225551041
2025-08-28 13:00:00,100.96,293.4225,10.607954641014569
2025-08-28 14:00:00,100.89,298.5775,10.54757018478511
2025-08-28 15:00:00,100.66,310.6775,10.606140640717769
2025-08-28 16:00:00,96.1,322.2875,10.6079418537902
2025-08-28 17:00:00,129.84,338.28000000000003,10.547580516725889
2025-08-28 18:00:00,160.85,355.77750000000003,10.606144050045764
2025-08-28 19:00:00,210.0,365.7925,10.607929077467162
2025-08-28 20:00:00,153.16,373.87,10.547590842602476
2025-08-28 21:00:00,124.18,385.40999999999997,10.606147453544962
2025-08-28 22:00:00,107.11,399.3,10.607916312031229
2025-08-28 23:00:00,92.15,403.31,10.547601162420747
2025-08-29 00:00:00,85.04,412.86,10.606150851225287
2025-08-29 01:00:00,83.27,409.9425,10.607903557468179
2025-08-29 02:00:00,83.1,410.855,10.547611476186555
2025-08-29 03:00:00,81.59,401.01,10.606154243096633
2025-08-29 04:00:00,83.01,386.96000000000004,10.607890813763829
2025-08-29 05:00:00,91.0,360.2375,10.547621783905752
2025-08-29 06:00:00,117.55,341.0425,10.606157629168875
2025-08-29 07:00:00,121.39,317.97,10.607878080904012
2025-08-29 08:00:00,120.0,277.75,10.547632085584187
2025-08-29 09:00:00,110.36,212.64749999999998,10.60616100945188
2025-08-29 10:00:00,84.25,142.2175,10.607865358874593
2025-08-29 11:00:00,78.08,121.18,10.547642381227691
2025-08-29 12:00:00,67.44,115.83500000000001,10.606164383955461
2025-08-29 13:00:00,53.96,131.7825,10.607852647661462
2025-08-29 14:00:00,59.64,155.3625,10.54765267084209
2025-08-29 15:00:00,73.06,189.76749999999998,10.606167752689453
2025-08-29 16:00:00,85.0,240.9975,10.60783994725053
2025-08-29 17:00:00,104.82,285.45,10.547662954433207
2025-08-29 18:00:00,118.51,313.8775,10.606171115663642
2025-08-29 19:00:00,147.68,314.815,10.607827257627738
2025-08-29 20:00:00,116.5,315.07,10.547673232006856
2025-08-29 21:00:00,111.96,319.3425,10.6061744728878
2025-08-29 22:00:00,95.7,309.815,10.60781457877904
2025-08-29 23:00:00,86.07,286.595,10.547683503568834
2025-08-30 00:00:00,92.5,279.0325,10.60617782437168
2025-08-30 01:00:00,86.56,276.9325,10.607801910690434
2025-08-30 02:00:00,83.3,282.045,10.547693769124946
2025-08-30 03:00:00,81.51,282.5575,10.60618117012502
2025-08-30 04:00:00,83.39,278.0425,10.60778925334793
2025-08-30 05:00:00,87.72,263.875,10.547704028680974
2025-08-30 06:00:00,95.02,251.01999999999998,10.606184510157526
2025-08-30 07:00:00,98.09,223.25,10.607776606737566
2025-08-30 08:00:00,89.64,174.715,10.547714282242707
2025-08-30 09:00:00,78.6,131.6525,10.606187844478887
2025-08-30 10:00:00,36.46,94.575,10.607763970845404
2025-08-30 11:00:00,5.23,84.0325,10.547724529815913
2025-08-30 12:00:00,0.0,84.63,10.606191173098784
2025-08-30 13:00:00,-0.01,87.935,10.607751345657533
2025-08-30 14:00:00,-0.01,93.69,10.54773477140636
2025-08-30 15:00:00,-0.38,104.7875,10.606194496026866
2025-08-30 16:00:00,9.48,151.9675,10.607738731160063
2025-08-30 17:00:00,81.1,230.0525,10.547745007019804
2025-08-30 18:00:00,103.9,283.6225,10.606197813272761
2025-08-30 19:00:00,127.07,297.68,10.607726127339129
2025-08-30 20:00:00,129.98,295.8025,10.547755236661999
2025-08-30 21:00:00,120.39,283.745,10.606201124846079
2025-08-30 22:00:00,104.94,253.3025,10.607713534180897
2025-08-30 23:00:00,90.3,238.905,10.547765460338685
2025-08-31 00:00:00,88.74,222.82999999999998,10.60620443075642
2025-08-31 01:00:00,78.91,206.395,10.607700951671552
2025-08-31 02:00:00,70.53,178.35750000000002,10.547775678055595
2025-08-31 03:00:00,67.02,172.08249999999998,10.606207731013345
2025-08-31 04:00:00,63.79,170.2775,10.607688379797299
2025-08-31 05:00:00,64.56,174.6975,10.547785889818467
2025-08-31 06:00:00,65.0,154.76749999999998,10.606211025626408
2025-08-31 07:00:00,62.13,117.555,10.607675818544383
2025-08-31 08:00:00,22.3,97.795,10.54779609563301
2025-08-31 09:00:00,5.2,89.89,10.60621431460515
2025-08-31 10:00:00,-0.01,84.905,10.60766326789905
2025-08-31 11:00:00,-0.02,86.3575,10.547806295504946
2025-08-31 12:00:00,-0.11,88.9525,10.60621759795907
2025-08-31 13:00:00,-1.0,89.59,10.607650727847592
2025-08-31 14:00:00,-0.61,96.4575,10.54781648943997
2025-08-31 15:00:00,0.0,114.2975,10.606220875697662
2025-08-31 16:00:00,25.47,191.8175,10.607638198376312
2025-08-31 17:00:00,79.74,264.8325,10.54782667744379
2025-08-31 18:00:00,117.59,319.03,10.606224147830403
2025-08-31 19:00:00,135.1,330.2,10.607625679471548
2025-08-31 20:00:00,132.07,320.565,10.547836859522091
2025-08-31 21:00:00,114.15,296.2275,10.606227414366742
2025-08-31 22:00:00,102.63,268.9825,10.607613171119652
2025-08-31 23:00:00,89.76,262.2125,10.547847035680551
2025-09-01 00:00:00,84.08,260.0,10.606230675316116
2025-09-01 01:00:00,81.43,277.055,10.607600673307005
2025-09-01 02:00:00,80.97,288.235,10.547857205924855
2025-09-01 03:00:00,80.03,295.09,10.60623393068793
2025-09-01 04:00:00,81.37,306.44,10.607588186020008
2025-09-01 05:00:00,92.58,300.7875,10.547867370260661
2025-09-01 06:00:00,120.43,281.945,10.606237180491588
2025-09-01 07:00:00,125.67,260.0025,10.607575709245094
2025-09-01 08:00:00,116.1,252.7175,10.547877528693636
2025-09-01 09:00:00,98.19,237.115,10.606240424736452
2025-09-01 10:00:00,82.0,204.0475,10.607563242968713
2025-09-01 11:00:00,69.4,188.235,10.547887681229428
2025-09-01 12:00:00,38.27,176.9725,10.606243663431886
2025-09-01 13:00:00,25.03,186.6225,10.607550787177335
2025-09-01 14:00:00,42.73,197.5575,10.54789782787368
2025-09-01 15:00:00,67.76,250.04000000000002,10.606246896587226
2025-09-01 16:00:00,84.67,289.34000000000003,10.607538341857468
2025-09-01 17:00:00,109.7,334.4575,10.547907968632037
2025-09-01 18:00:00,155.32,364.795,10.606250124211785
2025-09-01 19:00:00,250.65,375.065,10.607525906995633
2025-09-01 20:00:00,210.56,380.265,10.547918103510119
2025-09-01 21:00:00,125.2,372.7975,10.606253346314853
2025-09-01 22:00:00,112.4,370.535,10.607513482578373
2025-09-01 23:00:00,100.53,366.2275,10.547928232513563
2025-09-02 00:00:00,95.01,362.7625,10.60625656290572
2025-09-02 01:00:00,90.11,375.9625,10.607501068592263
2025-09-02 02:00:00,90.84,379.595,10.547938355647972
2025-09-02 03:00:00,92.5,379.935,10.606259773993633
2025-09-02 04:00:00,94.8,377.155,10.607488665023899
2025-09-02 05:00:00,106.85,352.8125,10.547948472918957
2025-09-02 06:00:00,134.39,342.5,10.606262979587841
2025-09-02 07:00:00,153.67,317.5175,10.607476271859893
2025-09-02 08:00:00,147.48,289.5725,10.547958584332116
2025-09-02 09:00:00,121.05,243.665,10.606266179697563
2025-09-02 10:00:00,102.14,189.5525,10.607463889086889
2025-09-02 11:00:00,84.66,155.985,10.547968689893047
2025-09-02 12:00:00,78.94,135.86,10.606269374331992
2025-09-02 13:00:00,79.73,138.8675,10.607451516691553
2025-09-02 14:00:00,78.54,156.1275,10.54797878960734
2025-09-02 15:00:00,84.37,206.08249999999998,10.606272563500314
2025-09-02 16:00:00,95.0,255.8225,10.60743915466057
2025-09-02 17:00:00,108.97,318.5125,10.547988883480558
2025-09-02 18:00:00,173.16,358.415,10.60627574721169
2025-09-02 19:00:00,311.51,364.4475,10.60742680298066
2025-09-02 20:00:00,263.79,355.3,10.547998971518284
2025-09-02 21:00:00,140.92,339.51750000000004,10.606278925475273
2025-09-02 22:00:00,110.47,332.085,10.607414461638545
2025-09-02 23:00:00,91.21,321.785,10.548009053726078
2025-09-03 00:00:00,97.25,304.36249999999995,10.606282098300182
2025-09-03 01:00:00,90.74,292.92,10.607402130620994
2025-09-03 02:00:00,85.95,275.87,10.548019130109497
2025-09-03 03:00:00,81.72,271.0025,10.606285265695524
2025-09-03 04:00:00,81.23,264.53,10.607389809914782
2025-09-03 05:00:00,86.97,253.715,10.54802920067409
2025-09-03 06:00:00,103.2,234.045,10.606288427670387
2025-09-03 07:00:00,112.34,203.4875,10.607377499506713
2025-09-03 08:00:00,109.13,156.19,10.5480392654254
2025-09-03 09:00:00,85.3,113.19,10.606291584233835
2025-09-03 10:00:00,29.04,102.06,10.607365199383617
2025-09-03 11:00:00,0.03,96.6625,10.548049324368955
2025-09-03 12:00:00,-0.1,97.3275,10.606294735394927
2025-09-03 13:00:00,-0.1,94.705,10.607352909532345
2025-09-03 14:00:00,-0.28,102.54249999999999,10.548059377510294
2025-09-03 15:00:00,0.0,111.165,10.606297881162693
2025-09-03 16:00:00,3.89,123.745,10.607340629939769
2025-09-03 17:00:00,63.46,177.0125,10.548069424854924
2025-09-03 18:00:00,102.35,219.0425,10.606301021546138
2025-09-03 19:00:00,110.92,222.975,10.607328360592787
2025-09-03 20:00:00,104.0,202.315,10.548079466408364
2025-09-03 21:00:00,94.17,177.6475,10.606304156554266
2025-09-03 22:00:00,80.68,165.0725,10.607316101478316
2025-09-03 23:00:00,54.25,161.55,10.548089502176122
2025-09-04 00:00:00,21.65,167.84,10.606307286196047
2025-09-04 01:00:00,17.7,183.375,10.607303852583296
2025-09-04 02:00:00,17.87,190.54500000000002,10.548099532163688
2025-09-04 03:00:00,30.02,204.7875,10.606310410480448
2025-09-04 04:00:00,59.92,207.3825,10.607291613894699
2025-09-04 05:00:00,83.89,216.27,10.548109556376563
2025-09-04 06:00:00,107.87,204.285,10.606313529416399
2025-09-04 07:00:00,120.0,195.39,10.607279385399506
2025-09-04 08:00:00,108.09,155.36,10.548119574820223
2025-09-04 09:00:00,77.81,109.625,10.606316643012823
2025-09-04 10:00:00,41.45,96.7375,10.60726716708473
2025-09-04 11:00:00,5.79,94.35,10.548129587500148
2025-09-04 12:00:00,3.2,96.0125,10.606319751278626
2025-09-04 13:00:00,3.36,104.95,10.607254958937402
2025-09-04 14:00:00,34.89,131.715,10.548139594421805
2025-09-04 15:00:00,71.0,218.9725,10.606322854222688
2025-09-04 16:00:00,90.05,287.4225,10.607242760944581
2025-09-04 17:00:00,109.13,337.66,10.54814959559066
2025-09-04 18:00:00,191.8,356.4025,10.606325951853876
2025-09-04 19:00:00,350.0,360.6925,10.607230573093336
2025-09-04 20:00:00,218.82,364.40250000000003,10.548159591012165
2025-09-04 21:00:00,124.93,362.76,10.60632904418104
2025-09-04 22:00:00,112.14,374.555,10.607218395370781
2025-09-04 23:00:00,101.3,374.8825,10.548169580691766
2025-09-05 00:00:00,95.25,355.1425,10.606332131213012
2025-09-05 01:00:00,86.1,341.555,10.60720622776403
2025-09-05 02:00:00,85.26,333.155,10.54817956463491
2025-09-05 03:00:00,85.2,343.6275,10.606335212958603
2025-09-05 04:00:00,85.6,369.41999999999996,10.607194070260228
2025-09-05 05:00:00,97.36,373.4675,10.548189542847028
2025-09-05 06:00:00,119.16,359.565,10.606338289426601
2025-09-05 07:00:00,132.13,341.6475,10.607181922846545
2025-09-05 08:00:00,125.75,314.77250000000004,10.54819951533354
2025-09-05 09:00:00,100.4,261.935,10.606341360625793
2025-09-05 10:00:00,87.83,217.125,10.607169785510164
2025-09-05 11:00:00,84.15,183.4975,10.548209482099876
2025-09-05 12:00:00,78.25,184.8275,10.60634442656492
2025-09-05 13:00:00,72.19,187.78,10.607157658238311
2025-09-05 14:00:00,70.17,204.0025,10.54821944315144
2025-09-05 15:00:00,77.53,232.6875,10.60634748725274
2025-09-05 16:00:00,85.0,281.3675,10.607145541018207
2025-09-05 17:00:00,90.96,348.88,10.548229398493639
2025-09-05 18:00:00,108.95,383.215,10.60635054269797
2025-09-05 19:00:00,154.53,387.8775,10.607133433837115
2025-09-05 20:00:00,150.75,399.9475,10.548239348131876
2025-09-05 21:00:00,117.1,416.96000000000004,10.606353592909308
2025-09-05 22:00:00,107.71,431.95,10.607121336682312
2025-09-05 23:00:00,100.7,434.68,10.548249292071539
2025-09-06 00:00:00,101.21,442.4375,10.606356637895443
2025-09-06 01:00:00,100.59,449.725,10.607109249541095
2025-09-06 02:00:00,99.57,458.3025,10.548259230318008
2025-09-06 03:00:00,97.84,457.985,10.606359677665049
2025-09-06 04:00:00,96.96,453.6575,10.607097172400792
2025-09-06 05:00:00,98.01,428.6275,10.548269162876666
2025-09-06 06:00:00,102.6,382.8675,10.606362712226776
2025-09-06 07:00:00,100.91,298.1575,10.607085105248748
2025-09-06 08:00:00,95.98,179.17000000000002,10.548279089752882
2025-09-06 09:00:00,79.11,115.9525,10.606365741589254
2025-09-06 10:00:00,11.35,98.715,10.607073048072321
2025-09-06 11:00:00,0.0,96.3025,10.548289010952017
2025-09-06 12:00:00,-0.02,95.69,10.6063687657611
2025-09-06 13:00:00,-0.86,99.47,10.607061000858904
2025-09-06 14:00:00,-0.99,109.8775,10.548298926479424
2025-09-06 15:00:00,-0.01,135.585,10.606371784750916
2025-09-06 16:00:00,40.99,222.95250000000001,10.607048963595904
2025-09-06 17:00:00,87.6,316.595,10.54830883634046
2025-09-06 18:00:00,116.47,347.6225,10.60637479856728
2025-09-06 19:00:00,158.39,343.2625,10.607036936270761
2025-09-06 20:00:00,139.54,322.85,10.54831874054046
2025-09-06 21:00:00,109.95,289.15250000000003,10.606377807218756
2025-09-06 22:00:00,92.95,248.8225,10.607024918870923
2025-09-06 23:00:00,82.56,223.13,10.548328639084765
2025-09-07 00:00:00,89.72,193.04500000000002,10.606380810713892
2025-09-07 01:00:00,85.02,185.76999999999998,10.607012911383862
2025-09-07 02:00:00,80.77,180.555,10.548338531978697
2025-09-07 03:00:00,83.4,179.2475,10.606383809061212
2025-09-07 04:00:00,82.92,175.1625,10.607000913797071
2025-09-07 05:00:00,82.67,172.885,10.548348419227581
2025-09-07 06:00:00,81.5,148.0825,10.606386802269235
2025-09-07 07:00:00,55.48,116.81,10.606988926098078
2025-09-07 08:00:00,0.0,102.7225,10.548358300836735
2025-09-07 09:00:00,-0.09,92.7575,10.60638979034645
2025-09-07 10:00:00,-4.0,84.6725,10.606976948274417
2025-09-07 11:00:00,-20.09,82.3775,10.548368176811458
2025-09-07 12:00:00,-40.02,83.7925,10.606392773301332
2025-09-07 13:00:00,-53.4,88.145,10.606964980313652
2025-09-07 14:00:00,-49.99,89.81,10.548378047157055
2025-09-07 15:00:00,-21.21,96.15,10.606395751142347
2025-09-07 16:00:00,-2.47,107.8775,10.606953022203358
2025-09-07 17:00:00,3.36,179.5375,10.54838791187882
2025-09-07 18:00:00,95.91,233.6975,10.606398723877934
2025-09-07 19:00:00,108.3,231.46,10.606941073931148
2025-09-07 20:00:00,96.25,219.9775,10.548397770982037
2025-09-07 21:00:00,86.02,223.29250000000002,10.60640169151652
2025-09-07 22:00:00,85.01,219.3125,10.60692913548464
2025-09-07 23:00:00,86.06,219.055,10.548407624471993
2025-09-08 00:00:00,79.66,226.515,10.606404654066512
2025-09-08 01:00:00,85.74,232.425,10.606917206851486
2025-09-08 02:00:00,84.7,243.5625,10.548417472353949
2025-09-08 03:00:00,82.27,272.45,10.606407611536307
2025-09-08 04:00:00,83.79,310.3,10.60690528801935
2025-09-08 05:00:00,95.6,324.2525,10.548427314633182
2025-09-08 06:00:00,109.9,319.5075,10.606410563934269
2025-09-08 07:00:00,148.14,293.4525,10.606893378975919
2025-09-08 08:00:00,125.53,267.0525,10.548437151314946
2025-09-08 09:00:00,102.05,226.6575,10.606413511268766
2025-09-08 10:00:00,85.83,200.88,10.606881479708903
2025-09-08 11:00:00,76.14,197.2525,10.548446982404496
2025-09-08 12:00:00,65.35,205.475,10.606416453548132
2025-09-08 13:00:00,60.84,229.0625,10.606869590206038
2025-09-08 14:00:00,69.65,278.28,10.548456807907074
2025-09-08 15:00:00,78.46,329.485,10.606419390780694
2025-09-08 16:00:00,99.72,367.0675,10.606857710455072
2025-09-08 17:00:00,124.28,403.635,10.548466627827922
2025-09-08 18:00:00,196.61,421.1175,10.606422322974757
2025-09-08 19:00:00,413.66,421.9575,10.606845840443778
2025-09-08 20:00:00,308.52,429.1475,10.54847644217227
2025-09-08 21:00:00,152.0,432.0,10.606425250138614
2025-09-08 22:00:00,123.93,438.3925,10.606833980159951
2025-09-08 23:00:00,113.12,454.0,10.548486250945347
2025-09-09 00:00:00,114.52,463.46500000000003,10.606428172280534
2025-09-09 01:00:00,112.46,468.815,10.606822129591405
2025-09-09 02:00:00,110.35,466.89,10.548496054152366
2025-09-09 03:00:00,109.8,458.72,10.606431089408778
2025-09-09 04:00:00,110.86,449.0225,10.606810288725974
2025-09-09 05:00:00,118.18,430.725,10.548505851798543
2025-09-09 06:00:00,182.39,410.095,10.606434001531586
2025-09-09 07:00:00,300.0,375.385,10.606798457551518
2025-09-09 08:00:00,196.98,335.0825,10.54851564388908
2025-09-09 09:00:00,127.59,300.6075,10.606436908657177
2025-09-09 10:00:00,101.73,286.8125,10.606786636055915
2025-09-09 11:00:00,99.25,278.9325,10.548525430429178
2025-09-09 12:00:00,87.18,281.7175,10.606439810793757
2025-09-09 13:00:00,85.69,296.78999999999996,10.606774824227056
2025-09-09 14:00:00,85.51,315.3425,10.548535211424026
2025-09-09 15:00:00,92.49,342.8625,10.606442707949528
2025-09-09 16:00:00,103.35,370.33500000000004,10.606763022052867
2025-09-09 17:00:00,127.41,401.0425,10.54854498687881
2025-09-09 18:00:00,192.68,420.45,10.606445600132655
2025-09-09 19:00:00,386.4,419.3875,10.60675122952128
2025-09-09 20:00:00,215.59,421.7275,10.548554756798705
2025-09-09 21:00:00,133.37,426.5225,10.606448487351294
2025-09-09 22:00:00,115.79,436.51,10.606739446620256
2025-09-09 23:00:00,109.3,435.4975,10.548564521188894
2025-09-10 00:00:00,106.93,428.195,10.606451369613593
2025-09-10 01:00:00,107.29,433.77750000000003,10.606727673337783
2025-09-10 02:00:00,103.73,443.58000000000004,10.548574280054527
2025-09-10 03:00:00,104.81,453.21000000000004,10.606454246927669
2025-09-10 04:00:00,104.55,451.6625,10.606715909661855
2025-09-10 05:00:00,114.28,432.9875,10.548584033400767
2025-09-10 06:00:00,133.35,418.015,10.606457119301634
2025-09-10 07:00:00,223.39,389.96250000000003,10.606704155580497
2025-09-10 08:00:00,171.94,348.4525,10.548593781232768
2025-09-10 09:00:00,129.46,324.2425,10.606459986743584
2025-09-10 10:00:00,107.33,306.15250000000003,10.606692411081742
2025-09-10 11:00:00,102.39,296.2525,10.548603523555672
2025-09-10 12:00:00,88.85,296.4925,10.606462849261588
2025-09-10 13:00:00,86.09,303.0375,10.606680676153665
2025-09-10 14:00:00,87.8,310.2575,10.548613260374617
2025-09-10 15:00:00,90.8,333.8175,10.606465706863709
2025-09-10 16:00:00,105.07,365.845,10.606668950784336
2025-09-10 17:00:00,127.78,400.425,10.548622991694739
2025-09-10 18:00:00,170.59,422.21000000000004,10.606468559557989
2025-09-10 19:00:00,275.19,417.65,10.606657234961867
2025-09-10 20:00:00,169.07,398.845,10.548632717521158
2025-09-10 21:00:00,122.94,378.78,10.60647140735246
2025-09-10 22:00:00,101.58,343.885,10.606645528674374
2025-09-10 23:00:00,87.63,303.9025,10.548642437858994
2025-09-11 00:00:00,88.21,270.95,10.606474250255125
2025-09-11 01:00:00,85.0,250.32999999999998,10.60663383191
2025-09-11 02:00:00,77.13,241.4075,10.54865215271336
2025-09-11 03:00:00,70.67,244.5075,10.606477088273984
2025-09-11 04:00:00,70.67,258.0525,10.606622144656916
2025-09-11 05:00:00,79.05,281.2875,10.548661862089357
2025-09-11 06:00:00,111.18,268.87,10.606479921417018
2025-09-11 07:00:00,125.33,240.97,10.6066104669033
2025-09-11 08:00:00,120.36,178.39499999999998,10.548671565992086
2025-09-11 09:00:00,102.05,111.005,10.606482749692189
2025-09-11 10:00:00,73.64,86.85,10.606598798637355
2025-09-11 11:00:00,8.23,84.365,10.548681264426639
2025-09-11 12:00:00,-0.01,83.195,10.606485573107442
2025-09-11 13:00:00,-0.07,87.8825,10.606587139847305
2025-09-11 14:00:00,-0.72,92.175,10.5486909573981
2025-09-11 15:00:00,0.0,102.715,10.606488391670709
2025-09-11 16:00:00,8.96,147.32999999999998,10.606575490521386
2025-09-11 17:00:00,75.82,220.2025,10.548700644911547
2025-09-11 18:00:00,118.57,243.2975,10.606491205389908
2025-09-11 19:00:00,132.86,243.32999999999998,10.606563850647873
2025-09-11 20:00:00,125.25,233.29250000000002,10.548710326972056
2025-09-11 21:00:00,111.45,204.58749999999998,10.606494014272936
2025-09-11 22:00:00,84.81,165.48000000000002,10.606552220215045
2025-09-11 23:00:00,63.89,135.6675,10.54872000358469
2025-09-12 00:00:00,32.83,134.91500000000002,10.60649681832768
2025-09-12 01:00:00,33.23,138.89499999999998,10.6065405992112
2025-09-12 02:00:00,20.94,142.2425,10.548729674754506
2025-09-12 03:00:00,16.35,149.7475,10.606499617562003
2025-09-12 04:00:00,29.15,155.60500000000002,10.606528987624667
2025-09-12 05:00:00,51.84,171.29500000000002,10.548739340486566
2025-09-12 06:00:00,95.29,185.0025,10.606502411983763
2025-09-12 07:00:00,105.73,170.165,10.606517385443787
2025-09-12 08:00:00,102.01,132.295,10.548749000785902
2025-09-12 09:00:00,48.07,87.7975,10.606505201600793
2025-09-12 10:00:00,1.85,68.725,10.606505792656918
2025-09-12 11:00:00,-1.66,68.1,10.548758655657563
2025-09-12 12:00:00,-5.11,69.49,10.606507986420919
2025-09-12 13:00:00,-8.66,70.87,10.606494209252446
2025-09-12 14:00:00,-6.19,72.375,10.548768305106586
2025-09-12 15:00:00,-4.0,85.5325,10.60651076645194
2025-09-12 16:00:00,-0.01,117.8975,10.60648263521877
2025-09-12 17:00:00,57.69,192.8675,10.548777949137985
2025-09-12 18:00:00,108.71,233.14499999999998,10.606513541701654
2025-09-12 19:00:00,155.36,232.2775,10.60647107054431
2025-09-12 20:00:00,152.24,234.8325,10.548787587756788
2025-09-12 21:00:00,113.96,232.545,10.606516312177824
2025-09-12 22:00:00,102.85,221.4125,10.606459515217514
2025-09-12 23:00:00,96.66,190.1975,10.54879722096801
2025-09-13 00:00:00,85.89,155.9025,10.60651907788822
2025-09-13 01:00:00,72.75,150.9125,10.60644796922683
2025-09-13 02:00:00,72.45,152.21249999999998,10.548806848776659
2025-09-13 03:00:00,72.45,152.62,10.606521838840582
2025-09-13 04:00:00,69.79,155.64,10.606436432560745
2025-09-13 05:00:00,72.75,149.9025,10.548816471187735
2025-09-13 06:00:00,74.71,138.35500000000002,10.606524595042634
2025-09-13 07:00:00,74.11,119.65,10.606424905207758
2025-09-13 08:00:00,72.45,104.79,10.548826088206228
2025-09-13 09:00:00,53.85,93.9075,10.606527346502094
2025-09-13 10:00:00,14.3,78.8375,10.606413387156385
2025-09-13 11:00:00,2.37,76.96000000000001,10.548835699837127
2025-09-13 12:00:00,0.0,77.695,10.606530093226661
2025-09-13 13:00:00,-0.01,78.77,10.606401878395165
2025-09-13 14:00:00,-0.01,84.17,10.548845306085425
2025-09-13 15:00:00,-0.01,87.6475,10.606532835224009
2025-09-13 16:00:00,3.88,120.4925,10.606390378912652
2025-09-13 17:00:00,74.11,192.325,10.548854906956086
2025-09-13 18:00:00,108.1,208.58249999999998,10.606535572501816
2025-09-13 19:00:00,121.9,206.8875,10.606378888697426
2025-09-13 20:00:00,118.77,208.02,10.54886450245408
2025-09-13 21:00:00,111.17,208.8525,10.60653830506772
2025-09-13 22:00:00,100.0,210.885,10.606367407738084
2025-09-13 23:00:00,87.18,211.45499999999998,10.548874092584368
2025-09-14 00:00:00,85.69,221.875,10.606541032929371
2025-09-14 01:00:00,77.57,224.11,10.606355936023236
2025-09-14 02:00:00,80.61,220.8875,10.548883677351915
2025-09-14 03:00:00,85.93,231.58,10.606543756094384
2025-09-14 04:00:00,93.77,237.6075,10.606344473541514
2025-09-14 05:00:00,99.82,233.4225,10.548893256761664
2025-09-14 06:00:00,100.75,227.6,10.606546474570365
2025-09-14 07:00:00,105.36,205.1775,10.606333020281575
2025-09-14 08:00:00,108.48,159.17000000000002,10.548902830818564
2025-09-14 09:00:00,87.78,119.7675,10.606549188364907
2025-09-14 10:00:00,61.68,88.5675,10.606321576232089
2025-09-14 11:00:00,17.58,76.365,10.548912399527543
2025-09-14 12:00:00,6.52,73.1325,10.606551897485591
2025-09-14 13:00:00,0.0,73.4875,10.606310141381746
2025-09-14 14:00:00,-0.01,80.3725,10.548921962893543
2025-09-14 15:00:00,0.0,114.77,10.606554601939964
2025-09-14 16:00:00,19.33,182.5925,10.60629871571926
2025-09-14 17:00:00,98.2,241.22,10.548931520921482
2025-09-14 18:00:00,124.34,263.73,10.606557301735588
2025-09-14 19:00:00,153.29,254.305,10.606287299233353
2025-09-14 20:00:00,126.01,232.53,10.548941073616282
2025-09-14 21:00:00,97.37,186.10500000000002,10.606559996879987
2025-09-14 22:00:00,77.02,122.00999999999999,10.606275891912777
2025-09-14 23:00:00,14.27,100.985,10.548950620982852
2025-09-15 00:00:00,20.0,94.94,10.606562687380677
2025-09-15 01:00:00,3.87,91.365,10.606264493746295
2025-09-15 02:00:00,1.39,89.8125,10.548960163026099
2025-09-15 03:00:00,0.01,89.9825,10.60656537324516
2025-09-15 04:00:00,0.0,88.4725,10.606253104722695
2025-09-15 05:00:00,0.9,89.005,10.548969699750925
2025-09-15 06:00:00,20.27,98.865,10.606568054480922
2025-09-15 07:00:00,54.31,100.7975,10.60624172483078
2025-09-15 08:00:00,40.4,86.12,10.548979231162221
2025-09-15 09:00:00,0.9,77.4625,10.60657073109544
2025-09-15 10:00:00,-0.47,67.9675,10.606230354059374
2025-09-15 11:00:00,-2.61,65.6375,10.548988757264876
2025-09-15 12:00:00,-8.0,63.3625,10.606573403096164
2025-09-15 13:00:00,-14.27,63.9625,10.60621899239732
2025-09-15 14:00:00,-13.7,64.975,10.548998278063767
2025-09-15 15:00:00,-8.9,72.015,10.606576070490542
2025-09-15 16:00:00,-5.24,76.3125,10.606207639833467
2025-09-15 17:00:00,-0.53,108.99000000000001,10.549007793563776
2025-09-15 18:00:00,14.01,139.1975,10.606578733286
2025-09-15 19:00:00,53.93,117.5275,10.606196296356707
2025-09-15 20:00:00,47.37,102.02250000000001,10.549017303769762
2025-09-15 21:00:00,5.33,99.4375,10.606581391489952
2025-09-15 22:00:00,2.91,90.15,10.606184961955929
2025-09-15 23:00:00,0.06,83.41,10.549026808686596
2025-09-16 00:00:00,-0.01,81.295,10.606584045109795
2025-09-16 01:00:00,-0.09,83.43,10.606173636620051
2025-09-16 02:00:00,-0.23,84.41749999999999,10.549036308319133
2025-09-16 03:00:00,-1.05,83.8625,10.606586694152911
2025-09-16 04:00:00,-1.33,86.82249999999999,10.60616232033801
2025-09-16 05:00:00,-0.01,89.6225,10.549045802672216
2025-09-16 06:00:00,2.32,106.38499999999999,10.606589338626675
2025-09-16 07:00:00,16.21,101.23,10.606151013098753
2025-09-16 08:00:00,3.81,75.715,10.549055291750694
2025-09-16 09:00:00,-1.01,66.87,10.60659197853844
2025-09-16 10:00:00,-5.11,66.0475,10.606139714891258
2025-09-16 11:00:00,-10.38,66.72749999999999,10.549064775559403
2025-09-16 12:00:00,-20.05,64.17750000000001,10.606594613895542
2025-09-16 13:00:00,-18.03,67.7075,10.606128425704506
2025-09-16 14:00:00,-11.17,73.8775,10.549074254103179
2025-09-16 15:00:00,-9.99,77.9675,10.606597244705315
2025-09-16 16:00:00,-3.24,92.9875,10.606117145527506
2025-09-16 17:00:00,0.0,143.88,10.54908372738684
2025-09-16 18:00:00,72.64,159.3025,10.606599870975064
2025-09-16 19:00:00,103.33,156.64749999999998,10.606105874349291
2025-09-16 20:00:00,112.97,134.105,10.549093195415209
2025-09-16 21:00:00,92.97,130.425,10.606602492712094
2025-09-16 22:00:00,80.55,139.375,10.6060946121589
2025-09-16 23:00:00,65.44,119.16499999999999,10.5491026581931
2025-09-17 00:00:00,70.8,146.2075,10.606605109923677
2025-09-17 01:00:00,63.47,160.2075,10.606083358945396
2025-09-17 02:00:00,50.95,166.745,10.54911211572532
2025-09-17 03:00:00,48.53,180.1025,10.606607722617088
2025-09-17 04:00:00,60.01,197.9025,10.606072114697858
2025-09-17 05:00:00,73.82,207.5775,10.549121568016668
2025-09-17 06:00:00,98.85,206.695,10.606610330799583
2025-09-17 07:00:00,117.34,191.5975,10.606060879405387
2025-09-17 08:00:00,112.74,163.0525,10.54913101507194
2025-09-17 09:00:00,95.14,125.6925,10.606612934478399
2025-09-17 10:00:00,69.14,113.75,10.6060496530571
2025-09-17 11:00:00,41.38,104.185,10.549140456895927
2025-09-17 12:00:00,10.5,98.165,10.606615533660763
2025-09-17 13:00:00,7.88,99.86250000000001,10.606038435642134
2025-09-17 14:00:00,10.59,115.0725,10.549149893493405
2025-09-17 15:00:00,43.09,141.9225,10.606618128353885
2025-09-17 16:00:00,81.17,185.1725,10.606027227149632
2025-09-17 17:00:00,110.0,228.03,10.549159324869159
2025-09-17 18:00:00,123.31,249.83,10.60662071856497
2025-09-17 19:00:00,142.58,245.1675,10.606016027568774
2025-09-17 20:00:00,123.52,234.44,10.549168751027954
2025-09-17 21:00:00,94.2,211.54000000000002,10.606623304301193
2025-09-17 22:00:00,86.1,171.04,10.606004836888749
2025-09-17 23:00:00,73.07,137.18,10.549178171974557
2025-09-18 00:00:00,53.12,131.935,10.606625885569729
2025-09-18 01:00:00,48.29,134.21,10.605993655098757
2025-09-18 02:00:00,38.47,135.4625,10.54918758771372
2025-09-18 03:00:00,37.96,138.53,10.606628462377728
2025-09-18 04:00:00,48.12,145.60500000000002,10.60598248218803
2025-09-18 05:00:00,74.15,174.9075,10.549196998250206
2025-09-18 06:00:00,105.81,183.405,10.606631034732338
2025-09-18 07:00:00,117.21,162.34,10.605971318145807
2025-09-18 08:00:00,111.28,125.52,10.549206403588753
2025-09-18 09:00:00,90.8,92.0475,10.606633602640681
2025-09-18 10:00:00,65.1,83.08,10.605960162961347
2025-09-18 11:00:00,5.89,79.4975,10.549215803734104
2025-09-18 12:00:00,0.2,81.1075,10.606636166109874
2025-09-18 13:00:00,0.0,83.985,10.605949016623928
2025-09-18 14:00:00,0.0,88.55250000000001,10.549225198690996
2025-09-18 15:00:00,0.52,106.465,10.606638725147018
2025-09-18 16:00:00,15.31,144.655,10.605937879122852
2025-09-18 17:00:00,89.79,210.9675,10.549234588464152
2025-09-18 18:00:00,115.45,233.3825,10.606641279759197
2025-09-18 19:00:00,134.23,221.4,10.605926750447424
2025-09-18 20:00:00,128.68,221.7975,10.5492439730583
2025-09-18 21:00:00,110.0,219.76749999999998,10.606643829953484
2025-09-18 22:00:00,98.94,213.175,10.605915630586978
2025-09-18 23:00:00,88.2,212.41750000000002,10.549253352478155
2025-09-19 00:00:00,74.09,225.385,10.606646375736931
2025-09-19 01:00:00,72.47,228.055,10.605904519530862
2025-09-19 02:00:00,73.45,235.0125,10.549262726728426
2025-09-19 03:00:00,73.7,243.6625,10.60664891711659
2025-09-19 04:00:00,74.02,261.21000000000004,10.605893417268444
2025-09-19 05:00:00,89.59,264.735,10.549272095813816
2025-09-19 06:00:00,118.92,251.5525,10.606651454099492
2025-09-19 07:00:00,143.42,231.7575,10.605882323789103
2025-09-19 08:00:00,118.29,193.815,10.549281459739031
2025-09-19 09:00:00,95.18,120.73750000000001,10.606653986692653
2025-09-19 10:00:00,53.7,96.375,10.605871239082248
2025-09-19 11:00:00,13.03,89.69,10.549290818508753
2025-09-19 12:00:00,0.99,89.70750000000001,10.606656514903074
2025-09-19 13:00:00,0.0,93.9025,10.60586016313729
2025-09-19 14:00:00,0.0,110.445,10.549300172127682
2025-09-19 15:00:00,11.97,165.97,10.606659038737742
2025-09-19 16:00:00,74.46,276.945,10.60584909594367
2025-09-19 17:00:00,119.44,347.1425,10.549309520600486
2025-09-19 18:00:00,255.21,358.07,10.60666155820364
2025-09-19 19:00:00,409.24,348.78499999999997,10.60583803749084
2025-09-19 20:00:00,167.59,322.95500000000004,10.549318863931848
2025-09-19 21:00:00,111.82,275.3225,10.606664073307726
2025-09-19 22:00:00,86.04,240.115,10.60582698776827
2025-09-19 23:00:00,78.93,202.9,10.54932820212643
2025-09-20 00:00:00,87.24,183.155,10.606666584056953
2025-09-20 01:00:00,77.91,174.1475,10.60581594676545
2025-09-20 02:00:00,74.99,173.105,10.549337535188904
2025-09-20 03:00:00,74.8,179.0925,10.606669090458256
2025-09-20 04:00:00,74.79,185.5375,10.605804914471884
2025-09-20 05:00:00,80.21,188.14,10.549346863123922
2025-09-20 06:00:00,88.51,177.70499999999998,10.606671592518556
2025-09-20 07:00:00,86.97,128.2725,10.605793890877091
2025-09-20 08:00:00,75.29,96.255,10.549356185936137
2025-09-20 09:00:00,24.9,90.2825,10.606674090244756
2025-09-20 10:00:00,3.02,82.3625,10.605782875970617
2025-09-20 11:00:00,-0.28,80.12,10.549365503630193
2025-09-20 12:00:00,-6.1,79.32249999999999,10.60667658364376
2025-09-20 13:00:00,-10.86,80.465,10.605771869742012
2025-09-20 14:00:00,-5.1,82.9725,10.549374816210733
2025-09-20 15:00:00,-0.04,102.10249999999999,10.606679072722448
2025-09-20 16:00:00,26.36,175.1525,10.605760872180857
2025-09-20 17:00:00,93.84,215.8625,10.54938412368239
2025-09-20 18:00:00,124.58,217.9025,10.606681557487684
2025-09-20 19:00:00,134.1,208.605,10.605749883276742
2025-09-20 20:00:00,99.08,195.64249999999998,10.549393426049786
2025-09-20 21:00:00,81.95,178.3125,10.606684037946325
2025-09-20 22:00:00,74.5,165.4725,10.605738903019278
2025-09-20 23:00:00,48.3,142.135,10.549402723317556
2025-09-21 00:00:00,8.07,127.7225,10.60668651410522
2025-09-21 01:00:00,3.7,128.52,10.605727931398079
2025-09-21 02:00:00,3.46,133.93,10.5494120154903
2025-09-21 03:00:00,1.65,144.6175,10.60668898597119
2025-09-21 04:00:00,2.08,148.98,10.605716968402795
2025-09-21 05:00:00,3.23,146.45,10.549421302572645
2025-09-21 06:00:00,4.41,139.525,10.606691453551052
2025-09-21 07:00:00,5.23,126.66,10.605706014023086
2025-09-21 08:00:00,3.01,115.8675,10.549430584569183
2025-09-21 09:00:00,1.31,103.5025,10.606693916851606
2025-09-21 10:00:00,0.0,94.8925,10.60569506824863
2025-09-21 11:00:00,-0.09,92.5375,10.549439861484524
2025-09-21 12:00:00,-1.2,98.0575,10.606696375879645
2025-09-21 13:00:00,-2.02,107.61749999999999,10.605684131069113
2025-09-21 14:00:00,-1.31,120.3275,10.549449133323254
2025-09-21 15:00:00,-0.01,131.27,10.606698830641948
2025-09-21 16:00:00,9.47,171.47,10.605673202474248
2025-09-21 17:00:00,85.18,210.805,10.549458400089962
2025-09-21 18:00:00,113.96,226.39249999999998,10.60670128114527
2025-09-21 19:00:00,120.57,241.55,10.605662282453766
2025-09-21 20:00:00,118.84,249.2425,10.549467661789231
2025-09-21 21:00:00,104.68,258.2075,10.606703727396365
2025-09-21 22:00:00,96.35,255.67000000000002,10.605651370997405
2025-09-21 23:00:00,91.68,257.33000000000004,10.549476918425636
2025-09-22 00:00:00,87.33,258.7825,10.606706169401969
2025-09-22 01:00:00,83.57,252.8925,10.60564046809493
2025-09-22 02:00:00,79.21,248.0275,10.549486170003746
2025-09-22 03:00:00,79.21,257.4775,10.606708607168807
2025-09-22 04:00:00,80.35,273.64750000000004,10.60562957373611
2025-09-22 05:00:00,93.59,285.4425,10.54949541652813
2025-09-22 06:00:00,118.69,296.105,10.606711040703587
2025-09-22 07:00:00,130.0,291.0975,10.605618687910747
2025-09-22 08:00:00,130.0,271.745,10.549504658003347
2025-09-22 09:00:00,108.57,235.37,10.60671347001301
2025-09-22 10:00:00,91.82,181.7175,10.60560781060865
2025-09-22 11:00:00,77.86,145.63,10.549513894433943
2025-09-22 12:00:00,74.04,145.4875,10.606715895103761
2025-09-22 13:00:00,71.17,154.10250000000002,10.605596941819643
2025-09-22 14:00:00,70.23,171.83249999999998,10.549523125824471
2025-09-22 15:00:00,78.39,230.53,10.60671831598251
2025-09-22 16:00:00,84.79,287.4925,10.60558608153357
2025-09-22 17:00:00,100.13,325.38750000000005,10.549532352179476
2025-09-22 18:00:00,128.08,336.5875,10.606720732655914
2025-09-22 19:00:00,140.92,341.2925,10.60557522974029
2025-09-22 20:00:00,130.0,356.1675,10.549541573503484
2025-09-22 21:00:00,114.24,358.1725,10.606723145130628
2025-09-22 22:00:00,97.72,363.01,10.605564386429686
2025-09-22 23:00:00,89.99,380.6425,10.549550789801035
2025-09-23 00:00:00,88.6,395.9625,10.606725553413277
2025-09-23 01:00:00,90.0,397.505,10.605553551591639
2025-09-23 02:00:00,89.73,406.1625,10.549560001076653
2025-09-23 03:00:00,89.93,404.1175,10.606727957510484
2025-09-23 04:00:00,91.34,398.445,10.605542725216068
2025-09-23 05:00:00,98.11,391.3125,10.54956920733485
2025-09-23 06:00:00,122.01,384.26,10.606730357428862
2025-09-23 07:00:00,172.36,361.075,10.605531907292896
2025-09-23 08:00:00,162.8,329.7675,10.549578408580148
2025-09-23 09:00:00,125.76,274.8125,10.606732753174999
2025-09-23 10:00:00,93.92,226.075,10.605521097812062
2025-09-23 11:00:00,85.51,205.64749999999998,10.549587604817049
2025-09-23 12:00:00,77.54,206.275,10.606735144755486
2025-09-23 13:00:00,74.24,216.1025,10.605510296763532
2025-09-23 14:00:00,74.25,242.4625,10.549596796050059
2025-09-23 15:00:00,84.11,286.87,10.606737532176881
2025-09-23 16:00:00,85.76,325.08500000000004,10.605499504137272
2025-09-23 17:00:00,102.9,351.735,10.549605982283673
2025-09-23 18:00:00,136.83,354.73,10.606739915445752
2025-09-23 19:00:00,149.58,343.38,10.605488719923283
2025-09-23 20:00:00,115.81,321.5825,10.549615163522379
2025-09-23 21:00:00,94.0,299.78,10.60674229456864
2025-09-23 22:00:00,84.91,288.3275,10.605477944111561
2025-09-23 23:00:00,84.1,274.0625,10.549624339770665
2025-09-24 00:00:00,82.67,264.75,10.60674466955208
2025-09-24 01:00:00,82.32,263.465,10.60546717669214
2025-09-24 02:00:00,81.61,255.7375,10.549633511033013
2025-09-24 03:00:00,77.95,258.04,10.606747040402587
2025-09-24 04:00:00,78.59,263.57,10.605456417655049
2025-09-24 05:00:00,82.67,280.33500000000004,10.549642677313898
2025-09-24 06:00:00,109.76,283.0925,10.606749407126674
2025-09-24 07:00:00,118.01,265.14250000000004,10.605445666990354
2025-09-24 08:00:00,120.45,238.3775,10.549651838617782
2025-09-24 09:00:00,107.0,203.51,10.606751769730831
2025-09-24 10:00:00,85.54,155.10250000000002,10.605434924688117
2025-09-24 11:00:00,70.09,127.5975,10.549660994949136
2025-09-24 12:00:00,27.1,124.65,10.606754128221544
2025-09-24 13:00:00,10.66,128.96499999999997,10.605424190738432
2025-09-24 14:00:00,9.9,139.22,10.549670146312412
2025-09-24 15:00:00,15.0,158.1175,10.60675648260528
2025-09-24 16:00:00,66.1,195.1725,10.605413465131406
2025-09-24 17:00:00,85.69,237.755,10.549679292712067
2025-09-24 18:00:00,113.08,238.035,10.606758832888499
2025-09-24 19:00:00,115.93,224.42000000000002,10.605402747857154
2025-09-24 20:00:00,113.95,205.7125,10.549688434152536
2025-09-24 21:00:00,91.29,192.4475,10.606761179077642
2025-09-24 22:00:00,85.5,175.24,10.60539203890581
2025-09-24 23:00:00,69.68,153.04500000000002,10.549697570638275
2025-09-25 00:00:00,73.3,147.915,10.606763521179147
2025-09-25 01:00:00,69.69,148.47,10.605381338267529
2025-09-25 02:00:00,67.81,148.0275,10.549706702173712
2025-09-25 03:00:00,68.09,158.79250000000002,10.606765859199434
2025-09-25 04:00:00,71.69,190.1625,10.605370645932481
2025-09-25 05:00:00,77.33,211.305,10.549715828763276
2025-09-25 06:00:00,108.55,214.0725,10.606768193144909
2025-09-25 07:00:00,124.26,208.5875,10.605359961890844
2025-09-25 08:00:00,124.99,200.6675,10.549724950411393
2025-09-25 09:00:00,104.88,187.4125,10.606770523021968
2025-09-25 10:00:00,77.95,184.1475,10.605349286132826
2025-09-25 11:00:00,69.24,173.065,10.549734067122483
2025-09-25 12:00:00,38.18,163.97,10.606772848836998
2025-09-25 13:00:00,16.03,175.5225,10.605338618648632
2025-09-25 14:00:00,20.1,181.325,10.549743178900957
2025-09-25 15:00:00,43.66,197.8275,10.606775170596368
2025-09-25 16:00:00,75.0,229.1775,10.6053279594285
2025-09-25 17:00:00,88.79,245.6925,10.549752285751223
2025-09-25 18:00:00,117.04,247.0475,10.606777488306438
2025-09-25 19:00:00,121.47,247.915,10.605317308462674
2025-09-25 20:00:00,123.75,250.875,10.549761387677687
2025-09-25 21:00:00,105.83,255.55,10.606779801973554
2025-09-25 22:00:00,94.77,255.6875,10.605306665741416
2025-09-25 23:00:00,81.09,249.62,10.549770484684744
2025-09-26 00:00:00,78.48,249.0,10.606782111604053
2025-09-26 01:00:00,75.0,255.0925,10.605296031255005
2025-09-26 02:00:00,73.17,260.19,10.549779576776784
2025-09-26 03:00:00,73.18,274.23,10.606784417204258
2025-09-26 04:00:00,74.93,289.69,10.605285404993738
2025-09-26 05:00:00,82.0,289.93,10.549788663958196
2025-09-26 06:00:00,107.74,285.8725,10.606786718780485
2025-09-26 07:00:00,120.33,273.81,10.605274786947916
2025-09-26 08:00:00,123.56,257.15250000000003,10.549797746233356
2025-09-26 09:00:00,110.41,236.51,10.606789016339025
2025-09-26 10:00:00,89.84,208.89249999999998,10.605264177107875
2025-09-26 11:00:00,85.36,204.86,10.549806823606643
2025-09-26 12:00:00,78.96,202.7625,10.606791309886173
2025-09-26 13:00:00,73.16,199.6925,10.605253575463943
2025-09-26 14:00:00,75.05,208.3425,10.549815896082425
2025-09-26 15:00:00,79.99,236.61,10.6067935994282
2025-09-26 16:00:00,98.81,264.145,10.605242982006486
2025-09-26 17:00:00,109.8,273.4375,10.549824963665069
2025-09-26 18:00:00,123.65,269.295,10.606795884971365
2025-09-26 19:00:00,133.02,282.2325,10.605232396725873
2025-09-26 20:00:00,119.61,290.64750000000004,10.549834026358933
2025-09-26 21:00:00,106.21,295.3625,10.606798166521926
2025-09-26 22:00:00,96.9,300.8925,10.605221819612488
2025-09-26 23:00:00,89.9,296.66499999999996,10.54984308416837
2025-09-27 00:00:00,84.99,306.22749999999996,10.606800444086122
2025-09-27 01:00:00,83.26,303.3275,10.605211250656737
2025-09-27 02:00:00,82.7,295.8225,10.549852137097723
2025-09-27 03:00:00,82.51,296.595,10.60680271767018
2025-09-27 04:00:00,85.28,304.4425,10.605200689849037
2025-09-27 05:00:00,89.19,301.125,10.549861185151343
2025-09-27 06:00:00,90.57,291.18,10.60680498728031
2025-09-27 07:00:00,105.45,269.915,10.605190137179818
2025-09-27 08:00:00,109.71,252.22750000000002,10.549870228333567
2025-09-27 09:00:00,96.92,221.6,10.60680725292272
2025-09-27 10:00:00,87.86,200.12,10.605179592639535
2025-09-27 11:00:00,75.0,195.2275,10.54987926664872
2025-09-27 12:00:00,59.77,197.3825,10.606809514603608
2025-09-27 13:00:00,36.11,195.35250000000002,10.605169056218644
2025-09-27 14:00:00,48.54,205.01749999999998,10.54988830010114
2025-09-27 15:00:00,78.22,243.155,10.60681177232915
2025-09-27 16:00:00,93.1,292.55,10.605158527907628
2025-09-27 17:00:00,112.01,315.46500000000003,10.549897328695137
2025-09-27 18:00:00,133.35,318.34749999999997,10.606814026105518
2025-09-27 19:00:00,148.61,332.3075,10.605148007696977
2025-09-27 20:00:00,122.53,340.755,10.54990635243503
2025-09-27 21:00:00,114.4,349.46500000000003,10.606816275938861
2025-09-27 22:00:00,107.56,360.48249999999996,10.60513749557721
2025-09-27 23:00:00,99.54,362.1175,10.549915371325136
2025-09-28 00:00:00,97.56,367.505,10.606818521835331
2025-09-28 01:00:00,95.31,376.195,10.605126991538844
2025-09-28 02:00:00,94.32,385.7975,10.549924385369753
2025-09-28 03:00:00,91.47,384.4575,10.60682076380106
2025-09-28 04:00:00,97.77,384.145,10.605116495572421
2025-09-28 05:00:00,97.58,385.545,10.549933394573186
2025-09-28 06:00:00,100.91,371.1575,10.606823001842173
2025-09-28 07:00:00,105.79,324.695,10.60510600766849
2025-09-28 08:00:00,98.77,256.97249999999997,10.54994239893973
2025-09-28 09:00:00,95.04,193.0075,10.606825235964774
2025-09-28 10:00:00,82.08,143.3075,10.605095527817637
2025-09-28 11:00:00,37.47,124.0825,10.549951398473668
2025-09-28 12:00:00,17.11,125.08,10.606827466174968
2025-09-28 13:00:00,8.53,132.81,10.605085056010427
2025-09-28 14:00:00,13.0,159.98250000000002,10.549960393179292
2025-09-28 15:00:00,61.33,244.32,10.606829692478842
2025-09-28 16:00:00,86.0,334.44,10.605074592237473
2025-09-28 17:00:00,105.89,382.0575,10.549969383060876
2025-09-28 18:00:00,131.02,373.9525,10.60683191488247
2025-09-28 19:00:00,137.97,368.04,10.605064136489386
2025-09-28 20:00:00,125.93,373.815,10.549978368122696
2025-09-28 21:00:00,113.51,380.7125,10.606834133391917
2025-09-28 22:00:00,102.29,391.9425,10.605053688756794
2025-09-28 23:00:00,95.74,410.4425,10.549987348369015
2025-09-29 00:00:00,90.95,419.2825,10.60683634801324
2025-09-29 01:00:00,88.76,427.9575,10.605043249030347
2025-09-29 02:00:00,87.88,434.5225,10.549996323804109
2025-09-29 03:00:00,87.94,437.325,10.606838558752477
2025-09-29 04:00:00,88.31,439.9525,10.605032817300696
2025-09-29 05:00:00,98.37,424.03,10.550005294432221
2025-09-29 06:00:00,134.98,409.4925,10.606840765615658
2025-09-29 07:00:00,222.1,386.735,10.605022393558526
2025-09-29 08:00:00,166.91,353.5025,10.550014260257615
2025-09-29 09:00:00,122.06,320.68,10.606842968608802
2025-09-29 10:00:00,90.21,259.985,10.605011977794522
2025-09-29 11:00:00,84.95,206.36,10.550023221284532
2025-09-29 12:00:00,78.71,196.9225,10.60684516773792
2025-09-29 13:00:00,77.08,221.525,10.60500156999939
2025-09-29 14:00:00,83.33,274.275,10.550032177517217
2025-09-29 15:00:00,87.4,335.5825,10.606847363009003
2025-09-29 16:00:00,99.98,384.21,10.604991170163842
2025-09-29 17:00:00,140.79,409.4375,10.550041128959904
2025-09-29 18:00:00,302.65,406.1625,10.606849554428043
2025-09-29 19:00:00,406.78,400.5875,10.604980778278616
2025-09-29 20:00:00,167.6,401.17,10.550050075616829
2025-09-29 21:00:00,123.85,412.1425,10.606851742001005
2025-09-29 22:00:00,108.3,418.365,10.604970394334465
2025-09-29 23:00:00,93.68,419.245,10.550059017492218
2025-09-30 00:00:00,101.1,413.2075,10.606853925733857
2025-09-30 01:00:00,98.43,413.705,10.604960018322146
2025-09-30 02:00:00,98.93,415.8575,10.550067954590288
2025-09-30 03:00:00,94.99,423.9475,10.606856105632552
2025-09-30 04:00:00,99.12,428.495,10.604949650232438
2025-09-30 05:00:00,112.08,417.88,10.550076886915262
2025-09-30 06:00:00,141.86,401.24,10.60685828170303
2025-09-30 07:00:00,244.0,384.2875,10.604939290056135
2025-09-30 08:00:00,209.23,362.3375,10.550085814471347
2025-09-30 09:00:00,141.85,317.795,10.60686045395121
2025-09-30 10:00:00,115.2,277.1,10.604928937784045
2025-09-30 11:00:00,96.72,242.84,10.550094737262746
2025-09-30 12:00:00,87.91,247.91,10.606862622383025
2025-09-30 13:00:00,86.04,256.7125,10.604918593406984
2025-09-30 14:00:00,87.26,298.2825,10.550103655293668
2025-09-30 15:00:00,96.8,346.995,10.606864787004367
2025-09-30 16:00:00,104.03,391.135,10.604908256915797
2025-09-30 17:00:00,142.64,416.1625,10.550112568568302
2025-09-30 18:00:00,294.54,409.695,10.606866947821144
2025-09-30 19:00:00,357.77,403.7375,10.604897928301328
2025-09-30 20:00:00,147.28,407.01250000000005,10.55012147709084
2025-09-30 21:00:00,116.04,409.03249999999997,10.60686910483923
2025-09-30 22:00:00,101.63,412.7425,10.604887607554444
2025-09-30 23:00:00,92.54,424.1675,10.550130380865468
2025-10-01 00:00:00,91.565,430.065,10.606871258064512
2025-10-01 01:00:00,86.285,435.8975,10.604877294666025
2025-10-01 02:00:00,84.8725,427.3675,10.550139279896367
2025-10-01 03:00:00,88.325,415.63,10.606873407502837
2025-10-01 04:00:00,87.655,444.51750000000004,10.604866989626963
2025-10-01 05:00:00,95.3275,433.4425,10.55014817418771
2025-10-01 06:00:00,124.96000000000001,413.1575,10.606875553160068
2025-10-01 07:00:00,173.29999999999998,386.015,10.604856692428168
2025-10-01 08:00:00,139.0875,338.975,10.550157063743667
2025-10-01 09:00:00,105.25,292.4175,10.606877695042039
2025-10-01 10:00:00,86.035,243.32,10.604846403060563
2025-10-01 11:00:00,70.5675,201.0125,10.550165948568402
2025-10-01 12:00:00,66.025,194.2125,10.606879833154585
2025-10-01 13:00:00,68.4,221.2875,10.604836121515085
2025-10-01 14:00:00,72.6275,279.725,10.550174828666082
2025-10-01 15:00:00,81.7225,341.0825,10.606881967503519
2025-10-01 16:00:00,92.87,397.52250000000004,10.604825847782683
2025-10-01 17:00:00,135.39999999999998,429.24,10.55018370404085
2025-10-01 18:00:00,253.2375,423.245,10.606884098094651
2025-10-01 19:00:00,339.9925,424.145,10.604815581854327
2025-10-01 20:00:00,152.0225,416.15250000000003,10.550192574696863
2025-10-01 21:00:00,113.035,398.845,10.60688622493378
2025-10-01 22:00:00,98.51,380.4425,10.604805323720994
2025-10-01 23:00:00,90.6475,370.1525,10.55020144063827
2025-10-02 00:00:00,90.805,373.1625,10.606888348026688
2025-10-02 01:00:00,88.0,380.49,10.604795073373676
2025-10-02 02:00:00,86.52499999999999,388.685,10.5502103018692
2025-10-02 03:00:00,88.56,397.9475,10.606890467379156
2025-10-02 04:00:00,90.8075,406.84000000000003,10.604784830803386
2025-10-02 05:00:00,95.9725,398.6575,10.550219158393794
2025-10-02 06:00:00,128.72,381.0375,10.606892582996943
2025-10-02 07:00:00,181.0875,360.955,10.604774596001144
2025-10-02 08:00:00,136.67749999999998,322.0625,10.550228010216184
2025-10-02 09:00:00,100.505,256.205,10.606894694885808
2025-10-02 10:00:00,91.48,189.3475,10.604764368957987
2025-10-02 11:00:00,78.285,156.375,10.550236857340485
2025-10-02 12:00:00,65.77,150.16750000000002,10.606896803051487
2025-10-02 13:00:00,60.5,157.8625,10.604754149664968
2025-10-02 14:00:00,71.28999999999999,182.52249999999998,10.550245699770825
2025-10-02 15:00:00,80.6625,249.5175,10.606898907499717
2025-10-02 16:00:00,91.445,337.9375,10.604743938113147
2025-10-02 17:00:00,113.32,381.745,10.550254537511313
2025-10-02 18:00:00,167.925,372.79999999999995,10.606901008236221
2025-10-02 19:00:00,176.8375,352.9525,10.604733734293605
2025-10-02 20:00:00,109.92,326.9675,10.550263370566057
2025-10-02 21:00:00,90.855,310.0125,10.606903105266705
2025-10-02 22:00:00,96.6575,283.6925,10.60472353819744
2025-10-02 23:00:00,82.0925,252.24,10.550272198939169
2025-10-03 00:00:00,85.9325,232.17000000000002,10.606905198596873
2025-10-03 01:00:00,77.14,210.2225,10.604713349815748
2025-10-03 02:00:00,71.75,203.48,10.550281022634742
2025-10-03 03:00:00,73.9075,207.35,10.606907288232414
2025-10-03 04:00:00,76.2875,214.6875,10.604703169139658
2025-10-03 05:00:00,77.98,223.275,10.550289841656872
2025-10-03 06:00:00,93.78,224.825,10.606909374179006
2025-10-03 07:00:00,100.4175,192.6525,10.604692996160304
2025-10-03 08:00:00,103.68,136.705,10.55029865600965
2025-10-03 09:00:00,83.9025,96.4775,10.60691145644232
2025-10-03 10:00:00,59.9975,83.2,10.604682830868827
2025-10-03 11:00:00,40.5025,75.97749999999999,10.550307465697157
2025-10-03 12:00:00,26.3525,73.33500000000001,10.60691353502801
2025-10-03 13:00:00,16.502499999999998,78.0475,10.604672673256406
2025-10-03 14:00:00,26.2025,86.8175,10.550316270723476
2025-10-03 15:00:00,49.8825,108.03,10.606915609941728
2025-10-03 16:00:00,63.3925,145.39,10.604662523314198
2025-10-03 17:00:00,89.9,173.04500000000002,10.55032507109268
2025-10-03 18:00:00,120.75999999999999,160.185,10.606917681189106
2025-10-03 19:00:00,109.00999999999999,129.3225,10.60465238103341
2025-10-03 20:00:00,75.03999999999999,114.36,10.550333866808836
2025-10-03 21:00:00,43.4425,111.64750000000001,10.606919748775773
2025-10-03 22:00:00,25.4025,104.595,10.604642246405232
2025-10-03 23:00:00,11.1075,97.585,10.55034265787601
2025-10-04 00:00:00,0.7250000000000001,92.80250000000001,10.606921812707347
2025-10-04 01:00:00,-0.01,92.6525,10.604632119420891
2025-10-04 02:00:00,-0.0425,92.72749999999999,10.550351444298267
2025-10-04 03:00:00,-0.0975,94.27000000000001,10.606923872989427
2025-10-04 04:00:00,-1.1275,89.9925,10.604622000071616
2025-10-04 05:00:00,-1.905,85.46000000000001,10.550360226079649
2025-10-04 06:00:00,-1.915,74.68,10.606925929627613
2025-10-04 07:00:00,-0.775,68.0875,10.604611888348654
2025-10-04 08:00:00,-0.3,77.605,10.550369003224217
2025-10-04 09:00:00,-0.1625,74.06,10.606927982627493
2025-10-04 10:00:00,-0.09,65.1175,10.60460178424326
2025-10-04 11:00:00,-0.0975,61.3125,10.55037777573601
2025-10-04 12:00:00,-0.08,61.5975,10.606930031994635
2025-10-04 13:00:00,-0.44,61.97,10.604591687746707
2025-10-04 14:00:00,-2.045,62.9025,10.550386543619073
2025-10-04 15:00:00,-2.605,64.6125,10.606932077734609
2025-10-04 16:00:00,-0.095,67.2025,10.604581598850281
2025-10-04 17:00:00,-0.09250000000000003,72.8425,10.550395306877435
2025-10-04 18:00:00,1.105,76.4075,10.606934119852962
2025-10-04 19:00:00,3.23,75.28,10.604571517545287
2025-10-04 20:00:00,0.3225,75.5525,10.550404065515135
2025-10-04 21:00:00,-0.09499999999999999,75.8425,10.60693615835524
2025-10-04 22:00:00,-0.0525,73.2925,10.604561443823034
2025-10-04 23:00:00,-0.3425,76.7625,10.55041281953619
2025-10-05 00:00:00,-0.7475,77.69,10.606938193246974
2025-10-05 01:00:00,-1.4024999999999999,81.685,10.604551377674852
2025-10-05 02:00:00,-4.19,80.805,10.550421568944623
2025-10-05 03:00:00,-4.3775,82.22,10.606940224533695
2025-10-05 04:00:00,-4.98,82.6275,10.604541319092077
2025-10-05 05:00:00,-4.4575,81.575,10.550430313744448
2025-10-05 06:00:00,-3.76,78.75,10.60694225222091
2025-10-05 07:00:00,-1.505,73.22999999999999,10.604531268066065
2025-10-05 08:00:00,-0.0875,70.0775,10.550439053939678
2025-10-05 09:00:00,-1.3925,66.4975,10.606944276314115
2025-10-05 10:00:00,-3.33,65.36,10.604521224588186
2025-10-05 11:00:00,-2.0175,62.72,10.550447789534315
2025-10-05 12:00:00,-3.415,62.11,10.606946296818819
2025-10-05 13:00:00,-3.3875,63.445,10.60451118864982
2025-10-05 14:00:00,-2.9425,67.485,10.55045652053236
2025-10-05 15:00:00,-2.3925,72.055,10.606948313740489
2025-10-05 16:00:00,-0.6875,83.6325,10.604501160242359
2025-10-05 17:00:00,0.8525,110.485,10.550465246937817
2025-10-05 18:00:00,16.0825,133.665,10.606950327084604
2025-10-05 19:00:00,35.0475,129.55,10.604491139357206
2025-10-05 20:00:00,19.83,127.005,10.55047396875467
2025-10-05 21:00:00,5.4775,119.1025,10.606952336856624
2025-10-05 22:00:00,5.202500000000001,105.105,10.604481125985792
2025-10-05 23:00:00,4.075,104.6875,10.550482685986907
2025-10-06 00:00:00,20.845,93.42,10.606954343062
2025-10-06 01:00:00,10.0475,96.78999999999999,10.604471120119548
2025-10-06 02:00:00,9.1025,102.425,10.550491398638508
2025-10-06 03:00:00,10.7325,107.26,10.606956345706182
2025-10-06 04:00:00,16.8,125.78999999999999,10.60446112174992
2025-10-06 05:00:00,22.6025,161.45499999999998,10.550500106713454
2025-10-06 06:00:00,68.585,200.485,10.606958344794588
2025-10-06 07:00:00,105.0525,221.6075,10.604451130868373
2025-10-06 08:00:00,121.7675,220.5025,10.550508810215714
2025-10-06 09:00:00,121.11749999999999,226.3725,10.606960340332648
2025-10-06 10:00:00,100.5275,226.1575,10.604441147466375
2025-10-06 11:00:00,89.3025,225.45749999999998,10.550517509149255
2025-10-06 12:00:00,87.325,228.2425,10.606962332325775
2025-10-06 13:00:00,84.5975,236.925,10.604431171535417
2025-10-06 14:00:00,92.3275,254.20749999999998,10.550526203518041
2025-10-06 15:00:00,94.5475,281.185,10.606964320779367
2025-10-06 16:00:00,104.77250000000001,297.1225,10.604421203067
2025-10-06 17:00:00,120.29,315.8775,10.550534893326027
2025-10-06 18:00:00,141.5875,326.2275,10.606966305698817
2025-10-06 19:00:00,168.315,343.6,10.60441124205264
2025-10-06 20:00:00,133.6775,361.4875,10.550543578577162
2025-10-06 21:00:00,120.2025,383.3375,10.606968287089504
2025-10-06 22:00:00,118.66499999999999,398.475,10.604401288483865
2025-10-06 23:00:00,105.5,405.92999999999995,10.550552259275406
2025-10-07 00:00:00,100.2625,415.64,10.606970264956805
2025-10-07 01:00:00,93.9875,422.51,10.604391342352207
2025-10-07 02:00:00,89.8175,427.1675,10.550560935424693
2025-10-07 03:00:00,89.55,423.8225,10.60697223930608
2025-10-07 04:00:00,92.975,422.9275,10.604381403649224
2025-10-07 05:00:00,96.74,413.295,10.550569607028963
2025-10-07 06:00:00,134.885,408.965,10.606974210142678
2025-10-07 07:00:00,228.555,398.8875,10.604371472366486
2025-10-07 08:00:00,287.67,384.2525,10.550578274092153
2025-10-07 09:00:00,212.1825,364.2125,10.606976177471944
2025-10-07 10:00:00,154.66,345.61,10.604361548495564
2025-10-07 11:00:00,129.9075,330.0675,10.55058693661819
2025-10-07 12:00:00,110.94,328.1925,10.606978141299216
2025-10-07 13:00:00,106.1825,338.255,10.604351632028058
2025-10-07 14:00:00,105.35249999999999,352.0225,10.550595594610998
2025-10-07 15:00:00,113.16,366.8325,10.60698010162981
2025-10-07 16:00:00,122.105,390.2075,10.604341722955567
2025-10-07 17:00:00,151.84,406.55,10.550604248074498
2025-10-07 18:00:00,202.41750000000002,405.6675,10.606982058469038
2025-10-07 19:00:00,213.28,419.375,10.60433182126972
2025-10-07 20:00:00,146.34,423.975,10.550612897012602
2025-10-07 21:00:00,123.2425,429.1975,10.606984011822208
2025-10-07 22:00:00,107.4225,439.6,10.604321926962143
2025-10-07 23:00:00,97.4825,446.0575,10.550621541429223
2025-10-08 00:00:00,93.4525,439.7275,10.606985961694612
2025-10-08 01:00:00,88.4375,435.19,10.604312040024475
2025-10-08 02:00:00,87.56,436.2825,10.55063018132826
2025-10-08 03:00:00,86.975,439.135,10.606987908091535
2025-10-08 04:00:00,89.6725,447.875,10.604302160448377
2025-10-08 05:00:00,97.395,436.7425,10.55063881671363
2025-10-08 06:00:00,117.10749999999999,426.3725,10.606989851018245
2025-10-08 07:00:00,155.58,412.65999999999997,10.60429228822552
2025-10-08 08:00:00,166.395,394.6975,10.55064744758921
2025-10-08 09:00:00,135.17499999999998,372.5775,10.606991790480011
2025-10-08 10:00:00,118.44500000000001,345.095,10.604282423347586
2025-10-08 11:00:00,103.325,323.33000000000004,10.550656073958901
2025-10-08 12:00:00,90.82249999999999,316.0375,10.606993726482091
2025-10-08 13:00:00,89.33500000000001,329.0525,10.604272565806275
2025-10-08 14:00:00,90.4425,350.7575,10.550664695826589
2025-10-08 15:00:00,99.4275,386.97249999999997,10.606995659029725
2025-10-08 16:00:00,117.465,415.3125,10.604262715593288
2025-10-08 17:00:00,149.48000000000002,434.885,10.55067331319616
2025-10-08 18:00:00,183.8075,441.02250000000004,10.606997588128152
2025-10-08 19:00:00,199.0025,447.64,10.604252872700348
2025-10-08 20:00:00,141.695,460.4625,10.55068192607148
2025-10-08 21:00:00,114.74,467.6975,10.606999513782593
2025-10-08 22:00:00,108.24000000000001,468.185,10.604243037119197
2025-10-08 23:00:00,97.83250000000001,474.46500000000003,10.550690534456429
2025-10-09 00:00:00,97.215,480.51250000000005,10.60700143599827
2025-10-09 01:00:00,92.5825,481.9975,10.60423320884157
2025-10-09 02:00:00,93.2625,474.075,10.550699138354878
2025-10-09 03:00:00,90.8175,469.1625,10.607003354780389
2025-10-09 04:00:00,92.7,466.0825,10.604223387859237
2025-10-09 05:00:00,101.1525,451.305,10.550707737770686
2025-10-09 06:00:00,125.58,430.965,10.607005270134145
2025-10-09 07:00:00,145.0,411.2325,10.604213574163962
2025-10-09 08:00:00,149.9,386.84749999999997,10.55071633270771
2025-10-09 09:00:00,132.4875,361.8225,10.607007182064727
2025-10-09 10:00:00,109.6875,330.1825,10.604203767747535
2025-10-09 11:00:00,96.9625,320.915,10.550724923169811
2025-10-09 12:00:00,91.02250000000001,323.555,10.607009090577309
2025-10-09 13:00:00,83.3525,326.0225,10.604193968601757
2025-10-09 14:00:00,83.2,332.8275,10.550733509160834
2025-10-09 15:00:00,88.8275,352.4325,10.607010995677069
2025-10-09 16:00:00,92.075,369.0325,10.60418417671843
2025-10-09 17:00:00,110.00999999999999,372.9275,10.550742090684624
2025-10-09 18:00:00,122.9075,367.53,10.607012897369158
2025-10-09 19:00:00,123.1125,365.71999999999997,10.604174392089377
2025-10-09 20:00:00,112.3625,351.7125,10.55075066774502
2025-10-09 21:00:00,98.0925,345.025,10.607014795658733
2025-10-09 22:00:00,96.83250000000001,334.45,10.604164614706436
2025-10-09 23:00:00,88.7,321.47749999999996,10.550759240345863
2025-10-10 00:00:00,88.01,311.875,10.607016690550934
2025-10-10 01:00:00,84.9675,316.24,10.604154844561458
2025-10-10 02:00:00,80.0875,313.2625,10.550767808490981
2025-10-10 03:00:00,78.285,312.0025,10.60701858205088
2025-10-10 04:00:00,79.21000000000001,317.9375,10.604145081646296
2025-10-10 05:00:00,86.0725,316.925,10.550776372184199
2025-10-10 06:00:00,102.6375,325.7875,10.607020470163715
2025-10-10 07:00:00,119.325,322.2725,10.604135325952827
2025-10-10 08:00:00,122.6125,301.42,10.550784931429341
2025-10-10 09:00:00,107.765,282.945,10.60702235489453
2025-10-10 10:00:00,93.0075,283.44,10.60412557747294
2025-10-10 11:00:00,82.1175,287.7625,10.550793486230228
2025-10-10 12:00:00,77.5325,282.34749999999997,10.60702423624844
2025-10-10 13:00:00,75.69,284.1775,10.604115836198522
2025-10-10 14:00:00,77.2575,293.78,10.550802036590662
2025-10-10 15:00:00,88.89500000000001,325.405,10.60702611423054
2025-10-10 16:00:00,97.8575,345.635,10.604106102121495
2025-10-10 17:00:00,118.2,350.0225,10.55081058251446
2025-10-10 18:00:00,120.605,346.5925,10.60702798884591
2025-10-10 19:00:00,123.29,339.22,10.604096375233775
2025-10-10 20:00:00,115.38999999999999,333.495,10.550819124005423
2025-10-10 21:00:00,103.915,343.4325,10.607029860099626
2025-10-10 22:00:00,97.7375,333.1925,10.604086655527295
2025-10-10 23:00:00,93.35,301.26,10.550827661067354
2025-10-11 00:00:00,92.9675,290.26,10.607031727996757
2025-10-11 01:00:00,88.83500000000001,283.515,10.604076942994004
2025-10-11 02:00:00,87.3875,273.445,10.550836193704043
2025-10-11 03:00:00,84.175,271.7325,10.607033592542356
2025-10-11 04:00:00,82.0275,275.45,10.604067237625864
2025-10-11 05:00:00,84.755,305.7725,10.550844721919283
2025-10-11 06:00:00,90.265,328.075,10.607035453741474
2025-10-11 07:00:00,96.7525,325.1925,10.604057539414844
2025-10-11 08:00:00,100.4,293.9575,10.550853245716862
2025-10-11 09:00:00,92.96,245.6875,10.607037311599148
2025-10-11 10:00:00,82.4325,212.7225,10.604047848352929
2025-10-11 11:00:00,74.02,195.51999999999998,10.550861765100553
2025-10-11 12:00:00,55.417500000000004,188.045,10.607039166120414
2025-10-11 13:00:00,46.7725,190.2275,10.604038164432112
2025-10-11 14:00:00,51.03,235.92000000000002,10.550870280074141
2025-10-11 15:00:00,76.9425,311.0025,10.607041017310282
2025-10-11 16:00:00,83.65,370.9675,10.604028487644404
2025-10-11 17:00:00,114.005,396.7425,10.550878790641395
2025-10-11 18:00:00,126.4375,403.135,10.607042865173769
2025-10-11 19:00:00,130.1725,419.58,10.604018817981826
2025-10-11 20:00:00,120.63499999999999,422.615,10.550887296806081
2025-10-11 21:00:00,112.545,429.98,10.607044709715876
2025-10-11 22:00:00,106.9075,413.9,10.604009155436415
2025-10-11 23:00:00,95.0975,395.745,10.550895798571961
2025-10-12 00:00:00,96.1775,379.0625,10.607046550941599
2025-10-12 01:00:00,92.16749999999999,352.8075,10.603999500000203
2025-10-12 02:00:00,88.86,345.51,10.550904295942798
2025-10-12 03:00:00,85.13,327.7325,10.607048388855915
2025-10-12 04:00:00,86.4125,327.3775,10.603989851665258
2025-10-12 05:00:00,86.6575,344.6125,10.550912788922346
2025-10-12 06:00:00,88.3,345.92,10.60705022346381
2025-10-12 07:00:00,89.1725,326.575,10.603980210423646
2025-10-12 08:00:00,88.66,299.655,10.550921277514352
2025-10-12 09:00:00,83.0625,249.51749999999998,10.607052054770243
2025-10-12 10:00:00,76.205,213.3475,10.603970576267448
2025-10-12 11:00:00,71.9,198.7575,10.550929761722564
2025-10-12 12:00:00,66.8875,201.8875,10.607053882780173
2025-10-12 13:00:00,52.16,224.31,10.603960949188759
2025-10-12 14:00:00,62.475,275.645,10.55093824155072
2025-10-12 15:00:00,79.985,342.435,10.607055707498546
2025-10-12 16:00:00,88.0025,404.3475,10.60395132917968
2025-10-12 17:00:00,105.55,439.4025,10.550946717002558
2025-10-12 18:00:00,108.9,448.22249999999997,10.607057528930302
2025-10-12 19:00:00,116.64,465.4775,10.603941716232331
2025-10-12 20:00:00,115.5275,476.45500000000004,10.550955188081812
2025-10-12 21:00:00,110.44749999999999,480.96500000000003,10.607059347080375
2025-10-12 22:00:00,107.78999999999999,478.1025,10.60393211033884
2025-10-12 23:00:00,93.445,477.4675,10.550963654792202
2025-10-13 00:00:00,93.4525,476.085,10.607061161953679
2025-10-13 01:00:00,90.26,489.0675,10.603922511491353
2025-10-13 02:00:00,90.8325,488.4775,10.55097211713746
2025-10-13 03:00:00,89.1225,499.8575,10.607062973555134
2025-10-13 04:00:00,93.4525,497.57,10.603912919682017
2025-10-13 05:00:00,98.095,469.33500000000004,10.550980575121299
2025-10-13 06:00:00,131.41,459.4075,10.607064781889637
2025-10-13 07:00:00,218.6375,446.475,10.603903334902997
2025-10-13 08:00:00,199.5575,431.2425,10.550989028747434
2025-10-13 09:00:00,150.185,409.3425,10.60706658696209
2025-10-13 10:00:00,125.0975,384.0975,10.603893757146475
2025-10-13 11:00:00,110.0,371.94,10.550997478019577
2025-10-13 12:00:00,95.1,370.3675,10.607068388777373
2025-10-13 13:00:00,89.8575,382.2575,10.603884186404633
2025-10-13 14:00:00,92.0975,402.78499999999997,10.551005922941435
2025-10-13 15:00:00,101.8425,415.8475,10.607070187340366
2025-10-13 16:00:00,117.9025,434.6225,10.603874622669679
2025-10-13 17:00:00,180.6,441.695,10.551014363516705
2025-10-13 18:00:00,305.74,438.2875,10.607071982655931
2025-10-13 19:00:00,306.575,449.0575,10.603865065933823
2025-10-13 20:00:00,186.9525,457.83000000000004,10.551022799749088
2025-10-13 21:00:00,137.175,467.27750000000003,10.607073774728939
2025-10-13 22:00:00,121.9875,469.425,10.603855516189283
2025-10-13 23:00:00,111.275,468.27750000000003,10.55103123164227
2025-10-14 00:00:00,109.1825,461.87,10.607075563564234
2025-10-14 01:00:00,103.015,457.1175,10.603845973428301
2025-10-14 02:00:00,99.52,449.9825,10.551039659199942
2025-10-14 03:00:00,98.8675,440.4775,10.607077349166655
2025-10-14 04:00:00,100.0475,434.0,10.603836437643121
2025-10-14 05:00:00,101.44749999999999,427.6875,10.551048082425792
2025-10-14 06:00:00,123.29249999999999,418.565,10.607079131541044
2025-10-14 07:00:00,160.195,403.6375,10.60382690882601
2025-10-14 08:00:00,190.82,390.99,10.551056501323492
2025-10-14 09:00:00,156.445,373.1425,10.607080910692217
2025-10-14 10:00:00,134.725,352.4425,10.603817386969233
2025-10-14 11:00:00,119.845,332.32,10.55106491589672
2025-10-14 12:00:00,107.64750000000001,334.2325,10.607082686624993
2025-10-14 13:00:00,102.9975,349.095,10.60380787206507
2025-10-14 14:00:00,105.265,375.4975,10.551073326149147
2025-10-14 15:00:00,122.275,407.4875,10.607084459344183
2025-10-14 16:00:00,146.6,431.825,10.603798364105826
2025-10-14 17:00:00,219.195,447.58500000000004,10.551081732084441
2025-10-14 18:00:00,404.9575,449.82500000000005,10.60708622885458
2025-10-14 19:00:00,407.205,454.285,10.603788863083798
2025-10-14 20:00:00,225.48,470.1225,10.551090133706257
2025-10-14 21:00:00,163.04,490.4575,10.607087995160974
2025-10-14 22:00:00,129.85750000000002,500.0425,10.603779368991304
2025-10-14 23:00:00,115.36,502.24,10.55109853101826
2025-10-15 00:00:00,115.4625,501.76,10.60708975826815
2025-10-15 01:00:00,111.865,502.9225,10.603769881820678
2025-10-15 02:00:00,107.68,499.83,10.551106924024097
2025-10-15 03:00:00,103.6175,498.38,10.607091518180882
2025-10-15 04:00:00,106.48,495.96500000000003,10.603760401564257
2025-10-15 05:00:00,114.3975,480.9425,10.551115312727422
2025-10-15 06:00:00,151.96,466.82,10.60709327490393
2025-10-15 07:00:00,278.74,454.615,10.603750928214396
2025-10-15 08:00:00,276.1975,434.9075,10.551123697131876
2025-10-15 09:00:00,181.0525,413.7,10.60709502844205
2025-10-15 10:00:00,142.3575,387.85249999999996,10.603741461763457
2025-10-15 11:00:00,126.105,376.13,10.551132077241105
2025-10-15 12:00:00,119.425,380.0575,10.607096778799992
2025-10-15 13:00:00,112.8775,388.49,10.603732002203817
2025-10-15 14:00:00,115.39250000000001,402.0025,10.551140453058734
2025-10-15 15:00:00,122.64250000000001,417.315,10.607098525982495
2025-10-15 16:00:00,135.6925,428.8275,10.60372254952786
2025-10-15 17:00:00,170.0,428.98249999999996,10.551148824588408
2025-10-15 18:00:00,221.8775,423.11,10.607100269994287
2025-10-15 19:00:00,220.0,426.2325,10.603713103727989
2025-10-15 20:00:00,152.845,429.89,10.55115719183374
2025-10-15 21:00:00,124.3425,432.225,10.60710201084009
2025-10-15 22:00:00,98.21,419.9275,10.60370366479661
2025-10-15 23:00:00,88.17,409.0025,10.551165554798366
2025-10-16 00:00:00,88.16499999999999,402.4525,10.607103748524617
2025-10-16 01:00:00,85.8075,404.045,10.603694232726149
2025-10-16 02:00:00,88.0,409.26,10.551173913485899
2025-10-16 03:00:00,86.655,408.48,10.607105483052573
2025-10-16 04:00:00,88.335,406.38,10.603684807509032
2025-10-16 05:00:00,85.045,404.73249999999996,10.551182267899954
2025-10-16 06:00:00,96.1925,397.9175,10.607107214428657
2025-10-16 07:00:00,116.1225,391.5525,10.603675389137708
2025-10-16 08:00:00,132.76749999999998,381.2475,10.55119061804414
2025-10-16 09:00:00,119.93,360.125,10.607108942657547
2025-10-16 10:00:00,92.2375,339.06,10.60366597760463
2025-10-16 11:00:00,88.3075,325.635,10.551198963922065
2025-10-16 12:00:00,83.4025,320.95500000000004,10.607110667743937
2025-10-16 13:00:00,81.47500000000001,328.3575,10.603656572902269
2025-10-16 14:00:00,82.98,340.265,10.55120730553733
2025-10-16 15:00:00,83.0275,373.8375,10.607112389692492
2025-10-16 16:00:00,89.0275,394.2325,10.603647175023093
2025-10-16 17:00:00,120.91499999999999,395.5625,10.551215642893537
2025-10-16 18:00:00,130.0,394.75,10.60711410850787
2025-10-16 19:00:00,140.59,396.3325,10.603637783959606
2025-10-16 20:00:00,125.595,403.675,10.551223975994267
2025-10-16 21:00:00,102.2325,411.4325,10.607115824194734
2025-10-16 22:00:00,99.855,410.305,10.603628399704295
2025-10-16 23:00:00,93.3625,408.73249999999996,10.551232304843126
2025-10-17 00:00:00,88.14750000000001,406.0075,10.607117536757723
2025-10-17 01:00:00,88.3125,408.1875,10.603619022249681
2025-10-17 02:00:00,89.0575,408.46,10.551240629443685
2025-10-17 03:00:00,88.4575,407.285,10.607119246201478
2025-10-17 04:00:00,90.5875,415.8,10.603609651588277
2025-10-17 05:00:00,94.50999999999999,423.1125,10.551248949799527
2025-10-17 06:00:00,107.91,418.8725,10.60712095253063
2025-10-17 07:00:00,129.485,417.95500000000004,10.603600287712629
2025-10-17 08:00:00,144.835,408.6,10.551257265914236
2025-10-17 09:00:00,129.02,383.07,10.6071226557498
2025-10-17 10:00:00,117.18,347.5075,10.603590930615274
2025-10-17 11:00:00,99.0375,340.1175,10.551265577791382
2025-10-17 12:00:00,88.14,341.055,10.607124355863597
2025-10-17 13:00:00,86.7175,347.015,10.603581580288772
2025-10-17 14:00:00,87.805,365.875,10.551273885434526
2025-10-17 15:00:00,88.6425,389.0,10.607126052876628
2025-10-17 16:00:00,95.0,400.5875,10.603572236725693
2025-10-17 17:00:00,117.1675,404.0025,10.551282188847237
2025-10-17 18:00:00,129.31,406.63,10.607127746793495
2025-10-17 19:00:00,130.69,408.445,10.603562899918611
2025-10-17 20:00:00,116.98750000000001,407.59749999999997,10.551290488033079
2025-10-17 21:00:00,104.055,419.805,10.60712943761878
2025-10-17 22:00:00,102.1825,412.055,10.603553569860122
2025-10-17 23:00:00,92.4975,414.245,10.551298782995596
2025-10-18 00:00:00,94.61500000000001,419.8775,10.607131125357066
2025-10-18 01:00:00,89.86,426.0725,10.603544246542818
2025-10-18 02:00:00,89.8125,420.4175,10.551307073738352
2025-10-18 03:00:00,88.33500000000001,417.4425,10.607132810012924
2025-10-18 04:00:00,88.35,419.2525,10.603534929959315
2025-10-18 05:00:00,88.315,434.245,10.551315360264883
2025-10-18 06:00:00,91.955,455.015,10.607134491590921
2025-10-18 07:00:00,109.4725,442.5075,10.603525620102241
2025-10-18 08:00:00,114.545,391.63,10.551323642578744
2025-10-18 09:00:00,102.2425,304.45,10.607136170095607
2025-10-18 10:00:00,91.4675,216.2525,10.603516316964226
2025-10-18 11:00:00,80.7875,180.35750000000002,10.55133192068346
2025-10-18 12:00:00,73.94,181.92,10.607137845531538
2025-10-18 13:00:00,67.5325,196.4725,10.603507020537913
2025-10-18 14:00:00,72.2975,254.1375,10.551340194582577
2025-10-18 15:00:00,83.5,344.3875,10.607139517903247
2025-10-18 16:00:00,96.55000000000001,437.8875,10.603497730815961
2025-10-18 17:00:00,120.64,441.6675,10.551348464279624
2025-10-18 18:00:00,133.235,423.94,10.607141187215268
2025-10-18 19:00:00,124.82249999999999,388.2225,10.603488447791038
2025-10-18 20:00:00,112.995,363.53,10.55135672977812
2025-10-18 21:00:00,92.5525,344.8525,10.607142853472126
2025-10-18 22:00:00,95.5775,322.84749999999997,10.60347917145582
2025-10-18 23:00:00,94.355,285.4025,10.551364991081595
2025-10-19 00:00:00,92.3425,260.89,10.607144516678334
2025-10-19 01:00:00,87.58500000000001,247.41750000000002,10.603469901802995
2025-10-19 02:00:00,82.2925,247.3775,10.551373248193563
2025-10-19 03:00:00,82.14,244.64999999999998,10.607146176838402
2025-10-19 04:00:00,83.2125,239.245,10.603460638825268
2025-10-19 05:00:00,83.4975,242.0875,10.551381501117543
2025-10-19 06:00:00,85.25,240.14249999999998,10.60714783395683
2025-10-19 07:00:00,85.255,225.3625,10.603451382515338
2025-10-19 08:00:00,87.1575,184.4625,10.55138974985704
2025-10-19 09:00:00,78.4325,136.7825,10.60714948803811
2025-10-19 10:00:00,69.6375,119.6875,10.603442132865936
2025-10-19 11:00:00,60.3,111.7825,10.551397994415563
2025-10-19 12:00:00,34.567499999999995,110.9325,10.607151139086717
2025-10-19 13:00:00,20.295,113.66,10.603432889869799
2025-10-19 14:00:00,36.2175,123.32249999999999,10.551406234796609
2025-10-19 15:00:00,66.77250000000001,190.35750000000002,10.60715278710714
2025-10-19 16:00:00,89.93,237.29,10.603423653519657
2025-10-19 17:00:00,106.07249999999999,222.125,10.551414471003685
2025-10-19 18:00:00,107.6875,178.94,10.607154432103838
2025-10-19 19:00:00,85.62,161.945,10.603414423808271
2025-10-19 20:00:00,75.5025,165.5125,10.551422703040275
2025-10-19 21:00:00,73.15,183.2175,10.607156074081276
2025-10-19 22:00:00,74.74249999999999,175.97,10.603405200728401
2025-10-19 23:00:00,60.855000000000004,173.4775,10.551430930909873
2025-10-20 00:00:00,70.03750000000001,182.455,10.607157713043904
2025-10-20 01:00:00,63.975,180.55,10.60339598427283
2025-10-20 02:00:00,60.980000000000004,180.525,10.551439154615966
2025-10-20 03:00:00,60.0025,188.12,10.607159348996163
2025-10-20 04:00:00,60.6025,211.4675,10.603386774434338
2025-10-20 05:00:00,74.81,217.8725,10.551447374162032
2025-10-20 06:00:00,76.2525,231.4375,10.607160981942494
2025-10-20 07:00:00,91.8675,226.28,10.603377571205723
2025-10-20 08:00:00,125.0975,215.4275,10.55145558955155
2025-10-20 09:00:00,92.185,201.07999999999998,10.607162611887322
2025-10-20 10:00:00,73.15,191.63,10.603368374579793
2025-10-20 11:00:00,69.935,187.485,10.551463800787994
2025-10-20 12:00:00,60.2875,185.16750000000002,10.60716423883507
2025-10-20 13:00:00,65.27250000000001,189.1875,10.603359184549369
2025-10-20 14:00:00,76.08500000000001,210.9425,10.551472007874828
2025-10-20 15:00:00,97.14,238.5725,10.60716586279015
2025-10-20 16:00:00,119.50999999999999,248.2725,10.603350001107271
2025-10-20 17:00:00,131.1225,236.10500000000002,10.551480210815527
2025-10-20 18:00:00,125.08999999999999,223.01749999999998,10.607167483756971
2025-10-20 19:00:00,103.0,202.95999999999998,10.603340824246345
2025-10-20 20:00:00,82.29,189.36,10.551488409613546
2025-10-20 21:00:00,76.2525,177.54749999999999,10.60716910173992
2025-10-20 22:00:00,68.3775,169.8875,10.603331653959444
2025-10-20 23:00:00,51.0,165.32,10.551496604272344
2025-10-21 00:00:00,61.480000000000004,157.8625,10.607170716743395
2025-10-21 01:00:00,43.8325,154.8975,10.603322490239421
2025-10-21 02:00:00,33.0725,153.905,10.551504794795372
2025-10-21 03:00:00,22.2775,155.3475,10.607172328771778
2025-10-21 04:00:00,25.9125,161.92000000000002,10.603313333079152
2025-10-21 05:00:00,47.46,161.3075,10.55151298118608
2025-10-21 06:00:00,75.095,178.135,10.607173937829439
2025-10-21 07:00:00,88.1225,189.5325,10.603304182471515
2025-10-21 08:00:00,91.5825,184.935,10.551521163447916
2025-10-21 09:00:00,84.7175,149.58,10.607175543920743
2025-10-21 10:00:00,74.27,131.89499999999998,10.603295038409406
2025-10-21 11:00:00,65.1125,126.99000000000001,10.551529341584311
2025-10-21 12:00:00,47.455,137.785,10.607177147050052
2025-10-21 13:00:00,31.5825,137.6825,10.603285900885732
2025-10-21 14:00:00,33.06,163.6225,10.551537515598717
2025-10-21 15:00:00,60.230000000000004,191.0675,10.607178747221717
2025-10-21 16:00:00,68.2025,246.3925,10.603276769893393
2025-10-21 17:00:00,100.0,269.5175,10.551545685494558
2025-10-21 18:00:00,121.80000000000001,273.3325,10.607180344440081
2025-10-21 19:00:00,115.38499999999999,272.6825,10.603267645425317
2025-10-21 20:00:00,99.6725,257.975,10.551553851275267
2025-10-21 21:00:00,81.055,255.155,10.607181938709479
2025-10-21 22:00:00,81.68,252.805,10.603258527474448
2025-10-21 23:00:00,74.33,264.1325,10.551562012944265
2025-10-22 00:00:00,87.8375,269.815,10.607183530034238
2025-10-22 01:00:00,87.4925,272.7725,10.603249416033725
2025-10-22 02:00:00,85.405,281.09749999999997,10.551570170504974
2025-10-22 03:00:00,89.3475,297.075,10.607185118418677
2025-10-22 04:00:00,89.5025,323.97,10.603240311096094
2025-10-22 05:00:00,90.175,348.32,10.551578323960813
2025-10-22 06:00:00,99.3925,359.96500000000003,10.607186703867113
2025-10-22 07:00:00,100.1825,372.115,10.603231212654528
2025-10-22 08:00:00,113.7575,363.405,10.551586473315192
2025-10-22 09:00:00,125.7175,345.365,10.60718828638385
2025-10-22 10:00:00,105.72749999999999,334.0725,10.603222120702004
2025-10-22 11:00:00,91.215,326.95,10.551594618571528
2025-10-22 12:00:00,87.1,320.9975,10.607189865973188
2025-10-22 13:00:00,86.0,339.675,10.603213035231505
2025-10-22 14:00:00,93.46000000000001,373.9675,10.551602759733221
2025-10-22 15:00:00,110.655,403.40250000000003,10.607191442639408
2025-10-22 16:00:00,135.0,422.81,10.60320395623603
2025-10-22 17:00:00,198.0525,429.61,10.551610896803671
2025-10-22 18:00:00,296.48249999999996,432.9225,10.607193016386802
2025-10-22 19:00:00,279.76,439.11,10.603194883708584
2025-10-22 20:00:00,185.31,453.5975,10.551619029786277
2025-10-22 21:00:00,133.9475,461.1,10.607194587219636
2025-10-22 22:00:00,122.065,452.595,10.603185817642181
2025-10-22 23:00:00,108.0925,430.46000000000004,10.551627158684434
2025-10-23 00:00:00,101.375,394.6925,10.607196155142189
2025-10-23 01:00:00,98.745,334.65250000000003,10.603176758029855
2025-10-23 02:00:00,95.0675,237.9175,10.551635283501529
2025-10-23 03:00:00,79.9225,185.035,10.607197720158712
2025-10-23 04:00:00,70.9975,175.2375,10.603167704864637
2025-10-23 05:00:00,67.52,182.715,10.55164340424095
2025-10-23 06:00:00,72.25,206.5675,10.607199282273461
2025-10-23 07:00:00,82.2825,205.4225,10.603158658139575
2025-10-23 08:00:00,90.0,194.99,10.551651520906074
2025-10-23 09:00:00,83.0175,186.95,10.607200841490684
2025-10-23 10:00:00,79.7025,188.9325,10.603149617847732
2025-10-23 11:00:00,69.6,173.4125,10.551659633500288
2025-10-23 12:00:00,66.0975,159.8825,10.607202397814612
2025-10-23 13:00:00,64.105,152.2375,10.603140583982169
2025-10-23 14:00:00,63.535,158.8275,10.551667742026954
2025-10-23 15:00:00,75.605,157.365,10.607203951249481
2025-10-23 16:00:00,85.4975,178.355,10.603131556535972
2025-10-23 17:00:00,98.1175,168.155,10.55167584648945
2025-10-23 18:00:00,114.93,162.9375,10.60720550179951
2025-10-23 19:00:00,107.9125,148.10750000000002,10.603122535502223
2025-10-23 20:00:00,87.7125,131.1475,10.551683946891146
2025-10-23 21:00:00,82.8125,121.82000000000001,10.607207049468915
2025-10-23 22:00:00,77.655,102.7075,10.603113520874022
2025-10-23 23:00:00,60.0775,100.8375,10.551692043235393
2025-10-24 00:00:00,14.335,97.97749999999999,10.607208594261907
2025-10-24 01:00:00,9.835,94.7525,10.60310451264448
2025-10-24 02:00:00,6.5249999999999995,92.8425,10.551700135525557
2025-10-24 03:00:00,1.025,99.87,10.607210136182687
2025-10-24 04:00:00,2.19,105.86500000000001,10.60309551080671
2025-10-24 05:00:00,7.525,108.68,10.551708223764994
2025-10-24 06:00:00,23.2775,127.0275,10.60721167523544
2025-10-24 07:00:00,64.985,130.815,10.603086515353851
2025-10-24 08:00:00,84.87,119.015,10.551716307957047
2025-10-24 09:00:00,76.5475,90.6375,10.60721321142436
2025-10-24 10:00:00,58.3025,71.875,10.603077526279032
2025-10-24 11:00:00,33.0,71.13499999999999,10.551724388105066
2025-10-24 12:00:00,1.2525,72.02250000000001,10.607214744753625
2025-10-24 13:00:00,-0.01,71.0325,10.60306854357541
2025-10-24 14:00:00,-0.01,71.55250000000001,10.551732464212394
2025-10-24 15:00:00,1.81,80.8675,10.607216275227406
2025-10-24 16:00:00,37.32,100.9025,10.603059567236134
2025-10-24 17:00:00,66.26,124.9825,10.551740536282374
2025-10-24 18:00:00,74.61,127.105,10.607217802849867
2025-10-24 19:00:00,74.61250000000001,115.775,10.60305059725438
2025-10-24 20:00:00,57.05,106.3425,10.551748604318337
2025-10-24 21:00:00,41.5075,105.6675,10.607219327625163
2025-10-24 22:00:00,28.9225,106.3825,10.603041633623326
2025-10-24 23:00:00,9.9675,106.9875,10.551756668323614
2025-10-25 00:00:00,3.525,105.17,10.607220849557446
2025-10-25 01:00:00,1.3199999999999998,100.205,10.60303267633616
2025-10-25 02:00:00,0.9249999999999999,92.0125,10.551764728301533
2025-10-25 03:00:00,-0.0025,88.9725,10.607222368650856
2025-10-25 04:00:00,-0.0075,89.53999999999999,10.60302372538608
2025-10-25 05:00:00,0.16499999999999998,90.0175,10.55177278425542
2025-10-25 06:00:00,0.5225,82.61500000000001,10.607223884909532
2025-10-25 07:00:00,0.99,76.395,10.603014780766294
2025-10-25 08:00:00,3.995,75.43,10.551780836188593
2025-10-25 09:00:00,7.5825000000000005,69.6075,10.607225398337597
2025-10-25 10:00:00,6.7275,66.7525,10.603005842470026
2025-10-25 11:00:00,4.765000000000001,69.5525,10.55178888410437
2025-10-25 12:00:00,6.095000000000001,68.945,10.607226908939179
2025-10-25 13:00:00,4.37,70.7625,10.602996910490498
2025-10-25 14:00:00,4.03,71.0775,10.551796928006063
2025-10-25 15:00:00,3.945,74.215,10.60722841671838
2025-10-25 16:00:00,5.5575,82.845,10.602987984820949
2025-10-25 17:00:00,25.3075,94.82,10.551804967896974
2025-10-25 18:00:00,55.2525,113.675,10.60722992167932
2025-10-25 19:00:00,61.265,103.2475,10.602979065454633
2025-10-25 20:00:00,33.995,102.44,10.551813003780415
2025-10-25 21:00:00,14.1075,114.2525,10.607231423826086
2025-10-25 22:00:00,16.682499999999997,115.7,10.602970152384804
2025-10-25 23:00:00,8.17,112.48,10.551821035659682
2025-10-26 00:00:00,5.5725,115.015,10.607232923162778
2025-10-26 01:00:00,3.6975,111.3875,10.602961245604728
2025-10-26 02:00:00,3.1775,105.07,10.607229814317334
2025-10-26 03:00:00,0.3425,94.53,10.602952345107687
2025-10-26 04:00:00,0.10250000000000001,94.07,10.55183708741889
2025-10-26 05:00:00,0.10500000000000001,88.60249999999999,10.60723591342227
2025-10-26 06:00:00,0.10750000000000001,82.33500000000001,10.602943450886967
2025-10-26 07:00:00,0.10250000000000001,72.6325,10.55184510730541
2025-10-26 08:00:00,-0.01,66.765,10.607237404353214
2025-10-26 09:00:00,-0.3125,63.7525,10.602934562935864
2025-10-26 10:00:00,-0.065,64.5825,10.551853123200923
2025-10-26 11:00:00,-0.08,65.1925,10.607238892490383
2025-10-26 12:00:00,-0.065,67.9725,10.602925681247692
2025-10-26 13:00:00,-0.545,73.085,10.55186113510871
2025-10-26 14:00:00,-0.7325,76.725,10.60724037783783
2025-10-26 15:00:00,-0.010000000000000009,79.3575,10.60291680581575
2025-10-26 16:00:00,3.0375,87.64500000000001,10.551869143032052
2025-10-26 17:00:00,30.002499999999998,108.0075,10.6072418603996
2025-10-26 18:00:00,42.0225,119.09,10.602907936633384
2025-10-26 19:00:00,34.730000000000004,107.225,10.551877146974219
2025-10-26 20:00:00,16.642500000000002,96.125,10.607243340179748
2025-10-26 21:00:00,3.065,88.07,10.60289907369392
2025-10-26 22:00:00,14.907499999999999,87.84,10.55188514693849
2025-10-26 23:00:00,5.0600000000000005,89.52,10.6072448171823
2025-10-27 00:00:00,1.3424999999999998,81.005,10.602890216990705
2025-10-27 01:00:00,1.8250000000000002,83.4325,10.55189314292812
2025-10-27 02:00:00,1.25,87.9375,10.607246291411286
2025-10-27 03:00:00,-0.0025,89.8925,10.602881366517096
2025-10-27 04:00:00,1.3074999999999999,92.5625,10.551901134946382
2025-10-27 05:00:00,10.782499999999999,95.5125,10.607247762870728
2025-10-27 06:00:00,55.0,118.4625,10.602872522266457
2025-10-27 07:00:00,86.065,118.17,10.551909122996529
2025-10-27 08:00:00,100.14750000000001,120.3075,10.607249231564646
2025-10-27 09:00:00,101.86,109.1725,10.602863684232165
2025-10-27 10:00:00,96.7375,106.7175,10.551917107081822
2025-10-27 11:00:00,94.6325,104.6775,10.60725069749704
2025-10-27 12:00:00,82.6975,105.8725,10.602854852407601
2025-10-27 13:00:00,81.1225,119.1725,10.551925087205507
2025-10-27 14:00:00,83.3475,128.715,10.607252160671914
2025-10-27 15:00:00,83.66499999999999,149.8625,10.602846026786162
2025-10-27 16:00:00,99.2325,165.4525,10.55193306337084
2025-10-27 17:00:00,110.71000000000001,173.465,10.60725362109326
2025-10-27 18:00:00,126.5375,173.7725,10.60283720736125
2025-10-27 19:00:00,113.4975,156.2575,10.551941035581056
2025-10-27 20:00:00,95.035,138.7375,10.607255078765071
2025-10-27 21:00:00,77.94,136.835,10.602828394126279
2025-10-27 22:00:00,74.48,122.0625,10.551949003839399
2025-10-27 23:00:00,62.425,121.1275,10.60725653369132
2025-10-28 00:00:00,44.11,117.88,10.60281958707467
2025-10-28 01:00:00,28.8825,115.465,10.55195696814911
2025-10-28 02:00:00,18.5425,115.4575,10.607257985875982
2025-10-28 03:00:00,10.2225,115.8275,10.602810786199855
2025-10-28 04:00:00,10.9525,118.85,10.55196492851342
2025-10-28 05:00:00,30.4075,123.9325,10.60725943532303
2025-10-28 06:00:00,59.522499999999994,140.2425,10.602801991495276
2025-10-28 07:00:00,80.3825,134.6325,10.55197288493556
2025-10-28 08:00:00,89.395,124.94,10.607260882036412
2025-10-28 09:00:00,87.36500000000001,123.725,10.602793202954384
2025-10-28 10:00:00,81.0025,115.53,10.551980837418753
2025-10-28 11:00:00,75.41499999999999,109.905,10.60726232602009
2025-10-28 12:00:00,67.56,111.0575,10.60278442057064
2025-10-28 13:00:00,62.3025,118.9,10.551988785966222
2025-10-28 14:00:00,64.42,126.515,10.607263767278006
2025-10-28 15:00:00,73.0975,149.02249999999998,10.602775644337514
2025-10-28 16:00:00,80.07249999999999,156.26,10.551996730581186
2025-10-28 17:00:00,93.8325,171.93,10.6072652058141
2025-10-28 18:00:00,110.22999999999999,175.35750000000002,10.602766874248486
2025-10-28 19:00:00,106.91250000000001,167.5075,10.552004671266861
2025-10-28 20:00:00,91.925,152.905,10.6072666416323
2025-10-28 21:00:00,80.8375,152.4025,10.602758110297044
2025-10-28 22:00:00,79.58,147.655,10.55201260802646
2025-10-28 23:00:00,73.2225,129.485,10.60726807473654
2025-10-29 00:00:00,58.8025,123.23,10.602749352476684
2025-10-29 01:00:00,54.035,125.7425,10.552020540863186
2025-10-29 02:00:00,54.155,138.095,10.607269505130732
2025-10-29 03:00:00,56.3475,155.645,10.602740600780923
2025-10-29 04:00:00,54.725,183.4075,10.552028469780245
2025-10-29 05:00:00,66.6175,222.96,10.60727093281879
2025-10-29 06:00:00,95.4325,242.39,10.602731855203263
2025-10-29 07:00:00,107.5325,224.4925,10.552036394780835
2025-10-29 08:00:00,100.265,190.775,10.60727235780462
2025-10-29 09:00:00,85.805,166.33249999999998,10.602723115737243
2025-10-29 10:00:00,71.9525,164.4225,10.552044315868155
2025-10-29 11:00:00,70.2125,178.355,10.607273780092122
2025-10-29 12:00:00,70.8375,204.05,10.602714382376389
2025-10-29 13:00:00,77.1125,248.6225,10.552052233045401
2025-10-29 14:00:00,88.8525,288.595,10.60727519968518
2025-10-29 15:00:00,116.3575,302.2175,10.602705655114251
2025-10-29 16:00:00,126.23249999999999,292.81,10.552060146315753
2025-10-29 17:00:00,126.975,280.525,10.607276616587686
2025-10-29 18:00:00,128.7425,273.9125,10.602696933944388
2025-10-29 19:00:00,113.5425,265.5075,10.552068055682412
2025-10-29 20:00:00,102.65,266.59,10.607278030803519
2025-10-29 21:00:00,96.5025,268.8325,10.602688218860356
2025-10-29 22:00:00,94.4225,252.9375,10.552075961148542
2025-10-29 23:00:00,87.1425,230.1875,10.607279442336544
2025-10-30 00:00:00,75.245,201.03,10.60267950985573
2025-10-30 01:00:00,70.105,182.9975,10.552083862717332
2025-10-30 02:00:00,65.525,170.7375,10.607280851190634
2025-10-30 03:00:00,60.4175,162.8275,10.602670806924088
2025-10-30 04:00:00,57.1525,154.155,10.55209176039196
2025-10-30 05:00:00,60.0125,157.3875,10.607282257369642
2025-10-30 06:00:00,69.1775,174.0425,10.602662110059029
2025-10-30 07:00:00,79.9375,182.9925,10.552099654175592
2025-10-30 08:00:00,85.2975,167.63,10.607283660877425
2025-10-30 09:00:00,66.7225,142.20499999999998,10.60265341925415
2025-10-30 10:00:00,42.902499999999996,127.945,10.552107544071394
2025-10-30 11:00:00,7.0825000000000005,124.1675,10.60728506171782
2025-10-30 12:00:00,-0.0025,123.64,10.60264473450306
2025-10-30 13:00:00,0.0024999999999999988,132.29500000000002,10.552115430082527
2025-10-30 14:00:00,31.2925,183.2225,10.607286459894674
2025-10-30 15:00:00,69.8,245.47,10.602636055799374
2025-10-30 16:00:00,85.295,268.6975,10.552123312212164
2025-10-30 17:00:00,117.93,277.855,10.607287855411812
2025-10-30 18:00:00,117.6975,281.015,10.60262738313673
2025-10-30 19:00:00,117.6725,283.3175,10.55213119046345
2025-10-30 20:00:00,105.2875,288.74,10.607289248273068
2025-10-30 21:00:00,98.035,295.8475,10.602618716508756
2025-10-30 22:00:00,98.44,293.10749999999996,10.552139064839547
2025-10-30 23:00:00,84.8325,287.0575,10.607290638482251
2025-10-31 00:00:00,87.74000000000001,290.245,10.602610055909098
2025-10-31 01:00:00,78.1575,290.37,10.552146935343597
2025-10-31 02:00:00,74.74,290.6425,10.607292026043176
2025-10-31 03:00:00,75.675,299.92,10.602601401331418
2025-10-31 04:00:00,79.7625,306.725,10.55215480197875
2025-10-31 05:00:00,91.825,308.18,10.607293410959654
2025-10-31 06:00:00,120.385,300.4925,10.60259275276938
2025-10-31 07:00:00,119.5725,271.22499999999997,10.552162664748149
2025-10-31 08:00:00,108.765,231.6275,10.607294793235479
2025-10-31 09:00:00,83.0125,215.5725,10.602584110216652
2025-10-31 10:00:00,75.67,209.33,10.552170523654931
2025-10-31 11:00:00,74.0875,218.175,10.607296172874445
2025-10-31 12:00:00,75.99000000000001,239.0525,10.602575473666917
2025-10-31 13:00:00,84.2075,270.27,10.552178378702232
2025-10-31 14:00:00,106.69999999999999,299.03499999999997,10.607297549880343
2025-10-31 15:00:00,127.0775,303.2025,10.60256684311387
2025-10-31 16:00:00,132.0475,289.615,10.552186229893186
2025-10-31 17:00:00,122.17500000000001,281.31,10.607298924256943
2025-10-31 18:00:00,107.28,268.775,10.602558218551213
2025-10-31 19:00:00,90.005,251.975,10.552194077230919
2025-10-31 20:00:00,86.0475,227.92000000000002,10.607300296008026
2025-10-31 21:00:00,87.465,209.145,10.602549599972647
2025-10-31 22:00:00,81.845,175.73000000000002,10.552201920718556
2025-10-31 23:00:00,67.60249999999999,157.42000000000002,10.607301665137355
2025-11-01 00:00:00,54.707499999999996,153.25,10.6025409873719
2025-11-01 01:00:00,38.115,152.9275,10.552209760359222
2025-11-01 02:00:00,28.2725,155.95499999999998,10.607303031648694
2025-11-01 03:00:00,29.9575,138.33499999999998,10.602532380742694
2025-11-01 04:00:00,19.9025,137.0375,10.552217596156028
2025-11-01 05:00:00,15.3275,124.37,10.60730439554579
2025-11-01 06:00:00,11.6275,110.6075,10.602523780078768
2025-11-01 07:00:00,17.605,97.4075,10.55222542811209
2025-11-01 08:00:00,29.95,86.8275,10.607305756832407
2025-11-01 09:00:00,27.045,85.2275,10.602515185373864
2025-11-01 10:00:00,18.299999999999997,86.6425,10.552233256230522
2025-11-01 11:00:00,15.7575,89.9625,10.607307115512265
2025-11-01 12:00:00,21.015,101.34,10.602506596621742
2025-11-01 13:00:00,31.740000000000002,128.5475,10.55224108051443
2025-11-01 14:00:00,54.0025,145.47,10.607308471589112
2025-11-01 15:00:00,59.0725,163.555,10.602498013816161
2025-11-01 16:00:00,76.58500000000001,178.7175,10.552248900966918
2025-11-01 17:00:00,88.78999999999999,182.2225,10.60730982506667
2025-11-01 18:00:00,89.055,182.83,10.602489436950895
2025-11-01 19:00:00,86.4,171.4775,10.552256717591082
2025-11-01 20:00:00,86.1975,174.9075,10.607311175948665
2025-11-01 21:00:00,83.2825,189.23250000000002,10.602480866019725
2025-11-01 22:00:00,82.93,185.51,10.552264530390023
2025-11-01 23:00:00,77.5075,193.4125,10.60731252423881
2025-11-02 00:00:00,64.285,192.35500000000002,10.602472301016439
2025-11-02 01:00:00,60.3275,199.42000000000002,10.552272339366832
2025-11-02 02:00:00,60.9775,211.4675,10.60731386994082
2025-11-02 03:00:00,62.7325,209.92,10.602463741934839
2025-11-02 04:00:00,67.0175,214.5225,10.552280144524602
2025-11-02 05:00:00,68.81,211.86,10.607315213058394
2025-11-02 06:00:00,70.3475,214.12,10.60245518876873
2025-11-02 07:00:00,75.53,208.995,10.552287945866416
2025-11-02 08:00:00,77.12,200.0425,10.607316553595227
2025-11-02 09:00:00,78.4575,187.4,10.60244664151193
2025-11-02 10:00:00,74.99,180.245,10.552295743395357
2025-11-02 11:00:00,74.97999999999999,188.95,10.60731789155501
2025-11-02 12:00:00,75.2125,208.02249999999998,10.60243810015826
2025-11-02 13:00:00,83.1625,241.85750000000002,10.552303537114506
2025-11-02 14:00:00,92.55,268.72,10.607319226941426
2025-11-02 15:00:00,110.6525,277.375,10.602429564701561
2025-11-02 16:00:00,116.5025,270.43,10.552311327026937
2025-11-02 17:00:00,132.0725,267.89750000000004,10.607320559758158
2025-11-02 18:00:00,130.4075,269.21000000000004,10.602421035135672
2025-11-02 19:00:00,113.6075,270.0925,10.552319113135718
2025-11-02 20:00:00,98.6,272.725,10.607321890008873
2025-11-02 21:00:00,95.33,269.445,10.602412511454443
2025-11-02 22:00:00,93.17750000000001,251.23499999999999,10.552326895443926
2025-11-02 23:00:00,85.04249999999999,242.4275,10.607323217697239
2025-11-03 00:00:00,82.44,227.39499999999998,10.602403993651738
2025-11-03 01:00:00,80.105,214.66,10.552334673954622
2025-11-03 02:00:00,74.9975,207.6975,10.607324542826913
2025-11-03 03:00:00,73.14,214.385,10.602395481721421
2025-11-03 04:00:00,74.9725,230.0375,10.55234244867087
2025-11-03 05:00:00,75.0,253.32750000000001,10.607325865401549
2025-11-03 06:00:00,95.33,253.1375,10.602386975657376
2025-11-03 07:00:00,117.255,239.59,10.552350219595725
2025-11-03 08:00:00,105.0,203.4225,10.607327185424797
2025-11-03 09:00:00,85.7625,176.12,10.602378475453481
2025-11-03 10:00:00,75.44500000000001,165.5525,10.552357986732245
2025-11-03 11:00:00,71.675,158.8775,10.607328502900293
2025-11-03 12:00:00,67.99000000000001,161.89000000000001,10.602369981103639
2025-11-03 13:00:00,71.925,177.63,10.552365750083476
2025-11-03 14:00:00,74.975,215.53,10.607329817831667
2025-11-03 15:00:00,82.60499999999999,250.0725,10.602361492601755
2025-11-03 16:00:00,92.735,255.82999999999998,10.552373509652474
2025-11-03 17:00:00,92.52,252.015,10.607331130222558
2025-11-03 18:00:00,90.555,241.685,10.602353009941728
2025-11-03 19:00:00,81.57499999999999,217.24,10.55238126544228
2025-11-03 20:00:00,71.63250000000001,214.4525,10.607332440076584
2025-11-03 21:00:00,60.00749999999999,217.0925,10.602344533117495
2025-11-03 22:00:00,52.7125,216.4125,10.552389017455937
2025-11-03 23:00:00,28.715,209.785,10.60733374739736
2025-11-04 00:00:00,16.53,206.2375,10.602336062122975
2025-11-04 01:00:00,7.2575,212.1975,10.552396765696479
2025-11-04 02:00:00,4.925,221.47,10.60733505218849
2025-11-04 03:00:00,6.3125,240.3725,10.602327596952112
2025-11-04 04:00:00,21.197499999999998,243.935,10.55240451016694
2025-11-04 05:00:00,58.4325,266.815,10.607336354453592
2025-11-04 06:00:00,81.0375,268.8425,10.60231913759885
2025-11-04 07:00:00,114.3075,252.7825,10.552412250870358
2025-11-04 08:00:00,110.0,206.5375,10.60733765419625
2025-11-04 09:00:00,80.8475,182.7175,10.60231068405714
2025-11-04 10:00:00,60.6475,162.4525,10.552419987809756
2025-11-04 11:00:00,52.87,156.19,10.607338951420056
2025-11-04 12:00:00,50.1525,176.0125,10.602302236320954
2025-11-04 13:00:00,66.9375,229.5975,10.552427720988158
2025-11-04 14:00:00,81.05,291.2525,10.607340246128604
2025-11-04 15:00:00,116.265,317.0775,10.602293794384257
2025-11-04 16:00:00,127.475,308.105,10.552435450408584
2025-11-04 17:00:00,129.1,300.71,10.607341538325471
2025-11-04 18:00:00,122.7625,286.265,10.602285358241033
2025-11-04 19:00:00,106.6975,270.585,10.552443176074053
2025-11-04 20:00:00,96.7525,255.38,10.607342828014225
2025-11-04 21:00:00,91.36500000000001,252.8075,10.602276927885276
2025-11-04 22:00:00,86.2375,238.14,10.55245089798758
2025-11-04 23:00:00,76.1225,218.0925,10.607344115198437
2025-11-05 00:00:00,77.33,206.6875,10.602268503310983
2025-11-05 01:00:00,75.8225,211.8125,10.552458616152173
2025-11-05 02:00:00,74.35499999999999,221.04749999999999,10.607345399881666
2025-11-05 03:00:00,74.6825,240.265,10.602260084512151
2025-11-05 04:00:00,78.885,263.375,10.55246633057084
2025-11-05 05:00:00,85.0,277.3275,10.607346682067469
2025-11-05 06:00:00,91.3625,294.46999999999997,10.6022516714828
2025-11-05 07:00:00,115.9,262.94,10.552474041246588
2025-11-05 08:00:00,107.115,207.165,10.607347961759395
2025-11-05 09:00:00,74.54,191.7425,10.602243264216959
2025-11-05 10:00:00,62.8825,199.57,10.552481748182414
2025-11-05 11:00:00,62.0075,210.2125,10.607349238960985
2025-11-05 12:00:00,62.07,252.85500000000002,10.602234862708652
2025-11-05 13:00:00,77.3325,302.3825,10.55248945138132
2025-11-05 14:00:00,96.1925,364.14,10.607350513675778
2025-11-05 15:00:00,115.39500000000001,387.875,10.602226466951922
2025-11-05 16:00:00,141.3825,377.44,10.552497150846293
2025-11-05 17:00:00,147.4175,377.4275,10.607351785907305
2025-11-05 18:00:00,127.58,367.3375,10.602218076940817
2025-11-05 19:00:00,114.755,352.0125,10.552504846580325
2025-11-05 20:00:00,104.79,341.8275,10.60735305565909
2025-11-05 21:00:00,98.9175,340.5325,10.602209692669398
2025-11-05 22:00:00,88.8475,331.615,10.552512538586406
2025-11-05 23:00:00,87.7,331.5925,10.607354322934658
2025-11-06 00:00:00,93.3725,333.7525,10.602201314131719
2025-11-06 01:00:00,90.83,340.6725,10.552520226867522
2025-11-06 02:00:00,91.39750000000001,345.31,10.60735558773752
2025-11-06 03:00:00,90.505,360.29,10.602192941321865
2025-11-06 04:00:00,91.9,395.5175,10.552527911426644
2025-11-06 05:00:00,92.17,416.3475,10.607356850071175
2025-11-06 06:00:00,118.35,406.09250000000003,10.602184574233911
2025-11-06 07:00:00,130.2325,389.86,10.552535592266759
2025-11-06 08:00:00,119.68,353.0425,10.607358109939135
2025-11-06 09:00:00,93.2125,313.7,10.602176212861954
2025-11-06 10:00:00,85.1575,298.4,10.55254326939084
2025-11-06 11:00:00,83.7,298.935,10.607359367344891
2025-11-06 12:00:00,83.9925,329.5125,10.602167857200087
2025-11-06 13:00:00,87.17999999999999,377.4575,10.552550942801851
2025-11-06 14:00:00,99.485,433.595,10.60736062229193
2025-11-06 15:00:00,128.24,426.615,10.602159507242414
2025-11-06 16:00:00,147.495,399.1375,10.552558612502763
2025-11-06 17:00:00,154.255,395.7125,10.60736187478374
2025-11-06 18:00:00,137.4475,396.1325,10.602151162983057
2025-11-06 19:00:00,126.4625,387.515,10.552566278496545
2025-11-06 20:00:00,114.97,390.4075,10.6073631248238
2025-11-06 21:00:00,100.98,395.56,10.602142824416136
2025-11-06 22:00:00,97.485,397.065,10.552573940786145
2025-11-06 23:00:00,90.55250000000001,399.8925,10.607364372415581
2025-11-07 00:00:00,90.1775,399.325,10.602134491535784
2025-11-07 01:00:00,88.8225,400.2475,10.55258159937453
2025-11-07 02:00:00,89.6,400.67499999999995,10.607365617562552
2025-11-07 03:00:00,89.61250000000001,418.6125,10.602126164336134
2025-11-07 04:00:00,90.41,434.905,10.552589254264651
2025-11-07 05:00:00,94.21000000000001,429.9925,10.607366860268163
2025-11-07 06:00:00,112.265,415.8825,10.602117842811344
2025-11-07 07:00:00,133.8825,406.46500000000003,10.552596905459461
2025-11-07 08:00:00,128.0475,395.935,10.60736810053588
2025-11-07 09:00:00,108.10499999999999,378.305,10.60210952695557
2025-11-07 10:00:00,93.38,362.915,10.552604552961906
2025-11-07 11:00:00,89.9875,366.755,10.607369338369143
2025-11-07 12:00:00,88.80250000000001,384.6225,10.60210121676297
2025-11-07 13:00:00,92.05250000000001,417.0,10.552612196774925
2025-11-07 14:00:00,103.1,442.6375,10.607370573771401
2025-11-07 15:00:00,129.6225,452.11,10.602092912227722
2025-11-07 16:00:00,165.1225,449.96500000000003,10.552619836901469
2025-11-07 17:00:00,178.5375,455.5075,10.607371806746093
2025-11-07 18:00:00,145.6825,463.4325,10.602084613343997
2025-11-07 19:00:00,131.4825,474.2125,10.552627473344467
2025-11-07 20:00:00,119.42750000000001,480.8275,10.607373037296645
2025-11-07 21:00:00,106.6525,485.325,10.602076320105997
2025-11-07 22:00:00,98.275,489.6325,10.55263510610686
2025-11-07 23:00:00,92.0525,504.12,10.607374265426486
2025-11-08 00:00:00,96.53,502.2275,10.602068032507908
2025-11-08 01:00:00,96.325,500.8675,10.55264273519157
2025-11-08 02:00:00,93.9975,502.82,10.607375491139038
2025-11-08 03:00:00,93.9725,505.0775,10.60205975054394
2025-11-08 04:00:00,95.0375,502.22499999999997,10.552650360601529
2025-11-08 05:00:00,94.195,497.65999999999997,10.607376714437706
2025-11-08 06:00:00,95.2775,490.15500000000003,10.602051474208311
2025-11-08 07:00:00,103.8425,473.4625,10.552657982339667
2025-11-08 08:00:00,105.5,449.6175,10.607377935325914
2025-11-08 09:00:00,103.62,432.97749999999996,10.602043203495233
2025-11-08 10:00:00,102.1775,417.175,10.5526656004089
2025-11-08 11:00:00,96.94749999999999,408.4975,10.60737915380705
2025-11-08 12:00:00,95.16,423.155,10.602034938398942
2025-11-08 13:00:00,95.9125,447.205,10.552673214812145
2025-11-08 14:00:00,101.54249999999999,470.34000000000003,10.60738036988452
2025-11-08 15:00:00,117.6175,476.88,10.60202667891367
2025-11-08 16:00:00,124.63499999999999,467.7175,10.55268082555232
2025-11-08 17:00:00,134.915,467.655,10.607381583561711
2025-11-08 18:00:00,136.5325,479.3,10.602018425033672
2025-11-08 19:00:00,131.98000000000002,491.0525,10.552688432632339
2025-11-08 20:00:00,122.9675,497.3225,10.607382794842012
2025-11-08 21:00:00,113.305,498.815,10.602010176753188
2025-11-08 22:00:00,106.26,506.6375,10.5526960360551
2025-11-08 23:00:00,96.905,507.105,10.6073840037288
2025-11-09 00:00:00,96.345,507.4575,10.602001934066488
2025-11-09 01:00:00,94.555,505.6025,10.552703635823514
2025-11-09 02:00:00,92.8325,500.9,10.607385210225454
2025-11-09 03:00:00,91.1325,496.695,10.601993696967845
2025-11-09 04:00:00,91.64750000000001,496.47,10.552711231940487
2025-11-09 05:00:00,91.685,401.05,10.607386414335338
2025-11-09 06:00:00,89.9375,404.70000000000005,10.601985465451527
2025-11-09 07:00:00,88.615,400.65,10.552718824408913
2025-11-09 08:00:00,97.27250000000001,381.365,10.607387616061816
2025-11-09 09:00:00,97.6175,359.765,10.60197723951183
2025-11-09 10:00:00,97.0325,342.6125,10.552726413231687
2025-11-09 11:00:00,97.305,338.2125,10.60738881540825
2025-11-09 12:00:00,97.8375,346.515,10.601969019143038
2025-11-09 13:00:00,96.4025,451.0375,10.552733998411703
2025-11-09 14:00:00,97.315,469.73249999999996,10.607390012377985
2025-11-09 15:00:00,97.795,488.2575,10.601960804339456
2025-11-09 16:00:00,109.8475,481.9975,10.552741579951846
2025-11-09 17:00:00,125.1,484.73,10.607391206974372
2025-11-09 18:00:00,126.1,489.03,10.601952595095394
2025-11-09 19:00:00,117.955,491.535,10.552749157855008
2025-11-09 20:00:00,106.0,476.925,10.607392399200753
2025-11-09 21:00:00,93.5375,472.935,10.60194439140517
2025-11-09 22:00:00,92.315,461.0425,10.552756732124067
2025-11-09 23:00:00,89.93,453.1275,10.60739358906046
2025-11-10 00:00:00,88.98,446.935,10.601936193263104
2025-11-10 01:00:00,87.63499999999999,446.77250000000004,10.552764302761908
2025-11-10 02:00:00,88.9025,443.24,10.607394776556824
2025-11-10 03:00:00,87.5225,446.0625,10.601928000663536
2025-11-10 04:00:00,87.1775,464.9725,10.552771869771398
2025-11-10 05:00:00,92.3125,462.3875,10.60739596169317
2025-11-10 06:00:00,113.4525,449.94,10.601919813600803
2025-11-10 07:00:00,142.995,426.1175,10.552779433155417
2025-11-10 08:00:00,157.875,408.3475,10.607397144472813
2025-11-10 09:00:00,144.29749999999999,395.68,10.601911632069257
2025-11-10 10:00:00,126.27250000000001,384.485,10.552786992916833
2025-11-10 11:00:00,115.245,374.89250000000004,10.607398324899071
2025-11-10 12:00:00,105.9225,373.445,10.601903456063251
2025-11-10 13:00:00,108.41,390.78999999999996,10.552794549058511
2025-11-10 14:00:00,115.565,418.1925,10.60739950297525
2025-11-10 15:00:00,126.2525,426.41499999999996,10.601895285577147
2025-11-10 16:00:00,133.35500000000002,412.7475,10.552802101583318
2025-11-10 17:00:00,139.4025,403.38,10.60740067870465
2025-11-10 18:00:00,120.725,398.68,10.601887120605323
2025-11-10 19:00:00,103.6625,390.21000000000004,10.552809650494114
2025-11-10 20:00:00,90.11,374.665,10.60740185209057
2025-11-10 21:00:00,88.9875,349.085,10.601878961142159
2025-11-10 22:00:00,88.39250000000001,333.89,10.55281719579375
2025-11-10 23:00:00,83.87,317.42,10.607403023136301
2025-11-11 00:00:00,83.19,308.235,10.601870807182037
2025-11-11 01:00:00,79.9825,303.0225,10.552824737485086
2025-11-11 02:00:00,75.80250000000001,295.135,10.607404191845125
2025-11-11 03:00:00,74.87,290.90250000000003,10.601862658719357
2025-11-11 04:00:00,75.495,297.095,10.552832275570974
2025-11-11 05:00:00,77.07249999999999,315.745,10.607405358220326
2025-11-11 06:00:00,86.7875,343.83,10.601854515748526
2025-11-11 07:00:00,105.21,339.605,10.552839810054255
2025-11-11 08:00:00,113.7975,324.5225,10.607406522265176
2025-11-11 09:00:00,103.11500000000001,309.9575,10.60184637826395
2025-11-11 10:00:00,91.4725,300.4575,10.55284734093778
2025-11-11 11:00:00,87.9225,294.885,10.607407683982945
2025-11-11 12:00:00,86.66,307.8025,10.601838246260046
2025-11-11 13:00:00,89.93,337.855,10.552854868224387
2025-11-11 14:00:00,101.235,379.105,10.607408843376898
2025-11-11 15:00:00,124.275,400.925,10.601830119731245
2025-11-11 16:00:00,143.0725,391.7925,10.552862391916914
2025-11-11 17:00:00,143.2575,376.83,10.607410000450296
2025-11-11 18:00:00,114.9975,368.89750000000004,10.601821998671978
2025-11-11 19:00:00,105.0325,349.4175,10.552869912018203
2025-11-11 20:00:00,98.17500000000001,327.7325,10.607411155206384
2025-11-11 21:00:00,96.3825,306.1575,10.60181388307669
2025-11-11 22:00:00,92.06,276.0325,10.55287742853107
2025-11-11 23:00:00,75.5,251.845,10.607412307648417
2025-11-12 00:00:00,74.9775,242.1175,10.60180577293983
2025-11-12 01:00:00,68.315,243.955,10.552884941458363
2025-11-12 02:00:00,64.41,255.115,10.607413457779634
2025-11-12 03:00:00,62.4,252.0025,10.601797668255855
2025-11-12 04:00:00,62.3,265.2525,10.552892450802899
2025-11-12 05:00:00,69.30000000000001,283.83500000000004,10.60741460560327
2025-11-12 06:00:00,76.9975,288.8575,10.60178956901923
2025-11-12 07:00:00,107.25999999999999,276.62,10.5528999565675
2025-11-12 08:00:00,100.7225,243.175,10.607415751122558
2025-11-12 09:00:00,78.1125,220.6525,10.60178147522443
2025-11-12 10:00:00,71.5275,217.8725,10.552907458754984
2025-11-12 11:00:00,60.005,224.3425,10.60741689434073
2025-11-12 12:00:00,59.135,248.9325,10.601773386865927
2025-11-12 13:00:00,73.7675,278.2825,10.552914957368172
2025-11-12 14:00:00,80.425,285.42,10.607418035260993
2025-11-12 15:00:00,104.97,289.74,10.601765303938215
2025-11-12 16:00:00,113.625,271.3525,10.552922452409877
2025-11-12 17:00:00,115.395,244.225,10.607419173886578
2025-11-12 18:00:00,104.8675,239.425,10.601757226435792
2025-11-12 19:00:00,88.9275,215.29250000000002,10.552929943882903
2025-11-12 20:00:00,80.945,191.0925,10.607420310220688
2025-11-12 21:00:00,76.905,185.465,10.60174915435316
2025-11-12 22:00:00,75.545,167.8,10.552937431790063
2025-11-12 23:00:00,56.934999999999995,151.815,10.607421444266523
2025-11-13 00:00:00,32.917500000000004,146.04500000000002,10.601741087684827
2025-11-13 01:00:00,18.9725,150.16250000000002,10.55294491613416
2025-11-13 02:00:00,11.1875,152.1125,10.607422576027288
2025-11-13 03:00:00,7.78,159.4275,10.601733026425311
2025-11-13 04:00:00,6.0,168.205,10.552952396917998
2025-11-13 05:00:00,25.9725,178.505,10.607423705506179
2025-11-13 06:00:00,50.885000000000005,196.78,10.601724970569137
2025-11-13 07:00:00,76.845,183.9775,10.552959874144369
2025-11-13 08:00:00,66.0825,159.915,10.607424832706382
2025-11-13 09:00:00,53.61,137.48000000000002,10.601716920110844
2025-11-13 10:00:00,50.3225,134.87,10.552967347816073
2025-11-13 11:00:00,42.96,140.315,10.60742595763108
2025-11-13 12:00:00,48.089999999999996,172.1975,10.601708875044967
2025-11-13 13:00:00,60.5725,216.805,10.552974817935896
2025-11-13 14:00:00,77.33500000000001,260.53,10.607427080283452
2025-11-13 15:00:00,101.66499999999999,280.6275,10.601700835366058
2025-11-13 16:00:00,111.5125,286.455,10.552982284506632
2025-11-13 17:00:00,130.1,296.18,10.607428200666671
2025-11-13 18:00:00,131.8025,307.3575,10.601692801068669
2025-11-13 19:00:00,129.8875,320.635,10.552989747531063
2025-11-13 20:00:00,111.845,340.8,10.607429318783906
2025-11-13 21:00:00,116.60749999999999,363.1125,10.601684772147369
2025-11-13 22:00:00,110.58500000000001,377.03000000000003,10.552997207011973
2025-11-13 23:00:00,102.77250000000001,396.495,10.60743043463832
2025-11-14 00:00:00,98.4425,406.6475,10.601676748596718
2025-11-14 01:00:00,95.8025,399.705,10.553004662952144
2025-11-14 02:00:00,94.9325,387.945,10.60743154823307
2025-11-14 03:00:00,91.53,391.595,10.601668730411308
2025-11-14 04:00:00,92.13,392.8,10.553012115354349
2025-11-14 05:00:00,91.60249999999999,388.53000000000003,10.607432659571309
2025-11-14 06:00:00,112.7775,372.72,10.601660717585716
2025-11-14 07:00:00,138.3475,352.6675,10.553019564221366
2025-11-14 08:00:00,136.385,337.8025,10.607433768656175
2025-11-14 09:00:00,120.9025,326.02250000000004,10.601652710114536
2025-11-14 10:00:00,112.0275,320.9375,10.553027009555958
2025-11-14 11:00:00,106.035,325.8375,10.607434875490826
2025-11-14 12:00:00,101.225,331.365,10.601644707992376
2025-11-14 13:00:00,105.4225,343.09749999999997,10.553034451360897
2025-11-14 14:00:00,107.0625,351.91999999999996,10.607435980078384
2025-11-14 15:00:00,115.3925,357.08500000000004,10.60163671121383
2025-11-14 16:00:00,115.965,348.9175,10.553041889638951
2025-11-14 17:00:00,131.57,345.375,10.607437082421988
2025-11-14 18:00:00,119.81,343.48749999999995,10.601628719773524
2025-11-14 19:00:00,106.49,333.3675,10.553049324392877
2025-11-14 20:00:00,98.91499999999999,326.245,10.607438182524765
2025-11-14 21:00:00,93.1625,304.375,10.601620733666083
2025-11-14 22:00:00,97.015,282.1775,10.55305675562543
2025-11-14 23:00:00,78.65,272.58500000000004,10.607439280389832
2025-11-15 00:00:00,77.3775,273.4725,10.601612752886124
2025-11-15 01:00:00,77.95,269.8675,10.55306418333937
2025-11-15 02:00:00,74.7175,260.90500000000003,10.607440376020309
2025-11-15 03:00:00,73.03,251.7675,10.601604777428296
2025-11-15 04:00:00,72.2,244.675,10.55307160753745
2025-11-15 05:00:00,70.615,238.13,10.607441469419305
2025-11-15 06:00:00,68.1575,248.6825,10.601596807287239
2025-11-15 07:00:00,77.055,241.34,10.553079028222419
2025-11-15 08:00:00,80.065,228.81,10.607442560589924
2025-11-15 09:00:00,85.235,212.4075,10.601588842457605
2025-11-15 10:00:00,85.6125,204.705,10.553086445397021
2025-11-15 11:00:00,85.4225,206.5775,10.607443649535268
2025-11-15 12:00:00,84.1925,218.6,10.601580882934062
2025-11-15 13:00:00,90.6675,256.65,10.553093859063997
2025-11-15 14:00:00,94.6525,285.54499999999996,10.607444736258433
2025-11-15 15:00:00,101.1925,301.4675,10.601572928711265
2025-11-15 16:00:00,109.7925,299.2375,10.55310126922609
2025-11-15 17:00:00,121.8,291.4125,10.607445820762512
2025-11-15 18:00:00,121.52250000000001,291.60249999999996,10.601564979783893
2025-11-15 19:00:00,114.065,285.385,10.55310867588604
2025-11-15 20:00:00,109.125,296.805,10.607446903050587
2025-11-15 21:00:00,102.885,306.4175,10.601557036146625
2025-11-15 22:00:00,101.7175,320.27750000000003,10.553116079046578
2025-11-15 23:00:00,97.8675,339.79,10.607447983125738
2025-11-16 00:00:00,93.7475,345.6,10.601549097794155
2025-11-16 01:00:00,95.0,347.0575,10.553123478710441
2025-11-16 02:00:00,93.35,346.5,10.607449060991044
2025-11-16 03:00:00,91.45,351.73,10.601541164721173
2025-11-16 04:00:00,88.215,353.6025,10.553130874880347
2025-11-16 05:00:00,91.13,336.5725,10.607450136649575
2025-11-16 06:00:00,85.6725,350.225,10.601533236922382
2025-11-16 07:00:00,92.4875,342.65,10.55313826755903
2025-11-16 08:00:00,98.49,331.8225,10.60745121010439
2025-11-16 09:00:00,101.185,335.33500000000004,10.601525314392495
2025-11-16 10:00:00,99.2775,340.5225,10.553145656749205
2025-11-16 11:00:00,102.5675,345.6975,10.607452281358558
2025-11-16 12:00:00,102.4675,361.9775,10.601517397126232
2025-11-16 13:00:00,103.9975,388.1725,10.553153042453602
2025-11-16 14:00:00,109.265,399.3375,10.60745335041513
2025-11-16 15:00:00,116.72,398.07,10.60150948511831
2025-11-16 16:00:00,124.495,386.645,10.553160424674925
2025-11-16 17:00:00,129.3725,383.435,10.60745441727715
2025-11-16 18:00:00,125.21,377.4375,10.60150157836347
2025-11-16 19:00:00,115.33,366.82,10.553167803415896
2025-11-16 20:00:00,102.7175,355.605,10.607455481947675
2025-11-16 21:00:00,91.41,350.925,10.601493676856443
2025-11-16 22:00:00,94.38499999999999,321.5575,10.553175178679226
2025-11-16 23:00:00,86.5275,316.2475,10.607456544429738
2025-11-17 00:00:00,88.29,317.145,10.601485780591979
2025-11-17 01:00:00,80.5575,313.9425,10.553182550467616
2025-11-17 02:00:00,74.0875,299.52,10.607457604726378
2025-11-17 03:00:00,71.32249999999999,303.23,10.601477889564833
2025-11-17 04:00:00,74.095,325.755,10.553189918783772
2025-11-17 05:00:00,83.6,355.7075,10.607458662840621
2025-11-17 06:00:00,89.59,361.59,10.601470003769762
2025-11-17 07:00:00,114.8675,358.51750000000004,10.553197283630402
2025-11-17 08:00:00,126.9925,349.09499999999997,10.607459718775495
2025-11-17 09:00:00,121.6875,337.1075,10.601462123201532
2025-11-17 10:00:00,105.215,315.6825,10.5532046450102
2025-11-17 11:00:00,84.3925,290.61249999999995,10.607460772534017
2025-11-17 12:00:00,77.805,281.8075,10.601454247854925
2025-11-17 13:00:00,77.785,295.1375,10.553212002925866
2025-11-17 14:00:00,87.035,330.16999999999996,10.60746182411921
2025-11-17 15:00:00,97.52,348.96,10.601446377724718
2025-11-17 16:00:00,107.32000000000001,347.2375,10.553219357380089
2025-11-17 17:00:00,117.355,343.6325,10.607462873534073
2025-11-17 18:00:00,116.49249999999999,341.32,10.601438512805702
2025-11-17 19:00:00,110.7025,330.75,10.553226708375552
2025-11-17 20:00:00,102.89,316.90250000000003,10.607463920781623
2025-11-17 21:00:00,92.69749999999999,308.03,10.601430653092669
2025-11-17 22:00:00,89.7075,294.8925,10.553234055914954
2025-11-17 23:00:00,81.14,265.3375,10.607464965864853
2025-11-18 00:00:00,84.88499999999999,261.275,10.60142279858043
2025-11-18 01:00:00,82.83,256.625,10.553241400000973
2025-11-18 02:00:00,79.0375,252.5275,10.607466008786762
2025-11-18 03:00:00,77.7175,257.92,10.601414949263784
2025-11-18 04:00:00,80.5125,285.985,10.553248740636294
2025-11-18 05:00:00,83.4725,325.52250000000004,10.607467049550348
2025-11-18 06:00:00,91.0475,352.72249999999997,10.601407105137554
2025-11-18 07:00:00,104.735,349.22249999999997,10.55325607782359
2025-11-18 08:00:00,119.84,339.4775,10.607468088158585
2025-11-18 09:00:00,107.45,316.4175,10.60139926619657
2025-11-18 10:00:00,92.1275,294.5775,10.553263411565545
2025-11-18 11:00:00,88.7975,291.33000000000004,10.607469124614456
2025-11-18 12:00:00,89.2,301.19,10.601391432435651
2025-11-18 13:00:00,90.6,331.46000000000004,10.553270741864822
2025-11-18 14:00:00,96.575,361.47749999999996,10.607470158920943
2025-11-18 15:00:00,120.595,371.5525,10.601383603849644
2025-11-18 16:00:00,141.9125,368.82,10.553278068724095
2025-11-18 17:00:00,151.66,364.8125,10.607471191081013
2025-11-18 18:00:00,143.8025,367.9275,10.601375780433392
2025-11-18 19:00:00,131.15,372.335,10.55328539214603
2025-11-18 20:00:00,107.13,371.8125,10.607472221097636
2025-11-18 21:00:00,94.6425,368.505,10.601367962181746
2025-11-18 22:00:00,97.4825,365.0725,10.553292712133292
2025-11-18 23:00:00,89.9625,336.0025,10.60747324897377
2025-11-19 00:00:00,87.3775,328.165,10.60136014908957
2025-11-19 01:00:00,86.225,322.39,10.553300028688538
2025-11-19 02:00:00,84.1675,321.97,10.607474274712374
2025-11-19 03:00:00,83.185,335.305,10.601352341151724
2025-11-19 04:00:00,84.3925,363.9975,10.553307341814433
2025-11-19 05:00:00,87.0025,385.5475,10.607475298316398
2025-11-19 06:00:00,99.03,384.5,10.601344538363085
2025-11-19 07:00:00,127.03,369.675,10.553314651513626
2025-11-19 08:00:00,136.67000000000002,350.2525,10.607476319788793
2025-11-19 09:00:00,115.1625,335.6775,10.601336740718528
2025-11-19 10:00:00,97.52250000000001,333.025,10.55332195778877
2025-11-19 11:00:00,91.62,338.7475,10.607477339132501
2025-11-19 12:00:00,89.59,348.4125,10.601328948212945
2025-11-19 13:00:00,93.5975,362.1275,10.553329260642519
2025-11-19 14:00:00,104.62,372.60749999999996,10.607478356350459
2025-11-19 15:00:00,113.05,379.6075,10.601321160841229
2025-11-19 16:00:00,117.8075,378.2475,10.553336560077513
2025-11-19 17:00:00,127.5675,374.2675,10.607479371445596
2025-11-19 18:00:00,119.19,383.56,10.601313378598281
2025-11-19 19:00:00,119.05,388.7925,10.553343856096403
2025-11-19 20:00:00,105.6875,395.4925,10.607480384420846
2025-11-19 21:00:00,100.225,400.985,10.601305601479005
2025-11-19 22:00:00,99.17,388.0075,10.553351148701822
2025-11-19 23:00:00,91.885,374.3825,10.607481395279132
2025-11-20 00:00:00,90.6275,354.3675,10.601297829478318
2025-11-20 01:00:00,88.0925,346.395,10.553358437896412
2025-11-20 02:00:00,87.0325,344.9225,10.607482404023369
2025-11-20 03:00:00,86.795,347.1925,10.601290062591142
2025-11-20 04:00:00,87.125,360.2875,10.553365723682807
2025-11-20 05:00:00,90.5025,379.475,10.607483410656469
2025-11-20 06:00:00,103.6825,393.475,10.601282300812407
2025-11-20 07:00:00,144.4075,392.9575,10.553373006063644
2025-11-20 08:00:00,155.715,388.635,10.607484415181354
2025-11-20 09:00:00,153.655,384.13,10.60127454413704
2025-11-20 10:00:00,141.27,374.125,10.553380285041543
2025-11-20 11:00:00,129.3025,373.15999999999997,10.607485417600909
2025-11-20 12:00:00,125.055,380.37,10.601266792559993
2025-11-20 13:00:00,126.1,393.73,10.553387560619141
2025-11-20 14:00:00,134.2025,414.15,10.60748641791805
2025-11-20 15:00:00,149.685,417.055,10.601259046076212
2025-11-20 16:00:00,175.82999999999998,418.21000000000004,10.553394832799055
2025-11-20 17:00:00,175.4725,426.855,10.607487416135665
2025-11-20 18:00:00,163.25,432.64,10.601251304680648
2025-11-20 19:00:00,156.01749999999998,440.6,10.553402101583904
2025-11-20 20:00:00,137.1025,446.8675,10.607488412256648
2025-11-20 21:00:00,120.7525,456.93,10.601243568368268
2025-11-20 22:00:00,108.235,455.3825,10.553409366976314
2025-11-20 23:00:00,93.7625,457.9,10.607489406283879
2025-11-21 00:00:00,101.5525,460.6575,10.601235837134034
2025-11-21 01:00:00,94.14,462.1825,10.553416628978894
2025-11-21 02:00:00,90.2825,465.4225,10.607490398220245
2025-11-21 03:00:00,90.185,461.3225,10.601228110972933
2025-11-21 04:00:00,93.625,461.765,10.553423887594262
2025-11-21 05:00:00,101.865,463.165,10.607491388068617
2025-11-21 06:00:00,133.525,457.3225,10.60122038987994
2025-11-21 07:00:00,180.42000000000002,446.53999999999996,10.553431142825023
2025-11-21 08:00:00,205.3825,429.8125,10.607492375831873
2025-11-21 09:00:00,181.82999999999998,410.775,10.601212673850043
2025-11-21 10:00:00,151.015,398.6925,10.553438394673783
2025-11-21 11:00:00,137.72,396.44,10.607493361512875
2025-11-21 12:00:00,130.3425,414.175,10.601204962878244
2025-11-21 13:00:00,135.57500000000002,441.47249999999997,10.553445643143148
2025-11-21 14:00:00,153.7525,467.12,10.607494345114489
2025-11-21 15:00:00,196.8375,469.7125,10.60119725695954
2025-11-21 16:00:00,251.87,454.4625,10.55345288823572
2025-11-21 17:00:00,250.0075,453.69,10.607495326639564
2025-11-21 18:00:00,205.0875,462.895,10.601189556088947
2025-11-21 19:00:00,171.3675,477.04,10.553460129954097
2025-11-21 20:00:00,141.95,482.615,10.607496306090965
2025-11-21 21:00:00,117.3075,465.2375,10.601181860261477
2025-11-21 22:00:00,104.9,436.7525,10.553467368300872
2025-11-21 23:00:00,95.0325,410.515,10.607497283471536
2025-11-22 00:00:00,102.2475,384.52500000000003,10.601174169472154
2025-11-22 01:00:00,94.6,356.1875,10.553474603278639
2025-11-22 02:00:00,88.44,349.5175,10.60749825878412
2025-11-22 03:00:00,85.2775,343.3875,10.601166483716
2025-11-22 04:00:00,86.0975,347.6325,10.553481834889991
2025-11-22 05:00:00,85.2775,346.10749999999996,10.607499232031554
2025-11-22 06:00:00,90.52250000000001,348.8,10.601158802988065
2025-11-22 07:00:00,106.7475,327.4775,10.553489063137514
2025-11-22 08:00:00,104.21000000000001,292.3275,10.607500203216683
2025-11-22 09:00:00,89.1175,249.64,10.601151127283382
2025-11-22 10:00:00,82.00999999999999,227.76,10.553496288023789
2025-11-22 11:00:00,78.58,216.51500000000001,10.607501172342323
2025-11-22 12:00:00,76.2825,228.015,10.601143456597004
2025-11-22 13:00:00,75.3675,258.4,10.553503509551405
2025-11-22 14:00:00,81.645,318.19,10.60750213941131
2025-11-22 15:00:00,88.965,335.0925,10.601135790923987
2025-11-22 16:00:00,105.0,326.5225,10.55351072772293
2025-11-22 17:00:00,114.455,314.9025,10.607503104426458
2025-11-22 18:00:00,109.2525,300.34749999999997,10.601128130259392
2025-11-22 19:00:00,98.33,288.0775,10.553517942540951
2025-11-22 20:00:00,86.61,281.515,10.60750406739059
2025-11-22 21:00:00,89.2475,281.96500000000003,10.601120474598291
2025-11-22 22:00:00,89.4275,274.0675,10.553525154008037
2025-11-22 23:00:00,82.23,282.535,10.607505028306516
2025-11-23 00:00:00,81.5275,277.005,10.601112823935757
2025-11-23 01:00:00,74.35249999999999,265.6575,10.553532362126756
2025-11-23 02:00:00,70.44,253.4425,10.607505987177042
2025-11-23 03:00:00,63.230000000000004,247.79250000000002,10.601105178266875
2025-11-23 04:00:00,60.885,247.1075,10.553539566899676
2025-11-23 05:00:00,64.21,232.26999999999998,10.60750694400497
2025-11-23 06:00:00,62.03,231.6,10.601097537586735
2025-11-23 07:00:00,67.9825,217.89,10.55354676832937
2025-11-23 08:00:00,67.8325,198.105,10.607507898793102
2025-11-23 09:00:00,65.96,180.82,10.601089901890429
2025-11-23 10:00:00,65.985,165.905,10.553553966418391
2025-11-23 11:00:00,66.69,165.6075,10.607508851544228
2025-11-23 12:00:00,67.8625,167.70499999999998,10.60108227117306
2025-11-23 13:00:00,65.45750000000001,179.6125,10.553561161169306
2025-11-23 14:00:00,69.42750000000001,193.4675,10.60750980226114
2025-11-23 15:00:00,77.28999999999999,194.36,10.601074645429746
2025-11-23 16:00:00,77.8875,193.75,10.553568352584662
2025-11-23 17:00:00,80.84,201.1475,10.607510750946624
2025-11-23 18:00:00,82.54249999999999,219.8725,10.60106702465559
2025-11-23 19:00:00,83.7975,224.1575,10.553575540667026
2025-11-23 20:00:00,77.4125,229.11,10.607511697603456
2025-11-23 21:00:00,74.16,242.0025,10.60105940884572
2025-11-23 22:00:00,75.1675,235.225,10.553582725418934
2025-11-23 23:00:00,71.2625,246.8,10.607512642234417
2025-11-24 00:00:00,72.4575,253.83249999999998,10.601051797995257
2025-11-24 01:00:00,70.0625,256.26,10.55358990684295
2025-11-24 02:00:00,72.255,257.425,10.607513584842279
2025-11-24 03:00:00,73.275,271.4325,10.601044192099344
2025-11-24 04:00:00,73.755,289.52750000000003,10.55359708494161
2025-11-24 05:00:00,80.065,320.65250000000003,10.607514525429805
2025-11-24 06:00:00,90.3075,347.6875,10.601036591153122
2025-11-24 07:00:00,104.3925,360.245,10.553604259717464
2025-11-24 08:00:00,107.785,360.8325,10.607515463999755
2025-11-24 09:00:00,110.25999999999999,364.065,10.601028995151736
2025-11-24 10:00:00,117.44749999999999,367.995,10.553611431173046
2025-11-24 11:00:00,128.0375,375.4775,10.607516400554895
2025-11-24 12:00:00,134.235,387.01,10.601021404090341
2025-11-24 13:00:00,149.9925,401.025,10.553618599310896
2025-11-24 14:00:00,173.5375,412.73249999999996,10.607517335097974
2025-11-24 15:00:00,195.8125,415.915,10.6010138179641
2025-11-24 16:00:00,225.775,415.055,10.553625764133553
2025-11-24 17:00:00,263.4825,419.8625,10.607518267631741
2025-11-24 18:00:00,230.5875,425.9375,10.601006236768175
2025-11-24 19:00:00,188.305,432.0075,10.553632925643543
2025-11-24 20:00:00,151.185,437.425,10.60751919815894
2025-11-24 21:00:00,135.235,434.075,10.600998660497742
2025-11-24 22:00:00,123.035,432.875,10.5536400838434
2025-11-24 23:00:00,105.405,430.45,10.60752012668232
2025-11-25 00:00:00,100.9,431.3125,10.600991089147985
2025-11-25 01:00:00,99.1525,435.23749999999995,10.553647238735648
2025-11-25 02:00:00,97.5875,440.94,10.60752105320461
2025-11-25 03:00:00,96.0975,442.765,10.600983522714087
2025-11-25 04:00:00,99.50999999999999,457.8125,10.553654390322816
2025-11-25 05:00:00,106.72999999999999,464.1425,10.60752197772854
2025-11-25 06:00:00,122.4075,457.0725,10.600975961191239
2025-11-25 07:00:00,291.02,446.895,10.553661538607418
2025-11-25 08:00:00,333.275,437.2525,10.607522900256841
2025-11-25 09:00:00,292.65,425.9,10.600968404574642
2025-11-25 10:00:00,273.085,421.665,10.55366868359198
2025-11-25 11:00:00,326.6275,425.53,10.607523820792233
2025-11-25 12:00:00,351.0,427.2975,10.600960852859505
2025-11-25 13:00:00,317.65250000000003,437.0425,10.553675825279013
2025-11-25 14:00:00,300.0,448.96000000000004,10.607524739337437
2025-11-25 15:00:00,309.995,449.125,10.600953306041035
2025-11-25 16:00:00,325.0825,444.1375,10.553682963671037
2025-11-25 17:00:00,373.3125,444.6925,10.60752565589517
2025-11-25 18:00:00,297.905,452.53499999999997,10.600945764114455
2025-11-25 19:00:00,249.3725,462.60749999999996,10.553690098770552
2025-11-25 20:00:00,172.835,475.5325,10.607526570468137
2025-11-25 21:00:00,135.02,482.22249999999997,10.60093822707498
2025-11-25 22:00:00,119.155,483.435,10.553697230580077
2025-11-25 23:00:00,102.035,470.0525,10.607527483059043
2025-11-26 00:00:00,92.85499999999999,451.0875,10.600930694917853
2025-11-26 01:00:00,89.94999999999999,445.9175,10.553704359102111
2025-11-26 02:00:00,88.325,444.985,10.607528393670595
2025-11-26 03:00:00,89.435,440.9125,10.600923167638305
2025-11-26 04:00:00,89.80250000000001,460.125,10.553711484339159
2025-11-26 05:00:00,97.25,473.7075,10.607529302305487
2025-11-26 06:00:00,129.8225,458.815,10.600915645231579
2025-11-26 07:00:00,191.17,452.2475,10.553718606293723
2025-11-26 08:00:00,237.2225,445.04499999999996,10.607530208966413
2025-11-26 09:00:00,211.8475,435.8125,10.600908127692929
2025-11-26 10:00:00,197.1375,433.1225,10.553725724968299
2025-11-26 11:00:00,170.4975,436.89750000000004,10.607531113656057
2025-11-26 12:00:00,164.6825,439.1075,10.600900615017608
2025-11-26 13:00:00,168.2375,448.875,10.553732840365381
2025-11-26 14:00:00,184.49,462.9275,10.607532016377103
2025-11-26 15:00:00,223.7225,462.775,10.600893107200882
2025-11-26 16:00:00,294.3775,459.3625,10.553739952487458
2025-11-26 17:00:00,294.61,462.5075,10.607532917132238
2025-11-26 18:00:00,228.93,466.335,10.600885604238018
2025-11-26 19:00:00,183.675,465.805,10.553747061337026
2025-11-26 20:00:00,141.26,463.18,10.607533815924134
2025-11-26 21:00:00,114.9475,433.83,10.600878106124286
2025-11-26 22:00:00,101.9925,396.5025,10.553754166916566
2025-11-26 23:00:00,90.1875,362.6725,10.60753471275546
2025-11-27 00:00:00,89.945,334.2875,10.600870612854973
2025-11-27 01:00:00,84.275,323.64250000000004,10.553761269228566
2025-11-27 02:00:00,79.9475,315.725,10.607535607628881
2025-11-27 03:00:00,77.3425,306.2425,10.600863124425366
2025-11-27 04:00:00,79.94749999999999,309.4,10.55376836827551
2025-11-27 05:00:00,82.0775,316.07,10.607536500547065
2025-11-27 06:00:00,112.22,317.78249999999997,10.60085564083076
2025-11-27 07:00:00,122.0,314.0475,10.55377546405987
2025-11-27 08:00:00,123.10499999999999,296.48,10.607537391512668
2025-11-27 09:00:00,106.9525,271.9175,10.60084816206645
2025-11-27 10:00:00,90.9475,246.2125,10.553782556584128
2025-11-27 11:00:00,88.66499999999999,246.0875,10.607538280528347
2025-11-27 12:00:00,87.0625,244.7425,10.60084068812775
2025-11-27 13:00:00,85.75999999999999,247.945,10.55378964585075
2025-11-27 14:00:00,89.2475,258.495,10.607539167596752
2025-11-27 15:00:00,90.6,255.68,10.600833219009964
2025-11-27 16:00:00,90.42999999999999,256.885,10.553796731862212
2025-11-27 17:00:00,97.5075,255.79250000000002,10.607540052720521
2025-11-27 18:00:00,101.3925,256.135,10.600825754708413
2025-11-27 19:00:00,88.27,245.63,10.55380381462099
2025-11-27 20:00:00,85.39750000000001,244.4375,10.607540935902303
2025-11-27 21:00:00,80.625,243.5525,10.60081829521843
2025-11-27 22:00:00,85.105,228.5575,10.553810894129535
2025-11-27 23:00:00,69.45750000000001,225.03,10.607541817144739
2025-11-28 00:00:00,60.84,223.035,10.600810840535335
2025-11-28 01:00:00,55.0,222.22,10.553817970390321
2025-11-28 02:00:00,52.93,217.49,10.607542696450452
2025-11-28 03:00:00,47.8825,225.1925,10.600803390654466
2025-11-28 04:00:00,58.375,237.64499999999998,10.553825043405803
2025-11-28 05:00:00,61.04,249.36249999999998,10.607543573822078
2025-11-28 06:00:00,82.8625,279.0775,10.60079594557117
2025-11-28 07:00:00,87.82,291.045,10.553832113178444
2025-11-28 08:00:00,100.475,289.76750000000004,10.607544449262237
2025-11-28 09:00:00,103.4,278.84,10.600788505280796
2025-11-28 10:00:00,97.845,271.0375,10.553839179710694
2025-11-28 11:00:00,102.82,268.22749999999996,10.607545322773554
2025-11-28 12:00:00,98.7125,280.625,10.600781069778701
2025-11-28 13:00:00,99.44999999999999,301.515,10.553846243005012
2025-11-28 14:00:00,98.78999999999999,324.35,10.60754619435864
2025-11-28 15:00:00,104.67,323.91999999999996,10.600773639060243
2025-11-28 16:00:00,103.4,314.9475,10.553853303063843
2025-11-28 17:00:00,96.1575,308.3325,10.60754706402011
2025-11-28 18:00:00,98.125,297.36,10.600766213120798
2025-11-28 19:00:00,93.32,281.595,10.553860359889635
2025-11-28 20:00:00,88.45750000000001,277.225,10.607547931760575
2025-11-28 21:00:00,85.41,283.5075,10.600758791955728
2025-11-28 22:00:00,85.545,287.44,10.553867413484832
2025-11-28 23:00:00,77.83,290.68,10.607548797582641
2025-11-29 00:00:00,81.72999999999999,291.4925,10.600751375560417
2025-11-29 01:00:00,80.89750000000001,298.58,10.55387446385188
2025-11-29 02:00:00,81.33500000000001,291.1975,10.6075496614889
2025-11-29 03:00:00,82.5575,298.74,10.600743963930254
2025-11-29 04:00:00,85.6975,314.4275,10.553881510993218
2025-11-29 05:00:00,89.9975,305.8425,10.607550523481953
2025-11-29 06:00:00,90.8875,304.14750000000004,10.60073655706063
2025-11-29 07:00:00,96.175,308.2475,10.553888554911284
2025-11-29 08:00:00,89.15,303.87,10.60755138356439
2025-11-29 09:00:00,101.58250000000001,288.4925,10.600729154946945
2025-11-29 10:00:00,101.44,271.21,10.553895595608505
2025-11-29 11:00:00,95.2625,273.4925,10.6075522417388
2025-11-29 12:00:00,86.0975,285.7025,10.600721757584594
2025-11-29 13:00:00,87.9575,297.38,10.553902633087322
2025-11-29 14:00:00,91.72749999999999,314.45,10.607553098007763
2025-11-29 15:00:00,102.7225,312.15,10.600714364968999
2025-11-29 16:00:00,102.645,299.7925,10.55390966735016
2025-11-29 17:00:00,107.08500000000001,294.9675,10.607553952373861
2025-11-29 18:00:00,98.13,288.5,10.60070697709557
2025-11-29 19:00:00,88.43,277.8425,10.553916698399446
2025-11-29 20:00:00,81.1125,270.41,10.607554804839669
2025-11-29 21:00:00,80.8,273.6075,10.600699593959726
2025-11-29 22:00:00,83.49000000000001,260.3675,10.553923726237613
2025-11-29 23:00:00,77.72749999999999,240.0075,10.607555655407758
2025-11-30 00:00:00,75.9725,220.17000000000002,10.600692215556906
2025-11-30 01:00:00,69.7825,217.6775,10.55393075086707
2025-11-30 02:00:00,67.4375,219.04500000000002,10.607556504080696
2025-11-30 03:00:00,65.355,219.36,10.600684841882535
2025-11-30 04:00:00,67.0,218.1875,10.553937772290242
2025-11-30 05:00:00,74.2925,214.3175,10.607557350861045
2025-11-30 06:00:00,75.5775,219.655,10.600677472932055
2025-11-30 07:00:00,75.975,235.32,10.553944790509545
2025-11-30 08:00:00,79.84,243.1025,10.607558195751364
2025-11-30 09:00:00,80.65,241.765,10.600670108700914
2025-11-30 10:00:00,84.4225,256.22249999999997,10.553951805527396
2025-11-30 11:00:00,81.5425,269.94,10.607559038754207
2025-11-30 12:00:00,80.695,294.5775,10.600662749184563
2025-11-30 13:00:00,82.5175,314.47,10.553958817346201
2025-11-30 14:00:00,87.5475,321.0775,10.60755987987213
2025-11-30 15:00:00,93.5775,313.77750000000003,10.600655394378462
2025-11-30 16:00:00,92.81,302.85,10.553965825968374
2025-11-30 17:00:00,104.0475,297.995,10.60756071910767
2025-11-30 18:00:00,106.2125,298.095,10.600648044278069
2025-11-30 19:00:00,104.1275,297.755,10.553972831396322
2025-11-30 20:00:00,97.525,294.8375,10.60756155646338
2025-11-30 21:00:00,92.93,293.27750000000003,10.600640698878859
2025-11-30 22:00:00,92.5975,295.7175,10.553979833632445
2025-11-30 23:00:00,87.1275,276.7125,10.607562391941793
2025-12-01 00:00:00,87.995,244.4975,10.600633358176307
2025-12-01 01:00:00,86.02250000000001,238.0875,10.553986832679144
2025-12-01 02:00:00,81.34,242.0775,10.607563225545446
2025-12-01 03:00:00,85.14,255.2475,10.600626022165898
2025-12-01 04:00:00,80.2575,267.4025,10.553993828538824
2025-12-01 05:00:00,88.745,280.1425,10.607564057276871
2025-12-01 06:00:00,88.625,297.5075,10.600618690843113
2025-12-01 07:00:00,127.86,293.135,10.554000821213874
2025-12-01 08:00:00,139.3325,274.9325,10.607564887138588
2025-12-01 09:00:00,105.095,247.39999999999998,10.600611364203449
2025-12-01 10:00:00,93.7325,234.4425,10.554007810706695
2025-12-01 11:00:00,85.96,219.4425,10.607565715133127
2025-12-01 12:00:00,85.01750000000001,240.685,10.600604042242406
2025-12-01 13:00:00,90.07,272.65,10.554014797019672
2025-12-01 14:00:00,107.2175,291.0875,10.607566541263004
2025-12-01 15:00:00,120.3225,282.6975,10.600596724955489
2025-12-01 16:00:00,112.965,263.9975,10.554021780155198
2025-12-01 17:00:00,94.4125,259.245,10.60756736553074
2025-12-01 18:00:00,88.9925,246.515,10.600589412338213
2025-12-01 19:00:00,86.7675,236.965,10.554028760115656
2025-12-01 20:00:00,82.3,213.3775,10.607568187938837
2025-12-01 21:00:00,75.95,213.1125,10.600582104386088
2025-12-01 22:00:00,76.43,214.49,10.554035736903433
2025-12-01 23:00:00,71.80250000000001,212.14,10.607569008489804
2025-12-02 00:00:00,65.7775,206.25,10.60057480109464
2025-12-02 01:00:00,58.82,200.2875,10.554042710520909
2025-12-02 02:00:00,54.935,199.3975,10.607569827186147
2025-12-02 03:00:00,53.7325,199.5675,10.600567502459398
2025-12-02 04:00:00,50.4675,201.93,10.554049680970461
2025-12-02 05:00:00,64.58500000000001,223.7375,10.607570644030362
2025-12-02 06:00:00,78.5125,264.565,10.600560208475898
2025-12-02 07:00:00,87.7875,275.7575,10.554056648254468
2025-12-02 08:00:00,87.65,270.6075,10.60757145902495
2025-12-02 09:00:00,88.28,264.9,10.600552919139677
2025-12-02 10:00:00,85.8325,256.3175,10.554063612375305
2025-12-02 11:00:00,86.7225,269.9225,10.607572272172396
2025-12-02 12:00:00,87.44749999999999,299.14750000000004,10.600545634446283
2025-12-02 13:00:00,97.035,336.495,10.55407057333534
2025-12-02 14:00:00,105.0075,368.995,10.607573083475186
2025-12-02 15:00:00,140.37,377.9825,10.600538354391274
2025-12-02 16:00:00,136.34,378.8125,10.554077531136944
2025-12-02 17:00:00,151.64,381.21000000000004,10.607573892935806
2025-12-02 18:00:00,162.14249999999998,392.39750000000004,10.600531078970198
2025-12-02 19:00:00,163.2025,407.2725,10.554084485782479
2025-12-02 20:00:00,154.885,421.28,10.607574700556741
2025-12-02 21:00:00,129.3475,431.855,10.600523808178622
2025-12-02 22:00:00,119.2225,443.9425,10.554091437274314
2025-12-02 23:00:00,99.1375,445.36,10.607575506340462
2025-12-03 00:00:00,90.83500000000001,447.6625,10.600516542012116
2025-12-03 01:00:00,89.0725,457.36,10.55409838561481
2025-12-03 02:00:00,90.25750000000001,454.56,10.607576310289433
2025-12-03 03:00:00,89.8775,454.5475,10.60050928046626
2025-12-03 04:00:00,90.02,465.5825,10.554105330806324
2025-12-03 05:00:00,98.98,468.18,10.607577112406133
2025-12-03 06:00:00,150.945,449.49,10.600502023536624
2025-12-03 07:00:00,200.0,451.84250000000003,10.554112272851217
2025-12-03 08:00:00,249.9975,444.9375,10.607577912693023
2025-12-03 09:00:00,219.89,436.165,10.600494771218804
2025-12-03 10:00:00,187.18,434.3325,10.554119211751836
2025-12-03 11:00:00,173.3725,436.79,10.60757871115256
2025-12-03 12:00:00,167.725,443.3875,10.600487523508386
2025-12-03 13:00:00,181.4075,457.1875,10.554126147510534
2025-12-03 14:00:00,199.9375,467.8075,10.607579507787202
2025-12-03 15:00:00,242.5625,457.2925,10.600480280400975
2025-12-03 16:00:00,308.35,446.885,10.554133080129663
2025-12-03 17:00:00,259.6025,442.295,10.607580302599406
2025-12-03 18:00:00,204.12,441.5375,10.600473041892169
2025-12-03 19:00:00,172.6275,436.575,10.554140009611569
2025-12-03 20:00:00,146.24,442.145,10.607581095591613
2025-12-03 21:00:00,124.82499999999999,445.265,10.600465807977578
2025-12-03 22:00:00,113.405,448.06,10.554146935958594
2025-12-03 23:00:00,104.135,454.015,10.607581886766273
2025-12-04 00:00:00,97.3825,461.0675,10.60045857865282
2025-12-04 01:00:00,93.8825,461.7275,10.554153859173084
2025-12-04 02:00:00,90.8325,457.5825,10.607582676125821
2025-12-04 03:00:00,90.3575,456.495,10.600451353913513
2025-12-04 04:00:00,92.3275,459.1375,10.554160779257373
2025-12-04 05:00:00,96.755,449.015,10.607583463672697
2025-12-04 06:00:00,124.86500000000001,430.3925,10.600444133755289
2025-12-04 07:00:00,128.41,423.525,10.554167696213801
2025-12-04 08:00:00,144.7025,410.0375,10.607584249409337
2025-12-04 09:00:00,163.985,399.1575,10.60043691817377
2025-12-04 10:00:00,138.405,390.685,10.554174610044699
2025-12-04 11:00:00,148.0925,394.935,10.60758503333817
2025-12-04 12:00:00,141.9625,404.0,10.600429707164604
2025-12-04 13:00:00,145.1825,419.71000000000004,10.554181520752405
2025-12-04 14:00:00,152.0675,432.27,10.607585815461618
2025-12-04 15:00:00,150.9925,429.0825,10.60042250072343
2025-12-04 16:00:00,145.1975,422.495,10.554188428339247
2025-12-04 17:00:00,144.6975,421.935,10.607586595782106
2025-12-04 18:00:00,142.33249999999998,423.84749999999997,10.600415298845896
2025-12-04 19:00:00,134.985,430.28,10.554195332807549
2025-12-04 20:00:00,118.6025,438.2825,10.607587374302048
2025-12-04 21:00:00,103.35249999999999,444.445,10.600408101527657
2025-12-04 22:00:00,109.0375,452.0525,10.55420223415963
2025-12-04 23:00:00,98.2575,464.355,10.607588151023863
2025-12-05 00:00:00,95.7425,472.3075,10.600400908764374
2025-12-05 01:00:00,93.8625,480.2825,10.554209132397826
2025-12-05 02:00:00,90.92,486.3125,10.607588925949953
2025-12-05 03:00:00,90.5675,488.44,10.600393720551718
2025-12-05 04:00:00,94.03,492.395,10.554216027524447
2025-12-05 05:00:00,100.8725,489.2,10.607589699082737
2025-12-05 06:00:00,123.99,475.32,10.600386536885354
2025-12-05 07:00:00,162.4175,471.83,10.554222919541816
2025-12-05 08:00:00,184.4325,463.155,10.60759047042461
2025-12-05 09:00:00,184.145,454.825,10.600379357760964
2025-12-05 10:00:00,171.3475,448.7,10.55422980845224
2025-12-05 11:00:00,167.51500000000001,441.19,10.607591239977971
2025-12-05 12:00:00,161.56,446.61,10.600372183174224
2025-12-05 13:00:00,157.4475,455.83500000000004,10.55423669425804
2025-12-05 14:00:00,161.1775,469.15500000000003,10.607592007745223
2025-12-05 15:00:00,162.3475,468.565,10.600365013120829
2025-12-05 16:00:00,169.4975,458.275,10.554243576961522
2025-12-05 17:00:00,158.305,456.29,10.607592773728749
2025-12-05 18:00:00,147.2475,446.3475,10.60035784759647
2025-12-05 19:00:00,131.54,423.525,10.554250456564993
2025-12-05 20:00:00,115.15,393.2175,10.607593537930937
2025-12-05 21:00:00,97.55499999999999,363.86249999999995,10.600350686596844
2025-12-05 22:00:00,93.08,323.1625,10.554257333070764
2025-12-05 23:00:00,84.1225,286.3675,10.607594300354178
2025-12-06 00:00:00,82.08,236.7825,10.600343530117664
2025-12-06 01:00:00,76.9725,205.055,10.55426420648113
2025-12-06 02:00:00,73.63,187.45,10.607595061000843
2025-12-06 03:00:00,70.01,181.285,10.600336378154633
2025-12-06 04:00:00,67.42750000000001,180.555,10.554271076798399
2025-12-06 05:00:00,64.9725,179.325,10.60759581987332
2025-12-06 06:00:00,64.585,182.9475,10.600329230703469
2025-12-06 07:00:00,67.87,190.785,10.554277944024859
2025-12-06 08:00:00,78.6125,201.9575,10.607596576973972
2025-12-06 09:00:00,80.94,204.075,10.600322087759896
2025-12-06 10:00:00,82.295,204.53,10.554284808162812
2025-12-06 11:00:00,80.6125,213.60750000000002,10.607597332305176
2025-12-06 12:00:00,80.615,222.92000000000002,10.600314949319639
2025-12-06 13:00:00,81.325,237.0425,10.554291669214555
2025-12-06 14:00:00,86.1725,249.445,10.607598085869293
2025-12-06 15:00:00,91.02250000000001,249.7375,10.60030781537843
2025-12-06 16:00:00,95.5875,247.6975,10.554298527182375
2025-12-06 17:00:00,95.1175,234.0525,10.607598837668686
2025-12-06 18:00:00,89.1825,224.0075,10.600300685932005
2025-12-06 19:00:00,89.655,203.73250000000002,10.554305382068561
2025-12-06 20:00:00,83.385,193.7,10.607599587705714
2025-12-06 21:00:00,80.61,181.8075,10.600293560976116
2025-12-06 22:00:00,76.495,169.73000000000002,10.5543122338754
2025-12-06 23:00:00,71.565,168.27,10.607600335982733
2025-12-07 00:00:00,67.32249999999999,166.5475,10.600286440506501
2025-12-07 01:00:00,60.995000000000005,167.7875,10.554319082605174
2025-12-07 02:00:00,59.4225,173.075,10.60760108250209
2025-12-07 03:00:00,58.56,178.7075,10.600279324518922
2025-12-07 04:00:00,62.075,194.4125,10.554325928260162
2025-12-07 05:00:00,62.004999999999995,195.0675,10.607601827266137
2025-12-07 06:00:00,63.72,216.03,10.60027221300914
2025-12-07 07:00:00,71.83500000000001,246.4425,10.554332770842652
2025-12-07 08:00:00,77.9975,251.5475,10.60760257027721
2025-12-07 09:00:00,85.555,246.3675,10.600265105972914
2025-12-07 10:00:00,90.53,248.7475,10.554339610354912
2025-12-07 11:00:00,91.9225,256.695,10.60760331153766
2025-12-07 12:00:00,97.4375,275.93,10.600258003406019
2025-12-07 13:00:00,99.57249999999999,289.735,10.554346446799222
2025-12-07 14:00:00,104.145,295.85249999999996,10.607604051049815
2025-12-07 15:00:00,105.735,291.795,10.600250905304234
2025-12-07 16:00:00,109.6075,279.525,10.554353280177848
2025-12-07 17:00:00,111.82,260.82,10.607604788816012
2025-12-07 18:00:00,96.88,221.075,10.600243811663333
2025-12-07 19:00:00,87.4625,174.39,10.554360110493066
2025-12-07 20:00:00,83.75999999999999,147.39249999999998,10.607605524838576
2025-12-07 21:00:00,73.72,140.875,10.60023672247911
2025-12-07 22:00:00,65.5975,128.76,10.55436693774714
2025-12-07 23:00:00,41.7375,129.13,10.607606259119834
2025-12-08 00:00:00,19.27,127.0475,10.600229637747352
2025-12-08 01:00:00,11.09,127.28,10.554373761942333
2025-12-08 02:00:00,11.6625,128.2075,10.607606991662115
2025-12-08 03:00:00,5.59,133.995,10.600222557463864
2025-12-08 04:00:00,12.89,156.635,10.554380583080915
2025-12-08 05:00:00,28.655,170.9525,10.607607722467725
2025-12-08 06:00:00,64.3175,196.8425,10.600215481624444
2025-12-08 07:00:00,82.84,214.3725,10.554387401165139
2025-12-08 08:00:00,100.0,212.58,10.607608451538987
2025-12-08 09:00:00,98.3375,204.7575,10.600208410224903
2025-12-08 10:00:00,86.0375,194.6175,10.554394216197268
2025-12-08 11:00:00,79.99000000000001,213.2575,10.60760917887821
2025-12-08 12:00:00,79.3475,228.25,10.60020134326105
2025-12-08 13:00:00,86.845,246.2075,10.554401028179552
2025-12-08 14:00:00,94.08,254.3475,10.607609904487699
2025-12-08 15:00:00,100.145,247.685,10.60019428072871
2025-12-08 16:00:00,101.075,251.985,10.554407837114248
2025-12-08 17:00:00,109.85,244.4425,10.607610628369764
2025-12-08 18:00:00,100.2625,239.64249999999998,10.600187222623706
2025-12-08 19:00:00,96.63499999999999,235.95999999999998,10.554414643003604
2025-12-08 20:00:00,89.345,236.5575,10.607611350526707
2025-12-08 21:00:00,83.5175,240.1175,10.600180168941872
2025-12-08 22:00:00,80.21,222.49,10.554421445849872
2025-12-08 23:00:00,73.2525,200.8625,10.607612070960812
2025-12-09 00:00:00,73.69749999999999,203.51,10.600173119679036
2025-12-09 01:00:00,72.785,225.615,10.554428245655297
2025-12-09 02:00:00,73.7125,236.84,10.60761278967438
2025-12-09 03:00:00,74.845,244.575,10.60016607483104
2025-12-09 04:00:00,73.72,265.7725,10.554435042422124
2025-12-09 05:00:00,80.205,288.9325,10.607613506669706
2025-12-09 06:00:00,98.8475,299.6175,10.600159034393739
2025-12-09 07:00:00,105.78999999999999,303.03999999999996,10.55444183615259
2025-12-09 08:00:00,129.75,285.7375,10.607614221949067
2025-12-09 09:00:00,111.335,268.98,10.600151998362973
2025-12-09 10:00:00,103.06,257.8125,10.554448626848943
2025-12-09 11:00:00,103.34,250.18,10.607614935514752
2025-12-09 12:00:00,97.83,261.67,10.600144966734605
2025-12-09 13:00:00,101.1,287.1475,10.55445541451341
2025-12-09 14:00:00,100.22,302.4925,10.607615647369041
2025-12-09 15:00:00,110.88499999999999,302.385,10.60013793950449
2025-12-09 16:00:00,108.3,293.2525,10.554462199148231
2025-12-09 17:00:00,104.5675,277.9075,10.6076163575142
2025-12-09 18:00:00,96.91,260.3625,10.600130916668512
2025-12-09 19:00:00,85.1025,242.965,10.554468980755642
2025-12-09 20:00:00,83.67,222.7575,10.607617065952509
2025-12-09 21:00:00,79.35499999999999,203.09,10.600123898222524
2025-12-09 22:00:00,73.3325,187.165,10.554475759337866
2025-12-09 23:00:00,55.42,180.315,10.607617772686234
2025-12-10 00:00:00,43.9,169.70499999999998,10.600116884162414
2025-12-10 01:00:00,36.480000000000004,169.74,10.554482534897135
2025-12-10 02:00:00,31.0,175.1625,10.607618477717647
2025-12-10 03:00:00,35.1125,177.525,10.600109874484062
2025-12-10 04:00:00,48.089999999999996,193.2725,10.554489307435674
2025-12-10 05:00:00,69.65,225.7525,10.607619181048996
2025-12-10 06:00:00,79.12,266.795,10.60010286918336
2025-12-10 07:00:00,87.505,278.8975,10.554496076955703
2025-12-10 08:00:00,94.33250000000001,271.3525,10.607619882682553
2025-12-10 09:00:00,94.225,263.46500000000003,10.600095868256197
2025-12-10 10:00:00,87.72749999999999,266.41499999999996,10.554502843459446
2025-12-10 11:00:00,80.9975,269.9975,10.607620582620566
2025-12-10 12:00:00,79.5,277.54,10.600088871698473
2025-12-10 13:00:00,81.4425,296.6575,10.554509606949122
2025-12-10 14:00:00,90.2225,320.6075,10.607621280865281
2025-12-10 15:00:00,100.665,321.8025,10.600081879506096
2025-12-10 16:00:00,104.0025,307.0725,10.554516367426942
2025-12-10 17:00:00,105.6725,296.27750000000003,10.607621977418956
2025-12-10 18:00:00,104.695,275.0875,10.600074891674968
2025-12-10 19:00:00,96.77250000000001,254.01999999999998,10.55452312489513
2025-12-10 20:00:00,87.75,241.26749999999998,10.607622672283828
2025-12-10 21:00:00,86.31,236.14249999999998,10.600067908201007
2025-12-10 22:00:00,82.485,217.505,10.55452987935589
2025-12-10 23:00:00,76.425,218.78,10.607623365462143
2025-12-11 00:00:00,73.975,220.8875,10.600060929080133
2025-12-11 01:00:00,73.41749999999999,218.98000000000002,10.554536630811436
2025-12-11 02:00:00,72.515,228.12,10.60762405695613
2025-12-11 03:00:00,75.2075,234.505,10.600053954308272
2025-12-11 04:00:00,76.9125,249.1875,10.554543379263968
2025-12-11 05:00:00,80.5925,278.0175,10.60762474676803
2025-12-11 06:00:00,90.09,303.555,10.60004698388135
2025-12-11 07:00:00,98.11,309.3075,10.5545501247157
2025-12-11 08:00:00,110.3575,289.315,10.607625434900074
2025-12-11 09:00:00,106.1675,265.6875,10.600040017795308
2025-12-11 10:00:00,93.18,251.635,10.554556867168829
2025-12-11 11:00:00,91.9175,251.71,10.607626121354482
2025-12-11 12:00:00,89.4,260.28,10.60003305604608
2025-12-11 13:00:00,90.22,286.7475,10.554563606625559
2025-12-11 14:00:00,97.7875,329.5475,10.607626806133485
2025-12-11 15:00:00,111.265,345.3075,10.600026098629618
2025-12-11 16:00:00,114.7,337.89250000000004,10.554570343088082
2025-12-11 17:00:00,115.405,325.8775,10.607627489239299
2025-12-11 18:00:00,112.5675,315.805,10.600019145541866
2025-12-11 19:00:00,107.78999999999999,315.3775,10.554577076558601
2025-12-11 20:00:00,103.6425,312.46000000000004,10.607628170674138
2025-12-11 21:00:00,94.3925,318.41,10.600012196778783
2025-12-11 22:00:00,93.58500000000001,318.7075,10.554583807039307
2025-12-11 23:00:00,93.735,322.84,10.607628850440221
2025-12-12 00:00:00,83.78,329.8525,10.60000525233633
2025-12-12 01:00:00,86.22,339.025,10.55459053453239
2025-12-12 02:00:00,87.9,354.9625,10.607629528539757
2025-12-12 03:00:00,90.1825,369.04,10.599998312210476
2025-12-12 04:00:00,90.7075,379.6975,10.55459725904004
2025-12-12 05:00:00,92.2125,395.20000000000005,10.60763020497495
2025-12-12 06:00:00,101.22749999999999,393.185,10.599991376397185
2025-12-12 07:00:00,121.325,387.115,10.554603980564446
2025-12-12 08:00:00,130.8525,380.535,10.607630879748005
2025-12-12 09:00:00,126.9025,370.9275,10.599984444892439
2025-12-12 10:00:00,121.955,365.1425,10.554610699107789
2025-12-12 11:00:00,118.30499999999999,371.3675,10.607631552861118
2025-12-12 12:00:00,113.0675,385.2,10.599977517692215
2025-12-12 13:00:00,118.26,402.6575,10.554617414672252
2025-12-12 14:00:00,126.8225,411.7075,10.60763222431649
2025-12-12 15:00:00,131.9475,410.25,10.599970594792502
2025-12-12 16:00:00,145.4875,404.2325,10.554624127260018
2025-12-12 17:00:00,146.825,406.5925,10.607632894116312
2025-12-12 18:00:00,133.1,412.2825,10.59996367618929
2025-12-12 19:00:00,128.0575,417.8425,10.554630836873264
2025-12-12 20:00:00,117.0025,419.95500000000004,10.607633562262773
2025-12-12 21:00:00,114.92999999999999,409.3325,10.599956761878584
2025-12-12 22:00:00,103.82,389.47749999999996,10.554637543514163
2025-12-12 23:00:00,91.7525,377.9125,10.607634228758064
2025-12-13 00:00:00,92.2825,356.5825,10.599949851856367
2025-12-13 01:00:00,90.5025,352.3925,10.554644247184893
2025-12-13 02:00:00,87.39,339.02750000000003,10.607634893604356
2025-12-13 03:00:00,87.0425,336.71500000000003,10.599942946118661
2025-12-13 04:00:00,85.0,333.5875,10.554650947887621
2025-12-13 05:00:00,84.66749999999999,323.78999999999996,10.607635556803846
2025-12-13 06:00:00,79.1425,327.8675,10.599936044661476
2025-12-13 07:00:00,81.135,346.09749999999997,10.554657645624518
2025-12-13 08:00:00,95.9525,355.6925,10.607636218358692
2025-12-13 09:00:00,106.77,349.60249999999996,10.599929147480822
2025-12-13 10:00:00,102.58500000000001,337.52,10.554664340397752
2025-12-13 11:00:00,98.0925,327.08500000000004,10.607636878271082
2025-12-13 12:00:00,93.7575,327.03499999999997,10.59992225457273
2025-12-13 13:00:00,92.935,334.9625,10.554671032209486
2025-12-13 14:00:00,95.75750000000001,346.8875,10.607637536543177
2025-12-13 15:00:00,114.6575,351.2825,10.599915365933219
2025-12-13 16:00:00,119.7075,344.135,10.554677721061882
2025-12-13 17:00:00,118.4475,343.89,10.60763819317714
2025-12-13 18:00:00,112.255,338.445,10.599908481558327
2025-12-13 19:00:00,103.63,321.7025,10.5546844069571
2025-12-13 20:00:00,91.7075,308.1025,10.607638848175142
2025-12-13 21:00:00,90.5575,297.995,10.599901601444085
2025-12-13 22:00:00,93.685,297.0675,10.5546910898973
2025-12-13 23:00:00,84.3875,288.2425,10.607639501539337
2025-12-14 00:00:00,91.195,276.75,10.599894725586537
2025-12-14 01:00:00,90.52250000000001,266.77250000000004,10.554697769884637
2025-12-14 02:00:00,81.9,265.9225,10.607640153271886
2025-12-14 03:00:00,79.95,257.4075,10.599887853981732
2025-12-14 04:00:00,77.305,250.5325,10.554704446921264
2025-12-14 05:00:00,78.7625,242.54500000000002,10.607640803374938
2025-12-14 06:00:00,77.175,251.2125,10.599880986625719
2025-12-14 07:00:00,77.4725,257.9825,10.554711121009333
2025-12-14 08:00:00,81.76,251.0525,10.607641451850645
2025-12-14 09:00:00,82.345,241.16500000000002,10.599874123514555
2025-12-14 10:00:00,80.005,236.42000000000002,10.554717792150988
2025-12-14 11:00:00,84.0775,232.23,10.607642098701154
2025-12-14 12:00:00,87.27250000000001,240.8175,10.599867264644299
2025-12-14 13:00:00,86.95750000000001,259.41,10.554724460348387
2025-12-14 14:00:00,88.65,280.7975,10.607642743928608
2025-12-14 15:00:00,92.0975,278.5925,10.599860410011026
2025-12-14 16:00:00,99.2825,270.54,10.554731125603665
2025-12-14 17:00:00,102.785,266.6275,10.607643387535141
2025-12-14 18:00:00,103.2925,264.72749999999996,10.599853559610802
2025-12-14 19:00:00,92.99,251.32,10.55473778791897
2025-12-14 20:00:00,90.39750000000001,249.08,10.607644029522897
2025-12-14 21:00:00,84.4025,237.31,10.599846713439705
2025-12-14 22:00:00,82.65,222.0525,10.554744447296441
2025-12-14 23:00:00,75.75,220.035,10.607644669894007
2025-12-15 00:00:00,72.5,218.08249999999998,10.599839871493815
2025-12-15 01:00:00,71.8775,216.745,10.554751103738214
2025-12-15 02:00:00,71.0375,213.66750000000002,10.6076453086506
2025-12-15 03:00:00,70.6675,225.3325,10.599833033769219
2025-12-15 04:00:00,75.28,234.2775,10.554757757246426
2025-12-15 05:00:00,76.8025,252.625,10.6076459457948
2025-12-15 06:00:00,86.525,285.395,10.599826200262012
2025-12-15 07:00:00,98.78999999999999,286.4375,10.554764407823214
2025-12-15 08:00:00,101.1275,275.0325,10.607646581328737
2025-12-15 09:00:00,96.64999999999999,254.5425,10.599819370968286
2025-12-15 10:00:00,89.61500000000001,239.8275,10.554771055470706
2025-12-15 11:00:00,79.7225,246.265,10.607647215254525
2025-12-15 12:00:00,79.77,264.565,10.599812545884141
2025-12-15 13:00:00,88.26,295.5125,10.55477770019103
2025-12-15 14:00:00,95.4375,320.0675,10.607647847574292
2025-12-15 15:00:00,107.3,311.3975,10.599805725005687
2025-12-15 16:00:00,108.655,299.1775,10.55478434198632
2025-12-15 17:00:00,104.21249999999999,296.56,10.607648478290134
2025-12-15 18:00:00,98.1575,281.03999999999996,10.599798908329033
2025-12-15 19:00:00,90.41749999999999,277.87,10.554790980858698
2025-12-15 20:00:00,84.25,277.1225,10.607649107404178
2025-12-15 21:00:00,85.17,280.7625,10.599792095850297
2025-12-15 22:00:00,84.9775,284.01,10.554797616810287
2025-12-15 23:00:00,80.4625,281.9175,10.60764973491852
2025-12-16 00:00:00,80.67,285.4325,10.599785287565602
2025-12-16 01:00:00,79.05250000000001,281.91,10.554804249843205
2025-12-16 02:00:00,77.0975,281.6925,10.607650360835274
2025-12-16 03:00:00,79.0525,293.0575,10.599778483471063
2025-12-16 04:00:00,80.3875,303.595,10.55481087995957
2025-12-16 05:00:00,82.3125,320.53499999999997,10.607650985156534
2025-12-16 06:00:00,88.4,339.2625,10.599771683562821
2025-12-16 07:00:00,91.38499999999999,348.12,10.554817507161507
2025-12-16 08:00:00,100.4675,342.76750000000004,10.607651607884401
2025-12-16 09:00:00,101.265,333.1625,10.599764887837006
2025-12-16 10:00:00,92.345,336.14,10.55482413145112
2025-12-16 11:00:00,90.6075,352.44,10.607652229020967
2025-12-16 12:00:00,91.5125,375.84,10.59975809628976
2025-12-16 13:00:00,99.885,402.23,10.554830752830531
2025-12-16 14:00:00,124.39750000000001,411.1975,10.607652848568327
2025-12-16 15:00:00,139.3775,405.385,10.599751308917226
2025-12-16 16:00:00,155.3125,399.695,10.554837371301844
2025-12-16 17:00:00,162.20499999999998,398.6425,10.607653466528568
2025-12-16 18:00:00,142.25,402.2225,10.599744525715554
2025-12-16 19:00:00,137.0975,408.86,10.554843986867168
2025-12-16 20:00:00,128.85,422.205,10.607654082903771
2025-12-16 21:00:00,118.9425,425.79499999999996,10.599737746680907
2025-12-16 22:00:00,115.575,416.9425,10.55485059952861
2025-12-16 23:00:00,103.42,408.22749999999996,10.607654697696024
2025-12-17 00:00:00,89.0025,400.5775,10.599730971809434
2025-12-17 01:00:00,89.79,392.75,10.554857209288269
2025-12-17 02:00:00,86.4925,392.7775,10.607655310907404
2025-12-17 03:00:00,85.025,394.2175,10.599724201097303
2025-12-17 04:00:00,88.0775,401.37,10.554863816148256
2025-12-17 05:00:00,90.4975,422.1625,10.607655922539983
2025-12-17 06:00:00,95.4875,424.5675,10.599717434540679
2025-12-17 07:00:00,108.825,412.92,10.554870420110664
2025-12-17 08:00:00,133.46,400.78,10.607656532595835
2025-12-17 09:00:00,126.295,390.3075,10.599710672135748
2025-12-17 10:00:00,124.535,382.64250000000004,10.554877021177587
2025-12-17 11:00:00,118.15,384.1325,10.607657141077034
2025-12-17 12:00:00,111.895,403.915,10.599703913878674
2025-12-17 13:00:00,122.6575,418.4925,10.554883619351129
2025-12-17 14:00:00,129.97,424.2325,10.607657747985641
2025-12-17 15:00:00,127.5025,414.6475,10.599697159765647
2025-12-17 16:00:00,126.4975,397.6275,10.554890214633376
2025-12-17 17:00:00,122.825,375.9475,10.607658353323721
2025-12-17 18:00:00,111.4,357.7775,10.599690409792858
2025-12-17 19:00:00,97.505,332.4925,10.55489680702642
2025-12-17 20:00:00,94.71000000000001,307.915,10.607658957093333
2025-12-17 21:00:00,94.7025,292.9375,10.599683663956494
2025-12-17 22:00:00,93.2175,259.4325,10.554903396532355
2025-12-17 23:00:00,85.0,228.8025,10.607659559296534
2025-12-18 00:00:00,77.755,202.475,10.599676922252762
2025-12-18 01:00:00,69.065,189.7125,10.55490998315326
2025-12-18 02:00:00,60.1275,186.92000000000002,10.607660159935374
2025-12-18 03:00:00,48.89,182.365,10.59967018467785
2025-12-18 04:00:00,44.817499999999995,180.29500000000002,10.554916566891228
2025-12-18 05:00:00,50.8275,184.2175,10.607660759011916
2025-12-18 06:00:00,63.24250000000001,208.18,10.599663451227975
2025-12-18 07:00:00,81.525,208.89249999999998,10.554923147748333
2025-12-18 08:00:00,90.74249999999999,188.9975,10.607661356528192
2025-12-18 09:00:00,88.5575,169.675,10.59965672189935
2025-12-18 10:00:00,78.2825,161.1675,10.554929725726657
2025-12-18 11:00:00,78.2875,155.26,10.607661952486252
2025-12-18 12:00:00,77.4225,159.235,10.599649996688187
2025-12-18 13:00:00,79.47749999999999,177.1375,10.55493630082829
2025-12-18 14:00:00,103.755,203.285,10.607662546888147
2025-12-18 15:00:00,114.4925,195.715,10.599643275590712
2025-12-18 16:00:00,110.8825,179.23,10.554942873055293
2025-12-18 17:00:00,103.4175,170.41500000000002,10.607663139735894
2025-12-18 18:00:00,88.255,161.14249999999998,10.599636558603141
2025-12-18 19:00:00,80.14,145.34,10.554949442409745
2025-12-18 20:00:00,67.6825,135.2175,10.60766373103155
2025-12-18 21:00:00,53.254999999999995,149.635,10.599629845721717
2025-12-18 22:00:00,51.8,143.0675,10.554956008893718
2025-12-18 23:00:00,18.6525,144.2025,10.607664320777134
2025-12-19 00:00:00,9.84,137.195,10.59962313694267
2025-12-19 01:00:00,5.8575,135.8025,10.554962572509286
2025-12-19 02:00:00,4.33,138.47,10.60766490897468
2025-12-19 03:00:00,3.515,146.9975,10.599616432262238
2025-12-19 04:00:00,4.115,155.7425,10.554969133258512
2025-12-19 05:00:00,10.775,161.7775,10.607665495626211
2025-12-19 06:00:00,40.28,188.095,10.59960973167667
2025-12-19 07:00:00,76.7125,214.2525,10.554975691143461
2025-12-19 08:00:00,89.5425,217.2825,10.607666080733754
2025-12-19 09:00:00,89.38499999999999,209.73,10.59960303518221
2025-12-19 10:00:00,89.23,209.54749999999999,10.554982246166206
2025-12-19 11:00:00,87.49000000000001,211.5325,10.607666664299323
2025-12-19 12:00:00,84.57249999999999,227.84,10.599596342775117
2025-12-19 13:00:00,87.625,248.15,10.554988798328793
2025-12-19 14:00:00,93.3475,263.2825,10.607667246324938
2025-12-19 15:00:00,97.4025,273.45,10.59958965445165
2025-12-19 16:00:00,100.3325,270.5675,10.554995347633293
2025-12-19 17:00:00,106.905,272.78,10.607667826812612
2025-12-19 18:00:00,107.48,270.6075,10.599582970208068
2025-12-19 19:00:00,105.1225,268.605,10.555001894081759
2025-12-19 20:00:00,102.91,273.1725,10.607668405764356
2025-12-19 21:00:00,98.4625,277.235,10.599576290040641
2025-12-19 22:00:00,96.2775,282.935,10.55500843767625
2025-12-19 23:00:00,90.18,300.93,10.607668983182174
2025-12-20 00:00:00,84.8125,301.17,10.599569613945647
2025-12-20 01:00:00,83.4,304.3125,10.555014978418814
2025-12-20 02:00:00,85.0025,309.945,10.607669559068079
2025-12-20 03:00:00,87.4875,318.94,10.599562941919357
2025-12-20 04:00:00,88.46000000000001,337.1725,10.555021516311509
2025-12-20 05:00:00,89.915,355.955,10.607670133424064
2025-12-20 06:00:00,95.975,375.35,10.599556273958054
2025-12-20 07:00:00,104.0,381.9625,10.555028051356379
2025-12-20 08:00:00,113.2075,364.4075,10.607670706252128
2025-12-20 09:00:00,114.8,344.1825,10.599549610058025
2025-12-20 10:00:00,112.66749999999999,330.3775,10.555034583555472
2025-12-20 11:00:00,110.9875,331.6775,10.607671277554271
2025-12-20 12:00:00,110.2675,344.1,10.599542950215563
2025-12-20 13:00:00,114.9825,369.4875,10.55504111291083
2025-12-20 14:00:00,119.4825,383.8425,10.607671847332485
2025-12-20 15:00:00,120.6375,380.1925,10.599536294426958
2025-12-20 16:00:00,120.205,371.875,10.555047639424503
2025-12-20 17:00:00,122.3925,366.9325,10.607672415588757
2025-12-20 18:00:00,118.265,362.3375,10.599529642688516
2025-12-20 19:00:00,104.11,359.755,10.555054163098523
2025-12-20 20:00:00,96.3825,354.255,10.607672982325077
2025-12-20 21:00:00,93.01,347.1325,10.599522994996542
2025-12-20 22:00:00,92.245,330.7825,10.55506068393494
2025-12-20 23:00:00,90.6725,316.02750000000003,10.607673547543424
2025-12-21 00:00:00,95.7,303.445,10.599516351347345
2025-12-21 01:00:00,90.045,295.8625,10.555067201935781
2025-12-21 02:00:00,86.485,293.2875,10.60767411124578
2025-12-21 03:00:00,85.39500000000001,292.2125,10.59950971173723
2025-12-21 04:00:00,85.6275,290.855,10.555073717103083
2025-12-21 05:00:00,86.825,287.325,10.607674673434124
2025-12-21 06:00:00,88.14,291.0925,10.59950307616253
2025-12-21 07:00:00,92.85249999999999,289.2925,10.555080229438882
2025-12-21 08:00:00,102.14750000000001,270.2925,10.607675234110427
2025-12-21 09:00:00,107.00999999999999,242.495,10.599496444619561
2025-12-21 10:00:00,102.58250000000001,222.4475,10.555086738945203
2025-12-21 11:00:00,101.3,224.51999999999998,10.607675793276668
2025-12-21 12:00:00,98.4825,226.5725,10.59948981710465
2025-12-21 13:00:00,94.8675,242.5575,10.55509324562408
2025-12-21 14:00:00,98.8925,257.3375,10.607676350934812
2025-12-21 15:00:00,100.87,258.1175,10.599483193614128
2025-12-21 16:00:00,97.515,247.645,10.555099749477538
2025-12-21 17:00:00,97.0675,233.09,10.60767690708682
2025-12-21 18:00:00,90.795,207.64,10.59947657414434
2025-12-21 19:00:00,86.14,186.4,10.555106250507597
2025-12-21 20:00:00,81.655,168.2575,10.607677461734657
2025-12-21 21:00:00,78.8625,164.2775,10.59946995869162
2025-12-21 22:00:00,77.495,168.48,10.555112748716292
2025-12-21 23:00:00,70.905,165.1,10.607678014880282
2025-12-22 00:00:00,70.22749999999999,165.57999999999998,10.599463347252312
2025-12-22 01:00:00,68.8275,168.385,10.555119244105628
2025-12-22 02:00:00,67.785,170.215,10.607678566525657
2025-12-22 03:00:00,66.31,174.6975,10.59945673982277
2025-12-22 04:00:00,71.5175,178.985,10.555125736677635
2025-12-22 05:00:00,74.1125,193.0975,10.607679116672731
2025-12-22 06:00:00,78.1875,223.5725,10.599450136399351
2025-12-22 07:00:00,90.4475,237.65,10.555132226434322
2025-12-22 08:00:00,93.3425,234.78,10.607679665323454
2025-12-22 09:00:00,90.79249999999999,233.97,10.599443536978413
2025-12-22 10:00:00,89.2475,233.9475,10.555138713377705
2025-12-22 11:00:00,85.0,238.6175,10.60768021247978
2025-12-22 12:00:00,86.34,241.265,10.599436941556316
2025-12-22 13:00:00,88.615,247.57,10.555145197509802
2025-12-22 14:00:00,92.1225,251.855,10.607680758143651
2025-12-22 15:00:00,99.5375,256.2925,10.59943035012943
2025-12-22 16:00:00,101.18,258.655,10.555151678832614
2025-12-22 17:00:00,107.8925,267.1225,10.607681302317008
2025-12-22 18:00:00,100.9,267.03999999999996,10.599423762694126
2025-12-22 19:00:00,93.78999999999999,262.2975,10.555158157348155
2025-12-22 20:00:00,89.47749999999999,259.335,10.607681845001787
2025-12-22 21:00:00,84.86,252.9225,10.59941717924679
2025-12-22 22:00:00,84.8225,229.8475,10.555164633058432
2025-12-22 23:00:00,77.9675,201.0575,10.607682386199935
2025-12-23 00:00:00,72.2325,186.955,10.599410599783795
2025-12-23 01:00:00,65.0325,182.21,10.555171105965448
2025-12-23 02:00:00,62.004999999999995,180.2,10.607682925913375
2025-12-23 03:00:00,59.06,177.73250000000002,10.599404024301533
2025-12-23 04:00:00,58.1125,180.4625,10.555177576071202
2025-12-23 05:00:00,59.0225,188.87,10.607683464144044
2025-12-23 06:00:00,67.8475,201.8,10.599397452796389
2025-12-23 07:00:00,78.0175,210.0275,10.5551840433777
2025-12-23 08:00:00,83.875,211.46,10.607684000893862
2025-12-23 09:00:00,85.465,216.1525,10.599390885264762
2025-12-23 10:00:00,83.8375,219.8825,10.555190507886937
2025-12-23 11:00:00,81.86749999999999,217.4075,10.607684536164761
2025-12-23 12:00:00,80.485,203.7775,10.599384321703045
2025-12-23 13:00:00,79.2125,204.075,10.555196969600908
2025-12-23 14:00:00,79.215,199.73250000000002,10.607685069958663
2025-12-23 15:00:00,81.8275,187.1375,10.599377762107647
2025-12-23 16:00:00,83.6875,189.1825,10.555203428521612
2025-12-23 17:00:00,82.4675,188.8325,10.607685602277481
2025-12-23 18:00:00,83.945,185.2125,10.599371206474975
2025-12-23 19:00:00,82.465,166.3625,10.555209884651042
2025-12-23 20:00:00,78.005,159.9925,10.607686133123138
2025-12-23 21:00:00,69.93,158.04,10.599364654801454
2025-12-23 22:00:00,71.83500000000001,153.6375,10.555216337991178
2025-12-23 23:00:00,64.0925,143.22500000000002,10.607686662497544
2025-12-24 00:00:00,60.2475,134.405,10.599358107083479
2025-12-24 01:00:00,55.8625,133.1825,10.55522278854402
2025-12-24 02:00:00,56.8,134.93,10.60768719040261
2025-12-24 03:00:00,55.84,136.5875,10.599351563317484
2025-12-24 04:00:00,55.8475,138.4575,10.55522923631155
2025-12-24 05:00:00,55.85,139.20499999999998,10.60768771684024
2025-12-24 06:00:00,57.214999999999996,147.115,10.599345023499895
2025-12-24 07:00:00,67.44500000000001,146.9025,10.55523568129575
2025-12-24 08:00:00,81.0,144.1325,10.607688241812344
2025-12-24 09:00:00,82.47,136.765,10.59933848762714
2025-12-24 10:00:00,76.02250000000001,130.775,10.5552421234986
2025-12-24 11:00:00,69.2875,127.32,10.607688765320821
2025-12-24 12:00:00,68.5125,128.09,10.599331955695654
2025-12-24 13:00:00,67.9875,133.73,10.55524856292209
2025-12-24 14:00:00,73.7575,145.16250000000002,10.60768928736757
2025-12-24 15:00:00,83.0525,148.745,10.599325427701876
2025-12-24 16:00:00,87.9,144.8225,10.55525499956819
2025-12-24 17:00:00,89.1325,142.6125,10.60768980795449
2025-12-24 18:00:00,78.9075,143.1575,10.599318903642253
2025-12-24 19:00:00,71.77250000000001,141.0275,10.555261433438885
2025-12-24 20:00:00,68.1575,139.825,10.607690327083471
2025-12-24 21:00:00,67.9875,145.9625,10.599312383513226
2025-12-24 22:00:00,69.0075,149.4325,10.555267864536138
2025-12-24 23:00:00,65.1625,155.0825,10.607690844756405
2025-12-25 00:00:00,63.22,156.6575,10.599305867311253
2025-12-25 01:00:00,58.4425,157.0575,10.555274292861931
2025-12-25 02:00:00,56.8575,156.4675,10.607691360975181
2025-12-25 03:00:00,55.845,157.7,10.599299355032787
2025-12-25 04:00:00,54.53,158.95,10.555280718418231
2025-12-25 05:00:00,52.605000000000004,161.29500000000002,10.60769187574168
2025-12-25 06:00:00,49.165,168.9625,10.59929284667429
2025-12-25 07:00:00,54.0275,181.935,10.555287141207009
2025-12-25 08:00:00,64.205,183.7,10.607692389057785
2025-12-25 09:00:00,64.7075,183.4325,10.59928634223223
2025-12-25 10:00:00,53.765,169.3825,10.555293561230227
2025-12-25 11:00:00,48.9825,158.45749999999998,10.607692900925379
2025-12-25 12:00:00,48.4875,163.93,10.599279841703071
2025-12-25 13:00:00,47.865,194.4625,10.55529997848985
2025-12-25 14:00:00,68.5475,261.40999999999997,10.607693411346336
2025-12-25 15:00:00,89.41499999999999,277.63,10.599273345083292
2025-12-25 16:00:00,92.235,269.03000000000003,10.555306392987848
2025-12-25 17:00:00,94.005,269.16499999999996,10.607693920322532
2025-12-25 18:00:00,94.055,264.1875,10.599266852369366
2025-12-25 19:00:00,91.715,271.68,10.555312804726176
2025-12-25 20:00:00,91.0325,275.1675,10.607694427855833
2025-12-25 21:00:00,92.7,287.8125,10.599260363557779
2025-12-25 22:00:00,96.1525,288.9225,10.555319213706788
2025-12-25 23:00:00,91.47,291.1375,10.607694933948109
2025-12-26 00:00:00,97.1,287.75,10.599253878645015
2025-12-26 01:00:00,91.0525,289.42,10.555325619931654
2025-12-26 02:00:00,85.8175,291.0925,10.607695438601233
2025-12-26 03:00:00,83.05250000000001,290.2275,10.599247397627567
2025-12-26 04:00:00,82.3925,286.40250000000003,10.555332023402713
2025-12-26 05:00:00,82.83500000000001,291.5925,10.607695941817056
2025-12-26 06:00:00,85.02,306.3125,10.59924092050193
2025-12-26 07:00:00,93.11500000000001,311.8025,10.555338424121933
2025-12-26 08:00:00,98.9,292.1925,10.607696443597446
2025-12-26 09:00:00,96.73,257.145,10.599234447264605
2025-12-26 10:00:00,89.25,233.0675,10.555344822091254
2025-12-26 11:00:00,84.9925,237.14749999999998,10.607696943944255
2025-12-26 12:00:00,82.3125,251.58499999999998,10.599227977912095
2025-12-26 13:00:00,83.0975,295.7375,10.555351217312632
2025-12-26 14:00:00,92.7,335.1225,10.60769744285934
2025-12-26 15:00:00,109.1425,345.4475,10.599221512440906
2025-12-26 16:00:00,116.77250000000001,337.4125,10.555357609788008
2025-12-26 17:00:00,120.47,338.0625,10.607697940344552
2025-12-26 18:00:00,116.9725,338.7525,10.599215050847551
2025-12-26 19:00:00,116.2625,337.2375,10.555363999519331
2025-12-26 20:00:00,113.725,338.56,10.607698436401735
2025-12-26 21:00:00,111.5,342.17,10.599208593128548
2025-12-26 22:00:00,108.255,332.0175,10.55537038650855
2025-12-26 23:00:00,99.36749999999999,321.775,10.607698931032747
2025-12-27 00:00:00,96.69,306.04,10.599202139280418
2025-12-27 01:00:00,91.725,302.515,10.555376770757594
2025-12-27 02:00:00,84.7075,292.395,10.607699424239417
2025-12-27 03:00:00,82.7175,285.4225,10.599195689299686
2025-12-27 04:00:00,83.9975,283.995,10.555383152268412
2025-12-27 05:00:00,83.17,284.77,10.607699916023599
2025-12-27 06:00:00,88.015,286.8,10.599189243182877
2025-12-27 07:00:00,99.505,275.48249999999996,10.555389531042941
2025-12-27 08:00:00,102.32,250.9225,10.607700406387119
2025-12-27 09:00:00,93.81,222.245,10.599182800926531
2025-12-27 10:00:00,80.0325,202.7225,10.555395907083108
2025-12-27 11:00:00,75.395,201.675,10.607700895331819
2025-12-27 12:00:00,74.54,209.6675,10.599176362527183
2025-12-27 13:00:00,76.7375,230.9225,10.555402280390856
2025-12-27 14:00:00,81.19999999999999,261.045,10.60770138285953
2025-12-27 15:00:00,94.5425,273.4425,10.599169927981373
2025-12-27 16:00:00,103.0075,268.55,10.555408650968111
2025-12-27 17:00:00,105.925,267.5325,10.607701868972082
2025-12-27 18:00:00,108.4275,267.3675,10.59916349728565
2025-12-27 19:00:00,105.0,267.4375,10.555415018816808
2025-12-27 20:00:00,102.5875,267.73,10.607702353671305
2025-12-27 21:00:00,93.89500000000001,280.595,10.599157070436561
2025-12-27 22:00:00,95.4175,282.3075,10.555421383938873
2025-12-27 23:00:00,91.295,272.055,10.607702836959014
2025-12-28 00:00:00,84.33500000000001,277.1075,10.599150647430667
2025-12-28 01:00:00,83.37,275.28,10.555427746336225
2025-12-28 02:00:00,79.96000000000001,278.5525,10.60770331883704
2025-12-28 03:00:00,78.8175,296.1375,10.599144228264517
2025-12-28 04:00:00,80.4475,307.2675,10.555434106010798
2025-12-28 05:00:00,83.61,320.6775,10.607703799307195
2025-12-28 06:00:00,86.47749999999999,355.5875,10.599137812934684
2025-12-28 07:00:00,92.15,361.025,10.555440462964516
2025-12-28 08:00:00,97.3625,334.21000000000004,10.6077042783713
2025-12-28 09:00:00,96.565,291.1375,10.599131401437731
2025-12-28 10:00:00,88.2125,246.64249999999998,10.555446817199288
2025-12-28 11:00:00,88.3675,232.27,10.607704756031163
2025-12-28 12:00:00,80.0225,239.9675,10.599124993770227
2025-12-28 13:00:00,80.025,274.35,10.55545316871704
2025-12-28 14:00:00,86.6775,320.40250000000003,10.607705232288604
2025-12-28 15:00:00,100.87,328.37,10.599118589928752
2025-12-28 16:00:00,110.8825,314.7025,10.555459517519683
2025-12-28 17:00:00,113.7025,307.9575,10.607705707145424
2025-12-28 18:00:00,114.455,298.91499999999996,10.599112189909881
2025-12-28 19:00:00,109.33250000000001,296.0025,10.555465863609143
2025-12-28 20:00:00,105.00999999999999,303.5375,10.607706180603431
2025-12-28 21:00:00,99.0275,304.18,10.599105793710198
2025-12-28 22:00:00,98.2825,290.35,10.555472206987321
2025-12-28 23:00:00,88.44,272.5425,10.607706652664424
2025-12-29 00:00:00,89.88,266.83750000000003,10.599099401326296
2025-12-29 01:00:00,84.98249999999999,265.145,10.555478547656131
2025-12-29 02:00:00,84.1825,261.76,10.607707123330206
2025-12-29 03:00:00,82.19,268.275,10.599093012754762
2025-12-29 04:00:00,83.6225,275.67499999999995,10.555484885617485
2025-12-29 05:00:00,90.7925,284.66999999999996,10.607707592602573
2025-12-29 06:00:00,96.3325,300.48,10.599086627992193
2025-12-29 07:00:00,104.7175,316.5425,10.555491220873288
2025-12-29 08:00:00,113.8775,304.325,10.607708060483326
2025-12-29 09:00:00,111.01,278.91499999999996,10.59908024703519
2025-12-29 10:00:00,97.64500000000001,258.24,10.555497553425448
2025-12-29 11:00:00,90.345,252.075,10.607708526974248
2025-12-29 12:00:00,87.6575,251.675,10.599073869880353
2025-12-29 13:00:00,88.52250000000001,255.83499999999998,10.555503883275861
2025-12-29 14:00:00,96.10249999999999,272.7325,10.607708992077137
2025-12-29 15:00:00,103.5075,282.3925,10.599067496524304
2025-12-29 16:00:00,108.655,277.5625,10.555510210426435
2025-12-29 17:00:00,107.0075,272.19,10.607709455793774
2025-12-29 18:00:00,103.3075,267.36,10.59906112696364
2025-12-29 19:00:00,95.14750000000001,254.27,10.555516534879068
2025-12-29 20:00:00,90.3725,248.13,10.607709918125941
2025-12-29 21:00:00,83.245,245.515,10.599054761194985
2025-12-29 22:00:00,87.91499999999999,243.445,10.555522856635656
2025-12-29 23:00:00,83.3425,218.17000000000002,10.607710379075424
2025-12-30 00:00:00,77.8625,210.3975,10.599048399214961
2025-12-30 01:00:00,73.215,211.0525,10.5555291756981
2025-12-30 02:00:00,71.855,204.2825,10.607710838644007
2025-12-30 03:00:00,69.3575,203.5675,10.599042041020187
2025-12-30 04:00:00,68.5375,213.01250000000002,10.55553549206829
2025-12-30 05:00:00,71.99,230.1925,10.607711296833456
2025-12-30 06:00:00,80.02,247.95999999999998,10.599035686607298
2025-12-30 07:00:00,87.97,263.9375,10.555541805748115
2025-12-30 08:00:00,94.8775,262.745,10.607711753645548
2025-12-30 09:00:00,94.3925,248.9975,10.599029335972926
2025-12-30 10:00:00,85.82,221.7875,10.555548116739473
2025-12-30 11:00:00,79.38,204.43,10.607712209082054
2025-12-30 12:00:00,76.155,199.9075,10.599022989113703
2025-12-30 13:00:00,76.7575,230.16,10.555554425044246
2025-12-30 14:00:00,88.9675,273.3375,10.607712663144751
2025-12-30 15:00:00,102.325,293.195,10.599016646026275
2025-12-30 16:00:00,109.1,292.675,10.555560730664322
2025-12-30 17:00:00,110.715,290.2825,10.607713115835397
2025-12-30 18:00:00,109.12,298.9925,10.599010306707285
2025-12-30 19:00:00,105.6075,301.475,10.555567033601584
2025-12-30 20:00:00,101.03999999999999,306.8525,10.60771356715575
2025-12-30 21:00:00,93.3225,309.09,10.599003971153387
2025-12-30 22:00:00,92.045,291.6925,10.555573333857922
2025-12-30 23:00:00,85.8075,263.90250000000003,10.607714017107584
2025-12-31 00:00:00,88.0825,237.8675,10.598997639361228
2025-12-31 01:00:00,84.3375,220.03,10.555579631435208
2025-12-31 02:00:00,80.2125,209.53,10.607714465692647
2025-12-31 03:00:00,76.58,207.2775,10.598991311327467
2025-12-31 04:00:00,74.9325,211.2225,10.555585926335324
2025-12-31 05:00:00,77.3775,223.95749999999998,10.607714912912694
2025-12-31 06:00:00,81.86749999999999,229.965,10.598984987048766
2025-12-31 07:00:00,85.2825,230.01749999999998,10.55559221856015
2025-12-31 08:00:00,95.7925,223.0575,10.607715358769484
2025-12-31 09:00:00,95.33500000000001,203.8425,10.59897866652179
2025-12-31 10:00:00,89.26249999999999,181.24,10.55559850811156
2025-12-31 11:00:00,83.48,167.885,10.607715803264766
2025-12-31 12:00:00,83.0475,165.9575,10.59897234974321
2025-12-31 13:00:00,85.17,176.56,10.555604794991426
2025-12-31 14:00:00,85.17750000000001,205.7225,10.607716246400289
2025-12-31 15:00:00,90.8325,232.73000000000002,10.598966036709697
2025-12-31 16:00:00,100.705,249.9075,10.55561107920162
2025-12-31 17:00:00,110.1,257.65,10.607716688177792
2025-12-31 18:00:00,107.5275,259.305,10.598959727417927
2025-12-31 19:00:00,95.99000000000001,241.26999999999998,10.555617360744012
2025-12-31 20:00:00,86.8025,231.595,10.607717128599026
2025-12-31 21:00:00,79.7975,239.6125,10.598953421864588
2025-12-31 22:00:00,81.39,228.26999999999998,10.555623639620476
2025-12-31 23:00:00,76.4475,209.9775,10.607717567665722
