timestep;heat_demand_MW;electricity_purchase_MW;grid_co2_intensity_kgMWh;storage_SOC_MWh
1;8.75148278662962;0.117830113431426;167.3;16.525509312804306
2;10.595972347737018;1.7757637321231814;157.82;16.523856761873027
3;9.224640285479436;2.0110627025210364;159.6325;19.158796104991374
4;9.570877617616967;2.0110627025210364;157.98250000000002;21.464546488644757
5;10.879631690284828;2.0110627025210364;154.4875;22.526749928225303
6;9.563517188564004;2.0110627025210364;148.4275;24.839155924096676
7;9.946009197222118;2.0110627025210364;142.2025;26.787963271143255
8;10.91374815164841;2.0110627025210364;135.6875;27.81722373075015
9;9.715891737835229;2.0110627025210364;128.86;29.98434485743361
10;10.164444396723649;2.0110627025210364;119.8875;31.7251242460604
11;10.8990809655346;2.0110627025210364;114.66;32.767824816377924
12;9.8060940151018;2.0110627025210364;110.9;34.84875871954958
13;10.30664544602495;2.0110627025210364;109.92;36.45396066995392
14;10.873795414840266;2.0110627025210364;112.5775;37.520209629788674
15;9.86868386636744;2.0110627025210364;114.38499999999999;39.541207935776626
16;10.405715782248862;2.0110627025210364;119.50999999999999;41.051823821846625
17;10.847576874859215;2.0110627025210364;121.095;42.142520608348185
18;9.916394005490805;2.0110627025210364;127.105;44.11773205107109
19;10.478025192838057;2.0110627025210364;131.5125;45.55919634466983
20;10.823070641955503;2.0110627025210364;131.965;46.67272331517763
21;9.954937211695988;2.0110627025210364;136.0525;48.61086569173492
22;10.532636426490264;2.0110627025210364;143.08249999999998;50.0
23;10.800887099972119;1.4132867631470638;144.08499999999998;47.50256545562732
24;9.987277948391656;1.6737535151434395;155.0475;47.49781519908176
25;10.574975475659127;2.0110627025210364;157.63;48.84683871568568
26;10.781004244014852;2.0110627025210364;156.6225;50.0
27;10.015132089110628;1.6793035954809636;158.32999999999998;50.0
28;10.608485971335762;1.7787429173092157;177.39249999999998;50.0
29;10.763211181616212;1.804673092270444;192.9475;50.0
30;10.039578913307977;1.6834006035091618;225.57;50.0
31;10.635455108336277;1.7832626361042923;269.915;50.0
32;10.747258045891048;1.8019995292500162;306.28;50.0
33;10.061342231442547;1.6861658415794902;326.0575;49.995
34;10.657458698785483;1.7860681410654884;340.48;49.9900005
35;10.7329067888223;1.7987123777196128;340.15;49.98500149995
36;10.080932399357051;1.6894489295819055;337.2275;49.98000299980001
37;10.675615776766287;1.789111059591652;336.475;49.97500499950003
38;10.719946430330966;1.8018313173004632;344.5425;50.0
39;10.098723840579867;1.6924305715708472;346.225;49.995
40;10.690741480460549;1.791645954470728;342.005;49.9900005
41;10.708195317731422;0.11868543246580805;335.5525;39.45868571047632
42;10.115000159946842;0.01927271103775392;340.46750000000003;28.928424052431588
43;10.703442617769655;0.11788893433002622;330.8925;18.399215420552665
44;10.69749884548413;0.1168928261003848;331.0125;7.871059709536928
45;10.129981835867264;1.6976690539440191;335.64;7.870272603565974
46;10.714179468750737;1.7955738931434384;331.205;7.8694855763056175
47;10.687725883931513;2.0110627025210364;317.7875;9.11535903801305
48;10.143843998962607;2.0110627025210364;304.4525;10.877795703094773
49;10.72330693641079;2.0110627025210364;298.21000000000004;12.089566333934213
50;10.678765150330356;2.0110627025210364;295.905;13.343530484486982
51;10.156728288710665;2.0110627025210364;293.565;15.0933042571634
52;10.731102650145235;2.0110627025210364;284.3;16.29724740909971
53;10.6705219518834;2.0110627025210364;277.8675;17.558621830069573
54;10.168751021860594;2.0110627025210364;268.9425;19.296552497119002
55;10.737786590525863;2.0110627025210364;262.975;20.49372558086972
56;10.662915409108594;2.0110627025210364;258.375;21.76190656965847
57;10.18000897943022;2.0110627025210364;254.1375;23.4887218485428
58;10.743535066122504;2.0110627025210364;246.57;24.680014663541566
59;10.655876144176426;2.0110627025210364;234.3225;25.954464325107608
60;10.190583607027243;2.0110627025210364;230.14749999999998;27.670814451999217
61;10.748490844376308;2.0110627025210364;229.84;28.856981068396525
62;10.649344377049408;2.0110627025210364;230.565;30.137218212092748
63;10.200544128556887;2.0110627025210364;247.9375;31.843687568142496
64;10.75277061164454;2.0110627025210364;269.84000000000003;33.02537111832337
65;10.643268363903339;2.0110627025210364;277.1875;34.31096363550337
66;10.209949897562533;2.0110627025210364;282.095;36.00808013645541
67;10.756470545417521;2.0110627025210364;289.56;37.185832310295126
68;10.637603116781564;2.0110627025210364;297.43;38.47639076612161
69;10.218852202125275;2.0110627025210364;309.545;40.16463353502599
70;10.759670530657637;2.0110627025210364;319.685;41.338930067547736
71;10.632309351984654;2.0110627025210364;333.74;42.63410229015556
72;10.227295670571689;2.0110627025210364;330.46500000000003;44.31390799288344
73;10.762437388061956;2.0110627025210364;343.9525;45.4851610834253
74;10.627352623731307;2.0110627025210364;370.4775;46.78462757477221
75;10.235319380563483;2.0110627025210364;396.225;48.456395700479426
76;10.764827372657654;2.0110627025210364;418.0225;49.62496405688461
77;10.622702607786797;1.847278566009243;446.395;50.0
78;10.242957744400147;1.717484568650144;459.15999999999997;50.0
79;10.766888126959147;1.8044072611953434;463.8375;49.995
80;10.618332506654292;1.7795110389249293;452.24;49.9900005
81;10.250241223146817;1.7178231513095144;438.3725;49.98500149995
82;10.768660221807394;1.8047042440165635;431.8075;49.98000299980001
83;10.614218553567362;1.7788215874571753;417.4;49.97500499950003
84;10.257196908191425;1.718988844539822;425.0725;49.97000749900008
85;10.770178382280271;1.8049586703418505;419.995;49.96501049825018
86;10.610339597059307;1.7781715187273377;422.5225;49.960013997200356
87;10.26384899896183;1.7201036588433343;420.6575;49.95501799580064
88;10.771472470742921;0.5578944517879617;411.865;42.11579157931585
89;10.606676751500926;0.10167208228584457;405.3;31.58526421068423
90;10.270219198463662;0.04528564596128343;409.8325;21.055789894789477
91;10.772568280939256;0.12947360457897755;414.3725;10.527368526326315
92;10.60321310186921;0.10109161423676592;424.96;-0.0
93;10.276327043164127;1.7221948362846382;429.555;0.0
94;10.773488183838003;1.8055133552139755;425.86;-0.0
95;10.599933453286349;1.7764275680924322;428.71500000000003;-0.0
96;10.282190179966781;1.723177430929938;417.6675;-0.0
97;10.774251656270145;1.805641304458366;400.6325;0.0
98;10.596824117676075;1.7759064790194787;397.1825;-0.0
99;10.28782460020564;1.7241216952959963;389.8825;-0.0
100;10.774875716222432;1.8057458897662144;386.3675;-0.0
101;10.593872731322502;1.7754118604347786;373.325;0.0
102;10.29324483846476;1.725030065212804;348.545;0.0
103;10.775375283285452;1.8058296114902017;333.065;-0.0
104;10.59106809826389;1.7749418360232425;310.27;-0.0
105;10.298464142413314;1.7259047608381421;286.115;-0.0
106;10.775763478704096;1.8058946686008452;272.3325;0.0
107;10.588400055372551;1.7744947025609512;245.405;-0.0
108;10.303494618604269;1.7267478110917713;235.0675;-0.0
109;10.776051876395313;1.8059430007542034;213.0625;0.0
110;10.585859355709996;1.7740689103668117;203.7525;0.0
111;10.308347358220846;1.7275610747291001;190.8625;0.0
112;10.776250713933035;2.0110627025210364;184.485;1.162561821763617
113;10.583437567342015;2.0110627025210364;172.9375;2.508179876606526
114;10.313032546001411;1.4726965039158453;170.99;0.9021809856888473
115;10.776369070672674;1.8059961588859248;161.6575;0.9020907675902784
116;10.58112698528039;2.0110627025210364;152.5575;2.2499299224971487
117;10.317559554979304;2.0110627025210364;152.16;3.84802335227456
118;10.7764150187654;2.0110627025210364;161.9775;5.010044282112203
119;10.578920554610038;2.0110627025210364;161.6025;6.359568750804455
120;10.32193702920212;2.0110627025210364;136.72750000000002;7.953092616187361
121;10.776395751698539;2.0110627025210364;136.7225;9.11472134281213
122;10.576811803180316;2.0110627025210364;136.70999999999998;10.46583865765655
123;10.326172956217798;2.0110627025210364;132.59;12.054927765383876
124;10.77631769412042;2.0110627025210364;128.68;13.216220463192938
125;10.574794782501543;2.0110627025210364;122.41499999999999;14.568843797770153
126;10.330274730811226;2.0110627025210364;117.815;16.153625919119712
127;10.776186596011843;2.0110627025210364;120.995;17.314633290316547
128;10.572864015703363;2.0110627025210364;127.46000000000001;18.66868101206932
129;10.334249211229285;2.0110627025210364;125.85;20.249277393300293
130;10.776007613711272;2.0110627025210364;112.0025;21.410045232535253
131;10.57101445158983;2.0110627025210364;102.91499999999999;22.765440499001663
132;10.33810276893201;2.0110627025210364;99.395;24.341966324466355
133;10.775785379855982;2.0110627025210364;98.35249999999999;25.502536016970726
134;10.569241423973633;2.0110627025210364;103.95;26.859206410594076
135;10.341841332743785;2.0110627025210364;114.195;28.43177122384642
136;10.7755240639428;2.0110627025210364;119.7275;29.59218018597838
137;10.567540615594671;2.0110627025210364;132.0225;30.950057383144845
138;10.345470428143543;2.0110627025210364;154.36;32.51876547067017
139;10.775227424921905;2.0110627025210364;156.4375;33.67904754044729
140;10.565908026030721;2.0110627025210364;160.3175;35.03806701096406
141;10.348995212321485;2.0110627025210364;163.2;36.603017752557555
142;10.774898857001022;2.0110627025210364;159.9225;37.76320353663133
143;10.564339943093618;2.0110627025210364;155.0775;39.12330427033873
144;10.352420505537186;2.0110627025210364;140.82999999999998;40.68459245965137
145;10.774541429644469;2.0110627025210364;135.78;41.84470964224316
146;10.562832917276724;2.0110627025210364;137.165;43.20583389986604
147;10.355750819236665;2.0110627025210364;136.98250000000002;44.76355003820123
148;10.77415792259325;2.0110627025210364;138.5975;45.923623656733824
149;10.56138373887994;2.0110627025210364;148.6925;47.285716742432214
150;10.358990381321243;2.0110627025210364;159.58249999999998;48.83994730850279
151;10.77375085660205;2.0110627025210364;181.39249999999998;50.0
152;10.55998941749014;1.7697334047109388;192.86;49.995
153;10.362143158906584;0.6266287825915331;194.265;43.01836609351893
154;10.77332252048108;1.8054855919307855;181.6525;43.01406425690958
155;10.55864716353838;2.0110627025210364;166.84;44.379048045122424
156;10.365212878864234;2.0110627025210364;162.255;45.92765790539689
157;10.77287499494135;2.0110627025210364;163.7175;47.08883389441207
158;10.55735437169227;2.0110627025210364;172.6625;48.45463835791498
159;10.368203046399147;2.0110627025210364;191.2475;50.0
160;10.772410173667184;1.806214738088319;206.0225;50.0
161;10.55610860587366;1.7699650701311205;213.3075;50.0
162;10.371116961883386;1.2271434749901455;223.7225;46.78578037070221
163;10.771929781977681;0.12936659945837578;232.67;36.25478600319146
164;10.55490758571855;1.7688817478495777;234.425;36.25116052459115
165;10.373957736138047;2.0110627025210364;229.6125;37.792275559207546
166;10.771435393386325;2.0110627025210364;227.33249999999998;38.955632707934626
167;10.553749174319652;2.0110627025210364;229.7475;40.32567542906017
168;10.376728304331218;2.0110627025210364;217.015;41.86375097240261
169;10.770928444324156;2.0110627025210364;218.84;43.02718257519743
170;10.552631367111657;2.0110627025210364;225.04500000000002;44.397880058183844
171;10.379431438638967;2.0110627025210364;224.14249999999998;45.932980403471014
172;10.77041024725461;2.0110627025210364;231.225;47.096497370538785
173;10.551552281776631;2.0110627025210364;253.12;48.467813053113936
174;10.38206975979855;2.0110627025210364;269.0475;50.0
175;10.76988200237683;1.8057910455060175;280.6625;50.0
176;10.550510149061695;1.7690268328239356;297.4475;50.0
177;10.384645747667555;0.6895946617260192;310.46;43.39517029147447
178;10.769344808087487;2.0110627025210364;312.1225;44.559953206762216
179;10.549503304414056;2.0110627025210364;314.9325;45.93346907224819
180;10.387161750889314;2.0110627025210364;322.0175;47.46107206199612
181;10.768799670348509;2.0110627025210364;331.47;48.62596626795884
182;10.54853018034952;2.0110627025210364;342.275;50.0
183;10.389619995753376;1.7420634839471645;341.4325;50.0
184;10.768247511088711;1.80551712346709;337.21999999999997;50.0
185;10.547589299480437;1.7676552868079245;344.18;49.995
186;10.392022594329642;0.06569850150015652;360.83;39.463684710526316
187;10.767689175750647;1.804541507807634;363.7525;39.45973834205526
188;10.546679268137336;0.4373183056039106;380.4375;31.100841460479355
189;10.394371551946094;1.7419777453553742;391.9725;31.097731376333307
190;10.767125440079912;1.804447032159176;397.605;31.094621603195673
191;10.545798770526014;2.0110627025210364;397.71999999999997;32.47300330903564
192;10.396668774072243;2.0110627025210364;398.95;33.9929206733361
193;10.76655701624184;2.0110627025210364;404.555;35.16129221583902
194;10.544946563368207;2.0110627025210364;415.4875;36.540076851417645
195;10.3989160726637;2.0110627025210364;420.185;38.05745257470198
196;10.765984558339905;2.0110627025210364;422.8;39.22596149902161
197;10.544121470979752;2.0110627025210364;428.48;40.60512350544094
198;10.401115172017464;2.0110627025210364;422.4825;42.12000357967381
199;10.76540866740118;1.8041593207006006;410.7225;42.11579157931585
200;10.543322380744932;0.09105461461342226;413.4075;31.58526421068423
201;10.403267714182084;0.06758305492687518;405.96000000000004;21.055789894789477
202;10.764829895886194;0.12817673978248106;396.22;10.527368526326315
203;10.542548238950323;0.09092487730595541;384.9325;-0.0
204;10.40537526396251;1.7438218415908322;382.3325;0.0
205;10.764248751773788;1.803964932112574;384.4325;-0.0
206;10.54179804694515;1.7666847391433746;387.025;-0.0
207;10.407439313555262;1.7441677526868438;380.6;-0.0
208;10.763665702265532;1.8038672196859258;365.7325;-0.0
209;10.541070857598559;1.7665628705289913;355.74;-0.0
210;10.409461286845895;1.7445066122760342;360.3275;-0.0
211;10.76308117714915;1.803769259964239;357.68;-0.0
212;10.540365772027432;1.7664447062544764;346.5325;-0.0
213;10.411442543397738;2.0110627025210364;339.385;1.5091295837721483
214;10.762495571855862;2.0110627025210364;337.3375;2.6846078775507025
215;10.53968193657075;2.0110627025210364;331.15250000000003;4.071641577020735
216;10.413384382157865;2.0110627025210364;301.79;5.578519249813061
217;10.761909250242615;2.0110627025210364;282.48;6.754147610157595
218;10.539018539989177;2.0110627025210364;267.61;8.14140458240686
219;10.415288044903868;2.0110627025210364;256.8575;9.646066799289946
220;10.761322547126648;2.0110627025210364;275.5075;10.821845772839701
221;10.53837481087045;2.0110627025210364;296.4925;12.20930751793549
222;10.417154719452702;2.0110627025210364;321.94;13.71178960370363
223;10.76073577059694;2.0110627025210364;340.2875;14.887719442676167
224;10.537750015223056;1.766006335342131;345.9825;14.8862306707319
225;10.418985542650889;1.7461027685775918;344.785;14.884742047664826
226;10.76014920412421;1.8032778948313009;338.6625;14.88325357346006
227;10.537143454242573;2.0110627025210364;336.27;16.271478966572268
228;10.420781603163544;2.0110627025210364;336.505;17.770109295670245
229;10.759563108489049;2.0110627025210364;327.115;18.946747331676082
230;10.536554462236174;2.0110627025210364;336.545;20.335125917818548
231;10.42254394407817;2.0110627025210364;349.35249999999996;21.831675658352502
232;10.758977723545435;1.8030815680897425;352.8325;21.829492490786667
233;10.535982404692481;1.7657101040412457;350.6275;21.827309541537588
234;10.42427356533759;1.624503519162659;355.105;21.055789894789477
235;10.758393269835212;0.1270980349007139;362.0175;10.527368526326315
236;10.535426676484999;0.08973138491781488;371.1675;-0.0
237;10.425971426015252;1.747273522700778;376.07;-0.0
238;10.757809950067529;1.802885862615875;377.455;-0.0
239;10.534886700198363;1.765526476504487;371.9975;0.0
240;10.427638446444854;2.0110627025210364;373.48;1.4937434758773882
241;10.757227950475542;2.0110627025210364;369.23;2.6742275485780356
242;10.534361924567822;2.0110627025210364;356.615;4.066316297483747
243;10.429275510215234;2.0110627025210364;343.77;5.5580979311495256
244;10.756647442061828;2.0110627025210364;333.985;6.7387270513976745
245;10.533851823022989;2.0110627025210364;332.695;8.130893946820695
246;10.430883466040589;2.0110627025210364;328.865;9.620741564687453
247;10.756068581742374;2.0110627025210364;331.5075;10.801514337875728
248;10.533355892327895;2.0110627025210364;328.2375;12.193746088730439
249;10.43246312951509;2.0110627025210364;322.9975;13.681686741082231
250;10.75549151339839;2.0110627025210364;307.6825;14.862601634679653
251;10.532873651309918;2.0110627025210364;289.305;16.254885405771763
252;10.434015284760378;2.0110627025210364;282.3625;17.740945396708828
253;10.75491636884402;2.0110627025210364;291.39;18.92200075176734
254;10.53240463967094;2.0110627025210364;304.7925;20.31432414400477
255;10.43554068597354;2.0110627025210364;306.745;21.798529059915506
256;10.754343268717385;2.0110627025210364;304.90250000000003;22.979723101728
257;10.531948416874517;2.0110627025210364;296.525;24.372074133387034
258;10.43704005888264;2.0110627025210364;302.895;25.85444887003519
259;10.753772323301623;2.0110627025210364;303.7875;27.035779718011643
260;10.531504561103475;2.0110627025210364;310.52250000000004;28.428146806991542
261;10.438514102116365;2.0110627025210364;320.81;29.908715595300297
262;10.753203633281954;2.0110627025210364;335.2575;31.090181272122912
263;10.531072668282825;2.0110627025210364;348.5575;32.48255321912702
264;10.439963488493596;2.0110627025210364;338.0625;33.96133964973619
265;10.7526372904442;2.0110627025210364;351.71500000000003;35.142938089849224
266;10.530652351163134;2.0110627025210364;356.2375;36.535304062435266
267;10.441388866238553;2.0110627025210364;356.4375;38.0123311091024
268;10.752073378319796;2.0110627025210364;344.5675;39.194060166587676
269;10.53024323846021;2.0110627025210364;348.6175;40.58640968403382
270;10.442790860126445;2.0110627025210364;377.36;42.06169972594529
271;10.751511972781685;2.0110627025210364;405.245;43.2435571818301
272;10.52984497404691;2.0110627025210364;415.235;44.63588010076735
273;10.444170072564356;1.7503234076433836;410.84000000000003;44.631416512757276
274;10.750953142595202;1.801736740135378;398.51;44.626953371106
275;10.529457216193578;1.7646165571064905;390.135;44.62249067576889
276;10.445527084611632;2.0110627025210364;375.03;46.09477769632026
277;10.750396949927703;2.0110627025210364;351.065;47.27729111611931
278;10.529079636853634;2.0110627025210364;372.2825;48.66993773199674
279;10.446862456943771;1.9862681686064148;427.0475;50.0
280;10.749843450820238;1.8024328135353502;453.29;50.0
281;10.528711920991245;1.7644916541578421;437.10749999999996;49.995
282;10.448176730763471;1.7509948777155495;445.1725;49.9900005
283;10.749292695624396;1.8014584682210029;453.9975;49.98500149995
284;10.528353765948196;0.671773928398068;477.7075;43.11696883308458
285;10.449470428662272;1.7512116866816;496.5725;43.11265713620127
286;10.748744729407047;1.8013666353525069;503.28249999999997;43.10834587048765
287;10.528004880847346;1.7643731623192938;518.085;43.10403503590061
288;10.450744055435864;1.7514251319567087;532.185;43.09972463239702
289;10.748199592325632;1.801275276614824;525.2225000000001;43.09541465993378
290;10.527664986030187;2.0110627025210364;515.205;44.48982338173911
291;10.451998098856098;2.0110627025210364;502.755;45.95597620548764
292;10.747657319976243;2.0110627025210364;478.39;47.14110615388966
293;10.527333812526281;2.0110627025210364;459.8875;48.5354249213743
294;10.453233030402279;2.0110627025210364;435.4;50.0
295;10.747117943716656;1.801094004683595;419.8775;49.995
296;10.527011101552482;0.08832103084556021;409.1875;39.463684710526316
297;10.454449305954391;0.07616050411595392;387.34000000000003;28.933422552581575
298;10.74658149096627;0.12511851590623418;357.245;18.404213420852635
299;10.526696604039966;2.0110627025210364;328.6175;19.802011225672583
300;10.45564736645045;2.0110627025210364;319.72249999999997;21.26716602642209
301;10.746047985484706;2.0110627025210364;314.8675;22.456293723608976
302;10.526390080187362;2.0110627025210364;328.145;23.85397751805862
303;10.456827638510283;2.0110627025210364;361.11;25.317605863722047
304;10.745517447630771;2.0110627025210364;378.5575;26.50683252788644
305;10.526091299038248;2.0110627025210364;377.1075;27.904395110547316
306;10.457990535027657;1.7526395590260115;375.555;27.90160467103626
307;10.744989894603126;1.800737368000149;372.8;27.898814510569157
308;10.525800038081503;2.0110627025210364;374.365;29.29651459294067
309;10.459136455732722;2.0110627025210364;368.5;30.75740530853529
310;10.744465340664252;2.0110627025210364;364.5075;31.947087494373395
311;10.52551608287309;2.0110627025210364;359.6;33.344652506894526
312;10.460265787726426;2.0110627025210364;354.8075;34.804065543303736
313;10.74394379734874;2.0110627025210364;349.28;35.9938385292681
314;10.52523922667793;2.0110627025210364;345.625;37.39126188007114
315;10.461378905988648;2.0110627025210364;337.18;38.849212793193914
316;10.743425273657246;2.0110627025210364;342.1225;40.03907386194021
317;10.524969270130644;2.0110627025210364;346.665;41.43634914792991
318;10.462476173861482;2.0110627025210364;349.3575;42.892853147846715
319;10.742909776237072;2.0110627025210364;354.21;44.08279957510671
320;10.524706020913985;1.7638203111382251;346.365;44.0783912951492
321;10.463557943509128;0.0776870075540468;329.425;33.547667666546005
322;10.742397309550391;2.0110627025210364;312.16499999999996;34.73903545570648
323;10.524449293453946;2.0110627025210364;304.9775;36.13733472337966
324;10.464624556355732;2.0110627025210364;298.9825;37.59232766136938
325;10.741887876030985;2.0110627025210364;298.1925;38.78377494637381
326;10.524198908630474;2.0110627025210364;307.9375;40.18190760568022
327;10.465676343502425;2.0110627025210364;331.4025;41.63549688859235
328;10.741381476230362;2.0110627025210364;350.325;42.827020936484644
329;10.52395469350293;2.0110627025210364;353.2075;44.224981275563216
330;10.466713626124676;1.754101449289004;358.02;44.22055877743566
331;10.740878108953996;0.560296834868589;364.61;36.429199878784566
332;10.523716481049398;1.7636544755786978;380.5925;36.42555695879669
333;10.467736715851082;2.0110627025210364;388.6225;37.87756452304229
334;10.740377771388403;2.0110627025210364;395.68;39.070417883771
335;10.523484109919018;2.0110627025210364;400.6575;40.46920093755956
336;10.468745915124641;2.0110627025210364;392.4575;41.9198453980974
337;10.73988045921967;2.0110627025210364;392.83500000000004;43.112766977298904
338;10.523257424196622;2.0110627025210364;410.8225;44.51136114761439
339;10.4697415175474;2.0110627025210364;424.4325;45.9606555698296
340;10.739386166744088;2.0110627025210364;431.275;47.15364264586573
341;10.523036273178949;2.0110627025210364;434.4925;48.552042822081155
342;10.470723808209417;2.0110627025210364;437.8575;50.0
343;10.73889488697144;1.8005979595018096;440.9975;50.0
344;10.522820511161775;1.7643863663216988;441.46500000000003;50.0
345;10.471693064002869;1.7549359461053669;440.5075;49.995
346;10.738406611721384;0.12374849967731735;441.8275;39.463684710526316
347;10.52260999723738;1.7634690415515901;433.6775;39.45973834205526
348;10.472649553922096;1.7550962428721915;435.1925;39.455792368221054
349;10.737921331713503;0.5486298850290532;440.0725;31.594741685379187
350;10.522404595101682;1.7634346185037466;448.175;31.59158221121065
351;10.473593539350295;1.7552544440293893;457.03;31.58842305298953
352;10.737439036651395;1.7994719306002522;458.68;31.58526421068423
353;10.522204172870648;0.08751544459675063;451.5325;21.055789894789477
354;10.474525274333603;0.07952500671798929;449.0825;10.527368526326315
355;10.73695971530125;0.12350601639190543;453.56;-0.0
356;10.522008602905288;1.7633682547423586;462.34000000000003;0.0
357;10.475445005843191;1.7555647286301252;471.7275;0.0
358;10.736483355565229;1.7993117693845944;472.9225;-0.0
359;10.521817761644952;2.0110627025210364;468.7225;1.4042731264372956
360;10.476352974026005;2.0110627025210364;453.04499999999996;2.851597373799947
361;10.736009944550107;2.0110627025210364;454.5925;4.052102766739965
362;10.521631529448307;2.0110627025210364;460.0525;5.4561476034874
363;10.477249412444701;2.0110627025210364;456.0375;6.902215046904585
364;10.735539468631357;2.0110627025210364;444.865;8.102762330200106
365;10.52144979044172;2.0110627025210364;437.1875;9.506574753047452
366;10.478134548307361;2.0110627025210364;423.2;10.951396274680155
367;10.7350719135131;2.0110627025210364;400.7;12.151982817215242
368;10.52127243237456;1.7632448809842718;390.305;12.15076761893352
369;10.479008602687472;0.08027636125429104;379.53999999999996;1.6232367526979434
370;10.73460726428414;1.798997357951101;364.2375;1.6230744290226737
371;10.521099346481083;2.0110627025210364;350.945;3.0278677424227425
372;10.47987179073467;2.0110627025210364;346.8075;4.471686754450564
373;10.734145505470346;2.0110627025210364;352.7125;5.6738013555782905
374;10.520930427348578;2.0110627025210364;369.645;7.0783500694615835
375;10.480724321876682;2.0110627025210364;389.275;8.52095412867179
376;10.733686621083631;2.0110627025210364;395.945;9.723099743229472
377;10.520765572791387;1.7631599371173439;392.22749999999996;9.72212743325515
378;10.481566400012936;0.20889393301201353;393.3275;0.0
379;10.733230594667763;1.7987666438745018;401.8125;-0.0
380;10.520604683730575;1.7631329739515569;405.595;-0.0
381;10.482398223700196;1.7567300083880188;416.29999999999995;0.0
382;10.732777409341193;2.0110627025210364;424.73;1.2038614611258671
383;10.52044766407887;2.0110627025210364;423.5175;2.6093157941048273
384;10.48321998633066;2.0110627025210364;419.19;4.04999587551129
385;10.732327047837094;2.0110627025210364;418.4775;5.2538801804785
386;10.520294420630677;2.0110627025210364;425.6775;6.659075092861309
387;10.484031876302822;2.0110627025210364;431.16499999999996;8.098578902864343
388;10.731879492540834;2.0110627025210364;434.2725;9.302483527060264
389;10.520144862956883;2.0110627025210364;435.88;10.707415658898519
390;10.484834077185495;2.0110627025210364;436.075;12.14575254400641
391;10.731434725524966;2.0110627025210364;425.12;13.349674979503291
392;10.519998903304181;1.7630314520831036;423.3125;13.348340012005341
393;10.48562676787529;0.08138549001831978;419.585;2.8206893885304574
394;10.730992728582011;1.7983916031229774;407.9275;2.820407319591604
395;10.519856456498749;2.0110627025210364;399.6025;4.226261645185834
396;10.486410122747863;2.0110627025210364;396.41999999999996;5.663749402410845
397;10.730553483255035;2.0110627025210364;398.5375;6.869157218378321
398;10.519717439854011;2.0110627025210364;404.9375;8.274738734795173
399;10.487184311803224;2.0110627025210364;416.785;9.71108616470863
400;10.7301169708663;2.0110627025210364;417.645;10.916503933769174
401;10.519581773082313;1.7629615458304961;416.485;10.915412283375797
402;10.487949500805373;1.696054013045235;429.85749999999996;10.527368526326315
403;10.729683172544016;0.12228655108004105;441.45500000000004;-0.0
404;10.519449378210302;1.7629393579647372;452.5025;0.0
405;10.488705851416519;1.757787094624826;461.47;-0.0
406;10.729252069247329;1.7980998885341628;468.9375;0.0
407;10.519320179497859;1.762917705738753;474.61;-0.0
408;10.489453521326173;2.0110627025210364;470.285;1.4350191547401359
409;10.728823641789717;2.0110627025210364;474.67;2.642493193124431
410;10.51919410336035;2.0110627025210364;472.1075;4.048994545612786
411;10.490192664375277;2.0110627025210364;473.195;5.482906615001712
412;10.728397870860807;2.0110627025210364;466.3425;6.690380347022445
413;10.519071078294148;2.0110627025210364;468.29;8.096593784608302
414;10.490923430675622;2.0110627025210364;464.68;9.529406866088
415;10.727974737046784;2.0110627025210364;470.9225;10.736877925206946
416;10.51895103480511;2.0110627025210364;473.62;12.142800754349572
417;10.491645966724803;1.758279824311293;454.425;12.141586474274138
418;10.727554220849425;2.0110627025210364;428.6775;13.349195805819758
419;10.518833905340047;2.0110627025210364;398.83500000000004;14.754968676166131
420;10.492360415516867;2.0110627025210364;397.905;16.18575078455749
421;10.727136302703881;2.0110627025210364;393.1375;17.393352721910347
422;10.51871962422091;2.0110627025210364;407.2875;18.79882974362829
423;10.493066916648813;2.0110627025210364;438.395;20.228536289837557
424;10.726720962995296;2.0110627025210364;450.40999999999997;21.43612852136304
425;10.51860812758163;1.7627983739845041;435.7125;21.433984908510904
426;10.493765606423196;1.7586350516729778;436.58500000000004;21.431841510020053
427;10.726308182074263;1.7976065267263144;448.65999999999997;21.42969832586905
428;10.51849935330746;0.5291392510636448;456.74;13.678999171965822
429;10.494456617946984;1.7587508572981865;462.18;13.677631272048625
430;10.725897940271265;1.7975377748938957;474.07;13.676263508921421
431;10.51839324097675;1.762762361448142;490.285;13.67489588257053
432;10.49514008122678;2.0110627025210364;488.40250000000003;15.103145315816834
433;10.725490217910163;2.0110627025210364;496.4975;16.312419294270597
434;10.518289731804973;2.0110627025210364;494.345;17.718412807126445
435;10.495816123260616;2.0110627025210364;492.1175;19.145615648748144
436;10.72508499532071;2.0110627025210364;483.31;20.354870341628597
437;10.518188768590973;2.0110627025210364;471.2575;21.76055552443301
438;10.49648486812647;2.0110627025210364;467.4525;23.186718844160417
439;10.724682252850235;2.0110627025210364;473.23249999999996;24.395952032068276
440;10.518090295665253;2.0110627025210364;459.35249999999996;25.80132665598308
441;10.497146437067585;2.0110627025210364;421.5875;27.226457408103276
442;10.724281970874522;2.0110627025210364;373.24;28.43566689003167
443;10.51799425884034;2.0110627025210364;342.7575;29.840728777444344
444;10.497800948574788;2.0110627025210364;333.6775;31.26483380342055
445;10.723884129807905;2.0110627025210364;348.9775;32.4740173967227
446;10.517900605362945;2.0110627025210364;383.3825;33.878764419888235
447;10.498448518465912;2.0110627025210364;430.075;35.30185045090363
448;10.723488710112669;2.0110627025210364;447.15999999999997;36.5110059912515
449;10.517809283868042;2.0110627025210364;436.52750000000003;37.91543607097774
450;10.499089259962425;1.7595272350958018;440.5075;37.91164452737064
451;10.723095692307785;1.7970681501970147;449.0025;37.907853362917905
452;10.517720244334615;1.7626495749109823;458.2075;37.90406257758161
453;10.499723283763384;1.7596334902306867;459.615;37.900272171323856
454;10.722705056976983;2.0110627025210364;460.9175;39.10991233997859
455;10.517633438043141;2.0110627025210364;464.7825;40.514249582603604
456;10.500350698116879;2.0110627025210364;472.17;41.93486499443431
457;10.722316784776273;2.0110627025210364;471.325;43.1444705623974
458;10.517548817534582;2.0110627025210364;475.4275;44.548484738683314
459;10.500971608888959;2.0110627025210364;473.3125;45.96810686176493
460;10.721930856440888;2.0110627025210364;467.9575;47.177675737459914
461;10.517466336570974;2.0110627025210364;460.65;48.58136495014375
462;10.50158611963025;2.0110627025210364;455.0525;50.0
463;10.721547252791723;1.7976906944954922;440.2525;50.0
464;10.517385950097427;1.7625935510216424;435.12;49.995
465;10.502194331640302;0.0841620241482743;422.3675;39.463684710526316
466;10.72116595474125;1.1284971484674724;403.485;35.262443895399954
467;10.517307614205546;2.0110627025210364;395.1575;36.66747541751514
468;10.50279634402977;2.0110627025210364;394.6975;38.086152143145114
469;10.720786943299025;2.0110627025210364;407.58;39.29759593179673
470;10.51723128609816;2.0110627025210364;418.77750000000003;40.7022964504103
471;10.503392253780488;2.0110627025210364;433.59499999999997;42.1200035796738
472;10.72041019957671;1.7966180923412352;442.0725;42.11579157931584
473;10.51715692405537;0.08666958344318837;436.015;31.58526421068423
474;10.503982155803586;0.0844616430227281;440.28999999999996;21.055789894789477
475;10.72003570479273;0.12066974586600893;446.6725;10.527368526326315
476;10.5170844874018;0.08665744388883063;450.03000000000003;0.0
477;10.504566142995643;1.7604450980286497;460.61;0.0
478;10.71966344027653;2.0110627025210364;472.625;1.216319731737296
479;10.517013936475005;2.0110627025210364;476.075;2.625034860112868
480;10.505144306293;2.0110627025210364;471.0175;4.044885265648507
481;10.719293387472472;2.0110627025210364;465.485;5.261152059023093
482;10.516945232595052;2.0110627025210364;463.65;6.669527972851891
483;10.505716734724327;2.0110627025210364;457.8225;8.088430122066494
484;10.718925527943401;2.0110627025210364;456.7475;9.304642027508056
485;10.516878338035136;2.0110627025210364;444.6775;10.712677142171925
486;10.506283515461435;2.0110627025210364;430.8625;12.130636534769344
487;10.71855984337391;2.0110627025210364;417.58000000000004;13.346791619910652
488;10.516813215993263;2.0110627025210364;413.855;14.754484385555061
489;10.506844733868483;1.2844874619041786;401.9425;11.761098234252923
490;10.718196315573275;2.0110627025210364;392.0475;12.977635624634885
491;10.516749830564898;2.0110627025210364;382.64750000000004;14.385425522035769
492;10.50740047354958;2.0110627025210364;384.025;15.801956529611465
493;10.717834926478137;2.0110627025210364;387.99;17.018433153804274
494;10.516688146716598;2.0110627025210364;407.105;18.425877571108124
495;10.507950816394885;2.0110627025210364;428.33;19.841481707775873
496;10.717475658154928;2.0110627025210364;441.4625;21.057895684357913
497;10.51662813026054;1.762466549087543;439.7075;21.055789894789477
498;10.50849584262521;0.08521808529088061;441.1675;10.527368526326315
499;10.717118492802026;0.12018085451352123;441.9025;0.0
500;10.516569747829925;1.762456764860152;445.35;0.0
501;10.509035630835276;1.7611941330531213;451.54;0.0
502;10.716763412751705;2.0110627025210364;466.06;1.21907475788588
503;10.516512966855226;2.0110627025210364;466.955;2.628265531897627
504;10.509570258035541;2.0110627025210364;467.4775;4.043910960210673
505;10.716410400471853;2.0110627025210364;472.27500000000003;5.262916688666392
506;10.516457755541277;2.0110627025210364;472.3425;6.671755529233312
507;10.510099799692751;2.0110627025210364;472.5175;8.086493543972274
508;10.716059438567495;2.0110627025210364;466.5;9.305428427978757
509;10.516404082845083;2.0110627025210364;456.45;10.713914006433129
510;10.51062432976925;2.0110627025210364;446.045;12.127749501751698
511;10.71571050978212;2.0110627025210364;420.2375;13.346611742508507
512;10.516351918454436;1.3137834879502015;404.15;10.527368526326315
513;10.511143920761066;0.08566187288857902;386.135;0.0
514;10.715363596998849;1.7957723394896699;373.42;-0.0
515;10.51630123276719;2.0110627025210364;368.345;1.4095138288711688
516;10.511658643734796;2.0110627025210364;369.975;2.8232971659402253
517;10.715018683241398;2.0110627025210364;379.11;4.043747087144303
518;10.516251996871304;2.0110627025210364;393.455;5.45290331540785
519;10.512168568363416;1.7617191775374688;401.7725;5.452358025076309
520;10.714675751674937;1.7956570644833347;396.9575;5.451812789273801
521;10.516204182525449;1.7623955002977214;381.3225;5.451267607994874
522;10.512673762960958;0.8939990549041357;374.005;0.0
523;10.71433478560674;1.7955999224714532;378.98;-0.0
524;10.51615776214036;1.762387720772297;382.59749999999997;0.0
525;10.513174294516181;1.7618877257337002;381.44;-0.0
526;10.713995768486754;1.7955431070809933;388.1875;-0.0
527;10.516112708760707;1.7623801703413435;385.12;-0.0
528;10.513670228725196;2.0110627025210364;381.88;1.4120132827110634
529;10.713658683908013;2.0110627025210364;379.395;2.6338963316701793
530;10.516068996047636;2.0110627025210364;370.855;4.043367395791758
531;10.514161630023137;2.0110627025210364;355.2625;5.454509510530199
532;10.71332351560693;2.0110627025210364;349.8275;6.676306719752562
533;10.516026598261819;2.0110627025210364;338.4;8.085413820731858
534;10.51464856161488;2.0110627025210364;329.4175;9.49568914581565
535;10.712990247463475;2.0110627025210364;316.6775;10.717398841810766
536;10.51598549024709;1.7623588499740266;310.825;10.716327101926586
537;10.51513108550487;0.0863300760806681;299.1575;0.18893967974270964
538;10.712658863501277;1.7652411430430335;288.90999999999997;0.0
539;10.515945647414576;1.762352172771157;277.485;0.0
540;10.515609262526045;1.7622957985125725;254.0775;0.0
541;10.71232934788758;2.0110627025210364;243.7775;1.2232871195067985
542;10.515907045727369;2.0110627025210364;246.06;2.633053097353847
543;10.516083152367944;2.0110627025210364;265.81;4.042510797294565
544;10.712001684933147;2.0110627025210364;280.9525;5.265704945528346
545;10.51586966168567;2.0110627025210364;285.7925;6.675102196432406
546;10.516552813603983;1.7624539268776362;290.3425;6.674434686212763
547;10.711675859092054;0.73262963615709;290.3825;0.0
548;10.515833472312385;1.7623333735074767;276.92;0.0
549;10.51701830371793;2.0110627025210364;254.495;1.4088326114679672
550;10.711351854961427;2.0110627025210364;252.07750000000001;2.6329074659934655
551;10.515798455139219;2.0110627025210364;235.85250000000002;4.042635642864608
552;10.517479679129648;2.0110627025210364;214.8725;5.450625684127156
553;10.711029657281074;2.0110627025210364;201.8525;6.674602447141724
554;10.515764588193152;2.0110627025210364;194.835;8.083958628113516
555;10.517936995220065;2.0110627025210364;195.2175;9.491110086791641
556;10.710709250933082;2.0110627025210364;196.06;10.714987187396535
557;10.515731849983396;2.0110627025210364;197.7;12.12397043119357
558;10.518390306355474;2.0110627025210364;204.9075;13.530287243112749
559;10.710390620941325;2.0110627025210364;216.555;14.754063124494179
560;10.515700219488702;1.7623110418588337;217.28;14.75258771818173
561;10.518839665911099;1.176989725838163;198.48000000000002;11.07137720142821
562;10.710073752470914;2.0110627025210364;178.5775;12.2956999988607
563;10.515669676145102;2.0110627025210364;174.9625;13.704584236522967
564;10.51928512629404;2.0110627025210364;168.05;15.109892908119976
565;10.709758630827602;2.0110627025210364;167.8725;16.33411121954294
566;10.515640199833994;2.0110627025210364;166.9525;17.74261961857869
567;10.51972673896554;2.0110627025210364;177.615;19.14710495459957
568;10.709445241457146;2.0110627025210364;183.73;20.37121726471982
569;10.515611770870613;2.0110627025210364;187.8725;21.77934896066627
570;10.520164554462651;2.0110627025210364;193.34;23.183014699030682
571;10.709133569944573;2.0110627025210364;197.3;24.407019506113436
572;10.515584369992865;2.0110627025210364;201.67000000000002;25.8147736526696
573;10.520598622419298;2.0110627025210364;202.055;27.217623484005998
574;10.708823602013485;2.0110627025210364;207.345;28.441519299744787
575;10.51555797835045;2.0110627025210364;217.2425;29.848895068381886
576;10.521028991586736;2.0110627025210364;198.915;31.25093263686765
577;10.708515323525221;2.0110627025210364;189.38;32.474717986255
578;10.515532577494374;2.0110627025210364;188.7975;33.881714565836724
579;10.521455709853488;2.0110627025210364;194.6525;35.282943470019326
580;10.708208720478085;2.0110627025210364;200.5325;36.506616891218144
581;10.51550814936672;2.0110627025210364;199.6025;37.913233487630634
582;10.521878824264704;2.0110627025210364;194.065;39.313657281230405
583;10.707903779006456;2.0110627025210364;189.8;40.53721732544615
584;10.515484676290779;2.0110627025210364;190.64249999999998;41.943453161237365
585;10.522298381040986;2.0110627025210364;193.4625;43.343075353932306
586;10.707600485379917;2.0110627025210364;192.8725;44.56652058528599
587;10.515462140961427;2.0110627025210364;190.8025;45.97237489931411
588;10.522714425596755;2.0110627025210364;189.2625;47.37119895750726
589;10.707298826002319;2.0110627025210364;198.6325;48.59452795290931
590;10.515440526435814;2.0110627025210364;217.395;50.0
591;10.52312700255806;1.764437730773008;270.7975;50.0
592;10.70699878741087;1.7952525381532962;326.985;50.0
593;10.515419816124318;1.7622640494631858;351.1225;49.995
594;10.523536155779944;0.08773866969252397;377.365;39.463684710526316
595;10.706700356275125;0.11843489403026929;392.4225;28.933422552581575
596;10.515399993781768;0.08637514203117404;407.095;18.404213420852635
597;10.523941928363337;0.08780667253487133;413.3225;7.876057210036867
598;10.70640351939604;0.5404559059280803;425.355;-0.0
599;10.515381043498921;1.7622575516147847;436.845;-0.0
600;10.524344362671522;1.7637597013546855;448.73;-0.0
601;10.706108263704925;1.7942212515241023;439.8875;-0.0
602;10.515362949694184;1.7622545193001302;412.7575;0.0
603;10.524743500346114;1.7638265922622307;396.095;-0.0
604;10.705814576262435;1.794172032868953;390.725;-0.0
605;10.515345697105587;1.7622516279636762;380.5475;-0.0
606;10.52513938232268;1.7638929375520367;352.72;-0.0
607;10.705522444257525;1.7941230748873458;333.3275;-0.0
608;10.515329270782964;1.7622488750999454;334.8425;-0.0
609;10.5255320488459;1.7639587439686513;331.825;-0.0
610;10.705231855006385;1.794074375453619;302.7375;0.0
611;10.51531365608038;2.0110627025210364;266.5525;1.410452026723639
612;10.525921539484374;2.0110627025210364;249.70499999999998;2.810685519010811
613;10.704942795951373;2.0110627025210364;241.45250000000001;4.040708794305106
614;10.515298838648768;2.0110627025210364;261.24;5.450770826709345
615;10.526307893144999;2.0110627025210364;299.05;6.850233251138925
616;10.704655254659938;1.7939777438327023;338.26750000000004;6.849548227813811
617;10.515284804428783;1.7622414230477446;338.3125;6.8488632729910295
618;10.52669114808703;0.9294121452965598;317.4625;1.605132041192834
619;10.704369218823516;1.7939298074991845;300.385;1.6049715279887147
620;10.515271539643818;2.0110627025210364;270.205;3.0153030681742887
621;10.527071341935724;2.0110627025210364;210.2975;4.414283763028534
622;10.704084676256443;2.0110627025210364;193.1775;5.64496189220861
623;10.515259030793285;2.0110627025210364;183.9425;7.054901316765769
624;10.527448511695674;2.0110627025210364;170.2125;8.453119740523203
625;10.703801614894834;2.0110627025210364;167.1125;9.683662894399058
626;10.515247264646018;2.0110627025210364;162.135;11.093209626695902
627;10.527822693763792;2.0110627025210364;155.4675;12.490668746657631
628;10.703520022795484;2.0110627025210364;154.8775;13.721075658127257
629;10.515236228233903;2.0110627025210364;153.735;15.130229133739237
630;10.528193923941949;2.0110627025210364;146.8475;16.526931883081012
631;10.703239888134734;2.0110627025210364;158.4275;17.757201296164705
632;10.51522590884567;2.0110627025210364;165.95499999999998;19.165960962631704
633;10.528562237449318;2.0110627025210364;167.3025;20.56191024095859
634;10.702961199207365;2.0110627025210364;169.03;21.792040910687497
635;10.515216294020844;2.0110627025210364;156.4325;23.200406227276627
636;10.52892766893441;2.0110627025210364;156.79250000000002;24.59560490116621
637;10.702683944425472;2.0110627025210364;159.6725;25.825595593471895
638;10.515207371543898;2.0110627025210364;170.485;27.233566030945845
639;10.529290252486753;2.0110627025210364;194.115;28.628016934480335
640;10.702408112317316;2.0110627025210364;226.245;29.857866426085437
641;10.515199129438534;2.0110627025210364;234.865;31.265441466476222
642;10.529650021648377;2.0110627025210364;234.1875;32.65914740176362
643;10.702133691526226;2.0110627025210364;224.6275;33.888854480073526
644;10.515191555962112;2.0110627025210364;218.0975;35.296033616461514
645;10.530007009424923;2.0110627025210364;200.49;36.68899735414619
646;10.701860670809461;2.0110627025210364;194.7425;37.91856081714178
647;10.515184639600285;2.0110627025210364;187.255;39.3253435534398
648;10.530361248296522;2.0110627025210364;184.715;40.717567833202764
649;10.701589039037076;2.0110627025210364;189.6275;41.94698648933422
650;10.515178369061715;2.0110627025210364;194.485;43.35337234007666
651;10.530712770228421;2.0110627025210364;199.0025;44.74485987112565
652;10.7013187851908;2.0110627025210364;210.9975;45.974132539207275
653;10.51517273327297;2.0110627025210364;230.5575;47.38012102934404
654;10.5310616066813;2.0110627025210364;255.79500000000002;48.77087449089387
655;10.701049898362925;2.0110627025210364;277.345;50.0
656;10.515167721373547;1.7631038463122537;291.46;50.0
657;10.531407788621385;0.08905786529380415;299.28499999999997;39.46868421052631
658;10.700782367755167;1.79332869229893;292.8575;39.46473734210526
659;10.515163322711036;2.0110627025210364;296.25;40.87138571179557
660;10.531751346530292;2.0110627025210364;304.2025;42.26213479402061
661;10.700516182677566;2.0110627025210364;313.485;43.49241820699753
662;10.515159526836387;2.0110627025210364;319.9325;44.898667414682265
663;10.53209231041463;2.0110627025210364;324.1975;46.288689853046904
664;10.700251332547362;1.7932396968739182;328.38750000000005;46.2840609840616
665;10.515156323499339;0.08633430567978176;322.49;35.75311678848951
666;10.5324307098154;0.08922929518221281;312.775;25.22322568733697
667;10.699987806887883;1.793195532988507;300.6925;25.220703364768237
668;10.515153702643943;1.9023438464856437;287.0975;26.01249670608143
669;10.532766573817131;2.0110627025210364;276.77250000000004;27.403767211284546
670;10.69972559532745;2.0110627025210364;275.8175;28.63628751900234
671;10.515151654404212;2.0110627025210364;258.1;30.04402981856644
672;10.533099931056833;2.0110627025210364;227.945;31.434580481080594
673;10.699464687598283;2.0110627025210364;219.4175;32.66694556981412
674;10.515150169099886;2.0110627025210364;217.925;34.07428621461224
675;10.533430809732705;2.0110627025210364;212.4925;35.46411951674472
676;10.69920507353539;2.0110627025210364;211.9225;36.696328284934424
677;10.515149237232317;2.0110627025210364;223.2575;38.10326687673523
678;10.533759237612683;2.0110627025210364;241.7025;39.49238527431552
679;10.69894674307549;2.0110627025210364;276.39;40.72443662986637
680;10.515148849480422;1.762218638553922;284.275;40.72036418620338
681;10.534085242042725;1.7653921612874506;272.5775;40.71629214978476
682;10.698689686255923;2.0110627025210364;234.8375;41.94846531862666
683;10.515148996696798;2.0110627025210364;196.78;43.35487892523284
684;10.534408849954964;2.0110627025210364;173.5875;44.742855029883096
685;10.698433893213597;2.0110627025210364;172.1825;45.97486854582719
686;10.515149669903892;2.0110627025210364;186.8425;47.38087887256391
687;10.534730087875621;2.0110627025210364;230.35500000000002;48.768147201194814
688;10.69817935418389;2.0110627025210364;287.105;50.0
689;10.515150860290284;1.7622189755426483;301.555;49.995
690;10.535048981932771;1.5221378835991748;306.28;48.46109453509037
691;10.697926059499617;0.11696442228142971;311.775;37.92993263616317
692;10.515152559207078;1.7622192602616649;310.9325;37.92613964289956
693;10.535365557863905;1.7656067275704026;306.9375;37.92234702893527
694;10.697673999589968;2.0110627025210364;316.025;39.155764494621906
695;10.515154758164359;2.0110627025210364;322.12;40.5624518979163
696;10.535679841023324;2.0110627025210364;312.3275;41.94949980375434
697;10.697423164979448;2.0110627025210364;320.905;43.182752847043496
698;10.515157448827766;2.0110627025210364;330.2975;44.589034995372415
699;10.535991856389385;2.0110627025210364;344.3525;45.97538382830296
700;10.697173546286853;2.0110627025210364;354.595;47.20847142094762
701;10.515160623015136;2.0110627025210364;363.2875;48.61434798194115
702;10.536301628571533;2.0110627025210364;375.7975;50.0
703;10.696925134224255;1.7926822640915192;379.65;49.995
704;10.515164272693225;1.7622212233079237;381.90250000000003;49.9900005
705;10.536609181817225;0.6836921706229675;372.1625;43.188136458952776
706;10.696677919595947;1.7926408337483102;360.3925;43.18381764530688
707;10.515168389974534;2.0110627025210364;350.63;44.59008929306655
708;10.536914540018673;2.0110627025210364;356.71;45.9755614711195
709;10.69643189329746;2.0110627025210364;369.905;47.2093536163398
710;10.51517296711421;2.0110627025210364;379.89;48.615218362219665
711;10.537217726719415;2.0110627025210364;397.355;50.0
712;10.696187046314538;1.7925585690026513;404.485;49.995
713;10.515177996506996;1.7622235232620913;399.5425;49.9900005
714;10.537518765120792;0.09008199503663251;395.83;39.45868571047632
715;10.695943369722167;0.11663214615958821;390.9225;28.928424052431588
716;10.515183470684287;1.7622244406715726;387.2725;28.925531210026346
717;10.537817678088215;1.7660176748641698;387.605;28.922638656905345
718;10.695700854683551;2.0110627025210364;373.9125;30.15883058109028
719;10.515189382311261;2.0110627025210364;373.96000000000004;31.566384784836476
720;10.538114488157351;2.0110627025210364;371.31;32.95201938260851
721;10.69545949244918;2.0110627025210364;364.745;34.188037662843534
722;10.515195724184048;2.0110627025210364;356.8225;35.5951829211024
723;10.538409217540133;2.0110627025210364;355.2425;36.980134646147164
724;10.69521927435582;2.0110627025210364;358.085;38.21597832204452
725;10.515202489226999;2.0110627025210364;365.115;39.62271435944666
726;10.538701888130639;2.0110627025210364;360.765;41.00698529428661
727;10.69498019182558;2.0110627025210364;368.65999999999997;42.24265341352288
728;10.515209670490014;1.7622288314592487;374.6275;42.23842914818153
729;10.538992521510883;1.766214565179889;368.005;42.23420530526671
730;10.694742236364949;1.9610663889551117;352.9175;43.186565420534556
731;10.515217261145931;2.0110627025210364;341.0575;44.592790365903866
732;10.539281138956405;2.0110627025210364;328.0425;45.97601400485869
733;10.694505399563864;2.0110627025210364;329.4325;47.211636273872536
734;10.515225254487973;2.0110627025210364;365.8425;48.617451118481576
735;10.539567761441823;2.0110627025210364;403.4825;50.0
736;10.694269673094757;1.7931192842335244;432.5825;50.0
737;10.515233643927273;1.7622328491330421;427.085;49.995
738;10.539852409646196;0.09047308715879769;430.625;39.463684710526316
739;10.694035048711658;0.11631233339219887;441.3275;28.933422552581575
740;10.515242422990449;0.08634873496938822;459.485;18.404213420852635
741;10.540135103958304;1.7664060489252693;476.5575;18.40237299951055
742;10.693801518249266;1.7921587817928275;485.8275;18.4005327622106
743;10.515251585317221;1.762235855904722;499.62;18.398692708934377
744;10.540415864481805;2.0110627025210364;506.7025;19.78345776840577
745;10.693569073622047;1.792119826732811;511.39;19.78147942262893
746;10.515261124658132;2.0110627025210364;511.4025;21.19000320626144
747;10.540694711040295;2.0110627025210364;510.08;22.574224230452536
748;10.693337706823339;2.0110627025210364;507.01;23.813295986547317
749;10.515271034872255;2.0110627025210364;508.87;25.22140717382002
750;10.540971663182226;2.0110627025210364;505.28;26.604961953079524
751;10.693107409924467;2.0110627025210364;504.3925;27.84384941745597
752;10.515281309925019;1.762240837408896;487.035;27.841065032514226
753;10.541246740185766;1.7665923464382542;448.7275;27.838280926010974
754;10.692878175073865;2.0110627025210364;407.5925;29.0772628315982
755;10.515291943886055;2.0110627025210364;376.115;30.48482775862329
756;10.541519961063507;2.0110627025210364;361.005;31.867335312837096
757;10.692649994496204;2.0110627025210364;364.25;33.10613108453442
758;10.515302930927094;2.0110627025210364;389.4425;34.513282687045226
759;10.541791344567102;2.0110627025210364;437.445;35.89512958143778
760;10.692422860491549;2.0110627025210364;484.065;37.13373835101267
761;10.515314265319896;1.7622463603560197;485.17;37.13002497717757
762;10.542060909191818;1.7667287918483894;477.0175;37.12631197467985
763;10.692196765434494;0.6444775674686581;488.815;29.915649141117424
764;10.515325941434298;1.7622483171392018;498.355;29.912657576203312
765;10.542328673180938;1.7667736660293558;510.0425;29.909666310445694
766;10.691971701773323;1.7918521254872253;519.34;29.906675343814648
767;10.515337953736204;1.7622503302635628;529.8875;29.903684676280267
768;10.542594654530138;2.0110627025210364;534.2475000000001;31.285229386009007
769;10.691747662029194;1.7918145789894502;544.1800000000001;31.282100863070408
770;10.515350296785712;2.0110627025210364;551.755;32.689389871037676
771;10.54285887099173;2.0110627025210364;552.9225;34.070405004608425
772;10.691524638795302;2.0110627025210364;552.01;35.31004955725243
773;10.515362965235235;2.0110627025210364;557.1725;36.71692373532323
774;10.543121340078816;2.0110627025210364;556.1125;38.09728676987482
775;10.691302624736068;2.0110627025210364;557.355;39.33673954769857
776;10.51537595382767;1.7622566986441162;524.45;39.3328058737438
777;10.54338207906938;2.0110627025210364;462.42499999999995;40.71265961804051
778;10.69108161258635;2.0110627025210364;408.7875;41.95206082012167
779;10.515389257394638;2.0110627025210364;373.255;43.35824581951476
780;10.54364110501028;2.0110627025210364;355.93;44.73745094517304
781;10.690861595150638;2.0110627025210364;355.53;45.97665868468542
782;10.515402870854722;2.0110627025210364;383.425;47.382428291504965
783;10.543898434721163;2.0110627025210364;443.7075;48.76098653569071
784;10.690642565302259;2.0110627025210364;503.37;50.0
785;10.515416789211793;1.762263542187279;502.92;49.995
786;10.544154084798295;1.7670795841310571;494.3675;49.9900005
787;10.69042451598262;1.110900602882881;507.10249999999996;45.709541736222036
788;10.515431007553307;0.08638033958444116;519.655;35.17865499257473
789;10.544408071618316;1.7671221494161133;520.5375;35.17513712707547
790;10.69020744020043;1.7915564554333305;523.39;35.171619613362765
791;10.515445521048726;1.762268357314415;537.2850000000001;35.16810245140143
792;10.544660411341903;2.0110627025210364;537.42;36.547158250381486
793;10.689991331030942;2.0110627025210364;540.415;37.788011770077055
794;10.515460324947899;2.0110627025210364;537.21;39.194545660199545
795;10.544911119917412;2.0110627025210364;526.3924999999999;40.57296064171199
796;10.689776181615205;2.0110627025210364;515.15;41.81361597311337
797;10.515475414579534;2.0110627025210364;508.2925;43.2197329676655
798;10.54516021308436;2.0110627025210364;486.9225;44.59750879193859
799;10.68956198515932;1.7914482845533866;472.2525;44.593049041059395
800;10.515490785349652;0.08639035765916352;460.905;34.06227394668161
801;10.545407706376919;0.0914040913301805;440.5125;23.532551929813252
802;10.689348734933706;1.7914125462554666;411.20500000000004;23.53019867462027
803;10.515506432740127;2.0110627025210364;379.9375;24.938114543649686
804;10.545653615127296;2.0110627025210364;362.52250000000004;26.31724979782439
805;10.68913642427239;2.0110627025210364;361.08500000000004;27.559938469785838
806;10.515522352307233;2.0110627025210364;373.9375;28.967436241246986
807;10.545897954469048;2.0110627025210364;409.6475;30.345936440877267
808;10.688925046572262;2.0110627025210364;431.2825;31.58842305298953
809;10.515538539680218;1.7622839461727844;438.1575;31.58526421068423
810;10.54614073934035;0.09152693926788678;447.005;21.055789894789477
811;10.688714595292401;0.11542068627286818;448.04;10.527368526326315
812;10.515554990559922;0.08640111771780366;450.17;-0.0
813;10.546381984487178;1.7674529546284963;447.105;0.0
814;10.688505063953361;2.0110627025210364;453.365;1.245920189244307
815;10.515571700717423;2.0110627025210364;461.7825;2.6560024815438306
816;10.546621704466432;2.0110627025210364;470.7975;4.036446262052566
817;10.68829644613646;2.0110627025210364;471.855;5.282160993596723
818;10.51558866599271;2.0110627025210364;465.3675;6.69182354480429
819;10.546859913649024;2.0110627025210364;459.675;8.071637444483237
820;10.688088735483142;2.0110627025210364;452.8775;9.317145982029803
821;10.515605882293372;2.0110627025210364;448.8975;10.726388679252898
822;10.547096626222858;2.0110627025210364;424.77;12.105574245473257
823;10.687881925694267;2.0110627025210364;409.0775;13.350875858639155
824;10.515623345593358;1.3129825691412342;404.7125;10.527368526326315
825;10.547331856195793;0.09172655682474726;395.255;0.0
826;10.687676010529456;2.0110627025210364;370.1875;1.2467077899970167
827;10.515641051931715;2.0110627025210364;350.14;2.656724119882888
828;10.547565617398542;2.0110627025210364;341.315;4.036271110942286
829;10.687470983806435;2.0110627025210364;344.4525;5.282770049215078
830;10.515658997411373;2.0110627025210364;353.65999999999997;6.692365724669353
831;10.547797923487474;2.0110627025210364;370.7325;8.071288460783785
832;10.687266839400376;2.0110627025210364;387.4175;9.31757783450735
833;10.515677178197969;2.0110627025210364;383.3425;10.72675275743583
834;10.548028787947427;1.7677289400466036;380.3025;10.725680082160087
835;10.687063571243263;1.7910295789665496;385.9375;10.724607514151872
836;10.515695590518671;2.0110627025210364;387.23249999999996;12.13362424240772
837;10.548258224094418;2.0110627025210364;381.125;13.511565567093783
838;10.686861173323262;2.0110627025210364;383.79;14.757696295879976
839;10.51571423066105;2.0110627025210364;375.3;16.16629200712239
840;10.548486245078307;2.0110627025210364;378.0525;17.543613445097286
841;10.686659639684075;2.0110627025210364;381.265;18.789532426052904
842;10.51573309497197;2.0110627025210364;376.83500000000004;20.197707032586926
843;10.548712863885443;2.0110627025210364;368.1475;21.574410041192493
844;10.68645896442434;2.0110627025210364;371.25;22.820116583985254
845;10.51575217985649;2.0110627025210364;375.385;24.22787000146319
846;10.548938093341215;2.0110627025210364;375.1725;25.60395602578889
847;10.686259141697;2.0110627025210364;377.89750000000004;26.84944944557416
848;10.515771481776794;1.7623229846029735;387.45;26.8467645006296
849;10.549161946112585;1.7679188443901044;389.6225;26.844079824179538
850;10.686060165708723;2.0110627025210364;380.40999999999997;28.08963825877383
851;10.515790997251163;2.0110627025210364;379.1625;29.49682784755935
852;10.549384434710548;2.0110627025210364;368.55;30.87196295179957
853;10.685862030719273;2.0110627025210364;368.7325;32.117306826321084
854;10.515810722852947;2.0110627025210364;382.3875;33.524074908928156
855;10.549605571492584;2.0110627025210364;407.13;34.898597208519305
856;10.685664731040948;2.0110627025210364;418.535;36.14372585430955
857;10.515830655209555;1.762332901393274;429.275;36.14011148172412
858;10.549825368665022;1.7680300264193725;441.51750000000004;36.13649747057595
859;10.685468261037983;0.11487663779462003;455.0875;25.606568031355202
860;10.51585079100149;0.08645069048742264;461.475;15.077691585078385
861;10.550043838285383;1.7680666394281341;484.485;15.076183815919878
862;10.685272615125976;1.790729435212439;493.53999999999996;15.074676197538286
863;10.515871126961386;1.7623396839958252;504.6125;15.073168729918534
864;10.550260992264674;2.0110627025210364;511.0025;16.4489134703941
865;10.685077787771323;2.0110627025210364;514.49;17.696444680664303
866;10.515891659873065;2.0110627025210364;520.9875;19.104577959316828
867;10.550476842369632;2.0110627025210364;520.85;20.479714501269743
868;10.684883773490647;2.0110627025210364;516.03;21.7270269450035
869;10.515912386570621;2.0110627025210364;503.7075;23.13473747506691
870;10.550691400224956;2.0110627025210364;482.91499999999996;24.509267171105694
871;10.684690566850254;1.790631890580908;466.68;24.506816244388585
872;10.515933303937521;0.08646451871143317;462.0675;13.978049773290463
873;10.550904677315447;0.09232532076612358;453.105;3.4503361788394518
874;10.684498162465573;1.2413295549429397;449.315;-0.0
875;10.51595440890574;1.7623536410968321;441.1425;0.0
876;10.551116684988143;1.7682464362605879;436.6475;-0.0
877;10.684306555000632;1.790567534588566;430.4975;-0.0
878;10.51597569845485;1.7623572089816795;430.815;-0.0
879;10.55132743445443;2.0110627025210364;430.48749999999995;1.376238937268291
880;10.684115739167497;1.790535556038144;428.3875;1.3761013133745643
881;10.515997169611236;1.7623608073018284;415.77250000000004;1.3759637032432268
882;10.551536936792058;1.5492727873002583;408.155;0.0
883;10.683925709725775;1.790503709277925;405.27750000000003;-0.0
884;10.516018819447227;1.762364435566635;403.48;0.0
885;10.551745202947183;1.768351768679362;402.13;-0.0
886;10.683736461482058;1.7904719934375535;400.985;0.0
887;10.516040645080292;1.7623680932930195;387.1775;-0.0
888;10.551952243736316;2.0110627025210364;376.6775;1.3756453684504992
889;10.683547989289442;2.0110627025210364;352.43;2.6261372140886836
890;10.516062643672266;2.0110627025210364;341.1775;4.035615088878623
891;10.552158069848305;2.0110627025210364;323.45500000000004;5.410661361013845
892;10.683360288046991;2.0110627025210364;306.0625;6.660928021233102
893;10.516084812428533;2.0110627025210364;306.72;8.069981356623872
894;10.552362691846193;2.0110627025210364;309.28;9.444429801234326
895;10.68317335269925;2.0110627025210364;326.525;10.694470673189915
896;10.51610714859731;1.8421272841905731;324.43;11.145464565314812
897;10.552566120169116;1.7684893450132693;304.28;11.144350018858281
898;10.682987178235724;2.0110627025210364;279.14;12.394397764532457
899;10.516129649468867;2.0110627025210364;254.5975;13.80283515776058
900;10.552768365134133;2.0110627025210364;246.5;15.176324927367377
901;10.68280175969043;2.0110627025210364;252.86;16.426145623168733
902;10.516152312374793;2.0110627025210364;264.8975;17.834158311850363
903;10.552969436938037;2.0110627025210364;287.38;19.207053930928044
904;10.682617092141381;2.0110627025210364;314.485;20.45664698800064
905;10.516175134687316;2.0110627025210364;321.3675;21.86423494534889
906;10.55316934565912;2.0110627025210364;312.105;23.23653764347819
907;10.682433170710102;1.7902535768157184;314.3625;23.234213989713844
908;10.516198113818547;1.7623944832518794;320.0425;23.231890568314874
909;10.55336810125891;2.0110627025210364;322.675;24.603867683062077
910;10.682249990561182;2.0110627025210364;321.2125;25.85326980526065
911;10.516221247219836;2.0110627025210364;324.705;27.26027429342128
912;10.553565713583886;2.0110627025210364;297.925;28.631660838087242
913;10.682067546901783;2.0110627025210364;289.1425;29.88083350244674
914;10.516244532381068;2.0110627025210364;290.805;31.28741311333448
915;10.553762192367168;2.0110627025210364;292.84749999999997;32.658210289274336
916;10.681885834981205;2.0110627025210364;296.72249999999997;33.907152925013264
917;10.516267966830025;2.0110627025210364;302.33;35.313307641232235
918;10.553957547230135;2.0110627025210364;315.125;36.68351664059948
919;10.681704850090398;2.0110627025210364;320.515;37.93222868134954
920;10.51629154813171;2.0110627025210364;304.6625;39.33795848775628
921;10.55415178768408;2.0110627025210364;267.575;40.70758049360763
922;10.681524587561544;2.0110627025210364;234.4325;41.9560613773748
923;10.516315273887734;2.0110627025210364;221.1275;43.36136626104372
924;10.554344923131787;2.0110627025210364;220.3775;44.73040244744242
925;10.68134504276759;2.0110627025210364;229.5425;45.97865161656846
926;10.516339141735676;2.0110627025210364;267.21500000000003;47.38353156675792
927;10.55453696286909;2.0110627025210364;334.02750000000003;48.751983098875606
928;10.681166211121807;2.0110627025210364;391.695;50.0
929;10.51636314934849;1.7624221413184509;397.215;49.995
930;10.554727916086415;1.7688516372749143;387.615;49.9900005
931;10.680988088077394;0.11412581206612972;391.3775;39.45868571047632
932;10.516387294433885;0.08654060232431128;407.8975;28.928424052431588
933;10.554917791870293;0.09299787284963985;424.485;18.399215420552665
934;10.68081066912699;0.11409607867997322;443.2475;7.871059709536928
935;10.516411574733763;1.5649034468362928;466.9975;6.629597466040202
936;10.55510659920484;1.768915100232876;471.77;6.628934506293598
937;10.6806339498023;1.7899520479772786;478.47;6.628271612842969
938;10.51643598802361;1.7624343482470204;478.5075;6.6276087856816845
939;10.55529434697322;1.7689465646107485;480.35249999999996;6.626946024803116
940;10.680457925673657;1.7899225483472907;480.7375;6.626283330200636
941;10.516460532111953;2.0110627025210364;473.385;8.03498319636126
942;10.555481043959063;2.0110627025210364;458.21;9.406472706280516
943;10.680282592349606;2.0110627025210364;455.635;10.659263596277762
944;10.51648520483981;1.7624425964223036;416.11;10.658197669918135
945;10.555666698847906;2.0110627025210364;364.5525;12.029248486245633
946;10.680107945476509;2.0110627025210364;324.815;13.281943013194326
947;10.516510004080136;2.0110627025210364;299.11;14.689930315016879
948;10.55585132022854;2.0110627025210364;290.8725;16.060402567768264
949;10.67993398073813;2.0110627025210364;293.4275;17.312859245810262
950;10.516534927737283;2.0110627025210364;322.28999999999996;18.720419778535263
951;10.556034916594388;2.0110627025210364;370.1625;20.090314565792738
952;10.679760693855245;2.0110627025210364;401.4425;21.342532875173674
953;10.516559973746496;1.762455126835599;395.045;21.340398621886155
954;10.556217496344853;1.7691012738832608;386.7075;21.338264582023967
955;10.679588080585242;0.1138911868285701;384.67499999999995;10.809814966092082
956;10.516585140073392;1.7624593444240473;395.95;10.808733984595474
957;10.556399067786614;1.7691317031794582;404.8675;10.807653111197014
958;10.679416136721743;1.7897479564385328;410.5925;10.806572345885895
959;10.51661042471345;1.762463581840428;407.42;10.805491688651307
960;10.556579639134933;2.0110627025210364;409.2925;12.175660482304256
961;10.679244858094203;2.0110627025210364;404.5175;13.429160301066533
962;10.516635825691527;2.0110627025210364;398.1075;14.837013350629476
963;10.556759218514902;2.0110627025210364;394.655;16.206608391705256
964;10.67907424056756;2.0110627025210364;390.8125;17.459867202326905
965;10.516661341061372;2.0110627025210364;380.145;18.867292941598368
966;10.556937813962739;2.0110627025210364;358.59000000000003;20.236315289039606
967;10.678904280041829;1.7896621751153652;355.40250000000003;20.234291657510703
968;10.516686968905145;1.762476409771179;350.125;20.232268228344953
969;10.557115433426965;0.09336617243031757;344.98;9.703929212048434
970;10.67873497245175;1.7896338011003934;327.9025;9.702958819127229
971;10.516712707332966;2.0110627025210364;313.0275;11.111111451278997
972;10.557292084769637;2.0110627025210364;309.28499999999997;12.480572859602713
973;10.678566313766423;2.0110627025210364;304.2525;13.734686804238653
974;10.516738554482439;2.0110627025210364;308.34000000000003;15.142411708799912
975;10.557467775767543;2.0110627025210364;316.98;16.511303080649867
976;10.678398299988942;2.0110627025210364;329.6625;17.765173565352306
977;10.516764508518216;2.0110627025210364;326.9825;19.172470764903466
978;10.557642514113358;2.0110627025210364;323.4625;20.540793129419285
979;10.67823092715604;2.0110627025210364;320.16499999999996;21.794419669308105
980;10.516790567631562;2.0110627025210364;314.2625;23.20128918809119
981;10.55781630741679;2.0110627025210364;309.065;24.569043567126435
982;10.67806419133774;2.0110627025210364;312.565;25.82242568099887
983;10.516816730039897;2.0110627025210364;297.7475;27.228867544892868
984;10.557989163205718;2.0110627025210364;284.885;28.596054953092946
985;10.677898088636994;2.0110627025210364;294.165;29.84919216339249
986;10.51684299398641;2.0110627025210364;297.6975;31.25520639988906
987;10.558161088927307;2.0110627025210364;303.8075;32.621827844768134
988;10.677732615189372;2.0110627025210364;308.08500000000004;33.874719677553756
989;10.516869357739601;2.0110627025210364;316.5825;35.28030631573338
990;10.558332091949085;2.0110627025210364;328.8775;36.64636279775017
991;10.67756776716268;2.0110627025210364;332.10749999999996;37.89900878266585
992;10.516895819592918;2.0110627025210364;337.675;39.30416785317431
993;10.55850217956003;1.7694841606500205;341.5475;39.300237436389
994;10.677403540756654;2.0110627025210364;336.92;40.552774048926544
995;10.51692237786432;2.0110627025210364;333.13;41.95764251255054
996;10.558671358971624;2.0110627025210364;330.5825;43.32270895727624
997;10.677239932202626;2.0110627025210364;338.585;44.57499875078801
998;10.516949030895892;2.0110627025210364;348.08;45.979439671561835
999;10.5588396373189;2.0110627025210364;348.6875;47.343944072141724
1000;10.67707693776318;2.0110627025210364;351.6275;48.59598658685949
1001;10.51697577705348;2.0110627025210364;341.5125;50.0
1002;10.559007021661458;1.7695687664100908;343.63;49.995
1003;10.676914553731846;1.7893287197511794;351.995;49.9900005
1004;10.51700261472628;0.2692737105181324;361.69;40.605793208934934
1005;10.559173518984464;1.7695966694564549;370.3825;40.60173262961404
1006;10.676752776432775;1.789301607726823;379.745;40.59767245635108
1007;10.517029542326489;1.7625338211570571;379.3075;40.59361268910544
1008;10.559339136199661;2.0110627025210364;385.875;41.958181148446855
1009;10.676591602220423;2.0110627025210364;388.71000000000004;43.21122330822261
1010;10.517056558288932;2.0110627025210364;384.26750000000004;44.6156984555173
1011;10.559503880146327;2.0110627025210364;380.4375;45.97970819953273
1012;10.676431027479238;2.0110627025210364;376.53499999999997;47.23250075260751
1013;10.517083661070705;2.0110627025210364;386.145;48.63654802451508
1014;10.559667757592239;2.0110627025210364;380.3925;50.0
1015;10.67627104862335;1.7901029207025971;384.9375;50.0
1016;10.51711084915081;1.7625474472505451;383.175;49.995
1017;10.559830775234623;0.9155773687937103;380.5475;44.62517345783078
1018;10.676111662096277;1.7891941642993077;375.105;44.620710940485
1019;10.517138121029838;1.76255201770544;365.4925;44.61624886939095
1020;10.559992939701067;2.0110627025210364;363.3175;45.979793951788004
1021;10.675952864370617;2.0110627025210364;381.21000000000004;47.233040751240736
1022;10.5171654752296;2.0110627025210364;396.22;48.637010245697496
1023;10.56015425755045;2.0110627025210364;406.8875;50.0
1024;10.675794651947742;1.790023082070437;414.1975;50.0
1025;10.517192910292806;1.7625611997590445;414.9875;49.995
1026;10.560314735273835;1.7697879242493768;419.7;49.9900005
1027;10.675637021357524;0.11322903450787708;425.45;39.45868571047632
1028;10.517220424782744;1.3215620064001852;436.44;36.684774308109695
1029;10.560474379295353;1.769814678760823;449.265;36.68110583067889
1030;10.675479969158024;2.0110627025210364;467.39;37.93573174939569
1031;10.517248017282949;2.0110627025210364;479.6175;39.34055255980195
1032;10.56063319597308;2.0110627025210364;486.2725;40.70401696837154
1033;10.675323491935227;2.0110627025210364;496.825;41.958389249336236
1034;10.517275686396887;2.0110627025210364;494.3325;43.36278150833426
1035;10.560791191599884;2.0110627025210364;493.54499999999996;44.72569359816354
1036;10.675167586302747;2.0110627025210364;485.08;45.979811821816114
1037;10.517303430747646;2.0110627025210364;476.435;47.38377558142367
1038;10.56094837240428;2.0110627025210364;458.6575;48.74613625008146
1039;10.675012248901533;2.0110627025210364;451.7875;50.0
1040;10.517331248977634;1.7625843837398256;439.4875;49.995
1041;10.561104744551248;0.09403473533121731;433.675;39.463684710526316
1042;10.67485747639963;0.11309839169206391;428.1425;28.933422552581575
1043;10.517359139748283;1.7625890579138754;417.9425;28.930529210326316
1044;10.561260314143064;1.76994639244906;414.8825;28.927636157405285
1045;10.67470326549187;2.0110627025210364;413.13750000000005;30.183775291572267
1046;10.517387101739752;2.0110627025210364;409.0175;31.589239167390346
1047;10.5614150872201;2.0110627025210364;409.2975;32.952735910614514
1048;10.674549612899613;2.0110627025210364;405.47249999999997;34.208618504768815
1049;10.517415133650621;2.0110627025210364;387.6625;35.61365326595025
1050;10.561569069761616;1.7245810925425467;383.84499999999997;35.32482532301109
1051;10.674396515370494;1.7889067253318434;386.9075;35.32129284047879
1052;10.517443234197641;1.7626031511814249;395.1375;35.317760711194744
1053;10.561722267686534;2.0110627025210364;409.5675;36.680592780821414
1054;10.674243969678132;2.0110627025210364;424.615;37.9363929503491
1055;10.517471402115428;2.0110627025210364;434.06;39.341001479044415
1056;10.561874686854214;2.0110627025210364;440.7475;40.70328642638501
1057;10.674091972621907;2.0110627025210364;448.2575;41.95882872375156
1058;10.5174996361562;2.0110627025210364;453.82;43.36300818653079
1059;10.562026333065214;2.0110627025210364;460.565;44.72474686930019
1060;10.67394052102666;2.0110627025210364;462.32;45.98003089963794
1061;10.517527935089507;2.0110627025210364;463.235;47.38378135821295
1062;10.562177212062021;2.0110627025210364;449.32500000000005;48.744974628618216
1063;10.673789611742473;2.0110627025210364;444.90749999999997;50.0
1064;10.517556297701965;0.08673651389694136;435.25;39.46868421052631
1065;10.562327329529797;0.09423962658546925;432.1975;28.938421552631574
1066;10.673639241644402;0.9291831288451449;431.9925;23.536360698212064
1067;10.517584722796997;2.0110627025210364;434.14;24.942301575485097
1068;10.5624766910971;2.0110627025210364;439.14250000000004;26.305454488785305
1069;10.673489407632228;2.0110627025210364;444.8025;27.56300900608581
1070;10.517613209194575;2.0110627025210364;456.9875;28.968520156450356
1071;10.562625302336585;2.0110627025210364;462.78749999999997;30.331129267214955
1072;10.673340106630214;2.0110627025210364;467.3525;31.58842305298953
1073;10.517641755730978;1.7626364211190364;463.58500000000004;31.58526421068423
1074;10.562773168765709;0.09431434414035783;456.875;21.055789894789477
1075;10.673191335586859;0.11281916555492119;461.7375;10.527368526326315
1076;10.517670361258535;0.08675562964396921;477.85249999999996;0.0
1077;10.56292029584743;1.7702245863901032;494.6425;-0.0
1078;10.673043091474682;1.7886799069720458;511.2075;0.0
1079;10.517699024645383;1.762646018733851;521.3025;0.0
1080;10.56306668899088;1.7702491202059945;523.46;-0.0
1081;10.672895371289938;2.0110627025210364;527.09;1.260749397274559
1082;10.517727744775245;2.0110627025210364;534.14;2.668781964798349
1083;10.563212353552023;2.0110627025210364;528.3675;4.033463350727446
1084;10.672748172052426;2.0110627025210364;526.0475;5.293949240942569
1085;10.517756520547165;2.0110627025210364;530.39;6.701551151498667
1086;10.563357294834333;2.0110627025210364;527.5925;8.065691566290901
1087;10.672601490805237;2.0110627025210364;518.0625;9.325913580869297
1088;10.517785350875315;1.7626604860222896;504.6175;9.32498098951121
1089;10.563501518089431;1.7703219925878335;481.03999999999996;9.32404849141226
1090;10.672455324614532;2.0110627025210364;470.0325;10.584283528179313
1091;10.517814234688744;2.0110627025210364;444.68;11.991301576872187
1092;10.563645028517726;2.0110627025210364;433.71250000000003;13.35463966962266
1093;10.672309670569312;2.0110627025210364;437.325;14.61461001861485
1094;10.517843170931162;2.0110627025210364;451.3425;16.021197545228386
1095;10.563787831269046;2.0110627025210364;463.48749999999995;17.38399698576827
1096;10.672164525781197;2.0110627025210364;472.8675;18.643702286577554
1097;10.51787215856072;2.0110627025210364;472.51750000000004;20.049859365716213
1098;10.56392993144327;1.7703937897642643;466.4825;20.04785437977964
1099;10.672019887384211;0.11262284423923118;476.9975;9.519533804867978
1100;10.517901196549793;1.7626799004318892;481.22;9.518581851487491
1101;10.56407133409091;1.7704174872301564;484.0875;9.517629993302343
1102;10.67187575253454;2.0110627025210364;483.9875;10.7783962653952
1103;10.517930283884782;2.0110627025210364;481.6775;12.185284656078117
1104;10.564212044213743;2.0110627025210364;475.0725;13.548064685609454
1105;10.67173211841035;2.0110627025210364;477.9175;14.80856436665106
1106;10.51795941956589;2.0110627025210364;476.2325;16.2150220616268
1107;10.564352066765391;2.0110627025210364;464.675;17.577266095993515
1108;10.671588982211555;2.0110627025210364;452.06;18.837498836282936
1109;10.517988602606938;2.0110627025210364;440.63;20.243525913922717
1110;10.564491406651912;2.0110627025210364;428.6975;21.60523472501201
1111;10.671446341159589;2.0110627025210364;429.985;22.8652001774379
1112;10.51801783203513;2.0110627025210364;429.09499999999997;24.27079671698678
1113;10.564630068732363;2.0110627025210364;404.15;25.631971072019336
1114;10.671304192497242;2.0110627025210364;372.1025;26.891668892039757
1115;10.518047106890887;2.0110627025210364;316.8525;28.29683497360421
1116;10.564768057819379;2.0110627025210364;307.0225;29.65747563517844
1117;10.671162533488413;2.0110627025210364;291.72749999999996;30.916905480800928
1118;10.518076426227648;2.0110627025210364;308.165;32.32164118533658
1119;10.564905378679734;2.0110627025210364;367.46000000000004;33.6817489114723
1120;10.671021361417925;2.0110627025210364;429.9525;34.940910443234124
1121;10.518105789111669;2.0110627025210364;452.425;36.34521585253371
1122;10.565042036034878;1.8320595285507308;439.72249999999997;36.69008599707593
1123;10.670880673591306;1.7883175104760023;445.995;36.686416988476225
1124;10.518135194621843;1.7627191158314859;449.26;36.68274834677738
1125;10.565178034561507;1.770602957566763;451.9575;36.6790800719427
1126;10.670740467334632;2.0110627025210364;455.125;37.938208719967605
1127;10.51816464184951;2.0110627025210364;462.18;39.34215848933857
1128;10.565313378892064;2.0110627025210364;472.65999999999997;40.70117656354218
1129;10.670600739994274;2.0110627025210364;481.6925;41.960035742891264
1130;10.518194129898276;2.0110627025210364;490.355;43.363555315913615
1131;10.56544807361529;2.0110627025210364;491.8575;44.722043290447495
1132;10.670461488936748;2.0110627025210364;487.71;45.980632671628534
1133;10.518223657883842;2.0110627025210364;478.1925;47.38372213337173
1134;10.565582123276748;2.0110627025210364;458.9975;48.741680744045475
1135;10.670322711548499;2.0110627025210364;438.8075;50.0
1136;10.518253224933822;0.08685331092713794;427.21;39.46868421052631
1137;10.565715532379306;0.09480745061707116;406.745;28.938421552631574
1138;10.670184405235718;2.0110627025210364;374.90999999999997;30.198852525502378
1139;10.518282830187571;2.0110627025210364;343.9775;31.603463951571637
1140;10.565848305383678;2.0110627025210364;326.4225;32.96274771506199
1141;10.67004656742415;2.0110627025210364;329.085;34.22290720123754
1142;10.51831247279602;2.0110627025210364;349.4575;35.62708806136119
1143;10.56598044670889;2.0110627025210364;396.32;36.98584392818161
1144;10.669909195558922;2.0110627025210364;444.28;38.245731608007816
1145;10.518342151921495;1.7627537995070146;466.275;38.24190703484702
1146;10.566111960732806;0.09487388747340005;465.885;27.71176705466985
1147;10.669772287104328;0.11224617214814377;467.15250000000003;17.1826800884907
1148;10.518371866737576;0.08687319393601202;476.7675;6.654646031008168
1149;10.566242851792579;0.7114069476368654;485.62;-0.0
1150;10.669635839543693;1.788108890532337;496.685;0.0
1151;10.518401616428907;2.0110627025210364;504.4275;1.4075184643925385
1152;10.56637312418514;2.0110627025210364;501.03999999999996;2.7693232445702156
1153;10.669499850379148;2.0110627025210364;503.47749999999996;4.033021454385567
1154;10.518431400191059;2.0110627025210364;501.0375;5.440108322058623
1155;10.566502782167676;2.0110627025210364;493.055;6.801386668167124
1156;10.669364317131482;2.0110627025210364;484.60249999999996;8.0648104282254
1157;10.518461217230373;2.0110627025210364;474.64;9.471465790813724
1158;10.566631829958087;2.0110627025210364;463.36;10.83221840577446
1159;10.669229237339954;2.0110627025210364;446.46;12.095367408460927
1160;10.51849106676379;0.08689317049658357;424.2125;1.567842082246397
1161;10.566760271735436;1.5212783090334834;388.9425;0.0
1162;10.669094608562117;2.0110627025210364;355.1975;1.2643601218659883
1163;10.518520948018715;2.0110627025210364;321.805;2.6716387852360226
1164;10.566888111640404;2.0110627025210364;284.77750000000003;4.032827915299115
1165;10.668960428373662;2.0110627025210364;273.3675;5.296912225552606
1166;10.518550860232857;2.0110627025210364;296.1075;6.7037592171088365
1167;10.567015353775753;2.0110627025210364;335.9825;8.06442425510016
1168;10.668826694368226;2.0110627025210364;394.5925;9.328232453024835
1169;10.518580802654089;2.0110627025210364;409.28;10.734647867258149
1170;10.567142002206735;0.09504651063925565;386.9125;0.20725861299773918
1171;10.668693404157242;1.7549567853026609;377.5425;-0.0
1172;10.518610774540308;1.7627988175844935;376.84749999999997;0.0
1173;10.567268060961537;1.7709532220784616;378.345;-0.0
1174;10.668560555369758;1.7879286852076028;370.15999999999997;0.0
1175;10.51864077515928;2.0110627025210364;364.365;1.4072912635986836
1176;10.567393534031712;2.0110627025210364;367.515;2.768126677142197
1177;10.668428145652292;2.0110627025210364;365.78000000000003;4.0328431261048046
1178;10.518670803788511;2.0110627025210364;366.875;5.439702578193108
1179;10.567518425372585;2.0110627025210364;368.27250000000004;6.800016103831333
1180;10.668296172668649;2.0110627025210364;363.18;8.064454738185734
1181;10.518700859715109;2.0110627025210364;357.705;9.470882475982563
1182;10.567642738903688;2.0110627025210364;351.81;10.830674785776463
1183;10.668164634099773;2.0110627025210364;347.355;12.0948353159031
1184;10.518730942235646;1.5134564922985354;332.855;10.527368526326315
1185;10.567766478509146;0.09515116572262124;293.53499999999997;0.0
1186;10.668033527643589;2.0110627025210364;260.0625;1.2653681487385906
1187;10.518761050656018;2.0110627025210364;228.2175;2.6724186138005
1188;10.567889648038095;2.0110627025210364;209.0925;4.03265620630293
1189;10.667902851014833;2.0110627025210364;210.08499999999998;5.297745232218208
1190;10.518791184291324;2.0110627025210364;229.815;6.704363832618228
1191;10.568012251305072;2.0110627025210364;276.7025;8.064081757495149
1192;10.667772601944915;2.0110627025210364;333.97249999999997;9.32889137747173
1193;10.518821342465738;2.0110627025210364;355.34749999999997;10.735078212991532
1194;10.568134292090413;1.7710983925047155;339.9275;10.734004705170232
1195;10.667642778181742;1.7550474050197096;329.9175;10.527368526326315
1196;10.518851524512382;0.08695357909108584;323.0475;0.0
1197;10.568255774140638;1.7711187515064015;326.785;0.0
1198;10.667513377489595;1.7877531901761277;338.71500000000003;0.0
1199;10.51888172977319;1.7628442265814022;339.0;0.0
1200;10.568376701168814;2.0110627025210364;331.45;1.3600421338896262
1201;10.667384397648954;2.0110627025210364;319.095;2.625890951909731
1202;10.518911957598789;2.0110627025210364;324.74;4.032662003095691
1203;10.568497076854968;2.0110627025210364;326.045;5.392186513883162
1204;10.66725583645636;2.0110627025210364;315.8275;6.657754250598233
1205;10.518942207348392;2.0110627025210364;328.08500000000004;8.0640933781922
1206;10.56861690484643;2.0110627025210364;344.1375;9.423100909250273
1207;10.667127691724271;2.0110627025210364;350.645;10.68838729202129
1208;10.518972478389665;1.762859435011227;336.835;10.687318453292088
1209;10.5687361887582;0.09531367806546494;321.9875;0.15993393197307526
1210;10.666999961280911;2.0110627025210364;314.4375;1.426267975363012
1211;10.519002770098606;2.0110627025210364;302.0125;2.8330727169718006
1212;10.568854932173315;2.0110627025210364;298.3575;4.192377224135455
1213;10.666872642970125;2.0110627025210364;302.26;5.458428975591422
1214;10.519033081859453;2.0110627025210364;319.38;6.864801704927384
1215;10.568973138643214;2.0110627025210364;342.1725;8.223590743045838
1216;10.666745734651242;2.0110627025210364;357.1425;9.489359936052853
1217;10.519063413064535;2.0110627025210364;355.76;10.89530075764794
1218;10.56909081168807;1.7712586942453055;348.1675;10.894211227572175
1219;10.66661923419893;1.7876033419909139;347.0375;10.893121806449418
1220;10.519093763114192;1.4574030504848259;345.4125;8.973318980312929
1221;10.569207954797156;1.7712783260901002;347.1375;8.972421648414898
1222;10.666493139503059;2.0110627025210364;343.1175;10.23835592372215
1223;10.519124131416646;2.0110627025210364;324.0875;11.644164163283964
1224;10.569324571429169;2.0110627025210364;311.18;13.002141404009926
1225;10.666367448468561;2.0110627025210364;313.505;14.267792113824392
1226;10.51915451738791;2.0110627025210364;328.885;15.673168543094494
1227;10.569440665012582;2.0110627025210364;323.77750000000003;17.03063259447823
1228;10.666242159015301;2.0110627025210364;323.4075;18.295999480154247
1229;10.519184920451652;2.0110627025210364;332.9975;19.700944205777162
1230;10.569556238945971;2.0110627025210364;347.325;21.057895684357913
1231;10.666117269077935;1.7875192183798474;346.845;21.055789894789477
1232;10.519215340039125;0.08701455041078844;338.0475;10.527368526326315
1233;10.569671296598335;0.09547039144047584;311.0375;-0.0
1234;10.665992776605774;1.7874983548658885;264.94;0.0
1235;10.519245775589036;2.0110627025210364;225.4825;1.4067165131904156
1236;10.569785841309438;2.0110627025210364;205.8975;2.765279292295131
1237;10.665868679562664;2.0110627025210364;202.3;4.032427518781371
1238;10.519276226547458;2.0110627025210364;213.01749999999998;5.438711860809407
1239;10.569899876390114;2.0110627025210364;242.17499999999998;6.796763107052718
1240;10.665744975926847;2.0110627025210364;305.4325;8.063625703611509
1241;10.519306692367731;1.7629154454500562;320.34000000000003;8.062819341041148
1242;10.570013405122587;1.7714133103491176;294.28999999999996;8.062013059107045
1243;10.665621663690823;2.0110627025210364;263.1425;9.328866277294852
1244;10.519337172510351;2.0110627025210364;239.06;10.734563076782289
1245;10.57012643076079;2.0110627025210364;217.72;12.09186951125186
1246;10.665498740861253;2.0110627025210364;217.3075;13.358436520482543
1247;10.519367666442882;2.0110627025210364;215.3125;14.763701393709757
1248;10.570238956530655;2.0110627025210364;198.1025;16.120498014866264
1249;10.665376205458799;2.0110627025210364;192.43;17.386778569878917
1250;10.519398173639866;2.0110627025210364;195.075;18.791611627064057
1251;10.570350985630428;2.0110627025210364;201.9925;20.147899029552445
1252;10.665254055518016;2.0110627025210364;202.04;21.413892886907377
1253;10.519428693582704;2.0110627025210364;204.1125;22.818294238715115
1254;10.57046252123098;2.0110627025210364;198.845;24.174073014121813
1255;10.665132289087229;2.0110627025210364;195.3;25.439779932187534
1256;10.519459225759599;2.0110627025210364;183.235;26.843749689722696
1257;10.57057356647607;2.0110627025210364;167.115;28.199020426601457
1258;10.665010904228396;2.0110627025210364;160.9975;29.46444016554182
1259;10.519489769665437;2.0110627025210364;157.215;30.8679784403431
1260;10.570684124482671;2.0110627025210364;160.665;32.22274172424053
1261;10.664889899017016;2.0110627025210364;165.5925;33.48787404600194
1262;10.519520324801702;2.0110627025210364;185.305;34.890980950035726
1263;10.570794198341234;2.0110627025210364;244.7425;36.24523736351655
1264;10.664769271541978;2.0110627025210364;279.2025;37.51008203181532
1265;10.5195508906764;1.7629563702926048;291.65;37.50633102361214
1266;10.570903791115981;1.7715625288542978;284.15999999999997;37.50258039050978
1267;10.66464901990546;1.7872731566174496;295.5;37.49883013247073
1268;10.519581466803956;0.1302049334695013;301.7075;27.23965988058569
1269;10.571012905845192;1.771580815234482;307.78499999999997;27.236935914597634
1270;10.664529142222804;1.787253066489412;310.2575;27.234212221006175
1271;10.51961205270513;2.0110627025210364;314.945;28.637857349714203
1272;10.571121545541462;2.0110627025210364;321.4425;29.992428095714843
1273;10.66440963662242;2.0110627025210364;321.415;31.25823969811397
1274;10.519642647906943;2.0110627025210364;315.61;32.66145335863256
1275;10.571229713192;2.0110627025210364;309.27;34.0155189857643
1276;10.664290501245636;2.0110627025210364;312.345;35.28104145768237
1277;10.51967325194259;2.0110627025210364;321.855;36.683823764191146
1278;10.571337411758876;2.0110627025210364;335.74;38.037384840643796
1279;10.66417173424662;2.0110627025210364;346.875;39.30261795462544
1280;10.51970386435134;1.762982006930283;334.19;39.29868769282998
1281;10.571444644179302;1.7716531696395634;305.2125;39.294757824060696
1282;10.66405333379224;2.0110627025210364;247.53;40.55997768117566
1283;10.519734484678485;2.0110627025210364;193.045;41.962173922962975
1284;10.57155141336588;2.0110627025210364;167.0575;43.31500386287309
1285;10.663935298061972;2.0110627025210364;168.58249999999998;44.579933829327935
1286;10.519765112475236;2.0110627025210364;176.29500000000002;45.98169897909352
1287;10.571657722206885;2.0110627025210364;206.5825;47.334025973099074
1288;10.663817625247782;2.0110627025210364;283.0875;48.59866582651637
1289;10.519795747298652;2.0110627025210364;336.4525;50.0
1290;10.571763573566495;0.09582103312164332;324.94;39.46868421052631
1291;10.663700313554019;0.11122857885333368;319.72749999999996;28.938421552631574
1292;10.519826388711563;0.634474640096035;312.1075;21.84719115498489
1293;10.57186897028506;2.0110627025210364;290.445;23.201730914098587
1294;10.663583361197302;2.0110627025210364;272.825;24.46900654786974
1295;10.519857036282499;2.0110627025210364;245.15;25.87269546274658
1296;10.57197391517935;2.0110627025210364;222.71249999999998;27.22673297377992
1297;10.663466766406426;2.0110627025210364;218.04500000000002;28.49371687239644
1298;10.519887689585603;2.0110627025210364;218.54;29.896974195602876
1299;10.572078411042792;2.0110627025210364;225.49;31.25051000769266
1300;10.663350527422239;2.0110627025210364;236.215;32.517201955640765
1301;10.519918348200568;2.0110627025210364;234.8175;33.92002780465466
1302;10.572182460645726;2.0110627025210364;245.3625;35.273062464260754
1303;10.663234642497557;2.0110627025210364;262.705;36.53946224764165
1304;10.519949011712555;2.0110627025210364;260.71;37.94185674028996
1305;10.572286066735638;2.0110627025210364;229.5275;39.29439079121707
1306;10.663119109897044;2.0110627025210364;209.48250000000002;40.560498197735754
1307;10.519979679712124;2.0110627025210364;191.1225;41.962461452189466
1308;10.572389232037398;2.0110627025210364;182.7275;43.31449543560872
1309;10.663003927897124;2.0110627025210364;181.44;44.58031025456289
1310;10.520010351795172;2.0110627025210364;187.3;45.981842389332016
1311;10.572491959253496;2.0110627025210364;221.9075;47.33337684380226
1312;10.662889094785868;2.0110627025210364;238.6375;48.59889886607131
1313;10.520041027562845;2.0110627025210364;255.64249999999998;50.0
1314;10.572594251064267;1.7727278756452722;272.225;50.0
1315;10.662774608862902;1.7869590267727096;274.53499999999997;49.995
1316;10.520071706621485;0.08715806765191086;279.7425;39.463684710526316
1317;10.572696110128138;1.7718629010139952;296.97749999999996;39.45973834205526
1318;10.662660468439304;2.0110627025210364;317.90250000000003;40.726264923203715
1319;10.520102388582556;2.0110627025210364;333.70500000000004;42.12809502755797
1320;10.572797539081828;2.0110627025210364;357.2875;43.479724555927476
1321;10.66254667183751;2.0110627025210364;375.995;44.74595724522625
1322;10.520133073062572;2.0110627025210364;390.495;46.147356230092285
1323;10.57289854054059;2.0110627025210364;408.155;47.498487880955715
1324;10.662433217391204;2.0110627025210364;421.7725;48.764426475645976
1325;10.52016375968305;1.9818856295102458;430.55;50.0
1326;10.572999117098421;1.7727957265603393;426.0775;50.0
1327;10.662320103445246;1.7868828568649144;415.045;49.995
1328;10.520194448070415;1.7630642231486076;408.85;49.9900005
1329;10.573099271328285;0.49473656615364303;386.8125;41.96288684408116
1330;10.662207328355557;2.0110627025210364;358.245;43.22959359345898
1331;10.520225137855961;2.0110627025210364;339.195;44.63105675313648
1332;10.573199005782328;2.0110627025210364;348.8;45.98205459196795
1333;10.66209489048903;2.0110627025210364;369.38;47.248466240544175
1334;10.52025582867578;2.0110627025210364;398.2925;48.64949835667814
1335;10.57329832299208;2.0110627025210364;431.21000000000004;50.0
1336;10.661982788223439;1.7868263266931168;453.2625;49.995
1337;10.52028652017069;0.08719406794497767;465.005;39.463684710526316
1338;10.573397225468684;0.09609481448909292;463.4475;28.933422552581575
1339;10.661871019947348;0.11092201017463908;467.6925;18.404213420852635
1340;10.520317211986194;0.08719921154209724;475.77;7.876057210036867
1341;10.573495715703075;0.6626161193374647;492.1275;0.9071969684803961
1342;10.661759584060015;1.7867889202291078;502.3325;0.9071062487835481
1343;10.520347903772404;2.0110627025210364;503.0575;2.312685029574886
1344;10.57359379616622;2.0110627025210364;508.3175;3.66753965471402
1345;10.661648478971305;2.0110627025210364;510.9825;4.9386068457258085
1346;10.520378595183985;2.0110627025210364;509.885;6.343753319616451
1347;10.573691469309283;2.0110627025210364;501.8475;7.69811204844067
1348;10.661537703101603;2.0110627025210364;489.43;8.968881419289303
1349;10.520409285880095;2.0110627025210364;478.79499999999996;10.373595709561284
1350;10.573788737563847;2.0110627025210364;459.1675;11.727459049304674
1351;10.661427254881723;2.0110627025210364;439.735;12.997930411262105
1352;10.520439975524337;1.7631053707406932;429.88;12.99663061822098
1353;10.573885603342111;0.09617666103292513;420.27750000000003;2.4690151656854753
1354;10.661317132752817;1.786714770452309;407.4525;2.4687682641689066
1355;10.520470663784678;2.0110627025210364;391.23;3.874074256747045
1356;10.573982069037068;2.0110627025210364;384.09250000000003;5.2284038837361555
1357;10.661207335166301;2.0110627025210364;383.9175;6.499734074939797
1358;10.520501350333433;2.0110627025210364;392.99;7.904607818715541
1359;10.574078137022726;2.0110627025210364;404.2575;9.25844312776208
1360;10.661097860583741;2.0110627025210364;425.0325;10.529474315894749
1361;10.520532034847161;1.7631207988299058;433.655;10.528421368463162
1362;10.574173809654253;1.772110546547537;429.1;10.527368526326315
1363;10.660988707476807;0.11077414469951627;424.735;0.0
1364;10.520562717006644;1.7631259408087865;419.0025;-0.0
1365;10.574269089268215;1.7721265143206995;411.565;0.0
1366;10.660879874327163;2.0110627025210364;410.695;1.272164119389195
1367;10.52059339649683;2.0110627025210364;409.2425;2.6774731763052677
1368;10.57436397818273;2.0110627025210364;409.325;4.031559649714044
1369;10.660771359626382;2.0110627025210364;413.8125;5.303423702104009
1370;10.520624073006768;2.0110627025210364;405.9175;6.708300490377368
1371;10.574458478697654;2.0110627025210364;405.71750000000003;8.061894105565559
1372;10.660663161875885;2.0110627025210364;413.02;9.33345791237291
1373;10.520654746229557;2.0110627025210364;418.385;10.737902557663595
1374;10.57455259309478;2.0110627025210364;418.16;12.091003803967789
1375;10.660555279586829;2.0110627025210364;412.97249999999997;13.362267187979905
1376;10.520685415862301;1.763146503733141;403.3275;13.360930961261106
1377;10.574646323637989;1.7721897344849629;392.1175;13.35959486816498
1378;10.66044771128006;2.0110627025210364;374.6825;14.630833582962106
1379;10.52071608160606;2.0110627025210364;357.725;16.03469022207805
1380;10.57473967257345;2.0110627025210364;355.22;17.387084064111065
1381;10.660340455486011;2.0110627025210364;356.7025;18.658021922992944
1382;10.520746743165798;2.0110627025210364;368.7225;20.06144671479314
1383;10.574832642129783;2.0110627025210364;396.0975;21.413349560098364
1384;10.66023351074462;2.0110627025210364;434.71500000000003;22.683986389934965
1385;10.520777400250315;1.7631619192641368;453.44;22.681717991295972
1386;10.57492523451823;1.6390369427664464;449.21500000000003;21.84281731308641
1387;10.660126875605275;0.11062971153845942;452.27;11.314317241881417
1388;10.520808052572237;0.08728147080838673;452.245;0.7868700206835463
1389;10.575017451932833;1.7722519313409306;461.3125;0.7867913336814779
1390;10.66002054862671;1.7864974777875844;470.575;0.7867126545481098
1391;10.520838699847923;2.0110627025210364;477.7575;2.191837218427128
1392;10.575109296550611;2.0110627025210364;487.3725;3.545264202982205
1393;10.659914528376937;2.0110627025210364;491.3075;4.817990874603816
1394;10.52086934179745;2.0110627025210364;488.8625;6.2226832008087785
1395;10.575200770531689;2.0110627025210364;487.25;7.575620200483593
1396;10.659808813433187;2.0110627025210364;481.75;8.848044265702017
1397;10.520899978144561;2.0110627025210364;476.085;10.252304482038113
1398;10.575291876019508;2.0110627025210364;466.4625;11.604751969371378
1399;10.659703402381808;1.7864443277055537;449.57;11.603591494174442
1400;10.520930608616597;1.7631875952333989;437.935;11.602431135025025
1401;10.575382615140958;1.7723131285166134;428.4;11.601270891911522
1402;10.659598293818204;1.7864267127128888;415.2025;11.60011076482233
1403;10.520961232944487;2.0110627025210364;405.97249999999997;13.004037582448586
1404;10.575472990006553;2.0110627025210364;392.13;14.356037838184115
1405;10.65949348634677;2.0110627025210364;384.4225;15.628083422370864
1406;10.520991850862666;2.0110627025210364;391.7175;17.031578355709094
1407;10.575563002710581;2.0110627025210364;408.635;18.38309034529847
1408;10.659388978580793;2.0110627025210364;433.79;19.654832506612188
1409;10.521022462109066;2.0110627025210364;441.35;21.057895684357913
1410;10.575652655331261;1.772358384162855;443.615;21.055789894789477
1411;10.65928476914241;0.11048858413020768;450.21;10.527368526326315
1412;10.521053066425043;0.08732253232680175;459.90999999999997;0.0
1413;10.575741949930904;1.7723733489160949;470.4225;-0.0
1414;10.659180856662507;1.786356755021683;480.7575;-0.0
1415;10.521083663555356;1.7632132454899634;494.7025;-0.0
1416;10.575830888556068;1.772388254012085;503.41999999999996;-0.0
1417;10.65907723978068;1.786339390017817;514.66;-0.0
1418;10.521114253248099;1.7632183719724763;521.315;-0.0
1419;10.575919473237702;1.772403099791189;522.77;-0.0
1420;10.65897391714514;2.0110627025210364;520.79;1.2739747787121172
1421;10.52114483525469;2.0110627025210364;518.09;2.6787597877422904
1422;10.57600770599129;1.772417886591179;515.395;2.6784919117635164
1423;10.658870887412645;1.786304807721906;508.725;2.67822406257234
1424;10.521175409329807;1.763228621032056;484.10249999999996;2.6779562401660826
1425;10.576095588817022;1.7724326147472644;448.6925;2.677688444542066
1426;10.65876814924844;1.7862875899810593;415.9325;2.6774206756976118
1427;10.521205975231357;2.0110627025210364;383.3275;4.082007257160253
1428;10.576183123699916;2.0110627025210364;368.7975;5.434225088919616
1429;10.658665701326196;2.0110627025210364;362.9825;6.707949250150837
1430;10.52123653272044;2.0110627025210364;367.255;8.112103749141404
1431;10.576270312609973;2.0110627025210364;399.11249999999995;9.463835741787015
1432;10.65856354232792;2.0110627025210364;447.505;10.737253993001312
1433;10.521267081561291;1.763243984249189;470.22249999999997;10.736180267602013
1434;10.576357157502315;1.7724764506661927;464.395;10.735106649575252
1435;10.658461670943908;0.110350642289581;453.945;0.2077173494366118
1436;10.521297621521256;1.7301819108292047;449.4025;-0.0
1437;10.576443660317343;1.7724909475482733;456.3875;-0.0
1438;10.65836008587267;1.78621920322812;464.2075;-0.0
1439;10.521328152370751;1.7632542190181155;471.085;0.0
1440;10.57652982298085;1.7725053874248506;462.40999999999997;-0.0
1441;10.658258785820866;1.7862022264984576;454.1175;0.0
1442;10.52135867388323;2.0110627025210364;441.6975;1.404709259810932
1443;10.576615647404182;2.0110627025210364;439.6125;2.756783923850978
1444;10.65815776950323;2.0110627025210364;431.58500000000004;4.031258364430524
1445;10.521389185835135;2.0110627025210364;430.6925;5.435535512050703
1446;10.576701135484363;2.0110627025210364;431.195;6.787125879789352
1447;10.658057035642532;2.0110627025210364;421.7425;8.061292983340968
1448;10.521419688005855;2.0110627025210364;373.97;9.46513815043707
1449;10.576786289104227;2.0110627025210364;283.82;10.816244661973013
1450;10.657956582969499;2.0110627025210364;202.78;12.090104283685791
1451;10.52145018017772;2.0110627025210364;169.6525;13.49351760208859
1452;10.576871110132563;2.0110627025210364;156.9375;14.844140695702446
1453;10.657856410222733;2.0110627025210364;163.125;16.11769269192128
1454;10.521480662135929;2.0110627025210364;175.3675;17.520674293622957
1455;10.576955600424238;2.0110627025210364;200.87;18.87081440579057
1456;10.657756516148687;2.0110627025210364;310.65999999999997;20.144058634008736
1457;10.521511133668525;2.0110627025210364;409.72499999999997;21.546608651160234
1458;10.577039761820327;1.7725908473399037;419.7475;21.544453990295118
1459;10.65765689950157;1.7861013572377997;415.7925;21.54229954489609
1460;10.521541594566386;1.7632899894880143;415.9125;21.5401453149416
1461;10.577123596148251;1.772604897014077;409.685;21.537991300410106
1462;10.657557559043298;2.0110627025210364;410.3575;22.81115782018893
1463;10.52157204462315;2.0110627025210364;418.7575;24.21338326201492
1464;10.577207105221886;2.0110627025210364;424.1875;25.562615173727927
1465;10.657458493543448;2.0110627025210364;426.845;26.83547334334428
1466;10.521602483635204;2.0110627025210364;421.435;28.2372674365565
1467;10.577290290841717;2.0110627025210364;416.46000000000004;29.58601793351321
1468;10.657359701779175;2.0110627025210364;418.0225;30.858567615029642
1469;10.521632911401646;2.0110627025210364;400.505;32.259930492436574
1470;10.577373154794932;2.0110627025210364;375.045;33.60820000233215
1471;10.657261182535155;1.786035039601807;367.5125;33.604839182331915
1472;10.521663327724253;1.763310390572468;316.115;33.60147869841368
1473;10.577455698855575;2.0110627025210364;251.3375;34.94953563663104
1474;10.657162934603546;2.0110627025210364;203.96249999999998;36.22173589519401
1475;10.521693732407453;2.0110627025210364;169.19;37.62250467581741
1476;10.577537924784629;2.0110627025210364;160.675;38.97008139680443
1477;10.657064956783906;2.0110627025210364;165.68;40.24197267972004
1478;10.52172412525828;2.0110627025210364;184.7525;41.642310563456704
1479;10.577619834330179;2.0110627025210364;254.24;42.98940748978669
1480;10.656967247883141;2.0110627025210364;348.6825;44.26098966354873
1481;10.521754506086339;2.0110627025210364;403.225;45.660896783800354
1482;10.577701429227513;1.560300315582046;407.5575;44.322227437463745
1483;10.656869806715461;0.11008386405813882;407.6225;33.791479425246315
1484;10.521784874703805;0.08744517502136949;412.8725;23.26178448783011
1485;10.577782711199227;0.09682977172118735;427.40999999999997;12.733142519907643
1486;10.65677263210231;1.7859531641389907;438.41499999999996;12.731869205655652
1487;10.521815230925357;1.7633358478109793;449.1725;12.730596018735087
1488;10.577863681955359;1.7727289269276887;450.6325;12.729322959133214
1489;10.656675722872317;1.7859369232608266;453.8125;12.7280500268373
1490;10.521845574568172;2.0110627025210364;455.87;14.131023925994853
1491;10.577944343193499;2.0110627025210364;457.0875;15.48056369756843
1492;10.656579077861226;2.0110627025210364;443.4525;16.75526551723051
1493;10.521875905451868;2.0110627025210364;437.3475;18.15780788049951
1494;10.5780246965989;2.0110627025210364;416.8575;19.506868637942507
1495;10.65648269591186;1.7859045741507638;399.105;19.504917951078713
1496;10.521906223398503;0.08746551167419506;359.15;8.976651669809923
1497;10.578104743844593;2.0110627025210364;303.195;10.326554497990578
1498;10.656386575874059;2.0110627025210364;251.5575;11.601954595460423
1499;10.52193652823253;2.0110627025210364;200.33249999999998;13.004954698179974
1500;10.578184486591503;2.0110627025210364;179.52249999999998;14.354378940448226
1501;10.656290716604618;2.0110627025210364;180.99;15.629467321779794
1502;10.52196681978078;2.0110627025210364;177.995;17.032035896255877
1503;10.578263926488543;2.0110627025210364;240.2525;18.380981962502137
1504;10.656195116967242;2.0110627025210364;321.6075;19.65575850318701
1505;10.521997097872399;2.0110627025210364;371.96500000000003;21.057895684357913
1506;10.57834306517275;1.7728092660700812;374.32;21.055789894789477
1507;10.656099775832491;0.10995481569242795;365.9875;10.527368526326315
1508;10.522027362338871;0.08748581317459492;360.2425;0.0
1509;10.578421904269364;1.7728224786006395;362.9;-0.0
1510;10.656004692077731;2.0110627025210364;358.3425;1.2767955425261552
1511;10.522057613013951;2.0110627025210364;360.5175;2.680713130608649
1512;10.578500445391953;2.0110627025210364;348.11;4.030869636173233
1513;10.655909864587068;2.0110627025210364;347.32;5.307352177851902
1514;10.522087849733657;2.0110627025210364;347.1875;6.710837985387143
1515;10.57857869014251;2.0110627025210364;347.22;8.06051714595322
1516;10.655815292251317;2.0110627025210364;337.77750000000003;9.336686566599873
1517;10.522118072336227;2.0110627025210364;333.83;10.739740729223797
1518;10.578656640111568;2.0110627025210364;314.78;12.088942947044886
1519;10.655720973967929;2.0110627025210364;305.44;13.36479912748065
1520;10.522148280662107;2.0110627025210364;259.8425;14.7674217809389
1521;10.57873429687829;2.0110627025210364;180.8975;16.11614745672643
1522;10.655626908640953;2.0110627025210364;150.2;17.39169027877185
1523;10.522178474553915;2.0110627025210364;138.01;18.793881558917754
1524;10.578811662010574;2.0110627025210364;138.39;20.142131091851816
1525;10.655533095180996;2.0110627025210364;143.005;21.417360438320685
1526;10.522208653856422;2.0110627025210364;150.2925;22.819120481113252
1527;10.578888737065164;2.0110627025210364;191.2875;24.166894268853234
1528;10.655439532505138;2.0110627025210364;272.46000000000004;25.44181002354647
1529;10.522238818416529;2.0110627025210364;339.9925;26.843138965048414
1530;10.578965523587732;1.7729135829786011;346.57;26.84045465115191
1531;10.655346219536932;1.643482669463251;349.485;25.944408248267425
1532;10.522268968083214;1.7634118889672221;350.71750000000003;25.9418138074426
1533;10.579042023113;2.0110627025210364;348.725;27.289129704104507
1534;10.6552531552063;2.0110627025210364;348.2825;28.56391029368811
1535;10.522299102707555;2.0110627025210364;349.98;29.964869755086564
1536;10.579118237164813;2.0110627025210364;350.1625;31.311710942804485
1537;10.655160338449535;2.0110627025210364;350.75;32.58617745018314
1538;10.522329222142655;2.0110627025210364;351.85749999999996;33.9867060714026
1539;10.579194167256253;2.0110627025210364;349.74249999999995;35.33307294190202
1540;10.655067768209221;2.0110627025210364;351.7925;36.607225254809066
1541;10.522359326243654;2.0110627025210364;356.0725;38.007323172352116
1542;10.579269814889722;2.0110627025210364;348.595;39.353216115889644
1543;10.654975443434202;1.785651975880672;341.1275;39.34928079427806
1544;10.522389414867689;1.7634320744702134;295.995;39.345345866198635
1545;10.579345181557061;2.0110627025210364;228.5675;40.69103340913281
1546;10.654883363079513;2.0110627025210364;182.31;41.96482511086636
1547;10.52241948787387;2.0110627025210364;166.065;43.364330114875095
1548;10.579420268739606;2.0110627025210364;152.73;44.70954442656098
1549;10.654791526106367;2.0110627025210364;153.03500000000003;45.98302152231728
1550;10.522449545123257;2.0110627025210364;157.6925;47.382096152297954
1551;10.579495077908309;2.0110627025210364;224.5925;48.72683761866984
1552;10.654699931482078;2.0110627025210364;334.31;50.0
1553;10.522479586478848;1.764329231245515;398.5175;50.0
1554;10.579569610523823;0.09712923560325863;408.48;39.46868421052631
1555;10.654608578180039;0.10970490802735013;403.3025;28.938421552631574
1556;10.522509611805532;1.2869751677384718;391.6075;25.9427530591796
1557;10.579643868036593;2.0110627025210364;382.05;27.289497109238923
1558;10.65451746517964;2.0110627025210364;379.70500000000004;28.56497656760734
1559;10.52253962097009;2.0110627025210364;381.83000000000004;29.965707430028992
1560;10.579717851886933;2.0110627025210364;398.9825;31.311978899993406
1561;10.654426591466278;2.0110627025210364;417.305;32.58714244021044
1562;10.522569613841164;2.0110627025210364;426.52;33.98744259281732
1563;10.579791563505138;2.0110627025210364;431.975;35.33324186322816
1564;10.654335956031264;2.0110627025210364;426.875;36.60808938081214
1565;10.522599590289232;2.0110627025210364;400.335;38.00795896109929
1566;10.57986500431155;2.0110627025210364;377.7125;39.353286411107206
1567;10.654245557871802;1.7855296554113678;362.5;39.34935108246609
1568;10.522629550186588;1.763472318402163;327.075;39.345416147357845
1569;10.579938175716656;2.0110627025210364;267.45;40.69054033881229
1570;10.654155395990928;2.0110627025210364;190.7175;41.96502365858703
1571;10.522659493407323;2.0110627025210364;165.0675;43.36430063748421
1572;10.580011079121173;2.0110627025210364;162.08249999999998;44.708953682255355
1573;10.654065469397507;2.0110627025210364;163.855;45.9831205909595
1574;10.522689419827298;2.0110627025210364;184.98000000000002;47.38196733006448
1575;10.580083715916127;2.0110627025210364;272.565;48.72614960321115
1576;10.653975777106133;2.0110627025210364;379.56;50.0
1577;10.522719329324135;1.7634873643584117;434.185;49.995
1578;10.580156087482946;0.09722752243145699;443.01;39.463684710526316
1579;10.653886318137127;0.10958386550786511;444.23249999999996;28.933422552581575
1580;10.522749221777172;0.08760678855733066;457.7175;18.404213420852635
1581;10.580228195193541;0.09723960685873555;469.2325;7.876057210036867
1582;10.65379709151648;1.6028870369965176;480.065;6.728554840670431
1583;10.522779097067472;1.7634973807483652;481.20500000000004;6.727881985186364
1584;10.580300040410394;1.7731372327292632;473.35;6.727209196987845
1585;10.653708096275821;1.785439582997225;478.95;6.726536476068146
1586;10.522808955077785;1.7635023846092746;486.02;6.725863822420539
1587;10.580371624486608;1.7731492294014104;488.795;6.725191236038297
1588;10.653619331452356;1.785424707028411;488.0225;6.724518716914694
1589;10.52283879569253;1.7635073855548857;484.2525;6.723846265043003
1590;10.580442948766025;1.7731611825345872;477.46500000000003;6.723173880416498
1591;10.653530796088845;1.78540986951446;444.1675;6.722501563028456
1592;10.522868618797782;2.0110627025210364;334.97749999999996;8.12510412501426
1593;10.580514014583306;2.0110627025210364;220.24;9.472803300747618
1594;10.65344248923355;2.0110627025210364;176.65;10.75108565564567
1595;10.52289842428125;2.0110627025210364;155.7725;12.15325704401292
1596;10.58058482326397;2.0110627025210364;151.3825;13.500486136207746
1597;10.653354409940214;2.0110627025210364;152.4275;14.778449398150922
1598;10.522928212032241;2.0110627025210364;157.365;16.18018975178048
1599;10.580655376124517;2.0110627025210364;184.015;17.526949125487008
1600;10.653266557267992;2.0110627025210364;279.125;18.80459320116987
1601;10.522957981941667;2.0110627025210364;356.375;20.20590265900517
1602;10.580725674472484;1.7732085641281958;344.28;20.20388206873927
1603;10.653178930281431;0.10946531539679785;297.005;9.675545891058714
1604;10.522987733902017;2.0110627025210364;261.4125;11.077739989262692
1605;10.580795719606519;2.0110627025210364;242.9475;12.424876281637573
1606;10.653091528050426;2.0110627025210364;246.57;13.703196842361505
1607;10.523017467807335;2.0110627025210364;252.7525;15.1049599282603
1608;10.580865512816464;2.0110627025210364;271.9525;16.451627195091834
1609;10.653004349650178;2.0110627025210364;303.10749999999996;17.729627900204655
1610;10.523047183553196;2.0110627025210364;335.3725;19.130960113039098
1611;10.580935055383435;2.0110627025210364;356.24;20.47715871441353
1612;10.652917394161161;2.0110627025210364;370.51;21.754839474088985
1613;10.523076881036705;2.0110627025210364;373.35;23.15574095315671
1614;10.581004348579878;2.0110627025210364;353.9875;24.50147124791051
1615;10.652830660669078;2.0110627025210364;290.27500000000003;25.778831973150094
1616;10.523106560156453;2.0110627025210364;210.9875;27.17930285780415
1617;10.581073393669664;2.0110627025210364;178.7525;28.524565203532187
1618;10.652744148264834;2.0110627025210364;159.145;29.801605806160243
1619;10.523136220812535;2.0110627025210364;148.6175;31.20164623580772
1620;10.58114219190815;2.0110627025210364;147.3725;32.546440988871396
1621;10.652657856044474;2.0110627025210364;151.565;33.823161381530255
1622;10.523165862906504;2.0110627025210364;160.745;35.22277149563092
1623;10.581210744542249;2.0110627025210364;201.71249999999998;36.56709901116622
1624;10.652571783109172;2.0110627025210364;319.7425;37.843499107311395
1625;10.523195486341363;2.0110627025210364;405.33500000000004;39.24267904537637
1626;10.581279052810505;1.7733013040061938;422.0;39.23875477747183
1627;10.65248592856519;1.7852347616723019;430.8425;39.23483090199409
1628;10.523225091021548;1.7635721242322477;423.7525;39.23090741890389
1629;10.581347117943162;1.7733127109436628;434.69;39.226984328162
1630;10.652400291523811;1.7852204098839792;451.0525;39.22306162972918
1631;10.523254676852915;2.0110627025210364;469.5475;40.62204738055594
1632;10.581414941162242;2.0110627025210364;483.1825;41.965640981713754
1633;10.652314871101359;2.0110627025210364;492.945;43.24174529006929
1634;10.523284243742708;2.0110627025210364;497.84749999999997;44.64030108398472
1635;10.581482523681608;2.0110627025210364;495.61;45.9834286563788
1636;10.652229666419105;2.0110627025210364;488.3575;47.25921213041502
1637;10.523313791599577;2.0110627025210364;480.8925;48.65733810718238
1638;10.581549866707016;2.0110627025210364;445.04;50.0
1639;10.65214467660327;1.7663725196146098;409.84749999999997;49.876884587520166
1640;10.523343320333513;0.08770635267802061;357.525;39.34558110958773
1641;10.581616971436219;2.0110627025210364;313.89750000000004;40.68911042861236
1642;10.652059900784971;2.0110627025210364;276.88;41.96558461182378
1643;10.523372829855871;2.0110627025210364;250.58749999999998;43.36418386499952
1644;10.581683839058996;2.0110627025210364;227.655;44.70724779950697
1645;10.651975338100192;2.0110627025210364;227.9925;45.98340050353184
1646;10.523402320079349;2.0110627025210364;277.105;47.38156995940611
1647;10.581750470757251;2.0110627025210364;328.04499999999996;48.724168855190776
1648;10.651890987689747;2.0110627025210364;378.66;50.0
1649;10.523431790917945;1.7644888098149019;408.2525;50.0
1650;10.58181686770505;1.773391435629134;407.2425;49.995
1651;10.651806848699254;0.10923537022223677;408.52750000000003;39.463684710526316
1652;10.523461242286984;0.08772611504822349;420.1325;28.933422552581575
1653;10.58188303106871;1.773402523851878;436.28499999999997;28.930529210326316
1654;10.651722920279084;1.959707432570789;450.9175;29.917384602532415
1655;10.523490674103066;2.0110627025210364;457.485;31.31707672367425
1656;10.581948962006843;2.0110627025210364;466.9075;32.66109350209538
1657;10.651639201584349;2.0110627025210364;479.90250000000003;33.93877015124004
1658;10.52352008628407;2.0110627025210364;480.1325;35.338032192255056
1659;10.582014661670437;2.0110627025210364;476.0325;36.68158446044892
1660;10.651555691774846;2.0110627025210364;467.9125;37.95893839481677
1661;10.523549478749132;2.0110627025210364;466.8575;39.357770496165614
1662;10.582080131202908;2.0110627025210364;449.0;40.70085859447323
1663;10.651472390015034;1.785064904207653;427.97249999999997;40.696788508613785
1664;10.523578851418636;1.7636314104272655;410.6925;40.692718829762924
1665;10.582145371740168;1.7734464891468549;390.28;40.68864955787995
1666;10.651389295474008;2.0110627025210364;365.65;41.96576086222385
1667;10.523608204214195;2.0110627025210364;348.27250000000004;43.36413649213414
1668;10.582210384410681;2.0110627025210364;349.175;44.70670021329478
1669;10.651306407325455;2.0110627025210364;353.9975;45.98348845631427
1670;10.523637537058638;2.0110627025210364;369.275;47.38143444726293
1671;10.58227517033554;2.0110627025210364;390.8175;48.72353489199944
1672;10.651223724747627;2.0110627025210364;416.3075;50.0
1673;10.523666849876003;1.7645282030068556;430.575;50.0
1674;10.582339730628497;0.0975934760385932;427.385;39.46868421052631
1675;10.65114124692331;0.10912382298004232;428.1675;28.938421552631574
1676;10.523696142591495;0.08776548165165786;438.8825;18.40921192100263
1677;10.582404066396055;1.773489843411338;453.975;18.407370999810528
1678;10.651058973039781;1.784995620252693;467.3275;18.405530262710545
1679;10.523725415131528;2.0110627025210364;480.1175;19.806150565309323
1680;10.58246817873751;2.0110627025210364;496.115;21.150825180452156
1681;10.650976902288798;2.0110627025210364;502.65;22.430282040759753
1682;10.523754667423637;2.0110627025210364;503.01750000000004;23.83047207850322
1683;10.582532068745016;2.0110627025210364;500.8325;25.174683565987607
1684;10.65089503386654;2.0110627025210364;498.64750000000004;26.453815815457798
1685;10.523783899396541;2.0110627025210364;497.755;27.85357572944954
1686;10.582595737503633;2.0110627025210364;479.82;29.197324421248144
1687;10.650813366973606;1.7849544594860933;453.67;29.19440468880602
1688;10.523813110980068;1.763670669649491;439.91;29.19148524833714
1689;10.582659186091409;1.7735325985533383;431.5575;29.18856609981231
1690;10.650731900814968;2.0110627025210364;419.6975;30.46745193742811
1691;10.523842302105182;2.0110627025210364;409.18;31.866755005234445
1692;10.582722415579404;2.0110627025210364;398.2875;33.20998203493349
1693;10.65065063459993;2.0110627025210364;399.4975;34.48854293386006
1694;10.523871472703943;2.0110627025210364;416.865;35.88741618049792
1695;10.58278542703178;2.0110627025210364;439.21500000000003;37.23018128319968
1696;10.65056956754212;2.0110627025210364;454.79499999999996;38.508417175906345
1697;10.523900622709515;1.7636853356140847;461.8425;38.50456633418875
1698;10.58284822150582;0.0976786932917562;467.1025;27.97440008808165
1699;10.650488698859455;0.10901446339064066;472.6175;17.44528685859916
1700;10.52392975205614;0.08780463192509992;489.4925;6.91722654043962
1701;10.582910800052025;0.6723992709576516;511.4525;0.0
1702;10.650408027774091;1.7848865292739253;532.15;-0.0
1703;10.523958860679139;1.7636950956314663;541.2725;-0.0
1704;10.582973163714133;2.0110627025210364;549.8775;1.3461754944715738
1705;10.650327553512424;2.0110627025210364;547.5325;2.6282297010853233
1706;10.523987948514876;2.0110627025210364;532.6424999999999;4.030178327026083
1707;10.583035313529196;2.0110627025210364;519.3125;5.375891761340644
1708;10.650247275305032;2.0110627025210364;506.3;6.657619260624729
1709;10.524017015500771;2.0110627025210364;504.4525;8.059137333972934
1710;10.583097250527622;2.0110627025210364;490.82;9.404389032238296
1711;10.650167192386661;1.9476552303041996;464.85249999999996;10.32635532703875
1712;10.524046061575278;1.763709709503954;439.025;10.325322691506045
1713;10.583158975733237;1.7736163575789874;409.86;10.324290159236895
1714;10.65008730399621;2.0110627025210364;384.995;11.60567479142457
1715;10.524075086677865;2.0110627025210364;379.94;13.006642891601459
1716;10.583220490163331;2.0110627025210364;375.31;14.351282761657135
1717;10.650007609376667;2.0110627025210364;397.515;15.632340404473135
1718;10.524104090749017;2.0110627025210364;408.265;17.032878284221123
1719;10.583281794828707;2.0110627025210364;423.725;18.377057291305427
1720;10.64992810777511;2.0110627025210364;437.795;19.65778788318994
1721;10.52413307373022;2.0110627025210364;441.62;21.057895684357913
1722;10.583342890733753;1.7736471796288182;450.0875;21.055789894789477
1723;10.64984879844267;0.10890722340218045;455.205;10.527368526326315
1724;10.524162035563936;0.08784355998334477;474.95;-0.0
1725;10.58340377887646;1.773657383784887;494.39750000000004;-0.0
1726;10.649769680634499;1.7847795495969507;510.07;-0.0
1727;10.524190976193617;1.7637339955359534;528.99;0.0
1728;10.583464460248502;1.7736675532885577;543.89;0.0
1729;10.649690753609741;2.0110627025210364;543.14;1.2827937840707457
1730;10.52421989556366;2.0110627025210364;538.4125;2.6846566039068627
1731;10.58352493583528;2.0110627025210364;523.6;4.030039449202956
1732;10.649612016631526;2.0110627025210364;509.27750000000003;5.3125050294580864
1733;10.524248793619435;2.0110627025210364;503.21250000000003;6.7139374250166775
1734;10.583585206615956;2.0110627025210364;479.42;8.058860084989018
1735;10.649533468966906;1.7847399632240677;452.24;8.05805419898052
1736;10.52427767030724;0.48096101257953644;433.365;-0.0
1737;10.583645273563523;1.7736978555313876;405.26750000000004;0.0
1738;10.649455109886869;2.0110627025210364;377.23;1.2830176456074744
1739;10.524306525574314;2.0110627025210364;364.2025;2.6847981445473152
1740;10.583705137644843;2.0110627025210364;361.86;4.030009783970259
1741;10.649376938666268;2.0110627025210364;366.475;5.312698691258907
1742;10.524335359368813;2.0110627025210364;380.22;6.714048829989409
1743;10.583764799820695;2.0110627025210364;384.355;8.05880086527675
1744;10.649298954583838;2.0110627025210364;400.7925;9.341160978335576
1745;10.524364171639798;2.0110627025210364;418.15;10.742080899179935
1746;10.58382426104583;1.7737278517855448;421.5575;10.741006691090018
1747;10.649221156922142;0.10880203786447303;433.9325;0.21361680094722502
1748;10.52439296233724;1.7297615019132933;444.8775;-0.0
1749;10.583883522269003;1.773737783288514;451.71000000000004;0.0
1750;10.649143544967554;1.784674616423075;456.62;-0.0
1751;10.524421731411993;1.7637726674703773;451.9425;0.0
1752;10.583942584433046;1.7737476814314503;437.2775;-0.0
1753;10.649066118010229;1.7846616405509044;421.555;-0.0
1754;10.524450478815792;2.0110627025210364;414.96;1.4017720451249973
1755;10.584001448474888;2.0110627025210364;408.99;2.746830491869341
1756;10.648988875344086;2.0110627025210364;402.6275;4.030016377243272
1757;10.524479204501242;2.0110627025210364;399.475;5.431358131329368
1758;10.584060115325615;2.0110627025210364;392.49;6.775957885956902
1759;10.648911816266772;2.0110627025210364;382.64;8.058814064714873
1760;10.524507908421802;2.0110627025210364;353.26;9.45972567030769
1761;10.584118585910518;2.0110627025210364;302.3625;10.803867041125667
1762;10.648834940079643;2.0110627025210364;239.6225;12.086393461345892
1763;10.524536590531783;2.0110627025210364;215.685;13.486875060994564
1764;10.584176861149125;2.0110627025210364;197.2975;14.830558355396795
1765;10.648758246087736;2.0110627025210364;190.28;16.112754965777906
1766;10.524565250786347;2.0110627025210364;198.865;17.512806702034297
1767;10.584234941955264;2.0110627025210364;237.45;18.856032226506592
1768;10.648681733599748;2.0110627025210364;291.3675;20.13789897636418
1769;10.52459388914147;2.0110627025210364;343.02750000000003;21.53752099178215
1770;10.584292829237095;1.773806378453298;364.4325;21.53536723968297
1771;10.648605401928016;1.7845844298067886;364.06;21.533213702959003
1772;10.524622505553955;1.7638063149194214;362.865;21.531060381588706
1773;10.584350523897148;1.7738160474182123;365.09749999999997;21.528907275550548
1774;10.648529250388469;2.0110627025210364;381.625;22.81065159695395
1775;10.52465109998142;2.0110627025210364;388.0625;24.209951986811905
1776;10.584408026832392;2.0110627025210364;396.39;25.552343366122454
1777;10.64845327830064;2.0110627025210364;406.02;26.833757517400233
1778;10.524679672382275;2.0110627025210364;410.65250000000003;28.232628452885333
1779;10.584465338934246;2.0110627025210364;413.0175;29.57456311805251
1780;10.648377484987602;2.0110627025210364;415.8275;30.85564705100248
1781;10.524708222715736;2.0110627025210364;420.38;32.25408867471743
1782;10.584522461088648;2.0110627025210364;418.065;33.59556692781574
1783;10.648301869775988;2.0110627025210364;374.225;34.87632059483577
1784;10.524736750941788;2.0110627025210364;288.1125;36.27433304938159
1785;10.584579394176078;2.0110627025210364;207.07750000000001;37.61535519160938
1786;10.648226431995923;2.0110627025210364;175.26749999999998;38.89577854569409
1787;10.524765257021208;2.0110627025210364;164.0125;40.29336197366937
1788;10.584636139071623;2.0110627025210364;165.1625;41.63392830535396
1789;10.64815117098104;2.0110627025210364;167.7575;42.91402130009144
1790;10.524793740915522;2.0110627025210364;176.5275;44.311175844091686
1791;10.58469269664499;2.0110627025210364;194.1875;45.65128666469454
1792;10.648076086068427;2.0110627025210364;248.05;46.931049254263066
1793;10.524822202587027;2.0110627025210364;340.7975;48.327775056879965
1794;10.584749067760571;1.7738828388097996;381.7925;48.322942279374274
1795;10.64800117659861;1.5692030784425242;392.5525;46.965925664567536
1796;10.524850641998754;0.08795896254315952;398.4175;36.4349132825274
1797;10.584805253277473;1.7738922548595881;397.71;36.43126979119914
1798;10.647926441915553;2.0110627025210364;403.4675;37.71209654440025
1799;10.524879059114486;2.0110627025210364;394.84999999999997;39.10969022858705
1800;10.584861254049551;2.0110627025210364;362.3275;40.45016106821711
1801;10.64785188136661;2.0110627025210364;346.95;41.73065676481201
1802;10.52490745389874;2.0110627025210364;340.0675;43.12782161793172
1803;10.584917070925474;2.0110627025210364;335.6;44.46783761839073
1804;10.647777494302503;2.0110627025210364;344.4225;45.74800221504152
1805;10.52493582631674;2.0110627025210364;359.175;47.14473837981911
1806;10.584972704748742;2.0110627025210364;356.515;48.48429983646982
1807;10.647703280077314;1.784433244506199;350.575;48.47945140648618
1808;10.524964176334441;0.08797798959882257;313.415;37.948287671871846
1809;10.585028156357717;2.0110627025210364;239.9125;39.28871609456483
1810;10.647629238048463;2.0110627025210364;190.53;40.56953944680934
1811;10.524992503918497;2.0110627025210364;172.2525;41.96673961414208
1812;10.585083426585697;2.0110627025210364;170.965;43.30671368492425
1813;10.647555367576667;2.0110627025210364;169.145;44.58720541435792
1814;10.525020809036269;2.0110627025210364;178.93;45.98397692523203
1815;10.585138516260924;2.0110627025210364;228.565;47.323496937091626
1816;10.647481668025936;2.0110627025210364;316.6675;48.603657002773275
1817;10.52504909165579;2.0110627025210364;389.695;50.0
1818;10.585193426206633;1.7739573082012516;406.125;49.995
1819;10.647408138763547;0.10849819676466106;405.34250000000003;39.463684710526316
1820;10.525077351745795;0.0879969565028739;412.8;28.933422552581575
1821;10.585248157241091;1.2717927722937816;414.865;25.776352648599705
1822;10.64733477916002;1.7843714879686479;426.64250000000004;25.773775013334845
1823;10.52510558927569;2.0110627025210364;432.6875;27.172347326021608
1824;10.58530271017763;2.0110627025210364;438.185;28.51359251662026
1825;10.64726158858909;2.0110627025210364;450.1875;29.795842648208964
1826;10.525133804215548;2.0110627025210364;452.81;31.19398594993937
1827;10.585357085824691;2.0110627025210364;453.1225;32.53477731981092
1828;10.647188566427713;2.0110627025210364;448.59;33.816694703972615
1829;10.525161996536086;2.0110627025210364;440.39;35.214409137792934
1830;10.585411284985852;2.0110627025210364;414.40250000000003;36.554746976142596
1831;10.647115712056008;1.784334774828462;374.5825;36.55109150144498
1832;10.5251901662087;2.0110627025210364;309.5875;37.94850573439657
1833;10.58546530845988;2.0110627025210364;238.315;39.28851884078624
1834;10.647043024857261;2.0110627025210364;182.6475;40.56989911528776
1835;10.52521831320541;2.0110627025210364;160.9525;41.96688472783109
1836;10.585519157040743;2.0110627025210364;156.925;43.306444840169604
1837;10.646970504217895;2.0110627025210364;171.29500000000002;44.58749221667859
1838;10.52524643749889;2.0110627025210364;179.395;45.98404935183298
1839;10.585572831517673;2.0110627025210364;207.325;47.32315675695601
1840;10.646898149527464;2.0110627025210364;311.91499999999996;48.603871199229225
1841;10.525274539062424;2.0110627025210364;400.2975;50.0
1842;10.58562633267518;1.7740298583722995;425.035;49.995
1843;10.646825960178603;0.10840063029479548;417.525;39.463684710526316
1844;10.525302617869938;0.08803470852790778;418.365;28.933422552581575
1845;10.585679661293096;1.774038795638505;423.82;28.930529210326316
1846;10.646753935567041;2.0110627025210364;434.765;30.213219918616595
1847;10.525330673895965;2.0110627025210364;441.6175;31.611134456423564
1848;10.58573281814661;2.0110627025210364;443.3775;32.95152716573864
1849;10.646682075091555;2.0110627025210364;452.0775;34.23388404168509
1850;10.525358707115647;2.0110627025210364;464.425;35.63136988152106
1851;10.585785804006308;2.0110627025210364;474.94;36.97131023072692
1852;10.646610378153968;2.0110627025210364;478.705;38.25333324045758
1853;10.525386717504732;2.0110627025210364;474.905;39.65039052550404
1854;10.585838619638197;2.0110627025210364;451.0825;40.9898787977952
1855;10.646538844159123;1.0782630166881002;414.68;36.55151728396327
1856;10.525414705039555;2.0110627025210364;339.60249999999996;37.9487181624473
1857;10.585891265803745;2.0110627025210364;264.69;39.28832658811749
1858;10.646467472514852;2.0110627025210364;218.58249999999998;40.57025365656958
1859;10.525442669697052;2.0110627025210364;193.67000000000002;41.96702609499172
1860;10.585943743259913;2.0110627025210364;185.19;43.30618283628531
1861;10.646396262631988;2.0110627025210364;186.54250000000002;44.587775768501295
1862;10.525470611454724;2.0110627025210364;197.0175;45.98411991004246
1863;10.585996052759189;2.0110627025210364;251.20749999999998;47.322825247930226
1864;10.646325213924305;2.0110627025210364;379.77;48.604084012177346
1865;10.525498530290665;2.0110627025210364;456.565;50.0
1866;10.586048195049619;1.7741005576795355;472.6225;49.995
1867;10.646254325808531;0.10830483091470125;472.2575;39.463684710526316
1868;10.52552642618353;0.08807221624057271;476.89;28.933422552581575
1869;10.586100170874841;0.09822368279896665;486.85;18.404213420852635
1870;10.646183597704315;1.7841785631278642;499.1925;18.40237299951055
1871;10.525554299112525;1.7639624728587622;507.5175;18.4005327622106
1872;10.586151980974122;2.0110627025210364;499.85;19.74184832700896
1873;10.64611302903421;2.0110627025210364;493.655;21.02606676459376
1874;10.52558214905743;2.0110627025210364;489.53;22.424661116312745
1875;10.586203626082392;2.0110627025210364;488.4775;23.76552520542284
1876;10.646042619223659;2.0110627025210364;486.77;25.04940816463982
1877;10.52560997599856;2.0110627025210364;472.9275;26.447573746624727
1878;10.58625510693026;2.0110627025210364;447.5125;27.787986637666318
1879;10.645972367700967;1.7841431633960818;411.7475;27.785207839002553
1880;10.525637779916782;2.0110627025210364;346.6475;29.18307342729771
1881;10.586306424244055;2.0110627025210364;275.3325;30.52316401692313
1882;10.645902273897288;2.0110627025210364;227.7625;31.80650454031901
1883;10.525665560793493;2.0110627025210364;202.7125;33.20394160711116
1884;10.586357578745869;2.0110627025210364;179.15;34.54358151314187
1885;10.645832337246622;2.0110627025210364;181.68;35.82658643460626
1886;10.525693318610626;2.0110627025210364;200.7225;37.223595123282706
1887;10.586408571153566;2.0110627025210364;286.755;38.56278462117449
1888;10.64576255718576;2.0110627025210364;392.38;39.845453913385896
1889;10.525721053350637;2.0110627025210364;460.9425;41.24203436731145
1890;10.586459402180836;0.23738010093601022;474.6375;31.58526421068423
1891;10.645692933154304;0.10821074792900252;472.0575;21.055789894789477
1892;10.525748764996502;0.08810947768174685;481.31;10.527368526326315
1893;10.586510072537212;0.09829237762770794;502.2125;0.0
1894;10.64562346459463;1.7840846912274195;512.02;-0.0
1895;10.525776453531702;1.7639997033976462;522.4475;-0.0
1896;10.586560582928087;1.774186428025503;527.4575;-0.0
1897;10.645554150951877;1.7840730750539433;527.9325;-0.0
1898;10.52580411894023;1.7640043398035827;526.14;0.0
1899;10.586610934054784;1.7741948662982472;516.5899999999999;0.0
1900;10.64548499167392;2.0110627025210364;506.145;1.2867892579097764
1901;10.525831761206588;2.0110627025210364;489.40999999999997;2.687120405837727
1902;10.58666112661454;1.7742032779969865;457.235;2.6868516937971436
1903;10.645415986211361;1.3563213750922265;399.885;0.0
1904;10.525859380315758;1.7640136009778509;283.825;0.0
1905;10.586711161300572;1.7742116632378957;174.765;0.0
1906;10.645347134017515;2.0110627025210364;127.9975;1.2869202226833611
1907;10.52588697625323;2.0110627025210364;114.1975;2.687198903220525
1908;10.586761038802077;2.0110627025210364;106.285;4.029507196468229
1909;10.645278434548386;2.0110627025210364;105.92;5.316089732927616
1910;10.525914549004954;2.0110627025210364;109.44749999999999;6.715939302399617
1911;10.586810759804287;2.0110627025210364;113.0375;8.057797486655305
1912;10.645209887262649;2.0110627025210364;131.2625;9.344042314007124
1913;10.52594209855738;2.0110627025210364;184.2425;10.743462916146212
1914;10.58686032498848;1.7400035071701334;208.485;10.527368526326315
1915;10.64514149162164;0.10811833263742232;173.04500000000002;0.0
1916;10.52596962489742;1.7640320767083788;146.0025;0.0
1917;10.586909735032016;1.7742449419233128;139.3175;0.0
1918;10.645073247089332;2.0110627025210364;146.0275;1.2871804152651345
1919;10.525997128012458;2.0110627025210364;146.01;2.687354425611773
1920;10.586958990608359;2.0110627025210364;136.125;4.029474649091271
1921;10.645005153132331;2.0110627025210364;125.1125;5.316316806150647
1922;10.526024607890342;2.0110627025210364;122.3;6.716061796974207
1923;10.58700809238712;2.0110627025210364;124.9675;8.057732503026747
1924;10.644937209219835;2.0110627025210364;127.52000000000001;9.344236381017602
1925;10.52605206451937;2.0110627025210364;129.7675;10.7435524960861
1926;10.587057041034058;2.0110627025210364;143.58;12.084773951854137
1927;10.644869414823653;2.0110627025210364;154.1725;13.370939530376482
1928;10.526079497888297;2.0110627025210364;148.105;14.769826913429563
1929;10.587105837211132;2.0110627025210364;136.0725;16.110599385387644
1930;10.644801769418152;2.0110627025210364;127.7;17.39642664450186
1931;10.526106907986321;2.0110627025210364;119.2825;18.794885439250407
1932;10.58715448157653;2.0110627025210364;113.3475;20.13520919320878
1933;10.644734272480266;2.0110627025210364;110.0325;21.420698113433208
1934;10.52613429480309;2.0110627025210364;109.785;22.81872846355893
1935;10.587202974784669;2.0110627025210364;118.17;24.158603764667138
1936;10.644666923489474;2.0110627025210364;145.5325;25.44375432697567
1937;10.526161658328673;2.0110627025210364;171.84;26.841356376130733
1938;10.587251317486253;2.0110627025210364;189.2625;28.180783488881183
1939;10.644599721927777;1.2064958221293265;192.7575;24.55118031783545
1940;10.526188998553586;1.764068841223198;191.47;24.548725199803666
1941;10.58729951032827;2.0110627025210364;186.65;25.88833579247183
1942;10.644532667279691;2.0110627025210364;186.055;27.173440924976877
1943;10.52621631546877;2.0110627025210364;201.965;28.570818081189046
1944;10.58734755395405;2.0110627025210364;182.87;29.909980823124577
1945;10.644465759032231;2.0110627025210364;165.76749999999998;31.194747353961645
1946;10.52624360906557;2.0110627025210364;162.195;32.59169645061396
1947;10.58739544900326;2.0110627025210364;168.865;33.9304116044158
1948;10.644398996674889;2.0110627025210364;177.7425;35.214839516414216
1949;10.526270879335769;2.0110627025210364;183.0075;36.61136069709359
1950;10.587443196111959;2.0110627025210364;179.1275;37.94962852471752
1951;10.64433237969962;2.0110627025210364;170.8325;39.233717801150405
1952;10.526298126271554;2.0110627025210364;153.8525;40.62981120941231
1953;10.5874907959126;2.0110627025210364;141.665;41.9676319721744
1954;10.644265907600834;2.0110627025210364;135.0025;43.25138259675639
1955;10.526325349865509;2.0110627025210364;129.3175;44.64704837612449
1956;10.587538249034065;2.0110627025210364;134.4325;45.98442233470452
1957;10.644199579875377;2.0110627025210364;141.85;47.26783429158944
1958;10.526352550110644;2.0110627025210364;157.26999999999998;48.66307258555517
1959;10.5875855561017;2.0110627025210364;192.57;50.0
1960;10.644133396022507;1.7847170178282525;295.6325;50.0
1961;10.526379727000341;1.7649828501736289;364.26;50.0
1962;10.587632717737312;1.7752481505977113;396.1475;50.0
1963;10.644067355543898;1.783823905154671;427.93;49.995
1964;10.526406880528391;1.7641053557492883;449.645;49.9900005
1965;10.587679734559234;1.3548315483341702;474.36;47.349835821473704
1966;10.644001457943602;1.783812861470826;494.27750000000003;47.34510083789156
1967;10.526434010688972;1.764109902453793;531.745;47.34036632780777
1968;10.58772660718231;1.7743818403494949;538.625;47.33563229117499
1969;10.643935702728058;1.7838018416490362;554.3375;47.33089872794587
1970;10.526461117476646;1.764114445241266;562.1800000000001;47.32616563807308
1971;10.587773336217944;1.774389671601219;562.6925;47.32143302150927
1972;10.643870089406066;2.0110627025210364;558.965;48.605024293271356
1973;10.526488200886348;2.0110627025210364;543.1175000000001;50.0
1974;10.587819922274115;1.7752795239361867;497.3225;50.0
1975;10.643804617488762;1.7837798732627361;452.6475;49.995
1976;10.526515260913396;0.0882379336275885;428.015;39.463684710526316
1977;10.587866365955408;1.6315730047544639;410.755;38.56260224807937
1978;10.643739286489621;2.0110627025210364;391.4325;39.847193665689424
1979;10.52654229755348;2.0110627025210364;364.135;41.24299376364705
1980;10.587912667863028;2.0110627025210364;338.0625;42.58035242980081
1981;10.643674095924442;2.0110627025210364;331.96;43.86460400342961
1982;10.526569310802653;2.0110627025210364;340.625;45.25997669776675
1983;10.58795882859483;2.0110627025210364;369.28;46.59688981293189
1984;10.643609045311319;2.0110627025210364;407.6875;47.88080153090485
1985;10.526596300657328;1.7641371003956559;447.81;47.876013450751756
1986;10.588004848745344;0.09854288501777372;455.7275;37.344910059933
1987;10.643544134170636;0.10785063380472994;457.5925;26.81485977945332
1988;10.52662326711428;0.08825603423110844;469.31;16.285862504001695
1989;10.588050728905788;0.0985505740077283;489.2375;5.757918128277609
1990;10.643479362025063;1.7837253641684168;507.80499999999995;5.757342336464782
1991;10.526650210170642;1.7641461350132839;521.2325000000001;5.756766602231135
1992;10.588096469664103;2.0110627025210364;520.9350000000001;7.097499279390013
1993;10.64341472839952;2.0110627025210364;515.3475;8.38554553748253
1994;10.526677129823895;2.0110627025210364;507.9225;9.78436370959608
1995;10.588142071604976;2.0110627025210364;495.6625;11.124650305200394
1996;10.643350232821186;2.0110627025210364;484.85;12.412355118989748
1997;10.526704026071862;2.0110627025210364;480.2325;13.81074505870958
1998;10.58818753530984;2.0110627025210364;452.3375;15.15058582565936
1999;10.643285874819469;1.7836929379265345;427.2075;15.149070767076795
2000;10.526730898912708;1.7641596575232574;400.6625;15.147555860000088
2001;10.588232861356937;2.0110627025210364;359.6375;16.487219886124997
2002;10.643221653926;2.0110627025210364;308.27750000000003;17.774510592906683
2003;10.52675774834494;2.0110627025210364;245.6275;19.1723132809197
2004;10.588278050321303;2.0110627025210364;216.445;20.511531901786366
2005;10.643157569674619;2.0110627025210364;216.68;21.7984810574053
2006;10.526784574367404;2.0110627025210364;231.43;23.195855863650525
2007;10.58832310277481;2.0110627025210364;289.0375;24.534629330428093
2008;10.643093621601357;2.0110627025210364;356.765;25.82123692697376
2009;10.52681137697927;2.0110627025210364;411.90999999999997;27.218183995150756
2010;10.588368019286166;1.7744893336794125;425.9425;27.21546217675124
2011;10.64302980924443;0.10776443883172415;425.28;16.686424841059885
2012;10.526838156180027;0.08829204717988372;433.75;6.158440409102096
2013;10.588412800420986;1.7744968384852469;439.205;6.157824565061186
2014;10.64296613214422;2.0110627025210364;440.6875;7.446390957067671
2015;10.526864911969506;2.0110627025210364;440.43;8.845124651600933
2016;10.588457446741744;2.0110627025210364;440.1275;10.185205564731117
2017;10.642902589843274;2.0110627025210364;437.2425;11.473429583823533
2018;10.526891644347835;2.0110627025210364;439.9225;12.871735178734706
2019;10.588501958807853;2.0110627025210364;438.3925;14.211371144349371
2020;10.642839181886268;2.0110627025210364;432.865;15.499252784442982
2021;10.52691835331548;2.0110627025210364;439.4325;16.89713042351483
2022;10.588546337175657;2.0110627025210364;432.6;18.236321690155602
2023;10.642775907820015;2.0110627025210364;418.245;19.523860945557573
2024;10.5269450388732;1.7641955449305626;397.605;19.521908559463018
2025;10.588590582398457;2.0110627025210364;376.645;20.860795315328538
2026;10.642712767193437;2.0110627025210364;368.67;22.14813210696324
2027;10.526971701022068;2.0110627025210364;346.3225;23.545294177781578
2028;10.588634695026542;2.0110627025210364;342.55;24.883736688088582
2029;10.642649759557575;2.0110627025210364;341.0825;26.170731042840078
2030;10.52699833976347;2.0110627025210364;358.34499999999997;27.5674655469605
2031;10.588678675607191;2.0110627025210364;387.535;28.90546405857897
2032;10.642586884465551;2.0110627025210364;413.77250000000004;30.19211597193084
2033;10.527024955099076;2.0110627025210364;449.02250000000004;31.588423052989526
2034;10.588722524684707;1.7745487447281498;453.8375;31.58526421068423
2035;10.642524141472569;0.10767969469873605;454.98;21.055789894789477
2036;10.527051547030867;0.08832780904498237;470.39750000000004;10.527368526326315
2037;10.58876624280044;0.09867048594995093;490.4225;0.0
2038;10.642461530135895;1.7835547871892714;497.8375;-0.0
2039;10.527078115561116;1.7642178470608663;502.845;0.0
2040;10.588809830492787;2.0110627025210364;502.0775;1.3406306610318524
2041;10.642399050014856;2.0110627025210364;498.36;2.6302175004516366
2042;10.527104660692379;2.0110627025210364;493.85;4.0292050510438315
2043;10.588853288297239;2.0110627025210364;484.8275;5.36939150665635
2044;10.642336700670823;2.0110627025210364;475.1275;6.658634701868403
2045;10.527131182427507;2.0110627025210364;471.7875;8.057194215092085
2046;10.58889661674639;2.0110627025210364;462.245;9.396936709761507
2047;10.642274481667192;1.7835234400060238;432.5625;9.395997016090531
2048;10.527157680769628;1.764231181279471;396.3625;9.395057416388923
2049;10.588939816369937;2.0110627025210364;340.5075;10.734625085095843
2050;10.642212392569373;2.0110627025210364;268.2325;12.023449849646429
2051;10.527184155722157;2.0110627025210364;215.7125;13.421422556725416
2052;10.588982887694732;2.0110627025210364;187.165;14.760546671159748
2053;10.642150432944796;2.0110627025210364;188.3375;16.049027705195076
2054;10.527210607288781;2.0110627025210364;198.6775;17.446572725500214
2055;10.589025831244781;2.0110627025210364;264.8675;18.785253528545123
2056;10.642088602362875;2.0110627025210364;350.9975;20.073390830947538
2057;10.527237035473464;2.0110627025210364;429.0525;21.470508308164653
2058;10.589068647541279;1.7746067509587615;456.895;21.468361257333836
2059;10.642026900395011;0.10759636278329966;451.6075;10.93989863173442
2060;10.527263440280437;0.08836331992924297;455.04;0.41248885239756383
2061;10.589111337102594;1.7746139052408072;462.6675;0.41244760351232407
2062;10.641965326614574;2.0110627025210364;459.165;1.7025392984681271
2063;10.527289821714202;2.0110627025210364;448.8925;3.1014437139097883
2064;10.589153900444337;2.0110627025210364;433.6275;4.441437364116277
2065;10.641903880596892;2.0110627025210364;428.8075;5.731184533812817
2066;10.52731617977952;2.0110627025210364;423.235;7.129661044568891
2067;10.589196338079333;2.0110627025210364;416.34000000000003;8.469211557289068
2068;10.641842561919251;2.0110627025210364;410.14;9.758614202310051
2069;10.527342514481422;2.0110627025210364;402.6875;11.156662952132468
2070;10.589238650517679;2.0110627025210364;378.9025;12.49577056784546
2071;10.641781370160851;2.0110627025210364;345.59;13.784828689135868
2072;10.527368825825189;2.0110627025210364;298.8325;15.182449821733025
2073;10.589280838266724;2.0110627025210364;233.4725;16.52111478039746
2074;10.641720304902847;2.0110627025210364;173.6675;17.809828379261717
2075;10.527395113816358;2.0110627025210364;152.015;19.207022038298252
2076;10.589322901831128;2.0110627025210364;151.7275;20.54524457935485
2077;10.641659365728282;2.0110627025210364;163.10750000000002;21.833613657455047
2078;10.527421378460717;2.0110627025210364;176.39249999999998;23.23037998655162
2079;10.589364841712841;2.0110627025210364;222.59;24.568160348925765
2080;10.641598552222115;2.0110627025210364;341.115;25.85618490827986
2081;10.527447619764311;2.0110627025210364;424.835;27.252524051012937
2082;10.589406658411152;1.7746633977132156;447.4325;27.249798798607838
2083;10.6415378639712;0.10751440587395786;440.75;16.72075802925429
2084;10.527473837733424;0.08839858013511027;452.0325;6.192770163977682
2085;10.58944835242269;0.7888234257947696;462.03499999999997;0.0
2086;10.641477300564258;1.783389841574085;470.96;-0.0
2087;10.52750003237458;1.76428855549146;482.64250000000004;-0.0
2088;10.589489924241436;1.774677352113689;474.2825;-0.0
2089;10.64141686159189;1.783379712693826;482.0475;0.0
2090;10.52752620369455;1.7642929415052488;468.5125;-0.0
2091;10.589531374358772;1.9377043520126689;447.52750000000003;0.9241027669962415
2092;10.64135654664656;2.0110627025210364;406.2075;2.2147216374053107
2093;10.527552351700338;2.0110627025210364;390.1725;3.613325431126249
2094;10.589572703263457;2.0110627025210364;370.575;4.952870030482853
2095;10.64129635532256;2.0110627025210364;345.815;6.243143205923373
2096;10.527578476399183;2.0110627025210364;284.0925;7.641319339023557
2097;10.589613911441667;2.0110627025210364;200.8275;8.980421991220071
2098;10.64123628721604;2.0110627025210364;165.035;10.27034947616571
2099;10.527604577798561;2.0110627025210364;157.22;11.66809809230946
2100;10.589654999377016;2.0110627025210364;152.815;13.006759033092065
2101;10.641176341924975;2.0110627025210364;148.1175;14.296340832360029
2102;10.527630655906163;2.0110627025210364;154.9725;15.693662075165937
2103;10.589695967550568;2.0110627025210364;161.7125;17.03188153978538
2104;10.641116519049142;2.0110627025210364;192.8225;18.321117658534718
2105;10.527656710729927;2.0110627025210364;288.595;19.718011671575432
2106;10.58973681644084;2.0110627025210364;359.7925;21.055789894789477
2107;10.641056818190131;0.1074337881049152;370.1725;10.527368526326315
2108;10.527682742277996;0.08843359014660818;365.365;-0.0
2109;10.589777546523836;1.7747255543174012;355.65999999999997;0.0
2110;10.640997238951332;1.7833093887403626;326.665;0.0
2111;10.527708750558743;2.0110627025210364;275.2025;1.3986766869691942
2112;10.589818158273065;2.0110627025210364;223.825;2.7382095689410857
2113;10.640937780937913;2.0110627025210364;203.285;4.029044856093175
2114;10.527734735580747;2.0110627025210364;201.3875;5.427293952805856
2115;0.0;1.675885585434197;201.3875;14.926751223410577
2116;10.589858652159538;2.0110627025210364;188.8;16.264892828736674
2117;10.64087844375682;2.0110627025210364;177.655;17.55443181788482
2118;10.527760697352825;2.0110627025210364;167.1825;18.951303712217847
2119;10.589899028651809;2.0110627025210364;154.6875;20.289004504627407
2120;10.640819227016763;2.0110627025210364;142.8675;21.57819733851102
2121;10.527786635883984;2.0110627025210364;127.01;22.974642214687385
2122;10.589939288215968;2.0110627025210364;120.4425;24.311902426660748
2123;10.640760130328209;2.0110627025210364;117.29249999999999;25.60074911260628
2124;10.527812551183455;2.0110627025210364;112.65;26.996767114070735
2125;10.589979431315678;2.0110627025210364;118.26;28.333586977609432
2126;10.64070115330336;3.4285714285714284;119.62;29.622087523273482
2127;10.527838443260679;3.4285714285714284;113.735;31.01767879342351
2128;10.590019458412176;2.0110627025210364;110.8775;32.3540585400526
2129;10.640642295556164;2.0110627025210364;113.045;33.642212953420234
2130;10.527864312125281;2.0110627025210364;137.2325;35.03737763560587
2131;10.59005936996429;2.0110627025210364;158.98;36.37331749637624
2132;10.640583556702278;2.0110627025210364;155.9375;37.66112578575944
2133;10.527890157787114;2.0110627025210364;166.185;39.05586402328311
2134;10.590099166428468;2.0110627025210364;179.0675;40.39136422877374
2135;10.640524936359094;2.0110627025210364;171.9075;41.678826402809726
2136;10.527915980256214;2.0110627025210364;160.1425;43.07313833892604
2137;10.590138848258771;2.0110627025210364;170.20499999999998;44.40819911924632
2138;10.640466434145695;2.0110627025210364;180.5025;45.69531518689598
2139;10.527941779542827;2.0110627025210364;198.75;47.0892009648116
2140;10.590178415906916;2.0110627025210364;240.415;48.42382254960355
2141;10.640408049682854;2.0110627025210364;285.4425;49.71059252014988
2142;10.527967555657387;1.8162979333963474;337.8125;50.0
2143;10.59021786982227;1.775681392509245;359.36;50.0
2144;10.640349782593043;1.755591497415522;357.25;49.82158416046763
2145;10.527993308610522;0.0884856375106084;342.905;39.2902862125779
2146;10.590257210451865;1.774805940503685;316.265;39.28635718395664
2147;10.6402916325004;2.0110627025210364;293.675;40.57415149736286
2148;10.528019038413053;2.0110627025210364;262.39;41.96847599572072
2149;10.59029643824044;2.0110627025210364;226.6;43.30349753179273
2150;10.640233599030731;2.0110627025210364;220.3625;44.59094526296036
2151;10.528044745075984;2.0110627025210364;238.17;45.98484366061188
2152;10.590335553630412;2.0110627025210364;295.45;47.319426400296926
2153;10.640175681811506;2.0110627025210364;356.78;48.60652755993598
2154;10.52807042861051;2.0110627025210364;402.8625;50.0
2155;10.59037455706193;1.1293435744923832;427.115;45.94069715026975
2156;10.640117880471834;0.1072764328861437;438.6975;35.40978729108104
2157;10.528096089028011;0.08850286233262185;455.9575;24.87993052287825
2158;10.59041344897287;0.09894653885801206;468.895;14.351126740352282
2159;10.64006019464246;1.7831523508353475;482.15999999999997;14.349691627678247
2160;10.528121726340041;1.764392744286987;488.3175;14.34825665851548
2161;10.590452229798856;1.7748386235149354;487.7375;14.346821832849628
2162;10.640002623955768;2.0110627025210364;490.96500000000003;15.637384657908363
2163;10.528147340558341;2.0110627025210364;491.4425;17.034080945912148
2164;10.590490899973268;2.0110627025210364;480.3075;18.37141118284295
2165;10.639945168045754;2.0110627025210364;475.2225;19.661626132081203
2166;10.528172931694824;2.0110627025210364;454.255;21.057895684357913
2167;10.59052945992727;1.7748515664008322;425.6225;21.055789894789477
2168;10.639887826548023;0.1072378784806649;400.8875;10.527368526326315
2169;10.528198499761578;0.0885200251998396;353.745;0.0
2170;10.590567910089808;2.0110627025210364;270.115;1.3389604854146824
2171;10.639830599099788;2.0110627025210364;175.28;2.6309875202213417
2172;10.528224044770866;2.0110627025210364;152.1475;4.028911578936997
2173;10.590606250887632;2.0110627025210364;148.5875;5.367432749435853
2174;10.639773485339848;2.0110627025210364;147.0625;6.6591111950880535
2175;10.528249566735125;2.0110627025210364;152.1275;8.056608195570176
2176;10.590644482745311;2.0110627025210364;164.495;9.394690276142573
2177;10.639716484908591;2.0110627025210364;221.1575;10.686020146451797
2178;10.52827506566695;2.0110627025210364;304.445;12.08309023205355
2179;10.590682606085252;1.9950965426210088;363.5575;13.330226958997077
2180;10.639659597447979;0.10719962989477091;359.9125;2.802578146827495
2181;10.52830054157911;1.764422711675148;332.22;2.8022978890128125
2182;10.59072062132769;2.0110627025210364;312.8725;4.140833068962605
2183;10.639602822601532;2.0110627025210364;282.375;5.4327963041842535
2184;10.528325994484536;2.0110627025210364;259.9325;6.830343329793525
2185;10.590758528890738;2.0110627025210364;255.2975;8.168439693014344
2186;10.639546160014332;2.0110627025210364;260.5725;9.460053997031427
2187;10.52835142439632;2.0110627025210364;264.565;10.85717413845522
2188;10.590796329190374;2.0110627025210364;270.2525;12.194831908310519
2189;10.639489609333015;2.0110627025210364;300.08500000000004;13.486097296253323
2190;10.528376831327718;2.0110627025210364;329.8025;14.882790696762367
2191;10.59083402264046;2.0110627025210364;341.7475;16.220010096184254
2192;10.639433170205754;1.7830472687138283;317.3575;16.218388095174635
2193;10.528402215292138;2.0110627025210364;235.695;17.61478415183759
2194;10.590871609652758;2.0110627025210364;141.0525;18.951694644252285
2195;10.63937684228224;2.0110627025210364;121.395;20.24239147461973
2196;10.528427576303148;2.0110627025210364;117.845;21.638361037984275
2197;10.59090909063695;2.0110627025210364;118.51;22.974833565775374
2198;10.63932062521371;2.0110627025210364;115.69999999999999;24.26518148846577
2199;10.528452914374471;2.0110627025210364;117.025;25.660724701661177
2200;10.590946466000638;2.0110627025210364;130.8175;26.996759486490404
2201;10.639264518652888;2.0110627025210364;151.35750000000002;28.28675851782151
2202;10.52847822951998;2.0110627025210364;221.385;29.68187552392575
2203;10.590983736149365;2.0110627025210364;268.9;31.017472787031462
2204;10.639208522254028;2.0110627025210364;278.62;32.30712294361143
2205;10.528503521753697;2.0110627025210364;267.6425;33.701813885651056
2206;10.591020901486623;2.0110627025210364;264.1225;35.036973847850206
2207;10.639152635672872;2.0110627025210364;245.21;36.326275146576194
2208;10.528528791089796;2.0110627025210364;233.6125;37.72054016752623
2209;10.591057962413876;2.0110627025210364;252.08499999999998;39.0552630492163
2210;10.639096858566642;2.0110627025210364;261.015;40.34421550727307
2211;10.528554037542593;2.0110627025210364;275.0125;41.73805475005688
2212;10.591094919330562;2.0110627025210364;282.4575;43.072340771217846
2213;10.639041190594055;2.0110627025210364;306.53499999999997;44.36094440607637
2214;10.528579261126554;2.0110627025210364;320.2975;45.754358013565536
2215;10.591131772634105;2.0110627025210364;323.1075;47.08820739376178
2216;10.638985631415295;0.10708668089884618;304.9075;36.55718278354872
2217;10.52860446185628;2.0110627025210364;241.7425;37.9513528265069
2218;10.591168522719945;2.0110627025210364;166.725;39.2859475946403
2219;10.638930180692006;2.0110627025210364;131.275;40.57503532822343
2220;10.52862963974652;2.0110627025210364;118.88;41.96877966693142
2221;10.591205169981524;2.0110627025210364;118.5225;43.30293787748228
2222;10.638874838087297;2.0110627025210364;119.4925;44.5916764875116
2223;10.528654794812159;2.0110627025210364;129.155;45.984995264791294
2224;10.59124171481033;2.0110627025210364;161.105;47.318717136195
2225;10.638819603265716;2.0110627025210364;271.85249999999996;48.60710664137895
2226;10.528679927068218;2.0110627025210364;387.3325;50.0
2227;10.591278157595866;1.774977039563897;426.845;49.995
2228;10.63876447589326;0.10704961776369426;424.33500000000004;39.463684710526316
2229;10.528705036529853;0.08860491496668417;431.85249999999996;28.933422552581575
2230;10.591314498725716;1.296933704450434;439.765;25.927878397394604
2231;10.638709455637354;1.7829259824325134;455.9425;25.925285609554866
2232;10.528730123212362;2.0110627025210364;468.55;27.320399463942167
2233;10.59135073858551;1.7749892033073291;489.2;27.317667423995772
2234;10.638654542166849;1.7829167795631469;507.4975;27.314935657253372
2235;10.528755187131162;1.7644989050678646;517.485;27.312204163687646
2236;10.591386877558964;1.7749952597857976;521.155;27.309472943271278
2237;10.63859973515201;1.7829075945345318;505.7675;27.30674199597695
2238;10.528780228301809;1.7645031016815576;460.1725;27.304011321777352
2239;10.591422916027877;0.09911571398665789;430.72;16.774965131171495
2240;10.638545034264514;0.10701284185744837;392.6975;6.246971845184694
2241;10.528805246739987;2.0110627025210364;304.61;7.6439821635971885
2242;10.591458854372156;2.0110627025210364;197.32;8.98133185372728
2243;10.638490439177442;2.0110627025210364;147.4025;10.273867803323336
2244;10.5288302424615;2.0110627025210364;128.7325;11.670451686204578
2245;10.591494692969823;2.0110627025210364;128.79000000000002;13.007364682714627
2246;10.638435949565258;2.0110627025210364;133.85750000000002;14.29954979415936
2247;10.528855215482293;2.0110627025210364;139.35999999999999;15.695707384471763
2248;10.591530432197008;2.0110627025210364;159.1225;17.03218390314616
2249;10.638381565103826;2.0110627025210364;246.5325;18.324018197907208
2250;10.528880165818414;2.0110627025210364;344.97;19.719749638559925
2251;10.591566072427995;2.0110627025210364;380.14;21.055789894789477
2252;10.638327285470378;0.10697634965091467;382.89;10.527368526326315
2253;10.528905093486042;0.08863844222359842;384.445;0.0
2254;10.59160161403521;1.7750312471623182;379.27750000000003;0.0
2255;10.638273110343526;1.7828528559536936;369.67499999999995;0.0
2256;10.528929998501482;1.7645282014534336;349.9125;-0.0
2257;10.591637057389232;1.7750371870629287;325.0175;-0.0
2258;10.63821903940324;1.7828437942827517;324.15999999999997;-0.0
2259;10.528954880881146;1.7645323714555745;318.9825;-0.0
2260;10.591672402858824;1.7750431105592288;309.1325;-0.0
2261;10.638165072330843;1.8435619456271468;300.68;0.34424089764401533
2262;10.528979740641583;2.0110627025210364;292.3275;1.7416757199447468
2263;10.591707650810918;2.0110627025210364;254.4675;3.0793792841023806
2264;10.638111208809013;2.0110627025210364;188.835;4.372865697805408
2265;10.52900457779943;2.0110627025210364;115.75750000000001;5.769874062326169
2266;10.591742801610648;2.0110627025210364;88.13;7.1071414133898205
2267;10.638057448521769;2.0110627025210364;82.3125;8.400276123152802
2268;10.529029392371458;2.0110627025210364;80.7825;9.796858172787603
2269;10.591777855621343;3.4285714285714284;84.225;11.133689524130048
2270;10.638003791154459;3.4285714285714284;88.6375;12.426472553580899
2271;10.529054184374543;3.4285714285714284;90.435;13.822628431169726
2272;10.591812813204555;3.4285714285714284;92.865;15.159023995782281
2273;10.637950236393767;2.0110627025210364;96.8025;16.451455368808624
2274;10.529078953825675;2.0110627025210364;114.9275;17.84718521713735
2275;10.59184767472006;2.0110627025210364;151.6425;19.183145207631583
2276;10.637896783927689;2.0110627025210364;164.065;20.475224948379516
2277;10.52910370074195;2.0110627025210364;161.0525;21.870528910179825
2278;10.591882440525875;2.0110627025210364;159.5075;23.206053538789227
2279;10.637843433445536;2.0110627025210364;148.1775;24.49778167166209
2280;10.529128425140579;2.0110627025210364;139.8525;25.892659889611373
2281;10.591917110978256;2.0110627025210364;148.4925;27.22774936819307
2282;10.637790184637925;2.0110627025210364;160.89249999999998;28.519125917850225
2283;10.529153127038867;2.0110627025210364;173.8125;29.913578534571517
2284;10.591951686431722;2.0110627025210364;181.1475;31.248233074607924
2285;10.637737037196775;2.0110627025210364;183.9125;32.53925806596353
2286;10.529177806454237;2.0110627025210364;184.4425;33.933285224025404
2287;10.591986167239062;2.0110627025210364;177.405;35.2675050366259
2288;10.63768399081529;2.0110627025210364;142.9975;36.558178494847716
2289;10.529202463404213;2.0110627025210364;102.57249999999999;37.95178033676423
2290;10.592020553751343;2.0110627025210364;89.1625;39.285565632666774
2291;10.637631045187971;2.0110627025210364;83.9775;40.57588758317493
2292;10.529227097906409;3.4285714285714284;85.0;41.96906425140553
2293;10.592054846317927;3.4285714285714284;87.4375;43.302415240978355
2294;10.637578200010577;3.4285714285714284;91.2775;44.592385709444216
2295;10.529251709978553;3.4285714285714284;95.2775;45.98513734639364
2296;10.592089045286466;3.4285714285714284;100.385;47.31805423963686
2297;10.637525454980159;2.0110627025210364;135.8225;48.607673251981744
2298;10.529276299638468;2.0110627025210364;241.11249999999998;50.0
2299;10.592123151002937;1.7760006958359327;339.64250000000004;50.0
2300;10.63747280979502;1.7827187347383677;364.8;49.995
2301;10.529300866904077;0.2670919783997701;371.435;40.584143118841546
2302;10.592157163811631;1.775124350948548;378.505;40.58008470452966
2303;10.63742026415472;1.7827099286902524;382.42;40.57602669605921
2304;10.529325411793394;2.0110627025210364;390.6975;41.96910995218588
2305;10.59219108405516;2.0110627025210364;402.6275;43.30233151133826
2306;10.637367817760088;2.0110627025210364;414.8675;44.59250185131504
2307;10.529349934324534;2.0110627025210364;426.805;45.985160163521606
2308;10.5922249120745;2.0110627025210364;429.2;47.31794798103448
2309;10.637315470313165;2.0110627025210364;426.1575;48.60776648943887
2310;10.52937443451571;2.0110627025210364;403.595;50.0
2311;10.592258648208956;1.5350344029696479;381.7975;48.48687697543863
2312;10.637263221517255;0.10679802470681274;357.3875;37.9557124982674
2313;10.529398912385211;1.7646067860552888;287.515;37.95191692701758
2314;10.592292292796214;2.0110627025210364;213.2875;39.28544405716847
2315;10.637211071076885;2.0110627025210364;151.8675;40.57616499523971
2316;10.529423367951438;2.0110627025210364;122.51;41.969155179186316
2317;10.592325846172317;2.0110627025210364;121.52;43.3022487098047
2318;10.63715901869781;2.0110627025210364;125.1225;44.59261741717081
2319;10.529447801232866;2.0110627025210364;134.035;45.98518274425787
2320;10.59235930867169;2.0110627025210364;169.01749999999998;47.31784288274534
2321;10.637107064086997;2.0110627025210364;281.1825;48.60785938757442
2322;10.529472212248065;2.0110627025210364;376.3325;50.0
2323;10.592392680627157;1.7751638208721745;419.46000000000004;49.995
2324;10.637055206952622;0.10676316384576989;430.5525;39.463684710526316
2325;10.529496601015694;0.08873757211786039;441.2375;28.933422552581575
2326;10.592425962369937;1.775169398511473;460.965;28.930529210326316
2327;10.637003447004084;1.782640074904801;470.6025;28.927636157405285
2328;10.529520967554493;2.0110627025210364;486.67;30.321698474612777
2329;10.592459154229662;2.0110627025210364;492.2225;31.655830108247137
2330;10.636951783951963;2.0110627025210364;500.1275;32.94756033048195
2331;10.529545311883297;2.0110627025210364;498.7275;34.34119752815977
2332;10.592492256534378;2.0110627025210364;499.41999999999996;35.67489576469929
2333;10.63690021750803;2.0110627025210364;498.78;36.966273068490196
2334;10.52956963402101;2.0110627025210364;466.6625;38.35948528886338
2335;10.59252526961057;0.19142866681761245;439.52250000000004;28.407995155420966
2336;10.63684874738526;0.10672856358447814;408.45;17.878838566431742
2337;10.529593933986627;2.0110627025210364;343.53999999999996;19.273936445287802
2338;10.592558193783152;2.0110627025210364;251.08;20.609078767549278
2339;10.636797373297787;2.0110627025210364;165.1725;21.902060355039627
2340;10.52961821179923;2.0110627025210364;146.02;23.296732847794853
2341;10.592591029375487;2.0110627025210364;142.20499999999998;24.63144169660336
2342;10.636746094960937;2.0110627025210364;150.4225;25.92406976222081
2343;10.52964246747797;2.0110627025210364;170.68;27.318317011140515
2344;10.592623776709404;2.0110627025210364;236.5375;28.65259259156547
2345;10.63669491209119;2.0110627025210364;332.5375;29.94486716581968
2346;10.529666701042084;2.0110627025210364;401.8775;31.338689313113118
2347;10.592656436105182;2.0110627025210364;433.6825;32.67253182988188
2348;10.636643824406192;0.1066942208378038;438.20500000000004;22.14294878722521
2349;10.529690912510887;0.08877013650124817;442.505;11.614418702872806
2350;10.59268900788159;1.7752134819296022;451.6675;11.613257261002518
2351;10.636592831624748;1.7825712604652624;463.445;11.612095935276418
2352;10.52971510190376;2.0110627025210364;472.0325;13.007705378874318
2353;10.592721492355883;2.0110627025210364;473.4125;14.343319190598343
2354;10.636541933466807;2.0110627025210364;479.1025;15.637170021885817
2355;10.529739269240169;2.0110627025210364;475.8275;17.032353999105467
2356;10.59275388984379;2.0110627025210364;467.6775;18.367534568353953
2357;10.636491129653464;2.0110627025210364;454.47;19.661031241726327
2358;10.529763414539662;2.0110627025210364;427.2275;21.055789894789477
2359;10.59278620065956;0.09934418489296606;401.9625;10.527368526326315
2360;10.63644041990695;0.10666013257097458;378.63;0.0
2361;10.529787537821843;1.7646719152320272;343.1625;0.0
2362;10.59281842511595;2.0110627025210364;266.61;1.3368224961398467
2363;10.636389803950635;2.0110627025210364;202.4325;2.6321185001371292
2364;10.5298116391064;2.0110627025210364;148.04;4.028534231136035
2365;10.592850563524237;2.0110627025210364;139.5275;5.364923342364896
2366;10.636339281508993;2.0110627025210364;131.5625;6.6598645325971155
2367;10.529835718413086;2.0110627025210364;135.95;8.055854613651425
2368;10.592882616194217;2.0110627025210364;166.98000000000002;9.391810542805555
2369;10.636288852307645;2.0110627025210364;236.165;10.686396952059011
2370;10.529859775761725;2.0110627025210364;302.185;12.081961525390167
2371;10.592914583434244;2.0110627025210364;342.47249999999997;13.417484474975096
2372;10.63623851607331;1.7825118812327274;344.875;13.416142726527598
2373;10.529883811172212;1.058941402309602;346.815;8.981973393752149
2374;10.592946465551194;2.0110627025210364;355.3;10.317776054139141
2375;10.636188272533815;2.0110627025210364;370.61;11.612365417626604
2376;10.529907824664512;2.0110627025210364;382.98;13.007791747653556
2377;10.592978262850512;2.0110627025210364;397.375;14.343161618770806
2378;10.636138121418096;2.0110627025210364;413.0275;15.637396087261738
2379;10.52993181625865;2.0110627025210364;425.2175;17.032397122207296
2380;10.593009975636203;2.0110627025210364;435.4475;18.367334405640683
2381;10.636088062456182;2.0110627025210364;445.4925;19.661214012866747
2382;10.52995578597472;2.0110627025210364;427.99;21.055789894789477
2383;10.593041604210852;0.09938698760597382;407.6625;10.527368526326315
2384;10.636038095379185;0.10659270758329965;393.745;0.0
2385;10.52997973383288;1.7647041250844746;349.08500000000004;0.0
2386;10.593073148875602;2.0110627025210364;292.635;1.3365805085681781
2387;10.635988219919318;2.0110627025210364;244.6825;2.6322580415939694
2388;10.530003659853357;2.0110627025210364;194.51;4.028491338929121
2389;10.59310460993021;2.0110627025210364;157.6475;5.364639110361528
2390;10.635938435809862;2.0110627025210364;141.84;6.659961132431123
2391;10.53002756405643;2.0110627025210364;142.0575;8.055768950464271
2392;10.593135987673014;2.0110627025210364;156.4775;9.391484185279861
2393;10.635888742785179;2.0110627025210364;221.91750000000002;10.686450731215412
2394;10.530051446462448;2.0110627025210364;300.315;12.081833212002966
2395;10.593167282400954;2.0110627025210364;329.2775;13.41711611040086
2396;10.635839140580694;0.10655936503540538;326.97749999999996;2.8894586093161365
2397;10.530075307091822;1.6363044594579172;312.79;2.082584751432874
2398;10.593198494409593;2.0110627025210364;300.8025;3.418837923268617
2399;10.635789628932894;2.0110627025210364;284.8625;4.71449589199004
2400;10.530099145965016;2.0110627025210364;250.8925;6.1104302537340764
2401;10.593229623993114;2.0110627025210364;243.92000000000002;7.446251067915244
2402;10.63574020757933;2.0110627025210364;255.2;8.74155324560809
2403;10.530122963102553;2.0110627025210364;271.14;10.137062275336104
2404;10.593260671444318;2.0110627025210364;280.055;11.472450931236468
2405;10.635690876258606;2.0110627025210364;283.9325;12.76739735369767
2406;10.53014675852502;2.0110627025210364;284.63;14.162481193363531
2407;10.59329163705466;2.0110627025210364;267.77750000000003;15.497437890042267
2408;10.63564163471036;2.0110627025210364;245.51999999999998;16.79202859327842
2409;10.530170532253054;2.0110627025210364;202.5725;18.18668738477869
2410;10.593322521114226;2.0110627025210364;157.9325;19.5212123209817
2411;10.635592482675287;2.0110627025210364;120.14;20.81544734120808
2412;10.530194284307354;2.0110627025210364;107.715;22.209681226381974
2413;10.593353323911755;2.0110627025210364;101.36500000000001;23.543774600543166
2414;10.63554341989511;2.0110627025210364;102.2675;24.837653974182757
2415;10.530218014708673;2.0110627025210364;114.0125;26.2314630948121
2416;10.59338404573466;2.0110627025210364;151.98000000000002;27.56512510505469
2417;10.635494446112581;2.0110627025210364;228.54250000000002;28.858648868737234
2418;10.530241723477811;2.0110627025210364;290.885;30.25203336654644
2419;10.593414686869005;2.0110627025210364;329.09;31.58526421068423
2420;10.635445561071482;0.10649340561278416;336.8325;21.055789894789477
2421;10.530265410635629;0.08886641581385953;347.295;10.527368526326315
2422;10.59344524759954;0.09945463361964971;361.2875;0.0
2423;10.635396764516614;1.782370813302689;376.2675;-0.0
2424;10.530289076203037;1.7647559673263855;377.8975;-0.0
2425;10.5934757282097;1.775345327255367;390.315;-0.0
2426;10.635348056193791;1.782362650345078;398.8275;-0.0
2427;10.530312720200993;1.7647599297899212;404.015;-0.0
2428;10.593506128981602;1.7753504220769085;403.8275;-0.0
2429;10.635299435849841;2.0110627025210364;396.0775;1.2964655359426507
2430;10.530336342650513;2.0110627025210364;387.71000000000004;2.6925163638710696
2431;10.593536450196073;2.0110627025210364;362.1675;4.028387484548413
2432;10.635250903232592;2.0110627025210364;290.1175;5.324496287728996
2433;10.53035994357266;2.0110627025210364;181.0575;6.720121891706196
2434;10.593566692132637;2.0110627025210364;105.5075;8.05556152199102
2435;10.635202458090877;2.0110627025210364;87.16;9.351313630652488
2436;10.530383522988542;2.0110627025210364;83.405;10.746514152450308
2437;10.593596855069533;2.0110627025210364;82.4925;12.081522488719006
2438;10.635154100174521;3.4285714285714284;84.1825;13.37691794130434
2439;10.530407080919314;3.4285714285714284;88.1825;14.77169352263686
2440;10.59362693928373;2.0110627025210364;94.41749999999999;16.106270760965053
2441;10.63510582923433;2.0110627025210364;127.48;17.40130959611634
2442;10.53043061738619;2.0110627025210364;215.0425;18.79566037863985
2443;10.593656945050917;2.0110627025210364;252.185;20.129806714803617
2444;10.635057645022114;0.3470422611221357;240.995;11.112784895896489
2445;10.53045413241041;2.0110627025210364;226.5625;12.507742191617009
2446;10.593686872645513;2.0110627025210364;205.9225;13.84248888838461
2447;10.635009547290649;2.0110627025210364;176.4;15.137845569569656
2448;10.530477626013278;2.0110627025210364;155.5375;16.532378040300085
2449;10.593716722340698;2.0110627025210364;148.17000000000002;17.866693916272393
2450;10.634961535793682;2.0110627025210364;150.315;19.161693787876768
2451;10.530501098216135;2.0110627025210364;151.795;20.555801575192653
2452;10.593746494408386;2.0110627025210364;148.7975;21.889686825347166
2453;10.63491361028594;2.0110627025210364;147.4875;23.18432992689299
2454;10.530524549040363;2.0110627025210364;141.3525;24.578013172311955
2455;10.593776189119245;2.0110627025210364;132.5475;25.911467991331442
2456;10.634865770523108;2.0110627025210364;124.93;27.205754362535355
2457;10.530547978507387;2.0110627025210364;120.41;28.599013207517082
2458;10.593805806742733;2.0110627025210364;106.0825;29.932037789790737
2459;10.634818016261837;2.0110627025210364;102.00750000000001;31.225967470563013
2460;10.53057138663869;2.0110627025210364;102.5175;32.6188020565092
2461;10.593835347547051;2.0110627025210364;100.03;33.951396596133854
2462;10.634770347259732;2.0110627025210364;97.4025;35.2449696265775
2463;10.53059477345577;3.4285714285714284;98.63;36.63738009483186
2464;10.59386481179919;2.0110627025210364;105.1625;37.969544785613145
2465;10.634722763275342;2.0110627025210364;158.3025;39.26276120602301
2466;10.530618138980183;2.0110627025210364;246.87;40.65474769787123
2467;10.593894199764929;2.0110627025210364;315.8375;41.986482733324756
2468;10.634675264068159;1.782249898082544;355.975;41.982284085051425
2469;10.530641483233518;1.7648150267126446;380.2925;41.97808585664292
2470;10.593923511708834;1.7754203706465264;394.0225;41.973888048057255
2471;10.634627849398637;1.782241951926425;411.5475;41.96969065925245
2472;10.530664806237407;2.0110627025210364;421.1775;43.36136212426099
2473;10.593952747894273;2.0110627025210364;438.9925;44.69277087754901
2474;10.634580519028136;2.0110627025210364;443.29;45.98545010738452
2475;10.530688108013527;2.0110627025210364;440.05;47.37669785976094
2476;10.59398190858342;2.0110627025210364;439.66;48.70767737682071
2477;10.63453327271898;2.0110627025210364;434.1225;50.0
2478;10.53071138858357;1.7648267420494943;432.6375;49.995
2479;10.594010994037253;0.09954944624964716;415.475;39.463684710526316
2480;10.634486110234388;0.10633261263000233;394.925;28.933422552581575
2481;10.530734647969288;0.08894505462222224;357.7325;18.404213420852635
2482;10.594040004515582;2.0110627025210364;275.71000000000004;19.738034995220747
2483;10.634439031338523;2.0110627025210364;197.845;21.03334411194963
2484;10.530757886192461;2.0110627025210364;168.1125;22.427020785655596
2485;10.594068940277038;2.0110627025210364;169.18;23.760412590313845
2486;10.634392035796461;2.0110627025210364;174.2525;25.055364115048178
2487;10.5307811032749;2.0110627025210364;218.73000000000002;26.448616530525516
2488;10.594097801579078;2.0110627025210364;272.20500000000004;27.78157875737234
2489;10.634345123374185;2.0110627025210364;352.6;29.076172732291127
2490;10.530804299238454;2.0110627025210364;401.4725;30.469001030741364
2491;10.59412658867801;0.27727033707745774;418.98;21.055789894789477
2492;10.634298293838592;0.10630113675096009;417.34;10.527368526326315
2493;10.530827474105008;0.08896061122050275;392.5375;0.0
2494;10.594155301828978;2.0110627025210364;355.02250000000004;1.3355524632624705
2495;10.634251546957481;2.0110627025210364;318.415;2.6328799384065373
2496;10.530850627896474;2.0110627025210364;273.5325;4.028308553911047
2497;10.594183941285987;2.0110627025210364;252.18;5.363430978833968
2498;10.634204882499546;2.0110627025210364;260.38750000000005;6.660399997361515
2499;10.53087376063481;2.0110627025210364;266.36;8.055403884758709
2500;10.59421250730189;2.0110627025210364;264.9575;9.390096462433439
2501;10.634158300234391;2.0110627025210364;281.39;10.686707067564523
2502;10.530896872341987;2.0110627025210364;309.15999999999997;12.08128636813288
2503;10.594241000128406;2.0110627025210364;293.5775;13.41554928937408
2504;10.634111799932494;2.0110627025210364;257.9425;14.711801524509275
2505;10.530919963040024;2.0110627025210364;210.59;16.1059563794688
2506;10.59426942001614;2.0110627025210364;162.2425;17.43978983481552
2507;10.63406538136522;2.0110627025210364;151.61;18.73568374353508
2508;10.530943032750962;2.0110627025210364;149.245;20.129414294047315
2509;10.594297767214554;2.0110627025210364;154.1625;21.46281847376408
2510;10.634019044304832;2.0110627025210364;166.6275;22.758354099827113
2511;10.530966081496867;2.0110627025210364;195.0925;24.151660486995105
2512;10.59432604197201;2.0110627025210364;236.565;25.484635581072997
2513;10.633972788524453;2.0110627025210364;280.155;26.77981296841666
2514;10.530989109299846;2.0110627025210364;307.51;28.172695333284967
2515;10.594354244535754;2.0110627025210364;340.1975;29.50524153144267
2516;10.633926613798092;0.10623884742873337;353.545;18.975975217815844
2517;10.531012116182024;0.0889915551200364;379.94;8.447761830820378
2518;10.594382375151923;1.7754972709095218;390.86;8.446917054637296
2519;10.633880519900615;1.8227108616117509;398.595;8.676186197765803
2520;10.531035102165566;2.0110627025210364;405.28;10.070835232088738
2521;10.594410434065564;2.0110627025210364;410.72249999999997;11.405138236203243
2522;10.633834506607762;2.0110627025210364;416.4625;12.70185494110225
2523;10.531058067272651;2.0110627025210364;419.5525;14.09607959169912
2524;10.594438421520634;2.0110627025210364;430.8375;15.429953483295348
2525;10.633788573696126;2.0110627025210364;428.27750000000003;16.7263113429357
2526;10.531081011525497;2.0110627025210364;403.145;18.120111750852182
2527;10.594466337759995;1.7755113420819801;373.08;18.118299739677095
2528;10.633742720943165;0.10620802909024962;343.3475;7.590172120229444
2529;10.53110393494633;2.0110627025210364;311.65;8.984864364818408
2530;10.59449418302544;2.0110627025210364;256.64;10.319196404507759
2531;10.633696948127177;2.0110627025210364;205.4775;11.61615238414649
2532;10.531126837557423;2.0110627025210364;179.35500000000002;13.010420273228524
2533;10.594521957557681;2.0110627025210364;186.4675;14.344323371521405
2534;10.63365125502732;2.0110627025210364;213.48250000000002;15.640920246908298
2535;10.531149719381062;2.0110627025210364;242.3875;17.034763921471598
2536;10.594549661596366;2.0110627025210364;285.7075;18.3682382665629
2537;10.633605641423594;2.0110627025210364;327.4;19.66447608338383
2538;10.531172580439556;2.0110627025210364;355.615;21.057895684357913
2539;10.594577295380082;1.77552993730959;357.275;21.055789894789477
2540;10.633560107096825;0.10617742509897149;355.2875;10.527368526326315
2541;10.53119542075524;0.08902227486923613;353.7875;0.0
2542;10.594604859146356;1.775534556681448;352.8375;-0.0
2543;10.63351465182869;1.7820553927503036;352.8575;-0.0
2544;10.531218240350476;2.0110627025210364;366.96750000000003;1.3953426716670474
2545;10.594632353131669;2.0110627025210364;371.055;2.7303024019247957
2546;10.63346927540169;2.0110627025210364;365.99;4.028233560052997
2547;10.531241039247645;2.0110627025210364;357.5525;5.42315174941173
2548;10.59465977757146;2.0110627025210364;363.8325;6.757682645543902
2549;10.633423977599154;2.0110627025210364;372.695;8.055254098560152
2550;10.531263817469146;2.0110627025210364;365.62;9.449747946554607
2551;10.594687132700125;1.838014336220146;349.715;9.802900485197423
2552;10.633378758205238;1.782032618533834;338.075;9.801920195148902
2553;10.531286575037402;1.7649231367181857;314.5575;9.800940003129387
2554;10.59471441875103;1.7755529176176699;289.7875;9.799959909129074
2555;10.63333361700491;2.0110627025210364;268.2625;11.097312976983497
2556;10.531309311974862;2.0110627025210364;246.1925;12.491459399309681
2557;10.59474163595651;2.0110627025210364;247.0975;13.825205699211066
2558;10.633288553783956;2.0110627025210364;249.6975;15.122199052546387
2559;10.531332028303988;2.0110627025210364;266.5025;16.515921405752344
2560;10.594768784547888;2.0110627025210364;290.91499999999996;17.849239468291273
2561;10.633243568328977;2.0110627025210364;313.685;19.145873154431914
2562;10.531354724047267;2.0110627025210364;332.9675;20.539171579271567
2563;10.594795864755458;1.775566567036151;345.955;20.53711766211364
2564;10.63319866042738;0.10611685077264899;349.9375;10.008748160873747
2565;10.531377399227196;1.764938357813234;361.05;10.00774728605766
2566;10.594822876808514;1.775571093947186;376.2125;10.006746511329053
2567;10.633153829867378;2.0110627025210364;386.145;11.304249698303911
2568;10.5314000538663;2.0110627025210364;382.5425;12.698289222161097
2569;10.594849820935341;2.0110627025210364;385.53;14.031912063350306
2570;10.633109076437972;2.0110627025210364;394.195;15.329055249527899
2571;10.531422687987117;2.0110627025210364;386.9475;16.722670790415187
2572;10.594876697363226;2.0110627025210364;382.53499999999997;18.055865660841082
2573;10.633064399928973;2.0110627025210364;373.59749999999997;19.352648894342472
2574;10.531445301612207;2.0110627025210364;366.055;20.745840592921443
2575;10.594903506318463;2.0110627025210364;358.47249999999997;22.078607677859612
2576;10.63301980013097;2.0110627025210364;353.0075;23.375031006967404
2577;10.531467894764143;2.0110627025210364;341.2075;24.76779900384077
2578;10.594930248026357;2.0110627025210364;325.40500000000003;26.10013848831535
2579;10.632975276835353;2.0110627025210364;311.0375;27.396201961472933
2580;10.531490467465511;2.0110627025210364;297.03000000000003;28.788546397184547
2581;10.59495692271123;2.0110627025210364;286.1175;30.12045846596916
2582;10.632930829834292;2.0110627025210364;282.5725;31.416162131779988
2583;10.531513019738926;2.0110627025210364;293.9275;32.80808314681483
2584;10.594983530596423;2.0110627025210364;323.53249999999997;34.139567984433555
2585;10.63288645892073;2.0110627025210364;352.2575;35.43491189166042
2586;10.531535551607002;2.0110627025210364;374.545;36.82640962644461
2587;10.595010071904312;1.775602465703457;387.615;36.822726985481964
2588;10.632842163888402;0.1060571060315558;399.825;26.292728923309735
2589;10.531558063092374;0.08908304957578317;401.175;15.763783860943718
2590;10.595036546856296;0.09972131716830061;414.58000000000004;5.235891693083942
2591;10.632797944531804;1.7819352808075208;417.195;5.235368103914634
2592;10.531580554217696;1.7649724042652528;401.1375;5.2348445671042425
2593;10.595062955672827;2.0110627025210364;398.91999999999996;6.5690112747583465
2594;10.632753800646203;2.0110627025210364;398.0975;7.8672382630169775
2595;10.53160302500563;2.0110627025210364;397.475;9.261428665435327
2596;10.595089298573384;2.0110627025210364;397.8625;10.595167688924068
2597;10.63270973202763;2.0110627025210364;389.325;11.893033926728927
2598;10.531625475478858;2.0110627025210364;383.895;13.28680042163134
2599;10.595115575776507;2.0110627025210364;359.245;14.620111944601495
2600;10.632665738472884;2.0110627025210364;280.0325;15.917617481857794
2601;10.531647905660062;2.0110627025210364;188.5875;17.31096020973255
2602;10.595141787499783;2.0110627025210364;133.9925;18.643844415586784
2603;10.632621819779521;2.0110627025210364;115.235;19.940989302354684
2604;10.531670315571954;2.0110627025210364;105.175;21.333908403631092
2605;10.595167933959859;2.0110627025210364;103.025;22.666365475528863
2606;10.632577975745846;2.0110627025210364;104.7875;23.963149762022756
2607;10.531692705237244;2.0110627025210364;109.88499999999999;25.35564537707117
2608;10.595194015372442;2.0110627025210364;118.2875;26.687675497929643
2609;10.632534206170929;2.0110627025210364;160.74;27.98409923451747
2610;10.531715074678656;2.0110627025210364;248.72249999999997;29.376171503649296
2611;10.595220031952326;2.0110627025210364;293.935;30.70777485614422
2612;10.632490510854563;1.7818837584407043;307.0075;30.704704078658605
2613;10.531737423918932;0.08911310839816505;309.4425;20.175317818777053
2614;10.595245983913355;1.7756420018569956;315.9975;20.173300286995175
2615;10.632446889597313;2.0110627025210364;317.02250000000004;21.470458411849027
2616;10.531759752980815;2.0110627025210364;306.695;22.863139600676067
2617;10.595271871468464;2.0110627025210364;300.32;24.19534500882096
2618;10.632403342200456;2.0110627025210364;293.455;25.49214229922965
2619;10.531782061887068;2.0110627025210364;293.965;26.884400126207012
2620;10.595297694829672;2.0110627025210364;296.61;28.216178876106206
2621;10.632359868466038;2.0110627025210364;298.52750000000003;29.51261538317586
2622;10.531804350660455;2.0110627025210364;299.1575;30.90444998851011
2623;10.595323454208083;2.0110627025210364;254.465;32.23580226201358
2624;10.63231646819681;2.0110627025210364;169.95499999999998;33.53187803700041
2625;10.531826619323748;2.0110627025210364;132.5975;34.92328956083915
2626;10.595349149813899;2.0110627025210364;114.1325;36.254215539559866
2627;10.632273141196269;2.0110627025210364;105.2625;37.54993063386946
2628;10.53184886789974;2.0110627025210364;104.2225;38.94091921630132
2629;10.595374781856416;3.4285714285714284;107.8175;40.271419081616095
2630;10.632229887268632;3.4285714285714284;112.53;41.566773546802736
2631;10.531871096411226;3.4285714285714284;116.00999999999999;42.95733932785739
2632;10.595400350544038;2.0110627025210364;120.55250000000001;44.28741326090777
2633;10.632186706218842;2.0110627025210364;168.88;45.58240714867378
2634;10.531893304880997;2.0110627025210364;263.1625;46.97255026832197
2635;10.595425856084272;2.0110627025210364;319.4775;48.30219845001508
2636;10.632143597852556;1.781825619790758;330.805;48.29736823017008
2637;10.531915493331867;0.08914295079439964;345.91;37.766222703873375
2638;10.59545129868374;0.0997908248292152;355.7975;27.236130292129307
2639;10.632100561976161;1.7818184074702674;360.62;27.233406679100096
2640;10.531937661786655;1.7650322514079795;383.65250000000003;27.230683338432186
2641;10.59547667854819;1.7756806636383113;384.6125;27.227960270098343
2642;10.63205759839674;2.0110627025210364;395.885;28.524782755594433
2643;10.531959810268178;2.0110627025210364;394.28;29.916568457564104
2644;10.595501995882474;2.0110627025210364;382.74;31.247849904629998
2645;10.632014706922092;2.0110627025210364;380.6175;32.54431114806355
2646;10.531981938799271;2.0110627025210364;372.1075;33.935673875089435
2647;10.595527250890587;2.0110627025210364;346.6425;35.26652941935586
2648;10.63197188736073;2.0110627025210364;282.08;36.56262947342123
2649;10.532004047402761;2.0110627025210364;208.075;37.95356936544126
2650;10.595552443775647;2.0110627025210364;166.075;39.28399918691785
2651;10.631929139521864;2.0110627025210364;148.7275;40.57973810445339
2652;10.532026136101493;2.0110627025210364;144.76749999999998;41.970255301346526
2653;10.595577574739915;2.0110627025210364;141.7575;43.30025957981348
2654;10.631886463215391;2.0110627025210364;141.4675;44.59563741380087
2655;10.532048204918308;2.0110627025210364;150.36;45.9857320553871
2656;10.595602643984785;2.0110627025210364;198.14000000000001;47.31531097039602
2657;10.631843858251928;2.0110627025210364;271.5375;48.61032777395965
2658;10.53207025387606;2.0110627025210364;338.775;50.0
2659;10.595627651710803;1.7765880100579785;395.43;50.0
2660;10.631801324442767;1.7817682586833838;422.4325;49.995
2661;10.5320922829976;0.08917257871964498;433.1025;39.463684710526316
2662;10.595652598117658;0.5983635838223629;435.8975;32.06476948966674
2663;10.631758861599897;1.7817611423967554;432.78249999999997;32.06156301271777
2664;10.53211429230579;2.0110627025210364;439.875;33.452848278725995
2665;10.595677483404199;2.0110627025210364;435.105;34.78360938466413
2666;10.631716469535995;2.0110627025210364;438.6725;36.08000037766647
2667;10.53213628182348;2.0110627025210364;449.5025;37.470862909896404
2668;10.595702307768436;2.0110627025210364;452.615;38.8011986312254
2669;10.631674148064413;2.0110627025210364;451.64;40.097228070701085
2670;10.532158251573543;2.0110627025210364;417.485;41.48766800889915
2671;10.595727071407532;1.7757226266166781;388.98;41.48351924209826
2672;10.63163189699919;0.10585427914814001;353.4575;30.95305510070037
2673;10.53218020157884;1.765072898302141;322.515;30.949959795190303
2674;10.595751774517831;2.0110627025210364;285.3075;32.280900613418844
2675;10.63158971615505;2.0110627025210364;232.745;33.577662293010206
2676;10.532202131862244;2.0110627025210364;202.29;34.968712501511774
2677;10.595776417294836;2.0110627025210364;200.9675;36.29922803383153
2678;10.631547605347366;2.0110627025210364;224.2725;37.59562788594815
2679;10.532224042446625;2.0110627025210364;242.9725;38.98625548283526
2680;10.595800999933234;2.0110627025210364;291.8375;40.31634590735041
2681;10.631505564392214;2.0110627025210364;345.745;41.612383986587076
2682;10.532245933354856;2.0110627025210364;393.9625;43.0025891115013
2683;10.595825522626887;1.7757391259146167;427.155;42.99828885259015
2684;10.631463593106307;0.10582607334133454;444.93;32.467673234231206
2685;10.53226780460981;0.08920199413362875;451.685;21.9381106774341
2686;10.59584998556885;0.09985764018960114;464.4075;11.409601076892674
2687;10.631421691307041;1.7817046365133922;480.1575;11.408460116784985
2688;10.532289656234363;1.7650912416500864;482.4975;11.407319270773307
2689;10.595874388951364;1.775747315351497;478.35249999999996;11.40617853884623
2690;10.631379858812469;2.0110627025210364;478.15250000000003;12.7052270551205
2691;10.532311488251382;2.0110627025210364;476.29999999999995;14.098260618576175
2692;10.595898732965862;2.0110627025210364;475.2875;15.430746996196747
2693;10.631338095441302;2.0110627025210364;472.1225;16.72943273082789
2694;10.532333300683758;2.0110627025210364;440.03000000000003;18.12204315190524
2695;10.59592301780297;1.7757554649906415;407.705;18.12023094759005
2696;10.63129640101291;0.10579805385940234;371.8725;7.592103135021608
2697;10.532355093554353;2.0110627025210364;311.64;8.985606585831471
2698;10.595947243652526;2.0110627025210364;263.945;10.318558143702987
2699;10.631254775347307;2.0110627025210364;232.525;11.617834251308675
2700;10.532376866886047;2.0110627025210364;209.2625;13.0109144443418
2701;10.595971410703568;2.0110627025210364;208.16500000000002;14.343440512728977
2702;10.631213218265154;2.0110627025210364;224.3875;15.642353611325808
2703;10.532398620701711;2.0110627025210364;245.0575;17.03501068629805
2704;10.595995519144344;2.0110627025210364;294.2675;18.367111442042294
2705;10.631171729587779;2.0110627025210364;321.31;19.6656615877897
2706;10.532420355024222;2.0110627025210364;366.305;21.057895684357913
2707;10.596019569162317;1.7757716458937798;387.9175;21.055789894789477
2708;10.63113030913713;0.1057702187613546;396.0825;10.527368526326315
2709;10.532442069876446;0.08923119899846826;392.21;-0.0
2710;10.596043560944167;1.7757756666419169;390.91249999999997;0.0
2711;10.631088956735814;1.7816488740062226;389.4575;0.0
2712;10.53246376528126;1.7651204203342852;371.9;-0.0
2713;10.596067494675802;2.0110627025210364;369.39;1.333735880057988
2714;10.631047672207053;2.0110627025210364;368.6075;2.6341072178732814
2715;10.532485441261521;2.0110627025210364;361.0875;4.027982637953049
2716;10.596091370542354;2.0110627025210364;356.02750000000003;5.361293037674018
2717;10.631006455374722;2.0110627025210364;357.1775;6.661300775764265
2718;10.532507097840101;2.0110627025210364;357.385;8.054752902738592
2719;10.59611518872817;1.7757876706389897;352.29;8.053947427448318
2720;10.630965306063324;0.4994944098120328;352.585;-0.0
2721;10.532528735039863;1.7651313085224782;332.5725;0.0
2722;10.596138949416865;2.0110627025210364;305.4125;1.3336679980539783
2723;10.63092422409799;2.0110627025210364;286.27750000000003;2.6341566183610823
2724;10.53255035288366;2.0110627025210364;274.1925;4.027970367459769
2725;10.59616265279126;2.0110627025210364;272.965;5.361213050271325
2726;10.63088320930447;2.0110627025210364;277.115;6.661337880127052
2727;10.532571951394356;2.0110627025210364;283.685;8.0547283925144
2728;10.596186299033434;2.0110627025210364;296.2925;9.387545935593387
2729;10.630842261509143;2.0110627025210364;306.72;10.687307032566142
2730;10.532593530594795;2.0110627025210364;334.88;12.08027444779783
2731;10.596209888324708;1.775803541207868;351.6675;12.079066420353051
2732;10.63080138053901;1.7816006795259287;357.0575;12.077858513711016
2733;10.532615090507832;0.08926019527668061;366.02750000000003;1.5503349383859621
2734;10.596233420845657;1.5290046900324787;373.0625;0.0
2735;10.630760566221683;1.7815938395133202;377.935;-0.0
2736;10.532636631156302;1.7651493906771047;386.325;-0.0
2737;10.5962568967761;1.7758114192864762;398.1275;-0.0
2738;10.630719818385396;2.0110627025210364;405.48249999999996;1.3008161725338738
2739;10.532658152563052;2.0110627025210364;404.625;2.6946608459817214
2740;10.596280316295136;2.0110627025210364;409.4375;4.027925079416744
2741;10.630679136858985;2.0110627025210364;396.7575;5.328377106892766
2742;10.532679654750916;1.7651566009393096;379.8025;5.327844269182077
2743;10.596303679581096;1.77581925954933;359.6575;5.3273114847551595
2744;10.630638521471903;1.7815733862096266;346.76;5.326778753606684
2745;10.532701137742716;1.7651602012429384;323.96500000000003;5.326246075731323
2746;10.596326986811594;2.0110627025210364;289.14;6.659202813652735
2747;10.630597972054204;2.0110627025210364;257.625;7.959468819919875
2748;10.532722601561288;2.0110627025210364;235.6975;9.35258640155466
2749;10.596350238163517;2.0110627025210364;201.9625;10.685118416659165
2750;10.630557488436553;2.0110627025210364;193.58249999999998;11.985020290802774
2751;10.532744046229435;2.0110627025210364;209.2375;13.37771494485573
2752;10.596373433813007;2.0110627025210364;241.33;14.70982241123889
2753;10.630517070450207;2.0110627025210364;277.975;16.00936021207007
2754;10.532765471769984;2.0110627025210364;314.6625;17.40163207786738
2755;10.596396573935506;2.0110627025210364;335.1225;18.733315169420862
2756;10.630476717927019;0.4753828903385334;343.9175;10.527368526326315
2757;10.53278687820573;0.08928898492934682;347.0025;-0.0
2758;10.596419658705713;1.7758386963236457;347.78499999999997;-0.0
2759;10.630436430699442;1.7815395181083749;343.3275;0.0
2760;10.53280826555948;1.7651781546393297;320.2725;-0.0
2761;10.596442688297628;1.7758425558197586;318.2175;-0.0
2762;10.630396208600532;1.781532777344797;319.25;-0.0
2763;10.532829633854023;1.765181735721011;311.54;0.0
2764;10.596465662884533;1.7758464060976613;304.815;0.0
2765;10.630356051463913;1.8445990043299387;301.7875;0.3575381848228598
2766;10.532850983112146;2.0110627025210364;290.2475;1.7512939970478385
2767;10.596488582639;2.0110627025210364;243.155;3.0844547141410845
2768;10.630315959123811;2.0110627025210364;167.2325;4.38534610750205
2769;10.532872313356624;2.0110627025210364;113.735;5.778678875202507
2770;10.596511447732889;2.0110627025210364;94.3875;7.111415131968743
2771;10.63027593141503;2.0110627025210364;88.735;8.411941855611268
2772;10.532893624610233;2.0110627025210364;87.685;9.804851718045985
2773;10.596534258337378;2.0110627025210364;89.555;11.13716368745367
2774;10.630235968172961;2.0110627025210364;91.42;12.437325801320611
2775;10.53291491689573;2.0110627025210364;95.9125;13.829812897689536
2776;10.596557014622928;2.0110627025210364;101.935;15.161700752507985
2777;10.630196069233572;2.0110627025210364;117.13499999999999;16.46149831666084
2778;10.53293619023588;2.0110627025210364;171.76749999999998;17.85356278610509
2779;10.596579716759319;2.0110627025210364;217.785;19.185026698905126
2780;10.630156234433402;2.0110627025210364;218.9575;20.484459773523504
2781;10.532957444653412;2.0110627025210364;205.0125;21.87610175512541
2782;10.596602364915626;2.0110627025210364;186.08749999999998;23.207141898280057
2783;10.630116463609575;2.0110627025210364;168.01;24.506210543661133
2784;10.532978680171079;2.0110627025210364;150.79250000000002;25.897430176444242
2785;10.596624959260248;2.0110627025210364;137.7975;27.228046722129363
2786;10.630076756599776;2.0110627025210364;139.4325;28.526750998687362
2787;10.532999896811607;2.0110627025210364;142.5675;29.917548421616466
2788;10.596647499960898;2.0110627025210364;148.0825;31.247741541811454
2789;10.630037113242265;2.0110627025210364;154.3175;32.54608151007712
2790;10.533021094597714;2.0110627025210364;160.495;33.936456862058286
2791;10.59666998718461;2.0110627025210364;157.6825;35.266226728546705
2792;10.629997533375864;2.0110627025210364;142.6575;36.564202449166785
2793;10.533042273552113;2.0110627025210364;117.3925;37.95415586904736
2794;10.596692421097728;2.0110627025210364;101.5225;39.283502653417614
2795;10.62995801683996;2.0110627025210364;93.625;40.58111418715431
2796;10.533063433697501;3.4285714285714284;91.4;41.970645813722975
2797;10.596714801865941;3.4285714285714284;89.8175;43.29956968736896
2798;10.629918563474508;3.4285714285714284;93.52250000000001;44.59681709509944
2799;10.533084575056575;3.4285714285714284;97.7325;45.98592706708618
2800;10.596737129654258;3.4285714285714284;109.505;47.31442820120793
2801;10.62987917312001;2.0110627025210364;147.3225;48.611311543923804
2802;10.533105697652013;2.0110627025210364;247.47;50.0
2803;10.59675940462702;1.7767776788978347;320.5475;50.0
2804;10.629839845617534;1.7814395372744494;351.3675;49.995
2805;10.533126801506484;0.08934595218533542;365.5325;39.463684710526316
2806;10.596781626947909;1.7758993580595939;373.4925;39.45973834205526
2807;10.629800580808695;1.7814329569417346;377.4875;39.455792368221054
2808;10.53314788664266;2.0110627025210364;375.8375;40.84535629667371
2809;10.596803796779941;2.0110627025210364;388.4325;42.174308154103095
2810;10.629761378535665;2.0110627025210364;410.52;43.47181741367881
2811;10.533168953083175;2.0110627025210364;421.3125;44.860959726508426
2812;10.596825914285482;2.0110627025210364;417.385;46.18948901196457
2813;10.629722238641161;1.9435357467803407;409.925;47.10384761423765
2814;10.533190000850679;1.765242129106527;372.7575;47.09913722947623
2815;10.59684797962624;0.10002489257511389;335.3725;36.568111526279594
2816;10.629683160968446;1.7814132787199628;277.1925;36.56445471512696
2817;10.533211029967797;2.0110627025210364;209.2775;37.95424779118604
2818;10.596869992963278;2.0110627025210364;154.9225;39.28342587309181
2819;10.629644145361327;2.0110627025210364;133.4075;40.581335592411236
2820;10.533232040457147;2.0110627025210364;120.635;41.970707020417706
2821;10.596891954457;2.0110627025210364;119.0525;43.29946259298151
2822;10.629605191664155;2.0110627025210364;123.67;44.59700771464127
2823;10.533253032341333;2.0110627025210364;131.325;45.985957633145546
2824;10.596913864267178;2.0110627025210364;158.4975;47.31429086632841
2825;10.629566299721821;2.0110627025210364;254.8225;48.61147145250605
2826;10.533274005642953;2.0110627025210364;340.775;50.0
2827;10.59693572255294;1.775925182719919;380.8275;49.995
2828;10.629527469379749;0.10550160115683888;395.775;39.463684710526316
2829;10.533294960384584;0.08937413368932255;409.71999999999997;28.933422552581575
2830;10.596957529472775;0.10004325187598329;417.595;18.404213420852635
2831;10.629488700483902;1.7813806893676647;430.08;18.40237299951055
2832;10.53331589658879;1.765263227791804;431.37;18.4005327622106
2833;10.596979285184542;1.7759324833185555;435.0225;18.398692708934377
2834;10.629449992880764;2.0110627025210364;438.155;19.69887534642676
2835;10.533336814278144;2.0110627025210364;436.455;21.09023548532788
2836;10.597000989845458;2.0110627025210364;430.925;22.420975521426165
2837;10.629411346417362;2.0110627025210364;420.97;23.72079264477753
2838;10.533357713475178;2.0110627025210364;402.4625;25.111730737711632
2839;10.59702264361213;1.7759397496949356;368.59749999999997;25.10921956463786
2840;10.629372760941246;2.0110627025210364;301.75;26.408804519787214
2841;10.533378594202425;2.0110627025210364;238.5575;27.799453974842933
2842;10.597044246640522;2.0110627025210364;166.8025;29.129481995136953
2843;10.629334236300485;2.0110627025210364;133.48250000000002;30.42870152245198
2844;10.53339945648241;2.0110627025210364;122.6525;31.818929168641446
2845;10.597065799085987;2.0110627025210364;121.0075;33.148534766592896
2846;10.629295772343681;2.0110627025210364;119.0325;34.44738892938974
2847;10.533420300337633;2.0110627025210364;125.67;35.83719490517605
2848;10.59708730110326;2.0110627025210364;137.395;37.16637824963744
2849;10.629257368919948;2.0110627025210364;230.8075;38.46486711133852
2850;10.533441125790588;2.0110627025210364;317.3;39.854251555126325
2851;10.597108752846447;2.0110627025210364;360.2375;41.183012814766684
2852;10.62921902587892;0.1054499095551428;373.555;30.652578724011526
2853;10.533461932863757;0.08940211636642355;376.375;20.12319767666544
2854;10.597130154469067;0.10007218185028045;383.315;9.594869567424093
2855;10.629180743070751;1.781329079228702;392.435;9.593910080467351
2856;10.533482721579599;1.7652911857515425;407.0925;9.592950689459304
2857;10.597151506123998;1.863279013587901;407.52750000000003;10.086964233412314
2858;10.629142520346104;2.0110627025210364;418.84000000000003;11.388270142660174
2859;10.53350349196057;2.0110627025210364;423.57;12.780302998283366
2860;10.597172807963537;2.0110627025210364;423.3;14.111710800418178
2861;10.629104357556152;2.0110627025210364;413.4125;15.412650489659793
2862;10.533524244029103;2.0110627025210364;383.2925;16.80426119278318
2863;10.597194060139367;1.775968477143646;350.285;16.8025807666639
2864;10.629066254552583;1.7813098922629724;289.31;16.800900508587233
2865;10.533544977807628;2.0110627025210364;204.115;18.192352689619128
2866;10.597215262802571;2.0110627025210364;148.6175;19.523178954687726
2867;10.629028211187586;2.0110627025210364;123.505;20.823649836164048
2868;10.533565693318545;2.0110627025210364;121.51;22.214680062527815
2869;10.59723641610363;2.0110627025210364;116.765;23.545083999223117
2870;10.628990227313862;2.0110627025210364;119.815;24.845188774875027
2871;10.533586390584254;2.0110627025210364;127.025;26.2357971849425
2872;10.597257520192445;2.0110627025210364;141.85;27.565778961041183
2873;10.628952302784601;2.0110627025210364;223.715;28.865517695499708
2874;10.533607069627134;2.0110627025210364;319.925;30.25570442758438
2875;10.597278575218308;2.0110627025210364;367.8925;31.58526421068423
2876;10.62891443745351;0.1053988640199794;397.0;21.055789894789477
2877;10.533627730469547;0.08942990214818788;407.185;10.527368526326315
2878;10.597299581329935;0.10010057585367187;414.53499999999997;0.0
2879;10.628876631174784;1.7812781135544207;420.25750000000005;0.0
2880;10.53364837313384;1.765318947056738;393.185;-0.0
2881;10.597320538675445;1.7759896734991938;394.70500000000004;-0.0
2882;10.62883888380311;1.7812717875268134;402.21500000000003;0.0
2883;10.53366899764235;1.76532240348839;408.315;-0.0
2884;10.597341447402385;1.7759931775626028;405.4175;-0.0
2885;10.628801195193681;1.7812654713470855;409.36;0.0
2886;10.533689604017395;2.0110627025210364;387.065;1.3929948761834747
2887;10.597362307657715;2.0110627025210364;295.7775;2.725361384421027
2888;10.628763565202174;2.0110627025210364;160.4625;4.02776346134052
2889;10.53371019228128;2.0110627025210364;103.7975;5.420336002327169
2890;10.597383119587816;2.0110627025210364;87.08500000000001;6.752280005118511
2891;10.628725993684752;2.0110627025210364;79.60249999999999;8.054315083117485
2892;10.533730762456287;3.4285714285714284;74.47749999999999;9.446465427275701
2893;10.597403883338503;3.4285714285714284;74.2075;10.777987091561396
2894;10.628688480498074;3.4285714285714284;77.35;12.07965523637907
2895;10.53375131456469;3.4285714285714284;78.9975;13.471383522018979
2896;10.597424599055012;3.4285714285714284;89.075;14.802483014564515
2897;10.62865102549928;2.0110627025210364;115.05250000000001;16.103784292038743
2898;10.53377184862874;2.0110627025210364;205.5075;17.495090657412238
2899;10.597445266882012;2.0110627025210364;255.125;18.825768144808585
2900;10.62861362854599;0.4603527719761477;268.88250000000005;10.527368526326315
2901;10.533792364670683;0.0894574929566432;267.9;-0.0
2902;10.597465886963604;1.7760140322092932;259.77;0.0
2903;10.628576289496312;1.7812277797254552;247.355;0.0
2904;10.533812862712736;2.0110627025210364;237.755;1.3928777804229007
2905;10.597486459443331;2.0110627025210364;225.865;2.7251263561736936
2906;10.628539008208824;2.0110627025210364;216.6375;4.0277417857396935
2907;10.533833342777106;2.0110627025210364;204.85;5.420197335922869
2908;10.597506984464173;2.0110627025210364;202.5675;6.752023680948312
2909;10.628501784542587;2.0110627025210364;210.13;8.05427178326476
2910;10.533853804885979;2.0110627025210364;207.0775;9.446305241444753
2911;10.597527462168546;2.0110627025210364;187.035;10.77770952186049
2912;10.62846461835714;2.0110627025210364;143.1175;12.07959036346902
2913;10.533874249061531;2.0110627025210364;109.705;13.471201867824218
2914;10.597547892698323;2.0110627025210364;97.9325;14.80218424957403
2915;10.628427509512488;2.0110627025210364;85.675;16.10369789711221
2916;10.533894675325916;2.0110627025210364;81.3775;17.49488758576288
2917;10.59756827619481;2.0110627025210364;78.975;18.82544823461923
2918;10.628390457869106;2.0110627025210364;82.0675;20.12659475482012
2919;10.53391508370127;2.0110627025210364;86.1975;21.51736276582843
2920;10.597588612798772;2.0110627025210364;87.9875;22.847501847393012
2921;10.628353463287946;2.0110627025210364;105.11;24.148281307084726
2922;10.533935474209718;2.0110627025210364;175.0425;25.53862777845479
2923;10.597608902650425;2.0110627025210364;218.2075;26.86834545815904
2924;10.62831652563042;0.8562000969630498;235.055;21.055789894789477
2925;10.53395584687336;0.08948489070333727;243.78500000000003;10.527368526326315
2926;10.59762914588944;0.10015580710314641;246.22750000000002;0.0
2927;10.6282796447584;1.781178065461429;256.3675;-0.0
2928;10.53397620171428;1.7653738873759834;255.7525;0.0
2929;10.597649342654952;1.7760447772841628;246.125;-0.0
2930;10.628242820534235;1.7811718941427817;245.8025;-0.0
2931;10.533996538754552;1.7653772956312477;242.0325;-0.0
2932;10.59766949308554;1.7760481542657789;243.7625;-0.0
2933;10.628206052820726;1.781165732294674;230.69;0.0
2934;10.534016858016221;1.8398043184913109;200.9025;0.42188104796400416
2935;10.59768959731927;2.0110627025210364;173.29;1.754033742405901
2936;10.62816934148113;2.0110627025210364;136.4775;3.0570974646245874
2937;10.53403715952132;2.0110627025210364;113.47999999999999;4.44945645333287
2938;10.59770965549365;2.0110627025210364;109.74;5.781187334968569
2939;10.628132686379162;2.0110627025210364;103.17;7.0838831641748685
2940;10.534057443291866;2.0110627025210364;96.98;8.475820204731178
2941;10.597729667745678;2.0110627025210364;96.44;9.80712943835231
2942;10.628096087379001;2.0110627025210364;95.72749999999999;11.109457442398424
2943;10.534077709349853;2.0110627025210364;97.2975;12.500972672771825
2944;10.597749634211809;2.0110627025210364;98.0075;13.831860423003329
2945;10.628059544345268;2.0110627025210364;113.595;15.133820669833025
2946;10.534097957717256;2.0110627025210364;144.615;16.524914227934648
2947;10.597769555027973;2.0110627025210364;181.345;17.85538065923528
2948;10.628023057143038;2.0110627025210364;194.595;19.15697321688347
2949;10.534118188416038;2.0110627025210364;189.0675;20.547645240566542
2950;10.597789430329579;2.0110627025210364;185.41;21.877690517229386
2951;10.627986625637837;2.0110627025210364;155.83249999999998;23.17891545382172
2952;10.534138401468137;2.0110627025210364;125.8875;24.569166080881608
2953;10.597809260251513;2.0110627025210364;117.3925;25.898790367034582
2954;10.627950249695637;2.0110627025210364;115.795;27.199647750787026
2955;10.534158596895477;2.0110627025210364;113.98;28.589477118961245
2956;10.597829044928142;2.0110627025210364;114.05;29.918680578567614
2957;10.627913929182855;2.0110627025210364;116.15;31.219170477786047
2958;10.534178774719958;2.0110627025210364;117.075;32.60857872475431
2959;10.59784878449332;2.0110627025210364;116.06;33.93736152161318
2960;10.62787766396635;2.0110627025210364;106.1175;35.23748400469298
2961;10.534198934963467;2.0110627025210364;91.86500000000001;36.62647126807722
2962;10.597868479080384;2.0110627025210364;87.16;37.954833565824046
2963;10.627841453913428;2.0110627025210364;83.7325;39.25458870124971
2964;10.534219077647865;2.0110627025210364;82.9675;40.64315511861412
2965;10.597888128822158;2.0110627025210364;85.565;41.97109708072121
2966;10.627805298891825;2.0110627025210364;87.765;43.2704849370659
2967;10.534239202795002;2.0110627025210364;91.21;44.65863064591694
2968;10.597907733850962;2.0110627025210364;94.2625;45.98615243569394
2969;10.627769198769723;2.0110627025210364;109.445;47.285173081619135
2970;10.5342593104267;2.0110627025210364;177.21;48.67289821940561
2971;10.5979272942986;2.0110627025210364;241.03;50.0
2972;10.627733153415743;1.7810864797650567;280.08500000000004;49.995
2973;10.534279400564767;1.483223893630139;290.51;48.21748402866548
2974;10.597946810296385;0.10020904402320678;285.2025;37.68634649078893
2975;10.627697162698924;1.781080448132704;270.40250000000003;37.68257785613985
2976;10.534299473230995;2.0110627025210364;243.32999999999998;39.07122509878479
2977;10.597966281975113;2.0110627025210364;224.435;40.399250008398546
2978;10.627661226488758;2.0110627025210364;221.0125;41.698931918233384
2979;10.534319528447144;2.0110627025210364;223.4425;43.08715847301678
2980;10.597985709465094;2.0110627025210364;228.22750000000002;44.41476333317764
2981;10.627625344655145;2.0110627025210364;244.5025;45.714077779421935
2982;10.534339566234962;2.0110627025210364;264.5525;47.10188378372077
2983;10.598005092896138;1.7761043969542845;257.5675;47.097173595342404
2984;10.627589517068433;0.10517682252245956;231.5825;36.56614808850919
2985;10.534359586616185;2.0110627025210364;177.39;37.95484986641496
2986;10.598024432397546;2.0110627025210364;128.1975;39.28293117065065
2987;10.627553743599389;2.0110627025210364;122.935;40.58282682111417
2988;10.534379589612517;2.0110627025210364;126.46;41.97110792830017
2989;10.598043728098146;2.0110627025210364;119.3675;43.2987692758141
2990;10.627518024119201;2.0110627025210364;125.37;44.59829727597328
2991;10.53439957524564;2.0110627025210364;142.71;45.98615784976233
2992;10.598062980126269;2.0110627025210364;167.91750000000002;47.31339940285739
2993;10.627482358499487;2.0110627025210364;211.49;48.612559822342604
2994;10.534419543537231;2.0110627025210364;255.115;50.0
2995;10.59808218860975;1.7761173173137985;276.2;49.995
2996;10.627446746612284;0.10515289582751097;292.71500000000003;39.463684710526316
2997;10.534439494508932;0.08956594451342584;285.6825;28.933422552581575
2998;10.598101353675952;1.492633989087945;283.6475;27.149936985656883
2999;10.627411188330049;1.781032522100444;276.47749999999996;27.147221991958318
3000;10.534459428182375;2.0110627025210364;263.1125;28.536770812985868
3001;10.598120475451744;2.0110627025210364;247.525;29.865702684225415
3002;10.627375683525655;2.0110627025210364;264.69;31.16670921460762
3003;10.534479344579157;2.0110627025210364;273.04499999999996;32.55583716633596
3004;10.598139554063522;2.0110627025210364;275.8175;33.88434900625899
3005;10.627340232072386;2.0110627025210364;273.2725;35.18498735088959
3006;10.534499243720868;2.0110627025210364;264.6125;36.57369457061968
3007;10.598158589637197;1.7761301212518599;244.51999999999998;36.57003720116262
3008;10.627304833843956;1.781014698305425;214.13;36.566380197442506
3009;10.53451912562908;2.0110627025210364;147.7975;37.95493039007514
3010;10.598177582298206;2.0110627025210364;104.8475;39.28286619385284
3011;10.627269488714477;2.0110627025210364;98.4625;40.5830318929547
3012;10.534538990325332;2.0110627025210364;96.1925;41.97116154895634
3013;10.598196532171515;2.0110627025210364;96.235;43.2986777272385
3014;10.627234196558476;2.0110627025210364;97.16749999999999;44.59847537273522
3015;10.534558837831147;2.0110627025210364;106.435;45.986184629258354
3016;10.598215439381617;2.0110627025210364;126.7825;47.3132813433829
3017;10.627198957250892;2.0110627025210364;175.83499999999998;48.61271100586021
3018;10.534578668168024;2.0110627025210364;247.475;50.0
3019;10.598234304052527;1.7770248551665517;278.96750000000003;50.0
3020;10.627163770667071;0.10510547229675027;305.78999999999996;39.46868421052631
3021;10.534598481357454;0.08959258889019699;319.4825;28.938421552631574
3022;10.598253126307801;0.1002603790820188;334.49;18.40921192100263
3023;10.627128636682764;1.7809851696771615;339.83;18.407370999810528
3024;10.534618277420892;2.0110627025210364;341.0925;19.7976428991607
3025;10.598271906270531;2.0110627025210364;350.6025;21.12730482391378
3026;10.627093555174122;2.0110627025210364;356.605;22.429453216015972
3027;10.534638056379773;2.0110627025210364;361.395;23.819304117133587
3028;10.598290644063342;2.0110627025210364;356.34749999999997;25.1485460748617
3029;10.627058526017706;2.0110627025210364;347.7525;26.45032562053739
3030;10.534657818255523;2.0110627025210364;329.22;27.83975566063259
3031;10.598309339808397;1.7761553852557512;314.015;27.836971685066526
3032;10.62702354909047;0.10508197276485108;290.6275;17.307872198424334
3033;10.534677563069529;2.0110627025210364;236.7025;18.69819772628844
3034;10.598327993627398;2.0110627025210364;181.2325;20.027916312569783
3035;10.626988624269773;2.0110627025210364;144.5625;21.330274327882243
3036;10.534697290843175;2.0110627025210364;130.87;22.72017887414844
3037;10.598346605641602;2.0110627025210364;127.52499999999999;24.049477580901506
3038;10.626953751433371;2.0110627025210364;131.385;25.351466569281712
3039;10.534717001597807;2.0110627025210364;169.0;26.74095027110687
3040;10.598365175971797;2.0110627025210364;218.89249999999998;28.06982925890655
3041;10.626918930459407;2.0110627025210364;254.09500000000003;29.371449292044225
3042;10.534736695354766;2.0110627025210364;276.945;30.76051228652799
3043;10.598383704738325;2.0110627025210364;296.975;32.08897171579793
3044;10.626884161226432;1.7809441983878354;319.20500000000004;32.08576281862635
3045;10.534756372135352;0.08961904957807211;333.0675;21.5562384528708
3046;10.59840219206108;1.7761709462309359;331.4975;21.554082829025514
3047;10.626849443613382;2.0110627025210364;336.1675;22.856420449309898
3048;10.53477603196086;2.0110627025210364;337.37;24.246097576902148
3049;10.598420638059507;2.0110627025210364;323.5525;25.57517336098793
3050;10.626814777499588;2.0110627025210364;336.48;26.87714180502722
3051;10.534795674852553;2.0110627025210364;344.5525;28.26639819973679
3052;10.5984390428526;2.0110627025210364;344.59749999999997;29.59505446920685
3053;10.626780162764755;2.0110627025210364;338.9525;30.89665380913341
3054;10.534815300831673;2.0110627025210364;318.09;32.28548960796241
3055;10.598457406558914;1.7761801995490387;303.4675;32.28226105900161
3056;10.626745599288995;0.7118501153630274;282.775;25.564148721090035
3057;10.534834909919446;2.0110627025210364;228.0225;26.95349914179445
3058;10.59847572929656;2.0110627025210364;161.1275;28.282251849048535
3059;10.626711086952803;2.0110627025210364;127.0525;29.58404809125847
3060;10.534854502137069;2.0110627025210364;114.1225;30.97297790941913
3061;10.598494011183206;2.0110627025210364;134.0375;32.30131130100414
3062;10.62667662563705;2.0110627025210364;162.7675;33.60273837551884
3063;10.534874077505721;2.0110627025210364;176.23250000000002;34.99124772805085
3064;10.598512252336088;2.0110627025210364;208.345;36.31916196355877
3065;10.62664221522299;2.0110627025210364;244.54;37.620219942900576
3066;10.53489363604656;2.0110627025210364;280.3425;39.00830896666206
3067;10.598530452872003;2.0110627025210364;309.40250000000003;40.33580420553699
3068;10.626607855592269;0.10501230729069164;325.15;29.805454835642752
3069;10.534913177780716;0.08964532841015017;333.26;19.276158500685508
3070;10.598548612907312;0.10030989925529965;340.4325;8.747915095361758
3071;10.626573546626899;1.7808921429348372;348.83500000000004;8.747040303852222
3072;10.534932702729296;2.0110627025210364;350.2325;10.137979532229005
3073;10.598566732557948;2.0110627025210364;358.7525;11.468327338345732
3074;10.626539288209289;2.0110627025210364;361.0425;12.771968181813074
3075;10.534952210913398;2.0110627025210364;360.96500000000003;14.162486384627165
3076;10.598584811939414;2.0110627025210364;355.2425;15.49241456464626
3077;10.6265050802222;2.0110627025210364;354.645;16.795685496978706
3078;10.534971702354081;1.7655407218932369;333.115;16.79400592842901
3079;10.598602851166781;0.10031898896702204;297.095;6.266010738362484
3080;10.62647092254879;1.780874944313515;250.7825;6.265384137288647
3081;10.534991177072392;2.0110627025210364;180.805;7.656515980656145
3082;10.598620850354697;2.0110627025210364;127.5;8.987060521221117
3083;10.626436815072577;2.0110627025210364;101.3825;10.291046840850047
3084;10.535010635089343;2.0110627025210364;95.73;11.681757632831086
3085;10.598638809617384;2.0110627025210364;98.55250000000001;13.01188258793129
3086;10.62640275767746;2.0110627025210364;100.6825;14.31549877987891
3087;10.535030076425937;2.0110627025210364;104.27250000000001;15.705788657396283
3088;10.598656729068649;2.0110627025210364;117.0575;17.035494185915326
3089;10.626368750247696;2.0110627025210364;160.15;18.338740323761424
3090;10.535049501103153;2.0110627025210364;242.94;19.728609423681053
3091;10.598674608821868;2.0110627025210364;287.5625;21.057895684357913
3092;10.62633479266793;1.780852130503007;310.66999999999996;21.055789894789477
3093;10.535068909141938;0.08967142720449732;322.4525;10.527368526326315
3094;10.598692448990002;0.10033400453706431;328.705;0.0
3095;10.626300884823156;1.7808464479361779;327.7125;0.0
3096;10.535088300563217;1.7655602624190345;330.9125;-0.0
3097;10.598710249685602;1.776222573164178;327.67;-0.0
3098;10.626267026598745;1.7808407736851541;326.61;-0.0
3099;10.535107675387904;1.765563509417976;323.23;-0.0
3100;10.598728011020794;1.7762255497607407;336.04;-0.0
3101;10.626233217880426;1.780835107730785;338.0325;-0.0
3102;10.53512703363688;1.7655667536390176;330.1725;-0.0
3103;10.598745733107306;2.0110627025210364;274.6275;1.3311915535480596
3104;10.626199458554302;2.0110627025210364;184.1625;2.6361689487661177
3105;10.535146375331001;2.0110627025210364;112.22749999999999;4.02751627530679
3106;10.598763416056446;2.0110627025210364;88.6525;5.358288278425636
3107;10.626165748506821;2.0110627025210364;83.16;6.662894988516314
3108;10.535165700491104;3.4285714285714284;81.35249999999999;8.053821283550914
3109;10.59878105997911;3.4285714285714284;80.81;9.384173894442403
3110;10.626132087624807;3.4285714285714284;83.73;10.688409993809394
3111;10.535185009138004;3.4285714285714284;86.16250000000001;12.07891539412891
3112;10.598798664985795;3.4285714285714284;89.64750000000001;13.408848770852993
3113;10.626098475795434;2.0110627025210364;106.64500000000001;14.712714333970247
3114;10.535204301292493;2.0110627025210364;173.51;16.102798976308982
3115;10.598816231186584;2.0110627025210364;226.525;17.432313276784097
3116;10.62606491290623;1.7808069017427637;243.6575;17.430570045456417
3117;10.535223576975334;0.08969734776374919;241.2225;6.902511198978187
3118;10.598833758691173;0.6774103590828567;239.385;0.0
3119;10.626031398845088;2.0110627025210364;234.4875;1.3052701710971666
3120;10.535242836207273;2.0110627025210364;227.6525;2.696658949683148
3121;10.598851247608833;2.0110627025210364;220.47750000000002;4.027480598559788
3122;10.625997933500251;2.0110627025210364;217.445;5.332379813674693
3123;10.535262079009021;2.0110627025210364;216.23250000000002;6.723347600634756
3124;10.598868698048458;2.0110627025210364;219.3375;8.053750002728657
3125;10.625964516760316;2.0110627025210364;217.78;9.358278336806084
3126;10.535281305401284;2.0110627025210364;207.4375;10.748825268841182
3127;10.598886110118526;2.0110627025210364;173.4875;12.078808581701697
3128;10.62593114851423;2.0110627025210364;113.0375;13.38296610975501
3129;10.535300515404737;2.0110627025210364;90.92;14.773092323509536
3130;10.598903483927135;2.0110627025210364;80.885;16.102656704546405
3131;10.625897828651286;2.0110627025210364;74.72749999999999;17.40644350165723
3132;10.535319709040017;3.4285714285714284;72.1125;18.796149133719048
3133;10.59892081958198;3.4285714285714284;72.97;20.125294740202797
3134;10.625864557061133;3.4285714285714284;75.3375;21.4287108815207
3135;10.535338886327763;3.4285714285714284;78.97;22.817996068421177
3136;10.598938117190368;3.4285714285714284;86.1875;24.146723057483488
3137;10.625831333633764;2.0110627025210364;98.92750000000001;25.449768618225665
3138;10.535358047288563;2.0110627025210364;137.19;26.838633496439705
3139;10.598955376859207;2.0110627025210364;188.9375;28.166942025073812
3140;10.625798158259524;1.7807621967160374;203.46;28.164125330871304
3141;10.535377191943004;1.7656086773089488;191.08249999999998;28.161308918338218
3142;10.598972598695024;2.0110627025210364;177.745;29.489468818686113
3143;10.625765030829085;2.0110627025210364;171.4675;30.792043092516614
3144;10.535396320311639;2.0110627025210364;175.5625;32.18033738391131
3145;10.598989782803956;2.0110627025210364;178.9375;33.50807905650916
3146;10.625731951233481;2.0110627025210364;183.2025;34.8102828949317
3147;10.535415432414998;2.0110627025210364;189.3075;36.19815720584796
3148;10.599006929291761;2.0110627025210364;198.9875;37.525480807300205
3149;10.625698919364076;2.0110627025210364;202.3875;38.827314285823604
3150;10.535434528273582;2.0110627025210364;196.9475;40.21476875253512
3151;10.599024038263801;1.1968550797443802;180.45;36.57138263273674
3152;10.625665935112584;1.7807400376294358;152.0125;36.56772549447347
3153;10.535453607907879;2.0110627025210364;109.515;37.955387794411536
3154;10.599041109825064;2.0110627025210364;78.26;39.28250320129828
3155;10.62563299837105;2.0110627025210364;71.575;40.584223602525654
3156;10.535472671338344;2.0110627025210364;72.0675;41.97146614239398
3157;10.599058144080166;3.4285714285714284;72.6925;43.298163758903584
3158;10.625600109031852;3.4285714285714284;73.4575;44.59951383894743
3159;10.53549171858541;3.4285714285714284;76.2625;45.9863367549074
3160;10.599075141133325;2.0110627025210364;85.92;47.312616737155246
3161;10.625567266987721;2.0110627025210364;128.055;48.6135965718432
3162;10.535510749669497;2.0110627025210364;196.81;50.0
3163;10.599092101088393;1.7771686121353154;248.37;50.0
3164;10.62553447213171;0.10483242050377217;275.2925;39.46868421052631
3165;10.535529764610981;0.08974866130825118;275.845;28.938421552631574
3166;10.599109024048861;1.7762894031849006;273.0325;28.93552771047631
3167;10.62550172435721;2.0110627025210364;268.61;30.23840751956591
3168;10.535548763430228;2.0110627025210364;277.4875;31.626612353555238
3169;10.599125910117815;2.0110627025210364;285.15999999999997;32.95428007770796
3170;10.625469023557937;2.0110627025210364;305.6375;34.25678907732016
3171;10.535567746147573;2.0110627025210364;322.17;35.644574039572234
3172;10.599142759397994;2.0110627025210364;328.6775;36.97182396074019
3173;10.625436369627952;2.0110627025210364;334.2425;38.27396222719756
3174;10.535586712783333;1.7656437906045643;314.48;38.27013483097484
3175;10.59915957199176;0.1004122890075915;292.145;27.739992028018058
3176;10.625403762461628;1.7806961004927726;257.4575;27.737218028815256
3177;10.535605663357797;2.0110627025210364;182.57750000000001;29.125618926822465
3178;10.599176348001103;2.0110627025210364;116.7175;30.453488834328734
3179;10.625371201953689;2.0110627025210364;99.2625;31.756340843589296
3180;10.535624597891225;2.0110627025210364;98.20750000000001;33.14432184150827
3181;10.599193087527656;2.0110627025210364;97.9875;34.471773976172855
3182;10.625338687999161;2.0110627025210364;100.6925;35.774255045176034
3183;10.535643516403866;2.0110627025210364;107.8;37.161816279087844
3184;10.59920979067268;2.0110627025210364;119.6625;38.48885079632089
3185;10.62530622049341;2.0110627025210364;181.65;39.790961001772516
3186;10.535662418915924;2.0110627025210364;253.5525;41.178102607702215
3187;10.59922645753707;2.0110627025210364;300.545;42.50471966278123
3188;10.625273799332124;0.10478873472503812;322.1575;31.974153401341262
3189;10.5356813054476;0.08977405781862059;329.5825;21.444640196527445
3190;10.599243088221362;0.10042628537212538;334.0;10.916179943034107
3191;10.625241424411316;1.7806688944929239;338.35249999999996;10.915088325039804
3192;10.535700176019063;1.765662805744688;335.41999999999996;10.9139968162073
3193;10.599259682825737;1.776314651872149;342.7425;10.91290541652568
3194;10.62520909562732;1.7806634765586145;350.5875;10.911814125984028
3195;10.53571903065045;1.7656659655651838;353.34749999999997;10.91072294457143
3196;10.599276241450005;1.7763174269081217;347.90999999999997;10.909631872276973
3197;10.625176812876783;2.0110627025210364;333.865;12.214622936856802
3198;10.535737869361881;2.0110627025210364;306.9825;13.60445049866933
3199;10.599292764193633;0.40050207932782794;276.27;4.961512078300333
3200;10.625144576056682;2.0110627025210364;216.9025;6.267128579838655
3201;10.535756692173452;2.0110627025210364;137.3075;7.657533009415892
3202;10.599309251155724;2.0110627025210364;101.01;8.987423467517013
3203;10.625112385064307;2.0110627025210364;94.9375;10.29266795935917
3204;10.535775499105226;2.0110627025210364;93.28;11.68265196841327
3205;10.599325702435035;2.0110627025210364;96.7175;13.012124285903147
3206;10.625080239797262;3.4285714285714284;98.705;14.316996845667157
3207;10.535794290177256;3.4285714285714284;99.275;15.706560570314197
3208;10.599342118129952;2.0110627025210364;103.9;17.03561490203371
3209;10.625048140153476;2.0110627025210364;114.9125;18.340115607397706
3210;10.535813065409556;2.0110627025210364;183.3675;19.729259183697888
3211;10.599358498338532;2.0110627025210364;241.5975;21.057895684357913
3212;10.625016086031179;1.7806311303586122;267.1125;21.055789894789477
3213;10.53583182482212;0.08979928314362924;268.495;10.527368526326315
3214;10.599374843158474;0.10044836599211689;258.5575;0.0
3215;10.624984077328927;2.0110627025210364;245.8;1.3062651265375196
3216;10.535850568434926;2.0110627025210364;250.1425;2.6970764600116865
3217;10.599391152687128;2.0110627025210364;250.3575;4.027385157312914
3218;10.624952113945575;2.0110627025210364;265.4175;5.333277910548886
3219;10.535869296267915;2.0110627025210364;267.36;6.723668751303312
3220;10.5994074270215;2.0110627025210364;260.7925;8.053559328757757
3221;10.624920195780302;2.0110627025210364;265.455;9.359079786833595
3222;10.535888008341004;2.0110627025210364;259.7425;10.749050270930958
3223;10.599423666258248;1.7763421336192287;245.78;10.747975365903866
3224;10.624888322732584;2.0110627025210364;205.175;12.05325666177132
3225;10.535906704674101;2.0110627025210364;128.5575;13.442939966664746
3226;10.599439870493695;2.0110627025210364;101.7675;14.772127795699069
3227;10.624856494702218;2.0110627025210364;98.2;16.07703691295239
3228;10.535925385287065;2.0110627025210364;95.67;17.466300093238385
3229;10.599456039823812;2.0110627025210364;95.0475;18.795070225396437
3230;10.624824711589294;2.0110627025210364;93.08;20.099607242364065
3231;10.535944050199747;2.0110627025210364;92.7775;21.488450433950067
3232;10.599472174344234;2.0110627025210364;97.21000000000001;22.81680302327965
3233;10.62479297329422;2.0110627025210364;107.035;24.120968018347813
3234;10.53596269943197;2.0110627025210364;163.495;25.509391357085608
3235;10.599488274150264;2.0110627025210364;233.65;26.837326557507147
3236;10.6247612797177;2.0110627025210364;266.925;28.14111960911958
3237;10.535981333003534;0.08982433900424283;278.955;17.611989707684984
3238;10.599504339336859;0.8415658299697922;283.995;11.738769881208901
3239;10.624729630760745;1.7805831237327532;275.3325;11.73759600422078
3240;10.535999950934205;2.0110627025210364;280.2125;13.127222291232865
3241;10.599520369998643;2.0110627025210364;285.245;14.45636521750503
3242;10.624698026324667;2.0110627025210364;290.6975;15.761456455974846
3243;10.536018553243732;2.0110627025210364;292.225;17.150662684747704
3244;10.599536366229914;2.0110627025210364;291.015;18.479388070560812
3245;10.624666466311076;2.0110627025210364;288.9925;19.784106988758232
3246;10.53603713995184;2.0110627025210364;273.45;21.17289329510511
3247;10.599552328124616;2.0110627025210364;251.9;22.50120129405721
3248;10.624634950621896;2.0110627025210364;209.69;23.805547970837
3249;10.536055711078221;2.0110627025210364;144.2;25.193914490515606
3250;10.599568255776388;2.0110627025210364;87.1325;26.521805256078984
3251;10.624603479159331;2.0110627025210364;83.0125;27.82577977035201
3252;10.536074266642553;2.0110627025210364;84.36749999999999;29.213726639064554
3253;10.599584149278524;2.0110627025210364;82.5575;30.54120032458605
3254;10.624572051825892;2.0110627025210364;83.755;31.844802755318995
3255;10.536092806664476;2.0110627025210364;87.465;33.23233010871221
3256;10.599600008723986;2.0110627025210364;104.47;34.55938686741356
3257;10.624540668524384;2.0110627025210364;142.115;35.86261729362865
3258;10.536111331163621;2.0110627025210364;193.2075;37.249725267293854
3259;10.599615834205425;2.0110627025210364;235.0125;38.57636525227198
3260;10.624509329157911;1.7805462037046893;264.03000000000003;38.57250761574675
3261;10.536129840159576;0.08984922710445742;275.7875;28.042334575511493
3262;10.599631625815155;0.10049139982740901;284.92;17.513214552580262
3263;10.624478033629867;1.7805409589322556;285.7675;17.511463231125003
3264;10.53614833367192;2.0110627025210364;285.1875;18.900371167813567
3265;10.599647383645165;2.0110627025210364;271.1925;20.22881611623388
3266;10.624446781843936;2.0110627025210364;272.675;21.53356879187052
3267;10.5361668117202;2.0110627025210364;275.53;22.92205696385714
3268;10.599663107787126;2.0110627025210364;270.105;24.250084805762985
3269;10.624415573704105;2.0110627025210364;258.2125;25.55446500226351
3270;10.536185274323934;2.0110627025210364;237.645;26.94253354515555
3271;10.59967879833239;2.0110627025210364;197.605;28.270144433385262
3272;10.624384409114636;2.0110627025210364;138.42499999999998;29.57415223028302
3273;10.536203721502618;2.0110627025210364;86.06;30.961801279632503
3274;10.599694455371978;2.0110627025210364;75.2;32.28899536690116
3275;10.624353287980096;2.0110627025210364;71.735;33.59263084378338
3276;10.536222153275727;2.0110627025210364;72.0875;34.97986053508706
3277;10.599710078996607;2.0110627025210364;74.4975;36.306637973986774
3278;10.624322210205328;2.0110627025210364;76.8;37.609901210494314
3279;10.536240569662708;2.0110627025210364;79.24000000000001;38.99671167919369
3280;10.599725669296667;2.0110627025210364;84.19749999999999;40.32307262219393
3281;10.624291175695467;2.0110627025210364;94.2125;41.62596369802102
3282;10.53625897068298;2.0110627025210364;154.465;43.012355079502385
3283;10.599741226362239;2.0110627025210364;202.64000000000001;44.33829967895031
3284;10.62426018435594;2.0110627025210364;234.525;45.64081867384427
3285;10.536277356355939;1.7657595345653645;247.7525;45.636254591976886
3286;10.599756750283083;0.1005123692566276;264.08;35.105375177044
3287;10.624229236092454;0.10461367787739434;265.01250000000005;24.575548850052616
3288;10.536295726700958;1.7657626132250064;270.495;24.57309129516761
3289;10.599772241148646;2.0110627025210364;267.3575;25.90085035694688
3290;10.62419833081099;2.0110627025210364;270.63750000000005;27.205271857640742
3291;10.536314081737382;2.0110627025210364;267.4575;28.593052952804463
3292;10.599787699048072;2.0110627025210364;256.43;29.920395333413513
3293;10.624167468417832;2.0110627025210364;243.0475;31.22444419888323
3294;10.53633242148453;2.0110627025210364;217.0325;32.61180595405304
3295;10.599803124070187;2.0110627025210364;193.49;33.93873180559096
3296;10.62413664881953;2.0110627025210364;143.98250000000002;35.242408116031854
3297;10.536350745961697;2.0110627025210364;96.3625;36.62935066655664
3298;10.599818516303515;2.0110627025210364;83.9325;37.955860141001644
3299;10.62410587192292;2.0110627025210364;79.4975;39.25916397666077
3300;10.536369055188157;2.0110627025210364;79.025;40.64568745783436
3301;10.599833875836255;2.0110627025210364;78.3275;41.97178070704414
3302;10.624075137635117;2.0110627025210364;80.1675;43.274712148220075
3303;10.53638734918315;2.0110627025210364;85.06;44.66081669528126
3304;10.599849202756328;2.0110627025210364;89.5225;45.98649387099322
3305;10.624044445863522;2.0110627025210364;109.525;47.28905299803578
3306;10.536405627965902;2.0110627025210364;185.2725;48.67473874616838
3307;10.599864497151325;2.0110627025210364;268.02250000000004;50.0
3308;10.624013796515799;1.7813452031484525;310.5475;50.0
3309;10.536423891555602;0.6690377298809347;321.97249999999997;43.106284773290604
3310;10.599879759108545;0.10053298412837482;329.2725;32.57565835533959
3311;10.623983189499896;1.78045802871781;340.8225;32.57240078950406
3312;10.536442139971417;1.7657871504139542;345.53;32.56914354942511
3313;10.599894988714983;1.776421121870362;360.075;32.565886635070164
3314;10.62395262472404;1.7804529064110821;363.605;32.56263004640666
3315;10.536460373232494;2.0110627025210364;364.96500000000003;33.94973642883115
3316;10.59991018605733;2.0110627025210364;358.0525;35.2764267784338
3317;10.623922102096728;2.0110627025210364;341.8425;36.58017313876407
3318;10.536478591357955;1.7657932592492809;312.88;36.57651512145019
3319;10.599925351221986;1.7764262102791444;291.1675;36.57285746993805
3320;10.62389162152673;1.7804426829731783;257.955;36.569200184191054
3321;10.53649679436689;2.0110627025210364;208.08;37.955871309524085
3322;10.599940484295036;2.0110627025210364;153.32;39.28213226231285
3323;10.62386118292309;2.0110627025210364;117.3225;40.585535925309685
3324;10.536514982278364;2.0110627025210364;111.47;41.97178813855271
3325;10.599955585362293;2.0110627025210364;113.0325;43.297633153644675
3326;10.62383078619512;2.0110627025210364;124.8925;44.60066414344395
3327;10.536533155111425;2.0110627025210364;148.945;45.98649757967375
3328;10.599970654509242;2.0110627025210364;180.8675;47.31192680813201
3329;10.623800431252405;2.0110627025210364;242.32250000000002;48.61458520576141
3330;10.536551312885086;2.0110627025210364;300.8425;50.0
3331;10.599985691821107;1.7773183677181388;351.96;50.0
3332;10.6237701180048;0.1045367349388831;375.29;39.46868421052631
3333;10.536569455618338;0.08992290162550465;381.62;28.938421552631574
3334;10.600000697382791;0.10055325199942854;387.3725;18.40921192100263
3335;10.623739846362426;1.3176582093565412;397.88;15.500759827169654
3336;10.536587583330151;1.765811525056794;408.8925;15.499209751186937
3337;10.600015671278916;1.7764413468872928;420.4375;15.497659830211818
3338;10.623709616235672;1.7804121809688027;427.0125;15.496110064228796
3339;10.536605696039466;1.7658145605396394;425.7875;15.494560453222373
3340;10.600030613593823;1.7764438510483094;421.7275;15.493010997177052
3341;10.623679427535192;1.780407121688005;409.1425;15.491461696077334
3342;10.536623793765196;1.7658175935114075;370.5775;15.489912549907727
3343;10.600045524411545;0.10056076449656118;334.8825;4.962047769179053
3344;10.623649280171904;2.0110627025210364;276.435;6.269084748238826
3345;10.536641876526236;2.0110627025210364;194.76999999999998;7.658648057064077
3346;10.600060403815835;2.0110627025210364;129.1075;8.987824808633327
3347;10.623619174056993;2.0110627025210364;114.9975;10.294487810798321
3348;10.536659944341448;2.0110627025210364;118.0425;11.683631414892867
3349;10.60007525189016;2.0110627025210364;114.9225;13.012391562455726
3350;10.623589109101909;2.0110627025210364;116.27250000000001;14.318680669652668
3351;10.53667799722967;2.0110627025210364;118.9725;15.707404704217517
3352;10.600090068717707;2.0110627025210364;144.9275;17.035748398465273
3353;10.623559085218357;2.0110627025210364;201.97750000000002;18.341663692667986
3354;10.536696035209717;2.0110627025210364;269.2875;19.729968292849488
3355;10.60010485438136;2.0110627025210364;300.755;21.057895684357913
3356;10.623529102318304;1.780381928901594;319.6775;21.055789894789477
3357;10.536714058300387;0.08994713538055073;328.46000000000004;10.527368526326315
3358;10.600119608963738;0.10057318021987346;331.47;-0.0
3359;10.623499160313992;1.7803769109642515;335.6625;0.0
3360;10.53673206652043;1.7658357387863868;335.2075;-0.0
3361;10.600134332547169;1.7764612331581944;323.8875;-0.0
3362;10.623469259117899;1.7803718998658995;320.895;-0.0
3363;10.536750059888595;1.7658387542690208;317.0825;-0.0
3364;10.600149025213693;1.776463695480998;320.41499999999996;0.0
3365;10.623439398642773;1.7803668955919159;312.0625;-0.0
3366;10.53676803842359;1.7658417672657853;288.6025;-0.0
3367;10.600163687045091;1.7764661526361878;267.81;-0.0
3368;10.623409578801622;1.7803618981277212;223.51;0.0
3369;10.536786002144098;2.0110627025210364;172.48;1.3900532979631073
3370;10.600178318122849;2.0110627025210364;142.8575;2.719744890416605
3371;10.623379799507706;2.0110627025210364;131.73000000000002;4.027262106395242
3372;10.536803951068796;2.0110627025210364;122.2775;5.4168956266692465
3373;10.60019291852817;2.0110627025210364;123.17;6.746170664504818
3374;10.623350060674541;2.0110627025210364;131.41;8.053313489797553
3375;10.536821885216304;2.0110627025210364;137.4725;9.442527367493085
3376;10.600207488342003;2.0110627025210364;148.055;10.771386000831432
3377;10.62332036221589;2.0110627025210364;164.4125;12.078154518126253
3378;10.53683980460524;2.0110627025210364;208.81;13.466948888299463
3379;10.600222027644998;2.0110627025210364;237.98000000000002;14.795391267147886
3380;10.623290704045786;2.0110627025210364;248.3;16.101785559177674
3381;10.536857709254198;1.7658567950710302;249.4725;16.100175380621756
3382;10.600236536517539;1.776478361374266;259.40999999999997;16.098565363083694
3383;10.6232610860785;2.0110627025210364;245.8425;17.40485747477281
3384;10.536875599181728;2.0110627025210364;257.7625;18.793085169802694
3385;10.600251015039747;2.0110627025210364;261.48;20.120967396997955
3386;10.623231508228558;2.0110627025210364;258.24;21.426885367441123
3387;10.536893474406368;2.0110627025210364;258.335;22.814693878218332
3388;10.600265463291459;2.0110627025210364;256.2425;24.142160218703626
3389;10.62320197041074;2.0110627025210364;257.95;25.447704130791553
3390;10.53691133494663;2.0110627025210364;258.4525;26.835093592179177
3391;10.60027988135225;1.7764856254726356;245.1225;26.83241008281996
3392;10.623172472540068;2.0110627025210364;219.85;28.137712992898614
3393;10.536929180821;2.0110627025210364;201.6325;29.524816499819373
3394;10.600294269301415;2.0110627025210364;182.10250000000002;30.851584462333047
3395;10.623143014531824;2.0110627025210364;155.925;32.15651344008158
3396;10.536947012047934;2.0110627025210364;114.0075;33.54319812729204
3397;10.600308627217993;2.0110627025210364;102.31;34.869550611622216
3398;10.623113596301529;2.0110627025210364;99.0425;36.1741057400746
3399;10.53696482864587;2.0110627025210364;96.9975;37.56037174228702
3400;10.60032295518074;2.0110627025210364;99.81;38.88630889769109
3401;10.623084217764948;2.0110627025210364;114.2875;40.190490259924616
3402;10.53698263063321;2.0110627025210364;144.98000000000002;41.57633771179707
3403;10.600337253268165;2.0110627025210364;196.1975;42.90185968742114
3404;10.6230548788381;1.8156258934320557;234.865;43.097805527727694
3405;10.537000418028343;1.765880711428781;243.445;43.09349574717492
3406;10.600351521558494;0.10061204611733676;252.385;32.56287060812652
3407;10.623025579437247;1.780297544227764;259.0475;32.5596143210657
3408;10.537018190849624;1.7658836899502806;263.195;32.5563583596336
3409;10.600365760129703;1.7765000177731585;264.76250000000005;32.553102723797636
3410;10.62299631947889;2.0110627025210364;256.605;33.85800091002031
3411;10.537035949115388;2.0110627025210364;245.76999999999998;35.24443095826969
3412;10.6003799690595;2.0110627025210364;249.9375;36.57054554456734
3413;10.622967098879778;2.0110627025210364;263.445;37.87506974607709
3414;10.53705369284394;1.7658896396783335;250.0675;37.87128223910248
3415;10.60039414842533;0.1006191898925051;242.9525;27.341179321404883
3416;10.622937917556902;0.1043972676654008;208.6475;16.81212941399906
3417;10.537071422053565;2.0110627025210364;139.9075;18.200230350106775
3418;10.600408298304375;2.0110627025210364;110.775;19.52802244368261
3419;10.622908775427488;2.0110627025210364;99.8875;20.834306304782128
3420;10.537089136762518;2.0110627025210364;95.16;22.221988194227258
3421;10.600422418773558;2.0110627025210364;91.845;23.54936469757296
3422;10.622879672409017;2.0110627025210364;92.2675;24.855274072314636
3423;10.53710683698903;2.0110627025210364;93.69500000000001;26.242537049767826
3424;10.600436509909555;2.0110627025210364;102.72;27.569498111648773
3425;10.62285060841919;2.0110627025210364;129.6925;28.875033083839377
3426;10.537124522751304;2.0110627025210364;180.1225;30.261877283917254
3427;10.600450571788771;2.0110627025210364;235.8175;31.58842305298953
3428;10.622821583375957;1.780263356821904;268.725;31.58526421068423
3429;10.537142194067526;0.09001888603662646;273.695;21.055789894789477
3430;10.600464604487362;0.10063099752238162;279.66499999999996;10.527368526326315
3431;10.622792597197515;0.10437291363584414;269.365;-0.0
3432;10.537159850955842;1.7659074305632847;250.13;0.0
3433;10.600478608081223;1.7765189297986883;235.95749999999998;0.0
3434;10.622763649802275;1.7802536478177993;222.9125;0.0
3435;10.537177493434399;1.7659103872408353;207.865;-0.0
3436;10.600492582645995;2.0110627025210364;204.8375;1.3295320464863052
3437;10.622734741108905;2.0110627025210364;210.66;2.637801089228197
3438;10.537195121521286;2.0110627025210364;198.7625;4.0272019436740525
3439;10.600506528257075;2.0110627025210364;161.72750000000002;5.356318021635464
3440;10.622705871036297;2.0110627025210364;108.2875;6.664211812348818
3441;10.537212735234588;2.0110627025210364;83.69;8.053193292694726
3442;10.600520444989598;2.0110627025210364;73.53999999999999;9.381893550625339
3443;10.622677039503579;2.0110627025210364;71.7575;10.689412173741877
3444;10.53723033459236;2.0110627025210364;72.35;12.07797441466176
3445;10.600534332918455;2.0110627025210364;73.155;13.406259000947761
3446;10.622648246430119;2.0110627025210364;75.28;14.713402540939054
3447;10.537247919612632;2.0110627025210364;76.455;16.10154567705296
3448;10.600548192118278;2.0110627025210364;79.13499999999999;17.42941473997289
3449;10.622619491735502;2.0110627025210364;79.00999999999999;18.73618328135017
3450;10.537265490313404;2.0110627025210364;97.785;20.1239074472243
3451;10.600562022663464;2.0110627025210364;136.51749999999998;21.45136113494929
3452;10.62259077533956;1.7802246760357838;149.54500000000002;21.449215998835797
3453;10.537283046712659;1.7659280767625882;147.3725;21.447071077235915
3454;10.600575824628146;1.7765352221796535;136.355;21.44492637012819
3455;10.622562097162355;2.0110627025210364;128.07;22.75134788518694
3456;10.537300588828343;2.0110627025210364;116.03999999999999;24.138637191011497
3457;10.600589598086223;2.0110627025210364;114.7775;25.46566320911048
3458;10.622533457124167;2.0110627025210364;116.65;26.771709858521614
3459;10.53731811667839;2.0110627025210364;108.71;28.15858047669129
3460;10.600603343111342;2.0110627025210364;106.12;29.48519144268785
3461;10.622504855145515;2.0110627025210364;104.1175;30.79086331115534
3462;10.537335630280705;2.0110627025210364;95.3025;32.17731537605756
3463;10.6006170597769;2.0110627025210364;90.7325;33.5035114377319
3464;10.62247629114714;2.0110627025210364;88.165;34.808808609998344
3465;10.537353129653159;2.0110627025210364;92.6725;36.19484225596685
3466;10.600630748156064;2.0110627025210364;98.745;37.52062356099299
3467;10.622447765050023;2.0110627025210364;91.8275;38.825546121839366
3468;10.53737061481361;2.0110627025210364;89.91;40.21116148315426
3469;10.600644408321749;2.0110627025210364;87.375;41.53652817910028
3470;10.622419276775346;2.0110627025210364;87.8875;42.84107621334579
3471;10.537388085779883;2.0110627025210364;88.075;44.22627342423357
3472;10.600658040346623;2.0110627025210364;90.14750000000001;45.551225658561854
3473;10.62239082624455;2.0110627025210364;86.9;46.85539925106368
3474;10.537405542569784;2.0110627025210364;105.01;48.24017844569728
3475;10.600671644303128;2.0110627025210364;150.19;49.56471636576474
3476;10.622362413379276;1.8578487259798904;189.185;50.0
3477;10.537422985201081;1.7659515288521477;206.785;49.995
3478;10.600685220263456;0.28010632717344147;216.3;40.590745427939964
3479;10.622334038101396;1.7801816498121157;213.5075;40.58668635339717
3480;10.53744041369153;2.0110627025210364;202.4525;41.97205929175488
3481;10.600698768299557;2.0110627025210364;202.885;43.297198255941126
3482;10.62230570033301;2.0110627025210364;202.6575;44.60167812079918
3483;10.537457828058857;2.0110627025210364;194.3975;45.98663301633119
3484;10.60071228848315;2.0110627025210364;194.75;47.31135767897056
3485;10.622277399996436;2.0110627025210364;203.05;48.61546301320605
3486;10.53747522832077;2.0110627025210364;210.24;50.0
3487;10.600725780885718;1.326065310294112;201.775;47.16541955386059
3488;10.622249137014212;0.10428183592709858;171.17000000000002;36.63438722243152
3489;10.537492614494939;1.7659631979251378;130.585;36.63072378370928
3490;10.600739245578497;2.0110627025210364;90.8175;37.956358428031336
3491;10.622220911309103;2.0110627025210364;83.67;39.26145292644488
3492;10.537509986599016;2.0110627025210364;80.6825;40.64689229388317
3493;10.600752682632505;2.0110627025210364;79.0775;41.9721125561529
3494;10.622192722804089;2.0110627025210364;79.28;43.2768322582334
3495;10.537527344650625;2.0110627025210364;83.0975;44.66185359758948
3496;10.60076609211851;2.0110627025210364;91.02250000000001;45.986659624717134
3497;10.622164571422365;2.0110627025210364;116.58;47.29100461590342
3498;10.537544688667374;2.0110627025210364;169.72250000000003;48.675608061207825
3499;10.600779474107059;2.0110627025210364;218.47750000000002;50.0
3500;10.622136457087356;0.10426295206058003;250.39;39.46868421052631
3501;10.537562018666835;0.09008924383606569;262.84000000000003;28.938421552631574
3502;10.600792828668457;0.10068600413977039;269.775;18.40921192100263
3503;10.622108379722702;0.10425824661551003;240.7825;7.881055210336845
3504;10.537579334666555;1.7659777312336955;226.3475;7.880267104815811
3505;10.60080615587278;2.0110627025210364;200.375;9.208713230026188
3506;10.622080339252246;2.0110627025210364;186.2575;10.516816036413552
3507;10.537596636684068;2.0110627025210364;191.3075;11.905047549960045
3508;10.600819455789887;2.0110627025210364;198.5725;13.233078562204657
3509;10.622052335600063;2.0110627025210364;192.9;14.540805535528378
3510;10.53761392473687;2.0110627025210364;180.5725;15.928618226474798
3511;10.600832728489388;2.0110627025210364;165.2925;17.256234272587232
3512;10.622024368690441;2.0110627025210364;147.33499999999998;18.563585498904054
3513;10.537631198842437;2.0110627025210364;123.0925;19.950979501453848
3514;10.600845974040677;2.0110627025210364;109.495;21.278180728165058
3515;10.621996438447873;2.0110627025210364;94.66;22.585156293566765
3516;10.537648459018223;2.0110627025210364;85.08500000000001;23.972131741870097
3517;10.600859192512909;2.0110627025210364;83.065;25.298918295808647
3518;10.621968544797072;2.0110627025210364;84.655;26.605518286421848
3519;10.53766570528165;2.0110627025210364;92.0075;27.99207531457564
3520;10.60087238397503;2.0110627025210364;106.2875;29.318447342267905
3521;10.621940687662972;2.0110627025210364;146.955;30.624671844253854
3522;10.537682937650123;2.0110627025210364;194.05;32.010810586301815
3523;10.600885548495745;1.776587128356171;228.48000000000002;32.00760950524319
3524;10.621912866970703;0.10422548091522568;234.7575;21.478092954818976
3525;10.537700156141012;0.09011239409624393;235.3475;10.94962935604981
3526;10.600898686143541;1.7765893300756277;227.125;10.948534393114205
3527;10.621885082645619;2.0110627025210364;200.535;12.256648711161557
3528;10.537717360771675;2.0110627025210364;171.055;13.64459155355735
3529;10.600911796986681;2.0110627025210364;160.04;14.972360887264646
3530;10.621857334613278;2.0110627025210364;159.1325;16.280099183293306
3531;10.537734551559439;2.0110627025210364;177.2825;17.667623349393512
3532;10.600924881093203;2.0110627025210364;179.9325;18.994977950020033
3533;10.621829622799451;2.0110627025210364;184.82999999999998;20.30234031056555
3534;10.537751728521595;2.0110627025210364;183.0325;21.68944593443898
3535;10.600937938530926;2.0110627025210364;185.065;23.016385948241158
3536;10.62180194713011;2.0110627025210364;186.175;24.32337245987273
3537;10.537768891675434;2.0110627025210364;179.17;25.710059675535078
3538;10.60095096936744;2.0110627025210364;166.995;27.036585248668455
3539;10.621774307531455;2.0110627025210364;145.8025;28.34319599798871
3540;10.537786041038196;2.0110627025210364;127.92750000000001;29.729464939402625
3541;10.60096397367013;2.0110627025210364;126.53;31.055576217922063
3542;10.621746703929874;2.0110627025210364;140.5025;32.361811291566895
3543;10.537803176627115;2.0110627025210364;150.9975;33.74766209264198
3544;10.600976951506146;2.0110627025210364;161.87;35.07335922250188
3545;10.621719136251963;2.0110627025210364;176.13;36.37921870714026
3546;10.53782029845939;2.0110627025210364;188.545;37.76465150173313
3547;10.600989902942429;2.0110627025210364;208.1125;39.089934628787645
3548;10.621691604424543;0.585884279901337;224.0775;31.58526421068423
3549;10.537837406552198;0.09013539569481402;238.8125;21.055789894789477
3550;10.601002828045694;0.10072119763269652;244.8425;10.527368526326315
3551;10.621664108374619;0.10418379182068258;245.125;-0.0
3552;10.537854500922691;1.7660238459499211;237.125;0.0
3553;10.601015726882453;1.776608944764353;230.82;-0.0
3554;10.62163664802941;1.780064775215209;231.845;-0.0
3555;10.537871581587996;1.7660267084739987;236.76999999999998;-0.0
3556;10.601028599518989;1.7766111020709545;245.5675;-0.0
3557;10.621609223316344;1.7800601791470778;249.85;-0.0
3558;10.537888648565222;1.8422648763770773;240.45;0.43215087544627634
3559;10.601041446021373;2.0110627025210364;204.585;1.7611182866384272
3560;10.621581834163038;2.0110627025210364;160.29500000000002;3.070439432354877
3561;10.537905701871436;2.0110627025210364;108.345;4.4591219716337775
3562;10.601054266455469;2.0110627025210364;89.1575;5.787674506303919
3563;10.621554480497323;2.0110627025210364;79.365;7.096618982380831
3564;10.5379227415237;2.0110627025210364;78.89;8.484882716035079
3565;10.60106706088692;2.0110627025210364;79.94;9.8130205199209
3566;10.621527162247228;2.0110627025210364;82.275;11.121588413734043
3567;10.537939767539044;2.0110627025210364;84.67;12.50943347573058
3568;10.601079829381161;2.0110627025210364;95.6725;13.837156694470904
3569;10.621499879340988;2.0110627025210364;109.4975;15.14534809342752
3570;10.53795677993446;2.0110627025210364;123.215;16.53277461768044
3571;10.601092572003413;2.0110627025210364;150.4425;17.860083396815433
3572;10.621472631707029;2.0110627025210364;172.99;19.167898388354075
3573;10.53797377872694;2.0110627025210364;184.365;20.55490650872465
3574;10.601105288818683;2.0110627025210364;191.5075;21.88180099369603
3575;10.62144541927398;2.0110627025210364;168.64249999999998;23.189239665286376
3576;10.537990763933434;2.0110627025210364;144.33249999999998;24.575829515583084
3577;10.601117979891777;2.0110627025210364;137.695;25.90230985173434
3578;10.621418241970675;2.0110627025210364;141.0025;27.209372290877024
3579;10.538007735570872;2.0110627025210364;141.6975;28.595544004855608
3580;10.601130645287288;2.0110627025210364;140.7;29.9216103374322
3581;10.621391099726138;2.0110627025210364;139.4875;31.228296631658626
3582;10.538024693656162;2.0110627025210364;142.85000000000002;32.61405034302211
3583;10.601143285069595;2.0110627025210364;134.185;33.93970281717169
3584;10.621363992469593;2.0110627025210364;98.3775;35.246013054043864
3585;10.53804163820618;2.0110627025210364;77.5775;36.631348896442596
3586;10.601155899302881;2.0110627025210364;71.63250000000001;37.956587657215216
3587;10.621336920130469;2.0110627025210364;71.315;39.262521924325554
3588;10.538058569237787;2.0110627025210364;67.5725;40.64744003135723
3589;10.601168488051108;2.0110627025210364;66.2125;41.972265223705534
3590;10.621309882638375;2.0110627025210364;68.0275;43.277823608676705
3591;10.538075486767813;2.0110627025210364;71.26249999999999;44.66232411388641
3592;10.601181051378052;2.0110627025210364;77.19;45.986735882665876
3593;10.621282879923129;2.0110627025210364;91.905;47.29191847315063
3594;10.538092390813066;2.0110627025210364;128.9125;48.6760015100309
3595;10.60119358934726;2.0110627025210364;180.7175;50.0
3596;10.621255911914735;1.7800009681985651;217.47750000000002;49.995
3597;10.538109281390323;0.09018095880703965;234.5575;39.463684710526316
3598;10.601206102022097;0.10075526402539134;245.35999999999999;28.933422552581575
3599;10.6212289785434;0.10411086903948934;254.405;18.404213420852635
3600;10.53812615851635;1.7660693726544598;265.65999999999997;18.40237299951055
3601;10.60121858946571;1.7766429422122632;272.3025;18.4005327622106
3602;10.621202079739515;1.9411190716102815;275.9525;19.31206513808674
3603;10.538143022207874;2.0110627025210364;276.09749999999997;20.69889806047545
3604;10.601231051741054;2.0110627025210364;275.5;22.0256586715154
3605;10.62117521543367;2.0110627025210364;274.2575;23.333339650986265
3606;10.538159872481613;2.0110627025210364;244.115;24.719754438163633
3607;10.601243488910871;2.0110627025210364;199.7075;26.04610114825449
3608;10.62114838555664;2.0110627025210364;134.58;27.353405571860854
3609;10.538176709354243;2.0110627025210364;106.4675;28.739402357417138
3610;10.601255901037714;2.0110627025210364;94.72;30.065335311195568
3611;10.621121590039403;2.0110627025210364;84.0875;31.372263267127014
3612;10.538193532842431;2.0110627025210364;80.535;32.757842184599994
3613;10.601268288183926;2.0110627025210364;79.605;34.08336152660681
3614;10.621094828813117;2.0110627025210364;82.6575;35.38991310308169
3615;10.538210342962808;2.0110627025210364;89.2775;36.77507428595671
3616;10.601280650411661;2.0110627025210364;98.1225;38.10018016063704
3617;10.621068101809133;2.0110627025210364;134.31;39.4063554459023
3618;10.538227139731987;2.0110627025210364;204.5975;40.791099027612326
3619;10.60129298778286;2.0110627025210364;245.385;42.11579157931585
3620;10.62104140895899;0.10407943452321143;263.0525;31.58526421068423
3621;10.538243923166556;0.09020352322823828;272.745;21.055789894789477
3622;10.601305300359282;0.10077188853173015;262.3725;10.527368526326315
3623;10.621014750194423;0.10407496681928517;250.3075;0.0
3624;10.538260693283082;1.7660919191420903;229.17249999999999;0.0
3625;10.60131758820248;2.0110627025210364;207.37;1.3287482912076436
3626;10.620988125447342;2.0110627025210364;177.4125;2.638676697203548
3627;10.538277450098096;2.0110627025210364;146.6125;4.027049251940636
3628;10.601329851373814;2.0110627025210364;139.6325;5.355383188210319
3629;10.620961534649853;2.0110627025210364;137.4925;6.6649341919741385
3630;10.538294193628117;2.0110627025210364;134.3275;8.05288821460823
3631;10.601342089934445;2.0110627025210364;126.2525;9.380807940349046
3632;10.620934977734253;2.0110627025210364;115.0275;10.689981630707472
3633;10.538310923889638;2.0110627025210364;108.2575;12.077517254849244
3634;10.60135430394534;2.0110627025210364;99.33250000000001;13.405022914375685
3635;10.620908454633014;2.0110627025210364;91.635;14.713819380182883
3636;10.53832764089912;2.0110627025210364;88.475;16.100936739390704
3637;10.601366493467285;2.0110627025210364;84.805;17.428028476922844
3638;10.620881965278796;2.0110627025210364;84.475;18.736447807060298
3639;10.538344344673002;3.4285714285714284;85.225;20.12314703484024
3640;10.60137865856085;2.0110627025210364;87.6275;21.449824994503945
3641;10.620855509604452;2.0110627025210364;91.27250000000001;22.75786727788027
3642;10.538361035227712;2.0110627025210364;108.49000000000001;24.144148507686158
3643;10.601390799286428;2.0110627025210364;148.195;25.470412833513283
3644;10.620829087543008;2.0110627025210364;194.4075;26.778078159064076
3645;10.538377712579633;2.0110627025210364;217.6325;28.163941524297517
3646;10.60140291570422;1.776673833180877;220.035;28.161125130145088
3647;10.62080269902768;1.7799250149041101;210.79;28.158309017632075
3648;10.538394376745144;2.0110627025210364;222.5775;29.544018528822424
3649;10.601415007874236;2.0110627025210364;238.2875;30.869719869489018
3650;10.620776343991864;2.0110627025210364;241.7225;32.1768953707098
3651;10.538411027740581;2.0110627025210364;251.34;33.562187204819175
3652;10.601427075856286;2.0110627025210364;260.8125;34.88747526403522
3653;10.620750022369139;2.0110627025210364;253.9025;36.19427399525813
3654;10.538427665582272;2.0110627025210364;243.85;37.57914828555544
3655;10.601439119710005;1.7766799005580198;233.07;37.575390370726886
3656;10.620723734093264;1.6207426962593516;215.3875;36.57188435992107
3657;10.538444290286511;2.0110627025210364;182.45499999999998;37.95670509571289
3658;10.601451139494829;2.0110627025210364;145.925;39.28153084268324
3659;10.620697479098183;2.0110627025210364;128.3875;40.587940084455695
3660;10.538460901869568;2.0110627025210364;120.1425;41.97234343367116
3661;10.60146313527001;2.0110627025210364;125.00999999999999;43.29675622082129
3662;10.620671257318014;2.0110627025210364;115.9425;44.60278885074709
3663;10.538477500347698;2.0110627025210364;117.64500000000001;45.986774946531696
3664;10.60147510709461;2.0110627025210364;156.63;47.31077491729716
3665;10.620645068687066;2.0110627025210364;203.4775;48.61643102455272
3666;10.538494085737122;2.0110627025210364;250.33;50.0
3667;10.601487055027517;1.7775699790137511;286.68;50.0
3668;10.620618913139806;1.7798942144920809;296.1725;49.995
3669;10.538510658054042;0.09024822494354527;306.615;39.463684710526316
3670;10.60149897912742;0.10080434687730287;312.505;28.933422552581575
3671;10.620592790610901;0.10400425122091926;317.15999999999997;18.404213420852635
3672;10.538527217314634;1.7661365855203555;324.4925;18.40237299951055
3673;10.601510879452816;0.3153256956129512;329.70500000000004;9.221623076563572
3674;10.620566701035186;1.779885464340729;331.53249999999997;9.220700914255916
3675;10.538543763535053;1.7661393584775846;330.3725;9.219778844164491
3676;10.60152275606204;1.7766939170536995;323.085;9.218856866280074
3677;10.620540644347669;2.0110627025210364;305.595;10.528421368463162
3678;10.538560296731424;1.7661421292521327;275.755;10.527368526326315
3679;10.601534609013232;0.10081031803850708;238.24;0.0
3680;10.620514620483547;2.0110627025210364;176.24;1.3105111105406302
3681;10.538576816919855;2.0110627025210364;105.64;2.6987320833557136
3682;10.601546438364347;2.0110627025210364;82.0175;4.026993093701249
3683;10.620488629378176;2.0110627025210364;84.6575;5.337126196482611
3684;10.538593324116436;2.0110627025210364;89.02;6.7249288259523485
3685;10.601558244173157;2.0110627025210364;88.14;8.052776001105254
3686;10.620462670967106;2.0110627025210364;88.015;9.362531186086393
3687;10.538609818337209;2.0110627025210364;90.3475;10.749915605547436
3688;10.60157002649726;2.0110627025210364;101.89500000000001;12.077349088814483
3689;10.62043674518604;2.0110627025210364;119.9525;13.386726445978862
3690;10.538626299598219;2.0110627025210364;177.835;14.773692788715955
3691;10.601581785394067;2.0110627025210364;212.885;16.100712723312718
3692;10.620410851970876;2.0110627025210364;221.5575;17.409712342668055
3693;10.538642767915473;0.09027036504479184;219.34;6.881655581960105
3694;10.601593520920813;1.7767057764343768;213.03;6.8809674164019095
3695;10.620384991257675;2.0110627025210364;200.6475;8.190913577965478
3696;10.53865922330495;2.0110627025210364;179.0375;9.57836822446798
3697;10.601605233134558;2.0110627025210364;173.2275;10.905885416167703
3698;10.620359162982673;2.0110627025210364;190.135;12.215453622792547
3699;10.538675665782625;2.0110627025210364;199.425;13.602490194936774
3700;10.601616922092164;2.0110627025210364;212.81;14.929593869929725
3701;10.620333367082273;2.0110627025210364;213.905;16.238784211814572
3702;10.53869209536443;2.0110627025210364;201.8725;17.625402842797183
3703;10.601628587850342;2.0110627025210364;191.745;18.952093144055077
3704;10.620307603493055;2.0110627025210364;180.57999999999998;20.260905711422268
3705;10.538708512066279;2.0110627025210364;162.155;21.64710653438816
3706;10.601640230465605;2.0110627025210364;131.1725;22.973383604792396
3707;10.62028187215177;2.0110627025210364;102.7875;24.281818487887737
3708;10.538724915904066;2.0110627025210364;101.4375;25.667601635930087
3709;10.601651849994301;2.0110627025210364;100.935;26.99346561827191
3710;10.620256172995337;2.0110627025210364;99.57249999999999;28.301522907364514
3711;10.53874130689366;2.0110627025210364;100.91499999999999;29.6868885135248
3712;10.601663446492596;2.0110627025210364;111.395;31.01233955050548
3713;10.620230505960853;2.0110627025210364;149.7525;32.32001933588762
3714;10.538757685050905;2.0110627025210364;204.6175;33.704967533155674
3715;10.601675020016488;1.7767194347503434;242.8;33.70159703640236
3716;10.62020487098557;0.10393924033007912;268.14;23.171911087225034
3717;10.538774050391615;0.09029236648573044;286.245;12.643278106642628
3718;10.60168657062179;0.10083578506543939;291.1475;2.1156979893582797
3719;10.620179268006916;1.4430157813094655;294.34999999999997;0.0
3720;10.538790402931594;2.0110627025210364;288.6925;1.3881491172149854
3721;10.601698098364151;1.7767233024173619;278.9475;1.388010302303264
3722;10.62015369696249;2.0110627025210364;270.0525;2.6987254891586683
3723;10.538806742686614;2.0110627025210364;266.8625;4.086589211057469
3724;10.601709603299042;2.0110627025210364;262.0325;5.414556429002274
3725;10.620128157790056;2.0110627025210364;245.525;6.72489322345882
3726;10.538823069672425;2.0110627025210364;231.3975;8.11233881794767
3727;10.60172108548176;1.776727154795267;227.1025;8.111527584065875
3728;10.620102650427544;0.4885075830649177;198.195;0.0
3729;10.538839383904754;1.766188901069219;137.1075;0.0
3730;10.601732544967437;2.0110627025210364;97.54;1.3283540822809352
3731;10.620077174813051;2.0110627025210364;85.175;2.6391479308003083
3732;10.538855685399307;2.0110627025210364;78.8575;4.026971114877886
3733;10.601743981811026;2.0110627025210364;68.585;5.354911635045924
3734;10.620051730884843;2.0110627025210364;70.82249999999999;6.6653269995418185
3735;10.538871974171755;2.0110627025210364;83.88;8.052732091378697
3736;10.601755396067315;2.0110627025210364;109.9725;9.38025919190561
3737;10.62002631858134;2.0110627025210364;137.295;10.690296163334146
3738;10.538888250237763;2.0110627025210364;186.20499999999998;12.077283295991938
3739;10.601766787790917;1.7767348139793806;212.385;12.07607556766234
3740;10.620000937841143;1.5334146094214296;228.4775;10.527368526326315
3741;10.53890451361296;0.09031423062893877;232.83249999999998;-0.0
3742;10.601778157036286;1.7767367193348238;221.0725;0.0
3743;10.619975588603008;2.0110627025210364;181.7525;1.3110231908271421
3744;10.538920764312957;2.0110627025210364;141.8225;2.69891736241075
3745;10.601789503857697;2.0110627025210364;113.745;4.026947442009696
3746;10.619950270805846;2.0110627025210364;101.015;5.337591989999941
3747;10.53893700235334;2.0110627025210364;97.3175;6.725068078565269
3748;10.601800828309258;2.0110627025210364;94.445;8.052684784863617
3749;10.619924984388756;2.0110627025210364;93.4575;9.362950781215813
3750;10.538953227749671;2.0110627025210364;88.3775;10.750008919775505
3751;10.601812130444918;2.0110627025210364;91.6825;12.077212394960855
3752;10.619899729290973;2.0110627025210364;80.875;13.387099930894935
3753;10.53896944051749;2.0110627025210364;71.1725;14.77374025241023
3754;10.60182341031845;2.0110627025210364;68.7475;16.100530638582462
3755;10.619874505451907;2.0110627025210364;69.575;17.410039805339295
3756;10.538985640672314;2.0110627025210364;66.3625;18.796262442720064
3757;10.601834667983471;2.0110627025210364;62.6675;20.122639881891494
3758;10.619849312811127;2.0110627025210364;59.12;21.431770770732737
3759;10.539001828229638;2.0110627025210364;61.5825;22.817575856837507
3760;10.601845903493418;2.0110627025210364;71.345;24.143540490933077
3761;10.619824151308366;2.0110627025210364;78.0025;25.452293193141035
3762;10.539018003204928;2.0110627025210364;117.1775;26.837680860777038
3763;10.601857116901579;2.0110627025210364;164.1825;28.163232831634463
3764;10.619799020883512;2.0110627025210364;188.32999999999998;29.471607438511963
3765;10.539034165613632;0.42681576459382453;199.43;21.055789894789477
3766;10.60186830826107;0.10086624221443924;207.46;10.527368526326315
3767;10.619773921476614;0.10386701812306841;207.1875;-0.0
3768;10.539050315471178;1.7662242507863872;203.03;0.0
3769;10.601879477624838;1.7767536995062099;207.27499999999998;-0.0
3770;10.619748853027884;1.7797484023720778;215.1725;-0.0
3771;10.539066452792964;2.0110627025210364;218.885;1.3878868698466842
3772;10.601890625045684;1.776755567686401;222.70749999999998;1.3877480811596996
3773;10.619723815477688;1.7797442063651308;222.96;1.3876093063515837
3774;10.53908257759437;2.0110627025210364;207.3875;2.775342096706298
3775;10.601901750576229;1.9311610776037493;195.405;3.6503239740598072
3776;10.61969880876655;2.0110627025210364;165.5625;4.961245073334179
3777;10.53909868989074;2.0110627025210364;115.315;6.348605193430643
3778;10.601912854268944;2.0110627025210364;89.97;7.676153121355804
3779;10.619673832835154;2.0110627025210364;73.31;8.986695364850272
3780;10.539114789697422;2.0110627025210364;71.0025;10.373637645101237
3781;10.601923936176133;2.0110627025210364;72.5;11.7007725419694
3782;10.619648887624344;2.0110627025210364;72.58500000000001;13.010936021472077
3783;10.539130877029713;2.0110627025210364;74.5575;14.397460594691703
3784;10.601934996349945;2.0110627025210364;77.4075;15.724182602099786
3785;10.619623973075111;2.0110627025210364;102.9575;17.03396740941822
3786;10.539146951902902;2.0110627025210364;143.97;18.42007440836952
3787;10.60194603484236;2.0110627025210364;175.82;19.746383667828443
3788;10.619599089128613;2.0110627025210364;193.355;21.055789894789477
3789;10.539163014332253;0.09035755239186742;200.14249999999998;10.527368526326315
3790;10.601957051705208;0.10088111460032252;205.9875;0.0
3791;10.619574235726152;1.7797191385101836;191.9975;0.0
3792;10.539179064333002;1.7662458276225546;178.6025;-0.0
3793;10.60196804699016;1.7767685427184754;163.7425;0.0
3794;10.6195494128092;1.7797149784733128;136.52249999999998;-0.0
3795;10.539195101920368;1.7662485153387038;121.63;0.0
3796;10.60197902074872;1.7767703817948544;118.345;-0.0
3797;10.619524620319364;2.0110627025210364;115.065;1.311451610696604
3798;10.539211127109548;2.0110627025210364;107.72;2.6990698947814638
3799;10.601989973032248;2.0110627025210364;96.7625;4.02690951341135
3800;10.619499858198424;2.0110627025210364;86.2425;5.337981957171507
3801;10.53922713991571;2.0110627025210364;78.4725;6.725182376055865
3802;10.602000903891934;2.0110627025210364;73.06;8.052608999120922
3803;10.619475126388304;2.0110627025210364;69.1;9.363302368152123
3804;10.539243140354001;2.0110627025210364;66.9825;10.750085054579007
3805;10.602011813378825;3.4285714285714284;69.225;12.077098823363665
3806;10.619450424831074;3.4285714285714284;70.8775;13.387413209891807
3807;10.53925912843955;3.4285714285714284;71.06;14.773778296553246
3808;10.602022701543799;3.4285714285714284;72.34;16.100379352256983
3809;10.61942575346897;3.4285714285714284;71.3425;17.410314848526234
3810;10.539275104187455;3.4285714285714284;77.3175;18.7962624680633
3811;10.60203356843759;2.0110627025210364;79.0325;20.122450951800786
3812;10.61940111224437;2.0110627025210364;92.2375;21.432007650073455
3813;10.539291067612805;2.0110627025210364;105.845;22.81753793507628
3814;10.602044414110768;1.84620487407369;109.8875;23.208793526658813
3815;10.619376501099808;2.0110627025210364;107.4075;24.518064971261328
3816;10.539307018730648;2.0110627025210364;101.1575;25.903271496970085
3817;10.602055238613762;2.0110627025210364;100.2925;27.228728693137313
3818;10.619351919977973;2.0110627025210364;102.005;28.537621496288924
3819;10.539322957556024;2.0110627025210364;105.1725;29.922410924461076
3820;10.60206604199683;2.0110627025210364;110.675;31.247455943471643
3821;10.619327368821692;2.0110627025210364;117.6425;32.55597019749669
3822;10.539338884103948;2.0110627025210364;119.28999999999999;33.94034266057819
3823;10.602076824310098;2.0110627025210364;107.47749999999999;35.26497564321754
3824;10.619302847573948;2.0110627025210364;90.9325;36.573111440457964
3825;10.539354798389404;2.0110627025210364;78.2;37.95706707084398
3826;10.602087585603522;2.0110627025210364;70.9225;39.281288157813556
3827;10.61927835617788;2.0110627025210364;67.785;40.58904559062879
3828;10.539370700427359;2.0110627025210364;67.6925;41.972584520663744
3829;10.602098325926917;2.0110627025210364;67.0725;43.296393852581105
3830;10.619253894576767;3.4285714285714284;68.215;44.60377301334792
3831;10.53938659023276;3.4285714285714284;72.595;45.98689537532546
3832;10.602109045329938;2.0110627025210364;80.88250000000001;47.310293092724486
3833;10.61922946271404;2.0110627025210364;91.3275;48.61729407383688
3834;10.539402467820528;2.0110627025210364;133.7625;50.0
3835;10.602119743862103;1.7776760104235458;192.9325;50.0
3836;10.619205060533272;0.10377168353756194;234.685;39.46868421052631
3837;10.539418333205566;0.09040034091381483;248.785;28.938421552631574
3838;10.60213042157277;0.1009101694065222;253.305;18.40921192100263
3839;10.619180687978195;0.10376759897618867;252.9;7.881055210336845
3840;10.539434186402746;0.5116781083809269;231.03;0.0
3841;10.602141078511155;2.0110627025210364;177.905;1.327965975414403
3842;10.619156344992676;2.0110627025210364;154.0975;2.639634651073819
3843;10.539450027426925;2.0110627025210364;148.67000000000002;4.026893161553133
3844;10.60215171472631;2.0110627025210364;149.3175;5.354446343246984
3845;10.61913203152073;2.0110627025210364;151.5025;6.665735468667966
3846;10.539465856292933;2.0110627025210364;150.985;8.052576331642813
3847;10.602162330267156;2.0110627025210364;129.345;9.37971686025585
3848;10.619107747506526;2.0110627025210364;111.4225;10.690626528438624
3849;10.539481673015583;2.0110627025210364;95.42;12.077049876420975
3850;10.602172925182456;2.0110627025210364;85.9675;13.40377789251
3851;10.619083492894376;2.0110627025210364;76.515;14.714308196471091
3852;10.53949747760966;2.0110627025210364;73.7825;16.100314161922267
3853;10.602183499520834;2.0110627025210364;72.17;17.426629805961284
3854;10.619059267628732;2.0110627025210364;69.8325;18.73678083873339
3855;10.539513270089936;2.0110627025210364;78.36500000000001;20.122369554064083
3856;10.602194053330763;2.0110627025210364;83.9175;21.448272966444453
3857;10.61903507165419;2.0110627025210364;83.93;22.75804482107633
3858;10.539529050471144;2.0110627025210364;111.0775;24.143216418646634
3859;10.60220458666057;2.0110627025210364;149.1775;25.468707739677228
3860;10.619010904915491;2.0110627025210364;165.675;26.778100509233543
3861;10.539544818768007;2.0110627025210364;180.935;28.16285512135301
3862;10.602215099558434;1.7768099459022768;185.0225;28.160038835840876
3863;10.618986767357528;1.7796206855330963;185.42;28.15722283195729
3864;10.539560574995228;2.0110627025210364;177.11;29.54182456342863
3865;10.602225592072392;2.0110627025210364;166.35250000000002;30.866756068503516
3866;10.618962658925327;2.0110627025210364;165.29;32.17565486691761
3867;10.539576319167484;2.0110627025210364;164.47;33.55983979822181
3868;10.60223606425034;2.0110627025210364;179.3775;34.88435955320416
3869;10.618938579564052;2.0110627025210364;201.9575;36.192879466662994
3870;10.539592051299422;2.0110627025210364;204.6175;37.57664772998188
3871;10.602246516140022;1.7768152109618998;187.445;37.57289006520888
3872;10.618914529219028;1.6210867031245604;157.08249999999998;36.57344945383608
3873;10.53960777140568;2.0110627025210364;113.15;37.957164726055304
3874;10.602256947789051;2.0110627025210364;92.5175;39.2812249091831
3875;10.6188905078357;2.0110627025210364;84.6575;40.58935080424827
3876;10.539623479500865;2.0110627025210364;80.155;41.97264956364202
3877;10.602267359244886;2.0110627025210364;78.345;43.29629830740302
3878;10.618866515359667;2.0110627025210364;77.5825;44.60404548798059
3879;10.539639175599564;2.0110627025210364;82.3375;45.98692786661221
3880;10.602277750554844;2.0110627025210364;87.955;47.31016531079845
3881;10.618842551736668;2.0110627025210364;114.2875;48.61753387011754
3882;10.539654859716345;2.0110627025210364;186.1;50.0
3883;10.602288121766106;1.7768221835888023;259.775;49.995
3884;10.618818616912574;0.10370692000821084;301.3275;39.463684710526316
3885;10.539670531865752;0.0904426065237421;319.9525;28.933422552581575
3886;10.602298472925717;0.10093833289052388;315.5475;18.404213420852635
3887;10.618794710833408;0.10370291362286298;307.8975;7.876057210036867
3888;10.539686192062304;1.548141594431129;302.375;6.504812890231475
3889;10.602308804080561;1.7768256497080692;294.64750000000004;6.5041624089424515
3890;10.61877083344532;1.7795844974800086;279.895;6.503511992701557
3891;10.539701840320502;2.0110627025210364;260.025;7.890144893197811
3892;10.602319115277405;2.0110627025210364;256.99;9.217152719194958
3893;10.618746984694608;2.0110627025210364;251.57;10.528421368463162
3894;10.539717476654825;1.7663360593674708;240.425;10.527368526326315
3895;10.602329406562864;0.10094351701418385;200.3625;0.0
3896;10.618723164527701;2.0110627025210364;153.0575;1.3122129936986842
3897;10.53973310107973;2.0110627025210364;101.545;2.6993353263735713
3898;10.602339677983414;2.0110627025210364;80.555;4.026842698756691
3899;10.61869937289117;2.0110627025210364;77.0375;5.3386756102402035
3900;10.539748713609645;2.0110627025210364;76.805;6.725380464750017
3901;10.602349929585396;3.4285714285714284;77.9825;8.052475493597417
3902;10.618675609731724;3.4285714285714284;81.0375;9.363928416802919
3903;10.539764314258987;3.4285714285714284;87.8375;10.750215925415201
3904;10.602360161415014;2.0110627025210364;90.2125;12.076898750478398
3905;10.618651874996209;2.0110627025210364;100.3125;13.387971779356953
3906;10.539779903042149;2.0110627025210364;131.05;14.773842074288977
3907;10.602370373518323;2.0110627025210364;185.355;16.10011283523914
3908;10.618628168631606;0.8925851404175968;202.81;10.527368526326315
3909;10.539795479973495;0.09046354639701147;200.8775;-0.0
3910;10.602380565941266;1.776837676174863;193.31;-0.0
3911;10.618604490585026;1.7795566203198279;188.75;0.0
3912;10.539811045067369;2.0110627025210364;172.8125;1.3871795071859996
3913;10.602390738729616;2.0110627025210364;169.93;2.714769587442146
3914;10.618580840803727;2.0110627025210364;179.16750000000002;4.026846311719861
3915;10.53982659833811;2.0110627025210364;181.0575;5.413608358667486
3916;10.602400891929038;2.0110627025210364;182.28;6.740786150499032
3917;10.618557219235097;2.0110627025210364;185.08499999999998;8.05248271361064
3918;10.539842139800003;2.0110627025210364;184.8775;9.438827432529276
3919;10.602411025585049;2.0110627025210364;173.1825;10.765593075480227
3920;10.618533625826656;2.0110627025210364;137.8425;12.076909571637357
3921;10.539857669467342;2.0110627025210364;113.2675;13.462837094686218
3922;10.60242113974303;2.0110627025210364;93.12;14.789190728220872
3923;10.618510060526065;2.0110627025210364;78.3975;16.10012725164829
3924;10.539873187354383;2.0110627025210364;74.885;17.48563771093646
3925;10.602431234448236;2.0110627025210364;76.3425;18.81157947443954
3926;10.61848652328111;2.0110627025210364;73.0075;20.122136119375043
3927;10.539888693475362;2.0110627025210364;75.6175;21.507229646961513
3928;10.602441309745778;2.0110627025210364;80.64750000000001;22.832759679738327
3929;10.618463014039715;2.0110627025210364;106.1075;24.142936540432625
3930;10.539904187844503;2.0110627025210364;153.715;25.527613268326306
3931;10.602451365680633;2.0110627025210364;193.39;26.85273170960287
3932;10.618439532749942;0.7781013813634114;211.28;20.56003285470829
3933;10.539919670475996;1.7663699447385073;196.92000000000002;20.55797685142282
3934;10.60246140229766;2.0110627025210364;180.3325;21.8835827215549
3935;10.618416079359974;2.0110627025210364;162.91750000000002;23.193899087890774
3936;10.539935141384014;2.0110627025210364;139.415;24.578641313667173
3937;10.602471419641565;2.0110627025210364;133.7975;25.90383560087632
3938;10.61839265381814;2.0110627025210364;132.5725;27.213772196189
3939;10.539950600582713;2.0110627025210364;137.66;28.598097748415807
3940;10.602481417756938;2.0110627025210364;148.6275;29.922880591771875
3941;10.618369256072887;2.0110627025210364;146.4375;31.232437510443457
3942;10.539966048086226;2.0110627025210364;140.23000000000002;32.6163465210105
3943;10.60249139668823;2.0110627025210364;115.385;33.94071805950458
3944;10.6183458860728;2.0110627025210364;97.8075;35.24989539592947
3945;10.539981483908655;2.0110627025210364;81.8825;36.63338799667666
3946;10.60250135647976;2.0110627025210364;72.695;37.95734836922122
3947;10.618322543766597;2.0110627025210364;71.13250000000001;39.26614621780603
3948;10.539996908064094;2.0110627025210364;71.915;40.64922254052336
3949;10.60251129717572;3.4285714285714284;73.45750000000001;41.972771885952376
3950;10.618299229103124;3.4285714285714284;73.67;43.28119034111581
3951;10.540012320566609;3.4285714285714284;76.75;44.663850517543416
3952;10.602521218820169;2.0110627025210364;84.035;45.9869889746125
3953;10.618275942031355;2.0110627025210364;95.975;47.295028130785255
3954;10.540027721430242;2.0110627025210364;154.1525;48.677272292613445
3955;10.602531121457039;2.0110627025210364;194.14;50.0
3956;10.618252682500396;1.0870152460243694;215.3525;45.645485543101145
3957;10.54004311066902;0.09050504646832547;225.93;35.114605205073154
3958;10.602541005130128;1.7768645639472584;224.8075;35.11109374455265
3959;10.618229450459474;0.10360818245159369;219.085;24.581266845704505
3960;10.540058488296948;1.7663932090170207;213.8475;24.578808719019936
3961;10.60255086988311;2.0110627025210364;214.3625;25.90392751175908
3962;10.61820624585796;2.0110627025210364;216.5075;27.214041185442838
3963;10.540073854328003;2.0110627025210364;228.985;28.598249619712693
3964;10.60256071575953;2.0110627025210364;231.7175;29.92295711477917
3965;10.618183068645347;2.0110627025210364;222.89249999999998;31.23269090385461
3966;10.540089208776147;2.0110627025210364;190.3475;32.61648288642689
3967;10.602570542802804;2.0110627025210364;158.3525;33.940779222475584
3968;10.618159918771246;2.0110627025210364;131.535;35.25013322172065
3969;10.540104551655318;2.0110627025210364;113.7825;36.63350888432593
3970;10.60258035105622;2.0110627025210364;102.305;37.957394199934086
3971;10.61813679618541;2.0110627025210364;97.3875;39.26636850413795
3972;10.540119882979436;2.0110627025210364;93.3875;40.64932797845707
3973;10.602590140562937;2.0110627025210364;92.0775;41.97280241212444
3974;10.61811370083771;2.0110627025210364;89.0;43.2813971160874
3975;10.5401352027624;2.0110627025210364;92.7225;44.66394053375151
3976;10.602599911365997;2.0110627025210364;111.035;45.987004223900435
3977;10.618090632678145;2.0110627025210364;137.9875;47.29521942243381
3978;10.540150511018084;2.0110627025210364;194.24;48.67734691502439
3979;10.602609663508302;2.0110627025210364;242.11;50.0
3980;10.618067591656843;1.7794666422023702;267.1225;49.995
3981;10.540165807760339;1.7064454315409814;293.4675;49.613352736406895
3982;10.602619397032637;0.10099211609900433;314.72;39.08207561165957
3983;10.61804457772406;0.10357719989635172;318.65250000000003;28.55185161462472
3984;10.540181093003007;1.7664137561629798;307.9225;28.54899642946326
3985;10.602629111981662;1.7768793296475047;290.7125;28.546141529820314
3986;10.618021590830168;2.0110627025210364;278.1925;29.856166404378676
3987;10.540196366759893;2.0110627025210364;275.8275;31.23999423931634
3988;10.602638808397915;2.0110627025210364;279.6725;32.56436337191439
3989;10.617998630925669;2.0110627025210364;301.4425;33.87400823619782
3990;10.540211629044789;2.0110627025210364;291.7225;35.25741978778165
3991;10.602648486323798;1.776882576565576;265.7075;35.25389404580287
3992;10.61797569796119;1.7794512418703765;239.1575;35.250368656398294
3993;10.540226879871469;2.0110627025210364;186.47;36.63362808365476
3994;10.602658145801605;2.0110627025210364;126.89000000000001;37.95743948233487
3995;10.61795279188749;2.0110627025210364;108.9225;39.266588586093526
3996;10.540242119253682;2.0110627025210364;103.37;40.64943191394392
3997;10.602667786873493;2.0110627025210364;103.6575;41.97283257322271
3998;10.61792991265544;2.0110627025210364;102.1575;43.28160187294272
3999;10.540257347205158;2.0110627025210364;105.1525;44.66402923291053
4000;10.602677409581501;2.0110627025210364;110.285;45.98701929088481
4001;10.617907060216032;2.0110627025210364;156.99;47.2954088817505
4002;10.540272563739602;2.0110627025210364;249.6225;48.677420405309704
4003;10.602687013967552;2.0110627025210364;310.72;50.0
4004;10.617884234520398;1.7803179586891407;356.3775;50.0
4005;10.540287768870705;0.09054604838368177;380.725;39.46868421052631
4006;10.60269660007344;0.10100505444532766;389.90500000000003;28.938421552631574
4007;10.617861435519773;0.10354650735832675;395.16999999999996;18.40921192100263
4008;10.540302962612136;2.0110627025210364;396.3825;19.794083185328997
4009;10.60270616794083;2.0110627025210364;409.34;21.119532917466675
4010;10.617838663165529;2.0110627025210364;425.26;22.430474234167676
4011;10.540318144977531;2.0110627025210364;427.3875;23.814928949015606
4012;10.602715717611288;2.0110627025210364;426.685;25.13996752438998
4013;10.61781591740915;2.0110627025210364;412.40749999999997;26.45052840609885
4014;10.540333315980524;2.0110627025210364;371.695;27.834566703076742
4015;10.602725249126236;2.0110627025210364;326.5175;29.15919425973651
4016;10.617793198202248;2.0110627025210364;253.6275;30.4693748020184
4017;10.540348475634717;2.0110627025210364;148.87;31.852996812685216
4018;10.602734762526989;2.0110627025210364;108.945;33.17721348860331
4019;10.61777050549656;2.0110627025210364;104.4325;34.487013787032716
4020;10.540363623953693;2.0110627025210364;101.725;35.87021964289801
4021;10.602744257854738;2.0110627025210364;102.11;37.19402557597172
4022;10.617747839243934;2.0110627025210364;104.9125;38.503445726132384
4023;10.540378760951013;2.0110627025210364;107.66499999999999;39.88623555865631
4024;10.602753735150555;2.0110627025210364;120.22;41.20963088670742
4025;10.617725199396336;2.0110627025210364;179.35500000000002;42.518670984192234
4026;10.540393886640222;2.0110627025210364;297.85;43.9010449247856
4027;10.602763194455399;2.0110627025210364;358.28999999999996;45.2240297855605
4028;10.61770258590586;0.7965182302604192;397.195;39.04594662416416
4029;10.54040900103484;0.09056636550731827;415.71;28.51572624002806
4030;10.602772635810101;0.10101779716483257;426.96500000000003;17.986558877930374
4031;10.617679998724718;0.10351610062737679;433.185;7.458444432568898
4032;10.540424104148373;1.7664544820505417;425.59749999999997;7.457698588125641
4033;10.602782059255375;1.7769049618606394;426.895;7.456952818266829
4034;10.61765743780524;1.7793979051095992;432.10749999999996;7.456207122985002
4035;10.540439195994297;2.0110627025210364;431.275;8.84204426607812
4036;10.602791464831826;2.0110627025210364;426.96;10.168508170061278
4037;10.617634903099876;2.0110627025210364;413.555;11.480738161299389
4038;10.540454276586075;2.0110627025210364;374.6625;12.866158524726487
4039;10.602800852579934;2.0110627025210364;343.865;14.192211098923076
4040;10.617612394561197;2.0110627025210364;282.725;15.504060102980047
4041;10.540469345937145;2.0110627025210364;200.1025;16.88906381832946
4042;10.602810222540063;2.0110627025210364;132.39000000000001;18.214705200534567
4043;10.617589912141879;2.0110627025210364;113.325;19.526173313479728
4044;10.540484404060928;2.0110627025210364;105.495;20.910760512290498
4045;10.602819574752456;2.0110627025210364;105.89;22.235990840224435
4046;10.61756745579473;2.0110627025210364;102.955;23.54707815813542
4047;10.540499450970824;2.0110627025210364;105.0675;24.931248971897325
4048;10.602828909257257;2.0110627025210364;124.2175;26.256068383205744
4049;10.617545025472673;2.0110627025210364;177.5675;27.56677500216838
4050;10.540514486680205;2.0110627025210364;254.0325;28.95052956232197
4051;10.602838226094477;2.0110627025210364;319.1025;30.274938194575988
4052;10.61752262112874;2.0110627025210364;354.87;31.58526421068423
4053;10.540529511202436;0.09058656163259551;372.5375;21.055789894789477
4054;10.602847525304016;0.10103034778716777;384.31;10.527368526326315
4055;10.61750024271609;0.1034859755770014;389.83500000000004;0.0
4056;10.540544524550851;1.7664746631322124;376.7525;-0.0
4057;10.602856806925665;1.776917488714958;357.77;0.0
4058;10.617477890187988;2.0110627025210364;338.0725;1.313396004321411
4059;10.540559526738772;2.0110627025210364;329.545;2.6997331143191454
4060;10.602866070999092;2.0110627025210364;325.6775;4.026740373558576
4061;10.61745556349782;2.0110627025210364;304.2275;5.3397549141982905
4062;10.540574517779495;2.0110627025210364;263.3325;6.72567514681635
4063;10.602875317563859;2.0110627025210364;200.255;8.052271027616003
4064;10.61743326259909;2.0110627025210364;131.76749999999998;9.364904201044107
4065;10.540589497686295;2.0110627025210364;93.7275;10.750407687822022
4066;10.602884546659414;2.0110627025210364;82.23;12.076592327726797
4067;10.617410987445414;2.0110627025210364;74.66250000000001;13.388844230420881
4068;10.54060446647243;3.4285714285714284;72.21;14.77393110284903
4069;10.602893758325083;3.4285714285714284;73.1575;16.099704639329914
4070;10.61738873799052;3.4285714285714284;74.91499999999999;17.41157536777499
4071;10.540619424151135;3.4285714285714284;74.465;18.796245757294635
4072;10.602902952600088;3.4285714285714284;79.6425;20.121608327748824
4073;10.617366514188252;2.0110627025210364;84.57;21.43309797843721
4074;10.540634370735635;2.0110627025210364;135.6775;22.817352016440513
4075;10.602912129523535;2.0110627025210364;219.655;24.14230375819151
4076;10.61734431599257;2.0110627025210364;266.155;25.453412427622748
4077;10.540649306239121;1.7664922233443112;288.245;25.450867086379986
4078;10.60292128913442;1.4186378864038376;287.95;23.19788317493368
4079;10.61732214335755;1.779341713596423;285.13;23.195563386616186
4080;10.54066423067477;2.0110627025210364;283.2075;24.579612811136492
4081;10.602930431471622;2.0110627025210364;282.37;25.90437093995734
4082;10.617299996237373;2.0110627025210364;298.96999999999997;27.21534550643784
4083;10.540679144055733;2.0110627025210364;307.185;28.598978785034248
4084;10.602939556573919;2.0110627025210364;311.21000000000004;29.92332630841052
4085;10.61727787458634;2.0110627025210364;304.265;31.23391999492266
4086;10.540694046395155;2.0110627025210364;286.095;32.61713725884777
4087;10.60294866447997;2.0110627025210364;261.36;33.94107431386591
4088;10.617255778358864;2.0110627025210364;203.445;35.25128721699361
4089;10.540708937706151;2.0110627025210364;132.305;36.63408859745107
4090;10.60295775522832;2.0110627025210364;90.255;37.95761532112442
4091;10.617233707509467;2.0110627025210364;78.1225;39.26744753745832
4092;10.540723818001817;2.0110627025210364;71.4025;40.64983316560284
4093;10.602966828857419;2.0110627025210364;71.47749999999999;41.97294969487174
4094;10.617211661992778;2.0110627025210364;71.2875;43.28240132100911
4095;10.540738687295228;2.0110627025210364;75.5;44.66437132794654
4096;10.60297588540559;2.0110627025210364;92.96;45.98707779967844
4097;10.617189641763556;2.0110627025210364;166.9425;47.29614893222309
4098;10.54075354559944;2.0110627025210364;250.61;48.67770344901041
4099;10.60298492491106;2.0110627025210364;310.3825;50.0
4100;10.617167646776648;0.2458490421026685;340.0175;40.36322339460751
4101;10.540768392927495;0.09062659547656046;356.2225;29.832871282794365
4102;10.602993947411944;0.10105488645717434;362.295;19.303572206192403
4103;10.617145676987027;0.10342655441755878;385.5475;8.775326059498102
4104;10.540783229292407;1.766514667315767;388.2775;8.774448526892153
4105;10.60300295294624;1.7769419811158826;384.655;8.773571082039464
4106;10.617123732349771;1.7793084621816302;377.815;8.77269372493126
4107;10.540798054707174;2.0110627025210364;365.1675;10.158058303586952
4108;10.60301194155185;2.0110627025210364;375.0125;11.484181153282336
4109;10.617101812820072;2.0110627025210364;355.8025;12.796786012987939
4110;10.540812869184771;2.0110627025210364;310.675;14.181734108661107
4111;10.603020913266556;2.0110627025210364;222.73499999999999;15.507446067647013
4112;10.617079918353223;2.0110627025210364;131.7525;16.81966940060469
4113;10.540827672738162;2.0110627025210364;109.16;18.20420114456337
4114;10.603029868128047;2.0110627025210364;85.9675;19.52950234972727
4115;10.617058048904637;2.0110627025210364;77.8825;20.841344253032894
4116;10.54084246538028;2.0110627025210364;77.065;22.225459776496326
4117;10.60303880617389;2.0110627025210364;75.495;23.550350364653482
4118;10.617036204429828;3.4285714285714284;74.9225;24.86181093540868
4119;10.540857247124046;3.4285714285714284;76.8225;26.245510369547294
4120;10.603047727441558;2.0110627025210364;86.89;27.569990477440857
4121;10.617014384884424;2.0110627025210364;117.4375;28.881069812752912
4122;10.540872017982357;2.0110627025210364;206.73000000000002;30.264353288688397
4123;10.603056631968418;2.0110627025210364;297.6625;31.58842305298953
4124;10.61699259022416;1.779286484261835;326.87;31.58526421068423
4125;10.540886777968097;0.09064643545486815;344.5975;21.055789894789477
4126;10.603065519791711;0.10106688116913098;347.0525;10.527368526326315
4127;10.616970820404875;0.10339725045500406;347.5475;-0.0
4128;10.540901527094121;1.766534492673835;337.125;0.0
4129;10.603074390948594;1.7769539533077225;323.25;0.0
4130;10.616949075382523;1.7792791916722497;296.305;-0.0
4131;10.540916265373268;2.0110627025210364;233.9075;1.3861295478953959
4132;10.60308324547612;2.0110627025210364;209.97;2.713061851738293
4133;10.616927355113157;2.0110627025210364;177.2325;4.02670955819562
4134;10.540930992818362;2.0110627025210364;146.395;5.412422444062357
4135;10.603092083411218;2.0110627025210364;115.6225;6.738943722577294
4136;10.616905659552947;2.0110627025210364;100.91499999999999;8.052209451629736
4137;10.540945709442203;2.0110627025210364;92.35499999999999;9.43750580671448
4138;10.603100904790729;2.0110627025210364;80.74;10.763616196582616
4139;10.616883988658161;2.0110627025210364;72.97749999999999;12.076500045737705
4140;10.540960415257576;3.4285714285714284;68.84;13.461380001238433
4141;10.603109709651386;3.4285714285714284;68.9175;14.787079639069493
4142;10.616862342385174;3.4285714285714284;70.6375;16.09958170583967
4143;10.540975110277241;3.4285714285714284;74.7325;17.48404539290571
4144;10.603118498029815;3.4285714285714284;87.4025;18.809334415238094
4145;10.616840720690474;2.0110627025210364;92.3375;20.121454797140622
4146;10.540989794513937;2.0110627025210364;110.6225;21.505502346872667
4147;10.60312726996254;2.0110627025210364;178.5575;22.830380890173565
4148;10.616819123530648;1.7792574132287138;201.71;22.828097852084547
4149;10.541004467980395;1.4847475794846383;206.7225;21.055789894789477
4150;10.603136025485988;0.10107869711680392;208.655;10.527368526326315
4151;10.616797550862389;0.1033682124621393;202.54000000000002;0.0
4152;10.541019130689312;1.7665542016908329;176.9425;-0.0
4153;10.603144764636477;2.0110627025210364;149.73000000000002;1.3270124735953466
4154;10.616776002642501;2.0110627025210364;151.79;2.6409425698376108
4155;10.541033782653384;2.0110627025210364;136.315;4.026696382059912
4156;10.603153487450218;2.0110627025210364;134.39249999999998;5.353297899344
4157;10.616754478827884;2.0110627025210364;135.52;6.6668458146675755
4158;10.541048423885261;2.0110627025210364;167.8175;8.05218312739511
4159;10.603162193963332;2.0110627025210364;160.26500000000001;9.378373824817206
4160;10.616732979375548;2.0110627025210364;123.58;10.691539657027953
4161;10.5410630543976;2.0110627025210364;89.43;12.076460601384529
4162;10.603170884211833;2.0110627025210364;77.64750000000001;13.40224061532315
4163;10.616711504242605;2.0110627025210364;73.86500000000001;14.715024462231142
4164;10.541077674203025;2.0110627025210364;71.98750000000001;16.099529169292044
4165;10.603179558231632;2.0110627025210364;74.6525;17.42489863605506
4166;10.616690053386277;3.4285714285714284;79.6425;18.737300595474494
4167;10.541092283314146;3.4285714285714284;86.4875;20.12138919626651
4168;10.603188216058546;3.4285714285714284;93.18;21.446348252091266
4169;10.616668626763877;3.4285714285714284;99.025;22.758368421840373
4170;10.541106881743547;2.0110627025210364;120.5225;24.14204104734182
4171;10.603196857728278;2.0110627025210364;151.5325;25.46658982839522
4172;10.61664722433283;2.0110627025210364;176.37;26.778228306296192
4173;10.541121469503803;2.0110627025210364;215.9075;28.161485087436947
4174;10.603205483276446;1.7769759228819832;226.79;28.158668938928205
4175;10.616625846050663;1.2103427845166812;226.1725;24.58267711525471
4176;10.541136046607466;1.766573795461027;208.9925;24.580218847543186
4177;10.603214092738558;2.0110627025210364;179.1875;25.904707437556805
4178;10.616604491875009;2.0110627025210364;165.56;27.216342699531793
4179;10.54115061306706;2.0110627025210364;157.975;28.599527982848134
4180;10.603222686150026;2.0110627025210364;152.275;29.923606478207322
4181;10.616583161763588;2.0110627025210364;155.0375;31.234860113884093
4182;10.541165168895104;2.0110627025210364;167.07999999999998;32.61762971742235
4183;10.603231263546165;2.0110627025210364;172.48;33.94129825408176
4184;10.616561855674242;2.0110627025210364;147.96;35.25217036136582
4185;10.541179714104087;2.0110627025210364;100.57;36.634524415930805
4186;10.603239824962191;2.0110627025210364;80.895;37.95778312977513
4187;10.616540573564897;2.0110627025210364;73.27;39.2682738065755
4188;10.541194248706487;2.0110627025210364;67.4125;40.650212442923674
4189;10.603248370433217;3.4285714285714284;67.3775;41.97306146976782
4190;10.616519315393596;3.4285714285714284;71.66;43.283170813996925
4191;10.54120877271476;3.4285714285714284;80.72;44.6646941628365
4192;10.603256899994257;2.0110627025210364;85.6325;45.98713363842567
4193;10.616498081118467;2.0110627025210364;96.83;47.29686174799929
4194;10.541223286141339;2.0110627025210364;146.07;48.67796993999023
4195;10.603265413680239;2.0110627025210364;205.075;50.0
4196;10.616476870697756;1.779200055569792;239.4125;49.995
4197;10.541237788998645;0.09070526088751042;254.78500000000003;39.463684710526316
4198;10.60327391152598;0.10110180523948946;251.5725;28.933422552581575
4199;10.616455684089798;1.779196504936704;245.38;28.930529210326316
4200;10.541252281299073;1.766593275065446;238.82;28.927636157405285
4201;10.60328239356621;2.0110627025210364;236.4925;30.251625119901643
4202;10.616434521253018;2.0110627025210364;241.0825;31.56298716219929
4203;10.54126676305501;2.0110627025210364;235.54250000000002;32.94562743858081
4204;10.603290859835553;2.0110627025210364;236.4775;34.26920655899317
4205;10.61641338214597;2.0110627025210364;230.1125;35.5801869252986
4206;10.541281234278813;2.0110627025210364;214.225;36.9624117340412
4207;10.603299310368547;1.776991647229101;193.2775;36.958715492867796
4208;10.616392266727278;1.7791858769123325;182.1675;36.95501962131851
4209;10.541295694982825;2.0110627025210364;146.39000000000001;38.33709320912269
4210;10.603307745199626;2.0110627025210364;123.2975;39.66011714186213
4211;10.616371174955681;2.0110627025210364;103.9975;40.97059851394005
4212;10.541310145179368;2.0110627025210364;97.02250000000001;42.35225681616825
4213;10.603316164363127;2.0110627025210364;94.6025;43.67487123434166
4214;10.616350106790016;2.0110627025210364;107.96000000000001;44.98497114576771
4215;10.541324584880744;2.0110627025210364;133.3525;46.36621429301643
4216;10.603324567893303;2.0110627025210364;174.9875;47.68841933208849
4217;10.616329062189207;2.0110627025210364;212.26;48.99813788107554
4218;10.54133901409925;1.944209685332181;271.96;50.0
4219;10.603332955824301;1.7778793308674983;332.3775;50.0
4220;10.616308041112292;0.524729839061575;383.5775;42.11579157931585
4221;10.541353432847146;0.09072464147338509;420.9975;31.58526421068423
4222;10.603341328190176;0.10111310350106388;437.3175;21.055789894789477
4223;10.616287043518398;0.10328265727223401;445.21500000000003;10.527368526326315
4224;10.541367841136681;0.09072705613785946;437.45500000000004;-0.0
4225;10.603349685024888;1.7770000894451443;430.3075;0.0
4226;10.61626606936675;1.7791647276785898;424.9325;-0.0
4227;10.54138223898009;1.7666150544858794;401.98749999999995;-0.0
4228;10.603358026362306;1.7770014873578586;392.165;0.0
4229;10.616245118616671;1.7791612165725836;380.2275;0.0
4230;10.541396626389577;1.7666174656510967;343.77250000000004;-0.0
4231;10.6033663522362;1.7770028826790631;321.2075;-0.0
4232;10.616224191227579;1.7791577093816116;302.7975;0.0
4233;10.541411003377348;1.7666198750697533;257.955;0.0
4234;10.603374662680256;2.0110627025210364;208.0875;1.3267940704537566
4235;10.616203287158994;2.0110627025210364;173.245;2.6412682682456667
4236;10.54142536995557;2.0110627025210364;132.195;4.02665003996105
4237;10.603382957728053;2.0110627025210364;111.06;5.353033565115403
4238;10.61618240637053;2.0110627025210364;114.545;6.667124975706888
4239;10.5414397261364;2.0110627025210364;107.1225;8.052090523379738
4240;10.603391237413092;2.0110627025210364;115.5175;9.378063638784962
4241;10.616161548821896;2.0110627025210364;134.4825;10.69177236104028
4242;10.541454071931973;2.0110627025210364;161.8525;12.076321815468802
4243;10.603399501768767;2.0110627025210364;183.8025;13.401884656606926
4244;10.616140714472897;2.0110627025210364;212.0275;14.715210789392014
4245;10.541468407354417;2.0110627025210364;232.515;16.099344281326378
4246;10.603407750828392;2.0110627025210364;239.5375;17.424496983611274
4247;10.616119903283428;1.7791402319153777;227.4325;17.42275453391291
4248;10.541482732415826;2.0110627025210364;237.1575;18.806603662664486
4249;10.603415984625181;2.0110627025210364;239.08;20.131477816904297
4250;10.616099115213492;2.0110627025210364;239.3475;21.444170509669792
4251;10.541497047128283;2.0110627025210364;247.9725;22.827603897846956
4252;10.603424203192267;2.0110627025210364;250.425;24.152068144424515
4253;10.616078350223177;2.0110627025210364;260.47749999999996;25.464378504898054
4254;10.541511351503853;2.0110627025210364;252.98250000000002;26.847396283118904
4255;10.603432406562677;1.7770139526284228;245.625;26.844711543490593
4256;10.616057608272671;1.7791297919843205;234.6125;26.842027072336244
4257;10.541525645554591;2.0110627025210364;213.04250000000002;28.22489350635215
4258;10.603440594769355;2.0110627025210364;189.60500000000002;29.548802451970626
4259;10.61603688932225;2.0110627025210364;178.35750000000002;30.86061252686929
4260;10.541539929292512;2.0110627025210364;169.025;32.24306353278872
4261;10.60344876784516;2.0110627025210364;157.3825;33.56656289698253
4262;10.61601619333229;2.0110627025210364;163.9025;34.87799085702716
4263;10.54155420272963;2.0110627025210364;159.9625;36.260026565348305
4264;10.603456925822847;2.0110627025210364;146.195;37.58311648316007
4265;10.61599552026326;2.0110627025210364;160.9225;38.894162427261655
4266;10.54156846587794;2.0110627025210364;218.19;40.27578296843488
4267;10.603465068735092;2.0110627025210364;267.02;41.598463574839705
4268;10.615974870075718;1.295539362043093;298.8175;38.556936700006595
4269;10.541582718749417;0.09076306716724113;318.265;28.026765216862916
4270;10.603473196614475;0.10113520314020959;324.985;17.49764675086755
4271;10.615954242730322;0.10322688366787823;306.1325;6.969581196718778
4272;10.541596961356014;1.7666510394993475;266.43;6.968884238599106
4273;10.603481309493493;2.0110627025210364;235.635;8.294880106156429
4274;10.615933638187812;2.0110627025210364;219.325;9.60891366186739
4275;10.541611193709667;2.0110627025210364;206.4175;10.99342213647702
4276;10.603489407404544;2.0110627025210364;202.7375;12.319007857229057
4277;10.615913056409042;2.0110627025210364;184.5;13.632658552854744
4278;10.54162541582229;2.0110627025210364;166.2275;15.016751141968284
4279;10.60349749037995;2.0110627025210364;142.585;16.341926850993133
4280;10.615892497354928;2.0110627025210364;101.29;17.655194785820854
4281;10.54163962770579;2.0110627025210364;79.3825;19.038871620021773
4282;10.603505558451939;2.0110627025210364;71.8875;20.36363745233043
4283;10.615871960986507;2.0110627025210364;71.7075;21.676522725648017
4284;10.541653829372052;2.0110627025210364;68.1975;23.059783935472
4285;10.603513611652643;2.0110627025210364;69.11500000000001;24.384140026008442
4286;10.615851447264886;2.0110627025210364;71.045;25.6966427371042
4287;10.541668020832939;2.0110627025210364;73.845;27.079488453039197
4288;10.603521650014118;2.0110627025210364;77.9675;28.403434936680483
4289;10.61583095615128;2.0110627025210364;81.7875;29.7155551848431
4290;10.541682202100295;2.0110627025210364;100.1;31.097985537329336
4291;10.603529673568323;2.0110627025210364;155.1725;32.4215225488857
4292;10.615810487606984;2.0110627025210364;195.915;33.73326043340417
4293;10.54169637318595;1.7666676997846287;216.065;33.72988710736083
4294;10.603537682347135;0.1011460102111926;221.4;23.200198329176413
4295;10.615790041593394;1.7790849508702264;219.905;23.197878309343494
4296;10.541710534101721;2.0110627025210364;207.54000000000002;24.580933514115923
4297;10.603545676382344;2.0110627025210364;203.9875;25.905107028201286
4298;10.615769618071985;2.0110627025210364;198.6525;27.21753538033008
4299;10.541724684859393;2.0110627025210364;190.8475;28.600175176175625
4300;10.603553655705648;2.0110627025210364;198.6575;29.923939185737645
4301;10.615749217004332;2.0110627025210364;197.7125;31.235985035664953
4302;10.541738825470743;2.0110627025210364;176.6375;32.61820955296418
4303;10.603561620348671;2.0110627025210364;156.2475;33.941564192677646
4304;10.61572883835209;2.0110627025210364;117.38;35.25322763982389
4305;10.541752955947532;2.0110627025210364;103.00999999999999;36.63503700890975
4306;10.603569570342936;2.0110627025210364;83.6925;37.957982413383064
4307;10.615708482077018;2.0110627025210364;76.58250000000001;39.269263557168564
4308;10.5417670763015;2.0110627025210364;74.35;40.65065790832642
4309;10.603577505719887;2.0110627025210364;72.3675;41.973194212101696
4310;10.615688148140958;3.4285714285714284;73.15;43.28409315194658
4311;10.541781186544364;3.4285714285714284;74.5075;44.66507261541424
4312;10.603585426510879;2.0110627025210364;84.16;45.987199952967366
4313;10.61566783650583;2.0110627025210364;92.3575;47.29771678829153
4314;10.541795286687835;2.0110627025210364;138.3;48.67828149425925
4315;10.60359333274719;2.0110627025210364;224.44;50.0
4316;10.615647547133666;1.779943115474086;295.9675;50.0
4317;10.541809376743593;1.7666866378879644;322.32;49.995
4318;10.603601224460006;0.10115665914229545;328.935;39.463684710526316
4319;10.615627279986564;0.10317208845295445;328.7;28.933422552581575
4320;10.541823456723312;1.76668899753147;337.46500000000003;28.930529210326316
4321;10.603609101680426;1.777043564708508;336.76;28.927636157405285
4322;10.615607035026729;2.0110627025210364;339.005;30.23991671051415
4323;10.541837526638643;2.0110627025210364;342.7125;31.62214706853639
4324;10.603616964439475;2.0110627025210364;345.3725;32.945548737612036
4325;10.615586812216444;2.0110627025210364;347.1525;34.25744671113265
4326;10.541851586501215;2.0110627025210364;314.945;35.639261959285385
4327;10.603624812768082;1.7770461977070415;288.9975;35.635698033089454
4328;10.615566611518078;1.945627006521094;251.5775;36.576414468745874
4329;10.541865636322648;2.0110627025210364;201.2575;37.95798447279249
4330;10.603632646697104;2.0110627025210364;166.8075;39.28073765998296
4331;10.615546432894094;2.0110627025210364;152.07500000000002;40.592040474967575
4332;10.54187967611454;2.0110627025210364;136.95;41.97319557861127
4333;10.603640466257295;2.0110627025210364;137.0125;43.29553981610898
4334;10.615526276307047;2.0110627025210364;146.54250000000002;44.60646029963567
4335;10.541893705888471;2.0110627025210364;148.5625;45.98720063301166
4336;10.60364827147935;2.0110627025210364;182.4475;47.30913605504298
4337;10.615506141719568;2.0110627025210364;247.0425;48.61967430680388
4338;10.541907725656003;2.0110627025210364;321.8725;50.0
4339;10.603656062393863;1.777933479831747;364.135;50.0
4340;10.615486029094377;0.10314841641953998;390.5175;39.46868421052631
4341;10.541921735428684;0.09081988248384154;398.6825;28.938421552631574
4342;10.603663839031357;0.10116715262805212;399.975;18.40921192100263
4343;10.615465938394292;1.7790306348822695;399.5875;18.407370999810528
4344;10.54193573521804;2.0110627025210364;386.25;19.790691314253408
4345;10.603671601422263;2.0110627025210364;365.3825;21.11522422377083
4346;10.615445869582201;2.0110627025210364;360.87;22.42843912524536
4347;10.541949725035586;2.0110627025210364;345.3;23.81134404254903
4348;10.603679349596934;2.0110627025210364;344.9375;25.135467526027686
4349;10.615425822621093;2.0110627025210364;349.0675;26.448299447785043
4350;10.541963704892812;2.0110627025210364;334.3625;27.830789098192096
4351;10.603687083585644;2.0110627025210364;318.03499999999997;29.154503289875915
4352;10.615405797474034;2.0110627025210364;296.5075;30.466952331946594
4353;10.541977674801196;2.0110627025210364;237.26749999999998;31.84902684565226
4354;10.60369480341858;2.0110627025210364;192.875;33.17233187972004
4355;10.615385794104174;2.0110627025210364;169.68;34.4843981421331
4356;10.541991634772199;2.0110627025210364;161.7725;35.8660576492853
4357;10.603702509125847;2.0110627025210364;166.9675;37.18895365985082
4358;10.615365812474757;2.0110627025210364;178.52;38.500637242633815
4359;10.542005584817261;2.0110627025210364;189.3875;39.88188187333315
4360;10.603710200737478;2.0110627025210364;221.32;41.20436899444521
4361;10.615345852549103;2.0110627025210364;270.89750000000004;42.51566999762412
4362;10.542019524947802;2.0110627025210364;329.765;43.89649988192395
4363;10.603717878283414;1.777061794422606;364.3775;43.89211023193576
4364;10.615325914290631;0.10312158301037869;388.4625;33.36140523143888
4365;10.542033455175234;0.09083860543512683;400.0;22.83175330144205
4366;10.60372554179352;0.10117749330502097;397.6875;12.30315433663822
4367;10.61530599766283;0.10311824521143444;390.5475;1.7756082317308746
4368;10.542047375510952;1.7667265237583212;377.0125;1.7754306709077015
4369;10.603733191297579;2.0110627025210364;350.7975;3.1017065961079107
4370;10.615286102629275;2.0110627025210364;338.0925;4.416874627950489
4371;10.542061285966318;2.0110627025210364;338.725;5.8014747188196925
4372;10.603740826825307;2.0110627025210364;336.5025;7.127340785863769
4373;10.615266229153638;2.0110627025210364;339.47;8.442125134089226
4374;10.542075186552694;2.0110627025210364;326.515;9.826309494350758
4375;10.603748448406318;2.0110627025210364;302.4925;11.15176583741532
4376;10.61524637719966;2.0110627025210364;276.40250000000003;12.466166602491901
4377;10.542089077281416;2.0110627025210364;235.94;13.849935362414307
4378;10.603756056070159;2.0110627025210364;192.79;15.174982115611414
4379;10.615226546731174;2.0110627025210364;165.91750000000002;16.488999398005237
4380;10.542102958163804;2.0110627025210364;163.575;17.872352687809823
4381;10.603763649846302;2.0110627025210364;162.2425;19.196989985187052
4382;10.615206737712095;2.0110627025210364;166.0625;20.510623885362044
4383;10.542116829211166;2.0110627025210364;181.475;21.8935618352229
4384;10.603771229764126;2.0110627025210364;202.2225;23.21778981076346
4385;10.615186950106416;2.0110627025210364;243.4025;24.53104042918129
4386;10.542130690434789;2.0110627025210364;289.4075;25.913563169225323
4387;10.603778795852946;2.0110627025210364;312.25;27.2373819568481
4388;10.615167183878222;0.10309498160936612;324.065;16.708342429178735
4389;10.542144541845936;0.09085722229014304;337.5075;6.180355805462133
4390;10.603786348141995;0.7932025914082661;336.2075;0.0
4391;10.615147438991677;1.7789772580264884;302.185;-0.0
4392;10.542158383455867;2.0110627025210364;272.9325;1.3849495357169266
4393;10.603793886660412;2.0110627025210364;264.0625;2.711206848435963
4394;10.615127715411026;2.0110627025210364;281.7625;4.026564398110645
4395;10.54217221527582;2.0110627025210364;286.9925;5.411098137158806
4396;10.603801411437283;2.0110627025210364;285.525;6.736945686479672
4397;10.615108013100595;2.0110627025210364;271.6;8.051919379465458
4398;10.542186037317002;2.0110627025210364;241.085;9.43603745207636
4399;10.6038089225016;2.0110627025210364;224.14;10.761475371954631
4400;10.615088332024794;2.0110627025210364;195.7525;12.076065308993881
4401;10.54219984959063;2.0110627025210364;177.7675;13.459767845351882
4402;10.603816419882278;2.0110627025210364;170.14249999999998;14.784796269679182
4403;10.615068672148116;2.0110627025210364;163.5775;16.099002551511504
4404;10.542213652107886;2.0110627025210364;164.855;17.482289681753862
4405;10.603823903608163;2.0110627025210364;160.1975;18.806908744357933
4406;10.615049033435138;2.0110627025210364;144.48000000000002;20.120731471720116
4407;10.542227444879932;2.0110627025210364;142.175;21.50360332593701
4408;10.603831373708019;2.0110627025210364;146.29250000000002;22.8278131605818
4409;10.61502941585051;2.0110627025210364;169.51;24.141252434207757
4410;10.542241227917929;2.0110627025210364;232.5625;25.523709142442307
4411;10.60383883021053;2.0110627025210364;308.0075;26.84750988282806
4412;10.615009819358969;2.0110627025210364;362.6675;28.160565803448755
4413;10.542255001233002;0.09087573401959909;390.35;17.631433957394727
4414;10.60384627314431;0.10119772649807095;400.65250000000003;7.103355024525305
4415;10.614990243925334;0.6481450279164651;415.3425;-0.0
4416;10.542268764836276;1.7667636260762292;423.89;0.0
4417;10.603853702537894;1.7770845570136296;426.60249999999996;-0.0
4418;10.614970689514497;1.7789476368363843;434.3725;-0.0
4419;10.542282518738848;1.7667659310729353;433.0875;-0.0
4420;10.603861118419745;1.7770857998305793;432.67;-0.0
4421;10.614951156091434;1.7789443632581698;425.53249999999997;-0.0
4422;10.542296262951808;1.7667682344457738;385.7875;-0.0
4423;10.60386852081824;1.777087040387873;355.6325;-0.0
4424;10.61493164362121;2.0110627025210364;305.0825;1.3158149385598505
4425;10.542309997486221;2.0110627025210364;207.205;2.7004888594540843
4426;10.603875909761689;2.0110627025210364;136.98000000000002;4.026536696294535
4427;10.614912152068959;2.0110627025210364;109.4275;5.341967498159395
4428;10.542323722353137;2.0110627025210364;103.35;6.7262257651740995
4429;10.603883285278327;2.0110627025210364;100.4525;8.051864021583171
4430;10.614892681399898;2.0110627025210364;99.71;9.366910787851111
4431;10.542337437563594;2.0110627025210364;100.045;10.750753531086913
4432;10.60389064739631;2.0110627025210364;111.9875;12.07598234070731
4433;10.614873231579326;2.0110627025210364;146.0375;13.390645172472878
4434;10.542351143128608;2.0110627025210364;232.9625;14.774072521983454
4435;10.603897996143722;2.0110627025210364;304.9975;16.09889201839472
4436;10.614853802572615;2.0110627025210364;347.72749999999996;17.4131710167489
4437;10.542364839059182;0.6707743325032638;362.76750000000004;10.527368526326315
4438;10.603905331548567;0.10120762401091037;365.2825;0.0
4439;10.614834394345218;1.7789247953254286;359.07;0.0
4440;10.542378525366297;1.7667820206852403;337.1225;-0.0
4441;10.603912653638787;1.7770944365436527;317.46500000000003;0.0
4442;10.614815006862676;2.0110627025210364;302.84000000000003;1.3159257434804579
4443;10.542392202060926;2.0110627025210364;287.635;2.70052155894823
4444;10.603919962442239;2.0110627025210364;271.6475;4.026527542472208
4445;10.61479564009059;2.0110627025210364;237.515;5.342069031631901
4446;10.542405869154022;2.0110627025210364;197.7625;6.726249249032417
4447;10.603927257986708;2.0110627025210364;156.1525;8.05184572902014
4448;10.614776293994659;2.0110627025210364;133.9775;9.367003065152312
4449;10.542419526656513;2.0110627025210364;108.795;10.75076781452211
4450;10.603934540299912;2.0110627025210364;92.955;12.075954924455742
4451;10.614756968540648;2.0110627025210364;83.0975;13.39072820884968
4452;10.542433174579328;2.0110627025210364;80.81;14.774077620178433
4453;10.603941809409486;2.0110627025210364;81.1275;16.098855493477405
4454;10.614737663694404;2.0110627025210364;80.7525;17.413244827418374
4455;10.542446812933363;2.0110627025210364;84.6725;18.79617903064894
4456;10.603949065342997;2.0110627025210364;95.0825;20.12054780067003
4457;10.61471837942185;2.0110627025210364;100.685;21.434553285439204
4458;10.542460441729506;2.0110627025210364;132.82750000000001;22.81707241046763
4459;10.603956308127941;2.0110627025210364;172.56;24.141032210505042
4460;10.614699115688985;2.0110627025210364;217.8975;25.454653947379455
4461;10.542474060978627;1.7667980313608003;235.7275;25.452108481984716
4462;10.603963537791742;1.7771029641454992;245.73000000000002;25.44956327113652
4463;10.614679872461892;1.7788988992257384;262.21;25.447018314809405
4464;10.542487670691582;1.848140216959983;248.6825;25.905560635864607
4465;10.603970754361741;2.0110627025210364;224.95999999999998;27.229197863157363
4466;10.614660649706718;2.0110627025210364;217.01999999999998;28.542547326149666
4467;10.542501270879207;2.0110627025210364;220.0625;29.924316864081806
4468;10.603977957865222;2.0110627025210364;218.0825;31.24754537242344
4469;10.614641447389703;2.0110627025210364;220.22750000000002;32.56051124286598
4470;10.542514861552318;2.0110627025210364;209.85750000000002;33.941866073266986
4471;10.603985148329391;2.0110627025210364;174.9375;35.26468599574674
4472;10.614622265477147;2.0110627025210364;150.1975;36.57726837494388
4473;10.542528442721723;2.0110627025210364;122.64750000000001;37.95820862752075
4474;10.603992325781379;2.0110627025210364;101.85249999999999;39.28062009716569
4475;10.614603103935444;2.0110627025210364;99.88;40.5928190864173
4476;10.54254201439821;2.0110627025210364;100.0325;41.97334489083036
4477;10.603999490248244;2.0110627025210364;98.8525;43.29534804060545
4478;10.61458396273105;2.0110627025210364;121.115;44.60716374120689
4479;10.542555576592557;2.0110627025210364;135.735;45.987275227069844
4480;10.604006641756989;2.0110627025210364;155.275;47.308870189878
4481;10.614564841830495;2.0110627025210364;214.83249999999998;48.620302703120046
4482;10.542569129315513;2.0110627025210364;280.805;50.0
4483;10.604013780334526;1.777993429265788;339.415;50.0
4484;10.614545741200395;1.7788764203609686;363.2825;49.995
4485;10.542582672577822;1.7668162334221504;386.2475;49.9900005
4486;10.604020906007703;0.10122699296792131;403.32500000000005;39.45868571047632
4487;10.614526660807444;0.10298763727122055;414.84749999999997;28.928424052431588
4488;10.542596206390208;1.7668185015342597;423.32;28.925531210026346
4489;10.604028018803298;1.5622289143847554;425.1025;27.5729368200272
4490;10.614507600618394;1.778870028435809;411.90749999999997;27.570179526345196
4491;10.542609730763374;2.0110627025210364;401.395;28.951943264167355
4492;10.604035118748026;2.0110627025210364;402.0375;30.27521470703031
4493;10.614488560600083;2.0110627025210364;403.8075;31.58842305298953
4494;10.542623245708018;1.7668230330145556;386.36;31.58526421068423
4495;10.604042205868527;0.10123056258089407;360.7925;21.055789894789477
4496;10.614469540719432;0.10297806459800668;330.60749999999996;10.527368526326315
4497;10.542636751234815;0.09093971095212681;305.73249999999996;-0.0
4498;10.604049280191365;1.777117333590658;262.9;0.0
4499;10.614450540943418;2.0110627025210364;218.815;1.316271986103753
4500;10.542650247354421;2.0110627025210364;181.63;2.7006226239184423
4501;10.60405634174304;2.0110627025210364;160.795;4.026499037000163
4502;10.614431561239105;2.0110627025210364;151.3775;5.342386403919313
4503;10.542663734077486;2.0110627025210364;153.79;6.72632161790531
4504;10.604063390549982;2.0110627025210364;168.69;8.051788764721037
4505;10.614412601573632;2.0110627025210364;198.01;9.367291614349615
4506;10.542677211414627;2.0110627025210364;238.025;10.750811534344283
4507;10.604070426638547;2.0110627025210364;272.7675;12.07586954788423
4508;10.6143936619142;2.0110627025210364;297.62;13.390987982110952
4509;10.542690679376465;2.0110627025210364;323.9025;14.7740927379051
4510;10.604077450035039;1.7771220545341537;339.945;14.77261532863131
4511;10.614374742228097;1.7788477628896888;335.1625;14.771138067098448
4512;10.542704137973598;2.0110627025210364;311.72;16.154092022216822
4513;10.604084460765671;2.0110627025210364;295.425;17.478596375287214
4514;10.614355842482679;2.0110627025210364;286.7375;18.79321046529114
4515;10.542717587216597;2.0110627025210364;279.5225;20.17574943638884
4516;10.604091458856605;2.0110627025210364;286.51250000000005;21.499844975531428
4517;10.614336962645371;2.0110627025210364;296.06;22.81407487652077
4518;10.542731027116032;2.0110627025210364;310.52;24.19619899327289
4519;10.604098444333923;2.0110627025210364;299.065;25.519885851256337
4520;10.614318102683676;1.7788382707500827;280.745;25.51733386267121
4521;10.542744457682451;2.0110627025210364;243.8425;26.899174894486617
4522;10.604105417223645;2.0110627025210364;196.92249999999999;28.222584830634705
4523;10.614299262565169;2.0110627025210364;176.9425;29.536178272714732
4524;10.542757878926386;2.0110627025210364;161.5725;30.917604669907394
4525;10.60411237755172;2.0110627025210364;157.315;32.24060615076627
4526;10.614280442257499;2.0110627025210364;147.7225;33.55381567000657
4527;10.542771290858356;2.0110627025210364;144.86249999999998;34.934827562124134
4528;10.604119325344037;2.0110627025210364;145.44;36.25742072029109
4529;10.61426164172839;2.0110627025210364;174.68;37.570246418577085
4530;10.54278469348886;2.0110627025210364;231.3175;38.95084393512081
4531;10.604126260626408;2.0110627025210364;280.10249999999996;40.27302890313221
4532;10.614242860945621;2.0110627025210364;308.1925;41.58547088234355
4533;10.542798086828384;1.1588385384268352;328.735;37.76234922927248
4534;10.604133183424581;0.10124580937837296;335.2125;27.232257204875875
4535;10.61422409987707;1.7788225169552245;344.4675;27.229533979155388
4536;10.542811470887399;1.7668545774010496;347.775;27.226811025757474
4537;10.60414009376424;2.0110627025210364;340.8025;28.550155255578872
4538;10.614205358490663;2.0110627025210364;332.385;29.863805149487185
4539;10.542824845676355;2.0110627025210364;340.8;31.2451351655797
4540;10.604146991670998;2.0110627025210364;344.63750000000005;32.5680710099757
4541;10.614186636754415;2.0110627025210364;345.72;33.88133689795801
4542;10.542838211205698;2.0110627025210364;331.0025;35.2622524636228
4543;10.604153877170408;1.7771348628476038;312.4125;35.25872623837644
4544;10.614167934636393;1.7788131043034994;283.61;35.2552003657526
4545;10.542851567485844;2.0110627025210364;229.3725;36.63596585660447
4546;10.604160750287944;2.0110627025210364;192.5125;37.95834954724526
4547;10.61414925210476;2.0110627025210364;169.57;39.27111192279102
4548;10.542864914527206;2.0110627025210364;151.44;40.6514631427979
4549;10.604167611049032;2.0110627025210364;146.43;41.97343876598704
4550;10.61413058912773;2.0110627025210364;149.01;43.2858173624391
4551;10.542878252340168;2.0110627025210364;151.105;44.66575444097969
4552;10.604174459479017;2.0110627025210364;179.0725;45.987322129030524
4553;10.614111945673598;2.0110627025210364;234.0225;47.2993170484277
4554;10.542891580935109;2.0110627025210364;301.115;48.67884011483451
4555;10.604181295603182;2.0110627025210364;355.5375;50.0
4556;10.614093321710726;1.778800600030838;384.8575;49.995
4557;10.5429049003224;0.09098464967118994;404.7875;39.463684710526316
4558;10.604188119446755;0.10125501602714121;411.03499999999997;28.933422552581575
4559;10.61407471720754;0.10291189669476972;433.33000000000004;18.404213420852635
4560;10.542918210512372;1.7668724657409383;439.0575;18.40237299951055
4561;10.604194931034877;1.777141743005573;452.2725;18.4005327622106
4562;10.614056132132548;1.7787943674830384;460.5625;18.398692708934377
4563;10.542931511515365;1.766874694836857;464.2075;18.396852839663485
4564;10.60420173039265;1.777142882500141;456.4325;18.39501315437952
4565;10.614037566454327;1.7787912560877868;443.635;18.393173653064082
4566;10.542944803341685;1.7668769223948704;412.36;18.391334335698776
4567;10.604208517545088;1.7771440199492348;369.225;18.389495202265206
4568;10.61401902014151;2.0110627025210364;326.22749999999996;19.704338183610542
4569;10.54295808600164;2.0110627025210364;259.615;21.086557568090623
4570;10.604215292517155;2.0110627025210364;190.7975;22.410444384442513
4571;10.614000493162816;2.0110627025210364;153.6775;23.724902871499392
4572;10.542971359505506;2.0110627025210364;142.4625;25.10670758968201
4573;10.604222055333747;2.0110627025210364;135.1925;26.43018596635598
4574;10.613981985487023;2.0110627025210364;137.365;27.744260061546676
4575;10.542984623863555;2.0110627025210364;142.46;29.125650242870144
4576;10.604228806019693;2.0110627025210364;162.57;30.44872031212715
4577;10.61396349708299;2.0110627025210364;231.305;31.7624101178671
4578;10.542997879086041;2.0110627025210364;301.08;33.143385891723575
4579;10.604235544599756;2.0110627025210364;349.595;34.46604778576464
4580;10.613945027919616;1.778775747688145;377.1025;34.46260118098606
4581;10.543011125183202;0.09100245174249331;393.11;23.93283913139428
4582;10.604242271098649;0.10126409122442474;410.8975;13.404130058007459
4583;10.613926577965916;0.10288707025280226;432.27250000000004;2.8764738555279745
4584;10.543024362165255;1.308975149854632;430.195;-0.0
4585;10.604248985541009;1.7771508019223383;435.8075;-0.0
4586;10.613908147190926;1.7787695668999859;447.5725;0.0
4587;10.543037590042411;1.7668924723842971;444.14;-0.0
4588;10.604255687951404;1.7771519251696353;439.1825;-0.0
4589;10.61388973556378;1.7787664813219317;423.475;-0.0
4590;10.543050808824866;1.7668946877009943;384.71000000000004;-0.0
4591;10.604262378354353;1.7771530464046215;350.3575;-0.0
4592;10.61387134305367;1.7787633989476748;311.9125;0.0
4593;10.543064018522788;2.0110627025210364;249.3825;1.3840891824033514
4594;10.604269056774307;2.0110627025210364;187.5725;2.7098951695495197
4595;10.613852969629859;2.0110627025210364;150.92000000000002;4.026463858884199
4596;10.543077219146346;2.0110627025210364;119.52;5.410137854309283
4597;10.604275723235652;2.0110627025210364;109.255;6.735534903449983
4598;10.613834615261675;2.0110627025210364;104.92;8.051718465461047
4599;10.543090410705682;2.0110627025210364;102.3375;9.434977403444103
4600;10.60428237776271;2.0110627025210364;110.4925;10.759965646829185
4601;10.613816279918515;2.0110627025210364;159.185;12.075764184341912
4602;10.543103593210931;2.0110627025210364;214.39749999999998;13.458608194373094
4603;10.604289020379746;2.0110627025210364;268.3725;14.783187764192897
4604;10.61379796356984;2.0110627025210364;301.17;16.09860138002513
4605;10.54311676667221;1.7669057414815554;322.865;16.096991519887126
4606;10.604295651110956;1.7771586225379392;329.82;16.09538182073514
4607;10.61377966618519;1.7787480349534341;337.255;16.093772282553065
4608;10.543129931099614;1.7669079476889682;345.295;16.09216290532481
4609;10.604302269980483;1.7771597317847425;342.735;16.090553689034277
4610;10.61376138773416;1.7787449716941737;324.4475;16.088944633665374
4611;10.543143086503237;1.7669101523840984;315.935;16.087335739202008
4612;10.604308877012397;2.0110627025210364;306.8025;17.41163357246631
4613;10.613743128186414;2.0110627025210364;299.12;18.726836437331972
4614;10.543156232893148;2.0110627025210364;265.335;20.108965332439748
4615;10.604315472230716;2.0110627025210364;226.8825;21.432854737287325
4616;10.613724887511683;2.0110627025210364;170.31;22.747672808677496
4617;10.543169370279399;2.0110627025210364;122.31;24.129387139631202
4618;10.604322055659393;2.0110627025210364;97.05499999999999;25.452868248040815
4619;10.613706665679771;2.0110627025210364;88.4975;26.767301628820228
4620;10.543182498672031;2.0110627025210364;88.87;28.148601524918917
4621;10.604328627322317;2.0110627025210364;90.1075;29.471674468810225
4622;10.613688462660537;2.0110627025210364;92.8275;30.785723261835834
4623;10.543195618081082;2.0110627025210364;97.25;32.16660885233262
4624;10.604335187243324;2.0110627025210364;105.69;33.48927376356623
4625;10.61367027842391;2.0110627025210364;143.34;34.80293807168716
4626;10.54320872851655;2.0110627025210364;193.225;36.18340948578927
4627;10.604341735446182;2.0110627025210364;246.73499999999999;37.50566649616682
4628;10.613652112939898;2.0110627025210364;267.5425;38.8189464222243
4629;10.543221829988436;1.7669233488912777;281.8;38.81506452758208
4630;10.604348271954594;1.777167441189274;291.025;38.811183021129324
4631;10.613633966178558;0.787453759620198;300.9975;32.581089537730755
4632;10.543234922506727;1.7669255430475457;306.3925;32.57783142877698
4633;10.604354796792213;1.7771685346774053;313.6475;32.5745736456341
4634;10.613615838110023;1.778720579242468;318.1275;32.57131618826954
4635;10.543248006081384;1.766927735704963;321.24;32.56805905665072
4636;10.604361309982632;1.7771696262135992;324.695;32.56480225074505
4637;10.61359772870448;1.7787175443132972;322.09000000000003;32.56154577051998
4638;10.543261080722361;2.0110627025210364;293.1525;33.94219158925668
4639;10.60436781154937;2.0110627025210364;252.3575;35.26464794912585
4640;10.613579637932189;2.0110627025210364;216.255;36.578220828295365
4641;10.543274146439591;2.0110627025210364;173.615;37.95845256709492
4642;10.604374301515904;2.0110627025210364;136.365;39.280501135398104
4643;10.613561565763478;2.0110627025210364;115.99000000000001;40.593689597809266
4644;10.543287203243004;2.0110627025210364;105.97749999999999;41.973507385768634
4645;10.604380779905638;2.0110627025210364;97.1025;43.2951482941197
4646;10.613543512168732;2.0110627025210364;93.8725;44.60795244272999
4647;10.543300251142508;2.0110627025210364;94.045;45.98735640890033
4648;10.60438724674192;2.0110627025210364;111.515;47.30858978885462
4649;10.613525477118404;2.0110627025210364;188.04;48.621009726613245
4650;10.543313290147987;2.0110627025210364;288.71999999999997;50.0
4651;10.604393702048041;1.778057099798115;361.23;50.0
4652;10.613507460583019;1.7787024164089391;410.3925;49.995
4653;10.54332632026933;1.7669408602668344;433.3775;49.9900005
4654;10.604400145847231;0.10129054922597011;442.5725;39.45868571047632
4655;10.613489462533153;0.10281381470750833;457.91499999999996;28.928424052431588
4656;10.543339341516392;0.0910574570446629;466.765;18.399215420552665
4657;10.604406578162667;0.46724774144965736;471.34;10.169647188940361
4658;10.613471482939458;1.7786963869675148;474.9225;10.168630224221468
4659;10.543352353899026;1.766945223205309;470.2975;10.167613361199047
4660;10.604412999017455;2.0110627025210364;460.3775;11.492404250796344
4661;10.613453521772637;2.0110627025210364;441.5475;12.80847416468726
4662;10.543365357427069;2.0110627025210364;395.5875;14.190996227715075
4663;10.604419408434651;1.7771793628494266;364.7425;14.189577128092305
4664;10.61343557900347;2.0110627025210364;329.065;15.505394370326199
4665;10.543378352110338;2.0110627025210364;287.875;16.887634396384346
4666;10.604425806437254;2.0110627025210364;236.2375;18.211741116829316
4667;10.613417654602793;2.0110627025210364;215.3;19.52717317084498
4668;10.54339133795864;2.0110627025210364;208.1375;20.908998682467185
4669;10.604432193048195;2.0110627025210364;189.3725;22.23269719920315
4670;10.613399748541502;2.0110627025210364;177.2175;23.547744168368805
4671;10.543404314981768;2.0110627025210364;164.4425;24.92915529471929
4672;10.604438568290362;2.0110627025210364;189.1125;26.252445739313973
4673;10.613381860790577;2.0110627025210364;252.03750000000002;27.567107726988993
4674;10.543417283189493;2.0110627025210364;319.21000000000004;28.948104597186276
4675;10.604444932186567;2.0110627025210364;355.42499999999995;30.27098710114932
4676;10.613363991321027;2.0110627025210364;384.075;31.58526421068423
4677;10.54343024259158;0.0910726910248237;402.8775;21.055789894789477
4678;10.604451284759584;0.1012991195225768;416.62;10.527368526326315
4679;10.613346140103953;0.10278979550819187;431.8875;0.0
4680;10.543443193197776;1.7669604468324454;434.19;-0.0
4681;10.604457626032106;1.777185767681495;436.2075;-0.0
4682;10.613328307110507;1.7786723923367227;436.5725;-0.0
4683;10.543456135017816;2.0110627025210364;431.185;1.3837166717330744
4684;10.604463956026798;2.0110627025210364;421.8525;2.709337541840443
4685;10.613310492311903;2.0110627025210364;409.14250000000004;4.02642164038995
4686;10.543469068061416;2.0110627025210364;374.95;5.409723383567566
4687;10.604470274766237;2.0110627025210364;342.47249999999997;6.734935650201284
4688;10.613292695679425;2.0110627025210364;312.5625;8.05163409574081
4689;10.543481992338279;2.0110627025210364;253.32500000000002;9.434521039609873
4690;10.604476582272968;2.0110627025210364;201.425;10.759324834346593
4691;10.6132749171844;2.0110627025210364;166.1575;12.075637730537979
4692;10.543494907858102;2.0110627025210364;124.5475;13.458110004299728
4693;10.604482878569465;2.0110627025210364;117.565;14.782505458658306
4694;10.613257156798243;2.0110627025210364;130.22;16.09843290915411
4695;10.543507814630555;2.0110627025210364;135.3775;17.480490641964167
4696;10.604489163678148;2.0110627025210364;151.04500000000002;18.804477887405728
4697;10.613239414492412;2.0110627025210364;213.675;20.120019995849198
4698;10.543520712665297;2.0110627025210364;287.3925;21.50166331681758
4699;10.604495437621384;2.0110627025210364;340.2075;22.825242484745583
4700;10.613221690238435;2.0110627025210364;374.045;24.140399354770594
4701;10.543533601971982;1.7669755983085942;391.1275;24.137985314835117
4702;10.604501700421478;0.10130756861068164;410.125;13.609255726829952
4703;10.6132039840079;1.778651557207163;414.175;13.607894801257268
4704;10.543546482560238;1.7669777569478133;407.28499999999997;13.606534011777143
4705;10.604507952100692;2.0110627025210364;399.61;14.93089080388031
4706;10.613186295772454;2.0110627025210364;392.01;16.246870733816092
4707;10.543559354439685;2.0110627025210364;382.5225;17.62886466002501
4708;10.604514192681213;2.0110627025210364;385.085;18.952813290511852
4709;10.613168625503807;2.0110627025210364;378.93;20.268407814954184
4710;10.543572217619927;2.0110627025210364;363.42499999999995;21.649987367433756
4711;10.604520422185182;2.0110627025210364;344.9225;22.97352796762109
4712;10.613150973173731;2.0110627025210364;332.5275;24.288737190309284
4713;10.543585072110556;2.0110627025210364;305.9425;25.669902498085225
4714;10.604526640634687;2.0110627025210364;260.1;26.993035199232466
4715;10.613133338754054;2.0110627025210364;234.18;28.307859223896195
4716;10.54359791792114;2.0110627025210364;207.3075;29.688610415948723
4717;10.604532848051761;2.0110627025210364;185.8525;31.011335349257955
4718;10.613115722216673;2.0110627025210364;181.735;32.32577427961719
4719;10.543610755061255;2.0110627025210364;189.8825;33.70611148488104
4720;10.60453904445837;2.0110627025210364;222.8075;35.0284287814971
4721;10.613098123533536;2.0110627025210364;277.2025;36.34248272126209
4722;10.543623583540436;2.0110627025210364;336.28499999999997;37.72240606862655
4723;10.604545229876441;2.0110627025210364;376.01;39.04431585963707
4724;10.613080542676666;1.778630869852397;399.8525;39.0404114280511
4725;10.543636403368223;1.7669928266464066;414.26;39.0365073869083
4726;10.604551404327834;0.10131589841670183;422.1675;28.50628794669592
4727;10.613062979618126;1.1548764384592707;431.8075;24.585625031563684
4728;10.543649214554137;1.766994973654587;424.895;24.583166469060526
4729;10.60455756783436;2.0110627025210364;413.88;25.906378462970977
4730;10.613045434330054;2.0110627025210364;417.425;27.22139466251113
4731;10.543662017107676;2.0110627025210364;412.0325;28.602193606792586
4732;10.604563720417776;2.0110627025210364;398.8375;29.92499785303502
4733;10.613027906784641;2.0110627025210364;381.815;31.239628841804308
4734;10.54367481103834;2.0110627025210364;368.5475;32.620013808433704
4735;10.60456986209978;2.0110627025210364;348.55;33.942410438058076
4736;10.613010396954143;2.0110627025210364;310.86;35.25665631990783
4737;10.543687596355602;2.0110627025210364;258.8325;36.63662743773802
4738;10.604575992902017;2.0110627025210364;208.2575;37.95861658173733
4739;10.612992904810868;2.0110627025210364;182.3625;39.27247746050883
4740;10.543700373068926;2.0110627025210364;162.8825;40.6520348583473
4741;10.604582112846085;2.0110627025210364;153.0325;41.97361664765768
4742;10.612975430327197;2.0110627025210364;152.36;43.287092627182076
4743;10.543713141187762;2.0110627025210364;155.26;44.666236433790985
4744;10.60458822195352;2.0110627025210364;183.8075;45.98741099929176
4745;10.612957973475549;2.0110627025210364;236.1025;47.300502183390066
4746;10.543725900721547;2.0110627025210364;305.99;48.679232527486256
4747;10.6045943202458;2.0110627025210364;371.4325;50.0
4748;10.612940534228418;1.7786074060383712;413.20000000000005;49.995
4749;10.543738651679702;1.7670099622935407;430.3775;49.9900005
4750;10.60460040774437;0.10132411082864268;449.6425;39.45868571047632
4751;10.612923112558361;0.10271890093160194;469.39750000000004;28.928424052431588
4752;10.54375139407163;1.7670120977726365;480.395;28.925531210026346
4753;10.604606484470592;1.777210714652628;483.45;28.922638656905345
4754;10.612905708437975;1.7786015696343507;487.235;28.919746393039656
4755;10.543764127906734;1.7670142318177062;495.495;28.91685441840035
4756;10.6046125504458;1.7772117312406692;504.6875;28.913962732958513
4757;10.612888321839927;1.7785986558394458;503.635;28.911071336685218
4758;10.543776853194391;1.7670163644303216;456.4775;28.90818022955155
4759;10.604618605691265;1.7772127460305283;421.635;28.905289411528596
4760;10.612870952736948;1.7785957449765144;383.1675;28.902398882587445
4761;10.543789569943964;2.0110627025210364;338.11;30.28290855125242
4762;10.604624650228203;2.0110627025210364;293.75;31.605486842680502
4763;10.612853601101815;2.0110627025210364;243.49;32.92011537294951
4764;10.543802278164808;2.0110627025210364;207.79000000000002;34.30021119715565
4765;10.60463068407778;2.0110627025210364;194.5475;35.62238202616204
4766;10.612836266907376;2.0110627025210364;200.2375;36.93662533439742
4767;10.543814977866266;2.0110627025210364;211.87;38.31630744289103
4768;10.60463670726111;2.0110627025210364;240.63;39.63807094024869
4769;10.612818950126519;2.0110627025210364;299.3475;40.951929130534474
4770;10.543827669057654;2.0110627025210364;371.2425;42.33119765201665
4771;10.60464271979925;2.0110627025210364;434.40250000000003;43.652553948442154
4772;10.61280165073221;0.10269854531923929;464.4625;33.121872903573625
4773;10.543840351748292;0.09114142062724262;481.72749999999996;22.592244926809585
4774;10.60464872171321;0.10133220769703806;499.65250000000003;12.063669912843222
4775;10.61278436869746;0.1026956490479467;502.40999999999997;1.5361477563782557
4776;10.543853025947474;1.522484838196007;494.2675;-0.0
4777;10.604654713023951;1.777218797206366;483.3175;0.0
4778;10.612767103995338;1.7785783411156015;479.0775;0.0
4779;10.543865691664488;1.7670312527414684;483.225;0.0
4780;10.604660693752372;1.7772197995080212;473.74;0.0
4781;10.612749856598974;1.7785754506493061;453.1225;-0.0
4782;10.5438783489086;1.7670333739507642;409.1825;-0.0
4783;10.60466666391933;2.0110627025210364;328.5875;1.3255666692766364
4784;10.612732626481556;2.0110627025210364;220.06;2.6433381174522306
4785;10.543890997689067;2.0110627025210364;117.27;4.026377335835872
4786;10.604672623545621;2.0110627025210364;94.515;5.351535705733948
4787;10.612715413616325;2.0110627025210364;90.345;6.668920909227866
4788;10.543903638015136;2.0110627025210364;86.1625;8.051545561022564
4789;10.604678572651991;2.0110627025210364;86.08;9.37629576244707
4790;10.612698217976583;2.0110627025210364;88.7125;10.693294825793073
4791;10.543916269896036;2.0110627025210364;94.8325;12.07550503990926
4792;10.604684511259146;2.0110627025210364;109.92;13.399847203709081
4793;10.612681039535687;2.0110627025210364;161.85750000000002;14.716460231429808
4794;10.543928893340981;2.0110627025210364;217.9025;16.098256136732733
4795;10.604690439387731;2.0110627025210364;256.89;17.422190393700713
4796;10.612663878267039;2.0110627025210364;275.96750000000003;18.738417490307658
4797;10.543941508359174;2.0110627025210364;276.8225;20.119799215617412
4798;10.604696357058335;2.0110627025210364;262.155;21.443325696490433
4799;10.612646734144125;2.0110627025210364;263.3375;22.759166966483864
4800;10.543954114959803;2.0110627025210364;259.22749999999996;24.140134640575404
4801;10.60470226429151;2.0110627025210364;251.09;25.463253476034414
4802;10.612629607140457;2.0110627025210364;265.9825;26.778709023903378
4803;10.543966713152047;2.0110627025210364;285.10249999999996;28.159262775506544
4804;10.604708161107746;2.0110627025210364;296.075;29.481974096176636
4805;10.612612497229623;2.0110627025210364;302.6175;30.79704402639888
4806;10.543979302945068;2.0110627025210364;285.0275;32.17718398419842
4807;10.60471404752749;2.0110627025210364;243.4375;33.49948792064889
4808;10.612595404385258;2.0110627025210364;182.9725;34.81417233769083
4809;10.543991884348014;2.0110627025210364;126.7;36.193898630326444
4810;10.604719923571137;2.0110627025210364;108.72;37.51579531307083
4811;10.612578328581062;2.0110627025210364;98.075;38.83009432138752
4812;10.544004457370018;2.0110627025210364;94.455;40.20940707745387
4813;10.604725789259017;2.0110627025210364;96.94;41.530896636950054
4814;10.612561269790774;2.0110627025210364;99.61;42.84481034098512
4815;10.544017022020208;2.0110627025210364;111.9525;44.22370968903182
4816;10.604731644611439;2.0110627025210364;151.32999999999998;45.54479225568205
4817;10.612544227988202;2.0110627025210364;224.1175;46.85832075986769
4818;10.544029578307686;2.0110627025210364;302.45;48.2368068283994
4819;10.604737489648635;1.7772326696215779;365.59749999999997;48.23198314771656
4820;10.612527203147204;1.7785381364782693;382.87;48.22715994940179
4821;10.544042126241553;0.09117523572371909;388.24;37.69602144393316
4822;10.604743324390798;0.10134806202340947;385.0975;27.165936052315082
4823;10.6125101952417;1.778535286147902;371.0525;27.16321945870985
4824;10.544054665830888;1.7670629226496175;361.29;27.160503136763978
4825;10.604749148858081;2.0110627025210364;359.1575;28.483275395035125
4826;10.61249320424566;2.0110627025210364;365.8625;29.798558523462248
4827;10.54406719708476;2.0110627025210364;375.2925;31.17871483037938
4828;10.604754963070565;2.0110627025210364;389.02;32.501079743979304
4829;10.6124762301331;2.0110627025210364;400.9125;33.81597721737847
4830;10.544079720012226;1.7670671214437532;383.34749999999997;33.81259561965673
4831;10.604760767048301;1.7772365706474347;359.8575;33.80921436009477
4832;10.612459272878107;0.10264116670819291;346.73;23.279517649185074
4833;10.54409223462233;1.3816190692191046;335.255;20.856159270093784
4834;10.60476656081129;1.7772375416158226;323.505;20.854073654166775
4835;10.612442332454808;2.0110627025210364;313.85249999999996;22.17016803096929
4836;10.544104740924096;2.0110627025210364;295.24;23.5510515102883
4837;10.604772344379464;2.0110627025210364;286.5925;24.87416267797678
4838;10.612425408837396;2.0110627025210364;272.5425;26.189871123313456
4839;10.544117238926543;2.0110627025210364;267.0925;27.570340759220908
4840;10.604778117772733;2.0110627025210364;275.79;28.89304451326089
4841;10.612408502000115;2.0110627025210364;278.5525;30.208367131909455
4842;10.54412972863867;2.0110627025210364;298.07;31.58842305298953
4843;10.604783881010942;1.7772404442831158;333.6;31.58526421068423
4844;10.612391611917259;0.10262982750529467;370.65250000000003;21.055789894789477
4845;10.544142210069472;0.09119200862817348;386.0825;10.527368526326315
4846;10.604789634113885;0.10135582300314823;392.52;0.0
4847;10.61237473856318;1.7785125851584036;390.52250000000004;-0.0
4848;10.544154683227925;1.767079684421016;377.36;0.0
4849;10.604795377101318;1.7772423708963307;367.105;0.0
4850;10.612357881912281;2.0110627025210364;357.7375;1.3182600121833328
4851;10.544167148122987;2.0110627025210364;352.59;2.7011693954652762
4852;10.604801109992945;2.0110627025210364;353.265;4.026338224032433
4853;10.612341041939017;2.0110627025210364;346.8475;5.344211600367964
4854;10.544179604763618;2.0110627025210364;330.735;6.726706554682489
4855;10.604806832808418;1.7772442907417707;310.97;6.7260338840270215
4856;10.612324218617905;1.7785041185935975;289.1175;6.7253612806386185
4857;10.54419205315874;2.0110627025210364;258.365;8.107706294009752
4858;10.604812545567347;2.0110627025210364;232.9325;9.432323605091371
4859;10.612307411923512;2.0110627025210364;171.20499999999998;10.749688331403526
4860;10.544204493317293;2.0110627025210364;124.6975;12.131619093918957
4861;10.604818248289286;2.0110627025210364;116.5975;13.455828596134742
4862;10.61229062183045;2.0110627025210364;114.61500000000001;14.772806922536201
4863;10.544216925248179;2.0110627025210364;113.0325;16.154323562858178
4864;10.604823940993752;2.0110627025210364;117.7325;17.478125386557828
4865;10.612273848313391;2.0110627025210364;161.7975;18.79471741812145
4866;10.544229348960299;2.0110627025210364;223.84;20.175820064867356
4867;10.604829623700203;2.0110627025210364;266.52;21.499214340345674
4868;10.612257091347066;1.8480513223170816;289.3225;21.891366580026176
4869;10.544241764462539;1.7670942782396013;293.545;21.889177443368173
4870;10.604835296428055;1.7772490609187566;277.1425;21.886988525623835
4871;10.612240350906248;2.0110627025210364;242.9575;23.203171493410334
4872;10.544254171763768;2.0110627025210364;241.625;24.583809713085415
4873;10.604840959196686;2.0110627025210364;230.1275;25.906752420877254
4874;10.612223626965763;2.0110627025210364;229.0225;27.222549300017693
4875;10.544266570872846;2.0110627025210364;221.85;28.602773802758488
4876;10.604846612025403;2.0110627025210364;225.6875;29.92530924395408
4877;10.612206919500501;2.0110627025210364;246.385;31.24072013950421
4878;10.544278961798621;2.0110627025210364;239.5125;32.62053105378157
4879;10.604852254933498;2.0110627025210364;221.1025;33.942659358489365
4880;10.612190228485394;2.0110627025210364;199.13;35.257684375492396
4881;10.544291344549931;2.0110627025210364;157.9;36.637081829732416
4882;10.604857887940186;2.0110627025210364;113.44500000000001;37.95880312800627
4883;10.612173553895426;2.0110627025210364;102.2075;39.27344237149281
4884;10.544303719135584;2.0110627025210364;102.12;40.65242649407686
4885;10.604863511064648;2.0110627025210364;108.405;41.97374091591604
4886;10.612156895705645;2.0110627025210364;117.0075;43.28799449090409
4887;10.544316085564398;2.0110627025210364;120.69;44.66656541016882
4888;10.604869124326024;2.0110627025210364;138.25;45.987473085518076
4889;10.61214025389113;2.0110627025210364;199.29250000000002;47.30134109701295
4890;10.544328443845165;2.0110627025210364;267.12;48.67949894125035
4891;10.604874727743397;2.0110627025210364;322.5875;50.0
4892;10.612123628427035;1.7784705019726517;368.6075;49.995
4893;10.544340793986668;1.7671108744548034;393.77250000000004;49.9900005
4894;10.604880321335811;0.10137102114394907;415.355;39.45868571047632
4895;10.612107019288551;1.546347492546118;426.59749999999997;37.99678184020969
4896;10.544353135997676;1.7671129428346377;424.3325;37.99298216202567
4897;10.604885905122265;1.777257542356869;436.23;37.98918286380947
4898;10.612090426450923;1.7784649377013342;453.28499999999997;37.98538394552309
4899;10.544365469886946;1.7671150098533617;459.6125;37.981585407128534
4900;10.604891479121697;1.7772584764953994;458.48;37.97778724858782
4901;10.61207384988945;1.7784621596592913;447.6175;37.973989469862964
4902;10.54437779566322;1.7671170755124401;421.63;37.97019207091598
4903;10.604897043353018;1.7772594089969058;402.4425;37.966395051708886
4904;10.612057289579482;1.7784593843408147;380.2275;37.96259841220372
4905;10.544390113335227;1.7671191398133366;351.075;37.9588021523625
4906;10.604902597835084;2.0110627025210364;317.5825;39.28034880420394
4907;10.612040745496422;2.0110627025210364;294.46500000000003;40.59498206110192
4908;10.544402422911697;2.0110627025210364;274.575;41.9737402611297
4909;10.604908142586709;2.0110627025210364;250.5575;43.29488015164621
4910;10.61202421761572;2.0110627025210364;254.46;44.60912765689611
4911;10.54441472440132;2.0110627025210364;272.77250000000004;45.98747275594917
4912;10.604913677626653;2.0110627025210364;295.215;47.30820601492826
4913;10.612007705912873;2.0110627025210364;319.5775;48.62206787370954
4914;10.544427017812808;2.0110627025210364;355.7575;50.0
4915;10.60491920297364;1.7772631226957836;390.71000000000004;49.995
4916;10.611991210363438;0.10256272478605137;415.0075;39.463684710526316
4917;10.544439303154823;0.09124179803010063;422.215;28.933422552581575
4918;10.604924718646352;0.10137846162522582;429.68;18.404213420852635
4919;10.611974730943022;0.10255996302373811;439.93;7.876057210036867
4920;10.544451580436045;1.7671294409961604;441.8625;7.875269604315863
4921;10.604930224663413;0.5235755242158948;452.9125;0.0
4922;10.611958267627275;1.7784427893945802;460.21000000000004;-0.0
4923;10.54446384966512;1.7671314971785756;453.0475;-0.0
4924;10.604935721043406;1.7772658909352856;442.02;-0.0
4925;10.611941820391904;1.7784400330261123;422.9475;-0.0
4926;10.544476110850702;2.0110627025210364;388.8725;1.3827476946918327
4927;10.604941207804874;1.777266810453731;361.2975;1.3826094199223635
4928;10.611925389212667;2.0110627025210364;332.55;2.701142039228338
4929;10.544488364001413;2.0110627025210364;295.755;4.083607979223072
4930;10.604946684966315;2.0110627025210364;258.67;5.408500267707151
4931;10.611908974065361;2.0110627025210364;242.875;6.726645892318286
4932;10.544500609125874;2.0110627025210364;235.375;8.108697649059474
4933;10.604952152546174;2.0110627025210364;225.1175;9.433182234375701
4934;10.611892574925847;2.0110627025210364;206.525;10.750940969972708
4935;10.544512846232692;2.0110627025210364;208.795;12.132578671954654
4936;10.60495761056287;2.0110627025210364;228.0325;13.456655684052732
4937;10.611876191770035;2.0110627025210364;267.6725;14.774027636302794
4938;10.544525075330455;2.0110627025210364;305.3975;16.155251411975232
4939;10.604963059034752;2.0110627025210364;335.2425;17.47892098075102
4940;10.611859824573864;2.0110627025210364;362.7325;18.795906255307777
4941;10.54453729642775;1.7671438060156544;376.7925;18.794026664682246
4942;10.604968497980146;0.1013857985406703;394.1625;8.265831472542095
4943;10.611843473313352;1.7784235511809807;402.5425;8.26500488939484
4944;10.544549509533136;1.7671458527923813;409.33;8.2641783889059
4945;10.604973927417323;1.7772722938864174;412.34749999999997;8.26335197106701
4946;10.611827137964548;1.7784208135634216;411.3775;8.262525635869903
4947;10.544561714655178;1.7671478982311912;414.7425;8.261699383306317
4948;10.604979347364516;2.0110627025210364;414.345;9.586142833371696
4949;10.611810818503551;2.0110627025210364;406.3125;10.903963941509984
4950;10.544573911802411;2.0110627025210364;392.025;12.285528328903542
4951;10.604984757839912;2.0110627025210364;352.6375;13.609564256122736
4952;10.611794514906522;2.0110627025210364;323.68;14.926998510535928
4953;10.544586100983372;2.0110627025210364;276.7875;16.30814901475067
4954;10.604990158861654;2.0110627025210364;225.18;17.63177754893062
4955;10.611778227149657;2.0110627025210364;205.815;18.948825055383555
4956;10.544598282206579;2.0110627025210364;190.875;20.329561804781765
4957;10.604995550447837;2.0110627025210364;159.5825;21.652783075675842
4958;10.6117619552092;2.0110627025210364;160.5525;22.969443939919532
4959;10.544610455480532;2.0110627025210364;175.48;24.349767062819037
4960;10.605000932616516;2.0110627025210364;207.955;25.672581200127063
4961;10.611745699061464;2.0110627025210364;265.445;26.988855527898657
4962;10.544622620813733;2.0110627025210364;319.355;28.36876515257282
4963;10.605006305385707;2.0110627025210364;355.5;29.691172285941143
4964;10.611729458682785;1.7784044436333912;383.98;29.688203168712548
4965;10.544634778214663;0.09127455741361042;401.3775;19.158918558921997
4966;10.605011668773384;0.10139303347168038;412.215;8.630686877592423
4967;10.611713234049565;0.40445497858338136;416.75;-0.0
4968;10.54464692769178;1.7671621789611645;400.76;-0.0
4969;10.605017022797464;1.777279516179055;388.3925;0.0
4970;10.611697025138248;1.778399008142414;383.0;-0.0
4971;10.544659069253553;1.7671642137480006;380.40999999999997;-0.0
4972;10.605022367475838;1.777280411886;364.3975;-0.0
4973;10.611680831925323;1.7783962943452016;341.72;0.0
4974;10.544671202908429;1.767166247209731;323.15999999999997;0.0
4975;10.605027702826344;2.0110627025210364;279.95;1.3252236823149728
4976;10.611664654387333;2.0110627025210364;231.1575;2.6440097382787746
4977;10.54468332866483;2.0110627025210364;184.7425;4.026296175073359
4978;10.605033028866773;2.0110627025210364;136.005;5.351112168032417
4979;10.611648492500871;2.0110627025210364;116.88;6.669510988939787
4980;10.54469544653118;2.0110627025210364;106.3275;8.05138336363627
4981;10.605038345614895;2.0110627025210364;103.7775;9.375791796965755
4982;10.611632346242569;2.0110627025210364;106.03;10.693803488855618
4983;10.544707556515892;2.0110627025210364;107.175;12.075261929816635
4984;10.605043653088408;2.0110627025210364;117.635;13.399262933189666
4985;10.611616215589116;2.0110627025210364;154.925;14.716887602086686
4986;10.544719658627361;2.0110627025210364;212.97;16.097932237630484
4987;10.605048951304989;2.0110627025210364;265.8625;17.42152594066698
4988;10.61160010051724;1.7783827646848918;290.7475;17.419783788072916
4989;10.544731752873965;1.767176394691175;300.4875;17.41804180969411
4990;10.605054240282275;0.10140016796949036;306.0025;6.889984216039457
4991;10.611584001003726;0.6815413644350103;306.53000000000003;-0.0
4992;10.544743839264086;1.7671784202318734;283.3325;0.0
4993;10.605059520037834;1.777286638230311;276.61;-0.0
4994;10.611567917025395;2.0110627025210364;272.5925;1.3190104788258745
4995;10.544755917806075;2.0110627025210364;263.0325;2.7013604558622206
4996;10.605064790589227;2.0110627025210364;255.84499999999997;4.026278768756869
4997;10.611551848559126;2.0110627025210364;254.345;5.344901884748824
4998;10.544767988508285;2.0110627025210364;262.66499999999996;6.726837805477478
4999;10.605070051953954;1.7772884032589522;250.06;6.726165121696931
5000;10.61153579558184;0.7076121731968985;228.515;0.0
5001;10.544780051379048;1.7671844889680217;204.3175;-0.0
5002;10.605075304149471;2.0110627025210364;163.5925;1.3251784610580024
5003;10.611519758070505;2.0110627025210364;134.2425;2.6441021730449163
5004;10.544792106426694;2.0110627025210364;117.69;4.026285261722252
5005;10.605080547193197;2.0110627025210364;108.975;5.351056113362544
5006;10.611503736002145;2.0110627025210364;105.2375;6.66959245854917
5007;10.54480415365953;2.0110627025210364;108.1475;8.05136155332676
5008;10.605085781102515;2.0110627025210364;113.735;9.37572492512404
5009;10.61148772935381;2.0110627025210364;132.7025;10.693874009745407
5010;10.544816193085854;2.0110627025210364;190.095;12.075229238912872
5011;10.60509100589476;2.0110627025210364;224.445;13.399185260388958
5012;10.611471738102615;1.7783612526128538;252.46;13.397845341862919
5013;10.544828224713964;0.39167908051690614;256.6475;4.756841007772485
5014;10.605096221587226;1.7772927889900698;247.395;4.756365323671708
5015;10.611455762225717;1.7783585752386728;228.3225;4.755889687139341
5016;10.544840248552122;2.0110627025210364;199.905;6.137815862046112
5017;10.605101428197168;2.0110627025210364;191.5675;7.462355723672598
5018;10.61143980170032;2.0110627025210364;182.435;8.780741676484928
5019;10.544852264608602;2.0110627025210364;196.0825;10.162253950939107
5020;10.6051066257418;2.0110627025210364;204.9275;11.486386431089302
5021;10.611423856503666;2.0110627025210364;218.665;12.804385128767711
5022;10.544864272891656;2.0110627025210364;223.1575;14.185483631007761
5023;10.605111814238297;2.0110627025210364;213.3325;15.50920885911828
5024;10.611407926613062;2.0110627025210364;186.5325;16.82682040794996
5025;10.54487627340952;2.0110627025210364;134.575;18.207505266170124
5026;10.605116993703792;2.0110627025210364;108.315;19.530823371624905
5027;10.611392012005833;2.0110627025210364;96.24;20.848047877882202
5028;10.544888266170426;2.0110627025210364;88.21;22.228319220232507
5029;10.605122164155375;2.0110627025210364;86.695;23.551230332362877
5030;10.611376112659379;2.0110627025210364;84.9875;24.86806790230323
5031;10.54490025118259;2.0110627025210364;87.5425;26.24792585688954
5032;10.605127325610093;2.0110627025210364;103.26;27.570430104974264
5033;10.611360228551124;2.0110627025210364;150.1375;28.8868808448402
5034;10.544912228454214;2.0110627025210364;200.29500000000002;30.266325539724214
5035;10.605132478084961;2.0110627025210364;243.8875;31.58842305298953
5036;10.611344359658556;1.7783399054430242;271.96500000000003;31.58526421068423
5037;10.544924197993497;0.09132306085715922;280.4;21.055789894789477
5038;10.605137621596942;0.10141414172382486;288.0875;10.527368526326315
5039;10.611328505959188;0.10245166311020264;284.67;0.0
5040;10.544936159808616;1.7672106509547094;270.59749999999997;-0.0
5041;10.605142756162982;1.7773005876525432;262.1125;-0.0
5042;10.611312667430596;2.0110627025210364;257.8175;1.3192529659409338
5043;10.544948113907745;2.0110627025210364;251.915;2.7014203324319817
5044;10.605147881799956;2.0110627025210364;253.2;4.02625970268878
5045;10.611296844050395;2.0110627025210364;254.05;5.345125074870635
5046;10.544960060299038;2.0110627025210364;250.2;6.726878505079062
5047;10.605152998524721;2.0110627025210364;228.9675;8.051310468630069
5048;10.611281035796244;2.0110627025210364;198.7775;9.369788353576773
5049;10.544971998990642;2.0110627025210364;165.89499999999998;10.751127975700307
5050;10.60515810635409;2.0110627025210364;140.31;12.075152661866351
5051;10.611265242645848;2.0110627025210364;115.785;13.39324316608661
5052;10.544983929990691;2.0110627025210364;94.1925;14.774169108278844
5053;10.605163205304828;2.0110627025210364;96.0275;16.09778664632843
5054;10.61124946457696;2.0110627025210364;99.2675;17.415489876315682
5055;10.54499585330731;2.0110627025210364;102.65;18.796002266686106
5056;10.605168295393668;2.0110627025210364;111.2725;20.11921278583545
5057;10.611233701567377;2.0110627025210364;133.01;21.43652884806786
5058;10.545007768948608;2.0110627025210364;163.805;22.816627814681873
5059;10.605173376637305;2.0110627025210364;208.755;24.139431444094967
5060;10.61121795359493;1.8484824776280964;226.3825;24.534750909213294
5061;10.545019676922685;1.76722464746747;233.9425;24.532297434122373
5062;10.605178449052385;1.7773065693724286;241.53;24.52984420437896
5063;10.611202220637509;1.7783160845693742;223.7875;24.527391219958524
5064;10.545031577237628;2.0110627025210364;204.53;25.907158482460783
5065;10.605183512655534;2.0110627025210364;198.2625;27.22964342958978
5066;10.61118650267305;2.0110627025210364;196.285;28.546293287707424
5067;10.54504346990152;2.0110627025210364;194.79000000000002;29.92564736197221
5068;10.60518856746331;2.0110627025210364;190.6325;31.247725658145868
5069;10.611170799679517;2.0110627025210364;197.24;32.56398862588451
5070;10.545055354922416;2.0110627025210364;197.6625;33.94292963984563
5071;10.60519361349226;2.0110627025210364;184.73000000000002;35.264601414064
5072;10.611155111634933;2.0110627025210364;172.2025;36.58047759786941
5073;10.54506723230838;2.0110627025210364;151.0525;37.95900567941666
5074;10.605198650758881;2.0110627025210364;136.51999999999998;39.28027106062778
5075;10.611139438517357;2.0110627025210364;125.04249999999999;40.59576056693023
5076;10.545079102067447;2.0110627025210364;108.71000000000001;41.97387584390947
5077;10.605203679279624;2.0110627025210364;112.005;43.29473496100943
5078;10.611123780304899;2.0110627025210364;124.645;44.60983789622368
5079;10.545090964207647;2.0110627025210364;130.1875;45.98754049643679
5080;10.605208699070914;2.0110627025210364;151.1525;47.30799347826978
5081;10.611108136975707;2.0110627025210364;179.8175;48.622709948795034
5082;10.545102818737007;2.0110627025210364;224.92000000000002;50.0
5083;10.605213710149126;1.77819452377377;266.57;50.0
5084;10.611092508507978;0.1024121126375345;290.355;39.46868421052631
5085;10.545114665663522;0.09135498105942788;305.0225;28.938421552631574
5086;10.605218712530606;0.10142773163650853;312.90749999999997;18.40921192100263
5087;10.611076894879947;0.10240949597211908;319.225;7.881055210336845
5088;10.545126504995196;1.7672425506301541;307.5425;7.880267104815811
5089;10.605223706231655;1.777314153957866;316.1775;7.879479078105329
5090;10.611061296069899;1.778292467224225;319.1475;7.878691130197518
5091;10.545138336740017;1.7672445334952138;318.815;7.877903261084499
5092;10.60522869126854;1.7773149893930118;318.16999999999996;7.87711547075839
5093;10.611045712056152;1.778289855521825;311.57;7.876327759211315
5094;10.545150160905948;1.767246515090138;291.5775;7.875540126435394
5095;10.605233667657494;1.7773158233788635;268.185;7.87475257242275
5096;10.611030142817086;1.7782872462954922;249.3575;7.873965097165508
5097;10.545161977500957;2.0110627025210364;217.8525;9.255273822029881
5098;10.605238635414697;2.0110627025210364;167.325;10.579371591003717
5099;10.611014588331106;2.0110627025210364;148.14249999999998;11.897849794930067
5100;10.545173786532994;2.0110627025210364;113.0225;13.27874491274423
5101;10.605243594556303;2.0110627025210364;96.275;14.60243562342447
5102;10.61099904857667;2.0110627025210364;94.545;15.920526283714292
5103;10.545185588009995;2.0110627025210364;95.6525;17.301007922476426
5104;10.605248545098432;2.0110627025210364;103.135;18.62429170384067
5105;10.610983523532271;2.0110627025210364;130.14;19.941994927314628
5106;10.545197381939888;2.0110627025210364;196.22;21.322063214979003
5107;10.605253487057155;2.0110627025210364;230.6975;22.644940195953208
5108;10.610968013176455;1.7782768340785762;261.6275;22.642675701933612
5109;10.545209168330599;0.09137081862518176;280.24;12.114095644889735
5110;10.605258420448509;0.10143438622923268;290.4825;1.5865684458515634
5111;10.61095251748781;1.525703313869545;292.2725;-0.0
5112;10.545220947190023;1.7672583780614508;288.3325;-0.0
5113;10.6052633452885;1.777320797010265;281.315;-0.0
5114;10.610937036444954;1.7782716427327954;275.5275;0.0
5115;10.545232718526053;1.7672603508026883;273.0875;0.0
5116;10.60526826159309;1.7773216209266645;255.355;-0.0
5117;10.610921570026564;2.0110627025210364;238.76;1.3196245084747642
5118;10.545244482346577;2.0110627025210364;229.5075;2.701510287794668
5119;10.605273169378208;2.0110627025210364;212.605;4.026230625856591
5120;10.610906118211348;2.0110627025210364;168.8175;5.345467190493225
5121;10.54525623865947;2.0110627025210364;125.6125;6.726939217047679
5122;10.605278068659736;2.0110627025210364;108.84;8.051252357899225
5123;10.610890680978065;2.0110627025210364;97.8825;9.370101085734273
5124;10.54526798747258;2.0110627025210364;89.5675;10.751159487526749
5125;10.605282959453532;2.0110627025210364;84.83500000000001;12.07506556009714
5126;10.61087525830551;2.0110627025210364;83.27;13.393526558150896
5127;10.545279728793764;2.0110627025210364;83.34;14.774171463141005
5128;10.605287841775413;2.0110627025210364;88.645;16.09767059630805
5129;10.610859850172517;2.0110627025210364;103.6625;17.41574397158453
5130;10.545291462630864;2.0110627025210364;152.71;18.79597550768805
5131;10.605292715641157;2.0110627025210364;190.2575;20.11906783027818
5132;10.610844456557974;1.7782561274029864;215.7775;20.11705592349515
5133;10.545303188991696;0.09138657541224825;228.625;9.58872842842912
5134;10.605297581066502;0.2508660790411221;230.865;0.0
5135;10.6108290774408;1.7782535500389074;221.2275;-0.0
5136;10.545314907884086;1.7672741247987285;204.03;0.0
5137;10.605302438067158;1.7773273485126895;186.3025;0.0
5138;10.610813712799965;2.0110627025210364;150.4775;1.3197269728400332
5139;10.54532661931583;2.0110627025210364;133.5025;2.7015347117927107
5140;10.605307286658793;2.0110627025210364;129.7975;4.026222635995678
5141;10.610798362614474;2.0110627025210364;129.965;5.3455615692483285
5142;10.545338323294725;2.0110627025210364;126.805;6.726955605961415
5143;10.605312126857038;2.0110627025210364;116.8275;8.051236389886633
5144;10.610783026863373;2.0110627025210364;106.075;9.37018739072744
5145;10.54535001982855;2.0110627025210364;92.7325;10.751167853151244
5146;10.605316958677493;2.0110627025210364;85.59;12.07504162562231
5147;10.610767705525758;2.0110627025210364;79.8525;13.393604801210278
5148;10.545361708925087;2.0110627025210364;79.7425;14.774171817251325
5149;10.605321782135714;2.0110627025210364;80.0575;16.097638707040673
5150;10.610752398580757;2.0110627025210364;81.7675;17.41581416451825
5151;10.54537339059208;2.0110627025210364;81.46000000000001;18.795967862039323
5152;10.60532659724723;2.0110627025210364;81.7575;20.11902799786825
5153;10.610737106007544;2.0110627025210364;87.4025;21.4368158443613
5154;10.545385064837294;2.0110627025210364;111.0175;22.816556351181433
5155;10.605331404027519;2.0110627025210364;146.075;24.139209861720172
5156;10.610721827785333;1.7782355762237436;178.35500000000002;24.136795940734
5157;10.545396731668458;0.09140225209460907;187.38;13.608066471666243
5158;10.605336202492042;1.777333007043986;182.48;13.606705665019076
5159;10.61070656389338;1.6841597385755178;178.16500000000002;13.014466322918803
5160;10.545408391093297;2.0110627025210364;167.4375;14.39502690474788
5161;10.605340992656217;2.0110627025210364;139.3975;15.718513459033998
5162;10.610691314310982;2.0110627025210364;136.5175;17.036784859092663
5163;10.545420043119536;2.0110627025210364;142.2175;18.416932139643194
5164;10.605345774535419;2.0110627025210364;155.995;19.74001196062058
5165;10.61067607901748;2.0110627025210364;182.9375;21.057895684357913
5166;10.545431687754874;1.767293695768941;190.7325;21.055789894789477
5167;10.605350548144994;0.10144982577708851;193.675;10.527368526326315
5168;10.610660857992245;0.10233977294980832;185.3425;-0.0
5169;10.545443325007007;1.7672956460392513;156.8875;-0.0
5170;10.605355313500253;1.7773362098303043;118.5;0.0
5171;10.610645651214702;2.0110627025210364;100.985;1.3198866313460333
5172;10.545454954883619;2.0110627025210364;81.74000000000001;2.701572435543461
5173;10.605360070616474;2.0110627025210364;73.745;4.026210211214257
5174;10.610630458664312;2.0110627025210364;70.7375;5.3457086544620385
5175;10.545466577392382;2.0110627025210364;72.3375;6.726980835073829
5176;10.605364819508885;2.0110627025210364;78.63;8.051211558456881
5177;10.610615280320571;2.0110627025210364;92.5425;9.370321920996492
5178;10.545478192540955;2.0110627025210364;129.99;10.751180605890484
5179;10.605369560192706;2.0110627025210364;153.3975;12.075004405646824
5180;10.610600116163026;2.0110627025210364;161.905;13.393726794851386
5181;10.545489800336993;2.0110627025210364;143.26999999999998;14.774172111851756
5182;10.605374292683093;2.0110627025210364;114.71000000000001;16.097589116591635
5183;10.61058496617125;2.0110627025210364;105.2075;17.415923639817287
5184;10.545501400788137;2.0110627025210364;105.2825;18.795955716704576
5185;10.605379016995185;2.0110627025210364;111.83500000000001;20.11896605498748
5186;10.610569830324874;2.0110627025210364;113.6925;21.436912819573354
5187;10.54551299390201;2.0110627025210364;117.8275;22.816531784084486
5188;10.605383733144079;2.0110627025210364;120.8575;24.139135584419204
5189;10.610554708603555;2.0110627025210364;126.2;25.456694697687386
5190;10.545524579686235;2.0110627025210364;135.6775;26.835900677515696
5191;10.605388441144843;1.777341761644509;127.965;26.833217087447945
5192;10.610539600986993;2.0110627025210364;109.565;28.15052114480156
5193;10.54553615814842;2.0110627025210364;91.86500000000001;29.52944674244608
5194;10.605393141012502;2.0110627025210364;78.19;30.85137031380996
5195;10.61052450745493;2.0110627025210364;72.065;32.168286894696394
5196;10.545547729296162;2.0110627025210364;69.7475;33.546799723175575
5197;10.605397832762051;2.0110627025210364;70.25;34.86831710207931
5198;10.610509427987154;2.0110627025210364;71.8175;36.18484631378131
5199;10.545559293137046;2.0110627025210364;71.5525;37.56294650066974
5200;10.605402516408454;2.0110627025210364;74.315;38.88405781543164
5201;10.610494362563482;2.0110627025210364;76.87;40.200199765214784
5202;10.545570849678645;2.0110627025210364;84.8325;41.57788743804355
5203;10.60540719196663;2.0110627025210364;109.7525;42.89859281693144
5204;10.610479311163775;2.0110627025210364;140.1675;44.214347612044165
5205;10.545582398928525;1.7673189532372895;139.37;44.20992617728296
5206;10.605411859451483;0.10146010085056537;137.8375;33.67918939519155
5207;10.61046427376793;2.0110627025210364;116.53999999999999;34.9958804161725
5208;10.545593940894243;2.0110627025210364;103.22749999999999;36.37406658428135
5209;10.605416518877862;2.0110627025210364;98.345;37.69528348468896
5210;10.610449250355893;2.0110627025210364;101.3725;39.01158716850239
5211;10.54560547558334;2.0110627025210364;103.845;40.38936080798136
5212;10.605421170260591;2.0110627025210364;110.69749999999999;41.710171760153
5213;10.610434240907644;2.0110627025210364;125.435;43.02608821411473
5214;10.54561700300335;2.0110627025210364;133.465;44.403449452440135
5215;10.60542581361446;0.5332599040845011;131.335;36.5848334007195
5216;10.610419245403197;1.7781848668784808;113.33250000000001;36.581174917379435
5217;10.545628523161792;2.0110627025210364;95.8725;37.959169702884
5218;10.605430448954225;2.0110627025210364;79.125;39.280214859407195
5219;10.610404263822607;2.0110627025210364;72.75;40.596402787289776
5220;10.54564003606618;2.0110627025210364;71.0375;41.97398511274818
5221;10.60543507629461;2.0110627025210364;71.2775;43.294624391757026
5222;10.610389296145978;2.0110627025210364;75.1075;44.610425097979174
5223;10.545651541724014;2.0110627025210364;80.1175;45.98759509083156
5224;10.605439695650297;2.0110627025210364;88.275;47.3078286204547
5225;10.610374342353445;2.0110627025210364;109.2675;48.623242212356885
5226;10.545663040142786;2.0110627025210364;170.86;50.0
5227;10.605444307035947;1.7782331691736368;232.9675;50.0
5228;10.610359402425182;1.7781748378800561;267.4325;49.995
5229;10.545674531329977;0.09144880813944702;284.1875;39.463684710526316
5230;10.605448910466176;0.10146631017671044;303.3325;28.933422552581575
5231;10.6103444763414;1.0259459042869215;317.09;24.205759787613964
5232;10.545686015293048;1.7673363181544615;312.6;24.203339211635203
5233;10.605453505955573;1.7773526657623513;303.015;24.20091887771404
5234;10.610329564082353;1.7781698373151922;304.495;24.19849878582627
5235;10.54569749203947;2.0110627025210364;297.435;25.577666318510193
5236;10.605458093518696;2.0110627025210364;286.1225;26.899923363035583
5237;10.61031466562833;2.0110627025210364;268.5425;28.217434438352367
5238;10.54570896157668;2.0110627025210364;242.7875;29.596189181410686
5239;10.605462673170058;2.0110627025210364;215.56;30.918040022980993
5240;10.61029978095966;2.0110627025210364;183.73250000000002;32.235163427067015
5241;10.545720423912124;2.0110627025210364;137.9875;33.61350550800779
5242;10.605467244924155;2.0110627025210364;98.345;34.93495027477905
5243;10.610284910056713;2.0110627025210364;81.4675;36.25168611519769
5244;10.545731879053225;2.0110627025210364;76.025;37.62961566148561
5245;10.605471808795436;2.0110627025210364;74.7425;38.9506544815638
5246;10.610270052899892;2.0110627025210364;77.9125;40.267002865860746
5247;10.545743327007399;2.0110627025210364;86.3775;41.64452000491713
5248;10.605476364798324;2.0110627025210364;94.4425;42.965153006358236
5249;10.610255209469644;2.0110627025210364;124.61749999999999;44.28111404206144
5250;10.545754767782055;2.0110627025210364;199.4475;45.658218901264284
5251;10.60548091294721;2.0110627025210364;252.0325;46.97844621207431
5252;10.61024037974645;1.7781548910408937;278.3675;46.973748367453105
5253;10.545766201384588;0.09146417099176075;291.4325;36.442735203142675
5254;10.605485453256446;0.10147243433025684;303.9775;25.91277514014868
5255;10.61022556371083;1.7781524080428408;307.52750000000003;25.910183862634664
5256;10.545777627822382;1.767351671366197;300.45;25.907592844248402
5257;10.605489985740364;2.0110627025210364;300.5075;27.229786598510632
5258;10.61021076134334;2.0110627025210364;296.555;28.547363396574607
5259;10.545789047102812;2.0110627025210364;289.8425;29.92600906548728
5260;10.60549451041324;2.0110627025210364;284.81;31.24779667968815
5261;10.61019597262458;2.0110627025210364;278.25;32.56498572602683
5262;10.545800459233249;2.0110627025210364;260.8075;33.943218791182645
5263;10.605499027289346;2.0110627025210364;243.05;35.26460039337864
5264;10.610181197535178;2.0110627025210364;216.62;36.58140179568088
5265;10.545811864221037;2.0110627025210364;171.27;37.95922238449133
5266;10.605503536382903;2.0110627025210364;124.2675;39.28019810268913
5267;10.610166436055811;2.0110627025210364;102.8475;40.59661196862584
5268;10.545823262073531;2.0110627025210364;94.3175;41.974020208459116
5269;10.605508037708102;2.0110627025210364;89.4125;43.29459017061558
5270;10.610151688167182;2.0110627025210364;89.3875;44.61061660783969
5271;10.54583465279806;2.0110627025210364;90.215;45.98761262602075
5272;10.605512531279107;2.0110627025210364;102.325;47.307776960043
5273;10.610136953850043;2.0110627025210364;152.41;48.623416076189464
5274;10.545846036401942;2.0110627025210364;218.5025;50.0
5275;10.605517017110042;1.778245354550146;284.115;50.0
5276;10.610122233085171;0.969108269132105;327.5975;44.91346467128714
5277;10.545857412892499;0.09147945699689414;342.59749999999997;34.382657535346326
5278;10.60552149521501;0.10147847455013971;360.3175;23.852903480119107
5279;10.610107525853396;0.10224704081426275;367.4925;13.324202400297413
5280;10.545868782277033;0.09148136237565975;369.495;2.7965541905837
5281;10.605525965608079;1.7773648091710672;373.07;2.7962745351646414
5282;10.610092832135567;1.7781301637494693;375.0475;2.795994907711125
5283;10.545880144562831;1.7673688519989554;372.89;2.7957153082203536
5284;10.605530428303274;1.777365557067722;368.0875;2.7954357366895315
5285;10.610078151912578;1.7781277035120593;354.5575;2.7951561931158624
5286;10.545891499757179;1.767370754999608;335.65;2.7948766774965508
5287;10.605534883314597;2.0110627025210364;259.23;4.119339050679934
5288;10.610063485165371;2.0110627025210364;164.3625;5.439366805867763
5289;10.545902847867351;2.0110627025210364;122.1675;6.8202151637131925
5290;10.605539330656022;2.0110627025210364;103.9975;8.1442707780736
5291;10.61004883187491;2.0110627025210364;90.8375;9.463909960714629
5292;10.545914188900609;2.0110627025210364;85.035;10.844345090262978
5293;10.605543770341486;2.0110627025210364;80.4225;12.16799407392954
5294;10.610034192022198;2.0110627025210364;80.55250000000001;13.487244792101059
5295;10.545925522864202;2.0110627025210364;83.6075;14.867266820900857
5296;10.605548202384892;2.0110627025210364;87.9875;16.19050930195312
5297;10.610019565588274;2.0110627025210364;92.015;17.509371663714067
5298;10.54593684976537;2.0110627025210364;127.2525;18.888980719270595
5299;10.60555262680012;2.0110627025210364;210.9575;20.211816825738556
5300;10.610004952554226;2.0110627025210364;234.53;21.53029093912947
5301;10.545948169611355;1.7673802522187825;238.3425;21.528137910035557
5302;10.605557043601012;1.7773700174871052;235.69;21.525985096244554
5303;10.609990352901164;2.0110627025210364;232.195;22.844341662478822
5304;10.545959482409367;2.0110627025210364;212.48;24.223395720023674
5305;10.60556145280138;2.0110627025210364;199.42;25.54569000029036
5306;10.60997576661024;2.0110627025210364;193.4475;26.8636584530106
5307;10.54597078816662;2.0110627025210364;181.9225;28.24229983840701
5308;10.605565854415007;2.0110627025210364;182.1075;29.564188046728916
5309;10.609961193662645;2.0110627025210364;186.04;30.88176849394473
5310;10.54598208689032;2.0110627025210364;191.5575;32.25999733454953
5311;10.605570248455637;2.0110627025210364;177.715;33.581479598783226
5312;10.609946634039602;2.0110627025210364;146.71;34.89867214848572
5313;10.545993378587657;2.0110627025210364;107.83500000000001;36.2764885716126
5314;10.605574634936994;2.0110627025210364;97.155;37.597565019565295
5315;10.60993208772237;2.0110627025210364;90.84;38.91436977972709
5316;10.546004663265812;2.0110627025210364;82.19749999999999;40.2917739126466
5317;10.605579013872767;3.4285714285714284;74.41749999999999;41.6124446720762
5318;10.609917554692247;3.4285714285714284;71.9125;42.92886175065136
5319;10.546015940931955;3.4285714285714284;78.58250000000001;44.30585372059093
5320;10.60558338527661;3.4285714285714284;84.9175;45.6261189192061
5321;10.609903034930568;2.0110627025210364;101.33500000000001;46.94214842413014
5322;10.546027211593247;2.0110627025210364;164.7575;48.31872835827414
5323;10.605587749162149;2.0110627025210364;246.05;49.63858812373427
5324;10.6098885284187;1.7780959247840544;297.78999999999996;49.6336242649219
5325;10.546038475256838;1.767395386411737;303.415;49.628660902495405
5326;10.605592105542987;0.10149030803322374;299.4525;39.097382246931474
5327;10.609874035138045;1.7780934958760408;294.0925;39.09347250870678
5328;10.546049731929877;2.0110627025210364;293.69;40.47081591612253
5329;10.60559645443268;2.0110627025210364;298.51;41.79145220281987
5330;10.609859555070045;2.0110627025210364;302.545;43.10790648028304
5331;10.546060981619483;2.0110627025210364;301.275;44.48483775709651
5332;10.605600795844767;2.0110627025210364;308.6725;45.80506851726827
5333;10.609845088196177;2.0110627025210364;316.645;47.121135176630176
5334;10.546072224332791;1.7674010423707283;297.46500000000003;47.116423063112514
5335;10.605605129792755;0.10149249074846839;271.0375;36.58539563133252
5336;10.609830634497955;1.7780862224253282;217.55;36.581737091769384
5337;10.546083460076902;2.0110627025210364;161.2925;37.95929963098715
5338;10.605609456290114;2.0110627025210364;105.0875;39.28017471754844
5339;10.60981619395692;2.0110627025210364;88.1525;40.59692131581761
5340;10.546094688858924;2.0110627025210364;82.3775;41.974071669270046
5341;10.60561377535029;2.0110627025210364;81.795;43.294541175520344
5342;10.609801766554652;2.0110627025210364;80.5425;44.610900043175874
5343;10.54610591068594;2.0110627025210364;93.3925;45.98763833801991
5344;10.605618086986697;2.0110627025210364;127.5975;47.307702391548744
5345;10.609787352272779;2.0110627025210364;216.6075;48.62367363665045
5346;10.54611712556504;2.0110627025210364;302.73249999999996;50.0
5347;10.60562239121271;1.77826301404412;360.9975;50.0
5348;10.609772951092946;0.102190969912434;381.71250000000003;39.46868421052631
5349;10.546128333503294;0.091524860191537;390.8675;28.938421552631574
5350;10.605626688041697;0.10149610366433338;404.66999999999996;18.40921192100263
5351;10.609758562996847;1.7780741440663455;408.9;18.407370999810528
5352;10.546139534507768;2.0110627025210364;385.7525;19.786697704928166
5353;10.605630977486973;2.0110627025210364;381.6375;21.10936960654505
5354;10.609744187966195;2.0110627025210364;377.39;22.42800169101651
5355;10.546150728585504;2.0110627025210364;374.52750000000003;23.806915698691185
5356;10.60563525956183;2.0110627025210364;391.5375;25.129181510537578
5357;10.609729825982756;2.0110627025210364;410.6125;26.447425257702903
5358;10.546161915743548;2.0110627025210364;379.8325;27.825926695220762
5359;10.605639534279538;2.0110627025210364;353.765;29.147786544985678
5360;10.609715477028317;2.0110627025210364;295.345;30.465642063154277
5361;10.546173095988939;2.0110627025210364;218.74;31.843731057758472
5362;10.605643801653327;2.0110627025210364;181.475;33.165185073082036
5363;10.609701141084711;2.0110627025210364;148.405;34.48265247054425
5364;10.546184269328695;2.0110627025210364;119.005;35.86032914943494
5365;10.605648061696401;2.0110627025210364;111.11;37.18137745790841
5366;10.609686818133799;2.0110627025210364;107.97;38.49845684293551
5367;10.546195435769834;2.0110627025210364;117.3275;39.87572133326987
5368;10.605652314421942;2.0110627025210364;172.6125;41.1963640624357
5369;10.609672508157473;2.0110627025210364;238.385;42.513055543279854
5370;10.546206595319351;2.0110627025210364;311.075;43.889907972172146
5371;10.605656559843084;2.0110627025210364;346.42;45.210145249524
5372;10.609658211137665;0.10217174080872113;354.23249999999996;34.67930844552536
5373;10.546217747984244;0.09153984503551231;345.89750000000004;24.149524725207122
5374;10.605660797972954;0.10150182009854465;357.76;13.620793983260919
5375;10.609643927056348;2.0110627025210364;351.87;14.940270173159062
5376;10.546228893771499;2.0110627025210364;349.655;16.319858697058823
5377;10.605665028824635;2.0110627025210364;361.22;17.642844933805712
5378;10.609629655895517;2.0110627025210364;377.97249999999997;18.96193247621159
5379;10.546240032688086;2.0110627025210364;377.69;20.34110825191029
5380;10.605669252411186;2.0110627025210364;378.7575;21.66368835129447
5381;10.609615397637207;2.0110627025210364;381.545;22.982387354703995
5382;10.546251164740971;2.0110627025210364;360.65749999999997;24.361150509464604
5383;10.60567346874563;2.0110627025210364;331.2575;25.68332459910531
5384;10.609601152263489;2.0110627025210364;287.2625;27.001635171995087
5385;10.546262289937113;2.0110627025210364;237.745;28.37998583303763
5386;10.605677677840974;2.0110627025210364;189.7775;29.7017540405054
5387;10.609586919756456;2.0110627025210364;156.6225;31.019676291332715
5388;10.546273408283453;2.0110627025210364;130.34;32.397614585834305
5389;10.605681879710186;2.0110627025210364;119.565;33.71897703865105
5390;10.609572700098257;2.0110627025210364;119.33;35.03651107585384
5391;10.546284519786923;2.0110627025210364;149.32;36.41403713094868
5392;10.605686074366213;2.0110627025210364;200.5925;37.73499395658768
5393;10.609558493271054;2.0110627025210364;269.46000000000004;39.05213988858452
5394;10.546295624454457;2.0110627025210364;326.9425;40.42925383136393
5395;10.605690261821957;1.7773923433367251;360.85;40.42521090598079
5396;10.609544299257056;0.10215265048084889;374.525;29.89485259541651
5397;10.546306722292963;0.0915547561116579;370.9925;19.365547320683284
5398;10.60569444209031;0.10150745846767598;385.5025;8.837294976477532
5399;10.609530118038503;1.77803585930507;386.70000000000005;8.836411246979884
5400;10.546317813309354;2.0110627025210364;380.34999999999997;10.216525683211298
5401;10.605698615184128;2.0110627025210364;388.69;11.540090346218056
5402;10.609515949597657;2.0110627025210364;400.055;12.85989618506566
5403;10.546328897510532;2.0110627025210364;405.8575;14.239597742812148
5404;10.605702781116236;2.0110627025210364;414.71999999999997;15.562756140977443
5405;10.609501793916838;2.0110627025210364;416.62;16.88217316114235
5406;10.546339974903372;2.0110627025210364;382.58;18.261461967668033
5407;10.605706939899433;2.0110627025210364;346.845;19.584214228566807
5408;10.609487650978375;2.0110627025210364;313.1225;20.903242538714494
5409;10.546351045494761;2.0110627025210364;249.795;22.2821187212406
5410;10.605711091546489;2.0110627025210364;194.21249999999998;23.604464972399313
5411;10.60947352076464;2.0110627025210364;158.465;24.923104681175666
5412;10.546362109291566;2.0110627025210364;139.8225;26.30156836688056
5413;10.605715236070145;2.0110627025210364;128.4075;27.623508735777236
5414;10.609459403258048;2.0110627025210364;136.785;28.94175995180851
5415;10.546373166300647;2.0110627025210364;169.695;30.319811267827717
5416;10.605719373483119;2.0110627025210364;223.62;31.641345881891972
5417;10.609445298441026;2.0110627025210364;283.5075;32.95920871378481
5418;10.546384216528848;2.0110627025210364;346.885;34.33684778721103
5419;10.605723503798089;1.7773979143115883;383.93;34.33341410243231
5420;10.609431206296062;0.10213369739453444;400.0675;23.80366497154838
5421;10.546395259983015;0.09156959401551054;407.47;13.274968815577543
5422;10.605727627027717;0.1015130198835012;419.2675;2.7473255292223016
5423;10.609417126805644;1.3406613541708219;429.5175;0.0
5424;10.546406296669979;1.7674570290721667;421.315;0.0
5425;10.605731743184638;1.7773992951385034;414.725;-0.0
5426;10.609403059952323;1.778014565823556;419.4125;-0.0
5427;10.546417326596552;1.7674588775616622;411.08;-0.0
5428;10.605735852281441;1.7773999837761134;406.3725;-0.0
5429;10.609389005718665;1.7780122104947957;413.07;-0.0
5430;10.54642834976956;1.767460724919337;397.47249999999997;-0.0
5431;10.60573995433071;1.7774006712326376;367.425;0.0
5432;10.609374964087278;1.778009857278032;286.3475;0.0
5433;10.546439366195795;2.0110627025210364;190.1925;1.3808826021139948
5434;10.605744049344985;2.0110627025210364;123.9175;2.705287666976048
5435;10.609360935040797;2.0110627025210364;92.79;4.026124249920593
5436;10.546450375882054;2.0110627025210364;84.905;5.40659378040765
5437;10.605748137336784;2.0110627025210364;83.5825;6.730592390559664
5438;10.60934691856189;2.0110627025210364;86.4325;8.051039758686812
5439;10.546461378835122;2.0110627025210364;96.8075;9.431096344817577
5440;10.605752218318605;2.0110627025210364;109.6625;10.754688627780421
5441;10.609332914633265;2.0110627025210364;163.225;12.07474689001604
5442;10.546472375061771;2.0110627025210364;220.2375;13.454390659018356
5443;10.6057562923029;1.7774034092898463;264.995;13.453045219952454
5444;10.609318923237657;1.312420207379747;281.82;10.527368526326315
5445;10.546483364568768;0.09158435933603801;280.865;-0.0
5446;10.605760359302108;1.7774040908723812;279.16499999999996;0.0
5447;10.609304944357826;1.7779981227725035;274.3375;-0.0
5448;10.54649434736287;1.7674717853608672;270.76;0.0
5449;10.605764419328638;1.7774047712863752;267.89;0.0
5450;10.609290977976576;1.7779957821668018;257.8625;-0.0
5451;10.546505323450818;2.0110627025210364;239.1125;1.380819942721723
5452;10.605768472394871;2.0110627025210364;236.0;2.705201811952323
5453;10.609277024076746;2.0110627025210364;240.855;4.026118118898219
5454;10.546516292839351;2.0110627025210364;233.18;5.406525028888946
5455;10.60577251851316;2.0110627025210364;221.56;6.730500483798555
5456;10.609263082641197;2.0110627025210364;207.4525;8.051027505241038
5457;10.546527255535201;2.0110627025210364;171.6625;9.431021509732073
5458;10.605776557695828;2.0110627025210364;126.715;10.754590677770063
5459;10.609249153652819;2.0110627025210364;101.4575;12.074728522732107
5460;10.546538211545082;2.0110627025210364;90.915;13.454309748912005
5461;10.60578058995518;2.0110627025210364;84.85;14.777472757479693
5462;10.609235237094552;2.0110627025210364;81.0625;16.09722153496412
5463;10.546549160875704;2.0110627025210364;81.0675;17.476390109978706
5464;10.605784615303481;2.0110627025210364;85.365;18.7991470864294
5465;10.609221332949346;2.0110627025210364;114.4975;20.11850690541888
5466;10.54656010353377;2.0110627025210364;155.6325;21.497262956371255
5467;10.605788633752978;2.0110627025210364;199.2775;22.81961402801029
5468;10.609207441200205;2.0110627025210364;217.63;24.138584997467294
5469;10.54657103952597;1.7674846380899327;219.57;24.136171138967548
5470;10.60579264531589;1.7774095016388922;223.1725;24.133757521853653
5471;10.609193561830148;2.0110627025210364;226.5425;25.45261026236283
5472;10.546581968858984;2.0110627025210364;230.605;26.83081213092056
5473;10.605796650004407;2.0110627025210364;234.0575;28.15262223220328
5474;10.609179694822233;2.0110627025210364;233.685;29.47108625989894
5475;10.54659289153948;2.0110627025210364;243.7975;30.848875904310443
5476;10.605800647830694;2.0110627025210364;247.06;32.170280401280856
5477;10.609165840159546;2.0110627025210364;257.9475;33.48835582508916
5478;10.546603807574131;1.8483759336709653;258.6275;33.94351987664753
5479;10.605804638806891;2.0110627025210364;237.74;35.264611117793315
5480;10.609151997825212;2.0110627025210364;194.195;36.58239025874758
5481;10.546614716969586;2.0110627025210364;144.7625;37.9594480386006
5482;10.605808622945103;2.0110627025210364;112.06;39.28013390199889
5483;10.609138167802382;2.0110627025210364;101.295;40.59752462919642
5484;10.546625619732492;2.0110627025210364;95.0325;41.97417053798763
5485;10.605812600257417;2.0110627025210364;91.925;43.29445115068929
5486;10.609124350074234;2.0110627025210364;90.98;44.6114535730037
5487;10.546636515869476;2.0110627025210364;95.2875;45.987687737570404
5488;10.605816570755891;2.0110627025210364;117.72;47.30756322657855
5489;10.609110544623988;2.0110627025210364;194.98250000000002;48.62417745286311
5490;10.54664740538718;2.0110627025210364;278.03;50.0
5491;10.60582053445256;1.7782962205840716;346.6075;50.0
5492;10.60909675143489;1.7779632320206498;391.29499999999996;49.995
5493;10.54665828829221;1.3437075007091144;394.47;47.32814462756717
5494;10.605824491359423;1.777414838671423;397.06;47.323411813104414
5495;10.609082970490212;1.7779609224919957;397.48;47.318679471923105
5496;10.54666916459118;1.767501082728168;406.7175;47.31394760397591
5497;10.605828441488459;1.7774155006678543;416.88;47.30921620921551
5498;10.609069201773268;1.7779586150125701;421.90250000000003;47.3044852875946
5499;10.546680034290688;2.0110627025210364;420.6375;48.680408806489694
5500;10.605832384851627;2.0110627025210364;419.4675;50.0
5501;10.609055445267398;1.7788383546245468;414.0375;50.0
5502;10.54669089739732;1.7675047248978226;398.02;49.995
5503;10.605836321460847;1.319455510644216;362.28;47.113524076542205
5504;10.609041700955968;0.10206842075604321;308.605;36.58249693466087
5505;10.546701753917672;2.0110627025210364;226.2275;37.959472018745615
5506;10.605840251328026;2.0110627025210364;158.8425;39.28012783278212
5507;10.609027968822385;2.0110627025210364;116.185;40.59762324961758
5508;10.546712603858301;2.0110627025210364;104.955;41.974186513627224
5509;10.605844174465032;2.0110627025210364;105.67750000000001;43.294437129234076
5510;10.609014248850073;2.0110627025210364;108.1275;44.611544149113584
5511;10.546723447225775;2.0110627025210364;129.1675;45.987695719834186
5512;10.605848090883715;2.0110627025210364;175.3125;47.30754126392267
5513;10.609000541022507;2.0110627025210364;257.6975;48.62425999582491
5514;10.546734284026654;2.0110627025210364;348.5425;50.0
5515;10.6058520005959;1.777419448904711;401.125;49.995
5516;10.608986845323177;0.10205922757961565;431.0325;39.463684710526316
5517;10.546745114267475;0.09162822559074343;439.155;28.933422552581575
5518;10.60585590361338;0.10153451757158732;440.1475;18.404213420852635
5519;10.608973161735602;0.10205693436689825;440.25;7.876057210036867
5520;10.546755937954782;1.7675156249510942;443.3225;7.875269604315863
5521;10.605859799947932;1.7774207559868755;434.93;7.874482077355432
5522;10.608959490243342;1.7779402286154142;438.0525;7.873694629147696
5523;10.546766755095096;1.767517437780047;448.1575;7.872907259684782
5524;10.605863689611292;1.7774214078499513;446.935;7.872119968958813
5525;10.608945830829985;1.7779379394540191;429.2875;7.871332756961918
5526;10.54677756569494;1.767519249512892;395.6775;7.870545623686222
5527;10.60586757261519;1.7774220585969775;340.1;7.869758569123853
5528;10.608932183479144;2.0110627025210364;284.6;9.190486018961753
5529;10.546788369760826;2.0110627025210364;190.8225;10.570118019087072
5530;10.605871448971316;2.0110627025210364;134.25;11.893483130762414
5531;10.608918548174467;2.0110627025210364;106.815;13.213821161683594
5532;10.546799167299248;2.0110627025210364;92.85249999999999;14.59304057063314
5533;10.605875318691337;2.0110627025210364;97.0325;15.915999713819305
5534;10.608904924899633;2.0110627025210364;97.75;17.235948435193272
5535;10.546809958316706;2.0110627025210364;109.43;18.614755379948882
5536;10.6058791817869;2.0110627025210364;134.8175;19.93730868171333
5537;10.608891313638349;2.0110627025210364;220.465;21.256868202888725
5538;10.546820742819676;2.0110627025210364;313.2375;22.635262810389744
5539;10.60588303826962;2.0110627025210364;352.8825;23.957410397752568
5540;10.60887771437435;0.10204093848120926;373.855;13.428698867239111
5541;10.546831520814639;0.09164270633943129;388.61;2.9010402078787045
5542;10.605886888151092;1.7774252956597967;396.6725;2.900750103857917
5543;10.608864127091412;1.777924246842244;404.52250000000004;2.9004600288475313
5544;10.546842292308053;1.767530096952683;413.2575;2.9001699828446466
5545;10.605890731442882;1.7774259397515277;420.01;2.8998799658463623
5546;10.60885055177332;1.7779219717742536;414.1375;2.899589977849778
5547;10.546853057306379;2.0110627025210364;411.8;4.279789614410933
5548;10.605894568156536;2.0110627025210364;414.6325;5.603761795700782
5549;10.608836988403912;2.0110627025210364;408.2275;6.924806280537496
5550;10.546863815816064;1.7675337040463652;377.825;6.924113799909442
5551;10.60589839830357;1.777427224629659;355.6925;6.9234213885294515
5552;10.608823436967043;1.899448606463154;316.76;7.61164612332385
5553;10.54687456784355;2.0110627025210364;261.34000000000003;8.991354119260144
5554;10.605902221895473;2.0110627025210364;196.265;10.314847873047519
5555;10.608809897446596;2.0110627025210364;157.5575;11.635446985685947
5556;10.546885313395265;2.0110627025210364;122.375;13.014742393261876
5557;10.605906038943717;2.0110627025210364;111.42750000000001;14.33783018202602
5558;10.608796369826493;2.0110627025210364;114.3775;15.658039847672649
5559;10.54689605247763;2.0110627025210364;137.365;17.036922793834133
5560;10.605909849459746;2.0110627025210364;203.2975;18.35960474456799
5561;10.608782854090682;2.0110627025210364;276.3625;19.679425072707385
5562;10.546906785097054;2.0110627025210364;321.71999999999997;21.057895684357913
5563;10.605913653454975;1.7774297812184934;346.26750000000004;21.055789894789477
5564;10.608769350223136;0.10202277788930966;362.2025;10.527368526326315
5565;10.546917511259947;0.09165711735420902;367.7825;0.0
5566;10.6059174509408;1.7774304176336688;369.2275;-0.0
5567;10.608755858207866;1.7779061022161156;378.375;-0.0
5568;10.546928230972705;1.7675444992896152;392.5325;-0.0
5569;10.605921241928586;1.7774310529598474;405.095;-0.0
5570;10.608742378028904;1.7779038430923544;418.1475;-0.0
5571;10.54693894424171;1.7675462947109248;428.3575;-0.0
5572;10.605925026429677;1.77743168719893;421.39;-0.0
5573;10.608728909670315;1.7779015859495526;409.16;-0.0
5574;10.546949651073339;1.767548089053404;387.4175;-0.0
5575;10.605928804455397;1.7774323203528146;358.36;-0.0
5576;10.608715453116195;1.7778993307850448;326.82;0.0
5577;10.546960351473967;1.7675498823181213;271.5025;0.0
5578;10.605932576017038;2.0110627025210364;179.685;1.324364052783814
5579;10.608702008350667;2.0110627025210364;123.675;2.645964708445402
5580;10.54697104544995;2.0110627025210364;109.395;4.026077618797105
5581;10.605936341125874;2.0110627025210364;108.875;5.350035486965646
5582;10.608688575357885;2.0110627025210364;112.5925;6.671246336826958
5583;10.546981733007648;2.0110627025210364;124.1525;8.05094656583601
5584;10.605940099793147;2.0110627025210364;148.0925;9.37449837637594
5585;10.608675154122027;2.0110627025210364;185.69;10.695319530122376
5586;10.54699241415339;2.0110627025210364;229.4075;12.074607204723643
5587;10.60594385203008;1.7774348421541653;257.3725;12.07339974400317
5588;10.608661744627312;1.7778903298568112;278.47;12.07219240402877
5589;10.547003088893522;0.09167145918646342;286.595;1.5446693953146848
5590;10.605947597847877;1.595474350116745;285.98249999999996;0.40160861961440153
5591;10.608648346857974;1.7778880845439602;286.8675;0.40156845875244007
5592;10.547013757234367;1.7675588325125247;298.1575;0.40152830190656486
5593;10.605951337257709;2.0110627025210364;288.385;1.7258343786815507
5594;10.608634960798282;2.0110627025210364;288.6325;3.0474585824853144
5595;10.547024419182247;2.0110627025210364;284.555;4.427480638403932
5596;10.605955070270717;2.0110627025210364;284.02250000000004;5.751380573582909
5597;10.608621586432532;2.0110627025210364;284.3925;7.072614928414646
5598;10.547035074743457;2.0110627025210364;285.84749999999997;8.452224345915521
5599;10.605958796898037;1.7774373467430438;280.8975;8.45137912348093
5600;10.608608223745062;1.7778813603693029;252.4225;8.450533985568581
5601;10.547045723924315;2.0110627025210364;193.4875;9.829995494441926
5602;10.605962517150768;2.0110627025210364;134.9875;11.153348103599251
5603;10.608594872720218;2.0110627025210364;114.4925;12.474067639704685
5604;10.5470563667311;2.0110627025210364;99.97;13.853116684546169
5605;10.605966231039986;2.0110627025210364;95.71;15.176063453389729
5606;10.608581533342385;2.0110627025210364;89.625;16.496393390369125
5607;10.547067003170099;2.0110627025210364;97.52;17.875030098018495
5608;10.60596993857675;2.0110627025210364;124.56;19.19757115336078
5609;10.608568205595974;2.0110627025210364;156.3875;20.517511600929268
5610;10.547077633247588;2.0110627025210364;200.3675;21.895736098183967
5611;10.605973639772085;2.0110627025210364;237.6825;23.217871566790667
5612;10.60855488946543;1.7778724221542583;256.595;23.21554977963399
5613;10.547088256969833;1.7675713178158032;259.3725;23.213228224656024
5614;10.605977334637;1.7774404534559953;261.375;23.21090690183356
5615;10.60854158493522;1.7778701924672184;272.58500000000004;23.208585811143376
5616;10.547098874343096;2.0110627025210364;268.48;24.58652102193632
5617;10.605981023182474;2.0110627025210364;250.47;25.908380397810777
5618;10.608528291989847;2.0110627025210364;233.785;27.227687682380644
5619;10.547109485373621;2.0110627025210364;222.1775;28.605210902507466
5620;10.605984705419475;2.0110627025210364;226.09;29.926664911268713
5621;10.60851501061383;2.0110627025210364;226.7525;31.245582984694448
5622;10.547120090067645;2.0110627025210364;215.4975;32.622694340831714
5623;10.605988381358934;2.0110627025210364;195.8625;33.94374310910665
5624;10.608501740791732;2.0110627025210364;167.04250000000002;35.2622720810436
5625;10.547130688431412;2.0110627025210364;122.0825;36.63897169982565
5626;10.605992051011759;2.0110627025210364;95.5125;37.959615354194504
5627;10.608488482508129;2.0110627025210364;87.755;39.277755334276364
5628;10.547141280471136;2.0110627025210364;85.035;40.65404334229536
5629;10.605995714388847;2.0110627025210364;86.27250000000001;41.97428200929173
5630;10.608475235747635;2.0110627025210364;89.385;43.29203310713054
5631;10.547151866193039;2.0110627025210364;86.5475;44.66790963093644
5632;10.605999371501062;2.0110627025210364;89.5025;45.98774343704734
5633;10.60846200049489;2.0110627025210364;113.7775;47.30510576223349
5634;10.547162445603322;2.0110627025210364;179.2975;48.68057092833411
5635;10.606003022359243;2.0110627025210364;240.77249999999998;50.0
5636;10.608448776734566;1.77785463887465;260.61;49.995
5637;10.547173018708188;0.0916999374791568;262.76750000000004;39.463684710526316
5638;10.606006666974212;0.10155978378591032;265.815;28.933422552581575
5639;10.60843556445134;1.7778524246471492;270.555;28.930529210326316
5640;10.547183585513826;1.767587293789079;268.6325;28.927636157405285
5641;10.606010305356763;1.7774459789713946;289.4325;28.924743393789544
5642;10.608422363629954;1.9556353441976846;297.7025;29.929651671078126
5643;10.547194146026422;1.7675890636101625;305.185;29.92665870591102
5644;10.606013937517673;2.0110627025210364;300.28499999999997;31.24795279939864
5645;10.60840917425515;2.0110627025210364;301.005;32.566839288576304
5646;10.547204700252145;2.0110627025210364;279.5325;33.943738139407905
5647;10.606017563467685;2.0110627025210364;229.225;35.26462708029967
5648;10.608395996311708;2.0110627025210364;166.925;36.58312442109551
5649;10.547215248197164;2.0110627025210364;122.2825;37.9596116228661
5650;10.606021183217536;2.0110627025210364;100.8775;39.28009553764715
5651;10.60838282978444;2.0110627025210364;96.19;40.59820383979817
5652;10.547225789867628;2.0110627025210364;94.145;41.97427951903994
5653;10.606024796777923;2.0110627025210364;90.4325;43.29435853414901
5654;10.608369674658165;2.0110627025210364;90.7525;44.61207790737034
5655;10.547236325269695;2.0110627025210364;96.5025;45.9877421905734
5656;10.60602840415953;2.0110627025210364;102.145;47.30741643240279
5657;10.608356530917762;2.0110627025210364;132.715;48.62474698638767
5658;10.547246854409504;2.0110627025210364;215.32999999999998;50.0
5659;10.606032005373013;1.7783316606908042;296.02750000000003;50.0
5660;10.608343398548106;1.777836978696279;319.09000000000003;49.995
5661;10.547257377293183;0.091714075012817;320.775;39.463684710526316
5662;10.60603560042901;0.47330412588967125;322.315;31.26833570579641
5663;10.608330277534122;1.777834779764459;321.93;31.26520887222583
5664;10.547267893926863;1.767601422914493;321.2325;31.26208235133861
5665;10.606039189338132;1.777450819596197;331.1175;31.258956143103475
5666;10.608317167860752;2.0110627025210364;336.615;32.57792893802145
5667;10.54727840431665;2.0110627025210364;346.075;33.954756661026835
5668;10.606042772110975;2.0110627025210364;340.2675;35.275620551855305
5669;10.608304069512965;2.0110627025210364;325.7525;36.59420412376281
5670;10.547288908468657;1.7676049447112607;306.2775;36.59054470335043
5671;10.606046348758102;1.77745201943307;278.6025;36.5868856488801
5672;10.608290982475756;1.7778281943622696;241.2425;36.58322696031521
5673;10.547299406388984;2.0110627025210364;203.76;37.95963420154964
5674;10.606049919290058;2.0110627025210364;164.885;39.280090814803934
5675;10.608277906734157;2.0110627025210364;118.92500000000001;40.59829879432501
5676;10.547309898083718;2.0110627025210364;96.475;41.97429456126605
5677;10.606053483717368;2.0110627025210364;90.88;43.29434632227842
5678;10.608264842273218;2.0110627025210364;95.7975;44.61216528748664
5679;10.547320383558949;2.0110627025210364;99.0325;45.98774970657689
5680;10.606057042050535;2.0110627025210364;137.8425;47.30739674165822
5681;10.608251789078016;2.0110627025210364;233.1175;48.62482680235995
5682;10.547330862820745;2.0110627025210364;324.13;50.0
5683;10.606060594300034;1.778336451867874;403.17;50.0
5684;10.60823874713366;0.10193385488238561;432.55;39.46868421052631
5685;10.547341335875174;0.09172814551055017;439.235;28.938421552631574
5686;10.606064140476324;0.10156941568728374;450.1675;18.40921192100263
5687;10.608225716425284;1.7778172565189492;452.6725;18.407370999810528
5688;10.547351802728295;1.7676154850695742;456.0575;18.405530262710545
5689;10.606067680589835;1.7774555944040011;462.61;18.403689709684276
5690;10.608212696938047;1.77781507460185;478.93;18.40184934071331
5691;10.547362263386157;1.8016185455582607;479.4125;18.592750487960572
5692;10.606071214650981;2.0110627025210364;474.6575;19.915123558993344
5693;10.608199688657134;2.0110627025210364;449.8175;21.235342342413166
5694;10.547372717854806;2.0110627025210364;414.9875;22.61321472621686
5695;10.60607474267015;1.7774567779278616;383.225;22.61095340474424
5696;10.608186691567763;2.0110627025210364;329.025;23.93091495241439
5697;10.547383166140275;2.0110627025210364;236.5525;25.30850785308589
5698;10.606078264657716;2.0110627025210364;181.6025;26.63020265087575
5699;10.608173705655172;2.0110627025210364;142.85750000000002;27.94977461023825
5700;10.547393608248585;2.0110627025210364;123.04499999999999;29.326955704941074
5701;10.606081780624017;2.0110627025210364;122.03;30.648245317777764
5702;10.608160730904627;2.0110627025210364;125.635;31.967427798886593
5703;10.547404044185754;2.0110627025210364;154.005;33.34419721413024
5704;10.606085290579383;2.0110627025210364;248.68;34.66508176835841
5705;10.608147767301427;2.0110627025210364;312.4175;35.98387488124522
5706;10.5474144739578;2.0110627025210364;352.47;37.360232743497185
5707;10.60608879453411;1.7774591328594873;367.61;37.356496720222836
5708;10.608134814830883;0.1019164370175772;368.27;26.826445281077127
5709;10.54742489757072;0.09174214949465605;358.695;16.297446847075335
5710;10.60609229249848;1.7774597190782941;349.8175;16.29581710239063
5711;10.608121873478352;2.0110627025210364;337.9;17.616471740875955
5712;10.547435315030505;2.0110627025210364;334.3525;18.99464654442289
5713;10.606095784482758;2.0110627025210364;340.23;20.316956084509826
5714;10.608108943229198;2.0110627025210364;351.03;21.637220892833636
5715;10.547445726343142;2.0110627025210364;349.7275;23.01498373071837
5716;10.606099270497166;2.0110627025210364;352.3;24.33688792537299
5717;10.608096024068825;2.0110627025210364;361.27;25.65676301371507
5718;10.547456131514606;2.0110627025210364;346.065;27.034114012474824
5719;10.606102750551939;2.0110627025210364;334.5425;28.355612988049234
5720;10.608083115982659;2.0110627025210364;317.3425;29.675098466566904
5721;10.547466530550878;2.0110627025210364;282.3425;31.052037752696915
5722;10.606106224657248;2.0110627025210364;217.12;32.37313163549726
5723;10.60807021895615;2.0110627025210364;156.805;33.69222761432536
5724;10.547476923457905;2.0110627025210364;130.58249999999998;35.06875531427892
5725;10.606109692823281;2.0110627025210364;129.815;36.389444230565374
5726;10.608057332974775;2.0110627025210364;132.8125;37.708150819816275
5727;10.547487310241644;2.0110627025210364;157.7625;39.084267060004734
5728;10.606113155060187;2.0110627025210364;244.86;40.40455113599156
5729;10.608044458024041;2.0110627025210364;303.515;41.722868445755125
5730;10.547497690908049;2.0110627025210364;346.2875;43.09857335254791
5731;10.606116611378093;1.7774637946442737;377.0425;43.09426349521266
5732;10.608031594089473;0.10189913840231248;392.58000000000004;32.56363827938945
5733;10.547508065463049;0.09175608748184863;399.92;22.03406612608783
5734;10.606120061787102;1.777464372893346;405.275;22.03186271947522
5735;10.608018741156634;1.777782569832022;418.46;22.029659533203272
5736;10.547518433912579;2.0110627025210364;426.8425;23.407314055033
5737;10.606123506297306;2.0110627025210364;432.6875;24.729155992645058
5738;10.608005899211099;2.0110627025210364;442.5075;26.04907747279525
5739;10.547528796262556;2.0110627025210364;451.3375;27.426320208598543
5740;10.60612694491877;2.0110627025210364;440.78499999999997;28.747756978904853
5741;10.607993068238478;2.0110627025210364;427.63;30.06728878838041
5742;10.547539152518896;2.0110627025210364;397.3575;31.44411986460862
5743;10.606130377661536;1.7774661017158724;376.375;31.44097545262216
5744;10.60798024822441;0.10189053342279927;359.555;20.911515565603214
5745;10.547549502687504;1.7676486173207622;335.8175;20.909424414046654
5746;10.606133804535624;2.0110627025210364;307.445;22.231506357296407
5747;10.607967439154544;2.0110627025210364;287.9925;23.55171413946386
5748;10.547559846774282;2.0110627025210364;277.6725;24.929177113614347
5749;10.606137225551041;2.0110627025210364;285.7125;26.250853831629495
5750;10.607954641014569;2.0110627025210364;293.4225;27.570671837282493
5751;10.54757018478511;2.0110627025210364;298.5775;28.94772309455291
5752;10.606140640717769;2.0110627025210364;310.6775;30.268994713561575
5753;10.6079418537902;2.0110627025210364;322.2875;31.58842305298953
5754;10.547580516725889;1.7676538149187495;338.28000000000003;31.58526421068423
5755;10.606144050045764;0.10158280761683997;355.77750000000003;21.055789894789477
5756;10.607929077467162;0.1018819577893526;365.7925;10.527368526326315
5757;10.547590842602476;0.09176995998332561;373.87;-0.0
5758;10.606147453544962;1.7774689634385614;385.40999999999997;0.0
5759;10.607916312031229;1.7777654038825423;399.3;0.0
5760;10.547601162420747;1.7676572749009911;403.31;-0.0
5761;10.606150851225287;2.0110627025210364;412.86;1.3241566913359772
5762;10.607903557468179;2.0110627025210364;409.9425;2.6465158960720743
5763;10.547611476186555;2.0110627025210364;410.855;4.02602034210524
5764;10.606154243096633;2.0110627025210364;401.01;5.349771209129228
5765;10.607890813763829;2.0110627025210364;386.96000000000004;6.671739958932678
5766;10.547621783905752;2.0110627025210364;360.2375;8.05083209022632
5767;10.606157629168875;1.7774706687567055;341.0425;8.050027007017297
5768;10.607878080904012;1.7777589967830405;317.97;8.049222004316595
5769;10.547632085584187;1.7676624572693775;277.75;8.048417082116163
5770;10.60616100945188;2.0110627025210364;212.64749999999998;9.371759281428666
5771;10.607865358874593;2.0110627025210364;142.2175;10.69335001456966
5772;10.547642381227691;2.0110627025210364;121.18;12.072020417401896
5773;10.606164383955461;2.0110627025210364;115.83500000000001;13.394957050602468
5774;10.607852647661462;2.0110627025210364;131.7825;14.716157539619019
5775;10.54765267084209;2.0110627025210364;155.3625;16.09441588656507
5776;10.606167752689453;2.0110627025210364;189.76749999999998;17.416947079921435
5777;10.60783994725053;2.0110627025210364;240.9975;18.737757435325438
5778;10.547662954433207;2.0110627025210364;285.45;20.115603852870358
5779;10.606171115663642;1.7774729289389233;313.8775;20.11359229248507
5780;10.607827257627738;0.10186489394923244;314.815;9.58526514378214
5781;10.547673232006856;1.767669352939042;315.07;9.584306617267762
5782;10.6061744728878;1.7774734915712804;319.3425;9.583348186606035
5783;10.60781457877904;2.0110627025210364;309.815;10.904966001947287
5784;10.547683503568834;2.0110627025210364;286.595;12.2835761769567
5785;10.60617782437168;2.0110627025210364;279.0325;13.606478886185908
5786;10.607801910690434;2.0110627025210364;276.9325;14.927706423141377
5787;10.547693769124946;2.0110627025210364;282.045;16.305904571830364
5788;10.60618117012502;2.0110627025210364;282.5575;17.628401869754413
5789;10.60778925334793;2.0110627025210364;278.0425;18.949239238886907
5790;10.547704028680974;2.0110627025210364;263.875;20.327025487716092
5791;10.606184510157526;2.0110627025210364;251.01999999999998;21.649117500517672
5792;10.607776606737566;2.0110627025210364;223.25;22.969564812366933
5793;10.547714282242707;2.0110627025210364;174.715;24.346939287755127
5794;10.606187844478887;2.0110627025210364;131.6525;25.66862614157141
5795;10.607763970845404;2.0110627025210364;94.575;26.98868350665412
5796;10.547724529815913;2.0110627025210364;84.0325;28.365646334978337
5797;10.606191173098784;2.0110627025210364;84.63;29.686928155900993
5798;10.607751345657533;2.0110627025210364;87.935;31.00659568471075
5799;10.54773477140636;2.0110627025210364;93.69;32.38314699230624
5800;10.606194496026866;2.0110627025210364;104.7875;33.70402390638148
5801;10.607738731160063;2.0110627025210364;151.9675;35.02330170938878
5802;10.547745007019804;2.0110627025210364;230.0525;36.39944162254903
5803;10.606197813272761;2.0110627025210364;283.6225;37.719913755777654
5804;10.607726127339129;0.8750039929354156;297.68;32.04605528962178
5805;10.547755236661999;0.09179751054679411;295.8025;21.516534894619134
5806;10.606201124846079;1.777477958134551;283.745;21.51438324112967
5807;10.607713534180897;2.0110627025210364;253.3025;22.834903945333707
5808;10.547765460338685;2.0110627025210364;238.905;24.212243267617424
5809;10.60620443075642;2.0110627025210364;222.82999999999998;25.533927834072063
5810;10.607700951671552;2.0110627025210364;206.395;26.854058537200682
5811;10.547775678055595;2.0110627025210364;178.35750000000002;28.23098623719415
5812;10.606207731013345;2.0110627025210364;172.08249999999998;29.55226579410775
5813;10.607688379797299;2.0110627025210364;170.2775;30.872006606720905
5814;10.547785889818467;2.0110627025210364;174.6975;32.24852281073269
5815;10.606211025626408;2.0110627025210364;154.76749999999998;33.56939748410653
5816;10.607675818544383;2.0110627025210364;117.555;34.88874851674096
5817;10.54779609563301;2.0110627025210364;97.795;36.26485335103792
5818;10.60621431460515;2.0110627025210364;89.89;37.58532326682792
5819;10.60766326789905;2.0110627025210364;84.905;38.904284629997136
5820;10.547806295504946;2.0110627025210364;86.3575;40.27997822080444
5821;10.60621759795907;2.0110627025210364;88.9525;41.600043504921246
5822;10.607650727847592;2.0110627025210364;89.59;42.918615309115545
5823;10.54781648943997;2.0110627025210364;96.4575;44.29389778261666
5824;10.606220875697662;2.0110627025210364;114.2975;45.613558560925625
5825;10.607638198376312;2.0110627025210364;191.8175;46.931740916612036
5826;10.54782667744379;2.0110627025210364;264.8325;48.30661239894877
5827;10.606224147830403;1.7774818165233073;319.03;48.30178173770888
5828;10.607625679471548;0.1018311117566027;330.2;37.770635770061425
5829;10.547836859522091;0.09181118960426114;320.565;27.240542917010735
5830;10.606227414366742;1.7774823639574238;296.2275;27.237818862719035
5831;10.607613171119652;2.0110627025210364;268.9825;28.557862568269094
5832;10.547847035680551;2.0110627025210364;262.2125;29.934552098115745
5833;10.606230675316116;2.0110627025210364;260.0;31.255639501355624
5834;10.607600673307005;2.0110627025210364;277.055;32.575293297763835
5835;10.547857205924855;2.0110627025210364;288.235;33.95157142280545
5836;10.60623393068793;2.0110627025210364;295.09;35.27225403150964
5837;10.607588186020008;2.0110627025210364;306.44;36.59151802938748
5838;10.547867370260661;2.0110627025210364;300.7875;37.96738487583691
5839;10.606237180491588;1.777484000648209;281.945;37.96358813734933
5840;10.607575709245094;1.777708322752578;260.0025;37.959791778535596
5841;10.547877528693636;2.0110627025210364;252.7175;39.33551214709879
5842;10.606240424736452;2.0110627025210364;237.115;40.65565019238445
5843;10.607563242968713;2.0110627025210364;204.0475;41.97439954654493
5844;10.547887681229428;2.0110627025210364;188.235;43.349708809422324
5845;10.606243663431886;2.0110627025210364;176.9725;44.669442358281096
5846;10.607550787177335;2.0110627025210364;186.6225;45.9878021662268
5847;10.54789782787368;2.0110627025210364;197.5575;47.36270044953018
5848;10.606246896587226;2.0110627025210364;250.04000000000002;48.682029627727374
5849;10.607538341857468;2.0110627025210364;289.34000000000003;50.0
5850;10.547907968632037;1.7685907371566592;334.4575;50.0
5851;10.606250124211785;0.1016005844334222;364.795;39.46868421052631
5852;10.607525906995633;0.10181439103118181;375.065;28.938421552631574
5853;10.547918103510119;0.09182480516710505;380.265;18.40921192100263
5854;10.606253346314853;1.7774867098552278;372.7975;18.407370999810528
5855;10.607513482578373;2.0110627025210364;370.535;19.72839245426109
5856;10.547928232513563;2.0110627025210364;366.2275;21.10588779412778
5857;10.60625656290572;2.0110627025210364;362.7625;22.427833470587935
5858;10.607501068592263;2.0110627025210364;375.9625;23.748464672078228
5859;10.547938355647972;2.0110627025210364;379.595;25.125548387745447
5860;10.606259773993633;2.0110627025210364;379.935;26.44708904761272
5861;10.607488665023899;2.0110627025210364;377.155;27.767330106935255
5862;10.547948472918957;2.0110627025210364;352.8125;29.144002324651552
5863;10.606262979587841;1.777488324281562;342.5;29.141087924419086
5864;10.607476271859893;0.24805332881258527;317.5175;19.530443885495185
5865;10.547958584332116;1.7677171747239093;289.5725;19.528490841106635
5866;10.606266179697563;2.0110627025210364;243.665;20.85058512130984
5867;10.607463889086889;2.0110627025210364;189.5525;22.17140936816517
5868;10.547968689893047;2.0110627025210364;155.985;23.548621971829956
5869;10.606269374331992;2.0110627025210364;135.86;24.87031120401738
5870;10.607451516691553;2.0110627025210364;138.8675;26.19074523204
5871;10.54797878960734;2.0110627025210364;156.1275;27.567546307389826
5872;10.606272563500314;2.0110627025210364;206.08249999999998;28.88883061743379
5873;10.60743915466057;2.0110627025210364;255.8225;30.208874537444505
5874;10.547988883480558;2.0110627025210364;318.5125;31.58526421068423
5875;10.60627574721169;0.10160487855504183;358.415;21.055789894789477
5876;10.60742680298066;0.1017977823321666;364.4475;10.527368526326315
5877;10.547998971518284;0.09183835772002576;355.3;-0.0
5878;10.606278925475273;1.7774909966298513;339.51750000000004;0.0
5879;10.607414461638545;1.777681299498628;332.085;0.0
5880;10.548009053726078;1.7677256328168938;321.785;-0.0
5881;10.606282098300182;1.7774915283590045;304.36249999999995;0.0
5882;10.607402130620994;2.0110627025210364;292.92;1.322967975910056
5883;10.548019130109497;2.0110627025210364;275.87;2.702217505508443
5884;10.606285265695524;2.0110627025210364;271.0025;4.025976281347145
5885;10.607389809914782;2.0110627025210364;264.53;5.348553364299967
5886;10.54802920067409;2.0110627025210364;253.715;6.727390768323151
5887;10.606288427670387;2.0110627025210364;234.045;8.05074402295945
5888;10.607377499506713;1.8483595363189584;203.4875;8.450623877598959
5889;10.5480392654254;2.0110627025210364;156.19;9.82914151305707
5890;10.606291584233835;2.0110627025210364;113.19;11.15218159388362
5891;10.607365199383617;2.0110627025210364;102.06;12.474069436309795
5892;10.548049324368955;2.0110627025210364;96.6625;13.852175171215658
5893;10.606294735394927;2.0110627025210364;97.3275;15.174809955073355
5894;10.607352909532345;2.0110627025210364;94.705;16.49630721002212
5895;10.548059377510294;2.0110627025210364;102.54249999999999;17.87400117066634
5896;10.606297881162693;2.0110627025210364;111.165;19.196230783444715
5897;10.607340629939769;2.0110627025210364;123.745;20.51733756192359
5898;10.548069424854924;2.0110627025210364;177.0125;21.894619874555218
5899;10.606301021546138;2.0110627025210364;219.0425;23.216444442098933
5900;10.607328360592787;1.7776668699484803;222.975;23.214122797654724
5901;10.548079466408364;2.0110627025210364;202.315;24.591125892287014
5902;10.606304156554266;2.0110627025210364;177.6475;25.912677830971234
5903;10.607316101478316;2.0110627025210364;165.0725;27.233136266783738
5904;10.548089502176122;2.0110627025210364;161.55;28.609727926089743
5905;10.606307286196047;2.0110627025210364;167.84;29.930875031410892
5906;10.607303852583296;2.0110627025210364;183.375;31.250943283953617
5907;10.548099532163688;2.0110627025210364;190.54500000000002;32.62712363406972
5908;10.606310410480448;2.0110627025210364;204.7875;33.94786603174988
5909;10.607291613894699;2.0110627025210364;207.3825;35.26754421194674
5910;10.548109556376563;2.0110627025210364;216.27;36.64331337896781
5911;10.606313529416399;2.0110627025210364;204.285;37.96365119468434
5912;10.607279385399506;1.777658662266434;195.39;37.95985482956487
5913;10.548119574820223;2.0110627025210364;155.36;39.335345248002696
5914;10.606316643012823;2.0110627025210364;109.625;40.655410902615714
5915;10.60726716708473;2.0110627025210364;96.7375;41.97444155279496
5916;10.548129587500148;2.0110627025210364;94.35;43.349521000514535
5917;10.606319751278626;2.0110627025210364;96.0125;44.66918228469979
5918;10.607254958937402;2.0110627025210364;104.95;45.98782315548079
5919;10.548139594421805;2.0110627025210364;131.715;47.36249175846453
5920;10.606322854222688;2.0110627025210364;218.9725;48.681748797777125
5921;10.607242760944581;2.0110627025210364;287.4225;50.0
5922;10.54814959559066;1.76863123107036;337.66;50.0
5923;10.606325951853876;0.10161329227865792;356.4025;39.46868421052631
5924;10.607230573093336;0.10176489644820681;360.6925;28.938421552631574
5925;10.548159591012165;0.09186527570947929;364.40250000000003;18.40921192100263
5926;10.60632904418104;1.7774993959515069;362.76;18.407370999810528
5927;10.607218395370781;1.7776484410354345;374.555;18.405530262710545
5928;10.548169580691766;2.0110627025210364;374.8825;19.7829286080271
5929;10.606332131213012;2.0110627025210364;355.1425;21.104934790513937
5930;10.60720622776403;2.0110627025210364;341.555;22.425978380659057
5931;10.54817956463491;2.0110627025210364;333.155;23.802965196417826
5932;10.606335212958603;2.0110627025210364;343.6275;25.12456644758751
5933;10.607194070260228;2.0110627025210364;369.41999999999996;26.445219624195538
5934;10.548189542847028;2.0110627025210364;373.4675;27.821795036528442
5935;10.606338289426601;1.777500945348884;359.565;27.81901285702479
5936;10.607181922846545;0.1017567432234743;341.6475;17.28991516626541
5937;10.54819951533354;1.767757552003146;314.77250000000004;17.288186174748784
5938;10.606341360625793;2.0110627025210364;261.935;18.610433063536803
5939;10.607169785510164;2.0110627025210364;217.125;19.931760723995794
5940;10.548209482099876;2.0110627025210364;183.4975;21.30896853992851
5941;10.60634442656492;2.0110627025210364;184.8275;22.630810437837845
5942;10.607157658238311;2.0110627025210364;187.78;23.951747581467668
5943;10.54821944315144;2.0110627025210364;204.0025;25.328543935715654
5944;10.60634748725274;2.0110627025210364;232.6875;26.64998096843198
5945;10.607145541018207;2.0110627025210364;281.3675;27.97052770636784
5946;10.548229398493639;2.0110627025210364;348.88;29.346912725028247
5947;10.60635054269797;1.77750299885697;383.215;29.343978033755743
5948;10.607133433837115;0.10174861702027875;387.8775;18.814727846478682
5949;10.548239348131876;0.09187864209020515;399.9475;8.286530584220353
5950;10.606353592909308;1.7225584819442479;416.96000000000004;7.940589638414848
5951;10.607121336682312;1.7776321751097397;431.95;7.9397955794510064
5952;10.548249292071539;1.7677658940149164;434.68;7.939001599893062
5953;10.606356637895443;1.7775040203423285;442.4375;7.938207699733073
5954;10.607109249541095;1.7776301494431663;449.725;7.937413878963099
5955;10.548259230318008;1.7677675595513167;458.3025;7.936620137575203
5956;10.606359677665049;1.777504529772935;457.985;7.935826475561446
5957;10.607097172400792;1.7776281254526316;453.6575;7.93503289291389
5958;10.548269162876666;1.7677692241345049;428.6275;7.934239389624599
5959;10.606362712226776;2.0110627025210364;382.8675;9.2574013890702
5960;10.607085105248748;2.0110627025210364;298.1575;10.579744798944981
5961;10.548279089752882;2.0110627025210364;179.17000000000002;11.95782168919985
5962;10.606365741589254;2.0110627025210364;115.9525;13.280578452521139
5963;10.607073048072321;2.0110627025210364;98.715;14.602530999007183
5964;10.548289010952017;2.0110627025210364;96.3025;15.980196185502868
5965;10.6063687657611;2.0110627025210364;95.69;17.30254783841127
5966;10.607061000858904;2.0110627025210364;99.47;18.62410963281147
5967;10.548298926479424;2.0110627025210364;109.8775;20.00136324169274
5968;10.606371784750916;2.0110627025210364;135.585;21.3233099098552
5969;10.607048963595904;2.0110627025210364;222.95250000000001;22.644481063448108
5970;10.54830883634046;2.0110627025210364;316.595;24.021323220818324
5971;10.60637479856728;1.777507063863144;347.6225;24.018921088496242
5972;10.607036936270761;0.1017324451322306;343.2625;13.490203406913711
5973;10.54831874054046;0.09189194734951892;322.85;2.9625385970993356
5974;10.606377807218756;2.0110627025210364;289.15250000000003;4.2861834263818075
5975;10.607024918870923;2.0110627025210364;248.8225;5.609081135111793
5976;10.548328639084765;2.0110627025210364;223.13;6.987608019867755
5977;10.606380810713892;2.0110627025210364;193.04500000000002;8.310847488887571
5978;10.607012911383862;2.0110627025210364;185.76999999999998;9.633354138324014
5979;10.548338531978697;2.0110627025210364;180.555;11.01146919753042
5980;10.606383809061212;2.0110627025210364;179.2475;12.334303432002516
5981;10.607000913797071;2.0110627025210364;175.1625;13.656419133552099
5982;10.548348419227581;2.0110627025210364;172.885;15.034122493372543
5983;10.606386802269235;2.0110627025210364;148.0825;16.356551618967433
5984;10.606988926098078;2.0110627025210364;116.81;17.678276484012365
5985;10.548358300836735;2.0110627025210364;102.7225;19.055568270569065
5986;10.60638979034645;2.0110627025210364;92.7575;20.37759241291288
5987;10.606976948274417;2.0110627025210364;84.6725;21.698926552810892
5988;10.548368176811458;3.4285714285714284;82.3775;23.075806892184726
5989;10.606392773301332;3.4285714285714284;83.7925;24.39742617685924
5990;10.606964980313652;3.4285714285714284;88.145;25.718369702943587
5991;10.548378047157055;3.4285714285714284;89.81;27.094838721174092
5992;10.606395751142347;3.4285714285714284;96.15;28.416053273716745
5993;10.606953022203358;2.0110627025210364;107.8775;29.73660629729618
5994;10.54838791187882;2.0110627025210364;179.5375;31.112664120381574
5995;10.606398723877934;2.0110627025210364;233.6975;32.4334740662855
5996;10.606941073931148;2.0110627025210364;231.46;33.75363669864428
5997;10.548397770982037;2.0110627025210364;219.9775;35.129283452541486
5998;10.60640169151652;2.0110627025210364;223.29250000000002;36.44968891725554
5999;10.60692913548464;2.0110627025210364;219.3125;37.769461269653405
6000;10.548407624471993;2.0110627025210364;219.055;39.14469708027805
6001;10.606404654066512;2.0110627025210364;226.515;40.464698189206835
6002;10.606917206851486;2.0110627025210364;232.425;41.784080372879004
6003;10.548417472353949;2.0110627025210364;243.5625;43.158905366105465
6004;10.606407611536307;2.0110627025210364;272.45;44.478502244609366
6005;10.60690528801935;2.0110627025210364;310.3;45.79749437076652
6006;10.548427314633182;2.0110627025210364;324.2525;47.171908672427925
6007;10.606410563934269;2.0110627025210364;319.5075;48.49110144582313
6008;10.606893378975919;0.10170838657211952;293.4525;37.959936546204865
6009;10.548437151314946;2.0110627025210364;267.0525;39.33512525880105
6010;10.606413511268766;2.0110627025210364;226.6575;40.65509891056984
6011;10.606881479708903;2.0110627025210364;200.88;41.974495994955326
6012;10.548446982404496;2.0110627025210364;197.2525;43.34927391207156
6013;10.606416453548132;2.0110627025210364;205.475;44.66884335380963
6014;10.606869590206038;2.0110627025210364;229.0625;45.98785035877851
6015;10.548456807907074;2.0110627025210364;278.28;47.36221760623092
6016;10.606419390780694;2.0110627025210364;329.485;48.68138296322864
6017;10.606857710455072;2.0110627025210364;367.0675;50.0
6018;10.548466627827922;1.7686843620460146;403.635;50.0
6019;10.606422322974757;0.10162944297589155;421.1175;39.46868421052631
6020;10.606845840443778;0.10170041965804288;421.9575;28.938421552631574
6021;10.54847644217227;0.09191837633867392;429.1475;18.40921192100263
6022;10.606425250138614;2.0110627025210364;432.0;19.731267012178844
6023;10.606833980159951;2.0110627025210364;438.3925;21.052801604325673
6024;10.548486250945347;2.0110627025210364;454.0;22.429634385767162
6025;10.606428172280534;2.0110627025210364;463.46500000000003;23.75128465866208
6026;10.606822129591405;2.0110627025210364;468.815;25.07242850708438
6027;10.548496054152366;2.0110627025210364;466.89;26.448850012788924
6028;10.606431089408778;2.0110627025210364;458.72;27.77009559284931
6029;10.606810288725974;2.0110627025210364;449.0225;29.09084880900035
6030;10.548505851798543;2.0110627025210364;430.725;30.466859164910833
6031;10.606434001531586;1.7132118374894743;410.095;30.059908834371612
6032;10.606798457551518;0.10169247882742934;375.385;19.530587054014493
6033;10.54851564388908;1.7678105315320838;335.0825;19.528633995309093
6034;10.606436908657177;2.0110627025210364;300.6075;20.850566068685243
6035;10.606786636055915;2.0110627025210364;286.8125;22.172033707825253
6036;10.548525430429178;2.0110627025210364;278.9325;23.548717345546752
6037;10.606439810793757;2.0110627025210364;281.7175;24.870244653558128
6038;10.606774824227056;2.0110627025210364;296.78999999999996;26.19132154607707
6039;10.548535211424026;2.0110627025210364;315.3425;27.567593963069637
6040;10.606442707949528;2.0110627025210364;342.8625;28.88871663112128
6041;10.606763022052867;2.0110627025210364;370.33500000000004;30.209402888507945
6042;10.54854498687881;2.0110627025210364;401.0425;31.58526421068423
6043;10.606445600132655;0.10163334396123082;420.45;21.055789894789477
6044;10.60675122952128;0.1016845639499188;419.3875;10.527368526326315
6045;10.548554756798705;0.09193150097403109;421.7275;0.0
6046;10.606448487351294;2.0110627025210364;426.5225;1.3238739370162709
6047;10.606739446620256;2.0110627025210364;436.51;2.647339075333326
6048;10.548564521188894;2.0110627025210364;435.4975;4.025938046296344
6049;10.606451369613593;2.0110627025210364;428.195;5.349406651358801
6050;10.606727673337783;2.0110627025210364;433.77750000000003;6.672480421022771
6051;10.548574280054527;2.0110627025210364;443.58000000000004;8.050667606928867
6052;10.606454246927669;2.0110627025210364;453.21000000000004;9.373731005586889
6053;10.606715909661855;2.0110627025210364;451.6625;10.696413518307567
6054;10.548584033400767;2.0110627025210364;432.9875;12.074189045225008
6055;10.606457119301634;2.0110627025210364;418.015;13.396847362983934
6056;10.606704155580497;0.10167667489603807;389.96250000000003;2.869191888773953
6057;10.548593781232768;1.7678236264568807;348.4525;2.8689049695850755
6058;10.606459986743584;2.0110627025210364;324.2425;4.192481091681712
6059;10.606692411081742;2.0110627025210364;306.15250000000003;5.515704053044889
6060;10.548603523555672;2.0110627025210364;296.2525;6.893979135261697
6061;10.606462849261588;2.0110627025210364;296.4925;8.217150030549663
6062;10.606680676153665;2.0110627025210364;303.0375;9.539981673200627
6063;10.548613260374617;2.0110627025210364;310.2575;10.91784507767742
6064;10.606465706863709;2.0110627025210364;333.8175;12.240610871649128
6065;10.606668950784336;2.0110627025210364;365.845;13.563051307316845
6066;10.548622991694739;2.0110627025210364;400.425;14.940503160076112
6067;10.606468559557989;1.0751493152525704;422.21000000000004;10.527368526326315
6068;10.606657234961867;0.10166881153719598;417.65;-0.0
6069;10.548632717521158;1.767830151733327;398.845;0.0
6070;10.60647140735246;1.7775232543901949;378.78;0.0
6071;10.606645528674374;1.7775524351315461;343.885;0.0
6072;10.548642437858994;2.0110627025210364;303.9025;1.3787896840339553
6073;10.606474250255125;2.0110627025210364;270.95;2.7025012673231825
6074;10.60663383191;2.0110627025210364;250.32999999999998;4.02592887688195
6075;10.54865215271336;2.0110627025210364;241.4075;5.404306738916569
6076;10.606477088273984;2.0110627025210364;244.5075;6.727613074382393
6077;10.606622144656916;2.0110627025210364;258.0525;8.050649275650885
6078;10.548661862089357;2.0110627025210364;281.2875;9.42861544173843
6079;10.606479921417018;1.7775246812500014;268.87;9.427672580194256
6080;10.6066104669033;0.27672510110802045;240.97;0.0
6081;10.548671565992086;1.7678366622925714;178.39499999999998;-0.0
6082;10.606482749692189;2.0110627025210364;111.005;1.3238413877924204
6083;10.606598798637355;2.0110627025210364;86.85;2.6474401449481535
6084;10.548681264426639;2.0110627025210364;84.365;4.025928199728352
6085;10.606485573107442;2.0110627025210364;83.195;5.349364312456309
6086;10.606587139847305;2.0110627025210364;87.8825;6.672571593170124
6087;10.5486909573981;2.0110627025210364;92.175;8.050647926482613
6088;10.606488391670709;2.0110627025210364;102.715;9.373678889602791
6089;10.606575490521386;2.0110627025210364;147.32999999999998;10.696494805718514
6090;10.548700644911547;2.0110627025210364;220.2025;12.074159543571973
6091;10.606491205389908;1.7775265723147526;243.2975;12.072952127617617
6092;10.606563850647873;0.10165316139462321;243.32999999999998;1.545429042931172
6093;10.548710326972056;1.5218213484765946;233.29250000000002;0.0
6094;10.606494014272936;1.7775270430514105;204.58749999999998;-0.0
6095;10.606552220215045;2.0110627025210364;165.48000000000002;1.323775390795707
6096;10.54872000358469;2.0110627025210364;135.6675;2.7023590098511727
6097;10.60649681832768;2.0110627025210364;134.91500000000002;4.025916796538892
6098;10.6065405992112;2.0110627025210364;138.89499999999998;5.349300635608598
6099;10.548729674754506;2.0110627025210364;142.2425;6.727472514528257
6100;10.606499617562003;2.0110627025210364;149.7475;8.050625130592902
6101;10.606528987624667;2.0110627025210364;155.60500000000002;9.373617529836409
6102;10.548739340486566;2.0110627025210364;171.29500000000002;10.751377794621188
6103;10.606502411983763;2.0110627025210364;185.0025;12.07412536545715
6104;10.606517385443787;2.0110627025210364;170.165;13.396726436749006
6105;10.548749000785902;2.0110627025210364;132.295;14.774075213358724
6106;10.606505201600793;2.0110627025210364;87.7975;16.096417864316635
6107;10.606505792656918;2.0110627025210364;68.725;17.418627719506134
6108;10.548758655657563;2.0110627025210364;68.1;18.795565133859498
6109;10.606507986420919;2.0110627025210364;69.49;20.117502990246237
6110;10.606494209252446;2.0110627025210364;70.87;21.439321741157386
6111;10.548768305106586;2.0110627025210364;72.375;22.815847919132015
6112;10.60651076645194;2.0110627025210364;85.5325;24.13738110621076
6113;10.60648263521877;2.0110627025210364;117.8975;25.458808864642307
6114;10.548777949137985;2.0110627025210364;192.8675;26.834923932074755
6115;10.606513541701654;1.7775303156250415;233.14499999999998;26.83224043968155
6116;10.60647107054431;0.10163761251080565;232.2775;16.3032414261639
6117;10.548787587756788;0.09197052077868055;234.8325;5.7752953125476
6118;10.606516312177824;0.8581429821369257;232.545;-0.0
6119;10.606459515217514;1.7775212614044413;221.4125;0.0
6120;10.54879722096801;2.0110627025210364;190.1975;1.37864264008039
6121;10.60651907788822;2.0110627025210364;155.9025;2.7023116518225723
6122;10.60644796922683;2.0110627025210364;150.9125;4.025915849891902
6123;10.548806848776659;2.0110627025210364;152.21249999999998;5.404146751969087
6124;10.606521838840582;2.0110627025210364;152.62;6.727410590395337
6125;10.606436432560745;2.0110627025210364;155.64;8.05062323840359
6126;10.548816471187735;2.0110627025210364;149.9025;9.428442528451402
6127;10.606524595042634;2.0110627025210364;138.35500000000002;10.751301318908054
6128;10.606424905207758;2.0110627025210364;119.65;12.074122528828791
6129;10.548826088206228;2.0110627025210364;104.79;13.451530332779992
6130;10.606527346502094;2.0110627025210364;93.9075;14.773984200569725
6131;10.606413387156385;2.0110627025210364;78.8375;16.096414084351103
6132;10.548835699837127;2.0110627025210364;76.96000000000001;17.473410528097396
6133;10.606530093226661;2.0110627025210364;77.695;18.79545959847926
6134;10.606401878395165;2.0110627025210364;78.77;20.117498268044002
6135;10.548845306085425;2.0110627025210364;84.17;21.494083477436046
6136;10.606532835224009;2.0110627025210364;87.6475;22.815727875625495
6137;10.606390378912652;2.0110627025210364;120.4925;24.137375442870912
6138;10.548854906956086;2.0110627025210364;192.325;25.513549543718344
6139;10.606535572501816;1.777534007735084;208.58249999999998;25.510998188763974
6140;10.606378888697426;0.10162216388796239;206.8875;14.982131299471414
6141;10.54886450245408;1.0023109411471403;208.02;10.17212711607612
6142;10.60653830506772;1.7775344656818652;208.8525;10.171109903364513
6143;10.606367407738084;2.0110627025210364;210.885;11.494043755022998
6144;10.548874092584368;2.0110627025210364;211.45499999999998;12.871463962692347
6145;10.606541032929371;2.0110627025210364;221.875;14.193962835013176
6146;10.606355936023236;2.0110627025210364;224.11;15.516505299507601
6147;10.548883677351915;2.0110627025210364;220.8875;16.89351415549333
6148;10.606543756094384;2.0110627025210364;231.58;18.215608235788117
6149;10.606344473541514;2.0110627025210364;237.6075;19.537759425100102
6150;10.548893256761664;1.7678738151290874;233.4225;19.53580564915759
6151;10.606546474570365;1.7775358347970374;227.6;19.533852068592676
6152;10.606333020281575;1.7775000623004642;205.1775;19.531898683385815
6153;10.548902830818564;2.0110627025210364;159.17000000000002;20.90848780423984
6154;10.606549188364907;2.0110627025210364;119.7675;22.230175226512756
6155;10.606321576232089;2.0110627025210364;88.5675;23.55194671156962
6156;10.548912399527543;2.0110627025210364;76.365;24.928124737347297
6157;10.606551897485591;2.0110627025210364;73.1325;26.24940762226225
6158;10.606310141381746;2.0110627025210364;73.4875;27.570788047187367
6159;10.548921962893543;2.0110627025210364;80.3725;28.94655510363378
6160;10.606554601939964;2.0110627025210364;114.77;30.267433576280453
6161;10.60629871571926;2.0110627025210364;182.5925;31.58842305298953
6162;10.548931520921482;1.7678802277644752;241.22;31.58526421068423
6163;10.606557301735588;0.10165206387185328;263.73;21.055789894789477
6164;10.606287299233353;0.10160681454170056;254.305;10.527368526326315
6165;10.548941073616282;0.09199624325262995;232.53;0.0
6166;10.606559996879987;1.7775381009814153;186.10500000000002;0.0
6167;10.606275891912777;1.7774904882394853;122.00999999999999;0.0
6168;10.548950620982852;2.0110627025210364;100.985;1.3784969100662903
6169;10.606562687380677;2.0110627025210364;94.94;2.7021245073636404
6170;10.606264493746295;2.0110627025210364;91.365;4.025903025853924
6171;10.548960163026099;2.0110627025210364;89.8125;5.403988280676544
6172;10.60656537324516;2.0110627025210364;89.9825;6.727210777265574
6173;10.606253104722695;2.0110627025210364;88.4725;8.050597606701288
6174;10.548969699750925;2.0110627025210364;89.005;9.42827133217724
6175;10.606568054480922;2.0110627025210364;98.865;10.751088853287145
6176;10.60624172483078;1.7774847622274637;100.7975;10.750013744401816
6177;10.548979231162221;2.0110627025210364;86.12;12.127408473423266
6178;10.60657073109544;2.0110627025210364;77.4625;13.449953538035256
6179;10.606230354059374;2.0110627025210364;67.9675;14.772689706325048
6180;10.548988757264876;2.0110627025210364;65.6375;16.149673117952783
6181;10.606573403096164;2.0110627025210364;63.3625;17.471813417699632
6182;10.60621899239732;3.4285714285714284;63.9625;18.794158193580408
6183;10.548998278063767;3.4285714285714284;64.975;20.170730413600474
6184;10.606576070490542;2.0110627025210364;72.015;21.4924660735931
6185;10.606207639833467;2.0110627025210364;76.3125;22.814419569143947
6186;10.549007793563776;2.0110627025210364;108.99000000000001;24.190580723301444
6187;10.606578733286;2.0110627025210364;139.1975;25.511911868607413
6188;10.606196296356707;0.9821080046361098;117.5275;20.51360986074162
6189;10.549017303769762;2.0110627025210364;102.02250000000001;21.889992061174272
6190;10.606581391489952;2.0110627025210364;99.4375;23.2115507400527
6191;10.606184961955929;2.0110627025210364;90.15;24.533353871120564
6192;10.549026808686596;2.0110627025210364;83.41;25.909325067481184
6193;10.606584045109795;2.0110627025210364;81.295;27.23047929212013
6194;10.606173636620051;2.0110627025210364;83.43;28.55189128940187
6195;10.549036308319133;2.0110627025210364;84.41749999999999;29.927451607369754
6196;10.606586694152911;2.0110627025210364;83.8625;31.248201502763752
6197;10.60616232033801;2.0110627025210364;86.82249999999999;32.56922247829237
6198;10.549045802672216;2.0110627025210364;89.6225;33.944372043505936
6199;10.606589338626675;2.0110627025210364;106.38499999999999;35.26471773460624
6200;10.606151013098753;2.0110627025210364;101.23;36.585347800388966
6201;10.549055291750694;2.0110627025210364;75.715;37.96008673844577
6202;10.60659197853844;2.0110627025210364;66.87;39.28002835016041
6203;10.606139714891258;2.0110627025210364;66.0475;40.60026761817869
6204;10.549064775559403;2.0110627025210364;66.72749999999999;41.97459605463544
6205;10.606594613895542;3.4285714285714284;64.17750000000001;43.29413371182921
6206;10.606128425704506;3.4285714285714284;67.7075;44.61398229403875
6207;10.549074254103179;2.0110627025210364;73.8775;45.98790035441133
6208;10.606597244705315;2.0110627025210364;77.9675;47.30703418190584
6209;10.606117145527506;2.0110627025210364;92.9875;48.62649219023652
6210;10.54908372738684;2.0110627025210364;143.88;50.0
6211;10.606599870975064;1.778426828468498;159.3025;50.0
6212;10.606105874349291;1.5380530236311991;156.64749999999998;48.491261045561785
6213;10.549093195415209;0.09202173712563506;134.105;37.96009612998355
6214;10.606602492712094;2.0110627025210364;130.425;39.28002775229406
6215;10.6060946121589;2.0110627025210364;139.375;40.60030986796788
6216;10.5491026581931;2.0110627025210364;119.16499999999999;41.97460231169764
6217;10.606605109923677;2.0110627025210364;146.2075;43.29412999703898
6218;10.606083358945396;2.0110627025210364;160.2075;44.61402139304115
6219;10.54911211572532;2.0110627025210364;166.745;45.98790348096279
6220;10.606607722617088;2.0110627025210364;180.1025;47.30702735412846
6221;10.606072114697858;2.0110627025210364;197.9025;48.626528142430075
6222;10.549121568016668;2.0110627025210364;207.5775;50.0
6223;10.606610330799583;1.7775465363704461;206.695;49.995
6224;10.606060879405387;0.10156886916910612;191.5975;39.463684710526316
6225;10.54913101507194;1.74799697604869;163.0525;39.3346407136981
6226;10.606612934478399;2.0110627025210364;125.6925;40.65442496187225
6227;10.6060496530571;2.0110627025210364;113.75;41.974612348971824
6228;10.549140456895927;2.0110627025210364;104.185;43.3487314536858
6229;10.606615533660763;2.0110627025210364;98.165;44.66811182356271
6230;10.606038435642134;2.0110627025210364;99.86250000000001;45.98790849852033
6231;10.549149893493405;2.0110627025210364;115.0725;47.36161730885174
6232;10.606618128353885;2.0110627025210364;141.9225;48.680593925184674
6233;10.606027227149632;2.0110627025210364;185.1725;50.0
6234;10.549159324869159;1.7679184050996968;228.03;49.995
6235;10.60662071856497;0.1016626918068769;249.83;39.463684710526316
6236;10.606016027568774;0.10156135251446018;245.1675;28.933422552581575
6237;10.549168751027954;0.6470160963900514;234.44;21.890079431552056
6238;10.606623304301193;2.0110627025210364;211.54000000000002;23.21159828452277
6239;10.606004836888749;2.0110627025210364;171.04;24.533572529650005
6240;10.549178171974557;2.0110627025210364;137.18;25.90939990902121
6241;10.606625885569729;2.0110627025210364;131.935;27.230514377739066
6242;10.605993655098757;2.0110627025210364;134.21;28.552097353957475
6243;10.54918758771372;2.0110627025210364;135.4625;29.927513935894048
6244;10.606628462377728;2.0110627025210364;138.53;31.24822414524162
6245;10.60598248218803;2.0110627025210364;145.60500000000002;32.569415964748465
6246;10.549196998250206;2.0110627025210364;174.9075;33.944421874814296
6247;10.606631034732338;2.0110627025210364;183.405;35.264727949631094
6248;10.605971318145807;2.0110627025210364;162.34;36.585528724597616
6249;10.549206403588753;2.0110627025210364;125.52;37.960124088315844
6250;10.606633602640681;2.0110627025210364;92.0475;39.28002615339836
6251;10.605960162961347;2.0110627025210364;83.08;40.60043599596974
6252;10.549215803734104;2.0110627025210364;79.4975;41.974620938822746
6253;10.606636166109874;2.0110627025210364;81.1075;43.29411911892448
6254;10.605949016623928;2.0110627025210364;83.985;44.614138141219854
6255;10.549225198690996;2.0110627025210364;88.55250000000001;45.98791278864929
6256;10.606638725147018;2.0110627025210364;106.465;47.307007208480755
6257;10.605937879122852;2.0110627025210364;144.655;48.626635522593205
6258;10.549234588464152;2.0110627025210364;210.9675;50.0
6259;10.606641279759197;1.7775517230619762;233.3825;49.995
6260;10.605926750447424;0.10154639069038209;221.4;39.463684710526316
6261;10.5492439730583;0.25147324290342654;221.7975;29.934786209005278
6262;10.606643829953484;2.0110627025210364;219.76749999999998;31.255481091928566
6263;10.605915630586978;2.0110627025210364;213.175;32.576735694761744
6264;10.549253352478155;2.0110627025210364;212.41750000000002;33.95168733633802
6265;10.606646375736931;2.0110627025210364;225.385;35.2719781106543
6266;10.605904519530862;2.0110627025210364;228.055;36.59284161928892
6267;10.549262726728426;2.0110627025210364;235.0125;37.96738274473499
6268;10.60664891711659;2.0110627025210364;243.6625;39.287269535199755
6269;10.605893417268444;2.0110627025210364;261.21000000000004;40.607742061841215
6270;10.549272095813816;2.0110627025210364;264.735;41.98187279661191
6271;10.606651454099492;1.7775534281650003;251.5525;41.97767460933225
6272;10.605882323789103;0.10153894529075332;231.7575;31.447161052397636
6273;10.549281459739031;1.7679388735064867;193.815;31.444016336292396
6274;10.606653986692653;2.0110627025210364;120.73750000000001;32.764550647300744
6275;10.605871239082248;2.0110627025210364;96.375;34.085696515107884
6276;10.549290818508753;2.0110627025210364;89.69;35.460461667873055
6277;10.606656514903074;2.0110627025210364;89.70750000000001;36.78059193254835
6278;10.60586016313729;2.0110627025210364;93.9025;38.101346718374664
6279;10.549300172127682;2.0110627025210364;110.445;39.47570142018153
6280;10.606659038737742;2.0110627025210364;165.97;40.795427763238656
6281;10.60584909594367;2.0110627025210364;276.945;42.11579157931585
6282;10.549309520600486;0.0920579907516124;347.1425;31.58526421068423
6283;10.60666155820364;0.10166953606305303;358.07;21.055789894789477
6284;10.60583803749084;0.101531523413864;348.78499999999997;10.527368526326315
6285;10.549318863931848;0.09205955658704736;322.95500000000004;0.0
6286;10.606664073307726;1.7775555429999184;275.3225;-0.0
6287;10.60582698776827;2.0110627025210364;240.115;1.3244643616201441
6288;10.54932820212643;2.0110627025210364;202.9;2.7024701231638733
6289;10.606666584056953;2.0110627025210364;183.155;4.025866621297451
6290;10.60581594676545;2.0110627025210364;174.1475;5.349938885208144
6291;10.549337535188904;2.0110627025210364;173.105;6.727533232890164
6292;10.606669090458256;2.0110627025210364;179.0925;8.050524843631532
6293;10.605804914471884;2.0110627025210364;185.5375;9.374205122398878
6294;10.549346863123922;2.0110627025210364;188.14;10.751388181918912
6295;10.606671592518556;2.0110627025210364;177.70499999999998;12.073975030208093
6296;10.605793890877091;2.0110627025210364;128.2725;13.397263436371837
6297;10.549356185936137;2.0110627025210364;96.255;14.77403533338887
6298;10.606674090244756;2.0110627025210364;90.2825;16.09621754412301
6299;10.605782875970617;2.0110627025210364;82.3625;17.419114190196513
6300;10.549365503630193;2.0110627025210364;80.12;18.795475050328807
6301;10.60667658364376;2.0110627025210364;79.32249999999999;20.1172527483622
6302;10.605771869742012;2.0110627025210364;80.465;21.439757746832452
6303;10.549374816210733;2.0110627025210364;82.9725;22.815707695657572
6304;10.606679072722448;2.0110627025210364;102.10249999999999;24.137081005801683
6305;10.605760872180857;2.0110627025210364;175.1525;25.45919446912929
6306;10.54938412368239;2.0110627025210364;215.8625;26.834733632184108
6307;10.606681557487684;1.7775584731484348;217.9025;26.83205015882089
6308;10.605749883276742;0.1015167497761939;208.605;16.30305116433133
6309;10.549393426049786;2.0110627025210364;195.64249999999998;17.6794971044676
6310;10.606684037946325;2.0110627025210364;178.3125;19.001379318708143
6311;10.605738903019278;2.0110627025210364;165.4725;20.324027222907958
6312;10.549402723317556;2.0110627025210364;142.135;21.70006223303399
6313;10.60668651410522;2.0110627025210364;127.7225;23.021540038410727
6314;10.605727931398079;2.0110627025210364;128.52;24.343796349578714
6315;10.5494120154903;2.0110627025210364;133.93;25.71942055522797
6316;10.60668898597119;2.0110627025210364;144.6175;27.04049407649982
6317;10.605716968402795;2.0110627025210364;148.98;28.362358907109513
6318;10.549421302572645;2.0110627025210364;146.45;29.73757243377479
6319;10.606691453551052;2.0110627025210364;139.525;31.058241795657914
6320;10.605706014023086;2.0110627025210364;126.66;32.379715258156416
6321;10.549430584569183;2.0110627025210364;115.8675;33.75451823128988
6322;10.606693916851606;2.0110627025210364;103.5025;35.074783558457725
6323;10.60569506824863;2.0110627025210364;94.8925;36.39586576526568
6324;10.549439861484524;2.0110627025210364;92.5375;37.77025831027886
6325;10.606696375879645;2.0110627025210364;98.0575;39.09011972736217
6326;10.605684131069113;2.0110627025210364;107.61749999999999;40.410810790873775
6327;10.549449133323254;2.0110627025210364;120.3275;41.784793033137596
6328;10.606698830641948;2.0110627025210364;131.27;43.10425066472443
6329;10.605673202474248;2.0110627025210364;171.47;44.424550697307424
6330;10.549458400089962;2.0110627025210364;210.805;45.79812276215223
6331;10.60670128114527;1.7775617786077789;226.39249999999998;45.79354294987602
6332;10.605662282453766;0.7423559004362421;241.55;39.28788071250633
6333;10.549467661789231;1.7679700788396775;249.2425;39.28395192443508
6334;10.606703727396365;1.7775621885714736;258.2075;39.280023529242634
6335;10.605651370997405;2.0110627025210364;255.67000000000002;40.600726724442175
6336;10.549476918425636;2.0110627025210364;257.33000000000004;41.974663579265375
6337;10.606706169401969;2.0110627025210364;258.7825;43.29409525197558
6338;10.60564046809493;2.0110627025210364;252.8925;44.614407397760196
6339;10.549486170003746;2.0110627025210364;248.0275;45.98793409551686
6340;10.606708607168807;2.0110627025210364;257.4775;47.30696212529695
6341;10.60562957373611;2.0110627025210364;273.64750000000004;48.62688333403513
6342;10.54949541652813;2.0110627025210364;285.4425;50.0
6343;10.606711040703587;1.7775634141980892;296.105;49.995
6344;10.605618687910747;0.10149476293391921;291.0975;39.463684710526316
6345;10.549504658003347;1.5292356205236934;271.745;37.9601970937984
6346;10.60671347001301;2.0110627025210364;235.37;39.28002327757666
6347;10.60560781060865;2.0110627025210364;181.7175;40.60076785517069
6348;10.549513894433943;2.0110627025210364;145.63;41.97466957867293
6349;10.606715895103761;2.0110627025210364;145.4875;43.29409201136649
6350;10.605596941819643;2.0110627025210364;154.10250000000002;44.61444550743669
6351;10.549523125824471;2.0110627025210364;171.83249999999998;45.9879370933527
6352;10.60671831598251;2.0110627025210364;230.53;47.30695589945998
6353;10.60558608153357;2.0110627025210364;287.4925;48.62691842641314
6354;10.549532352179476;2.0110627025210364;325.38750000000005;50.0
6355;10.606720732655914;1.7775650384584092;336.5875;49.995
6356;10.60557522974029;0.10148747984177556;341.2925;39.463684710526316
6357;10.549541573503484;0.09209688016313165;356.1675;28.933422552581575
6358;10.606723145130628;1.777565442761569;358.1725;28.930529210326316
6359;10.605564386429686;2.0110627025210364;363.01;30.252349990297084
6360;10.549550789801035;2.0110627025210364;380.6425;31.627251504987072
6361;10.606725553413277;2.0110627025210364;395.9625;32.94769950409396
6362;10.605553551591639;2.0110627025210364;397.505;34.269128860131495
6363;10.549560001076653;2.0110627025210364;406.1625;35.643619946222664
6364;10.606727957510484;2.0110627025210364;404.1175;36.963664024593086
6365;10.605542725216068;2.0110627025210364;398.445;38.284702069235365
6366;10.54956920733485;2.0110627025210364;391.3125;39.658782852060334
6367;10.606730357428862;0.45879193679960856;384.26;31.37153127554877
6368;10.605531907292896;0.10148021949526409;361.075;20.842078332947533
6369;10.549578408580148;0.09210305330053353;329.7675;10.313678335640555
6370;10.606732753174999;1.7775670529598755;274.8125;10.312646967806991
6371;10.605521097812062;2.0110627025210364;226.075;11.636370660188751
6372;10.549587604817049;2.0110627025210364;205.64749999999998;13.013098798546535
6373;10.606735144755486;2.0110627025210364;206.275;14.335399101148967
6374;10.605510296763532;2.0110627025210364;216.1025;15.658730779313496
6375;10.549596796050059;2.0110627025210364;242.4625;17.03504794998801
6376;10.606737532176881;2.0110627025210364;286.87;18.35694378962497
6377;10.605499504137272;2.0110627025210364;325.08500000000004;19.6798835663156
6378;10.549605982283673;2.0110627025210364;351.735;21.055789894789477
6379;10.606739915445752;0.10168266784030996;354.73;10.527368526326315
6380;10.605488719923283;0.10147298178624337;343.38;0.0
6381;10.549615163522379;1.7679947984425184;321.5825;0.0
6382;10.60674229456864;2.0110627025210364;299.78;1.3235948201597918
6383;10.605477944111561;2.0110627025210364;288.3275;2.648258413771793
6384;10.549624339770665;2.0110627025210364;274.0625;4.0258504651482845
6385;10.60674466955208;2.0110627025210364;264.75;5.349040444027294
6386;10.60546717669214;2.0110627025210364;263.465;6.673311722125359
6387;10.549633511033013;2.0110627025210364;255.7375;8.050492555471784
6388;10.606747040402587;2.0110627025210364;258.04;9.373277817833781
6389;10.605456417655049;2.0110627025210364;263.57;10.697156893279702
6390;10.549642677313898;2.0110627025210364;280.33500000000004;12.073926634142172
6391;10.606749407126674;1.7775698439716308;283.0925;12.072719241478758
6392;10.605445666990354;1.7773513520414697;265.14250000000004;12.07151196955461
6393;10.549651838617782;1.7680009447688914;238.3775;12.070304818357656
6394;10.606751769730831;2.0110627025210364;203.51;13.39268360663153
6395;10.605434924688117;2.0110627025210364;155.10250000000002;14.716181159817156
6396;10.549660994949136;2.0110627025210364;127.5975;16.092531596499494
6397;10.606754128221544;2.0110627025210364;124.65;17.41450592152938
6398;10.605424190738432;2.0110627025210364;128.96499999999997;18.737611489735716
6399;10.549670146312412;2.0110627025210364;139.22;20.11355108958995
6400;10.60675648260528;2.0110627025210364;158.1175;21.435121076005977
6401;10.605413465131406;2.0110627025210364;195.1725;22.75783477202354
6402;10.549679292712067;2.0110627025210364;237.755;24.133363660469872
6403;10.606758832888499;1.7775714236214681;238.035;24.130950324103825
6404;10.605402747857154;1.7773441592858028;224.42000000000002;24.128537229071416
6405;10.549688434152536;1.8200261599047691;205.7125;24.42100207144736
6406;10.606761179077642;2.0110627025210364;192.4475;25.742136851116456
6407;10.60539203890581;2.0110627025210364;175.24;27.064440200470823
6408;10.549697570638275;2.0110627025210364;153.04500000000002;28.43952106434442
6409;10.606763521179147;2.0110627025210364;147.915;29.760251767117794
6410;10.605381338267529;2.0110627025210364;148.47;31.08216347058693
6411;10.549706702173712;2.0110627025210364;148.0275;32.456833887174845
6412;10.606765859199434;2.0110627025210364;158.79250000000002;33.777160637546665
6413;10.605370645932481;2.0110627025210364;190.1625;35.09868080784705
6414;10.549715828763276;2.0110627025210364;211.305;36.47294090244116
6415;10.606768193144909;2.0110627025210364;214.0725;37.792863824863254
6416;10.605359961890844;1.7773369888473831;208.5875;37.789084538480765
6417;10.549724950411393;1.7680131974689952;200.6675;37.78530563002692
6418;10.606770523021968;2.0110627025210364;187.4125;39.10509510259305
6419;10.605349286132826;2.0110627025210364;184.1475;40.42610277125661
6420;10.549734067122483;2.0110627025210364;173.065;41.79981279721313
6421;10.606772848836998;2.0110627025210364;163.97;43.11919860953826
6422;10.605338618648632;2.0110627025210364;175.5225;44.43981500196111
6423;10.549743178900957;2.0110627025210364;181.325;45.813115000505
6424;10.606775170596368;2.0110627025210364;197.8275;47.1320972769384
6425;10.6053279594285;2.0110627025210364;229.1775;48.452322505753635
6426;10.549752285751223;2.0110627025210364;245.6925;49.8252126020394
6427;10.606777488306438;1.7775745500560696;247.0475;49.8202300807792
6428;10.605317308462674;1.7773298406208389;247.915;49.81524805777112
6429;10.549761387677687;0.09213371850373378;250.875;39.28395074349166
6430;10.606779801973554;1.7775749378002066;255.55;39.28002234841731
6431;10.605306665741416;2.0110627025210364;255.6875;40.60105301372812
6432;10.549770484684744;2.0110627025210364;249.62;41.97471094797624
6433;10.606782111604053;2.0110627025210364;249.0;43.29407047085759
6434;10.605296031255005;2.0110627025210364;255.0925;44.61470983411825
6435;10.549779576776784;2.0110627025210364;260.19;45.987957765196896
6436;10.606784417204258;2.0110627025210364;274.23;47.30691377307633
6437;10.605285404993738;2.0110627025210364;289.69;48.62716194695498
6438;10.549788663958196;2.0110627025210364;289.93;50.0
6439;10.606786718780485;1.77757609697791;285.8725;49.995
6440;10.605274786947916;0.10143712906727674;273.81;39.463684710526316
6441;10.549797746233356;1.748033806710483;257.15250000000003;39.33417022653323
6442;10.606789016339025;2.0110627025210364;236.51;40.6537872439885
6443;10.605264177107875;2.0110627025210364;208.89249999999998;41.97472089701162
6444;10.549806823606643;2.0110627025210364;204.86;43.34820694249561
6445;10.606791309886173;2.0110627025210364;202.7625;44.6674203774095
6446;10.605253575463943;2.0110627025210364;199.6925;45.98796273868101
6447;10.549815896082425;2.0110627025210364;208.3425;47.36103884112884
6448;10.6067935994282;2.0110627025210364;236.61;48.679848817787935
6449;10.605242982006486;2.0110627025210364;264.145;50.0
6450;10.549824963665069;1.768029958546014;273.4375;49.995
6451;10.606795884971365;1.0866612506480902;269.295;45.65032236844928
6452;10.605232396725873;0.10143002495106812;282.2325;35.11944154673875
6453;10.549834026358933;0.09214589191561828;290.64750000000004;24.58961381311039
6454;10.606798166521926;1.7775780154883967;295.3625;24.58715485172908
6455;10.605221819612488;2.0110627025210364;300.8925;25.909735407612043
6456;10.54984308416837;2.0110627025210364;296.66499999999996;27.28479350411133
6457;10.606800444086122;2.0110627025210364;306.22749999999996;28.605604602879104
6458;10.605211250656737;2.0110627025210364;303.3275;29.927793354294916
6459;10.549852137097723;2.0110627025210364;295.8225;31.30244104471665
6460;10.60680271767018;2.0110627025210364;296.595;32.62284821882551
6461;10.605200689849037;2.0110627025210364;304.4425;33.944645278647045
6462;10.549861185151343;2.0110627025210364;301.125;35.3188826882254
6463;10.60680498728031;2.0110627025210364;291.18;36.638886062040285
6464;10.605190137179818;2.0110627025210364;269.915;37.96029154311325
6465;10.549870228333567;2.0110627025210364;252.22750000000002;39.33411879704205
6466;10.60680725292272;2.0110627025210364;221.6;40.65371849488576
6467;10.605179592639535;2.0110627025210364;200.12;41.974732510028716
6468;10.54987926664872;2.0110627025210364;195.2275;43.348149733461426
6469;10.606809514603608;2.0110627025210364;197.3825;44.66734587961465
6470;10.605169056218644;2.0110627025210364;195.35250000000002;45.98796854161898
6471;10.54988830010114;2.0110627025210364;205.01749999999998;47.36097585966874
6472;10.60681177232915;2.0110627025210364;243.155;48.67976857837009
6473;10.605158527907628;2.0110627025210364;292.55;50.0
6474;10.549897328695137;1.768042086097092;315.46500000000003;49.995
6475;10.606814026105518;0.10169508793895277;318.34749999999997;39.463684710526316
6476;10.605148007696977;0.10141588231535864;332.3075;28.933422552581575
6477;10.54990635243503;1.7680435983726535;340.755;28.930529210326316
6478;10.606816275938861;1.7775810504194767;349.46500000000003;28.927636157405285
6479;10.60513749557721;1.7772997060385567;360.48249999999996;28.924743393789544
6480;10.549915371325136;2.0110627025210364;362.1175;30.299431316691287
6481;10.606818521835331;2.0110627025210364;367.505;31.619923777816055
6482;10.605126991538844;2.0110627025210364;376.195;32.941891143476376
6483;10.549924385369753;2.0110627025210364;385.7975;34.31616878826076
6484;10.60682076380106;2.0110627025210364;384.4575;35.63625744577092
6485;10.605116495572421;1.9560793924293622;384.145;36.64615229797946
6486;10.549933394573186;1.7680481303256068;385.545;36.64248768274967
6487;10.606823001842173;1.7775821776039176;371.1575;36.63882343398139
6488;10.60510600766849;2.0110627025210364;324.695;37.96030884435293
6489;10.54994239893973;2.0110627025210364;256.97249999999997;39.33406753447575
6490;10.606825235964774;2.0110627025210364;193.0075;40.653650153555766
6491;10.605095527817637;2.0110627025210364;143.3075;41.97474403711365
6492;10.549951398473668;2.0110627025210364;124.0825;43.348092734159955
6493;10.606827466174968;2.0110627025210364;125.08;44.66727183202032
6494;10.605085056010427;2.0110627025210364;132.81;45.98797430162721
6495;10.549960393179292;2.0110627025210364;159.98250000000002;47.36091313067672
6496;10.606829692478842;2.0110627025210364;244.32;48.67968883150875
6497;10.605074592237473;2.0110627025210364;334.44;50.0
6498;10.549969383060876;1.768936206629349;382.0575;50.0
6499;10.60683191488247;1.7495911342216202;373.9525;49.81917756445549
6500;10.605064136489386;0.10140182646057509;368.04;39.287879857225356
6501;10.549978368122696;1.768055667377942;373.815;39.283951069239635
6502;10.606834133391917;1.7775840431242937;380.7125;39.28002267413271
6503;10.605053688756794;2.0110627025210364;391.9425;40.601293667546344
6504;10.549987348369015;2.0110627025210364;410.4425;41.97474555722902
6505;10.60683634801324;2.0110627025210364;419.2825;43.29405355206072
6506;10.605043249030347;2.0110627025210364;427.9575;44.61493306012668
6507;10.549996323804109;2.0110627025210364;434.5225;45.98797505920677
6508;10.606838558752477;2.0110627025210364;437.325;47.306879630886
6509;10.605032817300696;2.0110627025210364;439.9525;48.62736776648726
6510;10.550005294432221;2.0110627025210364;424.03;50.0
6511;10.606840765615658;1.7775851546091104;409.4925;49.995
6512;10.605022393558526;0.10139483082296297;386.735;39.463684710526316
6513;10.550014260257615;1.748045607471254;353.5025;39.33401643816466
6514;10.606842968608802;2.0110627025210364;320.68;40.653582216342485
6515;10.605011977794522;2.0110627025210364;259.985;41.97475547921606
6516;10.550023221284532;2.0110627025210364;206.36;43.34803594344783
6517;10.60684516773792;2.0110627025210364;196.9225;44.667198230502464
6518;10.60500156999939;2.0110627025210364;221.525;45.98798001917999
6519;10.550032177517217;2.0110627025210364;274.275;47.36085065253672
6520;10.606847363009003;2.0110627025210364;335.5825;48.67960957261291
6521;10.604991170163842;2.0110627025210364;384.21;50.0
6522;10.550041128959904;1.7689482304211486;409.4375;50.0
6523;10.606849554428043;0.10170104207931231;406.1625;39.46868421052631
6524;10.604980778278616;0.10138785657818947;400.5875;28.938421552631574
6525;10.550050075616829;0.7928627140334924;401.17;22.81021965229325
6526;10.606851742001005;2.0110627025210364;412.1425;24.131429475427066
6527;10.604970394334465;2.0110627025210364;418.365;25.45429445786178
6528;10.550059017492218;2.0110627025210364;419.245;26.829192961798388
6529;10.606853925733857;2.0110627025210364;413.2075;28.149998813055042
6530;10.604960018322146;2.0110627025210364;413.705;29.4724717957677
6531;10.550067954590288;2.0110627025210364;415.8575;30.84695999172735
6532;10.606856105632552;2.0110627025210364;423.9475;32.16736199537725
6533;10.604949650232438;2.0110627025210364;428.495;33.48944309145689
6534;10.550076886915262;2.0110627025210364;417.88;34.86352110457825
6535;10.60685828170303;2.0110627025210364;401.24;36.18351938484991
6536;10.604939290056135;0.10138090362678741;384.2875;25.65358524343774
6537;10.550085814471347;0.09218808872243596;362.3375;15.124704095439714
6538;10.60686045395121;2.0110627025210364;317.795;16.44667419377652
6539;10.604928937784045;2.0110627025210364;277.1;17.7703470354623
6540;10.550094737262746;2.0110627025210364;242.84;19.145980000359145
6541;10.606862622383025;2.0110627025210364;247.91;20.467545911095236
6542;10.604918593406984;2.0110627025210364;256.7125;21.790826492767494
6543;10.550103655293668;2.0110627025210364;298.2825;23.16604893758923
6544;10.606864787004367;2.0110627025210364;346.995;24.48721078504132
6545;10.604908256915797;2.0110627025210364;391.135;25.81009921989281
6546;10.550112568568302;1.768078157837177;416.1625;25.80751820997082
6547;10.606866947821144;0.10170395701299027;409.695;15.278621668676138
6548;10.604897928301328;0.10137397186992048;403.7375;4.750778017035588
6549;10.55012147709084;1.7680796508036278;407.01250000000005;4.750302939233885
6550;10.60686910483923;2.0110627025210364;409.03249999999997;6.073302259342692
6551;10.604887607554444;2.0110627025210364;412.7425;7.3980517019400365
6552;10.550130380865468;2.0110627025210364;424.1675;8.774688034947648
6553;10.606871258064512;2.0110627025210364;430.065;10.097282870982866
6554;10.604877294666025;2.0110627025210364;435.8975;11.421639712763044
6555;10.550139279896367;2.0110627025210364;427.3675;12.797865232890219
6556;10.606873407502837;2.0110627025210364;415.63;14.120055709239233
6557;10.604866989626963;2.0110627025210364;444.51750000000004;15.444020063522695
6558;10.55014817418771;2.0110627025210364;433.4425;16.819834896038017
6559;10.606875553160068;2.0110627025210364;413.1575;18.14162113704635
6560;10.604856692428168;0.10136706120937723;386.015;7.613491185458964
6561;10.550157063743667;2.0110627025210364;338.975;8.990080625783936
6562;10.606877695042039;2.0110627025210364;292.4175;10.31264780743142
6563;10.604846403060563;2.0110627025210364;243.32;11.637012459743142
6564;10.550165948568402;2.0110627025210364;201.0125;13.013191107357187
6565;10.606879833154585;2.0110627025210364;194.2125;14.335353946749596
6566;10.604836121515085;2.0110627025210364;221.2875;15.65932609591559
6567;10.550174828666082;2.0110627025210364;279.725;17.03509407607322
6568;10.606881967503519;2.0110627025210364;341.0825;18.35685269753727
6569;10.604825847782683;2.0110627025210364;397.52250000000004;19.68043245687397
6570;10.55018370404085;2.0110627025210364;429.24;21.055789894789477
6571;10.606884098094651;0.10170683120260596;423.245;10.527368526326315
6572;10.604815581854327;0.1013601715475663;424.145;0.0
6573;10.550192574696863;1.7680915659489371;416.15250000000003;-0.0
6574;10.60688622493378;2.0110627025210364;398.845;1.3234580863129095
6575;10.604805323720994;2.0110627025210364;380.4425;2.6487606829693338
6576;10.55020144063827;2.0110627025210364;370.1525;4.02580443829468
6577;10.606888348026688;2.0110627025210364;373.1625;5.348857927225497
6578;10.604795073373676;2.0110627025210364;380.49;6.673767721727781
6579;10.5502103018692;2.0110627025210364;388.685;8.050400558179868
6580;10.606890467379156;2.0110627025210364;397.9475;9.373049574113853
6581;10.604784830803386;2.0110627025210364;406.84000000000003;10.697566679893226
6582;10.550219158393794;2.0110627025210364;398.6575;12.073788722751132
6583;10.606892582996943;2.0110627025210364;381.0375;13.39603339003176
6584;10.604774596001144;0.10135330278751077;360.955;2.868377997219074
6585;10.550228010216184;2.0110627025210364;322.0625;4.245374549713977
6586;10.606894694885808;2.0110627025210364;256.205;5.568400052117489
6587;10.604764368957987;2.0110627025210364;189.3475;6.893317061602189
6588;10.550236857340485;2.0110627025210364;156.375;8.269902715422567
6589;10.606896803051487;2.0110627025210364;150.16750000000002;9.592523762252112
6590;10.604754149664968;2.0110627025210364;157.8625;10.917048067694168
6591;10.550245699770825;2.0110627025210364;182.52249999999998;12.293222948105115
6592;10.606898907499717;2.0110627025210364;249.5175;13.615439663685573
6593;10.604743938113147;2.0110627025210364;337.9375;14.939571378511715
6594;10.550254537511313;2.0110627025210364;381.745;16.315335610738117
6595;10.606901008236221;0.8563577980782164;372.79999999999995;10.527368526326315
6596;10.604733734293605;0.10134645483284463;352.9525;0.0
6597;10.550263370566057;1.7681034305266061;326.9675;0.0
6598;10.606903105266705;1.7775956020213692;310.0125;0.0
6599;10.60472353819744;1.7772303315179825;283.6925;0.0
6600;10.550272198939169;1.76810491006093;252.24;0.0
6601;10.606905198596873;1.7775959528395548;232.17000000000002;0.0
6602;10.604713349815748;2.0110627025210364;210.2225;1.3255223176750393
6603;10.550281022634742;2.0110627025210364;203.48;2.7026227939402667
6604;10.606907288232414;2.0110627025210364;207.35;4.025790607840079
6605;10.604703169139658;2.0110627025210364;214.6875;5.350920018096621
6606;10.550289841656872;2.0110627025210364;223.275;6.727609576520783
6607;10.606909374179006;1.7775966526193454;224.825;6.726936815563131
6608;10.604692996160304;0.7063425498819729;192.6525;0.0
6609;10.55029865600965;1.7681093439632354;136.705;-0.0
6610;10.60691145644232;2.0110627025210364;96.4775;1.3234341163797954
6611;10.604682830868827;2.0110627025210364;83.2;2.6488530836427717
6612;10.550307465697157;2.0110627025210364;75.97749999999999;4.025796105922108
6613;10.60691353502801;2.0110627025210364;73.33500000000001;5.348825668034907
6614;10.604672673256406;2.0110627025210364;78.0475;6.673851745874518
6615;10.550316270723476;2.0110627025210364;86.8175;8.050383903512628
6616;10.606915609941728;2.0110627025210364;108.03;9.373009035677635
6617;10.604662523314198;2.0110627025210364;145.39;10.69764233762558
6618;10.55032507109268;1.768113770828924;173.04500000000002;10.696572573391817
6619;10.606917681189106;0.10171245934499705;160.185;0.16918712666079472
6620;10.60465238103341;1.7502849646578413;129.3225;0.0
6621;10.550333866808836;1.7681152448903161;114.36;0.0
6622;10.606919748775773;1.7775983912830633;111.64750000000001;0.0
6623;10.604642246405232;1.7772167079437051;104.595;0.0
6624;10.55034265787601;1.7681167181725919;97.585;0.0
6625;10.606921812707347;1.7775987371743804;92.80250000000001;-0.0
6626;10.604632119420891;1.777215010776997;92.6525;-0.0
6627;10.550351444298267;1.8476900638614393;92.72749999999999;0.4510646799684183
6628;10.606923872989427;1.7775990824540846;94.27000000000001;0.4510195735004215
6629;10.604622000071616;2.0110627025210364;89.9925;1.7765835714750358
6630;10.550360226079649;2.0110627025210364;85.46000000000001;3.153563698342222
6631;10.606925929627613;2.0110627025210364;74.68;4.476668708826156
6632;10.604611888348654;2.0110627025210364;68.0875;5.801839748024053
6633;10.550369003224217;2.0110627025210364;77.605;7.178409010986243
6634;10.606927982627493;2.0110627025210364;74.06;8.501109586589026
6635;10.60460178424326;2.0110627025210364;65.1175;9.82588778059927
6636;10.55037777573601;2.0110627025210364;61.3125;11.202046304872
6637;10.606930031994635;2.0110627025210364;61.5975;12.52434256984661
6638;10.604591687746707;2.0110627025210364;61.97;13.848728032230254
6639;10.550386543619073;2.0110627025210364;62.9025;15.22447594298891
6640;10.606932077734609;2.0110627025210364;64.6125;16.546368021546733
6641;10.604581598850281;2.0110627025210364;67.2025;17.870360865836812
6642;10.550395306877435;2.0110627025210364;72.8425;19.245698288216666
6643;10.606934119852962;2.0110627025210364;76.4075;20.567186304527528
6644;10.604571517545287;2.0110627025210364;75.28;21.890786644229053
6645;10.550404065515135;2.0110627025210364;75.5525;23.265713703325254
6646;10.60693615835524;2.0110627025210364;75.8425;24.586797781517443
6647;10.604561443823034;2.0110627025210364;73.2925;25.91000573010741
6648;10.55041281953619;2.0110627025210364;76.7625;27.284522550975023
6649;10.606938193246974;2.0110627025210364;77.69;28.6052028151353
6650;10.604551377674852;2.0110627025210364;81.685;29.92801848606268
6651;10.550421568944623;2.0110627025210364;80.805;31.30212519371668
6652;10.606940224533695;2.0110627025210364;82.22;32.6224017678903
6653;10.604541319092077;2.0110627025210364;82.6275;33.94482527457604
6654;10.550430313744448;2.0110627025210364;81.575;35.31852199399136
6655;10.60694225222091;2.0110627025210364;78.75;36.638395002182094
6656;10.604531268066065;2.0110627025210364;73.22999999999999;37.960426458019114
6657;10.550439053939678;2.0110627025210364;70.0775;39.33371331413062
6658;10.606944276314115;2.0110627025210364;66.4975;40.6531828803008
6659;10.604521224588186;2.0110627025210364;65.36;41.97482239865399
6660;10.550447789534315;2.0110627025210364;62.72;43.34769951635653
6661;10.606946296818819;2.0110627025210364;62.11;44.66676576442702
6662;10.60451118864982;2.0110627025210364;63.445;45.98801345863325
6663;10.55045652053236;2.0110627025210364;67.485;47.360480962781644
6664;10.606948313740489;2.0110627025210364;72.055;48.6791440166319
6665;10.604501160242359;2.0110627025210364;83.6325;50.0
6666;10.550465246937817;1.7690193077417191;110.485;50.0
6667;10.606950327084604;1.777603515857763;133.665;49.995
6668;10.604491139357206;0.10130579869714361;129.55;39.463684710526316
6669;10.55047396875467;1.7681387243734674;127.005;39.45973834205526
6670;10.606952336856624;2.0110627025210364;119.1025;40.77918764820726
6671;10.604481125985792;2.0110627025210364;105.105;42.10085265975594
6672;10.550482685986907;2.0110627025210364;104.6875;43.4736840228024
6673;10.606954343062;2.0110627025210364;93.42;44.79273002849122
6674;10.604471120119548;2.0110627025210364;96.78999999999999;46.1140031913748
6675;10.550491398638508;2.0110627025210364;102.425;47.48642496234908
6676;10.606956345706182;2.0110627025210364;107.26;48.80506779143198
6677;10.60446112174992;1.9888441256154863;125.78999999999999;50.0
6678;10.550500106713454;1.7690251498412692;161.45499999999998;50.0
6679;10.606958344794588;1.7784869045791878;200.485;50.0
6680;10.604451130868373;1.7780667242113335;221.6075;50.0
6681;10.550508810215714;1.7681445634037014;220.5025;49.995
6682;10.606960340332648;0.7115435878065932;226.3725;43.294017662642716
6683;10.604441147466375;2.0110627025210364;226.1575;44.6154691707834
6684;10.550517509149255;2.0110627025210364;225.45749999999998;45.98801599017453
6685;10.606962332325775;2.0110627025210364;228.2425;47.30680297286603
6686;10.604431171535417;2.0110627025210364;236.925;48.627862679610104
6687;10.550526203518041;2.0110627025210364;254.20749999999998;50.0
6688;10.606964320779367;1.778487906085863;281.185;50.0
6689;10.604421203067;1.778061708654241;297.1225;50.0
6690;10.550534893326027;1.7690309796795272;315.8775;50.0
6691;10.606966305698817;1.7776061936906864;326.2275;49.995
6692;10.60441124205264;0.10129240882303986;343.6;39.463684710526316
6693;10.550543578577162;1.7681503901832796;361.4875;39.45973834205526
6694;10.606968287089504;1.9805099238577442;383.3375;40.60597964758282
6695;10.604401288483865;1.7771763261529936;398.475;40.60191904961806
6696;10.550552259275406;2.0110627025210364;405.92999999999995;41.974834211401465
6697;10.606970264956805;2.0110627025210364;415.64;43.29401497627136
6698;10.604391342352207;2.0110627025210364;422.51;44.61551379953914
6699;10.550560935424693;2.0110627025210364;427.1675;45.98801935950573
6700;10.60697223930608;2.0110627025210364;423.8225;47.306796930229005
6701;10.604381403649224;2.0110627025210364;422.9275;48.62790391706922
6702;10.550569607028963;2.0110627025210364;413.295;50.0
6703;10.606974210142678;1.7784895634300049;408.965;50.0
6704;10.604371472366486;0.10128574387866358;398.8875;39.46868421052631
6705;10.550578274092153;0.0922706193204278;384.2525;28.938421552631574
6706;10.606976177471944;0.10172226265271803;364.2125;18.40921192100263
6707;10.604361548495564;1.7771696661856375;345.61;18.407370999810528
6708;10.55058693661819;2.0110627025210364;330.0675;19.782472672923266
6709;10.606978141299216;2.0110627025210364;328.1925;21.10386519142172
6710;10.604351632028058;2.0110627025210364;338.255;22.42762075447592
6711;10.550595594610998;2.0110627025210364;352.0225;23.802312177520026
6712;10.60698010162981;2.0110627025210364;366.8325;25.123300849753953
6713;10.604341722955567;2.0110627025210364;390.2075;26.446663882861188
6714;10.550604248074498;1.7681605576968855;406.55;26.444019216472903
6715;10.606982058469038;0.10172324824054377;405.6675;15.915059025077573
6716;10.60433182126972;0.10127909880851206;419.375;5.387151729701383
6717;10.550612897012602;1.7681620071599553;423.975;5.386613014528413
6718;10.606984011822208;2.0110627025210364;429.1975;6.709439541995863
6719;10.604321926962143;2.0110627025210364;439.6;8.034662767427628
6720;10.550621541429223;2.0110627025210364;446.0575;9.410768836793123
6721;10.606985961694612;2.0110627025210364;439.7275;10.733191096299562
6722;10.604312040024475;2.0110627025210364;435.19;12.058021339166682
6723;10.55063018132826;2.0110627025210364;436.2825;13.433716864770917
6724;10.606987908091535;2.0110627025210364;439.135;14.75573498039748
6725;10.604302160448377;2.0110627025210364;447.875;16.080172354473483
6726;10.55063881671363;2.0110627025210364;436.7425;17.455457461360087
6727;10.606989851018245;2.0110627025210364;426.3725;18.77707155714662
6728;10.60429228822552;1.7771580589568168;412.65999999999997;18.775193849990906
6729;10.55064744758921;0.43001174146216714;394.6975;10.368295520558549
6730;10.606991790480011;2.0110627025210364;372.5775;11.690616490050482
6731;10.604282423347586;2.0110627025210364;345.095;13.015379126221271
6732;10.550656073958901;2.0110627025210364;323.33000000000004;14.390954318047692
6733;10.606993726482091;2.0110627025210364;316.0375;15.712871182457901
6734;10.604272565806275;2.0110627025210364;329.0525;17.037240957823695
6735;10.550664695826589;2.0110627025210364;350.7575;18.41240577269265
6736;10.606995659029725;2.0110627025210364;386.97249999999997;19.73391865603714
6737;10.604262715593288;2.0110627025210364;415.3125;21.057895684357913
6738;10.55067331319616;1.7681721322210706;434.885;21.055789894789477
6739;10.606997588128152;0.10172585083372938;441.02250000000004;10.527368526326315
6740;10.604252872700348;0.10126586793157184;447.64;-0.0
6741;10.55068192607148;1.7681735756404302;460.4625;0.0
6742;10.606999513782593;1.7776117589855784;467.6975;-0.0
6743;10.604243037119197;2.0110627025210364;468.185;1.325969114736763
6744;10.550690534456429;2.0110627025210364;474.46500000000003;2.7026805100916818
6745;10.60700143599827;2.0110627025210364;480.51250000000005;4.025758877842316
6746;10.60423320884157;2.0110627025210364;481.9975;5.35133475355504
6747;10.550699138354878;2.0110627025210364;474.075;6.727635438642551
6748;10.607003354780389;2.0110627025210364;469.1625;8.050309488057318
6749;10.604223387859237;2.0110627025210364;466.0825;9.375492238642236
6750;10.550707737770686;2.0110627025210364;451.305;10.75138233853622
6751;10.607005270134145;1.7776127236842374;430.965;10.750307200302368
6752;10.604213574163962;1.7418221496225579;411.2325;10.527368526326315
6753;10.55071633270771;0.09229375636480343;386.84749999999997;0.0
6754;10.607007182064727;1.7776130441019278;361.8225;0.0
6755;10.604203767747535;2.0110627025210364;330.1825;1.3260064206398419
6756;10.550724923169811;2.0110627025210364;320.915;2.702685142986457
6757;10.607009090577309;2.0110627025210364;323.555;4.025756238423715
6758;10.604193968601757;2.0110627025210364;326.0225;5.351369392628203
6759;10.550733509160834;2.0110627025210364;332.8275;6.727637421986148
6760;10.607010995677069;2.0110627025210364;352.4325;8.050304212350735
6761;10.60418417671843;2.0110627025210364;369.0325;9.37552421404699
6762;10.550742090684624;1.7681836585412225;372.9275;9.374586661625585
6763;10.607012897369158;0.28524346161669656;367.53;0.0
6764;10.604174392089377;1.7771383009133024;365.71999999999997;0.0
6765;10.55075066774502;1.7681850959584107;351.7125;-0.0
6766;10.607014795658733;2.0110627025210364;345.025;1.3233359441242036
6767;10.604164614706436;2.0110627025210364;334.45;2.649247226558677
6768;10.550759240345863;2.0110627025210364;321.47749999999996;4.025761023507451
6769;10.607016690550934;2.0110627025210364;311.875;5.348692591381713
6770;10.604154844561458;2.0110627025210364;316.24;6.674210619789189
6771;10.550767808490981;2.0110627025210364;313.2625;8.050313780660778
6772;10.60701858205088;2.0110627025210364;312.0025;9.372841096334376
6773;10.604145081646296;2.0110627025210364;317.9375;10.697965984660762
6774;10.550776372184199;2.0110627025210364;316.925;12.073658634487305
6775;10.607020470163715;2.0110627025210364;325.7875;13.395781821968328
6776;10.604135325952827;1.7771317538757903;322.2725;13.39444224378613
6777;10.550784931429341;1.7681908381598765;301.42;13.393102799561753
6778;10.60702235489453;2.0110627025210364;282.945;14.715092252131992
6779;10.60412557747294;2.0110627025210364;283.44;16.039701444307486
6780;10.550793486230228;2.0110627025210364;287.7625;17.41484366224434
6781;10.60702423624844;2.0110627025210364;282.34749999999997;18.7364291534421
6782;10.604115836198522;2.0110627025210364;284.1775;20.06064546613816
6783;10.550802036590662;2.0110627025210364;293.78;21.435377466830417
6784;10.60702611423054;2.0110627025210364;325.405;22.75655912056472
6785;10.604106102121495;2.0110627025210364;345.635;24.080382667637245
6786;10.55081058251446;1.7681951369882567;350.0225;24.07797462937048
6787;10.60702798884591;1.7776165310803942;346.5925;24.075566831907544
6788;10.604096375233775;1.77712522618093;339.22;24.073159275224352
6789;10.550819124005423;1.768196568444415;333.495;24.07075195929683
6790;10.607029860099626;1.8690310291737706;343.4325;24.586539419711343
6791;10.604086655527295;2.0110627025210364;333.1925;25.91019844301844
6792;10.550827661067354;2.0110627025210364;301.26;27.284321145160153
6793;10.607031727996757;2.0110627025210364;290.26;28.60491257144872
6794;10.604076942994004;2.0110627025210364;283.515;29.92817898434727
6795;10.550836193704043;2.0110627025210364;273.445;31.301891782429994
6796;10.607033592542356;2.0110627025210364;271.7325;32.62207968033651
6797;10.604067237625864;2.0110627025210364;275.45;33.944953596623904
6798;10.550844721919283;2.0110627025210364;305.7725;35.31825661544092
6799;10.607035453741474;2.0110627025210364;328.075;36.63804110872498
6800;10.604057539414844;2.0110627025210364;325.1925;37.960522642170005
6801;10.550853245716862;2.0110627025210364;293.9575;39.33341600647477
6802;10.607037311599148;2.0110627025210364;245.6875;40.65279721885493
6803;10.604047848352929;2.0110627025210364;212.7225;41.974886483197764
6804;10.550861765100553;2.0110627025210364;195.51999999999998;43.34737031770392
6805;10.607039166120414;2.0110627025210364;188.045;44.666348372857755
6806;10.604038164432112;2.0110627025210364;190.2275;45.98804548180996
6807;10.550870280074141;2.0110627025210364;235.92000000000002;47.36011991119135
6808;10.607041017310282;2.0110627025210364;311.0025;48.67869493275546
6809;10.604028487644404;2.0110627025210364;370.9675;50.0
6810;10.550878790641395;1.7682065678899306;396.7425;49.995
6811;10.607042865173769;0.1017334387485394;403.135;39.463684710526316
6812;10.604018817981826;0.10122664303867444;419.58;28.933422552581575
6813;10.550887296806081;1.288173898164674;422.615;25.915412593565247
6814;10.607044709715876;1.7776193333068893;429.98;25.91282105230589
6815;10.604009155436415;1.7771106091408142;413.9;25.91022977020066
6816;10.550895798571961;2.0110627025210364;395.745;27.28428773858028
6817;10.607046550941599;2.0110627025210364;379.0625;28.604865086411902
6818;10.603999500000203;2.0110627025210364;352.8075;29.92820507490307
6819;10.550904295942798;2.0110627025210364;345.51;31.30185317324992
6820;10.607048388855915;2.0110627025210364;327.7325;32.622027018519475
6821;10.603989851665258;2.0110627025210364;327.3775;33.94497445673562
6822;10.550912788922346;2.0110627025210364;344.6125;35.318212809813716
6823;10.60705022346381;2.0110627025210364;345.92;36.63798327624212
6824;10.603980210423646;2.0110627025210364;326.575;37.96053827801203
6825;10.550921277514352;2.0110627025210364;299.655;39.3333670105456
6826;10.607052054770243;2.0110627025210364;249.51749999999998;40.652734221812814
6827;10.603970576267448;2.0110627025210364;213.3475;41.97489690093656
6828;10.550929761722564;2.0110627025210364;198.7575;43.34731613761003
6829;10.607053882780173;2.0110627025210364;201.8875;44.6662802173551
6830;10.603960949188759;2.0110627025210364;224.31;45.988050687604044
6831;10.55093824155072;2.0110627025210364;275.645;47.3600605530621
6832;10.607055707498546;2.0110627025210364;342.435;48.67862162488318
6833;10.60395132917968;2.0110627025210364;404.3475;50.0
6834;10.550946717002558;1.7682179515708851;439.4025;49.995
6835;10.607057528930302;1.7776214816605564;448.22249999999997;49.9900005
6836;10.603941716232331;1.7770993071018124;465.4775;49.98500149995
6837;10.550955188081812;0.7055996098381306;476.45500000000004;43.30563855050211
6838;10.607059347080375;1.7776217863617065;480.96500000000003;43.30130798664706
6839;10.60393211033884;1.7770976972639687;478.1025;43.2969778558484
6840;10.550963654792202;2.0110627025210364;477.4675;44.66923268601022
6841;10.607061161953679;2.0110627025210364;476.085;45.98805765888562
6842;10.603922511491353;2.0110627025210364;489.0675;47.30973246720295
6843;10.55097211713746;2.0110627025210364;488.4775;48.68157798267565
6844;10.607062973555134;2.0110627025210364;499.8575;50.0
6845;10.603912919682017;1.7770944811294542;497.57;49.995
6846;10.550980575121299;1.769987627689626;469.33500000000004;50.0
6847;10.607064781889637;1.7785047422185225;459.4075;50.0
6848;10.603903334902997;0.10120728939595726;446.475;39.46868421052631
6849;10.550989028747434;1.0639655140510909;431.2425;35.041250286066706
6850;10.60706658696209;2.0110627025210364;409.3425;36.36103290342412
6851;10.603893757146475;2.0110627025210364;384.0975;37.68369773084463
6852;10.550997478019577;2.0110627025210364;371.94;39.05648175695295
6853;10.607068388777373;2.0110627025210364;370.3675;40.37586113943875
6854;10.603884186404633;2.0110627025210364;382.2575;41.6981335762404
6855;10.551005922941435;2.0110627025210364;402.78499999999997;43.07050813608842
6856;10.607070187340366;2.0110627025210364;415.8475;44.38948440730147
6857;10.603874622669679;2.0110627025210364;434.6225;45.711364567324544
6858;10.551014363516705;1.7682292883526813;441.695;45.70679343086781
6859;10.607071982655931;0.1017383185054034;438.2875;35.17590696205104
6860;10.603865065933823;0.10120087595457644;449.0575;24.64607358188115
6861;10.551022799749088;1.768230702168706;457.83000000000004;24.643608974522962
6862;10.607073774728939;2.0110627025210364;467.27750000000003;25.964424527633017
6863;10.603855516189283;2.0110627025210364;469.425;27.288165344800436
6864;10.55103123164227;2.0110627025210364;468.27750000000003;28.6619568582058
6865;10.607075563564234;2.0110627025210364;461.87;29.98236887713396
6866;10.603845973428301;2.0110627025210364;457.1175;31.305716965489363
6867;10.551039659199942;2.0110627025210364;449.9825;32.67909871755287
6868;10.607077349166655;2.0110627025210364;440.4775;33.999107325972794
6869;10.603836437643121;2.0110627025210364;434.0;35.322062799479234
6870;10.551048082425792;2.0110627025210364;427.6875;36.695034914894784
6871;10.607079131541044;2.0110627025210364;418.565;38.014640236439305
6872;10.60382690882601;2.0110627025210364;403.6375;39.33720320903095
6873;10.551056501323492;1.768236350166981;390.99;39.33326948871005
6874;10.607080910692217;2.0110627025210364;373.1425;40.65260929660358
6875;10.603817386969233;2.0110627025210364;352.4425;41.974917518053154
6876;10.55106491589672;2.0110627025210364;332.32;43.34720835619947
6877;10.607082686624993;2.0110627025210364;334.2325;44.6661450830701
6878;10.60380787206507;2.0110627025210364;349.095;45.988060990099974
6879;10.551073326149147;2.0110627025210364;375.4975;47.35994252415927
6880;10.607084459344183;2.0110627025210364;407.4875;48.67847629352989
6881;10.603798364105826;2.0110627025210364;431.825;50.0
6882;10.551081732084441;0.09235499311964247;447.58500000000004;39.46868421052631
6883;10.60708622885458;0.10174070600529973;449.82500000000005;28.938421552631574
6884;10.603788863083798;0.1011881052287839;454.285;18.40921192100263
6885;10.551090133706257;0.09235640113533204;470.1225;7.881055210336845
6886;10.607087995160974;2.0110627025210364;490.4575;9.203533509412885
6887;10.603779368991304;2.0110627025210364;500.0425;10.529022755520206
6888;10.55109853101826;2.0110627025210364;502.24;11.904426248777307
6889;10.60708975826815;2.0110627025210364;501.76;13.226500535797685
6890;10.603769881820678;2.0110627025210364;502.9225;14.551596498014462
6891;10.551106924024097;2.0110627025210364;499.83;15.926589760541768
6892;10.607091518180882;2.0110627025210364;498.38;17.248260159293874
6893;10.603760401564257;2.0110627025210364;495.96500000000003;18.5729629517919
6894;10.551115312727422;2.0110627025210364;480.9425;19.94754610840567
6895;10.60709327490393;2.0110627025210364;466.82;21.268812742636097
6896;10.603750928214396;0.10118174777870226;454.615;10.74037007188815
6897;10.551123697131876;0.09236202598145135;434.9075;0.21298024540727667
6898;10.60709502844205;2.0110627025210364;413.7;1.5362186703627887
6899;10.603741461763457;2.0110627025210364;387.85249999999996;2.862510659820468
6900;10.551132077241105;2.0110627025210364;376.13;4.238648935375436
6901;10.607096778799992;2.0110627025210364;380.0575;5.561483130621906
6902;10.603732002203817;2.0110627025210364;388.49;6.8873815802152185
6903;10.551140453058734;2.0110627025210364;402.0025;8.2631094116514
6904;10.607098525982495;2.0110627025210364;417.315;9.585539501026863
6905;10.60372254952786;2.0110627025210364;428.8275;10.911044525025293
6906;10.551148824588408;2.0110627025210364;428.98249999999996;12.286362037213802
6907;10.607100269994287;0.10174305913966353;423.11;1.7588176115363972
6908;10.603713103727989;1.4970691733987724;426.2325;0.0
6909;10.55115719183374;1.7682532247444525;429.89;0.0
6910;10.60710201084009;1.7776289363196993;432.225;0.0
6911;10.60370366479661;2.0110627025210364;419.9275;1.3264815184432204
6912;10.551165554798366;2.0110627025210364;409.0025;2.702741593232928
6913;10.607103748524617;2.0110627025210364;402.4525;4.025722757975219
6914;10.603694232726149;2.0110627025210364;404.045;5.35181066460958
6915;10.551173913485899;2.0110627025210364;409.26;6.727660265731515
6916;10.607105483052573;2.0110627025210364;408.48;8.050237290804997
6917;10.603684807509032;2.0110627025210364;406.38;9.375931699942337
6918;10.551182267899954;2.0110627025210364;404.73249999999996;10.751370952267386
6919;10.607107214428657;2.0110627025210364;397.9175;12.073543961464935
6920;10.603675389137708;1.7770546737279234;391.5525;12.072336607068788
6921;10.55119061804414;1.768258826594871;381.2475;12.07112937340808
6922;10.607108942657547;1.7776300980129949;360.125;12.06992226047074
6923;10.60366597760463;2.0110627025210364;339.06;13.395232589520296
6924;10.551198963922065;2.0110627025210364;325.635;14.770254050535382
6925;10.607110667743937;2.0110627025210364;320.95500000000004;16.092021890773587
6926;10.603656572902269;2.0110627025210364;328.3575;17.416938944327356
6927;10.55120730553733;2.0110627025210364;340.265;18.79155031017246
6928;10.607112389692492;2.0110627025210364;373.8375;20.11291438493358
6929;10.603647175023093;2.0110627025210364;394.2325;21.437438277223148
6930;10.551215642893537;1.7682630204733092;395.5625;21.435294533395425
6931;10.60711410850787;1.7776309637504042;394.75;21.433151003942086
6932;10.603637783959606;0.10116278609613451;396.3325;10.904691899368009
6933;10.551223975994267;1.7682644170056487;403.675;10.903601430178073
6934;10.607115824194734;2.0110627025210364;411.4325;12.225751037050058
6935;10.603628399704295;2.0110627025210364;410.305;13.551081482227271
6936;10.551232304843126;2.0110627025210364;408.73249999999996;14.92605568447808
6937;10.607117536757723;2.0110627025210364;406.0075;16.247801418989795
6938;10.603619022249681;2.0110627025210364;408.1875;17.572738567710697
6939;10.551240629443685;2.0110627025210364;408.46;18.947302695882424
6940;10.607119246201478;2.0110627025210364;407.285;20.268644681721433
6941;10.603609651588277;2.0110627025210364;415.8;21.5931886482444
6942;10.551248949799527;2.0110627025210364;423.1125;22.967342827070027
6943;10.60712095253063;1.7776321107303132;418.8725;22.965046092787322
6944;10.603600287712629;0.1011565021541529;417.95500000000004;12.436433798704359
6945;10.551257265914236;0.09238441058115343;408.6;1.9088743658508047
6946;10.6071226557498;1.7776323961703586;383.07;1.9086834784142197
6947;10.603590930615274;2.0110627025210364;347.5075;3.235081225981868
6948;10.551265577791382;2.0110627025210364;340.1175;4.6110554189574575
6949;10.607124355863597;2.0110627025210364;341.055;5.9338261753451444
6950;10.603581580288772;2.0110627025210364;347.015;7.259830291453277
6951;10.551273885434526;2.0110627025210364;365.875;8.635394117261331
6952;10.607126052876628;2.0110627025210364;389.0;9.957760827616807
6953;10.603572236725693;2.0110627025210364;400.5875;11.283371426644637
6954;10.551282188847237;1.7682741728137668;404.0025;11.282243089501973
6955;10.607127746793495;1.6576299500548841;406.63;10.527368526326315
6956;10.603562899918611;0.10115023638764628;408.445;-0.0
6957;10.551290488033079;1.768275563662359;407.59749999999997;0.0
6958;10.60712943761878;1.7776335327340056;419.805;-0.0
6959;10.603553569860122;1.7770342582107899;412.055;-0.0
6960;10.551298782995596;2.0110627025210364;414.245;1.3762661561541834
6961;10.607131125357066;2.0110627025210364;419.8775;2.699353960449355
6962;10.603544246542818;2.0110627025210364;426.0725;4.025716990837633
6963;10.551307073738352;2.0110627025210364;420.4175;5.401572699087115
6964;10.607132810012924;2.0110627025210364;417.4425;6.724256372304928
6965;10.603534929959315;2.0110627025210364;419.2525;8.050225763206349
6966;10.551315360264883;2.0110627025210364;434.245;9.425671148378388
6967;10.607134491590921;2.0110627025210364;455.015;10.747950814252176
6968;10.603525620102241;1.777029574151155;442.5075;10.74687601917075
6969;10.551323642578744;1.7682811199848762;391.63;10.745801331568833
6970;10.607136170095607;2.0110627025210364;304.45;12.06794738984485
6971;10.603516316964226;2.0110627025210364;216.2525;13.39340009398985
6972;10.55133192068346;2.0110627025210364;180.35750000000002;14.768295429331166
6973;10.607137845531538;2.0110627025210364;181.92;16.090037646533272
6974;10.603507020537913;2.0110627025210364;196.4725;17.4150969732576
6975;10.551340194582577;2.0110627025210364;254.1375;18.789582278706828
6976;10.607139517903247;2.0110627025210364;344.3875;20.110920778470874
6977;10.603497730815961;1.9440630994242414;437.8875;21.055789894789477
6978;10.551348464279624;0.09239969438375024;441.6675;10.527368526326315
6979;10.607141187215268;0.10174991639774722;423.94;-0.0
6980;10.603488447791038;1.7770233444971029;388.2225;-0.0
6981;10.55135672977812;1.768286665020926;363.53;0.0
6982;10.607142853472126;1.7776357810775294;344.8525;-0.0
6983;10.60347917145582;1.7770217898894551;322.84749999999997;0.0
6984;10.551364991081595;1.7682880495208668;285.4025;-0.0
6985;10.607144516678334;2.0110627025210364;260.89;1.3232127091555828
6986;10.603469901802995;2.0110627025210364;247.41750000000002;2.6497839811718213
6987;10.551373248193563;2.0110627025210364;247.3775;4.025714416989819
6988;10.607146176838402;2.0110627025210364;244.64999999999998;5.348522977551639
6989;10.603460638825268;2.0110627025210364;239.245;6.674700518369878
6990;10.551381501117543;2.0110627025210364;242.0875;8.050220622256376
6991;10.60714783395683;2.0110627025210364;240.14249999999998;9.372625157935161
6992;10.603451382515338;2.0110627025210364;225.3625;10.698409082029798
6993;10.55138974985704;2.0110627025210364;184.4625;12.073518978757406
6994;10.60714948803811;2.0110627025210364;136.7825;13.395519613223327
6995;10.603442132865936;2.0110627025210364;119.6875;14.720910035039365
6996;10.551397994415563;2.0110627025210364;111.7825;16.095609849341077
6997;10.607151139086717;2.0110627025210364;110.9325;17.41720670622376
6998;10.603432889869799;2.0110627025210364;113.66;18.742203740176826
6999;10.551406234796609;2.0110627025210364;123.32249999999999;20.116493596746032
7000;10.60715278710714;2.0110627025210364;190.35750000000002;21.437686799634577
7001;10.603423653519657;2.0110627025210364;237.29;22.762290560110937
7002;10.551414471003685;2.0110627025210364;222.125;24.136170583601423
7003;10.607154432103838;2.0110627025210364;178.94;25.456960256044418
7004;10.603414423808271;2.0110627025210364;161.945;26.78117085740096
7005;10.551422703040275;2.0110627025210364;165.5125;28.154641172426956
7006;10.607156074081276;2.0110627025210364;183.2175;29.475027437932503
7007;10.603405200728401;2.0110627025210364;175.97;30.79884499449673
7008;10.551430930909873;2.0110627025210364;173.4775;32.1719057256329
7009;10.607157713043904;2.0110627025210364;182.455;33.49188870766862
7010;10.60339598427283;2.0110627025210364;180.55;34.81531333373867
7011;10.551439154615966;2.0110627025210364;180.525;36.187964605520136
7012;10.607159348996163;2.0110627025210364;188.12;37.50754442751323
7013;10.603386774434338;2.0110627025210364;211.4675;38.83057623735786
7014;10.551447374162032;2.0110627025210364;217.8725;40.20281817428019
7015;10.607160981942494;2.0110627025210364;231.4375;41.521994959617395
7016;10.603377571205723;2.0110627025210364;226.28;42.844634067475994
7017;10.55145558955155;1.420511915552763;215.4275;40.65585606472952
7018;10.607162611887322;2.0110627025210364;201.07999999999998;41.97498599783009
7019;10.603368374579793;2.0110627025210364;191.63;43.297588543379504
7020;10.551463800787994;2.0110627025210364;187.485;44.66936817377657
7021;10.60716423883507;2.0110627025210364;185.16750000000002;45.98809521006587
7022;10.603359184549369;2.0110627025210364;189.1875;47.310305175222965
7023;10.551472007874828;2.0110627025210364;210.9425;48.68167573722436
7024;10.60716586279015;2.0110627025210364;238.5725;50.0
7025;10.603350001107271;0.44465858833729155;248.2725;41.62650034848776
7026;10.551480210815527;0.09242177359579531;236.10500000000002;31.096021908979225
7027;10.607167483756971;0.10175432339726595;223.01749999999998;20.566596517314643
7028;10.603340824246345;2.0110627025210364;202.95999999999998;21.891366074628884
7029;10.551488409613546;2.0110627025210364;189.36;23.26526294888855
7030;10.60716910173992;2.0110627025210364;177.54749999999999;24.58612577594074
7031;10.603331653959444;2.0110627025210364;169.8875;25.910502092101673
7032;10.551496604272344;2.0110627025210364;165.32;27.28398926783374
7033;10.607170716743395;2.0110627025210364;157.8625;28.60444868800073
7034;10.603322490239421;2.0110627025210364;154.8975;29.928431877404478
7035;10.551504794795372;2.0110627025210364;153.905;31.301509479161133
7036;10.607172328771778;2.0110627025210364;155.3475;32.62156561588003
7037;10.603313333079152;2.0110627025210364;161.92000000000002;33.945155792893246
7038;10.55151298118608;2.0110627025210364;161.3075;35.31782394518718
7039;10.607173937829439;2.0110627025210364;178.135;36.63747692185469
7040;10.603304182471515;2.0110627025210364;189.5325;37.960674200814566
7041;10.551521163447916;2.0110627025210364;184.935;39.332933028118966
7042;10.607175543920743;2.0110627025210364;149.58;40.652182968091445
7043;10.603295038409406;2.0110627025210364;131.89499999999998;41.9749874633057
7044;10.551529341584311;2.0110627025210364;126.99000000000001;43.34683709005428
7045;10.607177147050052;2.0110627025210364;137.785;44.665684116647725
7046;10.603285900885732;2.0110627025210364;137.6825;45.988095942394615
7047;10.551537515598717;2.0110627025210364;163.6225;47.35953649298159
7048;10.607178747221717;2.0110627025210364;191.0675;48.67798072947166
7049;10.603276769893393;2.0110627025210364;246.3925;50.0
7050;10.551545685494558;1.7683183318370723;269.5175;49.995
7051;10.607180344440081;0.10175647870061032;273.3325;39.463684710526316
7052;10.603267645425317;1.7489743210795676;272.6825;39.28379353688664
7053;10.551553851275267;2.0110627025210364;257.975;40.655888998821446
7054;10.607181938709479;2.0110627025210364;255.155;41.97500056814756
7055;10.603258527474448;2.0110627025210364;252.805;43.29770746699002
7056;10.551562012944265;2.0110627025210364;264.1325;44.66939378394627
7057;10.607183530034238;2.0110627025210364;269.815;45.98810249103535
7058;10.603249416033725;2.0110627025210364;272.7725;47.31041673555421
7059;10.551570170504974;2.0110627025210364;281.09749999999997;48.68169403190093
7060;10.607185118418677;2.0110627025210364;297.075;50.0
7061;10.603240311096094;1.7778638046710413;323.97;50.0
7062;10.551578323960813;1.769205846715551;348.32;50.0
7063;10.607186703867113;1.7785251749469826;359.96500000000003;50.0
7064;10.603231212654528;1.7778622798763344;372.115;50.0
7065;10.551586473315192;1.7683251674091385;363.405;49.995
7066;10.60718828638385;0.7115733567059687;345.365;43.29396469928101
7067;10.603222120702004;2.0110627025210364;334.0725;44.61657428814418
7068;10.551594618571528;2.0110627025210364;326.95;45.988097743072416
7069;10.607189865973188;2.0110627025210364;320.9975;47.30666856062358
7070;10.603213035231505;2.0110627025210364;339.675;48.62888551029759
7071;10.551602759733221;2.0110627025210364;373.9675;50.0
7072;10.607191442639408;1.7785259691110007;403.40250000000003;50.0
7073;10.60320395623603;1.7769756669674812;422.81;49.995
7074;10.551610896803671;0.09244367507217034;429.61;39.463684710526316
7075;10.607193016386802;0.10175860237389513;432.9225;28.933422552581575
7076;10.603194883708584;0.10108856108148724;439.11;18.404213420852635
7077;10.551619029786277;0.09244503806700187;453.5975;7.876057210036867
7078;10.607194587219636;0.5238296239900048;461.1;0.0
7079;10.603185817642181;1.7769726271466841;452.595;-0.0
7080;10.551627158684434;1.7683319858115236;430.46000000000004;0.0
7081;10.607196155142189;1.777644713827583;394.6925;0.0
7082;10.603176758029855;1.7769711088593134;334.65250000000003;0.0
7083;10.551635283501529;1.7683333474379088;237.9175;0.0
7084;10.607197720158712;2.0110627025210364;185.035;1.3231621658492232
7085;10.603167704864637;2.0110627025210364;175.2375;2.650020530011233
7086;10.55164340424095;2.0110627025210364;182.715;4.025694293929329
7087;10.607199282273461;2.0110627025210364;206.5675;5.348452406340149
7088;10.603158658139575;2.0110627025210364;205.4225;6.674916835866918
7089;10.551651520906074;1.768336068641131;194.99;6.674249344183332
7090;10.607200841490684;2.0110627025210364;186.95;7.996741119832764
7091;10.603149617847732;2.0110627025210364;188.9325;9.322949308765436
7092;10.551659633500288;2.0110627025210364;173.4125;10.697940362009286
7093;10.607202397814612;2.0110627025210364;159.8825;12.020028290049202
7094;10.603140583982169;2.0110627025210364;152.2375;13.345842732437136
7095;10.551667742026954;2.0110627025210364;158.8275;14.720423793238286
7096;10.607203951249481;2.0110627025210364;157.365;16.042107997171957
7097;10.603131556535972;2.0110627025210364;178.355;17.367528807663067
7098;10.55167584648945;1.768340145330585;168.155;17.3657920547823
7099;10.60720550179951;0.10176069478621386;162.9375;6.83773968610314
7100;10.603122535502223;0.6884402940384451;148.10750000000002;0.0
7101;10.551683946891146;1.7683415028652285;131.1475;0.0
7102;10.607207049468915;1.7776465395920953;121.82000000000001;0.0
7103;10.603113520874022;1.7769605110355209;102.7075;0.0
7104;10.551692043235393;2.0110627025210364;100.8375;1.3758925589263764
7105;10.607208594261907;2.0110627025210364;97.97749999999999;2.698906805121672
7106;10.60310451264448;2.0110627025210364;94.7525;4.025687627428904
7107;10.551700135525557;2.0110627025210364;92.8425;5.401169929916882
7108;10.607210136182687;2.0110627025210364;99.87;6.723780183550338
7109;10.60309551080671;2.0110627025210364;105.86500000000001;8.050167070265609
7110;10.551708223764994;2.0110627025210364;108.68;9.425239240981838
7111;10.60721167523544;2.0110627025210364;127.0275;10.747445625584072
7112;10.603086515353851;1.7769559852193229;130.815;10.746370881021514
7113;10.551716307957047;0.092461340775419;119.015;0.2189804544597287
7114;10.60721321142436;1.7776475722653262;90.6375;0.21895855641428272
7115;10.603077526279032;2.0110627025210364;71.875;1.5460130105935612
7116;10.551724388105066;2.0110627025210364;71.13499999999999;2.9217202405926885
7117;10.607214744753625;2.0110627025210364;72.02250000000001;4.244574061052686
7118;10.60306854357541;2.0110627025210364;71.0325;5.5712344872499395
7119;10.551732464212394;2.0110627025210364;71.55250000000001;6.94653152279944
7120;10.607216275227406;2.0110627025210364;80.8675;8.268981408181125
7121;10.603059567236134;2.0110627025210364;100.9025;9.59524792116598
7122;10.551740536282374;1.7683509865997333;124.9825;9.594288396373862
7123;10.607217802849867;0.2503027770989095;127.105;-0.0
7124;10.60305059725438;1.7769499657568069;115.775;0.0
7125;10.551748604318337;1.7683523387102509;106.3425;0.0
7126;10.607219327625163;1.783607949899816;105.6675;0.03378145290441164
7127;10.603041633623326;2.0110627025210364;106.3825;1.3608885228169618
7128;10.551756668323614;2.0110627025210364;106.9875;2.7365835990572465
7129;10.607220849557446;2.0110627025210364;105.17;4.059450133617767
7130;10.60303267633616;2.0110627025210364;100.205;5.386163146085054
7131;10.551764728301533;2.0110627025210364;92.0125;6.761448037883989
7132;10.607222368650856;2.0110627025210364;88.9725;8.083910642861888
7133;10.60302372538608;2.0110627025210364;89.53999999999999;9.410229712680826
7134;10.55177278425542;2.0110627025210364;90.0175;10.78510454466691
7135;10.607223884909532;2.0110627025210364;82.61500000000001;12.107163343548388
7136;10.603014780766294;2.0110627025210364;76.395;13.433088585486054
7137;10.551780836188593;2.0110627025210364;75.43;14.807553482248343
7138;10.607225398337597;2.0110627025210364;69.6075;16.1292085984794
7139;10.603005842470026;2.0110627025210364;66.7525;17.454740127273027
7140;10.55178888410437;2.0110627025210364;69.5525;18.82879521336115
7141;10.607226908939179;2.0110627025210364;68.945;20.150046770347593
7142;10.602996910490498;2.0110627025210364;70.7625;21.475184700704585
7143;10.551796928006063;2.0110627025210364;71.0775;22.848830100628753
7144;10.60722841671838;2.0110627025210364;74.215;24.16967822173623
7145;10.602987984820949;2.0110627025210364;82.845;25.494422668334156
7146;10.551804967896974;2.0110627025210364;94.82;26.8676585065652
7147;10.60722992167932;0.10176478727867085;113.675;16.338655951240863
7148;10.602979065454633;0.1010523924114003;103.2475;5.810706296172055
7149;10.551813003780415;2.0110627025210364;102.44;7.185902871951043
7150;10.607231423826086;2.0110627025210364;114.2525;8.508314429029067
7151;10.602970152384804;2.0110627025210364;115.7;9.834641952820599
7152;10.551821035659682;2.0110627025210364;112.48;11.209428504748619
7153;10.607232923162778;2.0110627025210364;115.015;12.531436284893504
7154;10.602961245604728;2.0110627025210364;111.3875;13.857369957940524
7155;10.607229814317334;2.0110627025210364;105.07;15.179115897343264
7156;10.602952345107687;2.0110627025210364;94.53;16.504793257901227
7157;10.55183708741889;2.0110627025210364;94.07;17.87889754552749
7158;10.60723591342227;2.0110627025210364;88.60249999999999;19.20023553802178
7159;10.602943450886967;2.0110627025210364;82.33500000000001;20.52551923612536
7160;10.55184510730541;2.0110627025210364;72.6325;21.89921383226161
7161;10.607237404353214;2.0110627025210364;66.765;23.220148376742827
7162;10.602934562935864;2.0110627025210364;63.7525;24.54503852711608
7163;10.551853123200923;2.0110627025210364;64.5825;25.918323556222493
7164;10.607238892490383;2.0110627025210364;65.1925;27.238854776001006
7165;10.602925681247692;2.0110627025210364;67.9725;28.563351493338097
7166;10.55186113510871;2.0110627025210364;73.085;29.93622707983549
7167;10.60724037783783;2.0110627025210364;76.725;31.25635509818157
7168;10.60291680581575;2.0110627025210364;79.3575;32.580458497146786
7169;10.551869143032052;2.0110627025210364;87.64500000000001;33.952924765416626
7170;10.6072418603996;2.0110627025210364;108.0075;35.27264970556047
7171;10.602907936633384;1.7769260574689734;119.09;35.26912244058991
7172;10.551877146974219;2.0110627025210364;107.225;36.641312238720346
7173;10.607243340179748;2.0110627025210364;96.125;37.96076693432571
7174;10.60289907369392;2.0110627025210364;88.07;39.284216737623055
7175;10.55188514693849;2.0110627025210364;87.84;40.65599742635773
7176;10.6072448171823;2.0110627025210364;89.52;41.9750492502919
7177;10.602890216990705;2.0110627025210364;81.005;43.2981060392257
7178;10.55189314292812;2.0110627025210364;83.4325;44.669477742840066
7179;10.607246291411286;2.0110627025210364;87.9375;45.98812681822506
7180;10.602881366517096;2.0110627025210364;89.8925;47.310790707352
7181;10.551901134946382;2.0110627025210364;92.5625;48.6817535500822
7182;10.607247762870728;2.0110627025210364;95.5125;50.0
7183;10.602872522266457;1.777802167471234;118.4625;50.0
7184;10.551909122996529;1.769261284849114;118.17;50.0
7185;10.607249231564646;1.1419200496443818;120.3075;46.001927763981826
7186;10.602863684232165;1.7769186412728408;109.1725;45.997327571205425
7187;10.551917107081822;1.7683805778454937;106.7175;45.9927278384483
7188;10.60725069749704;1.777653854502212;104.6775;45.98812856566446
7189;10.602854852407601;2.0110627025210364;105.8725;47.31081764302068
7190;10.551925087205507;2.0110627025210364;119.1725;48.68175772841116
7191;10.607252160671914;2.0110627025210364;128.715;50.0
7192;10.602846026786162;1.7777977271318837;149.8625;50.0
7193;10.55193306337084;1.7683832519369698;165.4525;49.995
7194;10.60725362109326;0.10176875902929147;173.465;39.463684710526316
7195;10.60283720736125;0.10102861861801234;173.7725;28.933422552581575
7196;10.551941035581056;0.09249900255399145;156.2575;18.404213420852635
7197;10.607255078765071;2.0110627025210364;138.7375;19.725480674683734
7198;10.602828394126279;2.0110627025210364;136.835;21.050821152196303
7199;10.551949003839399;2.0110627025210364;122.0625;22.424364516433656
7200;10.60725653369132;2.0110627025210364;121.1275;23.74522837297526
7201;10.60281958707467;2.0110627025210364;117.88;25.070175242417026
7202;10.55195696814911;2.0110627025210364;115.465;26.44330910515113
7203;10.607257985875982;2.0110627025210364;115.4575;27.76376968765843
7204;10.602810786199855;2.0110627025210364;115.8275;29.088323063799805
7205;10.55196492851342;2.0110627025210364;118.85;30.461047549405677
7206;10.60725943532303;2.0110627025210364;123.9325;31.781104981093858
7207;10.602801991495276;2.0110627025210364;140.2425;33.10526497867524
7208;10.55197288493556;2.0110627025210364;134.6325;34.477580211488586
7209;10.607260882036412;2.0110627025210364;124.94;35.79723461553285
7210;10.602793202954384;2.0110627025210364;123.725;37.12100134926463
7211;10.551980837418753;2.0110627025210364;115.53;38.49290745358189
7212;10.60726232602009;2.0110627025210364;109.905;39.812158953117454
7213;10.60278442057064;2.0110627025210364;111.0575;41.135532537680035
7214;10.551988785966222;2.0110627025210364;118.9;42.50702963775836
7215;10.607263767278006;2.0110627025210364;126.515;43.82587835588048
7216;10.602775644337514;2.0110627025210364;149.02249999999998;45.14885890592425
7217;10.551996730581186;2.0110627025210364;156.26;46.51994712598153
7218;10.6072652058141;1.894221182468325;171.93;47.176060118292625
7219;10.602766874248486;0.10101683159302649;175.35750000000002;36.64502672280711
7220;10.552004671266861;1.7683952526010445;167.5075;36.64136222013483
7221;10.6072666416323;2.0110627025210364;152.905;37.96079477436213
7222;10.602758110297044;2.0110627025210364;152.4025;39.2843784901025
7223;10.55201260802646;2.0110627025210364;147.655;40.65603807462835
7224;10.60726807473654;2.0110627025210364;129.485;41.975067799821176
7225;10.602749352476684;2.0110627025210364;123.23;43.298258408188346
7226;10.552020540863186;2.0110627025210364;125.7425;44.669509068527496
7227;10.607269505130732;2.0110627025210364;138.095;45.98813608774645
7228;10.602740600780923;2.0110627025210364;155.645;47.3109337033958
7229;10.552028469780245;2.0110627025210364;183.4075;48.68177556373423
7230;10.60727093281879;2.0110627025210364;222.96;50.0
7231;10.602731855203263;1.776896548235913;242.39;49.995
7232;10.552036394780835;0.7030176883852536;224.4925;43.29828076891419
7233;10.60727235780462;1.777657484521937;190.775;43.2939509408373
7234;10.602723115737243;2.0110627025210364;166.33249999999998;44.61703458579284
7235;10.552044315868155;2.0110627025210364;164.4225;45.98813078225951
7236;10.607273780092122;2.0110627025210364;178.355;47.30662187809377
7237;10.602714382376389;2.0110627025210364;204.05;48.6293125526484
7238;10.552052233045401;2.0110627025210364;248.6225;50.0
7239;10.60727519968518;1.7785400058335696;288.595;50.0
7240;10.602705655114251;0.10100657196656479;302.2175;39.46868421052631
7241;10.552060146315753;0.09251896415032647;292.81;28.938421552631574
7242;10.607276616587686;0.10177261281105532;280.525;18.40921192100263
7243;10.602696933944388;0.10100511039827868;273.9125;7.881055210336845
7244;10.552068055682412;1.7684058751038807;265.5075;7.880267104815811
7245;10.607278030803519;2.0110627025210364;266.59;9.202564948841987
7246;10.602688218860356;2.0110627025210364;268.8325;10.529090884429763
7247;10.552075961148542;2.0110627025210364;252.9375;11.903565812250205
7248;10.607279442336544;2.0110627025210364;230.1875;13.225459985449264
7249;10.60267950985573;2.0110627025210364;201.03;14.551591905087777
7250;10.552083862717332;2.0110627025210364;182.9975;15.925657076315805
7251;10.607280851190634;2.0110627025210364;170.7375;17.24714770197707
7252;10.602670806924088;2.0110627025210364;162.8275;18.57288572062899
7253;10.55209176039196;2.0110627025210364;154.155;19.946541259684565
7254;10.607282257369642;2.0110627025210364;157.3875;21.267628461057438
7255;10.602662110059029;2.0110627025210364;174.0425;22.592972693655252
7256;10.552099654175592;2.0110627025210364;182.9925;23.966218724919074
7257;10.607283660877425;2.0110627025210364;167.63;25.286902625213028
7258;10.60265341925415;2.0110627025210364;142.20499999999998;26.61185318665906
7259;10.552107544071394;2.0110627025210364;127.945;27.984689834472572
7260;10.60728506171782;2.0110627025210364;124.1675;29.3049705568572
7261;10.60264473450306;2.0110627025210364;123.64;30.629527562023604
7262;10.552115430082527;2.0110627025210364;132.29500000000002;32.001954950689004
7263;10.607286459894674;2.0110627025210364;183.2225;33.321832618293996
7264;10.602636055799374;2.0110627025210364;245.47;34.64599618202276
7265;10.552123312212164;2.0110627025210364;268.6975;36.018014435803
7266;10.607287855411812;1.7776600817435873;277.855;36.014412634359424
7267;10.60262738313673;1.6584133726996946;281.015;35.266722793425465
7268;10.55213119046345;0.09253087033663199;283.3175;24.736880331672438
7269;10.607289248273068;1.7776603151711974;288.74;24.73440664363927
7270;10.602618716508756;1.776877587485185;295.8475;24.731933202974908
7271;10.552139064839547;1.7684177754261685;293.10749999999996;24.72946000965461
7272;10.607290638482251;2.0110627025210364;287.0575;26.050060957095507
7273;10.602610055909098;2.0110627025210364;290.245;27.374976397886154
7274;10.552146935343597;2.0110627025210364;290.37;28.747699311669948
7275;10.607292026043176;2.0110627025210364;290.6425;30.067897116997763
7276;10.602601401331418;2.0110627025210364;299.92;31.392418996021217
7277;10.55215480197875;2.0110627025210364;306.725;32.7647326922418
7278;10.607293410959654;2.0110627025210364;308.18;34.08452747856091
7279;10.60259275276938;0.10098765082533177;300.4925;23.55480323633937
7280;10.552162664748149;1.7684217305008327;271.22499999999997;23.552447756015738
7281;10.607294793235479;2.0110627025210364;231.6275;24.87316245766643
7282;10.602584110216652;2.0110627025210364;215.5725;26.198220236714846
7283;10.552170523654931;2.0110627025210364;209.33;27.57103841721899
7284;10.607296172874445;2.0110627025210364;218.175;28.891349949146548
7285;10.602575473666917;2.0110627025210364;239.0525;30.216014114168065
7286;10.552178378702232;2.0110627025210364;270.27;31.58842305298953
7287;10.607297549880343;1.7776617064255942;299.03499999999997;31.58526421068423
7288;10.60256684311387;0.10098330866351235;303.2025;21.055789894789477
7289;10.552186229893186;0.09254009431532442;289.615;10.527368526326315
7290;10.607298924256943;0.1017763513211905;281.31;-0.0
7291;10.602558218551213;1.7768674487196856;268.775;0.0
7292;10.552194077230919;1.7684269948735405;251.975;-0.0
7293;10.607300296008026;1.7776621666451742;227.92000000000002;-0.0
7294;10.602549599972647;1.776866004344527;209.145;0.0
7295;10.552201920718556;2.0110627025210364;175.73000000000002;1.375408175317372
7296;10.607301665137355;2.0110627025210364;157.42000000000002;2.6983340526193533
7297;10.6025409873719;2.0110627025210364;153.25;4.025650281210787
7298;10.552209760359222;2.0110627025210364;152.9275;5.400648443841404
7299;10.607303031648694;2.0110627025210364;155.95499999999998;6.72317049893076
7300;10.602532380742694;2.0110627025210364;138.33499999999998;8.050092420175307
7301;10.552217596156028;2.0110627025210364;137.0375;9.424680694585064
7302;10.60730439554579;2.0110627025210364;124.37;10.746799050747104
7303;10.602523780078768;2.0110627025210364;110.6075;12.0733267797672
7304;10.55222542811209;2.0110627025210364;97.4075;13.447505290382738
7305;10.607305756832407;2.0110627025210364;86.8275;14.769220070862914
7306;10.602515185373864;2.0110627025210364;85.2275;16.09535372275066
7307;10.552233256230522;2.0110627025210364;86.6425;17.469122593959387
7308;10.607307115512265;2.0110627025210364;89.9625;18.790433921963338
7309;10.602506596621742;2.0110627025210364;101.34;20.116173611780486
7310;10.55224108051443;2.0110627025210364;128.5475;21.4895329679306
7311;10.607308471589112;2.0110627025210364;145.47;22.81044096662415
7312;10.602498013816161;2.0110627025210364;163.555;24.135786809402134
7313;10.552248900966918;2.0110627025210364;178.7175;25.50873677480262
7314;10.60730982506667;1.8495049642337322;182.2225;25.913428144803163
7315;10.602489436950895;1.776855921710434;182.83;25.910836801988683
7316;10.552256717591082;2.0110627025210364;171.4775;27.283601836596958
7317;10.607311175948665;2.0110627025210364;174.9075;28.603927859262065
7318;10.602480866019725;2.0110627025210364;189.23250000000002;29.928710643757398
7319;10.552264530390023;2.0110627025210364;185.51;31.3010664688225
7320;10.60731252423881;2.0110627025210364;193.4125;32.62098946414875
7321;10.602472301016439;2.0110627025210364;192.35500000000002;33.94537867923672
7322;10.552272339366832;2.0110627025210364;199.42000000000002;35.3173254189703
7323;10.60731386994082;2.0110627025210364;211.4675;36.636845509984624
7324;10.602463741934839;2.0110627025210364;209.92;37.96084127059553
7325;10.552280144524602;2.0110627025210364;214.5225;39.3323790491701
7326;10.607315213058394;2.0110627025210364;211.86;40.65149635885971
7327;10.60245518876873;2.0110627025210364;214.12;41.97509877989353
7328;10.552287945866416;2.0110627025210364;208.995;43.346227721442446
7329;10.607316553595227;2.0110627025210364;200.0425;44.66494237275484
7330;10.60244664151193;2.0110627025210364;187.4;45.988151569081225
7331;10.552295743395357;2.0110627025210364;180.245;47.358871797698725
7332;10.60731789155501;2.0110627025210364;188.95;48.6771839135417
7333;10.60243810015826;2.0110627025210364;208.02249999999998;50.0
7334;10.552303537114506;1.7693273841426151;241.85750000000002;50.0
7335;10.607319226941426;1.7785473842979804;268.72;50.0
7336;10.602429564701561;0.5224039652051217;277.375;42.11579157931585
7337;10.552311327026937;0.0925610591636476;270.43;31.58526421068423
7338;10.607320559758158;0.10177997718365243;267.89750000000004;21.055789894789477
7339;10.602421035135672;0.10095887291462202;269.21000000000004;10.527368526326315
7340;10.552319113135718;0.09256236402639498;270.0925;0.0
7341;10.607321890008873;1.7776657855526492;272.725;-0.0
7342;10.602412511454443;1.7768430298773683;269.445;0.0
7343;10.552326895443926;2.0110627025210364;251.23499999999999;1.3752894493282704
7344;10.607323217697239;2.0110627025210364;242.4275;2.6981948635709605
7345;10.602403993651738;2.0110627025210364;227.39499999999998;4.025641250115453
7346;10.552334673954622;2.0110627025210364;214.66;5.40052074573355
7347;10.607324542826913;2.0110627025210364;207.6975;6.723022377973409
7348;10.602395481721421;2.0110627025210364;214.385;8.050074368100262
7349;10.55234244867087;2.0110627025210364;230.0375;9.424544034426125
7350;10.607325865401549;2.0110627025210364;253.32750000000001;10.74664200789121
7351;10.602386975657376;2.0110627025210364;253.1375;12.073299716815914
7352;10.552350219595725;1.6312121021514374;239.59;11.21007486395009
7353;10.607327185424797;2.0110627025210364;203.4225;12.531993030310138
7354;10.602378475453481;2.0110627025210364;176.12;13.8584802793263
7355;10.552357986732245;2.0110627025210364;165.5525;15.232354343902735
7356;10.607328502900293;2.0110627025210364;158.8775;16.553869030713066
7357;10.602369981103639;2.0110627025210364;161.89000000000001;17.87996216176154
7358;10.552365750083476;2.0110627025210364;177.63;19.25342670296606
7359;10.607329817831667;2.0110627025210364;215.53;20.57453803335568
7360;10.602361492601755;2.0110627025210364;250.0725;21.900237161580677
7361;10.552373509652474;2.0110627025210364;255.82999999999998;23.27329230369467
7362;10.607331130222558;2.0110627025210364;252.015;24.594000400752872
7363;10.602353009941728;2.0110627025210364;241.685;25.919305641268156
7364;10.55238126544228;2.0110627025210364;217.24;27.291951508533863
7365;10.607332440076584;2.0110627025210364;214.4525;28.612256495310255
7366;10.602344533117495;2.0110627025210364;217.0925;29.9371679631991
7367;10.552389017455937;2.0110627025210364;216.4125;31.309404679819643
7368;10.60733374739736;2.0110627025210364;209.785;32.629306679324166
7369;10.602336062122975;2.0110627025210364;206.2375;33.95382448963941
7370;10.552396765696479;2.0110627025210364;212.1975;35.32565217977879
7371;10.60733505218849;2.0110627025210364;221.47;36.645151314981746
7372;10.602327596952112;2.0110627025210364;240.3725;37.969275582745745
7373;10.55240451016694;2.0110627025210364;243.935;39.34069437052887
7374;10.607336354453592;2.0110627025210364;266.815;40.659790764360906
7375;10.60231913759885;2.0110627025210364;268.8425;41.98352160456556
7376;10.552412250870358;1.7684635582792863;252.7825;41.9793232524051
7377;10.60733765419625;1.7776684274500885;206.5375;41.97512532007986
7378;10.60231068405714;2.0110627025210364;182.7175;43.29873265769357
7379;10.552419987809756;2.0110627025210364;162.4525;44.66960379600854
7380;10.607338951420056;2.0110627025210364;156.19;45.98816483177988
7381;10.602302236320954;2.0110627025210364;176.0125;47.3113788907918
7382;10.552427720988158;2.0110627025210364;229.5975;48.68184141796397
7383;10.607340246128604;2.0110627025210364;291.2525;50.0
7384;10.602293794384257;1.7768231342547014;317.0775;49.995
7385;10.552435450408584;0.09258186082225944;308.105;39.463684710526316
7386;10.607341538325471;0.1017834929515088;300.71;28.933422552581575
7387;10.602285358241033;1.296740245419467;286.265;25.91511499899367
7388;10.552443176074053;2.0110627025210364;270.585;27.287702470223422
7389;10.607342828014225;2.0110627025210364;255.38;28.607998013362888
7390;10.602276927885276;2.0110627025210364;252.8075;29.93297413207054
7391;10.55245089798758;2.0110627025210364;238.14;31.305152481569134
7392;10.607344115198437;2.0110627025210364;218.0925;32.62504505688246
7393;10.602268503310983;2.0110627025210364;206.6875;33.94962747423134
7394;10.552458616152173;2.0110627025210364;211.8125;35.321396826139356
7395;10.607345399881666;2.0110627025210364;221.04749999999999;36.640886556569164
7396;10.602260084512151;2.0110627025210364;240.265;37.96507538762697
7397;10.55246633057084;2.0110627025210364;263.375;39.33643586604591
7398;10.607346682067469;2.0110627025210364;277.3275;40.65552287449521
7399;10.6022516714828;2.0110627025210364;294.46999999999997;41.9793182342991
7400;10.552474041246588;1.7684739136393706;262.94;41.97512030247567
7401;10.607347961759395;2.0110627025210364;207.165;43.293942226774
7402;10.602243264216959;2.0110627025210364;191.7425;44.61748173154521
7403;10.552481748182414;2.0110627025210364;199.57;45.98816232259876
7404;10.607349238960985;2.0110627025210364;210.2125;47.30658172935357
7405;10.602234862708652;2.0110627025210364;252.85500000000002;48.629727951607414
7406;10.55248945138132;2.0110627025210364;302.3825;50.0
7407;10.607350513675778;1.778552627596692;364.14;50.0
7408;10.602226466951922;1.776811850947366;387.875;49.995
7409;10.552497150846293;0.09259220110967649;377.44;39.463684710526316
7410;10.607351785907305;0.10178521032897689;377.4275;28.933422552581575
7411;10.602218076940817;1.7768104448774986;367.3375;28.930529210326316
7412;10.552504846580325;2.0110627025210364;352.0125;30.302756553153976
7413;10.60735305565909;2.0110627025210364;341.8275;31.622740874622526
7414;10.602209692669398;2.0110627025210364;340.5325;32.94747939249913
7415;10.552512538586406;2.0110627025210364;331.615;34.3192977329028
7416;10.607354322934658;2.0110627025210364;331.5925;35.63887919634158
7417;10.602201314131719;2.0110627025210364;333.7525;36.96322405999681
7418;10.552520226867522;2.0110627025210364;340.6725;38.33463352206667
7419;10.60735558773752;2.0110627025210364;345.31;39.65381225036381
7420;10.602192941321865;2.0110627025210364;360.29;40.97776357488301
7421;10.552527911426644;2.0110627025210364;395.5175;42.3487642826702
7422;10.607356850071175;2.0110627025210364;416.3475;43.66754039867432
7423;10.602184574233911;1.776804830207141;406.09250000000003;43.663173644634455
7424;10.552535592266759;1.5010978251911686;389.86;41.97934081262991
7425;10.607358109939135;1.7776718555985525;353.0425;41.975142878548645
7426;10.602176212861954;2.0110627025210364;313.7;43.298877962041935
7427;10.55254326939084;2.0110627025210364;298.4;44.66963196832443
7428;10.607359367344891;2.0110627025210364;298.935;45.98817360614995
7429;10.602167857200087;2.0110627025210364;329.5125;47.31151532444926
7430;10.552550942801851;2.0110627025210364;377.4575;48.681860777255054
7431;10.60736062229193;2.0110627025210364;433.595;50.0
7432;10.602159507242414;1.7768006292661689;426.615;49.995
7433;10.552558612502763;0.09260250138008999;399.1375;39.463684710526316
7434;10.60736187478374;0.10178690110923591;395.7125;28.933422552581575
7435;10.602151162983057;1.5163418907188708;396.1325;27.294584468107377
7436;10.552566278496545;1.7684893715471348;387.515;27.291855009660566
7437;10.6073631248238;2.0110627025210364;390.4075;28.61213085557699
7438;10.602142824416136;2.0110627025210364;395.56;29.937233959296105
7439;10.552573940786145;2.0110627025210364;397.065;31.30929499215334
7440;10.607364372415581;2.0110627025210364;399.8925;32.62916790885932
7441;10.602134491535784;2.0110627025210364;399.325;33.95387722510944
7442;10.55258159937453;2.0110627025210364;400.2475;35.32552931798112
7443;10.607365617562552;2.0110627025210364;400.67499999999995;36.644999428364905
7444;10.602126164336134;2.0110627025210364;418.6125;37.96931507230274
7445;10.552589254264651;2.0110627025210364;434.905;39.34055834924409
7446;10.607366860268163;2.0110627025210364;429.9925;40.659625776154414
7447;10.602117842811344;2.0110627025210364;415.8825;41.98354786290602
7448;10.552596905459461;1.7684945042757025;406.46500000000003;41.97934950811973
7449;10.60736810053588;1.7776735299082598;395.935;41.97515157316892
7450;10.60210952695557;2.0110627025210364;378.305;43.29895000740382
7451;10.552604552961906;2.0110627025210364;362.915;44.66964578708927
7452;10.607369338369143;2.0110627025210364;366.755;45.988177951059875
7453;10.60210121676297;2.0110627025210364;384.6225;47.311582977339945
7454;10.552612196774925;2.0110627025210364;417.0;48.68187023210604
7455;10.607370573771401;2.0110627025210364;442.6375;50.0
7456;10.602092912227722;1.7767894687036505;452.11;49.995
7457;10.552619836901469;0.09261276188881688;449.96500000000003;39.463684710526316
7458;10.607371806746093;0.10178856559249015;455.5075;28.933422552581575
7459;10.602084613343997;0.10090249247149273;463.4325;18.404213420852635
7460;10.552627473344467;0.09261404166929131;474.2125;7.876057210036867
7461;10.607373037296645;1.7776743572528804;480.8275;7.875269604315863
7462;10.602076320105997;1.9394773462506887;485.325;8.796717620343994
7463;10.55263510610686;2.0110627025210364;489.6325;10.170834597780443
7464;10.607374265426486;2.0110627025210364;504.12;11.492811962165502
7465;10.602068032507908;2.0110627025210364;502.2275;12.819698050086773
7466;10.55264273519157;2.0110627025210364;500.8675;14.193405481849773
7467;10.607375491139038;2.0110627025210364;502.82;15.5149794247195
7468;10.60205975054394;2.0110627025210364;505.0775;16.841471163760286
7469;10.552650360601529;2.0110627025210364;502.22499999999997;18.214769174072458
7470;10.607376714437706;2.0110627025210364;497.65999999999997;19.535939818439232
7471;10.602051474208311;2.0110627025210364;490.15500000000003;20.86203732395949
7472;10.552657982339667;2.0110627025210364;473.4625;22.23492603700441
7473;10.607377935325914;2.0110627025210364;449.6175;23.55569350584109
7474;10.602043203495233;2.0110627025210364;432.97749999999996;24.881396893170034
7475;10.5526656004089;2.0110627025210364;417.175;26.253876433092262
7476;10.60737915380705;2.0110627025210364;408.4975;27.574240849332256
7477;10.602034938398942;2.0110627025210364;423.155;28.899550233768327
7478;10.552673214812145;2.0110627025210364;447.205;30.27162072467341
7479;10.60738036988452;2.0110627025210364;470.34000000000003;31.59158221121065
7480;10.60202667891367;1.7767783687580212;476.88;31.58842305298953
7481;10.55268082555232;1.7685085683230974;467.7175;31.58526421068423
7482;10.607381583561711;0.10179020407492678;467.655;21.055789894789477
7483;10.602018425033672;0.10089140006797279;479.3;10.527368526326315
7484;10.552688432632339;0.09262425774847556;491.0525;-0.0
7485;10.607382794842012;1.7776759925058434;497.3225;-0.0
7486;10.602010176753188;1.776775603184733;498.815;0.0
7487;10.5526960360551;1.768511117429333;506.6375;-0.0
7488;10.6073840037288;2.0110627025210364;507.105;1.3229851964576398
7489;10.602001934066488;2.0110627025210364;507.4575;2.6509510605748305
7490;10.552703635823514;2.0110627025210364;505.6025;4.025617511436435
7491;10.607385210225454;2.0110627025210364;500.9;5.34819899997111
7492;10.601993696967845;2.0110627025210364;496.695;6.675770167951661
7493;10.552711231940487;2.0110627025210364;496.47;8.050026920591403
7494;10.607386414335338;2.0110627025210364;401.05;9.372204824280773
7495;10.601985465451527;2.0110627025210364;404.70000000000005;10.699381411619395
7496;10.552718824408913;2.0110627025210364;400.65;12.073228590289766
7497;10.607387616061816;2.0110627025210364;381.365;13.395003032172012
7498;10.60197723951183;2.0110627025210364;359.765;14.721785154332554
7499;10.552726413231687;2.0110627025210364;342.6125;16.09522288324702
7500;10.60738881540825;2.0110627025210364;338.2125;17.41659398632086
7501;10.601969019143038;2.0110627025210364;346.515;18.74298175873634
7502;10.552733998411703;2.0110627025210364;451.0375;20.11601016206935
7503;10.607390012377985;2.0110627025210364;469.73249999999996;21.43697804929406
7504;10.601960804339456;2.0110627025210364;488.2575;22.762971587366646
7505;10.552741579951846;1.7685187500653392;481.9975;22.76069529020791
7506;10.607391206974372;1.7776774022829798;484.73;22.75841922067889
7507;10.601952595095394;0.10088036772350786;489.03;12.229827589283138
7508;10.552749157855008;1.768520020035207;491.535;12.22860460652421
7509;10.607392399200753;2.0110627025210364;476.925;13.550358966822841
7510;10.60194439140517;2.0110627025210364;472.935;14.87715675909125
7511;10.552756732124067;2.0110627025210364;461.0425;16.250550147897478
7512;10.60739358906046;2.0110627025210364;453.1275;17.571901183275255
7513;10.601936193263104;2.0110627025210364;446.935;18.89830460955698
7514;10.552764302761908;2.0110627025210364;446.77250000000004;20.27128869147221
7515;10.607394776556824;2.0110627025210364;443.24;21.59223652487408
7516;10.601928000663536;2.0110627025210364;446.0625;22.918245700591235
7517;10.552771869771398;2.0110627025210364;464.9725;24.29082059973835
7518;10.60739596169317;2.0110627025210364;462.3875;25.611365354069864
7519;10.601919813600803;1.7767604593542794;449.94;25.60880421753446
7520;10.552779433155417;0.09263950839496488;426.1175;15.079927547639022
7521;10.607397144472813;0.10179281190558798;408.3475;4.552103765410575
7522;10.601911632069257;1.0520950789055277;395.68;0.0
7523;10.552786992916833;1.7685263607586805;384.485;-0.0
7524;10.607398324899071;2.0110627025210364;374.89250000000004;1.3229715913458824
7525;10.601903456063251;2.0110627025210364;373.445;2.6510310109266593
7526;10.552794549058511;2.0110627025210364;390.78999999999996;4.025611086219981
7527;10.60739950297525;1.7776787925978086;418.1925;4.025208525111359
7528;10.601895285577147;1.776756348738151;426.41499999999996;4.024806004258848
7529;10.552802101583318;1.7685288927983183;412.7475;4.024403523658423
7530;10.60740067870465;1.1370212755646036;403.38;-0.0
7531;10.601887120605323;1.7767549803822924;398.68;0.0
7532;10.552809650494114;2.0110627025210364;390.21000000000004;1.374830832030592
7533;10.60740185209057;2.0110627025210364;374.665;2.6976615894613474
7534;10.601878961142159;2.0110627025210364;349.085;4.025606810217351
7535;10.55281719579375;2.0110627025210364;333.89;5.400027913532266
7536;10.607403023136301;2.0110627025210364;317.42;6.722455038761427
7537;10.601870807182037;2.0110627025210364;308.235;8.050005526434617
7538;10.552824737485086;2.0110627025210364;303.0225;9.424017025271143
7539;10.607404191845125;2.0110627025210364;295.135;10.746040641315746
7540;10.601862658719357;2.0110627025210364;290.90250000000003;12.073196511468225
7541;10.552832275570974;2.0110627025210364;297.095;13.446798530024653
7542;10.607405358220326;2.0110627025210364;315.745;14.76841875986234
7543;10.601854515748526;2.0110627025210364;343.83;16.095180128025255
7544;10.552839810054255;2.0110627025210364;339.605;17.46837279046091
7545;10.607406522265176;2.0110627025210364;324.5225;18.789589757029947
7546;10.60184637826395;2.0110627025210364;309.9575;20.115956738703492
7547;10.55284734093778;2.0110627025210364;300.4575;21.48874016913873
7548;10.607407683982945;2.0110627025210364;294.885;22.809553995338018
7549;10.601838246260046;2.0110627025210364;307.8025;24.13552670599144
7550;10.552854868224387;2.0110627025210364;337.855;25.50790102850767
7551;10.607408843376898;2.0110627025210364;379.105;26.828311837196765
7552;10.601830119731245;0.8581343589944365;400.925;21.055789894789477
7553;10.552862391916914;0.09265341133422282;391.7925;10.527368526326315
7554;10.607410000450296;0.10179496642032294;376.83;0.0
7555;10.601821998671978;1.7767440666913537;368.89750000000004;-0.0
7556;10.552869912018203;1.7685402570513549;349.4175;0.0
7557;10.607411155206384;1.7776807453784282;327.7325;0.0
7558;10.60181388307669;1.7767427066104378;306.1575;0.0
7559;10.55287742853107;2.0110627025210364;276.0325;1.3747664428954829
7560;10.607412307648417;2.0110627025210364;251.845;2.697587273985197
7561;10.60180577293983;2.0110627025210364;242.1175;4.02560203096496
7562;10.552884941458363;2.0110627025210364;243.955;5.399958776376419
7563;10.607413457779634;2.0110627025210364;255.115;6.722375995608129
7564;10.601797668255855;2.0110627025210364;252.0025;8.049995973165505
7565;10.552892450802899;2.0110627025210364;265.2525;9.423943145305435
7566;10.60741460560327;2.0110627025210364;283.83500000000004;10.7459568756678
7567;10.60178956901923;2.0110627025210364;288.8575;12.073182189411964
7568;10.5528999565675;1.7685452921740639;276.62;12.071974871193023
7569;10.607415751122558;2.0110627025210364;243.175;13.393722710139475
7570;10.60178147522443;2.0110627025210364;220.6525;14.720690936405253
7571;10.552907458754984;2.0110627025210364;217.8725;16.093956781494377
7572;10.60741689434073;2.0110627025210364;224.3425;17.415301336192535
7573;10.601773386865927;2.0110627025210364;248.9325;18.741875088536286
7574;10.552914957368172;2.0110627025210364;278.2825;20.11473169152767
7575;10.607418035260993;2.0110627025210364;285.42;21.435673084860575
7576;10.601765303938215;1.7767345653026454;289.74;21.43352951755209
7577;10.552922452409877;1.768549062219861;271.3525;21.431386164600333
7578;10.607419173886578;1.7776820892174834;244.225;21.429243025983872
7579;10.601757226435792;2.0110627025210364;239.425;22.75543073656727
7580;10.552929943882903;2.0110627025210364;215.29250000000002;24.127871746804853
7581;10.607420310220688;2.0110627025210364;191.0925;25.44840966492052
7582;10.60174915435316;2.0110627025210364;185.465;26.774203127318522
7583;10.552937431790063;2.0110627025210364;167.8;28.14623514680523
7584;10.607421444266523;2.0110627025210364;151.815;29.46637015123735
7585;10.601741087684827;2.0110627025210364;146.04500000000002;30.791769480921637
7586;10.55294491613416;2.0110627025210364;150.16250000000002;32.16339263364609
7587;10.607422576027288;2.0110627025210364;152.1125;33.4831248471568
7588;10.601733026425311;2.0110627025210364;159.4275;34.80813015956804
7589;10.552952396917998;2.0110627025210364;168.205;36.17934456947999
7590;10.607423705506179;2.0110627025210364;178.505;37.498674114792166
7591;10.601724970569137;2.0110627025210364;196.78;38.823285525340005
7592;10.552959874144369;2.0110627025210364;183.9775;40.19409131635032
7593;10.607424832706382;2.0110627025210364;159.915;41.513018316147615
7594;10.601716920110844;2.0110627025210364;137.48000000000002;42.837235940210704
7595;10.552967347816073;2.0110627025210364;134.87;44.20763323619141
7596;10.60742595763108;2.0110627025210364;140.315;45.526157813118274
7597;10.601708875044967;2.0110627025210364;172.1975;46.849981766044245
7598;10.552974817935896;2.0110627025210364;216.805;48.21997069082854
7599;10.607427080283452;2.0110627025210364;260.53;49.53809296749018
7600;10.601700835366058;1.8590822195483356;280.6275;50.0
7601;10.552982284506632;1.7694411344396765;286.455;50.0
7602;10.607428200666671;1.3532631169111828;296.18;47.32919507129669
7603;10.601692801068669;0.10083682921705082;307.3575;36.798146362315876
7604;10.552989747531063;0.09267475467802043;320.635;26.268150758205962
7605;10.607429318783906;1.7776837893862032;340.8;26.26552394313014
7606;10.601684772147369;1.7767210690959003;363.1125;26.26289739073583
7607;10.552997207011973;1.7685615902358707;377.03000000000003;26.260271100996757
7608;10.60743043463832;1.777683976390636;396.495;26.257645073886657
7609;10.601676748596718;1.7767197244406125;406.6475;26.255019309379268
7610;10.553004662952144;1.7685628397661366;399.705;26.252393807448332
7611;10.60743154823307;1.7776841630163749;387.945;26.249768568067587
7612;10.601668730411308;2.0110627025210364;391.595;27.575558297320036
7613;10.553012115354349;2.0110627025210364;392.8;28.947439231903672
7614;10.607432659571309;2.0110627025210364;388.53000000000003;30.26748346138774
7615;10.601660717585716;1.7767170378265866;372.72;30.264456713041604
7616;10.553019564221366;0.09267975161416878;352.6675;19.73511447789662
7617;10.607433768656175;0.10179894969968552;337.8025;9.206825176975146
7618;10.601652710114536;1.776715695866034;326.02250000000004;9.205904494457448
7619;10.553027009555958;1.768566584801258;320.9375;9.204983904008001
7620;10.607434875490826;1.7776847206267061;325.8375;9.204063405617601
7621;10.601644707992376;2.0110627025210364;331.365;10.531580526684282
7622;10.553034451360897;1.7685678319626208;343.09749999999997;10.530527368631613
7623;10.607435980078384;1.7776849057429427;351.91999999999996;10.52947431589475
7624;10.60163671121383;1.7767130146333263;357.08500000000004;10.528421368463162
7625;10.553041889638951;1.7685690785329178;348.9175;10.527368526326315
7626;10.607437082421988;0.10179950504892145;345.375;-0.0
7627;10.601628719773524;1.7767116753593648;343.48749999999995;-0.0
7628;10.553049324392877;1.7685703245126112;333.3675;0.0
7629;10.607438182524765;2.0110627025210364;326.245;1.322933726601473
7630;10.601620733666083;2.0110627025210364;304.375;2.651261736246034
7631;10.55305675562543;2.0110627025210364;282.1775;4.02559269222825
7632;10.607439280389832;2.0110627025210364;272.58500000000004;5.348122816588687
7633;10.601612752886124;2.0110627025210364;273.4725;6.676055889065211
7634;10.55306418333937;2.0110627025210364;269.8675;8.049977309303904
7635;10.607440376020309;2.0110627025210364;260.90500000000003;9.372103954353681
7636;10.601604777428296;2.0110627025210364;251.7675;10.699642205401366
7637;10.55307160753745;2.0110627025210364;244.675;12.07315421402025
7638;10.607441469419305;2.0110627025210364;238.13;13.394877502650507
7639;10.601596807287239;2.0110627025210364;248.6825;14.722021047977366
7640;10.553079028222419;2.0110627025210364;241.34;16.09512376906127
7641;10.607442560589924;2.0110627025210364;228.81;17.416443824123938
7642;10.601588842457605;2.0110627025210364;212.4075;18.7431927794068
7643;10.553086445397021;2.0110627025210364;204.705;20.11588633700169
7644;10.607443649535268;2.0110627025210364;206.5775;21.436803281309487
7645;10.601580882934062;2.0110627025210364;218.6;22.763157762193995
7646;10.553093859063997;2.0110627025210364;256.65;24.13544228030698
7647;10.607444736258433;2.0110627025210364;285.54499999999996;25.455956236633437
7648;10.601572928711265;2.0110627025210364;301.4675;26.781916358734073
7649;10.55310126922609;2.0110627025210364;299.2375;28.153791961333415
7650;10.607445820762512;1.7776865549290108;291.4125;28.150976582137282
7651;10.601564979783893;1.776700993266381;291.60249999999996;28.14816148447907
7652;10.55310867588604;2.0110627025210364;285.385;29.519893426238884
7653;10.607446903050587;2.0110627025210364;296.805;30.839866878998205
7654;10.601557036146625;2.0110627025210364;306.4175;32.16530370797101
7655;10.553116079046578;2.0110627025210364;320.27750000000003;33.536626902505965
7656;10.607447983125738;2.0110627025210364;339.79;34.85619765584626
7657;10.601549097794155;2.0110627025210364;345.6;36.181240393176225
7658;10.553123478710441;2.0110627025210364;347.0575;37.55215496436198
7659;10.607449060991044;2.0110627025210364;346.5;38.871323140924055
7660;10.601541164721173;2.0110627025210364;351.73;40.19597190212485
7661;10.553130874880347;2.0110627025210364;353.6025;41.56647797379831
7662;10.607450136649575;2.0110627025210364;336.5725;42.88524369618383
7663;10.601533236922382;2.0110627025210364;350.225;44.209498596737944
7664;10.55313826755903;2.0110627025210364;342.65;45.5795962926972
7665;10.60745121010439;2.0110627025210364;331.8225;46.89795968346876
7666;10.601525314392495;2.0110627025210364;335.33500000000004;48.22182083882755
7667;10.553145656749205;2.0110627025210364;340.5225;49.59151028283192
7668;10.607452281358558;1.8506237427588175;345.6975;50.0
7669;10.601517397126232;1.7775750640023378;361.9775;50.0
7670;10.553153042453602;1.7685877064729032;388.1725;49.995
7671;10.60745335041513;1.7776878168126393;399.3375;49.9900005
7672;10.60150948511831;0.5926438352383969;398.07;42.54794149482408
7673;10.553160424674925;0.09270335821453651;386.645;32.01737091120091
7674;10.60745441727715;0.1018024101723106;383.435;21.48785338463611
7675;10.60150157836347;0.10080478247952572;377.4375;10.959388809823963
7676;10.553167803415896;1.7685901802412967;366.82;10.95829287094298
7677;10.607455481947675;2.0110627025210364;355.605;12.280114333805596
7678;10.601493676856443;2.0110627025210364;350.925;13.607467329358595
7679;10.553175178679226;2.0110627025210364;321.5575;14.980590162880397
7680;10.607456544429738;2.0110627025210364;316.2475;16.302008386655856
7681;10.601485780591979;2.0110627025210364;317.145;17.62896669425481
7682;10.553182550467616;2.0110627025210364;313.9425;19.00168037464115
7683;10.607457604726378;2.0110627025210364;299.52;20.32269548211363
7684;10.601477889564833;2.0110627025210364;303.23;21.649259217478825
7685;10.553189918783772;2.0110627025210364;325.755;23.021563868712494
7686;10.607458662840621;2.0110627025210364;355.7075;24.342175982627033
7687;10.601470003769762;2.0110627025210364;361.59;25.668345261447495
7688;10.553197283630402;1.7685951207879513;358.51750000000004;25.66577842692135
7689;10.607459718775495;0.10180329864277625;349.09499999999997;15.136896059604975
7690;10.601462123201532;1.7766837556800064;337.1075;15.135382369999014
7691;10.5532046450102;2.0110627025210364;315.6825;16.508324419002324
7692;10.607460772534017;2.0110627025210364;290.61249999999995;17.829585852653107
7693;10.601454247854925;2.0110627025210364;281.8075;19.156421358605662
7694;10.553212002925866;2.0110627025210364;295.1375;20.52895431369023
7695;10.60746182411921;2.0110627025210364;330.16999999999996;21.849812685345615
7696;10.601446377724718;2.0110627025210364;348.96;23.1762536452386
7697;10.553219357380089;2.0110627025210364;347.2375;24.548377630362992
7698;10.607462873534073;1.777689412778416;343.6325;24.545922792599956
7699;10.601438512805702;1.7766797988478027;341.32;24.543468200320696
7700;10.553226708375552;2.0110627025210364;330.75;25.91544848054389
7701;10.607463920781623;2.0110627025210364;316.90250000000003;27.235766210953294
7702;10.601430653092669;2.0110627025210364;308.03;28.561683513894167
7703;10.553234055914954;2.0110627025210364;294.8925;29.93325499242357
7704;10.607464965864853;2.0110627025210364;265.3375;31.253169949352717
7705;10.60142279858043;2.0110627025210364;261.275;32.578692973706374
7706;10.553241400000973;2.0110627025210364;256.625;33.94985577440808
7707;10.607466008786762;2.0110627025210364;252.5275;35.26936808048321
7708;10.601414949263784;2.0110627025210364;257.92;36.59449694187457
7709;10.553248740636294;2.0110627025210364;285.985;37.9652511885759
7710;10.607467049550348;2.0110627025210364;325.52250000000004;39.28436096638421
7711;10.601407105137554;2.0110627025210364;352.72249999999997;40.6090957804069
7712;10.55325607782359;2.0110627025210364;349.22249999999997;41.97944159689646
7713;10.607468088158585;1.7776902866898212;339.4775;41.975243652736765
7714;10.60139926619657;2.0110627025210364;316.4175;43.29971682548475
7715;10.553263411565545;2.0110627025210364;294.5775;44.66978661281494
7716;10.607469124614456;2.0110627025210364;291.33000000000004;45.98822396576992
7717;10.601391432435651;2.0110627025210364;301.19;47.312303282559476
7718;10.553270741864822;2.0110627025210364;331.46000000000004;48.68196484745964
7719;10.607470158920943;2.0110627025210364;361.47749999999996;50.0
7720;10.601383603849644;1.7766705967350058;371.5525;49.995
7721;10.553278068724095;0.09272307401115826;368.82;39.463684710526316
7722;10.607471191081013;0.10180522126992118;364.8125;28.933422552581575
7723;10.601375780433392;0.10078370018575618;367.9275;18.404213420852635
7724;10.55328539214603;1.7686098867670808;372.335;18.40237299951055
7725;10.607472221097636;2.0110627025210364;371.8125;19.723434152167844
7726;10.601367962181746;2.0110627025210364;368.505;21.05016224467997
7727;10.553292712133292;2.0110627025210364;365.0725;22.422429151928874
7728;10.60747324897377;2.0110627025210364;336.0025;23.743087322488602
7729;10.60136014908957;2.0110627025210364;328.165;25.06942087212126
7730;10.553300028688538;2.0110627025210364;322.39;26.441278902779935
7731;10.607474274712374;2.0110627025210364;321.97;27.761534213912903
7732;10.601352341151724;2.0110627025210364;335.305;29.087473336397373
7733;10.553307341814433;2.0110627025210364;363.9975;30.458922614340025
7734;10.607475298316398;2.0110627025210364;385.5475;31.778775188678015
7735;10.601344538363085;2.0110627025210364;384.5;33.104319999714214
7736;10.553314651513626;1.7686147903023202;369.675;33.10100956771424
7737;10.607476319788793;0.8547600541353803;350.2525;27.300722820323294
7738;10.601336740718528;2.0110627025210364;335.6775;28.62672284435866
7739;10.55332195778877;2.0110627025210364;333.025;29.99820431217489
7740;10.607477339132501;2.0110627025210364;338.7475;31.3181010195678
7741;10.601328948212945;2.0110627025210364;348.4125;32.643706708663544
7742;10.553329260642519;2.0110627025210364;362.1275;34.014779540382285
7743;10.607478356350459;2.0110627025210364;372.60749999999996;35.334273623895314
7744;10.601321160841229;1.7766601320012343;379.6075;35.33074019653292
7745;10.553336560077513;1.7686184619269618;378.2475;35.32720712251327
7746;10.607479371445596;1.777692177639627;374.2675;35.32367440180102
7747;10.601313378598281;1.7766588277863564;383.56;35.32014203436084
7748;10.553343856096403;1.7686196846562505;388.7925;35.316610020157405
7749;10.607480384420846;2.0110627025210364;395.4925;36.635971993955586
7750;10.601305601479005;2.0110627025210364;400.985;37.961068075351136
7751;10.553351148701822;2.0110627025210364;388.0075;39.33158837727687
7752;10.607481395279132;2.0110627025210364;374.3825;40.650547892923974
7753;10.601297829478318;2.0110627025210364;354.3675;41.97524990013028
7754;10.553358437896412;2.0110627025210364;346.395;43.34536185913868
7755;10.607482404023369;2.0110627025210364;344.9225;44.66391903913056
7756;10.601290062591142;2.0110627025210364;347.1925;45.98822708776507
7757;10.553365723682807;2.0110627025210364;360.2875;47.357930827557624
7758;10.607483410656469;2.0110627025210364;379.475;48.676085794351216
7759;10.601282300812407;2.0110627025210364;393.475;50.0
7760;10.553373006063644;1.7686245698572423;392.9575;49.995
7761;10.607484415181354;1.1420384434517545;388.635;45.99742433932468
7762;10.60127454413704;1.7766523195749753;384.13;45.99282459689075
7763;10.553380285041543;1.7686257897306559;374.125;45.98822531443106
7764;10.607485417600909;2.0110627025210364;373.15999999999997;47.30651534517876
7765;10.601266792559993;2.0110627025210364;380.37;48.63058124071226
7766;10.553387560619141;2.0110627025210364;393.73;50.0
7767;10.60748641791805;1.7785754035927543;414.15;50.0
7768;10.601259046076212;1.7775317673222668;417.055;50.0
7769;10.553394832799055;1.1094286114768657;418.21000000000004;45.85453636113741
7770;10.607487416135665;0.10180794040344272;426.855;35.32363511802762
7771;10.601251304680648;1.7766484249079773;432.64;35.320102754515815
7772;10.553402101583904;1.7686294459335425;440.6;35.316570744240366
7773;10.607488412256648;2.0110627025210364;446.8675;36.635925095522126
7774;10.601243568368268;2.0110627025210364;456.93;37.961080113062714
7775;10.553409366976314;2.0110627025210364;455.3825;39.33154510642391
7776;10.607489406283879;2.0110627025210364;457.9;40.650497015943586
7777;10.601235837134034;2.0110627025210364;460.6575;41.97525792096466
7778;10.553416628978894;2.0110627025210364;462.1825;43.34531459764261
7779;10.607490398220245;2.0110627025210364;465.4225;44.66386418787362
7780;10.601228110972933;2.0110627025210364;461.3225;45.98823109603055
7781;10.553423887594262;2.0110627025210364;461.765;47.3578795797064
7782;10.607491388068617;2.0110627025210364;463.165;48.67602697308325
7783;10.60122038987994;2.0110627025210364;457.3225;50.0
7784;10.553431142825023;1.3347934298490784;446.53999999999996;47.27002511077763
7785;10.607492375831873;0.10180877159178095;429.8125;36.73898231879288
7786;10.601212673850043;1.7766419508227607;410.775;36.735308420561005
7787;10.553438394673783;2.0110627025210364;398.6925;38.105868414778854
7788;10.607493361512875;2.0110627025210364;396.44;39.42493913450015
7789;10.601204962878244;2.0110627025210364;414.175;40.749851925852376
7790;10.553445643143148;2.0110627025210364;441.47249999999997;42.1200035796738
7791;10.607494345114489;1.7776946870552128;467.12;42.11579157931584
7792;10.60119725695954;0.10075378169410733;469.7125;31.58526421068423
7793;10.55345288823572;0.09275237176111663;454.4625;21.055789894789477
7794;10.607495326639564;0.10180926611338836;453.69;10.527368526326315
7795;10.601189556088947;0.100752491116305;462.895;-0.0
7796;10.553460129954097;1.7686391708244578;477.04;0.0
7797;10.607496306090965;1.7776950156924338;482.615;0.0
7798;10.601181860261477;1.7766367868178694;465.2375;0.0
7799;10.553467368300872;1.76864038388856;436.7525;0.0
7800;10.607497283471536;1.777695179490235;410.515;-0.0
7801;10.601174169472154;1.7766354979295726;384.52500000000003;-0.0
7802;10.553474603278639;1.768641596388055;356.1875;0.0
7803;10.60749825878412;1.8197260042644328;349.5175;0.238256887008635
7804;10.601166483716;2.0110627025210364;343.3875;1.5671249017897344
7805;10.553481834889991;2.0110627025210364;347.6325;2.9411604461540635
7806;10.607499232031554;2.0110627025210364;346.10749999999996;4.263742059679472
7807;10.601158802988065;1.7766329226826545;348.8;4.263315685473504
7808;10.553489063137514;1.7686440196949607;327.4775;4.262889353904957
7809;10.607500203216683;1.7776956688061154;292.3275;4.262463064969567
7810;10.601151127283382;2.0110627025210364;249.64;5.590943247743857
7811;10.553496288023789;2.0110627025210364;227.76;6.964562679796483
7812;10.607501172342323;2.0110627025210364;216.51500000000001;8.286740109803297
7813;10.601143456597004;2.0110627025210364;228.015;9.614825152025162
7814;10.553503509551405;2.0110627025210364;258.4;10.988035335436125
7815;10.60750213941131;2.0110627025210364;318.19;12.309809499461839
7816;10.601135790923987;2.0110627025210364;335.0925;13.637499517134104
7817;10.55351072772293;1.768647650431602;326.5225;13.636135767182392
7818;10.607503104426458;0.10181056958148267;314.9025;3.10845636413199
7819;10.601128130259392;1.7766277822842695;300.34749999999997;3.1081455184955766
7820;10.553517942540951;2.0110627025210364;288.0775;4.4819926585298235
7821;10.60750406739059;2.0110627025210364;281.515;5.804415595242911
7822;10.601120474598291;2.0110627025210364;281.96500000000003;7.13277070281501
7823;10.553525154008037;2.0110627025210364;274.0675;8.506208529437092
7824;10.607505028306516;2.0110627025210364;282.535;9.828228131692958
7825;10.601112823935757;2.0110627025210364;277.005;11.156188126140819
7826;10.553532362126756;2.0110627025210364;265.6575;12.529216763307787
7827;10.607505987177042;2.0110627025210364;253.4425;13.850833153813266
7828;10.601105178266875;2.0110627025210364;247.79250000000002;15.178398151144354
7829;10.553539566899676;2.0110627025210364;247.1075;16.551017722774546
7830;10.60750694400497;2.0110627025210364;232.26999999999998;17.872231024197546
7831;10.601097537586735;2.0110627025210364;231.6;19.199401140387728
7832;10.55354676832937;2.0110627025210364;217.89;20.571611770360786
7833;10.607507898793102;2.0110627025210364;198.105;21.892422105330304
7834;10.601089901890429;2.0110627025210364;180.82;23.21919745632386
7835;10.553553966418391;2.0110627025210364;165.905;24.590999268480758
7836;10.607508851544228;2.0110627025210364;165.6075;25.911406759586892
7837;10.60108227117306;2.0110627025210364;167.70499999999998;27.237787461296527
7838;10.553561161169306;2.0110627025210364;179.6125;28.609180579439556
7839;10.60750980226114;2.0110627025210364;193.4675;29.929185349233528
7840;10.601074645429746;2.0110627025210364;194.36;31.255171517540347
7841;10.553568352584662;2.0110627025210364;193.75;32.626156065433165
7842;10.607510750946624;2.0110627025210364;201.1475;33.94575823642733
7843;10.60106702465559;2.0110627025210364;219.8725;35.271349987180876
7844;10.553575540667026;2.0110627025210364;224.1575;36.64192608854848
7845;10.607511697603456;2.0110627025210364;229.11;37.961125783216346
7846;10.60105940884572;2.0110627025210364;242.0025;39.286323232234594
7847;10.553582725418934;2.0110627025210364;235.225;40.65649101076338
7848;10.607512642234417;2.0110627025210364;246.8;41.975288351539604
7849;10.601051797995257;2.0110627025210364;253.83249999999998;43.30009161460895
7850;10.55358990684295;2.0110627025210364;256.26;44.66985119394669
7851;10.607513584842279;2.0110627025210364;257.425;45.988246303227136
7852;10.601044192099344;2.0110627025210364;271.4325;47.31265549610244
7853;10.55359708494161;2.0110627025210364;289.52750000000003;48.6820069998583
7854;10.607514525429805;2.0110627025210364;320.65250000000003;50.0
7855;10.601036591153122;1.7774944864223652;347.6875;50.0
7856;10.553604259717464;1.7695453703687096;360.245;50.0
7857;10.607515463999755;1.7785802713837187;360.8325;50.0
7858;10.601028995151736;1.7774932134194423;364.065;50.0
7859;10.553611431173046;1.7695465722226131;367.995;50.0
7860;10.607516400554895;1.7785804283396445;375.4775;50.0
7861;10.601021404090341;1.7774919412444052;387.01;50.0
7862;10.553618599310896;1.769547773520503;401.025;50.0
7863;10.607517335097974;1.778580584958372;412.73249999999996;50.0
7864;10.6010138179641;1.7774906698964437;415.915;50.0
7865;10.553625764133553;1.7686669292178383;415.055;49.995
7866;10.607518267631741;0.10181311076119902;419.8625;39.463684710526316
7867;10.601006236768175;0.8987317463517741;425.9375;33.94576056590621
7868;10.553632925643543;2.0110627025210364;432.0075;35.31641471048825
7869;10.60751919815894;2.0110627025210364;437.425;36.63573983076621
7870;10.600998660497742;2.0110627025210364;434.075;37.96112752931028
7871;10.5536400838434;2.0110627025210364;432.875;39.331373336906125
7872;10.60752012668232;2.0110627025210364;430.45;40.65029607922423
7873;10.600991089147985;2.0110627025210364;431.3125;41.97528951492573
7874;10.553647238735648;2.0110627025210364;435.23749999999995;43.345127109175365
7875;10.60752105320461;2.0110627025210364;440.94;44.66364759592007
7876;10.600983522714087;2.0110627025210364;442.765;45.98824688458209
7877;10.553654390322816;2.0110627025210364;457.8125;47.357676389086954
7878;10.60752197772854;2.0110627025210364;464.1425;48.67579474260594
7879;10.600975961191239;2.0110627025210364;457.0725;50.0
7880;10.553661538607418;1.768672924610346;446.895;49.995
7881;10.607522900256841;0.10181388713616171;437.2525;39.463684710526316
7882;10.600968404574642;1.7766010140869999;425.9;39.45973834205526
7883;10.55366868359198;2.0110627025210364;421.665;40.829807118808674
7884;10.607523820792233;0.30754001927336044;425.53;31.59158284307389
7885;10.600960852859505;0.1007141630717485;427.2975;21.062107895315897
7886;10.553675825279013;1.768675318893045;437.0425;21.060001684526366
7887;10.607524739337437;1.7776997807792247;448.96000000000004;21.057895684357913
7888;10.600953306041035;1.7765984837455164;449.125;21.055789894789477
7889;10.553682963671037;0.09279092977167763;444.1375;10.527368526326315
7890;10.60752565589517;0.10181434894961716;444.6925;-0.0
7891;10.600945764114455;1.7765972198049123;452.53499999999997;0.0
7892;10.553690098770552;1.7686777109669174;462.60749999999996;0.0
7893;10.607526570468137;2.0110627025210364;475.5325;1.32284975805527
7894;10.60093822707498;2.0110627025210364;482.22249999999997;2.6518261573582333
7895;10.553697230580077;2.0110627025210364;483.435;4.025548605691425
7896;10.607527483059043;2.0110627025210364;470.0525;5.347994941924765
7897;10.600930694917853;2.0110627025210364;451.0875;6.676575982258612
7898;10.553704359102111;2.0110627025210364;445.9175;8.04988918351338
7899;10.607528393670595;2.0110627025210364;444.985;9.371932220607963
7900;10.600923167638305;2.0110627025210364;440.9125;10.700118018129512
7901;10.553711484339159;2.0110627025210364;460.125;12.073022096205499
7902;10.607529302305487;2.0110627025210364;473.7075;13.394661956805667
7903;10.600915645231579;2.0110627025210364;458.815;14.722452627639985
7904;10.553718606293723;2.0110627025210364;452.2475;16.094947706398184
7905;10.607530208966413;1.499365421042429;445.04499999999996;14.34510131524677
7906;10.600908127692929;1.77659091237128;435.8125;14.343666805115248
7907;10.553725724968299;2.0110627025210364;433.1225;15.716192999714854
7908;10.607531113656057;2.0110627025210364;436.89750000000004;17.03746682244163
7909;10.600900615017608;2.0110627025210364;439.1075;18.36490749149266
7910;10.553732840365381;2.0110627025210364;448.875;19.737024802396398
7911;10.607532016377103;2.0110627025210364;462.9275;21.057895684357913
7912;10.600893107200882;1.7765883951086694;462.775;21.055789894789477
7913;10.553739952487458;0.0928004804452748;459.3625;10.527368526326315
7914;10.607532917132238;0.10181556584987056;462.5075;0.0
7915;10.600885604238018;1.776587137697938;466.335;0.0
7916;10.553747061337026;1.7686872572413237;465.805;0.0
7917;10.607533815924134;1.7777013019113057;463.18;0.0
7918;10.600878106124286;1.776585881099866;433.83;0.0
7919;10.553754166916566;1.7686884480551563;396.5025;0.0
7920;10.60753471275546;2.0110627025210364;362.6725;1.3228420228823137
7921;10.600870612854973;2.0110627025210364;334.2875;2.6518826564678015
7922;10.553761269228566;2.0110627025210364;323.64250000000004;4.025544262435017
7923;10.607535607628881;2.0110627025210364;315.725;5.347982880761336
7924;10.600863124425366;2.0110627025210364;306.2425;6.676628114269162
7925;10.55376836827551;2.0110627025210364;309.4;8.049880501596
7926;10.607536500547065;2.0110627025210364;316.07;9.37191583802613
7927;10.60085564083076;1.7765821161737068;317.78249999999997;9.370978646442328
7928;10.55377546405987;0.276895848425522;314.0475;0.0
7929;10.607537391512668;1.7777019011390343;296.48;0.0
7930;10.60084816206645;1.7765808628183763;271.9175;0.0
7931;10.553782556584128;2.0110627025210364;246.2125;1.3739065712450782
7932;10.607538280528347;2.0110627025210364;246.0875;2.6966078140860237
7933;10.60084068812775;2.0110627025210364;244.7425;4.025539499583252
7934;10.55378964585075;2.0110627025210364;247.945;5.399036782075081
7935;10.607539167596752;2.0110627025210364;258.495;6.721334669179959
7936;10.600833219009964;2.0110627025210364;255.68;8.049870977653576
7937;10.553796731862212;2.0110627025210364;256.885;9.422959095286709
7938;10.607540052720521;2.0110627025210364;255.79250000000002;10.744853749292686
7939;10.600825754708413;1.7765771076015422;256.135;10.743779263917757
7940;10.55380381462099;2.0110627025210364;245.63;12.116591262101425
7941;10.607540935902303;2.0110627025210364;244.4375;13.438215713868027
7942;10.60081829521843;2.0110627025210364;243.5525;14.766094511839132
7943;10.553810894129535;2.0110627025210364;228.5575;16.13849755296489
7944;10.607541817144739;2.0110627025210364;225.03;17.45971897692209
7945;10.600810840535335;2.0110627025210364;223.035;18.78720270651583
7946;10.553817970390321;2.0110627025210364;222.22;20.159196914374377
7947;10.607542696450452;2.0110627025210364;217.49;21.48001543305501
7948;10.600803390654466;2.0110627025210364;225.1925;22.807104210389962
7949;10.553825043405803;2.0110627025210364;237.64499999999998;24.17868970873341
7950;10.607543573822078;2.0110627025210364;249.36249999999998;25.49910544463156
7951;10.60079594557117;2.0110627025210364;279.0775;26.825799385794486
7952;10.553832113178444;2.0110627025210364;291.045;28.196976298336384
7953;10.607544449262237;1.777703083937111;289.76750000000004;28.194156600706552
7954;10.600788505280796;1.7765708650236613;278.84;28.191337185046482
7955;10.553839179710694;1.7687026952267821;271.0375;28.18851805132798
7956;10.607545322773554;1.7777032303276135;268.22749999999996;28.185699199522848
7957;10.600781069778701;1.7765696189185831;280.625;28.182880629602895
7958;10.553846243005012;1.7687038789540954;301.515;28.180062341539934
7959;10.60754619435864;1.7777033763953018;324.35;28.17724433530578
7960;10.600773639060243;0.10068278818099086;323.91999999999996;17.648110821398568
7961;10.553853303063843;0.09281947670498115;314.9475;7.120030220842745
7962;10.60754706402011;1.777703522140614;308.3325;7.119318217820661
7963;10.600766213120798;1.7765671291127003;297.36;7.118606285998879
7964;10.553860359889635;1.7687062447824404;281.595;7.117894425370279
7965;10.607547931760575;2.0110627025210364;277.225;8.440012100755196
7966;10.600758791955728;2.0110627025210364;283.5075;9.76844724718718
7967;10.553867413484832;2.0110627025210364;287.44;11.14129635965187
7968;10.607548797582641;2.0110627025210364;290.68;12.463010872312395
7969;10.600751375560417;2.0110627025210364;291.4925;13.791050764442767
7970;10.55387446385188;2.0110627025210364;298.58;15.163490918707037
7971;10.6075496614889;2.0110627025210364;291.1975;16.484802391200713
7972;10.600743963930254;2.0110627025210364;298.74;17.812447145227853
7973;10.553881510993218;2.0110627025210364;314.4275;19.184478465069773
7974;10.607550523481953;1.7777041019068376;305.8425;19.182560017223267
7975;10.60073655706063;1.7765621590963248;304.14750000000004;19.180641761221544
7976;10.553888554911284;1.7687109699454768;308.2475;19.178723697045424
7977;10.60755138356439;1.7777042460468133;303.87;19.176805824675718
7978;10.600729154946945;1.7765609185867621;288.4925;19.174888144093252
7979;10.553895595608505;1.7687121498857754;271.21;19.172970655278842
7980;10.6075522417388;1.7777043898670257;273.4925;19.171053358213314
7981;10.600721757584594;2.0110627025210364;285.7025;20.49845058317213
7982;10.553902633087322;2.0110627025210364;297.38;21.87019323668086
7983;10.607553098007763;1.777704533367907;314.45;21.86800621735719
7984;10.600714364968999;1.7765584399556773;312.15;21.865819416735455
7985;10.55390966735016;1.7687145081486755;299.7925;21.863632834793783
7986;10.607553952373861;0.42456795675455206;294.9675;13.362331410974713
7987;10.60070697709557;1.7765572018326186;288.5;13.360995177833615
7988;10.553916698399446;2.0110627025210364;277.8425;14.733438214836358
7989;10.607554804839669;2.0110627025210364;270.41;16.05478780641719
7990;10.600699593959726;2.0110627025210364;273.6075;17.382517713374806
7991;10.553923726237613;2.0110627025210364;260.3675;18.754551921677738
7992;10.607555655407758;2.0110627025210364;240.0075;20.075498593848202
7993;10.600692215556906;2.0110627025210364;220.17000000000002;21.402833439209758
7994;10.55393075086707;2.0110627025210364;217.6775;22.77445894254212
7995;10.607556504080696;2.0110627025210364;219.04500000000002;24.095002817771206
7996;10.600684841882535;2.0110627025210364;219.36;25.42194271770102
7997;10.553937772290242;2.0110627025210364;218.1875;26.793159639753522
7998;10.607557350861045;2.0110627025210364;214.3175;28.113300840471556
7999;10.600677472932055;2.0110627025210364;219.655;29.439845911102058
8000;10.553944790509545;2.0110627025210364;235.32;30.81065437552688
8001;10.607558195751364;2.0110627025210364;243.1025;32.13039302412553
8002;10.600670108700914;2.0110627025210364;241.765;33.45654338155725
8003;10.553951805527396;2.0110627025210364;256.22249999999997;34.826943511968075
8004;10.607559038754207;2.0110627025210364;269.94;36.14627973080038
8005;10.600662749184563;2.0110627025210364;294.5775;37.47203549110197
8006;10.553958817346201;2.0110627025210364;314.47;38.84202741107397
8007;10.60755987987213;1.7777056699307803;321.0775;38.838143208332866
8008;10.600655394378462;1.7765485571594126;313.77750000000003;38.83425939401204
8009;10.553965825968374;1.7687239196905518;302.85;38.83037596807264
8010;10.60756071910767;1.777705810577055;297.995;38.82649293047583
8011;10.600648044278069;1.7765473253666826;298.095;38.82261028118278
8012;10.553972831396322;1.7687250937201235;297.755;38.818728020154666
8013;10.60756155646338;1.7777059509082915;294.8375;38.814846147352654
8014;10.600640698878859;1.7765460943618172;293.27750000000003;38.810964662737916
8015;10.553979833632445;1.7687262672147819;295.7175;38.80708356627164
8016;10.607562391941793;2.0110627025210364;276.7125;40.126018585570314
8017;10.600633358176307;2.0110627025210364;244.4975;41.45140429344427
8018;10.553986832679144;2.0110627025210364;238.0875;42.82097166196974
8019;10.607563225545446;2.0110627025210364;242.0775;44.139504500535374
8020;10.600626022165898;2.0110627025210364;255.2475;45.46449582902772
8021;10.553993828538824;2.0110627025210364;267.4025;46.83365524233293
8022;10.607564057276871;2.0110627025210364;280.1425;48.151786022395676
8023;10.600618690843113;2.0110627025210364;297.5075;49.47638308749248
8024;10.554000821213874;0.09284419905910392;293.135;38.945119659710045
8025;10.607564887138588;0.1018209236571515;274.9325;28.414909358270393
8026;10.600611364203449;1.7765411782058498;247.39999999999998;28.412067867334567
8027;10.554007810706695;2.0110627025210364;234.4425;29.782919240376472
8028;10.607565715133127;2.0110627025210364;219.4425;31.102753519075964
8029;10.600604042242406;2.0110627025210364;240.685;32.42906940359377
8030;10.554014797019672;2.0110627025210364;272.65;33.79951243948472
8031;10.607566541263004;1.777706786303675;291.0875;33.79613248824077
8032;10.600596724955489;0.10065313940118908;282.6975;23.266437085518263
8033;10.554021780155198;1.768733296972066;263.9975;23.26411044180971
8034;10.60756736553074;2.0110627025210364;259.245;24.584595033511327
8035;10.600589412338213;2.0110627025210364;246.515;25.911576632286675
8036;10.554028760115656;2.0110627025210364;236.965;27.282658152513573
8037;10.607568187938837;2.0110627025210364;213.3775;28.60274010815643
8038;10.600582104386088;2.0110627025210364;213.1125;29.92932683497883
8039;10.554035736903433;2.0110627025210364;214.49;31.299999952237073
8040;10.607569008489804;2.0110627025210364;212.14;32.619679394176536
8041;10.60057480109464;2.0110627025210364;206.25;33.94587136519721
8042;10.554042710520909;2.0110627025210364;200.2875;35.31613620306583
8043;10.607569827186147;2.0110627025210364;199.3975;36.63541325361869
8044;10.600567502459398;2.0110627025210364;199.5675;37.9612105849569
8045;10.554049680970461;2.0110627025210364;201.93;39.33106726697647
8046;10.607570644030362;2.0110627025210364;223.7375;40.649942048420925
8047;10.600560208475898;2.0110627025210364;264.565;41.975344856163986
8048;10.554056648254468;2.0110627025210364;275.7575;43.34479350583663
8049;10.60757145902495;2.0110627025210364;270.6075;44.66326614041234
8050;10.600552919139677;2.0110627025210364;264.9;45.988274540615606
8051;10.554063612375305;2.0110627025210364;256.3175;47.35731528140501
8052;10.607572272172396;2.0110627025210364;269.9225;48.6753858913131
8053;10.600545634446283;2.0110627025210364;299.14750000000004;50.0
8054;10.55407057333534;1.7696235191957586;336.495;50.0
8055;10.607573083475186;1.7785899277485502;368.995;50.0
8056;10.600538354391274;1.776528942596668;377.9825;49.995
8057;10.554077531136944;1.7705066420841604;378.8125;50.0
8058;10.607573892935806;1.7777080183599225;381.21000000000004;49.995
8059;10.600531078970198;1.5386995109719293;392.39750000000004;48.49619036846515
8060;10.554084485782479;0.09285822028355753;407.2725;37.96502495995462
8061;10.607574700556741;1.777708153707951;421.28;37.961228457458624
8062;10.600523808178622;2.0110627025210364;431.855;39.28693471684319
8063;10.554091437274314;2.0110627025210364;443.9425;40.656619157960904
8064;10.607575506340462;2.0110627025210364;445.36;41.97535676502167
8065;10.600516542012116;2.0110627025210364;447.6625;43.30066851443366
8066;10.55409838561481;2.0110627025210364;457.36;44.66994498124814
8067;10.607576310289433;2.0110627025210364;454.56;45.98828049197506
8068;10.60050928046626;2.0110627025210364;454.5475;47.31319784748292
8069;10.554105330806324;2.0110627025210364;465.5825;48.68206646343217
8070;10.607577112406133;2.0110627025210364;468.18;50.0
8071;10.600502023536624;1.7774048990060725;449.49;50.0
8072;10.554112272851217;1.7687484625125505;451.84250000000003;49.995
8073;10.607577912693023;0.10182310659104335;444.9375;39.463684710526316
8074;10.600494771218804;0.10063605312141992;436.165;28.933422552581575
8075;10.554119211751836;1.7687496253929031;434.3325;28.930529210326316
8076;10.60757871115256;2.0110627025210364;436.79;30.250436381810353
8077;10.600487523508386;2.0110627025210364;443.3875;31.576948190839204
8078;10.554126147510534;1.7713321026207138;457.1875;31.58842305298953
8079;10.607579507787202;1.7777089593447746;467.8075;31.58526421068423
8080;10.600480280400975;0.1006336246261478;457.2925;21.055789894789477
8081;10.554133080129663;0.09286636414015552;446.885;10.527368526326315
8082;10.607580302599406;0.10182350711200913;442.295;-0.0
8083;10.600473041892169;1.776517996969088;441.5375;0.0
8084;10.554140009611569;1.7687531108762364;436.575;0.0
8085;10.607581095591613;1.777709225442627;442.145;-0.0
8086;10.600465807977578;2.0110627025210364;445.265;1.3295574824213008
8087;10.554146935958594;2.0110627025210364;448.06;2.7029849375123947
8088;10.607581886766273;2.0110627025210364;454.015;4.0255118465906845
8089;10.60045857865282;2.0110627025210364;461.0675;5.354673645685847
8090;10.554153859173084;2.0110627025210364;461.7275;6.727692012106848
8091;10.607582676125821;2.0110627025210364;457.5825;8.049815700586107
8092;10.600451353913513;2.0110627025210364;456.495;9.378581932798213
8093;10.554160779257373;2.0110627025210364;459.1375;10.751191334310429
8094;10.607583463672697;2.0110627025210364;449.015;12.072911924687936
8095;10.600444133755289;2.0110627025210364;430.3925;13.401282706427944
8096;10.554167696213801;2.0110627025210364;423.525;14.77348326675419
8097;10.607584249409337;2.0110627025210364;410.0375;16.094800881488645
8098;10.60043691817377;1.7765119430471923;399.1575;16.093191401400496
8099;10.554174610044699;2.0110627025210364;390.685;17.46511620271789
8100;10.60758503333817;2.0110627025210364;394.935;18.786163909426357
8101;10.600429707164604;2.0110627025210364;404.0;20.11387707122904
8102;10.554181520752405;2.0110627025210364;419.71000000000004;21.485393238807134
8103;10.607585815461618;1.7777100164388377;432.27;21.483244699483254
8104;10.60042250072343;1.776509526847472;429.0825;21.481096375013305
8105;10.554188428339247;2.0110627025210364;422.495;22.852469258453517
8106;10.607586595782106;2.0110627025210364;421.935;24.172976745534672
8107;10.600415298845896;2.0110627025210364;423.84749999999997;25.500164913956517
8108;10.554195332807549;2.0110627025210364;430.28;26.87112933129795
8109;10.607587374302048;2.0110627025210364;438.2825;28.191234212777875
8110;10.600408101527657;2.0110627025210364;444.445;29.51802739290532
8111;10.55420223415963;2.0110627025210364;452.0525;30.888583467714383
8112;10.607588151023863;2.0110627025210364;464.355;32.20828586589494
8113;10.600400908764374;2.0110627025210364;472.3075;33.53468417398219
8114;10.554209132397826;2.0110627025210364;480.2825;34.90483202978686
8115;10.607588925949953;2.0110627025210364;486.3125;36.224132066931425
8116;10.600393720551718;2.0110627025210364;488.44;37.5501356192006
8117;10.554216027524447;2.0110627025210364;492.395;38.919875379490456
8118;10.607589699082737;2.0110627025210364;489.2;40.23877317782391
8119;10.600386536885354;2.0110627025210364;475.32;41.56438209046504
8120;10.554222919541816;1.7687670056319356;471.83;41.560225652255994
8121;10.60759047042461;0.10182521112317859;463.155;31.029753840217083
8122;10.600379357760964;0.10061671114638407;454.825;20.50033507535938
8123;10.55422980845224;0.09288257470030646;448.7;9.97196925237816
8124;10.607591239977971;1.7777109255257142;441.19;9.970972055452924
8125;10.600372183174224;1.7765010942019313;446.61;9.969974958247379
8126;10.55423669425804;1.768769314116772;455.83500000000004;9.968977960751554
8127;10.607592007745223;1.7777110541947212;469.15500000000003;9.967981062955479
8128;10.600365013120829;1.776499892583018;468.565;9.966984264849184
8129;10.554243576961522;0.18209425139662497;458.275;-0.0
8130;10.607592773728749;1.7777111825647962;456.29;-0.0
8131;10.60035784759647;1.7764986917231194;446.3475;0.0
8132;10.554250456564993;1.7687716205219566;423.525;0.0
8133;10.607593537930937;1.7777113106363394;393.2175;0.0
8134;10.600350686596844;1.7764974916215144;363.86249999999995;-0.0
8135;10.554257333070764;1.7687727729456464;323.1625;0.0
8136;10.607594300354178;2.0110627025210364;286.3675;1.3227854146635312
8137;10.600343530117664;2.0110627025210364;236.7825;2.6523267825102836
8138;10.55426420648113;2.0110627025210364;205.055;4.025510553674958
8139;10.607595061000843;2.0110627025210364;187.45;5.347892694668789
8140;10.600336378154633;2.0110627025210364;181.285;6.67703834615242
8141;10.554271076798399;2.0110627025210364;180.555;8.049813119359326
8142;10.60759581987332;2.0110627025210364;179.325;9.371792109167737
8143;10.600329230703469;2.0110627025210364;182.9475;10.700542160788524
8144;10.554277944024859;2.0110627025210364;190.785;12.07290805974883
8145;10.607596576973972;2.0110627025210364;201.9575;13.394484020817583
8146;10.600322087759896;2.0110627025210364;204.075;14.7228385890436
8147;10.554284808162812;2.0110627025210364;204.53;16.094795737430026
8148;10.607597332305176;2.0110627025210364;213.60750000000002;17.415968792166364
8149;10.600314949319639;2.0110627025210364;222.92000000000002;18.74392799343349
8150;10.554291669214555;2.0110627025210364;237.0425;20.11547651488032
8151;10.607598085869293;2.0110627025210364;249.445;21.436246785653005
8152;10.60030781537843;2.0110627025210364;249.7375;22.76381073636493
8153;10.554298527182375;1.9637769915445928;247.6975;23.866904857910114
8154;10.607598837668686;2.0110627025210364;234.0525;25.187299271639073
8155;10.600300685932005;2.0110627025210364;224.0075;26.514494890076502
8156;10.554305382068561;2.0110627025210364;203.73250000000002;27.88525332762236
8157;10.607599587705714;2.0110627025210364;193.7;29.205245193969173
8158;10.600293560976116;2.0110627025210364;181.8075;30.532045786522467
8159;10.5543122338754;2.0110627025210364;169.73000000000002;31.902395959762185
8160;10.607600335982733;2.0110627025210364;168.27;33.22198540098261
8161;10.600286440506501;2.0110627025210364;166.5475;34.548391083961334
8162;10.554319082605174;2.0110627025210364;167.7875;35.91833311637803
8163;10.60760108250209;2.0110627025210364;173.075;37.23752025468941
8164;10.600279324518922;2.0110627025210364;178.7075;38.563531144370955
8165;10.554325928260162;2.0110627025210364;194.4125;39.93306515940937
8166;10.607601827266137;2.0110627025210364;195.0675;41.251850116990596
8167;10.60027221300914;2.0110627025210364;216.03;42.57746632962021
8168;10.554332770842652;2.0110627025210364;246.4425;43.94659245068673
8169;10.60760257027721;2.0110627025210364;251.5475;45.264975349678316
8170;10.600265105972914;2.0110627025210364;246.3675;46.59019700146908
8171;10.554339610354912;2.0110627025210364;248.7475;47.958915351931765
8172;10.60760331153766;2.0110627025210364;256.695;49.27689631443579
8173;10.600258003406019;1.7764819589791627;275.93;49.271968624804344
8174;10.554346446799222;1.7687877073869451;289.735;49.26704142794186
8175;10.607604051049815;0.10182748708058094;295.85249999999996;38.73579893432538
8176;10.600250905304234;0.10059518398431933;291.795;28.20560956495827
8177;10.554353280177848;0.09290326714882201;279.525;17.67647321452809
8178;10.607604788816012;0.10182761072175436;260.82;7.148389777732955
8179;10.600243811663333;2.0110627025210364;221.075;8.477443317675016
8180;10.554360110493066;2.0110627025210364;174.39;9.849953468374835
8181;10.607605524838576;2.0110627025210364;147.39249999999998;11.171743224431351
8182;10.60023672247911;2.0110627025210364;140.875;12.500401163753754
8183;10.55436693774714;2.0110627025210364;128.76;13.872502532777595
8184;10.607606259119834;2.0110627025210364;129.13;15.193889336360476
8185;10.600229637747352;2.0110627025210364;127.0475;16.522151791566856
8186;10.554373761942333;2.0110627025210364;127.28;17.893844502542482
8187;10.607606991662115;2.0110627025210364;128.2075;19.214828476013217
8188;10.600222557463864;2.0110627025210364;133.995;20.542695563574945
8189;10.554380583080915;2.0110627025210364;156.635;21.91397974009172
8190;10.607607722467725;2.0110627025210364;170.9525;23.234561005773372
8191;10.600215481624444;2.0110627025210364;196.8425;24.562032842129575
8192;10.554387401165139;2.0110627025210364;214.3725;25.932908607738483
8193;10.607608451538987;2.0110627025210364;212.58;27.253087287915672
8194;10.600208410224903;2.0110627025210364;204.7575;28.580163989473224
8195;10.554394216197268;2.0110627025210364;194.6175;29.950631467686872
8196;10.60760917887821;2.0110627025210364;213.2575;31.270407684605804
8197;10.60020134326105;2.0110627025210364;228.25;32.59708936773934
8198;10.554401028179552;2.0110627025210364;246.2075;33.967148682032
8199;10.607609904487699;2.0110627025210364;254.3475;35.28652255790048
8200;10.60019428072871;1.776471279787526;247.685;35.282993905644695
8201;10.554407837114248;1.7687979957013487;251.985;35.27946560625413
8202;10.607610628369764;1.7777141747983474;244.4425;35.275937659693504
8203;10.600187222623706;1.7764700969298823;239.64249999999998;35.27241006592754
8204;10.554414643003604;2.0110627025210364;235.95999999999998;36.64218891406752
8205;10.607611350526707;2.0110627025210364;236.5575;37.96129391217574
8206;10.600180168941872;2.0110627025210364;240.1175;39.28732662228974
8207;10.554421445849872;2.0110627025210364;222.49;40.65669751607013
8208;10.607612070960812;2.0110627025210364;200.8625;41.97540037890575
8209;10.600173119679036;2.0110627025210364;203.51;43.30103837517277
8210;10.554428245655297;2.0110627025210364;225.615;44.670001437962725
8211;10.60761278967438;2.0110627025210364;236.84;45.988302287628265
8212;10.60016607483104;2.0110627025210364;244.575;47.313545686310015
8213;10.554435042422124;2.0110627025210364;265.7725;48.68210104144036
8214;10.607613506669706;2.0110627025210364;288.9325;50.0
8215;10.600159034393739;1.7764653729050544;299.6175;49.995
8216;10.55444183615259;0.09291810811697937;303.03999999999996;39.463684710526316
8217;10.607614221949067;0.10182919160692562;285.7375;28.933422552581575
8218;10.600151998362973;1.7764641937468004;268.98;28.930529210326316
8219;10.554448626848943;1.7688048315941898;257.8125;28.927636157405285
8220;10.607614935514752;1.7777148966265672;250.18;28.924743393789544
8221;10.600144966734605;1.8852200517120146;261.67;29.53835592113036
8222;10.55445541451341;1.7688059691290936;287.1475;29.535402085538248
8223;10.607615647369041;1.7777150159252013;302.4925;29.532448545329693
8224;10.60013793950449;0.10057625220877554;302.385;19.00317951100148
8225;10.554462199148231;0.09292152072206658;293.2525;8.474963403576698
8226;10.6076163575142;1.777715134937405;277.9075;8.47411590723634
8227;10.600130916668512;2.0110627025210364;260.3625;9.803144124810531
8228;10.554468980755642;2.0110627025210364;242.965;11.17541827868019
8229;10.607617065952509;2.0110627025210364;222.7575;12.49706452419744
8230;10.600123898222524;2.0110627025210364;203.09;13.825697114433622
8231;10.554475759337866;2.0110627025210364;187.165;15.197562573351206
8232;10.607617772686234;2.0110627025210364;180.315;16.51880593304195
8233;10.600116884162414;2.0110627025210364;169.70499999999998;17.847043012494353
8234;10.554482534897135;2.0110627025210364;169.74;19.218499900040825
8235;10.607618477717647;2.0110627025210364;175.1625;20.539340496219054
8236;10.600109874484062;2.0110627025210364;177.525;21.867182181409575
8237;10.554489307435674;2.0110627025210364;193.2725;23.238230621127546
8238;10.607619181048996;2.0110627025210364;225.7525;24.558668576068886
8239;10.60010286918336;2.0110627025210364;266.795;25.88611498348709
8240;10.554496076955703;2.0110627025210364;278.8975;27.256755098880824
8241;10.607619882682553;2.0110627025210364;271.3525;28.576790534822514
8242;10.600095868256197;2.0110627025210364;263.46500000000003;29.903841780925646
8243;10.554502843459446;2.0110627025210364;266.41499999999996;31.27407369546108
8244;10.607620582620566;2.0110627025210364;269.9975;32.593706734601994
8245;10.600088871698473;2.0110627025210364;277.54;33.920362935814985
8246;10.554509606949122;2.0110627025210364;296.6575;35.29018677291974
8247;10.607621280865281;1.7777159600347159;320.6075;35.28665775424245
8248;10.600081879506096;1.7764524426286497;321.8025;35.28312908846702
8249;10.554516367426942;1.7688161841400114;307.0725;35.27960077555817
8250;10.607621977418956;1.7777160767691422;296.27750000000003;35.27607281548062
8251;10.600074891674968;1.7764512715481036;275.0875;35.27254520819907
8252;10.55452312489513;2.0110627025210364;254.01999999999998;36.642220985027876
8253;10.607622672283828;2.0110627025210364;241.26749999999998;37.96131522425974
8254;10.600067908201007;2.0110627025210364;236.14249999999998;39.287454579946356
8255;10.55452987935589;2.0110627025210364;217.505;40.656722449100265
8256;10.607623365462143;2.0110627025210364;218.78;41.975414579666314
8257;10.600060929080133;2.0110627025210364;220.8875;43.30115915558222
8258;10.554536630811436;2.0110627025210364;218.98000000000002;44.670019240395796
8259;10.60762405695613;2.0110627025210364;228.12;45.98830938436343
8260;10.600053954308272;2.0110627025210364;234.505;47.31365929683214
8261;10.554543379263968;2.0110627025210364;249.1875;48.68211172060169
8262;10.60762474676803;2.0110627025210364;278.0175;50.0
8263;10.60004698388135;1.777328639566165;303.555;50.0
8264;10.5545501247157;1.7688218414753747;309.3075;49.995
8265;10.607625434900074;0.9234095649399249;289.315;44.624057680283954
8266;10.600040017795308;1.7764454270848806;265.6875;44.61959527451592
8267;10.554556867168829;2.0110627025210364;251.635;45.98830429117808
8268;10.607626121354482;2.0110627025210364;251.71;47.30646064546221
8269;10.60003305604608;2.0110627025210364;260.28;48.631698596153896
8270;10.554563606625559;2.0110627025210364;286.7475;50.0
8271;10.607626806133485;1.7785989310514156;329.5475;50.0
8272;10.600026098629618;1.7764430943919665;345.3075;49.995
8273;10.554570343088082;0.2843202304313217;337.89250000000004;40.66575512747719
8274;10.607627489239299;1.7777170004871683;325.8775;40.661688551964446
8275;10.600019145541866;1.7764419291340128;315.805;40.65762238310925
8276;10.554577076558601;1.7688263582958768;315.3775;40.65355662087094
8277;10.607628170674138;1.7777171146878508;312.46000000000004;40.64949126520885
8278;10.600012196778783;2.0110627025210364;318.41;41.975414729142486
8279;10.554583807039307;2.0110627025210364;318.7075;43.344362570982234
8280;10.607628850440221;2.0110627025210364;322.84;44.66278072680693
8281;10.60000525233633;2.0110627025210364;329.8525;45.98830945901474
8282;10.55459053453239;2.0110627025210364;339.025;47.35684962026306
8283;10.607629528539757;2.0110627025210364;354.9625;48.67486588318827
8284;10.599998312210476;2.0110627025210364;369.04;50.0
8285;10.55459725904004;1.7697117856938147;379.6975;50.0
8286;10.60763020497495;1.7785995006583573;395.20000000000005;50.0
8287;10.599991376397185;1.7773193203880495;393.185;50.0
8288;10.554603980564446;1.7688308670994353;387.115;49.995
8289;10.607630879748005;1.777717568697635;380.535;49.9900005
8290;10.599984444892439;1.7764361137021947;370.9275;49.98500149995
8291;10.554610699107789;1.7688319930504295;365.1425;49.98000299980001
8292;10.607631552861118;1.7777176815036915;371.3675;49.97500499950003
8293;10.599977517692215;1.7817259001613135;385.2;50.0
8294;10.554617414672252;1.768833118502198;402.6575;49.995
8295;10.60763222431649;1.7777177940319293;411.7075;49.9900005
8296;10.599970594792502;0.1005482071497136;410.25;39.45868571047632
8297;10.554624127260018;0.0929486580209086;404.2325;28.928424052431588
8298;10.607632894116312;0.10183232084851915;406.5925;18.399215420552665
8299;10.59996367618929;0.10054704767097415;412.2825;7.871059709536928
8300;10.554630836873264;0.5158161089828988;417.8425;-0.0
8301;10.607633562262773;1.7777180182564183;419.95500000000004;-0.0
8302;10.599956761878584;1.7764314743458065;409.3325;0.0
8303;10.554637543514163;1.7688364918657988;389.47749999999996;-0.0
8304;10.607634228758064;2.0110627025210364;377.9125;1.322747482679839
8305;10.599949851856367;2.0110627025210364;356.5825;2.6526628486680224
8306;10.554644247184893;2.0110627025210364;352.3925;4.0254855475575075
8307;10.607634893604356;2.0110627025210364;339.02750000000003;5.347829850078614
8308;10.599942946118661;2.0110627025210364;336.71500000000003;6.677349268280878
8309;10.554650947887621;2.0110627025210364;333.5875;8.049763132860809
8310;10.607635556803846;2.0110627025210364;323.78999999999996;9.37170437758387
8311;10.599936044661476;2.0110627025210364;327.8675;10.700827964717709
8312;10.554657645624518;2.0110627025210364;346.09749999999997;12.072833118577945
8313;10.607636218358692;2.0110627025210364;355.6925;13.394371427825329
8314;10.599929147480822;1.7764268464886905;349.60249999999996;13.393031990682546
8315;10.554664340397752;1.768840982716893;337.52;13.391692687483479
8316;10.607636878271082;2.0110627025210364;327.08500000000004;14.713098483857204
8317;10.59992225457273;2.0110627025210364;327.03499999999997;16.041701032164724
8318;10.554671032209486;2.0110627025210364;334.9625;17.413159381462496
8319;10.607637536543177;2.0110627025210364;346.8875;18.73416240580833
8320;10.599915365933219;1.7764245368589933;351.2825;18.73228898956775
8321;10.554677721061882;0.09295763972890984;344.135;8.204099971195108
8322;10.60763819317714;0.4716817872043078;343.89;-0.0
8323;10.599908481558327;1.7764233831165286;338.445;0.0
8324;10.5546844069571;1.768844345642649;321.7025;-0.0
8325;10.607638848175142;1.777718904114853;308.1025;0.0
8326;10.599901601444085;2.0110627025210364;297.995;1.3300934786281193
8327;10.5546910898973;1.7688454656269639;297.0675;1.3299604692802565
8328;10.607639501539337;2.0110627025210364;288.2425;2.6525699467709583
8329;10.599894725586537;2.0110627025210364;276.75;3.98240470046907
8330;10.554697769884637;2.0110627025210364;266.77250000000004;5.355043578608618
8331;10.607640153271886;2.0110627025210364;265.9225;6.677249928642466
8332;10.599887853981732;2.0110627025210364;257.4075;8.006688742366956
8333;10.554704446921264;2.0110627025210364;250.5325;9.37891884891752
8334;10.607640803374938;2.0110627025210364;242.54500000000002;10.700722193826437
8335;10.599880986625719;2.0110627025210364;251.2125;12.029765184312621
8336;10.554711121009333;2.0110627025210364;257.9825;13.401586642835323
8337;10.607641451850645;2.0110627025210364;251.0525;14.722987104912928
8338;10.599874123514555;2.0110627025210364;241.16500000000002;16.05163438886361
8339;10.554717792150988;2.0110627025210364;236.42000000000002;17.42304732288129
8340;10.607642098701154;2.0110627025210364;232.23;18.744045024382903
8341;10.599867264644299;2.0110627025210364;240.8175;20.07229671846838
8342;10.554724460348387;2.0110627025210364;259.41;21.443301251465567
8343;10.607642743928608;2.0110627025210364;280.7975;22.763896314608242
8344;10.599860410011026;2.0110627025210364;278.5925;24.091752535466306
8345;10.554731125603665;1.7688521751532837;270.54;24.08934336021276
8346;10.607643387535141;1.7777196648596518;266.6275;24.086934425876738
8347;10.599853559610802;1.7764141788265104;264.72749999999996;24.08452573243415
8348;10.55473778791897;2.0110627025210364;251.32;25.455116381337888
8349;10.607644029522897;2.0110627025210364;249.08;26.775309041653003
8350;10.599846713439705;2.0110627025210364;237.31;28.102777132981117
8351;10.554744447296441;2.0110627025210364;222.0525;29.4729596303362
8352;10.607644669894007;2.0110627025210364;220.035;30.79274989797386
8353;10.599839871493815;2.0110627025210364;218.08249999999998;32.11982274506494
8354;10.554751103738214;2.0110627025210364;216.745;33.489597214239126
8355;10.6076453086506;2.0110627025210364;213.66750000000002;34.808985211299635
8356;10.599833033769219;2.0110627025210364;225.3325;36.13566293069775
8357;10.554757757246426;2.0110627025210364;234.2775;37.50502949502057
8358;10.6076459457948;2.0110627025210364;252.625;38.82401534356601
8359;10.599826200262012;2.0110627025210364;285.395;40.15029805178274
8360;10.554764407823214;1.7688577528724831;286.4375;40.14628302197756
8361;10.607646581328737;1.7777202001029169;275.0325;40.142268393675366
8362;10.599819370968286;2.0110627025210364;254.5425;41.468425764416125
8363;10.554771055470706;2.0110627025210364;239.8275;42.83724641914252
8364;10.607647215254525;2.0110627025210364;246.265;44.1556978400088
8365;10.599812545884141;2.0110627025210364;264.565;45.481460351634865
8366;10.55477770019103;2.0110627025210364;295.5125;46.849873390418225
8367;10.607647847574292;1.777720412311184;320.0675;46.845188403079185
8368;10.599805725005687;0.10052057685979394;311.3975;36.31418809476519
8369;10.55478434198632;1.604776342190933;299.1775;35.27993267352514
8370;10.607648478290134;1.7777205180119429;296.56;35.276404680257784
8371;10.599798908329033;1.7764050198969763;281.03999999999996;35.272877039789755
8372;10.554790980858698;2.0110627025210364;277.87;36.64229832027001
8373;10.607649107404178;2.0110627025210364;277.1225;37.96136743840401
8374;10.599792095850297;2.0110627025210364;280.7625;39.287768810602394
8375;10.554797616810287;2.0110627025210364;284.01;40.65678229775156
8376;10.60764973491852;2.0110627025210364;281.9175;41.9754493713492
8377;10.599785287565602;2.0110627025210364;285.4325;43.30145580322474
8378;10.554804249843205;2.0110627025210364;281.91;44.670061620293374
8379;10.607650360835274;2.0110627025210364;281.6925;45.98832677133783
8380;10.599778483471063;2.0110627025210364;293.0575;47.31393837936319
8381;10.55481087995957;2.0110627025210364;303.595;48.68213664956367
8382;10.607650985156534;2.0110627025210364;320.53499999999997;50.0
8383;10.599771683562821;1.7772825023826162;339.2625;50.0
8384;10.554817507161507;1.7688666517140474;348.12;49.995
8385;10.607651607884401;1.777721042496135;342.76750000000004;49.9900005
8386;10.599764887837006;1.7763993184517566;333.1625;49.98500149995
8387;10.55482413145112;1.77239541285731;336.14;50.0
8388;10.607652229020967;1.7786031916364828;352.44;50.0
8389;10.59975809628976;1.7772802253111093;375.84;50.0
8390;10.554830752830531;1.769750916581592;402.23;50.0
8391;10.607652848568327;1.7777212504205657;411.1975;49.995
8392;10.599751308917226;0.10051145734596703;405.385;39.463684710526316
8393;10.554837371301844;0.0929843952824961;399.695;28.933422552581575
8394;10.607653466528568;0.1018357685494348;398.6425;18.404213420852635
8395;10.599744525715554;0.1005103205589766;402.2225;7.876057210036867
8396;10.554843986867168;0.5150562623380519;408.86;-0.0
8397;10.607654082903771;1.7777214572810636;422.205;-0.0
8398;10.599737746680907;1.7763947699045286;425.79499999999996;0.0
8399;10.55485059952861;1.768872197616149;416.9425;-0.0
8400;10.607654697696024;2.0110627025210364;408.22749999999996;1.3227280371887773
8401;10.599730971809434;2.0110627025210364;400.5775;2.6528513411660963
8402;10.554857209288269;2.0110627025210364;392.75;4.0254717072081245
8403;10.607655310907404;2.0110627025210364;392.7775;5.34779661467537
8404;10.599724201097303;2.0110627025210364;394.2175;6.677523843971464
8405;10.554863816148256;2.0110627025210364;401.37;8.049735466246224
8406;10.607655922539983;2.0110627025210364;422.1625;9.371657366286614
8407;10.599717434540679;2.0110627025210364;424.5675;10.70098863773634
8408;10.554870420110664;2.0110627025210364;412.92;12.072791639767438
8409;10.607656532595835;1.3208292207173977;400.78;9.201820262680565
8410;10.599710672135748;1.7763902325205323;390.3075;9.200900080654296
8411;10.554877021177587;1.7688766255822153;382.64250000000004;9.19997999064623
8412;10.607657141077034;1.7777219697959126;384.1325;9.199059992647166
8413;10.599703913878674;2.0110627025210364;403.915;10.528421368463162
8414;10.554883619351129;1.7688777313606083;418.4925;10.527368526326315
8415;10.607657747985641;0.10183648607265418;424.2325;-0.0
8416;10.599697159765647;1.7763879680019046;414.6475;0.0
8417;10.554890214633376;1.7688788366544532;397.6275;-0.0
8418;10.607658353323721;1.7777221729545873;375.9475;0.0
8419;10.599690409792858;1.7763868367836948;357.7775;0.0
8420;10.55489680702642;1.7688799414641008;332.4925;0.0
8421;10.607658957093333;1.7777222741394665;307.915;0.0
8422;10.599683663956494;1.7763857062587023;292.9375;0.0
8423;10.554903396532355;1.850411415535657;259.4325;0.46216670118563036
8424;10.607659559296534;2.0110627025210364;228.8025;1.7848439031838041
8425;10.599676922252762;2.0110627025210364;202.475;3.114972342653362
8426;10.55490998315326;2.0110627025210364;189.7125;4.487496361423499
8427;10.607660159935374;2.0110627025210364;186.92000000000002;5.809770459848751
8428;10.59967018467785;2.0110627025210364;182.365;7.139502807358809
8429;10.554916566891228;2.0110627025210364;180.29500000000002;8.511618118531407
8430;10.607660759011916;2.0110627025210364;184.2175;9.833489235658234
8431;10.599663451227975;2.0110627025210364;208.18;11.162825608068092
8432;10.554923147748333;2.0110627025210364;208.89249999999998;12.534532335146368
8433;10.607661356528192;2.0110627025210364;188.9975;13.856000593211071
8434;10.59965672189935;2.0110627025210364;169.675;15.184941107347369
8435;10.554929725726657;2.0110627025210364;161.1675;16.55623937379631
8436;10.607661952486252;2.0110627025210364;155.26;17.877304894996993
8437;10.599649996688187;2.0110627025210364;159.235;19.205849667653716
8438;10.55493630082829;2.0110627025210364;177.1375;20.576739596900076
8439;10.607662546888147;2.0110627025210364;203.285;21.897402503396645
8440;10.599643275590712;1.7763789376306989;195.715;21.895212763146304
8441;10.554942873055293;1.7688876616034774;179.23;21.89302324186999
8442;10.607663139735894;2.0110627025210364;170.41500000000002;23.213553956796705
8443;10.599636558603141;2.0110627025210364;161.14249999999998;24.54157787072804
8444;10.554949442409745;2.0110627025210364;145.34;25.91192174265171
8445;10.60766373103155;2.0110627025210364;135.2175;27.232050005997472
8446;10.599629845721717;2.0110627025210364;149.635;28.559678447561243
8447;10.554956008893718;2.0110627025210364;143.0675;29.929614271267454
8448;10.607664320777134;2.0110627025210364;144.2025;31.24934020510205
8449;10.59962313694267;2.0110627025210364;137.195;32.576573290986005
8450;10.554962572509286;2.0110627025210364;135.8025;33.94610118977308
8451;10.60766490897468;2.0110627025210364;138.47;35.26542491612816
8452;10.599616432262238;2.0110627025210364;146.9975;36.592262762987424
8453;10.554969133258512;2.0110627025210364;155.7425;37.96138286011554
8454;10.607665495626211;2.0110627025210364;161.7775;39.28030450098463
8455;10.59960973167667;2.0110627025210364;188.095;40.606747225441694
8456;10.554975691143461;2.0110627025210364;214.2525;41.97545964413286
8457;10.607666080733754;2.0110627025210364;217.2825;43.293979321471376
8458;10.59960303518221;2.0110627025210364;209.73;44.62002704011613
8459;10.554982246166206;2.0110627025210364;209.54749999999999;45.98833190355422
8460;10.607666664299323;2.0110627025210364;211.5325;47.30644973927951
8461;10.599596342775117;2.0110627025210364;227.84;48.63210256866922
8462;10.554988798328793;2.0110627025210364;248.15;50.0
8463;10.607667246324938;1.7777236633198426;263.2825;49.995
8464;10.59958965445165;1.776369951341296;273.45;49.9900005
8465;10.554995347633293;1.7688964557423645;270.5675;49.98500149995
8466;10.607667826812612;1.777723760602935;272.78;49.98000299980001
8467;10.599582970208068;1.3552773248819767;270.6075;47.33010954264615
8468;10.555001894081759;1.7688975528522266;268.605;47.32537653169189
8469;10.607668405764356;1.7777238576286232;273.1725;47.32064399403872
8470;10.599576290040641;1.7763677116189194;277.235;47.31591192963931
8471;10.55500843767625;1.768898649483795;282.935;47.31118033844635
8472;10.607668983182174;1.7777239543972432;300.93;47.3064492204125
8473;10.599569613945647;2.0110627025210364;301.17;48.6321274422421
8474;10.555014978418814;2.0110627025210364;304.3125;50.0
8475;10.607669559068079;1.7786060959540977;309.945;50.0
8476;10.599562941919357;1.77724751967148;318.94;50.0
8477;10.555021516311509;1.7697828863583918;337.1725;50.0
8478;10.607670133424064;1.7786061922095893;355.955;50.0
8479;10.599556273958054;1.7772464021974568;375.35;50.0
8480;10.555028051356379;1.7689019365121756;381.9625;49.995
8481;10.607670706252128;1.7777242431640528;364.4075;49.9900005
8482;10.599549610058025;1.7763632403590908;344.1825;49.98500149995
8483;10.555034583555472;1.7689030312340057;330.3775;49.98000299980001
8484;10.607671277554271;1.7777243389077555;331.6775;49.97500499950003
8485;10.599542950215563;1.7763621242456924;344.1;49.97000749900008
8486;10.55504111291083;1.7689041254792583;369.4875;49.96501049825018
8487;10.607671847332485;0.10183884896186815;383.8425;39.43369820772667
8488;10.599536294426958;0.10047542337747715;380.1925;28.90343904843221
8489;10.555047639424503;0.09301963381408018;371.875;18.37423291505369
8490;10.607672415588757;0.1018389441951177;366.9325;7.846079702288501
8491;10.599529642688516;0.5273172826620838;362.3375;-0.0
8492;10.555054163098523;1.7689063125414026;359.755;0.0
8493;10.607672982325077;1.7777246246078375;354.255;0.0
8494;10.599522994996542;1.7763587799793013;347.1325;-0.0
8495;10.55506068393494;1.7689074053589782;330.7825;-0.0
8496;10.607673547543424;1.7777247193319656;316.02750000000003;-0.0
8497;10.599516351347345;1.776357666579709;303.445;0.0
8498;10.555067201935781;1.7689084977013438;295.8625;-0.0
8499;10.60767411124578;1.777724813802031;293.2875;-0.0
8500;10.59950971173723;1.7763565538570205;292.2125;0.0
8501;10.555073717103083;1.7689095895688405;290.855;-0.0
8502;10.607674673434124;1.777724908018365;287.325;-0.0
8503;10.59950307616253;1.7763554418106215;291.0925;-0.0
8504;10.555080229438882;1.76891068096181;289.2925;-0.0
8505;10.607675234110427;1.7777250019812987;270.2925;-0.0
8506;10.599496444619561;1.7763543304398943;242.495;-0.0
8507;10.555086738945203;1.7689117718805911;222.4475;0.0
8508;10.607675793276668;1.7777250956911628;224.51999999999998;-0.0
8509;10.59948981710465;1.7763532197442238;226.5725;-0.0
8510;10.55509324562408;1.768912862325525;242.5575;-0.0
8511;10.607676350934812;1.7777251891482873;257.3375;-0.0
8512;10.599483193614128;1.7763521097229946;258.1175;-0.0
8513;10.555099749477538;1.768913952296951;247.645;-0.0
8514;10.60767690708682;1.7777252823530005;233.09;0.0
8515;10.59947657414434;2.0110627025210364;207.64;1.3304972545628768
8516;10.555106250507597;2.0110627025210364;186.4;2.703013266855203
8517;10.607677461734657;2.0110627025210364;168.2575;4.025449376880594
8518;10.59946995869162;2.0110627025210364;164.2775;5.355550371185868
8519;10.555112748716292;2.0110627025210364;168.48;6.727657704868272
8520;10.607678014880282;2.0110627025210364;165.1;8.049690824961518
8521;10.599463347252312;2.0110627025210364;165.57999999999998;9.379395675989324
8522;10.555119244105628;2.0110627025210364;168.385;10.751094454521379
8523;10.607678566525657;2.0110627025210364;170.215;12.072724706876553
8524;10.59945673982277;2.0110627025210364;174.6975;13.402033531574235
8525;10.555125736677635;2.0110627025210364;178.985;14.773323878377324
8526;10.607679116672731;2.0110627025210364;193.0975;16.094551385150393
8527;10.599450136399351;2.0110627025210364;223.5725;17.423464300432496
8528;10.555132226434322;1.7689193950633244;237.65;17.421721954002454
8529;10.607679665323454;1.7777257446019024;234.78;17.419979781807054
8530;10.599443536978413;2.0110627025210364;233.97;18.748766423699383
8531;10.555138713377705;2.0110627025210364;233.9475;20.119509769348195
8532;10.60768021247978;2.0110627025210364;238.6175;21.440201616515466
8533;10.599436941556316;2.0110627025210364;241.265;22.768592501875315
8534;10.555145197509802;1.7689215688671667;247.57;22.766315642625127
8535;10.607680758143651;1.777725927746064;251.855;22.764039011060866
8536;10.59943035012943;1.7763432537595654;256.2925;22.76176260715976
8537;10.555151678832614;1.4976786107147955;258.655;21.055789894789477
8538;10.607681302317008;0.10184043350909545;267.1225;10.527368526326315
8539;10.599423762694126;0.10045656434658151;267.03999999999996;-0.0
8540;10.555158157348155;1.7689237407877951;262.2975;-0.0
8541;10.607681845001787;1.7777261098910522;259.335;0.0
8542;10.59941717924679;1.7763410464703293;252.9225;0.0
8543;10.555164633058432;1.7689248260427461;229.8475;-0.0
8544;10.607682386199935;1.7777262005896697;201.0575;0.0
8545;10.599410599783795;2.0110627025210364;186.955;1.3305599302053948
8546;10.555171105965448;2.0110627025210364;182.21;2.703014323545199
8547;10.607682925913375;2.0110627025210364;180.2;4.025445242495138
8548;10.599404024301533;2.0110627025210364;177.73250000000002;5.355608874884433
8549;10.555177576071202;2.0110627025210364;180.4625;6.727654616729302
8550;10.607683464144044;2.0110627025210364;188.87;8.049682560330787
8551;10.599397452796389;2.0110627025210364;201.8;9.379450011918186
8552;10.5551840433777;1.7689280789901731;210.0275;9.378512066916993
8553;10.607684000893862;1.7777264711938974;211.46;9.377574215710302
8554;10.599390885264762;0.28349050127101255;216.1525;0.0
8555;10.555190507886937;1.768929162367958;219.8825;-0.0
8556;10.607684536164761;1.777726560899176;217.4075;-0.0
8557;10.599384321703045;1.7763355399219356;203.7775;-0.0
8558;10.555196969600908;1.768930245277288;204.075;-0.0
8559;10.607685069958663;1.7777266503569265;199.73250000000002;-0.0
8560;10.599377762107647;1.7763344406087982;187.1375;-0.0
8561;10.555203428521612;1.7689313277184984;189.1825;-0.0
8562;10.607685602277481;1.7777267395674698;188.8325;-0.0
8563;10.599371206474975;1.7763333419597684;185.2125;-0.0
8564;10.555209884651042;1.7689324096919234;166.3625;0.0
8565;10.607686133123138;1.7777268285311283;159.9925;-0.0
8566;10.599364654801454;2.0110627025210364;158.04;1.3306035779386192
8567;10.555216337991178;2.0110627025210364;153.6375;2.7030149964892063
8568;10.607686662497544;2.0110627025210364;143.22500000000002;4.0254423656168905
8569;10.599358107083479;2.0110627025210364;134.405;5.3556496196510235
8570;10.55522278854402;2.0110627025210364;133.1825;6.727652405572239
8571;10.60768719040261;2.0110627025210364;134.93;8.049676809449203
8572;10.599351563317484;2.0110627025210364;136.5875;9.379487856616647
8573;10.55522923631155;2.0110627025210364;138.4575;10.751082133335013
8574;10.60768771684024;2.0110627025210364;139.20499999999998;12.072703694123451
8575;10.599345023499895;2.0110627025210364;147.115;13.402118651429138
8576;10.55523568129575;2.0110627025210364;146.9025;14.773304542333031
8577;10.607688241812344;1.8497441917704518;144.1325;15.180066055564877
8578;10.59933848762714;2.0110627025210364;136.765;16.50917648571354
8579;10.5552421234986;2.0110627025210364;130.775;17.880045550741297
8580;10.607688765320821;2.0110627025210364;127.32;19.200953219131442
8581;10.599331955695654;2.0110627025210364;128.09;20.529667765898658
8582;10.55524856292209;2.0110627025210364;133.73;21.900128664346084
8583;10.60768928736757;2.0110627025210364;145.16250000000002;23.220633828480455
8584;10.599325427701876;1.776325669961173;148.745;23.218311765097607
8585;10.55525499956819;1.768939970435857;144.8225;23.215989933921097
8586;10.60768980795449;1.7777274443908175;142.6125;23.213668334927707
8587;10.599318903642253;2.0110627025210364;143.1575;24.541994009634074
8588;10.555261433438885;2.0110627025210364;141.0275;25.912041448466173
8589;10.607690327083471;2.0110627025210364;139.825;27.23214443359203
8590;10.599312383513226;2.0110627025210364;145.9625;28.560074454811105
8591;10.555267864536138;2.0110627025210364;149.4325;29.929713976056295
8592;10.607690844756405;2.0110627025210364;155.0825;31.249414702140104
8593;10.599305867311253;2.0110627025210364;156.6575;32.5769491867242
8594;10.555274292861931;2.0110627025210364;157.0575;33.946180913586694
8595;10.607691360975181;2.0110627025210364;156.4675;35.265479502568915
8596;10.599299355032787;2.0110627025210364;157.7;36.59261856733751
8597;10.555280718418231;2.0110627025210364;158.95;37.961442622983455
8598;10.60769187574168;2.0110627025210364;161.29500000000002;39.28033919676656
8599;10.59929284667429;2.0110627025210364;168.9625;40.60708295850631
8600;10.555287141207009;2.0110627025210364;181.935;41.9754994660638
8601;10.607692389057785;2.0110627025210364;183.7;43.293994146512304
8602;10.59928634223223;2.0110627025210364;183.4325;44.62034272197703
8603;10.555293561230227;2.0110627025210364;169.3825;45.98835180453612
8604;10.607692900925379;2.0110627025210364;158.45749999999998;47.30644471347656
8605;10.599279841703071;2.0110627025210364;163.93;48.6323982193873
8606;10.55529997848985;2.0110627025210364;194.4625;50.0
8607;10.607693411346336;1.7786100933230287;261.40999999999997;50.0
8608;10.599273345083292;1.7763169415101991;277.63;49.995
8609;10.555306392987848;1.7689485833849763;269.03000000000003;49.9900005
8610;10.607693920322532;1.77772813357665;269.16499999999996;49.98500149995
8611;10.599266852369366;1.7763158534056314;264.1875;49.98000299980001
8612;10.555312804726176;1.7689496579189603;271.68;49.97500499950003
8613;10.607694427855833;1.7777282186334242;275.1675;49.97000749900008
8614;10.599260363557779;1.7763147659550507;287.8125;49.96501049825018
8615;10.555319213706788;1.768950731990783;288.9225;49.960013997200356
8616;10.607694933948109;1.777728303448699;291.1375;49.95501799580064
8617;10.599253878645015;1.7763136791578684;287.75;49.95002249400106
8618;10.555325619931654;1.7689518056007738;289.42;49.94502749175166
8619;10.607695438601233;1.7777283880227888;291.0925;49.94003298900248
8620;10.599247397627567;1.7763125930134962;290.2275;49.935038985703585
8621;10.555332023402713;1.781293485978623;286.40250000000003;50.0
8622;10.607695941817056;1.7786105174009692;291.5925;50.0
8623;10.59924092050193;1.7763115075213476;306.3125;49.995
8624;10.555338424121933;1.768953951436566;311.8025;49.9900005
8625;10.607696443597446;1.1421586890781092;292.1925;45.99295741987461
8626;10.599234447264605;1.776310422680835;257.145;45.98835812413262
8627;10.555344822091254;2.0110627025210364;233.0675;47.35618170733351
8628;10.607696943944255;2.0110627025210364;237.14749999999998;48.67413399241573
8629;10.599227977912095;2.0110627025210364;251.58499999999998;50.0
8630;10.555351217312632;1.7698381404739203;295.7375;50.0
8631;10.60769744285934;1.7786107689584818;335.1225;50.0
8632;10.599221512440906;1.776308254952376;345.4475;49.995
8633;10.555357609788008;0.09307158130049113;337.4125;39.463684710526316
8634;10.607697940344552;0.10184322185214859;338.0625;28.933422552581575
8635;10.599215050847551;0.10042158662906303;338.7525;18.404213420852635
8636;10.555363999519331;0.09307265214635313;337.2375;7.876057210036867
8637;10.607698436401735;0.523914063348156;338.56;-0.0
8638;10.599208593128548;1.7763060898234408;342.17;-0.0
8639;10.55537038650855;1.7689593079668666;332.0175;0.0
8640;10.607698931032747;1.777728973314352;321.775;-0.0
8641;10.599202139280418;1.7763050082323357;306.04;-0.0
8642;10.555376770757594;1.7689603778939613;302.515;-0.0
8643;10.607699424239417;2.0110627025210364;292.395;1.3226855469725536
8644;10.599195689299686;2.0110627025210364;285.4225;2.653317373583155
8645;10.555383152268412;2.0110627025210364;283.995;4.025438047190805
8646;10.607699916023599;2.0110627025210364;284.77;5.347720583163667
8647;10.599189243182877;2.0110627025210364;286.8;6.677956030081618
8648;10.555389531042941;1.7689625163717893;275.48249999999996;6.67728823447861
8649;10.607700406387119;1.7777292205668647;250.9225;6.676620505655162
8650;10.599182800926531;2.0110627025210364;222.245;8.006729182724392
8651;10.555395907083108;2.0110627025210364;202.7225;9.378302398077167
8652;10.607700895331819;2.0110627025210364;201.675;10.700048717272132
8653;10.599176362527183;2.0110627025210364;209.6675;12.029761167999581
8654;10.555402280390856;2.0110627025210364;230.9225;13.400926025511469
8655;10.60770138285953;2.0110627025210364;261.045;14.722269619192366
8656;10.599169927981373;2.0110627025210364;273.4425;16.05158596064814
8657;10.555408650968111;1.768965720652488;268.55;16.049980802052076
8658;10.607701868972082;1.7777294656793703;267.5325;16.048375803971872
8659;10.59916349728565;1.776298532276133;267.3675;16.046770966391474
8660;10.555415018816808;1.7689667878310722;267.4375;16.045166289294833
8661;10.607702353671305;1.7777295469094145;267.73;16.043561772665903
8662;10.599157070436561;2.0110627025210364;280.595;17.3727581995739
8663;10.555421383938873;1.7689678545527039;282.3075;17.371020923753946
8664;10.607702836959014;2.0110627025210364;272.055;18.691966126550508
8665;10.599150647430667;2.0110627025210364;277.1075;20.020903814878718
8666;10.555427746336225;2.0110627025210364;275.28;21.391245365477815
8667;10.60770331883704;2.0110627025210364;278.5525;22.71178808804608
8668;10.599144228264517;2.0110627025210364;296.1375;24.040329892385984
8669;10.555434106010798;2.0110627025210364;307.2675;25.410263458686487
8670;10.607703799307195;2.0110627025210364;320.6775;26.730403822998785
8671;10.599137812934684;1.7762942278727776;355.5875;26.727730782616486
8672;10.555440462964516;1.7689710519791098;361.025;26.725058009538227
8673;10.6077042783713;1.7777298694671122;334.21000000000004;26.722385503737275
8674;10.599131401437731;1.7762931533792452;291.1375;26.7197132651869
8675;10.555446817199288;2.0110627025210364;246.64249999999998;28.08936681752106
8676;10.607704756031163;2.0110627025210364;232.27;29.409238362609702
8677;10.599124993770227;2.0110627025210364;239.9675;30.737128694691727
8678;10.55545316871704;2.0110627025210364;274.35;32.106374471541066
8679;10.607705232288604;2.0110627025210364;320.40250000000003;33.425843863419736
8680;10.599118589928752;1.7762910063169226;328.37;33.4225012790334
8681;10.555459517519683;0.09308865987034706;314.7025;22.892843239431812
8682;10.607705707145424;0.10184452347911119;307.9575;12.364238165634186
8683;10.599112189909881;0.10040434831278855;298.91499999999996;1.8366859523439398
8684;10.555465863609143;1.6611273081871019;296.0025;1.1591039446460338
8685;10.607706180603431;1.7777301882594532;303.5375;1.1589880342515693
8686;10.599105793710198;1.7762888618171004;304.18;1.1588721354481442
8687;10.555472206987321;1.7689763719141343;290.35;1.1587562482345994
8688;10.607706652664424;2.0110627025210364;272.5425;2.481319052578573
8689;10.599099401326296;2.0110627025210364;266.83750000000003;3.8119264894133345
8690;10.555478547656131;2.0110627025210364;265.145;5.1838406764910685
8691;10.607707123330206;2.0110627025210364;261.76;6.506000525259723
8692;10.599093012754762;2.0110627025210364;268.275;7.836211563090172
8693;10.555484885617485;2.0110627025210364;275.67499999999995;9.207717300597253
8694;10.607707592602573;2.0110627025210364;284.66999999999996;10.529474315894749
8695;10.599086627992193;1.7762856498620465;300.48;10.528421368463162
8696;10.555491220873288;1.7689795584238757;316.5425;10.527368526326315
8697;10.607708060483326;0.10184491787161785;304.325;0.0
8698;10.59908024703519;1.77628458048666;278.91499999999996;0.0
8699;10.555497553425448;1.9014224241733364;258.24;0.750765537668049
8700;10.607708526974248;2.0110627025210364;252.075;2.0733673604887466
8701;10.599073869880353;2.0110627025210364;251.675;3.404039847366362
8702;10.555503883275861;2.0110627025210364;255.83499999999998;4.775970754269557
8703;10.607708992077137;1.7777306594302789;272.7325;4.775493157194131
8704;10.599067496524304;1.7762824436469202;282.3925;4.775015607878411
8705;10.555510210426435;1.768982740855715;277.5625;4.774538106317624
8706;10.607709455793774;1.7777307371438815;272.19;4.774060652506992
8707;10.59906112696364;1.77628137618143;267.36;4.773583246441741
8708;10.555516534879068;2.0110627025210364;254.27;6.145365179981982
8709;10.607709918125941;2.0110627025210364;248.13;7.46742622124434
8710;10.599054761194985;2.0110627025210364;245.515;8.79757745548698
8711;10.555522856635656;2.0110627025210364;243.445;10.168950983937558
8712;10.607710379075424;2.0110627025210364;218.17000000000002;11.490609228717512
8713;10.599048399214961;2.0110627025210364;210.3975;12.820364188540427
8714;10.5555291756981;2.0110627025210364;211.0525;14.19132943520838
8715;10.607710838644007;2.0110627025210364;204.2825;15.512585005553051
8716;10.599042041020187;2.0110627025210364;203.5675;16.841943808083318
8717;10.55553549206829;2.0110627025210364;213.01250000000002;18.212500896237636
8718;10.607711296833456;2.0110627025210364;230.1925;19.53335391415623
8719;10.599035686607298;2.0110627025210364;247.95999999999998;20.86231667648788
8720;10.555541805748115;2.0110627025210364;263.9375;22.23246572935952
8721;10.607711753645548;2.0110627025210364;262.745;23.552916316823314
8722;10.599029335972926;2.0110627025210364;248.9975;24.88148315601735
8723;10.555548116739473;2.0110627025210364;221.7875;26.251224296799247
8724;10.607712209082054;2.0110627025210364;204.43;27.571272575741613
8725;10.599022989113703;2.0110627025210364;199.9075;28.899443608826022
8726;10.555554425044246;2.0110627025210364;230.16;30.268776960673108
8727;10.607712663144751;2.0110627025210364;273.3375;31.58842305298953
8728;10.599016646026275;1.7762739216852543;293.195;31.58526421068423
8729;10.555560730664322;0.09310562203536271;292.675;21.055789894789477
8730;10.607713115835397;0.10184576509078438;290.2825;10.527368526326315
8731;10.599010306707285;0.10038727385372564;298.9925;-0.0
8732;10.555567033601584;1.76899226376973;301.475;-0.0
8733;10.60771356715575;1.7777314261611088;306.8525;0.0
8734;10.599003971153387;1.7762717975215772;309.09;-0.0
8735;10.555573333857922;1.768993319620608;291.6925;-0.0
8736;10.607714017107584;2.0110627025210364;263.90250000000003;1.3226716837477948
8737;10.598997639361228;2.0110627025210364;237.8675;2.653491659186254
8738;10.555579631435208;2.0110627025210364;220.03;4.025425660156888
8739;10.607714465692647;2.0110627025210364;209.53;5.347694375182858
8740;10.598991311327467;2.0110627025210364;207.2775;6.678117859984246
8741;10.555585926335324;2.0110627025210364;211.2225;8.04964341817969
8742;10.607714912912694;2.0110627025210364;223.95749999999998;9.371509286570813
8743;10.598984987048766;2.0110627025210364;229.965;10.701536397945828
8744;10.55559221856015;2.0110627025210364;230.01749999999998;12.072653636673891
8745;10.607715358769484;2.0110627025210364;223.0575;13.394116780479214
8746;10.59897866652179;2.0110627025210364;203.8425;14.723747635605466
8747;10.55559850811156;2.0110627025210364;181.24;16.094456678135924
8748;10.607715803264766;2.0110627025210364;167.885;17.41551721936658
8749;10.59897234974321;2.0110627025210364;165.9575;18.744751935388596
8750;10.555604794991426;2.0110627025210364;176.56;20.115052904953203
8751;10.607716246400289;2.0110627025210364;205.7225;21.435710965582434
8752;10.598966036709697;2.0110627025210364;232.73000000000002;22.764549659611664
8753;10.55561107920162;1.7689996453083503;249.9075;22.7622732046457
8754;10.607716688177792;1.0663333152672345;257.65;18.291668865816444
8755;10.598959727417927;1.776264382777727;259.305;18.289839698929864
8756;10.555617360744012;2.0110627025210364;241.26999999999998;19.660174222253158
8757;10.607717128599026;2.0110627025210364;231.595;20.980876932661857
8758;10.598953421864588;2.0110627025210364;239.6125;22.309773094197233
8759;10.555623639620476;2.0110627025210364;228.26999999999998;23.67969965924836
8760;10.607717567665722;2.0110627025210364;209.9775;25.0
