timestep;heat_demand_MW;electricity_purchase_MW;grid_co2_intensity_kgMWh;storage_SOC_MWh
1;8.75148278662962;0.0;167.3;15.785412856179347
2;10.595972347737018;1.9063103586274284;157.82;16.523856761873027
3;9.224640285479436;2.0110627025210364;159.6325;19.158796104991374
4;9.570877617616967;3.4285714285714284;157.98250000000002;21.464546488644757
5;10.879631690284828;3.4285714285714284;154.4875;22.526749928225303
6;9.563517188564004;3.4285714285714284;148.4275;24.839155924096676
7;9.946009197222118;3.4285714285714284;142.2025;26.787963271143255
8;10.91374815164841;3.4285714285714284;135.6875;27.81722373075015
9;9.715891737835229;3.4285714285714284;128.86;29.98434485743361
10;10.164444396723649;3.4285714285714284;119.8875;31.7251242460604
11;10.8990809655346;3.4285714285714284;114.66;32.767824816377924
12;9.8060940151018;3.4285714285714284;110.9;34.84875871954958
13;10.30664544602495;3.4285714285714284;109.92;36.45396066995392
14;10.873795414840266;3.4285714285714284;112.5775;37.520209629788674
15;9.86868386636744;3.4285714285714284;114.38499999999999;39.541207935776626
16;10.405715782248862;3.4285714285714284;119.50999999999999;41.051823821846625
17;10.847576874859215;3.4285714285714284;121.095;42.142520608348185
18;9.916394005490805;2.0110627025210364;127.105;44.11773205107109
19;10.478025192838057;2.0110627025210364;131.5125;45.55919634466983
20;10.823070641955503;2.0110627025210364;131.965;46.67272331517763
21;9.954937211695988;2.0110627025210364;136.0525;48.61086569173492
22;10.532636426490264;2.0110627025210364;143.08249999999998;50.0
23;10.800887099972119;0.5995289153371696;144.08499999999998;42.39131433164911
24;9.987277948391656;2.0110627025210364;155.0475;44.29916114924387
25;10.574975475659127;2.0110627025210364;157.63;45.648504531252776
26;10.781004244014852;2.0110627025210364;156.6225;46.80198564898554
27;10.015132089110628;2.0110627025210364;158.32999999999998;48.68292996576555
28;10.608485971335762;2.0110627025210364;177.39249999999998;50.0
29;10.763211181616212;1.804673092270444;192.9475;50.0
30;10.039578913307977;1.6834006035091618;225.57;50.0
31;10.635455108336277;1.7832626361042923;269.915;50.0
32;10.747258045891048;1.8019995292500162;306.28;50.0
33;10.061342231442547;1.6861658415794902;326.0575;49.995
34;10.657458698785483;1.5971612644869466;340.48;48.8034675678287
35;10.7329067888223;1.7987123777196128;340.15;48.79858722107191
36;10.080932399357051;1.6894489295819055;337.2275;48.79370736234981
37;10.675615776766287;1.789111059591652;336.475;48.78882799161358
38;10.719946430330966;2.0110627025210364;344.5425;50.0
39;10.098723840579867;1.6924305715708472;346.225;49.995
40;10.690741480460549;1.1908835450593913;342.005;46.21658369227061
41;10.708195317731422;0.11868543246580805;335.5525;35.6856462444277
42;10.115000159946842;0.01927271103775392;340.46750000000003;25.155761890329572
43;10.703442617769655;0.11788893433002622;330.8925;14.626930524666854
44;10.69749884548413;0.1168928261003848;331.0125;4.099152042140703
45;10.129981835867264;1.6976690539440191;335.64;4.0987421269364885
46;10.714179468750737;1.7955738931434384;331.205;4.098332252723795
47;10.687725883931513;2.0110627025210364;317.7875;5.344582829763585
48;10.143843998962607;2.0110627025210364;304.4525;7.107396572466132
49;10.72330693641079;2.0110627025210364;298.21000000000004;8.319544243218635
50;10.678765150330356;2.0110627025210364;295.905;9.573885395980474
51;10.156728288710665;2.0110627025210364;293.565;11.324036133165743
52;10.731102650145235;2.0110627025210364;284.3;12.528356211914453
53;10.6705219518834;2.0110627025210364;277.8675;13.790107522004032
54;10.168751021860594;2.0110627025210364;268.9425;15.528415040484267
55;10.737786590525863;2.0110627025210364;262.975;16.72596493798065
56;10.662915409108594;2.0110627025210364;258.375;17.994522702833688
57;10.18000897943022;2.0110627025210364;254.1375;19.721714720104696
58;10.743535066122504;2.0110627025210364;246.57;20.913384235816306
59;10.655876144176426;2.0110627025210364;234.3225;22.18821056042512
60;10.190583607027243;2.0110627025210364;230.14749999999998;23.904937312693196
61;10.748490844376308;2.0110627025210364;229.84;25.091480516804435
62;10.649344377049408;2.0110627025210364;230.565;26.37209421055582
63;10.200544128556887;2.0110627025210364;247.9375;28.07894007900572
64;10.75277061164454;2.0110627025210364;269.84000000000003;29.261000103935505
65;10.643268363903339;2.0110627025210364;277.1875;30.54696905821694
66;10.209949897562533;2.0110627025210364;282.095;32.244461958626715
67;10.756470545417521;2.0110627025210364;289.56;33.42259049428421
68;10.637603116781564;2.0110627025210364;297.43;34.713525274292294
69;10.218852202125275;2.0110627025210364;309.545;36.40214432974586
70;10.759670530657637;2.0110627025210364;319.685;37.57681711118813
71;10.632309351984654;2.0110627025210364;333.74;38.87236554509158
72;10.227295670571689;2.0110627025210364;330.46500000000003;40.55254742149397
73;10.762437388061956;2.0110627025210364;343.9525;41.724176648092964
74;10.627352623731307;2.0110627025210364;370.4775;43.02401923788341
75;10.235319380563483;2.0110627025210364;396.225;44.69616342442431
76;10.764827372657654;2.0110627025210364;418.0225;45.865107804057104
77;10.622702607786797;2.0110627025210364;446.395;47.16895381587924
78;10.242957744400147;2.0110627025210364;459.15999999999997;48.833427063317515
79;10.766888126959147;2.0110627025210364;463.8375;50.0
80;10.618332506654292;1.7803930839698952;452.24;50.0
81;10.250241223146817;1.7178231513095144;438.3725;49.995
82;10.768660221807394;1.8047042440165635;431.8075;49.9900005
83;10.614218553567362;1.7788215874571753;417.4;49.98500149995
84;10.257196908191425;1.718988844539822;425.0725;49.98000299980001
85;10.770178382280271;1.8049586703418505;419.995;49.97500499950003
86;10.610339597059307;1.7781715187273377;422.5225;49.97000749900008
87;10.26384899896183;1.7201036588433343;420.6575;49.96501049825018
88;10.771472470742921;0.1292899593277367;411.865;39.43369820772667
89;10.606676751500926;0.10167208228584457;405.3;28.90343904843221
90;10.270219198463662;0.04528564596128343;409.8325;18.37423291505369
91;10.772568280939256;0.12947360457897755;414.3725;7.846079702288501
92;10.60321310186921;0.5279345882766298;424.96;0.0
93;10.276327043164127;1.7221948362846382;429.555;-0.0
94;10.773488183838003;1.8055133552139755;425.86;-0.0
95;10.599933453286349;1.7764275680924322;428.71500000000003;0.0
96;10.282190179966781;1.723177430929938;417.6675;-0.0
97;10.774251656270145;1.805641304458366;400.6325;0.0
98;10.596824117676075;1.7759064790194787;397.1825;0.0
99;10.28782460020564;1.7241216952959963;389.8825;-0.0
100;10.774875716222432;1.8057458897662144;386.3675;0.0
101;10.593872731322502;1.7754118604347786;373.325;-0.0
102;10.29324483846476;1.725030065212804;348.545;-0.0
103;10.775375283285452;1.8058296114902017;333.065;-0.0
104;10.59106809826389;1.7749418360232425;310.27;-0.0
105;10.298464142413314;1.7259047608381421;286.115;-0.0
106;10.775763478704096;1.8058946686008452;272.3325;-0.0
107;10.588400055372551;1.7744947025609512;245.405;0.0
108;10.303494618604269;1.7267478110917713;235.0675;0.0
109;10.776051876395313;1.8059430007542034;213.0625;-0.0
110;10.585859355709996;1.7740689103668117;203.7525;0.0
111;10.308347358220846;1.7275610747291001;190.8625;0.0
112;10.776250713933035;2.0110627025210364;184.485;1.162561821763617
113;10.583437567342015;2.0110627025210364;172.9375;2.508179876606526
114;10.313032546001411;1.4726965039158453;170.99;0.9021809856888473
115;10.776369070672674;1.8059961588859248;161.6575;0.9020907675902784
116;10.58112698528039;2.0110627025210364;152.5575;2.2499299224971487
117;10.317559554979304;2.0110627025210364;152.16;3.84802335227456
118;10.7764150187654;2.0110627025210364;161.9775;5.010044282112203
119;10.578920554610038;2.0110627025210364;161.6025;6.359568750804455
120;10.32193702920212;2.0110627025210364;136.72750000000002;7.953092616187361
121;10.776395751698539;2.0110627025210364;136.7225;9.11472134281213
122;10.576811803180316;2.0110627025210364;136.70999999999998;10.46583865765655
123;10.326172956217798;2.0110627025210364;132.59;12.054927765383876
124;10.77631769412042;2.0110627025210364;128.68;13.216220463192938
125;10.574794782501543;2.0110627025210364;122.41499999999999;14.568843797770153
126;10.330274730811226;2.0110627025210364;117.815;16.153625919119712
127;10.776186596011843;2.0110627025210364;120.995;17.314633290316547
128;10.572864015703363;2.0110627025210364;127.46000000000001;18.66868101206932
129;10.334249211229285;2.0110627025210364;125.85;20.249277393300293
130;10.776007613711272;2.0110627025210364;112.0025;21.410045232535253
131;10.57101445158983;2.0110627025210364;102.91499999999999;22.765440499001663
132;10.33810276893201;2.0110627025210364;99.395;24.341966324466355
133;10.775785379855982;2.0110627025210364;98.35249999999999;25.502536016970726
134;10.569241423973633;2.0110627025210364;103.95;26.859206410594076
135;10.341841332743785;2.0110627025210364;114.195;28.43177122384642
136;10.7755240639428;2.0110627025210364;119.7275;29.59218018597838
137;10.567540615594671;2.0110627025210364;132.0225;30.950057383144845
138;10.345470428143543;2.0110627025210364;154.36;32.51876547067017
139;10.775227424921905;2.0110627025210364;156.4375;33.67904754044729
140;10.565908026030721;2.0110627025210364;160.3175;35.03806701096406
141;10.348995212321485;2.0110627025210364;163.2;36.603017752557555
142;10.774898857001022;2.0110627025210364;159.9225;37.76320353663133
143;10.564339943093618;2.0110627025210364;155.0775;39.12330427033873
144;10.352420505537186;2.0110627025210364;140.82999999999998;40.68459245965137
145;10.774541429644469;2.0110627025210364;135.78;41.84470964224316
146;10.562832917276724;2.0110627025210364;137.165;43.20583389986604
147;10.355750819236665;2.0110627025210364;136.98250000000002;44.76355003820123
148;10.77415792259325;2.0110627025210364;138.5975;45.923623656733824
149;10.56138373887994;2.0110627025210364;148.6925;47.285716742432214
150;10.358990381321243;2.0110627025210364;159.58249999999998;48.83994730850279
151;10.77375085660205;2.0110627025210364;181.39249999999998;50.0
152;10.55998941749014;1.7697334047109388;192.86;49.995
153;10.362143158906584;0.6266287825915331;194.265;43.01836609351893
154;10.77332252048108;1.8054855919307855;181.6525;43.01406425690958
155;10.55864716353838;2.0110627025210364;166.84;44.379048045122424
156;10.365212878864234;2.0110627025210364;162.255;45.92765790539689
157;10.77287499494135;2.0110627025210364;163.7175;47.08883389441207
158;10.55735437169227;2.0110627025210364;172.6625;48.45463835791498
159;10.368203046399147;2.0110627025210364;191.2475;50.0
160;10.772410173667184;1.806214738088319;206.0225;50.0
161;10.55610860587366;1.7699650701311205;213.3075;50.0
162;10.371116961883386;0.8230327690824648;223.7225;44.24754211549979
163;10.771929781977681;0.12936659945837578;232.67;33.71680157181456
164;10.55490758571855;2.0110627025210364;234.425;35.086267685224755
165;10.373957736138047;2.0110627025210364;229.6125;36.62749920912509
166;10.771435393386325;2.0110627025210364;227.33249999999998;37.79097283548717
167;10.553749174319652;2.0110627025210364;229.7475;39.16113202259995
168;10.376728304331218;2.0110627025210364;217.015;40.699324020283036
169;10.770928444324156;2.0110627025210364;218.84;41.86287206577306
170;10.552631367111657;2.0110627025210364;225.04500000000002;43.23368597981041
171;10.379431438638967;2.0110627025210364;224.14249999999998;44.76890274450541
172;10.77041024725461;2.0110627025210364;231.225;45.93253611933908
173;10.551552281776631;2.0110627025210364;253.12;47.30396819803935
174;10.38206975979855;2.0110627025210364;269.0475;48.83627152941093
175;10.76988200237683;2.0110627025210364;280.6625;50.0
176;10.550510149061695;1.7690268328239356;297.4475;50.0
177;10.384645747667555;0.4466771528905659;310.46;41.86939405053153
178;10.769344808087487;2.0110627025210364;312.1225;43.03432954344337
179;10.549503304414056;2.0110627025210364;314.9325;44.40799797129567
180;10.387161750889314;2.0110627025210364;322.0175;45.935753508153695
181;10.768799670348509;2.0110627025210364;331.47;47.1008002459718
182;10.54853018034952;2.0110627025210364;342.275;48.474986494615166
183;10.389619995753376;2.0110627025210364;341.4325;50.0
184;10.768247511088711;1.80551712346709;337.21999999999997;50.0
185;10.547589299480437;1.7676552868079245;344.18;49.995
186;10.392022594329642;0.06569850150015652;360.83;39.463684710526316
187;10.767689175750647;0.12865592237343687;363.7525;28.933422552581575
188;10.546679268137336;1.7675027759669046;380.4375;28.930529210326316
189;10.394371551946094;1.7419777453553742;391.9725;28.927636157405285
190;10.767125440079912;2.0110627025210364;397.605;30.09597422571363
191;10.545798770526014;2.0110627025210364;397.71999999999997;31.474455796291345
192;10.396668774072243;2.0110627025210364;398.95;32.99447301534308
193;10.76655701624184;2.0110627025210364;404.555;34.1629444026118
194;10.544946563368207;2.0110627025210364;415.4875;35.54182887297174
195;10.3989160726637;2.0110627025210364;420.185;37.05930442105392
196;10.765984558339905;2.0110627025210364;422.8;38.22791316018891
197;10.544121470979752;2.0110627025210364;428.48;39.60717497144213
198;10.401115172017464;2.0110627025210364;422.4825;41.122154840528395
199;10.76540866740118;1.8041593207006006;410.7225;41.118042625044346
200;10.543322380744932;0.09105461461342226;413.4075;30.587615031308154
201;10.403267714182084;0.06758305492687518;405.96000000000004;20.058240480331342
202;10.764829895886194;0.12817673978248106;396.22;9.529918866809625
203;10.542548238950323;0.24971209012176862;384.9325;-0.0
204;10.40537526396251;1.7438218415908322;382.3325;0.0
205;10.764248751773788;1.803964932112574;384.4325;-0.0
206;10.54179804694515;2.0110627025210364;387.025;1.3852918554021074
207;10.407439313555262;2.0110627025210364;380.6;2.8980859783390684
208;10.763665702265532;1.8038672196859258;365.7325;2.8977961697412344
209;10.541070857598559;2.0110627025210364;355.74;4.28348907540563
210;10.409461286845895;1.7445066122760342;360.3275;4.283060726498089
211;10.76308117714915;1.803769259964239;357.68;4.28263242042544
212;10.540365772027432;2.0110627025210364;346.5325;5.668856673757337
213;10.411442543397738;2.0110627025210364;339.385;7.1774193718621095
214;10.762495571855862;2.0110627025210364;337.3375;8.352330836661855
215;10.53968193657075;2.0110627025210364;331.15250000000003;9.738797763835976
216;10.413384382157865;2.0110627025210364;301.79;11.24510872100962
217;10.761909250242615;2.0110627025210364;282.48;12.420170422407034
218;10.539018539989177;2.0110627025210364;267.61;13.806860792375074
219;10.415288044903868;2.0110627025210364;256.8575;15.310956463637163
220;10.761322547126648;2.0110627025210364;275.5075;16.486168948220485
221;10.53837481087045;2.0110627025210364;296.4925;17.873064260998735
222;10.417154719452702;2.0110627025210364;321.94;19.374979971092568
223;10.76073577059694;2.0110627025210364;340.2875;20.550343491028368
224;10.537750015223056;2.0110627025210364;345.9825;21.937425942217363
225;10.418985542650889;1.7461027685775918;344.785;21.93523219962314
226;10.76014920412421;1.8032778948313009;338.6625;21.93303867640318
227;10.537143454242573;2.0110627025210364;336.27;23.320559091005094
228;10.420781603163544;2.0110627025210364;336.505;24.818484512090627
229;10.759563108489049;2.0110627025210364;327.115;25.994417710574822
230;10.536554462236174;2.0110627025210364;336.545;27.3820915296794
231;10.42254394407817;2.0110627025210364;349.35249999999996;28.87793657365217
232;10.758977723545435;1.8030815680897425;352.8325;28.875048779994806
233;10.535982404692481;1.7657101040412457;350.6275;28.872161275116806
234;10.42427356533759;0.07110339524300402;355.105;18.342958269515613
235;10.758393269835212;0.1270980349007139;362.0175;7.814808184214977
236;10.535426676484999;0.5215525722920942;371.1675;0.0
237;10.425971426015252;1.747273522700778;376.07;-0.0
238;10.757809950067529;1.802885862615875;377.455;0.0
239;10.534886700198363;1.765526476504487;371.9975;-0.0
240;10.427638446444854;2.0110627025210364;373.48;1.4937434758773882
241;10.757227950475542;2.0110627025210364;369.23;2.6742275485780356
242;10.534361924567822;2.0110627025210364;356.615;4.066316297483747
243;10.429275510215234;2.0110627025210364;343.77;5.5580979311495256
244;10.756647442061828;2.0110627025210364;333.985;6.7387270513976745
245;10.533851823022989;2.0110627025210364;332.695;8.130893946820695
246;10.430883466040589;2.0110627025210364;328.865;9.620741564687453
247;10.756068581742374;2.0110627025210364;331.5075;10.801514337875728
248;10.533355892327895;2.0110627025210364;328.2375;12.193746088730439
249;10.43246312951509;2.0110627025210364;322.9975;13.681686741082231
250;10.75549151339839;2.0110627025210364;307.6825;14.862601634679653
251;10.532873651309918;2.0110627025210364;289.305;16.254885405771763
252;10.434015284760378;2.0110627025210364;282.3625;17.740945396708828
253;10.75491636884402;2.0110627025210364;291.39;18.92200075176734
254;10.53240463967094;2.0110627025210364;304.7925;20.31432414400477
255;10.43554068597354;2.0110627025210364;306.745;21.798529059915506
256;10.754343268717385;2.0110627025210364;304.90250000000003;22.979723101728
257;10.531948416874517;2.0110627025210364;296.525;24.372074133387034
258;10.43704005888264;1.74912849892807;302.895;24.369636925973698
259;10.753772323301623;1.8022092025662406;303.7875;24.367199962281102
260;10.531504561103475;2.0110627025210364;310.52250000000004;25.759833909236573
261;10.438514102116365;2.0110627025210364;320.81;27.240669528835102
262;10.753203633281954;2.0110627025210364;335.2575;28.422402010264364
263;10.531072668282825;2.0110627025210364;348.5575;29.815040735194653
264;10.439963488493596;2.0110627025210364;338.0625;31.294093917052216
265;10.7526372904442;2.0110627025210364;351.71500000000003;32.47595908173852
266;10.530652351163134;2.0110627025210364;356.2375;33.86859175222538
267;10.441388866238553;2.0110627025210364;356.4375;35.34588547012353
268;10.752073378319796;2.0110627025210364;344.5675;36.527881172172705
269;10.53024323846021;2.0110627025210364;348.6175;37.92049730751829
270;10.442790860126445;2.0110627025210364;377.36;39.396053940667414
271;10.751511972781685;2.0110627025210364;405.245;40.57817796113075
272;10.52984497404691;2.0110627025210364;415.235;41.970767417990075
273;10.444170072564356;2.0110627025210364;410.84000000000003;43.44460877231214
274;10.750953142595202;1.801736740135378;398.51;43.44026431143491
275;10.529457216193578;1.949133809633751;390.135;44.48188303702232
276;10.445527084611632;2.0110627025210364;375.03;45.954184118337565
277;10.750396949927703;2.0110627025210364;351.065;47.13671159749442
278;10.529079636853634;2.0110627025210364;372.2825;48.529372271323716
279;10.446862456943771;2.0110627025210364;427.0475;50.0
280;10.749843450820238;1.8024328135353502;453.29;50.0
281;10.528711920991245;1.7644916541578421;437.10749999999996;49.995
282;10.448176730763471;1.7509948777155495;445.1725;49.9900005
283;10.749292695624396;0.12557288278680584;453.9975;39.45868571047632
284;10.528353765948196;1.5116547473530195;477.7075;37.867036403421544
285;10.449470428662272;1.7512116866816;496.5725;37.8632496997812
286;10.748744729407047;2.0110627025210364;503.28249999999997;39.04815588187453
287;10.528004880847346;2.0110627025210364;518.085;40.442646429481364
288;10.450744055435864;2.0110627025210364;532.185;41.910395312174344
289;10.748199592325632;2.0110627025210364;525.2225000000001;43.09541465993378
290;10.527664986030187;2.0110627025210364;515.205;44.48982338173911
291;10.451998098856098;2.0110627025210364;502.755;45.95597620548764
292;10.747657319976243;2.0110627025210364;478.39;47.14110615388966
293;10.527333812526281;2.0110627025210364;459.8875;48.5354249213743
294;10.453233030402279;2.0110627025210364;435.4;50.0
295;10.747117943716656;1.801976049728561;419.8775;50.0
296;10.527011101552482;0.08832103084556021;409.1875;39.46868421052631
297;10.454449305954391;0.07616050411595392;387.34000000000003;28.938421552631574
298;10.74658149096627;0.12511851590623418;357.245;18.40921192100263
299;10.526696604039966;2.0110627025210364;328.6175;19.80700922597256
300;10.45564736645045;2.0110627025210364;319.72249999999997;21.272163526922036
301;10.746047985484706;2.0110627025210364;314.8675;22.461290724358875
302;10.526390080187362;2.0110627025210364;328.145;23.858974019108445
303;10.456827638510283;2.0110627025210364;361.11;25.322601865121765
304;10.745517447630771;2.0110627025210364;378.5575;26.51182802968602
305;10.526091299038248;2.0110627025210364;377.1075;27.909390112796714
306;10.457990535027657;2.0110627025210364;375.555;29.37150816550916
307;10.744989894603126;2.0110627025210364;372.8;30.56083061481964
308;10.525800038081503;2.0110627025210364;374.365;31.958264495580732
309;10.459136455732722;2.0110627025210364;368.5;33.418889036185085
310;10.744465340664252;2.0110627025210364;364.5075;34.60830507365043
311;10.52551608287309;2.0110627025210364;359.6;36.00560396441363
312;10.460265787726426;2.0110627025210364;354.8075;37.464750905677086
313;10.74394379734874;2.0110627025210364;349.28;38.65425782310522
314;10.52523922667793;2.0110627025210364;345.625;40.05141513197888
315;10.461378905988648;2.0110627025210364;337.18;41.50910002977646
316;10.743425273657246;2.0110627025210364;342.1225;42.698695109799104
317;10.524969270130644;2.0110627025210364;346.665;44.09570443366402
318;10.462476173861482;2.0110627025210364;349.3575;45.55194249805225
319;10.742909776237072;2.0110627025210364;354.21;46.741623016377225
320;10.524706020913985;1.7638203111382251;346.365;46.736948854075585
321;10.463557943509128;0.0776870075540468;329.425;36.205959369716496
322;10.742397309550391;1.8149420554840208;312.16499999999996;36.28532305649456
323;10.524449293453946;2.0110627025210364;304.9775;37.683467695407664
324;10.464624556355732;2.0110627025210364;298.9825;39.13830602010018
325;10.741887876030985;2.0110627025210364;298.1925;40.32959870726874
326;10.524198908630474;2.0110627025210364;307.9375;41.72757678419906
327;10.465676343502425;2.0110627025210364;331.4025;43.181011500193335
328;10.741381476230362;2.0110627025210364;350.325;44.37238099662447
329;10.52395469350293;2.0110627025210364;353.2075;45.77018679969703
330;10.466713626124676;1.754101449289004;358.02;45.76560978101706
331;10.740878108953996;0.1241626943359749;364.61;35.234717430565276
332;10.523716481049398;1.7636544755786978;380.5925;35.23119395882222
333;10.467736715851082;2.0110627025210364;388.6225;36.68332095936781
334;10.740377771388403;2.0110627025210364;395.68;37.876293744452894
335;10.523484109919018;2.0110627025210364;400.6575;39.27519621065539
336;10.468745915124641;2.0110627025210364;392.4575;40.72596007166592
337;10.73988045921967;2.0110627025210364;392.83500000000004;41.91900103940006
338;10.523257424196622;2.0110627025210364;410.8225;43.31771458630933
339;10.4697415175474;2.0110627025210364;424.4325;44.76712837318067
340;10.739386166744088;2.0110627025210364;431.275;45.960234801936465
341;10.523036273178949;2.0110627025210364;434.4925;47.35875431893628
342;10.470723808209417;2.0110627025210364;437.8575;48.80683082570544
343;10.73889488697144;2.0110627025210364;440.9975;50.0
344;10.522820511161775;1.7643863663216988;441.46500000000003;50.0
345;10.471693064002869;1.7549359461053669;440.5075;49.995
346;10.738406611721384;0.12374849967731735;441.8275;39.463684710526316
347;10.52260999723738;0.5122959467389084;433.6775;31.60106158168491
348;10.472649553922096;1.7550962428721915;435.1925;31.59790147552674
349;10.737921331713503;1.7995527577345036;440.0725;31.594741685379187
350;10.522404595101682;1.7634346185037466;448.175;31.59158221121065
351;10.473593539350295;1.7552544440293893;457.03;31.58842305298953
352;10.737439036651395;1.7994719306002522;458.68;31.58526421068423
353;10.522204172870648;0.08751544459675063;451.5325;21.055789894789477
354;10.474525274333603;0.07952500671798929;449.0825;10.527368526326315
355;10.73695971530125;0.12350601639190543;453.56;0.0
356;10.522008602905288;1.7633682547423586;462.34000000000003;0.0
357;10.475445005843191;1.7555647286301252;471.7275;0.0
358;10.736483355565229;2.0110627025210364;472.9225;1.2003408122130328
359;10.521817761644952;2.0110627025210364;468.7225;2.6044939045691073
360;10.476352974026005;2.0110627025210364;453.04499999999996;4.051698129853945
361;10.736009944550107;2.0110627025210364;454.5925;5.252083512718358
362;10.521631529448307;2.0110627025210364;460.0525;6.656008351391195
363;10.477249412444701;2.0110627025210364;456.0375;8.10195580873359
364;10.735539468631357;2.0110627025210364;444.865;9.302383117952928
365;10.52144979044172;2.0110627025210364;437.1875;10.7060755787215
366;10.478134548307361;2.0110627025210364;423.2;12.150777150271633
367;10.7350719135131;2.0110627025210364;400.7;13.35124375471916
368;10.52127243237456;1.7632448809842718;390.305;13.34990863034369
369;10.479008602687472;0.08027636125429104;379.53999999999996;2.822257850006972
370;10.73460726428414;1.798997357951101;364.2375;2.821975624221971
371;10.521099346481083;2.0110627025210364;350.945;4.226649047502519
372;10.47987179073467;2.0110627025210364;346.8075;5.670348181399833
373;10.734145505470346;2.0110627025210364;352.7125;6.872342916384864
374;10.520930427348578;2.0110627025210364;369.645;8.276771776112076
375;10.480724321876682;2.0110627025210364;389.275;9.719255993151616
376;10.733686621083631;2.0110627025210364;395.945;10.921281777522852
377;10.520765572791387;1.7631599371173439;392.22749999999996;10.9201896493451
378;10.481566400012936;0.08070501882111172;393.3275;0.3927818409064816
379;10.733230594667763;1.7362384419074723;401.8125;-0.0
380;10.520604683730575;1.7631329739515569;405.595;0.0
381;10.482398223700196;2.0110627025210364;416.29999999999995;1.4417216874848138
382;10.732777409341193;2.0110627025210364;424.73;2.645438976441932
383;10.52044766407887;2.0110627025210364;423.5175;4.05074915166936
384;10.48321998633066;2.0110627025210364;419.19;5.4912850897400665
385;10.732327047837094;2.0110627025210364;418.4775;6.695025265785853
386;10.520294420630677;2.0110627025210364;425.6775;8.100076063660131
387;10.484031876302822;2.0110627025210364;431.16499999999996;9.539435773566083
388;10.731879492540834;2.0110627025210364;434.2725;10.743196312074936
389;10.520144862956883;2.0110627025210364;435.88;12.147984372634689
390;10.484834077185495;2.0110627025210364;436.075;13.586177200871205
391;10.731434725524966;2.0110627025210364;425.12;14.7899555939024
392;10.519998903304181;1.7630314520831036;423.3125;14.78847659834301
393;10.48562676787529;0.08138549001831978;419.585;4.260681961209492
394;10.730992728582011;1.7983916031229774;407.9275;4.260255893013372
395;10.519856456498749;2.0110627025210364;399.6025;5.665966233750259
396;10.486410122747863;2.0110627025210364;396.41999999999996;7.103310020516415
397;10.730553483255035;2.0110627025210364;398.5375;8.308573880422081
398;10.519717439854011;2.0110627025210364;404.9375;9.714011455172729
399;10.487184311803224;2.0110627025210364;416.785;11.15021495781415
400;10.7301169708663;2.0110627025210364;417.645;12.355488813995382
401;10.519581773082313;1.7629615458304961;416.485;12.354253265113982
402;10.487949500805373;1.4670002989098485;429.85749999999996;10.527368526326315
403;10.729683172544016;0.12228655108004105;441.45500000000004;-0.0
404;10.519449378210302;1.7629393579647372;452.5025;0.0
405;10.488705851416519;1.757787094624826;461.47;-0.0
406;10.729252069247329;2.0110627025210364;468.9375;1.2072105342150379
407;10.519320179497859;2.0110627025210364;474.61;2.6137356426386504
408;10.489453521326173;2.0110627025210364;470.285;4.048493423814522
409;10.728823641789717;2.0110627025210364;474.67;5.255706114771909
410;10.51919410336035;2.0110627025210364;472.1075;6.6619461459681
411;10.490192664375277;2.0110627025210364;473.195;8.09559692019699
412;10.728397870860807;2.0110627025210364;466.3425;9.302809383187203
413;10.519071078294148;2.0110627025210364;468.29;10.708761577869444
414;10.490923430675622;2.0110627025210364;464.68;12.141313442569816
415;10.727974737046784;2.0110627025210364;470.9225;13.348523311031114
416;10.51895103480511;2.0110627025210364;473.62;14.754184975635157
417;10.491645966724803;2.0110627025210364;454.425;16.18564588874903
418;10.727554220849425;2.0110627025210364;428.6775;17.3928508143532
419;10.518833905340047;2.0110627025210364;398.83500000000004;18.79821931919872
420;10.492360415516867;2.0110627025210364;397.905;20.228597102525775
421;10.727136302703881;2.0110627025210364;393.1375;21.435794755246835
422;10.51871962422091;2.0110627025210364;407.2875;22.840867532761443
423;10.493066916648813;2.0110627025210364;438.395;24.270169875191797
424;10.726720962995296;2.0110627025210364;450.40999999999997;25.477357943358747
425;10.51860812758163;2.0110627025210364;435.7125;26.88213248636186
426;10.493765606423196;1.7586350516729778;436.58500000000004;26.879444273113226
427;10.726308182074263;0.5006901400101242;448.65999999999997;18.730763811195036
428;10.51849935330746;0.08689455922649252;456.74;8.202574945340233
429;10.494456617946984;1.7587508572981865;462.18;8.2017546878457
430;10.725897940271265;2.0110627025210364;474.07;9.411331469119212
431;10.51839324097675;2.0110627025210364;490.285;10.817916757044388
432;10.49514008122678;2.0110627025210364;488.40250000000003;12.246451888203245
433;10.725490217910163;2.0110627025210364;496.4975;13.45601153599977
434;10.518289731804973;2.0110627025210364;494.345;14.862290689631445
435;10.495816123260616;2.0110627025210364;492.1175;16.289779143464898
436;10.72508499532071;2.0110627025210364;483.31;17.499319419995878
437;10.518188768590973;2.0110627025210364;471.2575;18.905290157892452
438;10.49648486812647;2.0110627025210364;467.4525;20.331739004156514
439;10.724682252850235;2.0110627025210364;473.23249999999996;21.541257690048376
440;10.518090295665253;2.0110627025210364;459.35249999999996;22.94691778339738
441;10.497146437067585;2.0110627025210364;421.5875;24.37233397640484
442;10.724281970874522;2.0110627025210364;373.24;25.581828870676404
443;10.51799425884034;2.0110627025210364;342.7575;26.987176141891013
444;10.497800948574788;2.0110627025210364;333.6775;28.411566523130777
445;10.723884129807905;2.0110627025210364;348.9775;29.621035443160956
446;10.517900605362945;2.0110627025210364;383.3825;31.02606776452184
447;10.498448518465912;2.0110627025210364;430.075;32.449439065202775
448;10.723488710112669;2.0110627025210364;447.15999999999997;33.65887984668922
449;10.517809283868042;2.0110627025210364;436.52750000000003;35.06359513902991
450;10.499089259962425;2.0110627025210364;440.5075;36.485953982551706
451;10.723095692307785;1.7970681501970147;449.0025;36.48230538715345
452;10.517720244334615;1.7626495749109823;458.2075;36.47865715661474
453;10.499723283763384;2.0110627025210364;459.615;37.900272171323856
454;10.722705056976983;2.0110627025210364;460.9175;39.10991233997859
455;10.517633438043141;2.0110627025210364;464.7825;40.514249582603604
456;10.500350698116879;2.0110627025210364;472.17;41.93486499443431
457;10.722316784776273;2.0110627025210364;471.325;43.1444705623974
458;10.517548817534582;2.0110627025210364;475.4275;44.548484738683314
459;10.500971608888959;2.0110627025210364;473.3125;45.96810686176493
460;10.721930856440888;2.0110627025210364;467.9575;47.177675737459914
461;10.517466336570974;2.0110627025210364;460.65;48.58136495014375
462;10.50158611963025;2.0110627025210364;455.0525;50.0
463;10.721547252791723;1.7976906944954922;440.2525;50.0
464;10.517385950097427;1.7625935510216424;435.12;49.995
465;10.502194331640302;0.0841620241482743;422.3675;39.463684710526316
466;10.72116595474125;1.1284971484674744;403.485;35.26244389539997
467;10.517307614205546;2.0110627025210364;395.1575;36.667475417515156
468;10.50279634402977;2.0110627025210364;394.6975;38.08615214314513
469;10.720786943299025;2.0110627025210364;407.58;39.29759593179674
470;10.51723128609816;2.0110627025210364;418.77750000000003;40.702296450410316
471;10.503392253780488;2.0110627025210364;433.59499999999997;42.12000357967381
472;10.72041019957671;1.7966180923412352;442.0725;42.11579157931585
473;10.51715692405537;0.08666958344318837;436.015;31.58526421068423
474;10.503982155803586;0.0844616430227281;440.28999999999996;21.055789894789477
475;10.72003570479273;0.12066974586600893;446.6725;10.527368526326315
476;10.5170844874018;0.08665744388883063;450.03000000000003;0.0
477;10.504566142995643;2.0110627025210364;460.61;1.4206621641541395
478;10.71966344027653;2.0110627025210364;472.625;2.6368398296750204
479;10.517013936475005;2.0110627025210364;476.075;4.045412906040799
480;10.505144306293;2.0110627025210364;471.0175;5.465121273771845
481;10.719293387472472;2.0110627025210364;465.485;6.681246043545619
482;10.516945232595052;2.0110627025210364;463.65;8.089479947975965
483;10.505716734724327;2.0110627025210364;457.8225;9.508240101993056
484;10.718925527943401;2.0110627025210364;456.7475;10.724310026436624
485;10.516878338035136;2.0110627025210364;444.6775;12.132203174300601
486;10.506283515461435;2.0110627025210364;430.8625;13.550020614294807
487;10.71855984337391;2.0110627025210364;417.58000000000004;14.766033761028163
488;10.516813215993263;2.0110627025210364;413.855;16.17358460245846
489;10.506844733868483;0.8340387477925093;401.9425;10.350767087897102
490;10.718196315573275;2.0110627025210364;392.0475;11.5674455113937
491;10.516749830564898;2.0110627025210364;382.64750000000004;12.975376427805909
492;10.50740047354958;2.0110627025210364;384.025;14.392048440291026
493;10.717834926478137;2.0110627025210364;387.99;15.608666055292767
494;10.516688146716598;2.0110627025210364;407.105;17.01625144930647
495;10.507950816394885;2.0110627025210364;428.33;18.431996548586397
496;10.717475658154928;2.0110627025210364;441.4625;19.648551473684357
497;10.51662813026054;2.0110627025210364;439.7075;21.055789894789477
498;10.50849584262521;0.08521808529088061;441.1675;10.527368526326315
499;10.717118492802026;0.12018085451352123;441.9025;0.0
500;10.516569747829925;1.762456764860152;445.35;0.0
501;10.509035630835276;2.0110627025210364;451.54;1.4164161507064874
502;10.716763412751705;2.0110627025210364;466.06;2.635349266977297
503;10.516512966855226;2.0110627025210364;466.955;4.044398413538135
504;10.509570258035541;2.0110627025210364;467.4775;5.459902228563016
505;10.716410400471853;2.0110627025210364;472.27500000000003;6.6787663578919
506;10.516457755541277;2.0110627025210364;472.3425;8.087463613491899
507;10.510099799692751;2.0110627025210364;472.5175;9.502060057422437
508;10.716059438567495;2.0110627025210364;466.5;10.720853384777575
509;10.516404082845083;2.0110627025210364;456.45;12.129197420736268
510;10.51062432976925;2.0110627025210364;446.045;13.542891387713407
511;10.71571050978212;2.0110627025210364;420.2375;14.761612114281622
512;10.516351918454436;1.67222424332556;404.15;14.19361055672876
513;10.511143920761066;0.08566187288857902;386.135;3.665875406199404
514;10.715363596998849;1.7957723394896699;373.42;3.6655088186587843
515;10.51630123276719;2.0110627025210364;368.345;5.074656096648087
516;10.511658643734796;2.0110627025210364;369.975;6.488072919490366
517;10.715018683241398;2.0110627025210364;379.11;7.708156363119089
518;10.516251996871304;2.0110627025210364;393.455;9.116946150455039
519;10.512168568363416;2.0110627025210364;401.7725;10.529474315894749
520;10.714675751674937;1.7956570644833347;396.9575;10.528421368463162
521;10.516204182525449;1.7623955002977214;381.3225;10.527368526326315
522;10.512673762960958;0.08591825693765777;374.005;0.0
523;10.71433478560674;1.7955999224714532;378.98;0.0
524;10.51615776214036;1.762387720772297;382.59749999999997;0.0
525;10.513174294516181;2.0110627025210364;381.44;1.4124844202096276
526;10.713995768486754;2.0110627025210364;388.1875;2.63404719170519
527;10.516112708760707;2.0110627025210364;385.12;4.043476713663348
528;10.513670228725196;2.0110627025210364;381.88;5.4550856487030455
529;10.713658683908013;2.0110627025210364;379.395;6.676564390425563
530;10.516068996047636;2.0110627025210364;370.855;8.085631187741265
531;10.514161630023137;2.0110627025210364;355.2625;9.49636907610051
532;10.71332351560693;2.0110627025210364;349.8275;10.717762099366317
533;10.516026598261819;2.0110627025210364;338.4;12.126465054807651
534;10.51464856161488;2.0110627025210364;329.4175;13.536336274768034
535;10.712990247463475;2.0110627025210364;316.6775;14.757641906050255
536;10.51598549024709;2.0110627025210364;310.825;16.165979926124916
537;10.51513108550487;0.0863300760806681;299.1575;5.63804753865862
538;10.712658863501277;0.897780172963348;288.90999999999997;0.0
539;10.515945647414576;1.762352172771157;277.485;0.0
540;10.515609262526045;1.7622957985125725;254.0775;0.0
541;10.71232934788758;2.0110627025210364;243.7775;1.2232871195067985
542;10.515907045727369;2.0110627025210364;246.06;2.633053097353847
543;10.516083152367944;2.0110627025210364;265.81;4.042510797294565
544;10.712001684933147;2.0110627025210364;280.9525;5.265704945528346
545;10.51586966168567;2.0110627025210364;285.7925;6.675102196432406
546;10.516552813603983;1.7624539268776362;290.3425;6.674434686212763
547;10.711675859092054;1.600634377127946;290.3825;5.451978398544615
548;10.515833472312385;1.7623333735074767;276.92;5.45143320070476
549;10.51701830371793;2.0110627025210364;254.495;6.859720668852657
550;10.711351854961427;2.0110627025210364;252.07750000000001;8.083250434572417
551;10.515798455139219;2.0110627025210364;235.85250000000002;9.492433577146702
552;10.517479679129648;2.0110627025210364;214.8725;10.89987863861582
553;10.711029657281074;2.0110627025210364;201.8525;12.123310476334938
554;10.515764588193152;2.0110627025210364;194.835;13.532121786503811
555;10.517936995220065;2.0110627025210364;195.2175;14.9387284288661
556;10.710709250933082;2.0110627025210364;196.06;16.162060767636785
557;10.515731849983396;2.0110627025210364;197.7;17.570499304075792
558;10.518390306355474;2.0110627025210364;204.9075;18.976271463107683
559;10.710390620941325;2.0110627025210364;216.555;20.199502746067115
560;10.515700219488702;1.7623110418588337;217.28;20.197482795792506
561;10.518839665911099;0.08695159172519046;198.48000000000002;9.669147258039244
562;10.710073752470914;2.0110627025210364;178.5775;10.893610278466072
563;10.515669676145102;2.0110627025210364;174.9625;12.30263472510038
564;10.51928512629404;2.0110627025210364;168.05;13.708083591648531
565;10.709758630827602;2.0110627025210364;167.8725;14.932442084003144
566;10.515640199833994;2.0110627025210364;166.9525;16.34109064995245
567;10.51972673896554;2.0110627025210364;177.615;17.74571613887019
568;10.709445241457146;2.0110627025210364;183.73;18.969968587872014
569;10.515611770870613;2.0110627025210364;187.8725;20.378240408686146
570;10.520164554462651;2.0110627025210364;193.34;21.78204625790576
571;10.709133569944573;2.0110627025210364;197.3;23.006191161832625
572;10.515584369992865;2.0110627025210364;201.67000000000002;24.414085391223217
573;10.520598622419298;2.0110627025210364;202.055;25.81707529138576
574;10.708823602013485;2.0110627025210364;207.345;27.04111116194381
575;10.51555797835045;2.0110627025210364;217.2425;28.448626971394688
576;10.521028991586736;2.0110627025210364;198.915;29.85080456669015
577;10.708515323525221;2.0110627025210364;189.38;31.074729928884523
578;10.515532577494374;2.0110627025210364;188.7975;32.48186650727198
579;10.521455709853488;2.0110627025210364;194.6525;33.88323539626044
580;10.708208720478085;2.0110627025210364;200.5325;35.10704878826663
581;10.51550814936672;2.0110627025210364;199.6025;36.513805341489416
582;10.521878824264704;2.0110627025210364;194.065;37.9143690779038
583;10.707903779006456;2.0110627025210364;189.8;39.138069050939876
584;10.515484676290779;2.0110627025210364;190.64249999999998;40.54444480155854
585;10.522298381040986;2.0110627025210364;193.4625;41.94420689508945
586;10.707600485379917;2.0110627025210364;192.8725;43.167792013289024
587;10.515462140961427;2.0110627025210364;190.8025;44.57378620017435
588;10.522714425596755;2.0110627025210364;189.2625;45.97275011723741
589;10.707298826002319;2.0110627025210364;198.6325;47.196218957523485
590;10.515440526435814;2.0110627025210364;217.395;48.60183083551371
591;10.52312700255806;2.0110627025210364;270.7975;50.0
592;10.70699878741087;1.7952525381532962;326.985;50.0
593;10.515419816124318;1.7622640494631858;351.1225;49.995
594;10.523536155779944;0.08773866969252397;377.365;39.463684710526316
595;10.706700356275125;0.11843489403026929;392.4225;28.933422552581575
596;10.515399993781768;0.08637514203117404;407.095;18.404213420852635
597;10.523941928363337;0.08780667253487133;413.3225;7.876057210036867
598;10.70640351939604;0.5404559059280803;425.355;-0.0
599;10.515381043498921;1.7622575516147847;436.845;0.0
600;10.524344362671522;1.7637597013546855;448.73;-0.0
601;10.706108263704925;1.7942212515241023;439.8875;-0.0
602;10.515362949694184;1.7667795362162424;412.7575;0.025650713316403975
603;10.524743500346114;2.0110627025210364;396.095;1.4271418229162642
604;10.705814576262435;2.0110627025210364;390.725;2.656475261284659
605;10.515345697105587;2.0110627025210364;380.5475;4.066631201508223
606;10.52513938232268;2.0110627025210364;352.72;5.467342125181526
607;10.705522444257525;2.0110627025210364;333.3275;6.696549068924359
608;10.515329270782964;1.7622488750999454;334.8425;6.695879414017466
609;10.5255320488459;1.7639587439686513;331.825;6.695209826076065
610;10.705231855006385;1.794074375453619;302.7375;6.694540305093457
611;10.51531365608038;2.0110627025210364;266.5525;8.104322877786586
612;10.525921539484374;2.0110627025210364;249.70499999999998;9.503886982988652
613;10.704942795951373;2.0110627025210364;241.45250000000001;10.733240938136548
614;10.515298838648768;2.0110627025210364;261.24;12.142633717326406
615;10.526307893144999;2.0110627025210364;299.05;13.541426955466925
616;10.704655254659938;2.0110627025210364;338.26750000000004;14.770650320844437
617;10.515284804428783;1.7622414230477446;338.3125;14.769173255812353
618;10.52669114808703;0.0882674103054842;317.4625;4.241380549013088
619;10.704369218823516;1.7939298074991845;300.385;4.240956410958186
620;10.515271539643818;2.0110627025210364;270.205;5.6510243526554635
621;10.527071341935724;2.0110627025210364;210.2975;7.049741475381261
622;10.704084676256443;2.0110627025210364;193.1775;8.280156058790102
623;10.515259030793285;2.0110627025210364;183.9425;9.689831963930601
624;10.527448511695674;2.0110627025210364;170.2125;11.087786894623319
625;10.703801614894834;2.0110627025210364;167.1125;12.318066581783764
626;10.515247264646018;2.0110627025210364;162.135;13.72734987371187
627;10.527822693763792;2.0110627025210364;155.4675;15.124545579648897
628;10.703520022795484;2.0110627025210364;154.8775;16.354689103435224
629;10.515236228233903;2.0110627025210364;153.735;17.763579217702674
630;10.528193923941949;2.0110627025210364;146.8475;19.160018632036053
631;10.703239888134734;2.0110627025210364;158.4275;20.39002473644485
632;10.51522590884567;2.0110627025210364;165.95499999999998;21.79852112056782
633;10.528562237449318;2.0110627025210364;167.3025;23.19420714287891
634;10.702961199207365;2.0110627025210364;169.03;24.424074582917626
635;10.515216294020844;2.0110627025210364;156.4325;25.83217669613953
636;10.52892766893441;2.0110627025210364;156.79250000000002;27.22711219298223
637;10.702683944425472;2.0110627025210364;159.6725;28.45683973455873
638;10.515207371543898;2.0110627025210364;170.485;29.864547047618572
639;10.529290252486753;2.0110627025210364;194.115;31.258734853051397
640;10.702408112317316;2.0110627025210364;226.245;32.48832127286464
641;10.515199129438534;2.0110627025210364;234.865;33.89563326777075
642;10.529650021648377;1.7646488690947395;234.1875;33.89224370444397
643;10.702133691526226;1.7935551587018475;224.6275;33.888854480073526
644;10.515191555962112;2.0110627025210364;218.0975;35.296033616461514
645;10.530007009424923;2.0110627025210364;200.49;36.68899735414619
646;10.701860670809461;2.0110627025210364;194.7425;37.91856081714178
647;10.515184639600285;2.0110627025210364;187.255;39.3253435534398
648;10.530361248296522;2.0110627025210364;184.715;40.717567833202764
649;10.701589039037076;2.0110627025210364;189.6275;41.94698648933422
650;10.515178369061715;2.0110627025210364;194.485;43.35337234007666
651;10.530712770228421;2.0110627025210364;199.0025;44.74485987112565
652;10.7013187851908;2.0110627025210364;210.9975;45.974132539207275
653;10.51517273327297;2.0110627025210364;230.5575;47.38012102934404
654;10.5310616066813;2.0110627025210364;255.79500000000002;48.77087449089387
655;10.701049898362925;2.0110627025210364;277.345;50.0
656;10.515167721373547;1.7631038463122537;291.46;50.0
657;10.531407788621385;0.08905786529380415;299.28499999999997;39.46868421052631
658;10.700782367755167;1.79332869229893;292.8575;39.46473734210526
659;10.515163322711036;2.0110627025210364;296.25;40.87138571179557
660;10.531751346530292;2.0110627025210364;304.2025;42.26213479402061
661;10.700516182677566;2.0110627025210364;313.485;43.49241820699753
662;10.515159526836387;2.0110627025210364;319.9325;44.898667414682265
663;10.53209231041463;2.0110627025210364;324.1975;46.288689853046904
664;10.700251332547362;1.7932396968739182;328.38750000000005;46.2840609840616
665;10.515156323499339;0.08633430567978176;322.49;35.75311678848951
666;10.5324307098154;0.08922929518221281;312.775;25.22322568733697
667;10.699987806887883;1.793195532988507;300.6925;25.220703364768237
668;10.515153702643943;2.0110627025210364;287.0975;26.628785276920016
669;10.532766573817131;2.0110627025210364;276.77250000000004;28.01999415326605
670;10.69972559532745;2.0110627025210364;275.8175;29.25245283828965
671;10.515151654404212;2.0110627025210364;258.1;30.660133521321818
672;10.533099931056833;2.0110627025210364;227.945;32.050622573465695
673;10.699464687598283;2.0110627025210364;219.4175;33.28292605798998
674;10.515150169099886;2.0110627025210364;217.925;34.69020510473929
675;10.533430809732705;2.0110627025210364;212.4925;36.07997681498275
676;10.69920507353539;2.0110627025210364;211.9225;37.31212399744263
677;10.515149237232317;2.0110627025210364;223.2575;38.71900100967219
678;10.533759237612683;2.0110627025210364;241.7025;40.108057833839176
679;10.69894674307549;2.0110627025210364;276.39;41.34004762213408
680;10.515148849480422;1.762218638553922;284.275;41.335913617371865
681;10.534085242042725;1.7653921612874506;272.5775;41.33178002601013
682;10.698689686255923;1.902495953989497;234.8375;41.94846531862666
683;10.515148996696798;2.0110627025210364;196.78;43.35487892523284
684;10.534408849954964;2.0110627025210364;173.5875;44.742855029883096
685;10.698433893213597;2.0110627025210364;172.1825;45.97486854582719
686;10.515149669903892;2.0110627025210364;186.8425;47.38087887256391
687;10.534730087875621;2.0110627025210364;230.35500000000002;48.768147201194814
688;10.69817935418389;2.0110627025210364;287.105;50.0
689;10.515150860290284;1.763101020587614;301.555;50.0
690;10.535048981932771;1.299751429658837;306.28;47.069274310746984
691;10.697926059499617;0.11696442228142971;311.775;36.538251593842226
692;10.515152559207078;1.7622192602616649;310.9325;36.53459776868284
693;10.535365557863905;2.0110627025210364;306.9375;37.92234702893526
694;10.697673999589968;2.0110627025210364;316.025;39.1557644946219
695;10.515154758164359;2.0110627025210364;322.12;40.56245189791629
696;10.535679841023324;2.0110627025210364;312.3275;41.949499803754335
697;10.697423164979448;2.0110627025210364;320.905;43.18275284704349
698;10.515157448827766;2.0110627025210364;330.2975;44.58903499537241
699;10.535991856389385;2.0110627025210364;344.3525;45.97538382830295
700;10.697173546286853;2.0110627025210364;354.595;47.20847142094762
701;10.515160623015136;2.0110627025210364;363.2875;48.61434798194115
702;10.536301628571533;2.0110627025210364;375.7975;50.0
703;10.696925134224255;1.793564309136485;379.65;50.0
704;10.515164272693225;1.7622212233079237;381.90250000000003;49.995
705;10.536609181817225;0.6828962841710566;372.1625;43.188136458952776
706;10.696677919595947;1.7926408337483102;360.3925;43.18381764530688
707;10.515168389974534;2.0110627025210364;350.63;44.59008929306655
708;10.536914540018673;2.0110627025210364;356.71;45.9755614711195
709;10.69643189329746;2.0110627025210364;369.905;47.2093536163398
710;10.51517296711421;2.0110627025210364;379.89;48.615218362219665
711;10.537217726719415;2.0110627025210364;397.355;50.0
712;10.696187046314538;1.7925585690026513;404.485;49.995
713;10.515177996506996;1.7622235232620913;399.5425;49.9900005
714;10.537518765120792;0.09008199503663251;395.83;39.45868571047632
715;10.695943369722167;0.11663214615958821;390.9225;28.928424052431588
716;10.515183470684287;1.7622244406715726;387.2725;28.925531210026346
717;10.537817678088215;1.7660176748641698;387.605;28.922638656905345
718;10.695700854683551;2.0110627025210364;373.9125;30.15883058109028
719;10.515189382311261;2.0110627025210364;373.96000000000004;31.566384784836476
720;10.538114488157351;2.0110627025210364;371.31;32.95201938260851
721;10.69545949244918;2.0110627025210364;364.745;34.188037662843534
722;10.515195724184048;2.0110627025210364;356.8225;35.5951829211024
723;10.538409217540133;2.0110627025210364;355.2425;36.980134646147164
724;10.69521927435582;2.0110627025210364;358.085;38.21597832204452
725;10.515202489226999;2.0110627025210364;365.115;39.62271435944666
726;10.538701888130639;2.0110627025210364;360.765;41.00698529428661
727;10.69498019182558;2.0110627025210364;368.65999999999997;42.24265341352288
728;10.515209670490014;1.7622288314592487;374.6275;42.23842914818153
729;10.538992521510883;1.766214565179889;368.005;42.23420530526671
730;10.694742236364949;1.7923164353858305;352.9175;42.22998188473618
731;10.515217261145931;2.0110627025210364;341.0575;43.63630248845907
732;10.539281138956405;2.0110627025210364;328.0425;45.01962177620164
733;10.694505399563864;2.0110627025210364;329.4325;46.25533968443835
734;10.515225254487973;2.0110627025210364;365.8425;47.66125015870633
735;10.539567761441823;2.0110627025210364;403.4825;49.04389466032073
736;10.694269673094757;1.9617680131397832;432.5825;50.0
737;10.515233643927273;0.0863472636988452;427.085;39.46868421052631
738;10.539852409646196;0.09047308715879769;430.625;28.938421552631574
739;10.694035048711658;0.11631233339219887;441.3275;18.40921192100263
740;10.515242422990449;0.08634873496938822;459.485;7.881055210336845
741;10.540135103958304;1.7664060489252693;476.5575;7.880267104815811
742;10.693801518249266;1.7921587817928275;485.8275;7.879479078105329
743;10.515251585317221;2.0110627025210364;499.62;9.289202124146158
744;10.540415864481805;2.0110627025210364;506.7025;10.674878132676028
745;10.693569073622047;2.0110627025210364;511.39;11.914920024921816
746;10.515261124658132;2.0110627025210364;511.4025;13.324230464494098
747;10.540694711040295;2.0110627025210364;510.08;14.709238065959369
748;10.693337706823339;2.0110627025210364;507.01;15.949096320670602
749;10.515271034872255;2.0110627025210364;508.87;17.357993927909895
750;10.540971663182226;2.0110627025210364;505.28;18.74233504849399
751;10.693107409924467;2.0110627025210364;504.3925;19.9820087755609
752;10.515281309925019;2.0110627025210364;487.035;21.390493330254575
753;10.541246740185766;1.7665923464382542;448.7275;21.38835428092155
754;10.692878175073865;2.0110627025210364;407.5925;22.627981179173286
755;10.515291943886055;2.0110627025210364;376.115;24.036191034363615
756;10.541519961063507;2.0110627025210364;361.005;25.419343452249848
757;10.692649994496204;2.0110627025210364;364.25;26.65878402313323
758;10.515302930927094;2.0110627025210364;389.4425;28.066580360350176
759;10.541791344567102;2.0110627025210364;437.445;29.449071924975392
760;10.692422860491549;2.0110627025210364;484.065;30.688325300315924
761;10.515314265319896;1.7622463603560197;485.17;30.685256467785894
762;10.542060909191818;0.575450524774028;477.0175;23.199713397725137
763;10.692196765434494;1.7918898435817814;488.815;23.197393426385364
764;10.515325941434298;1.7622483171392018;498.355;23.195073687042726
765;10.542328673180938;1.7667736660293558;510.0425;23.192754179674022
766;10.691971701773323;2.0110627025210364;519.34;24.433061787571397
767;10.515337953736204;2.0110627025210364;529.8875;25.841047425343245
768;10.542594654530138;2.0110627025210364;534.2475000000001;27.222998398797078
769;10.691747662029194;2.0110627025210364;544.1800000000001;28.463115820029465
770;10.515350296785712;2.0110627025210364;551.755;29.870686726501038
771;10.54285887099173;2.0110627025210364;552.9225;31.251983730386247
772;10.691524638795302;2.0110627025210364;552.01;32.49191012515767
773;10.515362965235235;2.0110627025210364;557.1725;33.899066117171685
774;10.543121340078816;2.0110627025210364;556.1125;35.27971093748509
775;10.691302624736068;2.0110627025210364;557.355;36.51944547289208
776;10.51537595382767;2.0110627025210364;524.45;37.926186372208505
777;10.54338207906938;2.0110627025210364;462.42499999999995;39.30618077845537
778;10.69108161258635;2.0110627025210364;408.7875;40.54572262842049
779;10.515389257394638;2.0110627025210364;373.255;41.95204826163274
780;10.54364110501028;2.0110627025210364;355.93;43.33139400704681
781;10.690861595150638;2.0110627025210364;355.53;44.570742352253
782;10.515402870854722;2.0110627025210364;383.425;45.976652550705786
783;10.543898434721163;2.0110627025210364;443.7075;47.35535137246561
784;10.690642565302259;2.0110627025210364;503.37;48.59450540029123
785;10.515416789211793;2.0110627025210364;502.92;50.0
786;10.544154084798295;1.7670795841310571;494.3675;49.995
787;10.69042451598262;1.746550617513009;507.10249999999996;49.70708822503556
788;10.515431007553307;0.08638033958444116;519.655;39.17580172673937
789;10.544408071618316;1.7671221494161133;520.5375;39.1718841465667
790;10.69020744020043;1.7915564554333305;523.39;39.16796695815204
791;10.515445521048726;2.0110627025210364;537.2850000000001;40.57437691645994
792;10.544660411341903;2.0110627025210364;537.42;41.95289208799349
793;10.689991331030942;2.0110627025210364;540.415;43.193205034305294
794;10.515460324947899;2.0110627025210364;537.21;44.59919840510136
795;10.544911119917412;2.0110627025210364;526.3924999999999;45.977072921339314
796;10.689776181615205;2.0110627025210364;515.15;47.21718784151274
797;10.515475414579534;2.0110627025210364;508.2925;48.62276447887803
798;10.54516021308436;2.0110627025210364;486.9225;50.0
799;10.68956198515932;1.7923303295983524;472.2525;50.0
800;10.515490785349652;0.08639035765916352;460.905;39.46868421052631
801;10.545407706376919;0.0914040913301805;440.5125;28.938421552631574
802;10.689348734933706;1.7914125462554666;411.20500000000004;28.93552771047631
803;10.515506432740127;2.0110627025210364;379.9375;30.342903046602142
804;10.545653615127296;2.0110627025210364;362.52250000000004;31.721497821926548
805;10.68913642427239;2.0110627025210364;361.08500000000004;32.963646069085584
806;10.515522352307233;2.0110627025210364;373.9375;34.3706034697868
807;10.545897954469048;2.0110627025210364;409.6475;35.74856335269423
808;10.688925046572262;2.0110627025210364;431.2825;36.99050970211531
809;10.515538539680218;1.9268158556054122;438.1575;37.91948359325708
810;10.54614073934035;0.09152693926788678;447.005;27.389375855424063
811;10.688714595292401;0.11542068627286818;448.04;16.860321128364838
812;10.515554990559922;0.08640111771780366;450.17;6.33231930677832
813;10.546381984487178;2.0110627025210364;447.105;7.712623189584823
814;10.688505063953361;2.0110627025210364;453.365;8.957772116510172
815;10.515571700717423;2.0110627025210364;461.7825;10.36708322361697
816;10.546621704466432;2.0110627025210364;470.7975;11.746755896051498
817;10.68829644613646;2.0110627025210364;471.855;12.991699596632255
818;10.51558866599271;2.0110627025210364;465.3675;14.400591193979517
819;10.546859913649024;2.0110627025210364;459.675;15.779634216893546
820;10.688088735483142;2.0110627025210364;452.8775;17.024371954762874
821;10.515605882293372;2.0110627025210364;448.8975;18.432843929388696
822;10.547096626222858;2.0110627025210364;424.77;19.81125885008404
823;10.687881925694267;2.0110627025210364;409.0775;21.055789894789477
824;10.515623345593358;0.08641257323932643;404.7125;10.527368526326315
825;10.547331856195793;0.09172655682474726;395.255;0.0
826;10.687676010529456;1.791132216783718;370.1875;-0.0
827;10.515641051931715;2.0110627025210364;350.14;1.4101410006648711
828;10.547565617398542;2.0110627025210364;341.315;2.78981265003619
829;10.687470983806435;2.0110627025210364;344.4525;4.036436234155073
830;10.515658997411373;2.0110627025210364;353.65999999999997;5.446156542990853
831;10.547797923487474;2.0110627025210364;370.7325;6.825203900023454
832;10.687266839400376;2.0110627025210364;387.4175;8.071617882203094
833;10.515677178197969;1.7623071804021326;383.3425;8.070810720414874
834;10.548028787947427;1.7677289400466036;380.3025;8.070003639342833
835;10.687063571243263;1.7910295789665496;385.9375;8.069196638978898
836;10.515695590518671;1.7623102660964187;387.23249999999996;8.068389719315
837;10.548258224094418;2.0110627025210364;381.125;9.446737567453372
838;10.686861173323262;2.0110627025210364;383.79;10.693274779039529
839;10.51571423066105;2.0110627025210364;375.3;12.102276932433627
840;10.548486245078307;2.0110627025210364;378.0525;13.480004771915993
841;10.686659639684075;2.0110627025210364;381.265;14.72633011373893
842;10.51573309497197;2.0110627025210364;376.83500000000004;16.134911040504182
843;10.548712863885443;2.0110627025210364;368.1475;17.512020328708964
844;10.68645896442434;2.0110627025210364;371.25;18.75813311047297
845;10.51575217985649;2.0110627025210364;375.385;20.166292726298256
846;10.548938093341215;2.0110627025210364;375.1725;21.54278490835147
847;10.686259141697;2.0110627025210364;377.89750000000004;22.788684445248485
848;10.515771481776794;1.7623229846029735;387.45;22.78640557680396
849;10.549161946112585;0.0920332589559073;389.6225;12.257811146772598
850;10.686060165708723;2.0110627025210364;380.40999999999997;13.504828208234635
851;10.515790997251163;2.0110627025210364;379.1625;14.913476278025207
852;10.549384434710548;2.0110627025210364;368.55;16.290069717422384
853;10.685862030719273;2.0110627025210364;368.7325;17.53687178126733
854;10.515810722852947;2.0110627025210364;382.3875;18.9450979073789
855;10.549605571492584;2.0110627025210364;407.13;20.321078104670207
856;10.685664731040948;2.0110627025210364;418.535;21.56766450237084
857;10.515830655209555;2.0110627025210364;429.275;22.975468613471524
858;10.549825368665022;1.7680300264193725;441.51750000000004;22.973171066610178
859;10.685468261037983;0.11487663779462003;455.0875;12.444557960029835
860;10.51585079100149;0.08645069048742264;461.475;1.9169977147601482
861;10.550043838285383;1.7680666394281341;484.485;1.9168060149886723
862;10.685272615125976;2.0110627025210364;493.53999999999996;3.165605350017496
863;10.515871126961386;2.0110627025210364;504.6125;4.575211218869177
864;10.550260992264674;2.0110627025210364;511.0025;5.9520057550958505
865;10.685077787771323;2.0110627025210364;514.49;7.200586656137584
866;10.515891659873065;2.0110627025210364;520.9875;8.609769520592558
867;10.550476842369632;2.0110627025210364;520.85;9.985955543389348
868;10.684883773490647;2.0110627025210364;516.03;11.234317363018894
869;10.515912386570621;2.0110627025210364;503.7075;12.643077164040502
870;10.550691400224956;2.0110627025210364;482.91499999999996;14.01865602611039
871;10.684690566850254;2.0110627025210364;466.68;15.266798122000038
872;10.515933303937521;1.0080326999671272;462.0675;10.527368526326315
873;10.550904677315447;0.09232532076612358;453.105;-0.0
874;10.684498162465573;1.7905996458074218;449.315;0.0
875;10.51595440890574;1.7623536410968321;441.1425;0.0
876;10.551116684988143;2.0110627025210364;436.6475;1.376439149261264
877;10.684306555000632;2.0110627025210364;430.4975;2.626210278095738
878;10.51597569845485;2.0110627025210364;430.815;4.035770743535821
879;10.55132743445443;2.0110627025210364;430.48749999999995;5.411606103729759
880;10.684115739167497;2.0110627025210364;428.3875;6.661154990910264
881;10.515997169611236;1.7623608073018284;415.77250000000004;6.660488875411173
882;10.551536936792058;0.7080122633855556;408.155;-0.0
883;10.683925709725775;1.790503709277925;405.27750000000003;-0.0
884;10.516018819447227;1.762364435566635;403.48;0.0
885;10.551745202947183;2.0110627025210364;402.13;1.3758420572001762
886;10.683736461482058;2.0110627025210364;400.985;2.6261548345865013
887;10.516040645080292;2.0110627025210364;387.1775;4.035653606276766
888;10.551952243736316;2.0110627025210364;376.6775;5.410895409366637
889;10.683547989289442;2.0110627025210364;352.43;6.66098373000073
890;10.516062643672266;2.0110627025210364;341.1775;8.070058120139077
891;10.552158069848305;2.0110627025210364;323.45500000000004;9.444700947971173
892;10.683360288046991;2.0110627025210364;306.0625;10.694564204231733
893;10.516084812428533;2.0110627025210364;306.72;12.103214176004204
894;10.552362691846193;2.0110627025210364;309.28;13.47725929733272
895;10.68317335269925;2.0110627025210364;326.525;14.7268968863387
896;10.51610714859731;1.7889852753718816;324.43;14.876244367355472
897;10.552566120169116;0.0926037595790722;304.28;4.348440953445053
898;10.682987178235724;1.7903464221383596;279.14;4.348006109349709
899;10.516129649468867;2.0110627025210364;254.5975;5.757248141743349
900;10.552768365134133;2.0110627025210364;246.5;7.131542470051748
901;10.68280175969043;2.0110627025210364;252.86;8.382167644098836
902;10.516152312374793;2.0110627025210364;264.8975;9.790984730578373
903;10.552969436938037;2.0110627025210364;287.38;11.16468466701418
904;10.682617092141381;2.0110627025210364;314.485;12.415081961013167
905;10.516175134687316;2.0110627025210364;321.3675;13.823474074864116
906;10.55316934565912;1.7685904387036155;312.105;13.82209172745663
907;10.682433170710102;1.7902535768157184;314.3625;13.820709518283884
908;10.516198113818547;1.7623944832518794;320.0425;13.819327447332055
909;10.55336810125891;2.0110627025210364;322.675;15.192245818391358
910;10.682249990561182;2.0110627025210364;321.2125;16.442589102776395
911;10.516221247219836;2.0110627025210364;324.705;17.850534659007273
912;10.553565713583886;2.0110627025210364;297.925;19.222862177636678
913;10.682067546901783;2.0110627025210364;289.1425;20.472975721862223
914;10.516244532381068;2.0110627025210364;290.805;21.880496118528022
915;10.553762192367168;2.0110627025210364;292.84749999999997;23.252233986167358
916;10.681885834981205;2.0110627025210364;296.72249999999997;24.502117219536593
917;10.516267966830025;2.0110627025210364;302.33;25.909212439326115
918;10.553957547230135;2.0110627025210364;315.125;27.280361848213555
919;10.681704850090398;2.0110627025210364;320.515;28.530014204442857
920;10.51629154813171;2.0110627025210364;304.6625;29.93668423229729
921;10.55415178768408;2.0110627025210364;267.575;31.307246365574183
922;10.681524587561544;2.0110627025210364;234.4325;32.55666728275416
923;10.516315273887734;2.0110627025210364;221.1275;33.962912105832544
924;10.554344923131787;2.0110627025210364;220.3775;35.33288813764676
925;10.68134504276759;2.0110627025210364;229.5425;36.58207705820379
926;10.516339141735676;2.0110627025210364;267.21500000000003;37.98789666584908
927;10.55453696286909;2.0110627025210364;334.02750000000003;39.35728776145686
928;10.681166211121807;2.0110627025210364;391.695;40.606244132115
929;10.51636314934849;2.0110627025210364;397.215;42.01163851582072
930;10.554727916086415;1.7688516372749143;387.615;42.00743735196914
931;10.680988088077394;0.11412581206612972;391.3775;31.476920818760256
932;10.516387294433885;0.08654060232431128;407.8975;20.947457337204696
933;10.554917791870293;1.7688834582838369;424.485;20.945362591470975
934;10.68081066912699;1.7899816641141701;443.2475;20.943268055211828
935;10.516411574733763;1.7624302568589656;466.9975;20.941173728406305
936;10.55510659920484;2.0110627025210364;471.77;22.311728341788864
937;10.6806339498023;2.0110627025210364;478.47;23.562894916642502
938;10.51643598802361;2.0110627025210364;478.5075;24.96992443852841
939;10.55529434697322;2.0110627025210364;480.35249999999996;26.33989781646
940;10.680457925673657;2.0110627025210364;480.7375;27.590828797288378
941;10.516460532111953;2.0110627025210364;473.385;28.997432208902296
942;10.555481043959063;2.0110627025210364;458.21;30.366825473920297
943;10.680282592349606;2.0110627025210364;455.635;31.61752032864078
944;10.51648520483981;2.0110627025210364;416.11;33.0236976320101
945;10.555666698847906;2.0110627025210364;364.5525;34.39251189834139
946;10.680107945476509;2.0110627025210364;324.815;35.64297009894887
947;10.516510004080136;2.0110627025210364;299.11;37.04872129806285
948;10.55585132022854;2.0110627025210364;290.8725;38.41695767171593
949;10.67993398073813;2.0110627025210364;293.4275;39.66717869424753
950;10.516534927737283;2.0110627025210364;322.28999999999996;41.07250379502769
951;10.556034916594388;2.0110627025210364;370.1625;42.44016337388352
952;10.679760693855245;2.0110627025210364;401.4425;43.69014669838365
953;10.516559973746496;2.0110627025210364;395.045;45.09504570865464
954;10.556217496344853;1.7691012738832608;386.7075;45.090536204083776
955;10.679588080585242;0.1138911868285701;384.67499999999995;34.55971136098968
956;10.516585140073392;1.7624593444240473;395.95;34.55625538985358
957;10.556399067786614;1.7691317031794582;404.8675;34.5527997643146
958;10.679416136721743;1.7897479564385328;410.5925;34.54934448433817
959;10.51661042471345;1.762463581840428;407.42;34.545889549889736
960;10.556579639134933;2.0110627025210364;409.2925;35.91368430375656
961;10.679244858094203;2.0110627025210364;404.5175;37.16481032013669
962;10.516635825691527;2.0110627025210364;398.1075;38.57028980469772
963;10.556759218514902;2.0110627025210364;394.655;39.9375115181281
964;10.67907424056756;2.0110627025210364;390.8125;41.188397238437105
965;10.516661341061372;2.0110627025210364;380.145;42.59345012470496
966;10.556937813962739;2.0110627025210364;358.59000000000003;43.96009985642789
967;10.678904280041829;1.7896621751153652;355.40250000000003;43.95570384644225
968;10.516686968905145;0.08659082433698188;350.125;33.42499248658392
969;10.557115433426965;0.09336617243031757;344.98;22.895334197861576
970;10.67873497245175;0.11374821566619642;327.9025;12.366728874968103
971;10.516712707332966;2.0110627025210364;313.0275;13.774615130114288
972;10.557292084769637;2.0110627025210364;309.28499999999997;15.143810188070121
973;10.678566313766423;2.0110627025210364;304.2525;16.397657808973214
974;10.516738554482439;2.0110627025210364;308.34000000000003;17.805116416434
975;10.557467775767543;2.0110627025210364;316.98;19.173741517813188
976;10.678398299988942;2.0110627025210364;329.6625;20.427345758671912
977;10.516764508518216;2.0110627025210364;326.9825;21.83437674100374
978;10.557642514113358;2.0110627025210364;323.4625;23.20243291492195
979;10.67823092715604;2.0110627025210364;320.16499999999996;24.45579329083222
980;10.516790567631562;2.0110627025210364;314.2625;25.86239667225315
981;10.55781630741679;2.0110627025210364;309.065;27.22988494053998
982;10.67806419133774;2.0110627025210364;312.565;28.48300097027507
983;10.516816730039897;2.0110627025210364;297.7475;29.88917677664014
984;10.557989163205718;2.0110627025210364;284.885;31.256098153917048
985;10.677898088636994;2.0110627025210364;294.165;32.50896935989651
986;10.51684299398641;2.0110627025210364;297.6975;33.914717618673436
987;10.558161088927307;2.0110627025210364;303.8075;35.281073112430626
988;10.677732615189372;2.0110627025210364;308.08500000000004;36.53369902068948
989;10.516869357739601;2.0110627025210364;316.5825;37.93901976093479
990;10.558332091949085;2.0110627025210364;328.8775;39.30481037160706
991;10.67756776716268;2.0110627025210364;332.10749999999996;40.557190511765356
992;10.516895819592918;2.0110627025210364;337.675;41.96208376410091
993;10.55850217956003;1.7694841606500205;341.5475;41.957887555724504
994;10.677403540756654;2.0110627025210364;336.92;43.21015840325011
995;10.51692237786432;2.0110627025210364;333.13;44.61476112843868
996;10.558671358971624;2.0110627025210364;330.5825;45.97956186130279
997;10.677239932202626;2.0110627025210364;338.585;47.23158596952416
998;10.516949030895892;2.0110627025210364;348.08;48.63576123157611
999;10.5588396373189;2.0110627025210364;348.6875;50.0
1000;10.67707693776318;1.790237978501887;351.6275;50.0
1001;10.51697577705348;1.7634068557574198;341.5125;50.0
1002;10.559007021661458;1.7695687664100908;343.63;49.995
1003;10.676914553731846;0.11344313431698232;351.995;39.463684710526316
1004;10.51700261472628;1.3208119747874227;361.69;36.68529109834392
1005;10.559173518984464;1.7695966694564549;370.3825;36.68162256923409
1006;10.676752776432775;2.0110627025210364;379.745;37.93503926936603
1007;10.517029542326489;2.0110627025210364;379.3075;39.34006770022893
1008;10.559339136199661;2.0110627025210364;385.875;40.704761514069226
1009;10.676591602220423;2.0110627025210364;388.71000000000004;41.95792901580842
1010;10.517056558288932;2.0110627025210364;384.26750000000004;43.362529492532346
1011;10.559503880146327;2.0110627025210364;380.4375;44.72666455344408
1012;10.676431027479238;2.0110627025210364;376.53499999999997;45.97958241088347
1013;10.517083661070705;2.0110627025210364;386.145;47.38375497462521
1014;10.559667757592239;2.0110627025210364;380.3925;48.74733222941512
1015;10.67627104862335;2.0110627025210364;384.9375;50.0
1016;10.51711084915081;1.7625474472505451;383.175;49.995
1017;10.559830775234623;0.4916236577293434;380.5475;41.962300358634934
1018;10.676111662096277;1.7891941642993077;375.105;41.95810412859907
1019;10.517138121029838;2.0110627025210364;365.4925;43.36262710320786
1020;10.559992939701067;2.0110627025210364;363.3175;44.726297547781535
1021;10.675952864370617;2.0110627025210364;381.21000000000004;45.979669696874666
1022;10.5171654752296;2.0110627025210364;396.22;47.383764528436856
1023;10.56015425755045;2.0110627025210364;406.8875;48.74687960731109
1024;10.675794651947742;2.0110627025210364;414.1975;50.0
1025;10.517192910292806;1.7634432448040105;414.9875;50.0
1026;10.560314735273835;1.7697879242493768;419.7;49.995
1027;10.675637021357524;0.11322903450787708;425.45;39.463684710526316
1028;10.517220424782744;1.3207661995369204;436.44;36.684774308109695
1029;10.560474379295353;1.769814678760823;449.265;36.68110583067889
1030;10.675479969158024;2.0110627025210364;467.39;37.93573174939569
1031;10.517248017282949;2.0110627025210364;479.6175;39.34055255980195
1032;10.56063319597308;2.0110627025210364;486.2725;40.70401696837154
1033;10.675323491935227;2.0110627025210364;496.825;41.958389249336236
1034;10.517275686396887;2.0110627025210364;494.3325;43.36278150833426
1035;10.560791191599884;2.0110627025210364;493.54499999999996;44.72569359816354
1036;10.675167586302747;2.0110627025210364;485.08;45.979811821816114
1037;10.517303430747646;2.0110627025210364;476.435;47.38377558142367
1038;10.56094837240428;2.0110627025210364;458.6575;48.74613625008146
1039;10.675012248901533;2.0110627025210364;451.7875;50.0
1040;10.517331248977634;1.7634664287847914;439.4875;50.0
1041;10.561104744551248;0.09403473533121731;433.675;39.46868421052631
1042;10.67485747639963;0.11309839169206391;428.1425;28.938421552631574
1043;10.517359139748283;1.7625890579138754;417.9425;28.93552771047631
1044;10.561260314143064;2.0110627025210364;414.8825;30.299436859269353
1045;10.67470326549187;2.0110627025210364;413.13750000000005;31.55543881336615
1046;10.517387101739752;2.0110627025210364;409.0175;32.96076552283205
1047;10.5614150872201;2.0110627025210364;409.2975;34.32412511342067
1048;10.674549612899613;2.0110627025210364;405.47249999999997;35.57987056865469
1049;10.517415133650621;2.0110627025210364;387.6625;36.98476820462974
1050;10.561569069761616;1.5063089045821707;383.84499999999997;35.3248253230111
1051;10.674396515370494;1.7889067253318434;386.9075;35.3212928404788
1052;10.517443234197641;1.7626031511814249;395.1375;35.31776071119475
1053;10.561722267686534;2.0110627025210364;409.5675;36.68059278082142
1054;10.674243969678132;2.0110627025210364;424.615;37.93639295034911
1055;10.517471402115428;2.0110627025210364;434.06;39.34100147904442
1056;10.561874686854214;2.0110627025210364;440.7475;40.70328642638502
1057;10.674091972621907;2.0110627025210364;448.2575;41.958828723751566
1058;10.5174996361562;2.0110627025210364;453.82;43.3630081865308
1059;10.562026333065214;2.0110627025210364;460.565;44.7247468693002
1060;10.67394052102666;2.0110627025210364;462.32;45.980030899637946
1061;10.517527935089507;2.0110627025210364;463.235;47.38378135821296
1062;10.562177212062021;2.0110627025210364;449.32500000000005;48.744974628618216
1063;10.673789611742473;2.0110627025210364;444.90749999999997;50.0
1064;10.517556297701965;0.08673651389694136;435.25;39.46868421052631
1065;10.562327329529797;0.09423962658546925;432.1975;28.938421552631574
1066;10.673639241644402;0.9291831288451449;431.9925;23.536360698212064
1067;10.517584722796997;2.0110627025210364;434.14;24.942301575485097
1068;10.5624766910971;2.0110627025210364;439.14250000000004;26.305454488785305
1069;10.673489407632228;2.0110627025210364;444.8025;27.56300900608581
1070;10.517613209194575;2.0110627025210364;456.9875;28.968520156450356
1071;10.562625302336585;2.0110627025210364;462.78749999999997;30.331129267214955
1072;10.673340106630214;2.0110627025210364;467.3525;31.58842305298953
1073;10.517641755730978;1.7626364211190364;463.58500000000004;31.58526421068423
1074;10.562773168765709;0.09431434414035783;456.875;21.055789894789477
1075;10.673191335586859;0.11281916555492119;461.7375;10.527368526326315
1076;10.517670361258535;0.08675562964396921;477.85249999999996;0.0
1077;10.56292029584743;1.7702245863901032;494.6425;0.0
1078;10.673043091474682;1.7886799069720458;511.2075;0.0
1079;10.517699024645383;1.762646018733851;521.3025;0.0
1080;10.56306668899088;2.0110627025210364;523.46;1.3650866454586643
1081;10.672895371289938;2.0110627025210364;527.09;2.6256995340686773
1082;10.517727744775245;2.0110627025210364;534.14;4.033595606578787
1083;10.563212353552023;2.0110627025210364;528.3675;5.398140511143707
1084;10.672748172052426;2.0110627025210364;526.0475;6.658489933642787
1085;10.517756520547165;2.0110627025210364;530.39;8.065955390129616
1086;10.563357294834333;2.0110627025210364;527.5925;9.429959364497988
1087;10.672601490805237;2.0110627025210364;518.0625;10.690044952296562
1088;10.517785350875315;2.0110627025210364;504.6175;12.097079864469784
1089;10.563501518089431;2.0110627025210364;481.03999999999996;13.460543714298376
1090;10.672455324614532;2.0110627025210364;470.0325;14.720365101543141
1091;10.517814234688744;2.0110627025210364;444.68;16.12696954207868
1092;10.563645028517726;2.0110627025210364;433.71250000000003;17.489894068032633
1093;10.672309670569312;2.0110627025210364;437.325;18.749450891584985
1094;10.517843170931162;2.0110627025210364;451.3425;20.15562493411122
1095;10.563787831269046;2.0110627025210364;463.48749999999995;21.518010931912215
1096;10.672164525781197;2.0110627025210364;472.8675;22.777302831326885
1097;10.51787215856072;2.0110627025210364;472.51750000000004;24.183046550411067
1098;10.56392993144327;1.7703937897642643;466.4825;24.180628245756026
1099;10.672019887384211;0.11262284423923118;476.9975;13.651894393457768
1100;10.517901196549793;1.7626799004318892;481.22;13.650529204018422
1101;10.56407133409091;2.0110627025210364;484.0875;15.013296383711655
1102;10.67187575253454;2.0110627025210364;483.9875;16.273513089165473
1103;10.517930283884782;2.0110627025210364;481.6775;17.679851968166012
1104;10.564212044213743;2.0110627025210364;475.0725;19.04208254096614
1105;10.67173211841035;2.0110627025210364;477.9175;20.30203282022221
1106;10.51795941956589;2.0110627025210364;476.2325;21.70794116835259
1107;10.564352066765391;2.0110627025210364;464.675;23.069635910808632
1108;10.671588982211555;2.0110627025210364;452.06;24.329319414116572
1109;10.517988602606938;2.0110627025210364;440.63;25.73479730969857
1110;10.564491406651912;2.0110627025210364;428.6975;27.095956993648286
1111;10.671446341159589;2.0110627025210364;429.985;28.35537337384731
1112;10.51801783203513;2.0110627025210364;429.09499999999997;29.760420896076553
1113;10.564630068732363;2.0110627025210364;404.15;31.1210462886912
1114;10.671304192497242;2.0110627025210364;372.1025;32.38019520118995
1115;10.518047106890887;2.0110627025210364;316.8525;33.78481243012349
1116;10.564768057819379;2.0110627025210364;307.0225;35.14490429395207
1117;10.671162533488413;2.0110627025210364;291.72749999999996;36.40378539670868
1118;10.518076426227648;2.0110627025210364;308.165;37.80797241325274
1119;10.564905378679734;2.0110627025210364;367.46000000000004;39.16753150626567
1120;10.671021361417925;2.0110627025210364;429.9525;40.42614445976801
1121;10.518105789111669;2.0110627025210364;452.425;41.829901345665945
1122;10.565042036034878;1.7705801657697213;439.72249999999997;41.82571835553138
1123;10.670880673591306;0.9707597114779306;445.995;36.686416988476225
1124;10.518135194621843;1.7627191158314859;449.26;36.68274834677738
1125;10.565178034561507;1.770602957566763;451.9575;36.6790800719427
1126;10.670740467334632;2.0110627025210364;455.125;37.938208719967605
1127;10.51816464184951;2.0110627025210364;462.18;39.34215848933857
1128;10.565313378892064;2.0110627025210364;472.65999999999997;40.70117656354218
1129;10.670600739994274;2.0110627025210364;481.6925;41.960035742891264
1130;10.518194129898276;2.0110627025210364;490.355;43.363555315913615
1131;10.56544807361529;2.0110627025210364;491.8575;44.722043290447495
1132;10.670461488936748;2.0110627025210364;487.71;45.980632671628534
1133;10.518223657883842;2.0110627025210364;478.1925;47.38372213337173
1134;10.565582123276748;2.0110627025210364;458.9975;48.741680744045475
1135;10.670322711548499;2.0110627025210364;438.8075;50.0
1136;10.518253224933822;0.08685331092713794;427.21;39.46868421052631
1137;10.565715532379306;0.09480745061707116;406.745;28.938421552631574
1138;10.670184405235718;1.948266659828731;374.90999999999997;29.84288406872832
1139;10.518282830187571;2.0110627025210364;343.9775;31.247531091643257
1140;10.565848305383678;2.0110627025210364;326.4225;32.6068504484196
1141;10.67004656742415;2.0110627025210364;329.085;33.86704552432182
1142;10.51831247279602;2.0110627025210364;349.4575;35.27126197061317
1143;10.56598044670889;2.0110627025210364;396.32;36.63005342004266
1144;10.669909195558922;2.0110627025210364;444.28;37.88997667891967
1145;10.518342151921495;2.0110627025210364;466.275;39.29376263692637
1146;10.566111960732806;0.09487388747340005;465.885;28.76351747118899
1147;10.669772287104328;0.11224617214814377;467.15250000000003;18.23432532996819
1148;10.518371866737576;0.08687319393601202;476.7675;7.706186107961511
1149;10.566242851792579;1.7707814087516305;485.62;7.705415489350715
1150;10.669635839543693;2.0110627025210364;496.685;8.968490900235272
1151;10.518401616428907;2.0110627025210364;504.4275;10.375112515537786
1152;10.56637312418514;2.0110627025210364;501.03999999999996;11.736020536310349
1153;10.669499850379148;2.0110627025210364;503.47749999999996;12.998822076396527
1154;10.518431400191059;2.0110627025210364;501.0375;14.405012364007382
1155;10.566502782167676;2.0110627025210364;493.055;15.76539421971169
1156;10.669364317131482;2.0110627025210364;484.60249999999996;17.027921579014812
1157;10.518461217230373;2.0110627025210364;474.64;18.43368063048806
1158;10.566631829958087;2.0110627025210364;463.36;19.793537023964827
1159;10.669229237339954;2.0110627025210364;446.46;21.055789894789477
1160;10.51849106676379;0.08689317049658357;424.2125;10.527368526326315
1161;10.566760271735436;0.09498253697981862;388.9425;0.0
1162;10.669094608562117;2.0110627025210364;355.1975;1.2643601218659883
1163;10.518520948018715;2.0110627025210364;321.805;2.6716387852360226
1164;10.566888111640404;2.0110627025210364;284.77750000000003;4.032827915299115
1165;10.668960428373662;2.0110627025210364;273.3675;5.296912225552606
1166;10.518550860232857;2.0110627025210364;296.1075;6.7037592171088365
1167;10.567015353775753;2.0110627025210364;335.9825;8.06442425510016
1168;10.668826694368226;2.0110627025210364;394.5925;9.328232453024835
1169;10.518580802654089;2.0110627025210364;409.28;10.734647867258149
1170;10.567142002206735;0.09504651063925565;386.9125;0.20725861299773918
1171;10.668693404157242;1.7549567853026609;377.5425;0.0
1172;10.518610774540308;1.7627988175844935;376.84749999999997;-0.0
1173;10.567268060961537;1.7709532220784616;378.345;0.0
1174;10.668560555369758;2.0110627025210364;370.15999999999997;1.2648674723987294
1175;10.51864077515928;2.0110627025210364;364.365;2.672032249250173
1176;10.567393534031712;2.0110627025210364;367.515;4.032741188695121
1177;10.668428145652292;2.0110627025210364;365.78000000000003;5.2973311762065745
1178;10.518670803788511;2.0110627025210364;366.875;6.704064179489868
1179;10.567518425372585;2.0110627025210364;368.27250000000004;8.064251268967963
1180;10.668296172668649;2.0110627025210364;363.18;9.328563479805851
1181;10.518700859715109;2.0110627025210364;357.705;10.734864806728517
1182;10.567642738903688;2.0110627025210364;351.81;12.094530718289342
1183;10.668164634099773;2.0110627025210364;347.355;13.358564862822728
1184;10.518730942235646;1.3122793295276456;332.855;10.527368526326315
1185;10.567766478509146;0.09515116572262124;293.53499999999997;0.0
1186;10.668033527643589;2.0110627025210364;260.0625;1.2653681487385906
1187;10.518761050656018;2.0110627025210364;228.2175;2.6724186138005
1188;10.567889648038095;2.0110627025210364;209.0925;4.03265620630293
1189;10.667902851014833;2.0110627025210364;210.08499999999998;5.297745232218208
1190;10.518791184291324;2.0110627025210364;229.815;6.704363832618228
1191;10.568012251305072;2.0110627025210364;276.7025;8.064081757495149
1192;10.667772601944915;2.0110627025210364;333.97249999999997;9.32889137747173
1193;10.518821342465738;2.0110627025210364;355.34749999999997;10.735078212991532
1194;10.568134292090413;1.7710983925047155;339.9275;10.734004705170232
1195;10.667642778181742;1.7550474050197096;329.9175;10.527368526326315
1196;10.518851524512382;0.08695357909108584;323.0475;0.0
1197;10.568255774140638;1.7711187515064015;326.785;0.0
1198;10.667513377489595;1.7877531901761277;338.71500000000003;0.0
1199;10.51888172977319;2.0110627025210364;339.0;1.4070623567154696
1200;10.568376701168814;2.0110627025210364;331.45;2.766963784369424
1201;10.667384397648954;2.0110627025210364;319.095;4.032671910224481
1202;10.518911957598789;2.0110627025210364;324.74;5.439302283314609
1203;10.568497076854968;2.0110627025210364;326.045;6.798686130074058
1204;10.66725583645636;2.0110627025210364;315.8275;8.06411321682751
1205;10.518942207348392;2.0110627025210364;328.08500000000004;9.470311708524854
1206;10.56861690484643;2.0110627025210364;344.1375;10.829178617749893
1207;10.667127691724271;2.0110627025210364;350.645;12.09432439275006
1208;10.518972478389665;1.762859435011227;336.835;12.093114960310785
1209;10.5687361887582;0.09531367806546494;321.9875;1.5655898593410722
1210;10.666999961280911;2.0110627025210364;314.4375;2.8317833371382726
1211;10.519002770098606;2.0110627025210364;302.0125;4.238447527210884
1212;10.568854932173315;2.0110627025210364;298.3575;5.5976114968935144
1213;10.666872642970125;2.0110627025210364;302.26;6.863522724922207
1214;10.519033081859453;2.0110627025210364;319.38;8.269754944883235
1215;10.568973138643214;2.0110627025210364;342.1725;9.628403487677694
1216;10.666745734651242;2.0110627025210364;357.1425;10.894032199410248
1217;10.519063413064535;2.0110627025210364;355.76;12.299832553778998
1218;10.56909081168807;2.0110627025210364;348.1675;13.657966299419954
1219;10.66661923419893;1.7876033419909139;347.0375;13.656600502790011
1220;10.519093763114192;0.5990789139921231;345.4125;6.345347259995251
1221;10.569207954797156;2.0110627025210364;347.1375;7.703965168211955
1222;10.666493139503059;2.0110627025210364;343.1175;8.970026289167228
1223;10.519124131416646;2.0110627025210364;324.0875;10.375961361692498
1224;10.569324571429169;2.0110627025210364;311.18;11.734065422698619
1225;10.666367448468561;2.0110627025210364;313.505;12.999842940111217
1226;10.51915451738791;2.0110627025210364;328.885;14.40534616429869
1227;10.569440665012582;2.0110627025210364;323.77750000000003;15.762936997920306
1228;10.666242159015301;2.0110627025210364;323.4075;17.02843065315598
1229;10.519184920451652;2.0110627025210364;332.9975;18.433502135661595
1230;10.569556238945971;2.0110627025210364;347.325;19.790580358449358
1231;10.666117269077935;2.0110627025210364;346.845;21.055789894789477
1232;10.519215340039125;0.08701455041078844;338.0475;10.527368526326315
1233;10.569671296598335;0.09547039144047584;311.0375;-0.0
1234;10.665992776605774;1.7874983548658885;264.94;0.0
1235;10.519245775589036;2.0110627025210364;225.4825;1.4067165131904156
1236;10.569785841309438;2.0110627025210364;205.8975;2.765279292295131
1237;10.665868679562664;2.0110627025210364;202.3;4.032427518781371
1238;10.519276226547458;2.0110627025210364;213.01749999999998;5.438711860809407
1239;10.569899876390114;2.0110627025210364;242.17499999999998;6.796763107052718
1240;10.665744975926847;2.0110627025210364;305.4325;8.063625703611509
1241;10.519306692367731;1.7629154454500562;320.34000000000003;8.062819341041148
1242;10.570013405122587;1.7714133103491176;294.28999999999996;8.062013059107045
1243;10.665621663690823;1.787436160587415;263.1425;8.061206857801134
1244;10.519337172510351;2.0110627025210364;239.06;9.46703042323052
1245;10.57012643076079;2.0110627025210364;217.72;10.824463610965445
1246;10.665498740861253;2.0110627025210364;217.3075;12.091157360786159
1247;10.519367666442882;2.0110627025210364;215.3125;13.496548961929344
1248;10.570238956530655;2.0110627025210364;198.1025;14.853472298329027
1249;10.665376205458799;2.0110627025210364;192.43;16.119879555913336
1250;10.519398173639866;2.0110627025210364;195.075;17.524839302999872
1251;10.570350985630428;2.0110627025210364;201.9925;18.881253382720665
1252;10.665254055518016;2.0110627025210364;202.04;20.14737390464028
1253;10.519428693582704;2.0110627025210364;204.1125;21.551901908346245
1254;10.57046252123098;2.0110627025210364;198.845;22.90780732298598
1255;10.665132289087229;2.0110627025210364;195.3;24.173640867620815
1256;10.519459225759599;2.0110627025210364;183.235;25.577737239062436
1257;10.57057356647607;2.0110627025210364;167.115;26.933134577186262
1258;10.665010904228396;2.0110627025210364;160.9975;28.198680904711566
1259;10.519489769665437;2.0110627025210364;157.215;29.602345755438932
1260;10.570684124482671;2.0110627025210364;160.665;30.95723560260485
1261;10.664889899017016;2.0110627025210364;165.5925;32.222494474978426
1262;10.519520324801702;2.0110627025210364;185.305;33.62572791696931
1263;10.570794198341234;2.0110627025210364;244.7425;34.980110855753445
1264;10.664769271541978;2.0110627025210364;279.2025;36.24508203670299
1265;10.5195508906764;2.0110627025210364;291.65;37.647884182356734
1266;10.570903791115981;1.7715625288542978;284.15999999999997;37.644119393938496
1267;10.66464901990546;1.7872731566174496;295.5;37.6403549819991
1268;10.519581466803956;0.08707590906755065;301.7075;27.110275157027218
1269;10.571012905845192;1.771580815234482;307.78499999999997;27.107564129511516
1270;10.664529142222804;1.8100731326532793;310.2575;27.234212221006175
1271;10.51961205270513;2.0110627025210364;314.945;28.637857349714203
1272;10.571121545541462;2.0110627025210364;321.4425;29.992428095714843
1273;10.66440963662242;2.0110627025210364;321.415;31.25823969811397
1274;10.519642647906943;2.0110627025210364;315.61;32.66145335863256
1275;10.571229713192;2.0110627025210364;309.27;34.0155189857643
1276;10.664290501245636;2.0110627025210364;312.345;35.28104145768237
1277;10.51967325194259;2.0110627025210364;321.855;36.683823764191146
1278;10.571337411758876;2.0110627025210364;335.74;38.037384840643796
1279;10.66417173424662;2.0110627025210364;346.875;39.30261795462544
1280;10.51970386435134;1.762982006930283;334.19;39.29868769282998
1281;10.571444644179302;1.7716531696395634;305.2125;39.294757824060696
1282;10.66405333379224;2.0110627025210364;247.53;40.55997768117566
1283;10.519734484678485;2.0110627025210364;193.045;41.962173922962975
1284;10.57155141336588;2.0110627025210364;167.0575;43.31500386287309
1285;10.663935298061972;2.0110627025210364;168.58249999999998;44.579933829327935
1286;10.519765112475236;2.0110627025210364;176.29500000000002;45.98169897909352
1287;10.571657722206885;2.0110627025210364;206.5825;47.334025973099074
1288;10.663817625247782;2.0110627025210364;283.0875;48.59866582651637
1289;10.519795747298652;2.0110627025210364;336.4525;50.0
1290;10.571763573566495;0.09582103312164332;324.94;39.46868421052631
1291;10.663700313554019;0.11122857885333368;319.72749999999996;28.938421552631574
1292;10.519826388711563;0.8506953978703089;312.1075;23.205283853169668
1293;10.57186897028506;2.0110627025210364;290.445;24.559687803013546
1294;10.663583361197302;2.0110627025210364;272.825;25.826827641095807
1295;10.519857036282499;2.0110627025210364;245.15;27.230380773863324
1296;10.57197391517935;2.0110627025210364;222.71249999999998;28.584282516365555
1297;10.663466766406426;2.0110627025210364;218.04500000000002;29.851130660027817
1298;10.519887689585603;2.0110627025210364;218.54;31.25425224185549
1299;10.572078411042792;2.0110627025210364;225.49;32.60765232614065
1300;10.663350527422239;2.0110627025210364;236.215;33.87420855985692
1301;10.519918348200568;2.0110627025210364;234.8175;35.27689870821039
1302;10.572182460645726;2.0110627025210364;245.3625;36.62979768072613
1303;10.663234642497557;2.0110627025210364;262.705;37.89606179058538
1304;10.519949011712555;2.0110627025210364;260.71;39.298320623279395
1305;10.572286066735638;1.7717941824329058;229.5275;39.29439079121707
1306;10.663119109897044;2.0110627025210364;209.48250000000002;40.560498197735754
1307;10.519979679712124;2.0110627025210364;191.1225;41.962461452189466
1308;10.572389232037398;2.0110627025210364;182.7275;43.31449543560872
1309;10.663003927897124;2.0110627025210364;181.44;44.58031025456289
1310;10.520010351795172;2.0110627025210364;187.3;45.981842389332016
1311;10.572491959253496;2.0110627025210364;221.9075;47.33337684380226
1312;10.662889094785868;2.0110627025210364;238.6375;48.59889886607131
1313;10.520041027562845;2.0110627025210364;255.64249999999998;50.0
1314;10.572594251064267;1.7727278756452722;272.225;50.0
1315;10.662774608862902;1.5453277442533533;274.53499999999997;48.47730260674072
1316;10.520071706621485;0.08715806765191086;279.7425;37.946139087006365
1317;10.572696110128138;1.7718629010139952;296.97749999999996;37.94234447309766
1318;10.662660468439304;2.0110627025210364;317.90250000000003;39.20902279363301
1319;10.520102388582556;2.0110627025210364;333.70500000000004;40.61100462220022
1320;10.572797539081828;2.0110627025210364;357.2875;41.962785859610264
1321;10.66254667183751;2.0110627025210364;375.995;43.22917024277867
1322;10.520133073062572;2.0110627025210364;390.495;44.630720906344955
1323;10.57289854054059;2.0110627025210364;408.155;45.982004220740755
1324;10.662433217391204;2.0110627025210364;421.7725;47.24809446379704
1325;10.52016375968305;2.0110627025210364;430.55;48.64921408265176
1326;10.572999117098421;2.0110627025210364;426.0775;50.0
1327;10.662320103445246;1.7877649019098805;415.045;50.0
1328;10.520194448070415;0.9053984287415499;408.85;44.607961008660105
1329;10.573099271328285;0.09604488078419149;386.8125;34.077184423085555
1330;10.662207328355557;1.7868639570501936;358.245;34.073776704643244
1331;10.520225137855961;2.0110627025210364;339.195;35.47615544600962
1332;10.573199005782328;2.0110627025210364;348.8;36.82806877497181
1333;10.66209489048903;2.0110627025210364;369.38;38.09539582212973
1334;10.52025582867578;2.0110627025210364;398.2925;39.49734324530553
1335;10.57329832299208;2.0110627025210364;431.21000000000004;40.84876010413853
1336;10.661982788223439;2.0110627025210364;453.2625;42.11579157931585
1337;10.52028652017069;0.08719406794497767;465.005;31.58526421068423
1338;10.573397225468684;0.09609481448909292;463.4475;21.055789894789477
1339;10.661871019947348;0.11092201017463908;467.6925;10.527368526326315
1340;10.520317211986194;0.08719921154209724;475.77;0.0
1341;10.573495715703075;1.771996905759702;492.1275;-0.0
1342;10.661759584060015;2.0110627025210364;502.3325;1.2713283951429861
1343;10.520347903772404;2.0110627025210364;503.0575;2.6768707537196885
1344;10.57359379616622;2.0110627025210364;508.3175;4.031688960286408
1345;10.661648478971305;2.0110627025210364;510.9825;5.3027197363676395
1346;10.520378595183985;2.0110627025210364;509.885;6.707829798969217
1347;10.573691469309283;2.0110627025210364;501.8475;8.062152120145502
1348;10.661537703101603;2.0110627025210364;489.43;9.332885086986964
1349;10.520409285880095;2.0110627025210364;478.79499999999996;10.737562976892175
1350;10.573788737563847;2.0110627025210364;459.1675;12.091389919908831
1351;10.661427254881723;2.0110627025210364;439.735;13.361824888779203
1352;10.520439975524337;1.7631053707406932;429.88;13.360488706290326
1353;10.573885603342111;0.09617666103292513;420.27750000000003;2.832836867946014
1354;10.661317132752817;1.786714770452309;407.4525;2.8325535842592195
1355;10.520470663784678;2.0110627025210364;391.23;4.23782319830535
1356;10.573982069037068;2.0110627025210364;384.09250000000003;5.592116450400304
1357;10.661207335166301;2.0110627025210364;383.9175;6.863410270347277
1358;10.520501350333433;2.0110627025210364;392.99;8.26824764650348
1359;10.574078137022726;2.0110627025210364;404.2575;9.622046591567242
1360;10.661097860583741;2.0110627025210364;425.0325;10.893041419353532
1361;10.520532034847161;1.7631207988299058;433.655;10.891952115211597
1362;10.574173809654253;1.714238920146857;429.1;10.527368526326315
1363;10.660988707476807;0.11077414469951627;424.735;-0.0
1364;10.520562717006644;1.7631259408087865;419.0025;0.0
1365;10.574269089268215;1.7721265143206995;411.565;-0.0
1366;10.660879874327163;2.0110627025210364;410.695;1.272164119389195
1367;10.52059339649683;2.0110627025210364;409.2425;2.6774731763052677
1368;10.57436397818273;2.0110627025210364;409.325;4.031559649714044
1369;10.660771359626382;2.0110627025210364;413.8125;5.303423702104009
1370;10.520624073006768;2.0110627025210364;405.9175;6.708300490377368
1371;10.574458478697654;2.0110627025210364;405.71750000000003;8.061894105565559
1372;10.660663161875885;2.0110627025210364;413.02;9.33345791237291
1373;10.520654746229557;2.0110627025210364;418.385;10.737902557663595
1374;10.57455259309478;2.0110627025210364;418.16;12.091003803967789
1375;10.660555279586829;2.0110627025210364;412.97249999999997;13.362267187979905
1376;10.520685415862301;1.763146503733141;403.3275;13.360930961261106
1377;10.574646323637989;1.2895459599263164;392.1175;10.328086733609608
1378;10.66044771128006;2.0110627025210364;374.6825;11.599628599220189
1379;10.52071608160606;2.0110627025210364;357.725;13.00378835883451
1380;10.57473967257345;2.0110627025210364;355.22;14.356485291053849
1381;10.660340455486011;2.0110627025210364;356.7025;15.627726209813034
1382;10.520746743165798;2.0110627025210364;368.7225;17.031454031184545
1383;10.574832642129783;2.0110627025210364;396.0975;18.38365987575813
1384;10.66023351074462;2.0110627025210364;434.71500000000003;19.654599674563165
1385;10.520777400250315;2.0110627025210364;453.44;21.057895684357913
1386;10.57492523451823;1.7722364767573444;449.21500000000003;21.055789894789477
1387;10.660126875605275;0.11062971153845942;452.27;10.527368526326315
1388;10.520808052572237;0.08728147080838673;452.245;-0.0
1389;10.575017451932833;1.7722519313409306;461.3125;0.0
1390;10.66002054862671;2.0110627025210364;470.575;1.2729804788046257
1391;10.520838699847923;2.0110627025210364;477.7575;2.678056415901218
1392;10.575109296550611;2.0110627025210364;487.3725;4.031434778536548
1393;10.659914528376937;2.0110627025210364;491.3075;5.3041128331006036
1394;10.52086934179745;2.0110627025210364;488.8625;6.708756547109716
1395;10.575200770531689;2.0110627025210364;487.25;8.0616449394499
1396;10.659808813433187;2.0110627025210364;481.75;9.334020402194428
1397;10.520899978144561;2.0110627025210364;476.085;10.738232020916875
1398;10.575291876019508;2.0110627025210364;466.4625;12.090630915496252
1399;10.659703402381808;2.0110627025210364;449.57;13.362703620141986
1400;10.520930608616597;1.7631875952333989;437.935;13.361367349779972
1401;10.575382615140958;0.09642754308241637;428.4;2.833715423571311
1402;10.659598293818204;1.7864267127128888;415.2025;2.833432052028954
1403;10.520961232944487;2.0110627025210364;405.97249999999997;4.238235537526489
1404;10.575472990006553;2.0110627025210364;392.13;5.591112373466511
1405;10.65949348634677;2.0110627025210364;384.4225;6.864034450199733
1406;10.520991850862666;2.0110627025210364;391.7175;8.26840578843518
1407;10.575563002710581;2.0110627025210364;408.635;9.620794095281283
1408;10.659388978580793;2.0110627025210364;433.79;10.893412486220003
1409;10.521022462109066;2.0110627025210364;441.35;12.297351805967768
1410;10.575652655331261;1.772358384162855;443.615;12.296122070787172
1411;10.65928476914241;0.11048858413020768;450.21;1.7685766691064106
1412;10.521053066425043;1.481662721199778;459.90999999999997;-0.0
1413;10.575741949930904;1.7723733489160949;470.4225;0.0
1414;10.659180856662507;2.0110627025210364;480.7575;1.273778186170618
1415;10.521083663555356;2.0110627025210364;494.7025;2.6786213279744135
1416;10.575830888556068;2.0110627025210364;503.41999999999996;4.0313141217133515
1417;10.65907723978068;2.0110627025210364;514.66;5.304787612509534
1418;10.521114253248099;2.0110627025210364;521.315;6.70919859316259
1419;10.575919473237702;2.0110627025210364;522.77;8.061404173727457
1420;10.65897391714514;2.0110627025210364;520.79;9.334572812022202
1421;10.52114483525469;2.0110627025210364;518.09;10.738551761249044
1422;10.57600770599129;2.0110627025210364;515.395;12.090270585381193
1423;10.658870887412645;2.0110627025210364;508.725;13.363134215280642
1424;10.521175409329807;1.763228621032056;484.10249999999996;13.361797901859115
1425;10.576095588817022;1.7724326147472644;448.6925;13.360461722068928
1426;10.65876814924844;1.7862875899810593;415.9325;13.35912567589672
1427;10.521205975231357;2.0110627025210364;383.3275;14.762644086859343
1428;10.576183123699916;2.0110627025210364;368.7975;16.113793854935736
1429;10.658665701326196;2.0110627025210364;362.9825;17.386450059290354
1430;10.52123653272044;2.0110627025210364;367.255;18.789536708200007
1431;10.576270312609973;2.0110627025210364;399.11249999999995;20.140200957549716
1432;10.65856354232792;2.0110627025210364;447.505;21.41255157224244
1433;10.521267081561291;2.0110627025210364;470.22249999999997;22.81520658960199
1434;10.576357157502315;1.7724764506661927;464.395;22.812925068943027
1435;10.658461670943908;0.110350642289581;453.945;12.28432798696245
1436;10.521297621521256;0.08736351696286052;449.4025;1.7567837646900717
1437;10.576443660317343;1.7724909475482733;456.3875;1.7566080863136027
1438;10.65836008587267;2.0110627025210364;464.2075;3.030990343925934
1439;10.521328152370751;2.0110627025210364;471.085;4.435425500139328
1440;10.57652982298085;2.0110627025210364;462.40999999999997;5.787278625757506
1441;10.658258785820866;2.0110627025210364;454.1175;7.061354051365107
1442;10.52135867388323;2.0110627025210364;441.6975;8.465357175770903
1443;10.576615647404182;2.0110627025210364;439.6125;9.816725775019354
1444;10.65815776950323;2.0110627025210364;431.58500000000004;11.090494221413783
1445;10.521389185835135;2.0110627025210364;430.6925;12.494065445448264
1446;10.576701135484363;2.0110627025210364;431.195;13.844949960193574
1447;10.658057035642532;2.0110627025210364;421.7425;15.11841128133715
1448;10.521419688005855;2.0110627025210364;373.97;16.521550736603455
1449;10.576786289104227;2.0110627025210364;283.82;17.871951606880778
1450;10.657956582969499;2.0110627025210364;202.78;19.145105657899066
1451;10.52145018017772;2.0110627025210364;169.6525;20.547813476164443
1452;10.576871110132563;2.0110627025210364;156.9375;21.897731140190892
1453;10.657856410222733;2.0110627025210364;163.125;23.170577777365278
1454;10.521480662135929;2.0110627025210364;175.3675;24.57285409055841
1455;10.576955600424238;2.0110627025210364;200.87;25.922288984746327
1456;10.657756516148687;2.0110627025210364;310.65999999999997;27.1948280655066
1457;10.521511133668525;2.0110627025210364;409.72499999999997;28.596673005714948
1458;10.577039761820327;2.0110627025210364;419.7475;29.945625564685066
1459;10.65765689950157;1.7861013572377997;415.7925;29.9426310021286
1460;10.521541594566386;1.7632899894880143;415.9125;29.939636739028387
1461;10.577123596148251;2.0110627025210364;409.685;31.288375359013646
1462;10.657557559043298;2.0110627025210364;410.3575;32.56056684038661
1463;10.52157204462315;2.0110627025210364;418.7575;33.961817341310585
1464;10.577207105221886;2.0110627025210364;424.1875;35.31007440961566
1465;10.657458493543448;2.0110627025210364;426.845;36.58195783330842
1466;10.521602483635204;2.0110627025210364;421.435;37.982777278071644
1467;10.577290290841717;2.0110627025210364;416.46000000000004;39.3305532240442
1468;10.657359701779175;2.0110627025210364;418.0225;40.60212845203158
1469;10.521632911401646;2.0110627025210364;400.505;42.00251697335481
1470;10.577373154794932;2.0110627025210364;375.045;43.34981222460229
1471;10.657261182535155;1.786035039601807;367.5125;43.34547724337983
1472;10.521663327724253;0.08742480513827115;316.115;32.81482690618181
1473;10.577455698855575;1.7726605536280857;251.3375;32.81154542349119
1474;10.657162934603546;2.0110627025210364;203.96249999999998;34.08395948107547
1475;10.521693732407453;2.0110627025210364;169.19;35.48494203934028
1476;10.577537924784629;2.0110627025210364;160.675;36.83273251659095
1477;10.657064956783906;2.0110627025210364;165.68;38.10483753439458
1478;10.52172412525828;2.0110627025210364;184.7525;39.50538913164578
1479;10.577619834330179;2.0110627025210364;254.24;40.852699750118944
1480;10.656967247883141;2.0110627025210364;348.6825;42.124495594654945
1481;10.521754506086339;2.0110627025210364;403.225;43.52461636431346
1482;10.577701429227513;1.2702926912337238;407.5575;40.364609185836876
1483;10.656869806715461;0.11008386405813882;407.6225;29.834256935444607
1484;10.521784874703805;0.08744517502136949;412.8725;19.304957720277383
1485;10.577782711199227;0.09682977172118735;427.40999999999997;8.776711435031675
1486;10.65677263210231;2.0110627025210364;438.41499999999996;10.051899763390978
1487;10.521815230925357;2.0110627025210364;449.1725;11.455170104035549
1488;10.577863681955359;2.0110627025210364;450.6325;12.805054089167555
1489;10.656675722872317;2.0110627025210364;453.8125;14.07993164702994
1490;10.521845574568172;2.0110627025210364;455.87;15.482770358025473
1491;10.577944343193499;2.0110627025210364;457.0875;16.832174954955846
1492;10.656579077861226;2.0110627025210364;443.4525;18.106741613492183
1493;10.521875905451868;2.0110627025210364;437.3475;19.50914882915156
1494;10.5780246965989;2.0110627025210364;416.8575;20.85807445249969
1495;10.65648269591186;1.7859045741507638;399.105;20.85598864505444
1496;10.521906223398503;0.08746551167419506;359.15;10.32758725671625
1497;10.578104743844593;1.772769326142225;303.195;10.326554497990578
1498;10.656386575874059;2.0110627025210364;251.5575;11.601954595460423
1499;10.52193652823253;2.0110627025210364;200.33249999999998;13.004954698179974
1500;10.578184486591503;2.0110627025210364;179.52249999999998;14.354378940448226
1501;10.656290716604618;2.0110627025210364;180.99;15.629467321779794
1502;10.52196681978078;2.0110627025210364;177.995;17.032035896255877
1503;10.578263926488543;2.0110627025210364;240.2525;18.380981962502137
1504;10.656195116967242;2.0110627025210364;321.6075;19.65575850318701
1505;10.521997097872399;2.0110627025210364;371.96500000000003;21.057895684357913
1506;10.57834306517275;1.7728092660700812;374.32;21.055789894789477
1507;10.656099775832491;0.10995481569242795;365.9875;10.527368526326315
1508;10.522027362338871;0.08748581317459492;360.2425;0.0
1509;10.578421904269364;1.7728224786006395;362.9;-0.0
1510;10.656004692077731;2.0110627025210364;358.3425;1.2767955425261552
1511;10.522057613013951;2.0110627025210364;360.5175;2.680713130608649
1512;10.578500445391953;2.0110627025210364;348.11;4.030869636173233
1513;10.655909864587068;2.0110627025210364;347.32;5.307352177851902
1514;10.522087849733657;2.0110627025210364;347.1875;6.710837985387143
1515;10.57857869014251;2.0110627025210364;347.22;8.06051714595322
1516;10.655815292251317;2.0110627025210364;337.77750000000003;9.336686566599873
1517;10.522118072336227;2.0110627025210364;333.83;10.739740729223797
1518;10.578656640111568;2.0110627025210364;314.78;12.088942947044886
1519;10.655720973967929;2.0110627025210364;305.44;13.36479912748065
1520;10.522148280662107;1.7633916631362843;259.8425;13.363462647567902
1521;10.57873429687829;2.0110627025210364;180.8975;14.71232871926877
1522;10.655626908640953;2.0110627025210364;150.2;15.988011923187939
1523;10.522178474553915;2.0110627025210364;138.01;17.3903435711694
1524;10.578811662010574;3.4285714285714284;138.39;18.73873345790224
1525;10.655533095180996;3.4285714285714284;143.005;20.014103144134502
1526;10.522208653856422;3.4285714285714284;150.2925;21.416003512656488
1527;10.578888737065164;2.0110627025210364;191.2875;22.763917612093316
1528;10.655439532505138;2.0110627025210364;272.46000000000004;24.038973664452225
1529;10.522238818416529;2.0110627025210364;339.9925;25.440442889590077
1530;10.578965523587732;2.0110627025210364;346.57;26.78788159789277
1531;10.655346219536932;1.785714113713271;349.485;26.785202809732983
1532;10.522268968083214;1.7634118889672221;350.71750000000003;26.78252428945201
1533;10.579042023113;2.0110627025210364;348.725;28.129756115065714
1534;10.6552531552063;2.0110627025210364;348.2825;29.404452642008224
1535;10.522299102707555;2.0110627025210364;349.98;30.805328049171845
1536;10.579118237164813;2.0110627025210364;350.1625;32.15208519106036
1537;10.655160338449535;2.0110627025210364;350.75;33.42646766101419
1538;10.522329222142655;2.0110627025210364;351.85749999999996;34.82691225321257
1539;10.579194167256253;2.0110627025210364;349.74249999999995;36.1731951030938
1540;10.655067768209221;2.0110627025210364;351.7925;37.44726340378473
1541;10.522359326243654;2.0110627025210364;356.0725;38.847277317512884
1542;10.579269814889722;2.0110627025210364;348.595;40.1930862656359
1543;10.654975443434202;1.785651975880672;341.1275;40.18906695700934
1544;10.522389414867689;0.08754648903601647;295.995;29.658732260839955
1545;10.579345181557061;2.0110627025210364;228.5675;31.00538846513466
1546;10.654883363079513;2.0110627025210364;182.31;32.28014873136261
1547;10.52241948787387;2.0110627025210364;166.065;33.68062220300929
1548;10.579420268739606;2.0110627025210364;152.73;35.026804885486364
1549;10.654791526106367;2.0110627025210364;153.03500000000003;36.30125025519677
1550;10.522449545123257;2.0110627025210364;157.6925;37.70129306230416
1551;10.579495077908309;2.0110627025210364;224.5925;39.04700260898503
1552;10.654699931482078;2.0110627025210364;334.31;40.32113297381616
1553;10.522479586478848;2.0110627025210364;398.5175;41.72074525336387
1554;10.579569610523823;0.09712923560325863;408.48;31.190257389364852
1555;10.654608578180039;0.10970490802735013;403.3025;20.660822574152235
1556;10.522509611805532;0.08756663266757088;391.6075;10.132440702421137
1557;10.579643868036593;2.0110627025210364;382.05;11.480765783716132
1558;10.65451746517964;2.0110627025210364;379.70500000000004;12.757826115217103
1559;10.52253962097009;2.0110627025210364;381.83000000000004;14.160137692683996
1560;10.579717851886933;2.0110627025210364;398.9825;15.507989719622142
1561;10.654426591466278;2.0110627025210364;417.305;16.784733658757215
1562;10.522569613841164;2.0110627025210364;426.52;18.186614052242234
1563;10.579791563505138;2.0110627025210364;431.975;19.53399340550713
1564;10.654335956031264;2.0110627025210364;426.875;20.81042084793688
1565;10.522599590289232;2.0110627025210364;400.335;22.211870195077314
1566;10.57986500431155;2.0110627025210364;377.7125;23.558777253961832
1567;10.654245557871802;1.7855296554113678;362.5;23.556421376236436
1568;10.522629550186588;1.763472318402163;327.075;23.554065734098813
1569;10.579938175716656;2.0110627025210364;267.45;24.90076906059458
1570;10.654155395990928;2.0110627025210364;190.7175;26.17683135749714
1571;10.522659493407323;2.0110627025210364;165.0675;27.57768715562443
1572;10.580011079121173;2.0110627025210364;162.08249999999998;28.923918861743758
1573;10.654065469397507;2.0110627025210364;163.855;30.19966427392995
1574;10.522689419827298;2.0110627025210364;184.98000000000002;31.600089358666626
1575;10.580083715916127;2.0110627025210364;272.565;32.945849819610444
1576;10.653975777106133;2.0110627025210364;379.56;34.22127824637766
1577;10.522719329324135;2.0110627025210364;434.185;35.621272755695095
1578;10.580156087482946;0.09722752243145699;443.01;25.09139483894584
1579;10.653886318137127;0.10958386550786511;444.23249999999996;14.56256990998826
1580;10.522749221777172;0.08760678855733066;457.7175;4.034797863523579
1581;10.580228195193541;1.130812769895052;469.2325;0.0
1582;10.65379709151648;1.7854544975813242;480.065;0.0
1583;10.522779097067472;2.0110627025210364;481.20500000000004;1.4033598577859014
1584;10.580300040410394;2.0110627025210364;473.35;2.751934483410248
1585;10.653708096275821;2.0110627025210364;478.95;4.030636598499877
1586;10.522808955077785;2.0110627025210364;486.02;5.4335650275161305
1587;10.580371624486608;2.0110627025210364;488.795;6.781668627751102
1588;10.653619331452356;2.0110627025210364;488.0225;8.060052096008588
1589;10.52283879569253;2.0110627025210364;484.2525;9.462549234891084
1590;10.580442948766025;2.0110627025210364;477.46500000000003;10.81018217863987
1591;10.653530796088845;2.0110627025210364;444.1675;12.088246904137604
1592;10.522868618797782;2.0110627025210364;334.97749999999996;13.490312891589298
1593;10.580514014583306;2.0110627025210364;220.24;14.837475546445997
1594;10.65344248923355;2.0110627025210364;176.65;16.11522143411948
1595;10.52289842428125;2.0110627025210364;155.7725;17.51685640890888
1596;10.58058482326397;2.0110627025210364;151.3825;18.863549141167216
1597;10.653354409940214;3.4285714285714284;152.4275;20.140976096809897
1598;10.522928212032241;3.4285714285714284;157.365;21.542180197769586
1599;10.580655376124517;2.0110627025210364;184.015;22.88840337243152
1600;10.653266557267992;2.0110627025210364;279.125;24.165511302689684
1601;10.522957981941667;2.0110627025210364;356.375;25.566284668714832
1602;10.580725674472484;0.5086739644345674;344.28;17.621127042434516
1603;10.653178930281431;0.10946531539679785;297.005;7.09304914025659
1604;10.522987733902017;1.7635323458947256;261.4125;7.092339835342565
1605;10.580795719606519;2.0110627025210364;242.9475;8.439874667732838
1606;10.653091528050426;2.0110627025210364;246.57;9.71859372861816
1607;10.523017467807335;2.0110627025210364;252.7525;11.120755274828328
1608;10.580865512816464;2.0110627025210364;271.9525;12.467820962125204
1609;10.653004349650178;2.0110627025210364;303.10749999999996;13.746220047861323
1610;10.523047183553196;2.0110627025210364;335.3725;15.147950601481002
1611;10.580935055383435;2.0110627025210364;356.24;16.49454750380659
1612;10.652917394161161;2.0110627025210364;370.51;17.772626524603105
1613;10.523076881036705;2.0110627025210364;373.35;19.173926224965776
1614;10.581004348579878;2.0110627025210364;353.9875;20.520054701192397
1615;10.652830660669078;2.0110627025210364;290.27500000000003;21.797813568086653
1616;10.523106560156453;2.0110627025210364;210.9875;23.198682554581215
1617;10.581073393669664;2.0110627025210364;178.7525;24.544342962339574
1618;10.652744148264834;2.0110627025210364;159.145;25.821781587191747
1619;10.523136220812535;2.0110627025210364;148.6175;27.22221999926112
1620;10.58114219190815;2.0110627025210364;147.3725;28.567412694948455
1621;10.652657856044474;3.4285714285714284;151.565;29.844530990436713
1622;10.523165862906504;3.4285714285714284;160.745;31.244538967576492
1623;10.581210744542249;2.0110627025210364;201.71249999999998;32.5892643063646
1624;10.652571783109172;2.0110627025210364;319.7425;33.86606218598025
1625;10.523195486341363;2.0110627025210364;405.33500000000004;35.265639867737356
1626;10.581279052810505;2.0110627025210364;422.0;36.6098982035806
1627;10.65248592856519;1.7852347616723019;430.8425;36.60623721376024
1628;10.523225091021548;1.7635721242322477;423.7525;36.602576590038865
1629;10.581347117943162;2.0110627025210364;434.69;37.94663657033385
1630;10.652400291523811;2.0110627025210364;451.0525;39.223061629729195
1631;10.523254676852915;2.0110627025210364;469.5475;40.622047380555955
1632;10.581414941162242;2.0110627025210364;483.1825;41.96564098171377
1633;10.652314871101359;2.0110627025210364;492.945;43.241745290069304
1634;10.523284243742708;2.0110627025210364;497.84749999999997;44.640301083984724
1635;10.581482523681608;2.0110627025210364;495.61;45.983428656378805
1636;10.652229666419105;2.0110627025210364;488.3575;47.25921213041502
1637;10.523313791599577;2.0110627025210364;480.8925;48.65733810718238
1638;10.581549866707016;2.0110627025210364;445.04;50.0
1639;10.65214467660327;1.5436169260670658;409.84749999999997;48.47774628002909
1640;10.523343320333513;0.08770635267802061;357.525;37.9465827159274
1641;10.581616971436219;2.0110627025210364;313.89750000000004;39.29025193479139
1642;10.652059900784971;2.0110627025210364;276.88;40.56686600385219
1643;10.523372829855871;2.0110627025210364;250.58749999999998;41.965605128888726
1644;10.581683839058996;2.0110627025210364;227.655;43.308808921269794
1645;10.651975338100192;2.0110627025210364;227.9925;44.58510146918248
1646;10.523402320079349;2.0110627025210364;277.105;45.98341075496018
1647;10.581750470757251;2.0110627025210364;328.04499999999996;47.326149466665306
1648;10.651890987689747;2.0110627025210364;378.66;48.60212041341339
1649;10.523431790917945;2.0110627025210364;408.2525;50.0
1650;10.58181686770505;1.773391435629134;407.2425;49.995
1651;10.651806848699254;0.10923537022223677;408.52750000000003;39.463684710526316
1652;10.523461242286984;0.08772611504822349;420.1325;28.933422552581575
1653;10.58188303106871;1.773402523851878;436.28499999999997;28.930529210326316
1654;10.651722920279084;2.0110627025210364;450.9175;30.208499383140154
1655;10.523490674103066;2.0110627025210364;457.485;31.60816239280393
1656;10.581948962006843;2.0110627025210364;466.9075;32.95215006265815
1657;10.651639201584349;2.0110627025210364;479.90250000000003;34.22979760614675
1658;10.52352008628407;2.0110627025210364;480.1325;35.62903054441627
1659;10.582014661670437;2.0110627025210364;476.0325;36.97255371277491
1660;10.651555691774846;2.0110627025210364;467.9125;38.24987855021753
1661;10.523549478749132;2.0110627025210364;466.8575;39.64868155755084
1662;10.582080131202908;2.0110627025210364;449.0;40.99174056475232
1663;10.651472390015034;1.785064904207653;427.97249999999997;40.98764139069584
1664;10.523578851418636;1.4946318729578711;410.6925;39.29394394318867
1665;10.582145371740168;1.7734464891468549;390.28;39.29001454879435
1666;10.651389295474008;2.0110627025210364;365.65;40.56726571663917
1667;10.523608204214195;2.0110627025210364;348.27250000000004;41.96578119606402
1668;10.582210384410681;2.0110627025210364;349.175;43.30848475275427
1669;10.651306407325455;2.0110627025210364;353.9975;44.585412817319806
1670;10.523637537058638;2.0110627025210364;369.275;45.983498615832374
1671;10.58227517033554;2.0110627025210364;390.8175;47.32573885415203
1672;10.651223724747627;2.0110627025210364;416.3075;48.60234374175638
1673;10.523666849876003;2.0110627025210364;430.575;50.0
1674;10.582339730628497;0.0975934760385932;427.385;39.46868421052631
1675;10.65114124692331;0.10912382298004232;428.1675;28.938421552631574
1676;10.523696142591495;0.08776548165165786;438.8825;18.40921192100263
1677;10.582404066396055;1.773489843411338;453.975;18.407370999810528
1678;10.651058973039781;2.0110627025210364;467.3275;19.687024238322753
1679;10.523725415131528;2.0110627025210364;480.1175;21.08751639152397
1680;10.58246817873751;2.0110627025210364;496.115;22.43206287008418
1681;10.650976902288798;2.0110627025210364;502.65;23.711391606622815
1682;10.523754667423637;2.0110627025210364;503.01750000000004;25.111453533409698
1683;10.582532068745016;2.0110627025210364;500.8325;26.455536922748593
1684;10.65089503386654;2.0110627025210364;498.64750000000004;27.734541086883105
1685;10.523783899396541;2.0110627025210364;497.755;29.134172928347702
1686;10.582595737503633;2.0110627025210364;479.82;30.477793560426417
1687;10.650813366973606;1.7849544594860933;453.67;30.474745781070375
1688;10.523813110980068;0.08778508421529398;439.91;19.945382517018587
1689;10.582659186091409;1.7735325985533383;431.5575;19.943387978766886
1690;10.650731900814968;2.0110627025210364;419.6975;21.22319833419479
1691;10.523842302105182;2.0110627025210364;409.18;22.62342582736145
1692;10.582722415579404;2.0110627025210364;398.2875;23.967577189978282
1693;10.65065063459993;2.0110627025210364;399.4975;25.24706232938935
1694;10.523871472703943;2.0110627025210364;416.865;26.646859724087665
1695;10.58278542703178;2.0110627025210364;439.21500000000003;27.990548882435064
1696;10.65056956754212;2.0110627025210364;454.79499999999996;29.269708738381805
1697;10.523900622709515;2.0110627025210364;461.8425;30.669076175933927
1698;10.58284822150582;1.7735642787259531;467.1025;30.666009268316333
1699;10.650488698859455;0.10901446339064066;472.6175;20.136626877915816
1700;10.52392975205614;0.08780463192509992;489.4925;9.608297425754342
1701;10.582910800052025;1.7735747661743073;511.4525;9.607336596011766
1702;10.650408027774091;2.0110627025210364;532.15;10.888488235966777
1703;10.523958860679139;2.0110627025210364;541.2725;12.289638469497998
1704;10.582973163714133;2.0110627025210364;549.8775;13.634585000122621
1705;10.650327553512424;2.0110627025210364;547.5325;14.915410365785807
1706;10.523987948514876;2.0110627025210364;532.6424999999999;16.316130273660097
1707;10.583035313529196;2.0110627025210364;519.3125;17.660615112779993
1708;10.650247275305032;2.0110627025210364;506.3;18.94111413972893
1709;10.524017015500771;2.0110627025210364;504.4525;20.34140386358923
1710;10.583097250527622;2.0110627025210364;490.82;21.685427335201627
1711;10.650167192386661;2.0110627025210364;464.85249999999996;22.96559995970078
1712;10.524046061575278;0.08782412406975708;439.025;12.436987610231126
1713;10.583158975733237;1.4271861194192208;409.86;10.259799373497668
1714;10.65008730399621;1.7848327796382997;384.995;10.258773393560318
1715;10.524075086677865;2.0110627025210364;379.94;11.659876183876992
1716;10.583220490163331;2.0110627025210364;375.31;13.00465073060344
1717;10.650007609376667;2.0110627025210364;397.515;14.285843036622547
1718;10.524104090749017;2.0110627025210364;408.265;15.68651556610732
1719;10.583281794828707;2.0110627025210364;423.725;17.030829209463437
1720;10.64992810777511;2.0110627025210364;437.795;18.311694424156133
1721;10.52413307373022;2.0110627025210364;441.62;19.71193683467001
1722;10.583342890733753;2.0110627025210364;450.0875;21.055789894789477
1723;10.64984879844267;0.10890722340218045;455.205;10.527368526326315
1724;10.524162035563936;0.08784355998334477;474.95;0.0
1725;10.58340377887646;1.773657383784887;494.39750000000004;-0.0
1726;10.649769680634499;2.0110627025210364;510.07;1.2827188033972259
1727;10.524190976193617;2.0110627025210364;528.99;2.6846091041329494
1728;10.583464460248502;2.0110627025210364;543.89;4.0300494059864596
1729;10.649690753609741;2.0110627025210364;543.14;5.312440185116607
1730;10.52421989556366;2.0110627025210364;538.4125;6.713900040312619
1731;10.58352493583528;2.0110627025210364;523.6;8.05887996126507
1732;10.649612016631526;2.0110627025210364;509.27750000000003;9.340942657468995
1733;10.524248793619435;2.0110627025210364;503.21250000000003;10.741972209264786
1734;10.583585206615956;2.0110627025210364;479.42;12.086492065758701
1735;10.649533468966906;1.7847399632240677;452.24;12.085283416552125
1736;10.52427767030724;0.08786293904329266;433.365;1.5577590987367866
1737;10.583645273563523;1.5257131846591345;405.26750000000004;0.0
1738;10.649455109886869;2.0110627025210364;377.23;1.2830176456074744
1739;10.524306525574314;2.0110627025210364;364.2025;2.6847981445473152
1740;10.583705137644843;2.0110627025210364;361.86;4.030009783970259
1741;10.649376938666268;2.0110627025210364;366.475;5.312698691258907
1742;10.524335359368813;2.0110627025210364;380.22;6.714048829989409
1743;10.583764799820695;2.0110627025210364;384.355;8.05880086527675
1744;10.649298954583838;2.0110627025210364;400.7925;9.341160978335576
1745;10.524364171639798;2.0110627025210364;418.15;10.742080899179935
1746;10.58382426104583;1.7737278517855448;421.5575;10.741006691090018
1747;10.649221156922142;0.10880203786447303;433.9325;0.21361680094722502
1748;10.52439296233724;1.7297615019132933;444.8775;0.0
1749;10.583883522269003;1.773737783288514;451.71000000000004;0.0
1750;10.649143544967554;2.0110627025210364;456.62;1.2833136322808234
1751;10.524421731411993;2.0110627025210364;451.9425;2.6849846560762023
1752;10.583942584433046;2.0110627025210364;437.2775;4.029970702399201
1753;10.649066118010229;2.0110627025210364;421.555;5.312954893219244
1754;10.524450478815792;2.0110627025210364;414.96;6.71419564285492
1755;10.584001448474888;2.0110627025210364;408.99;8.05872284723949
1756;10.648988875344086;2.0110627025210364;402.6275;9.341377543377885
1757;10.524479204501242;2.0110627025210364;399.475;10.742188161347368
1758;10.584060115325615;2.0110627025210364;392.49;12.0862568329719
1759;10.648911816266772;2.0110627025210364;382.64;13.36858198183517
1760;10.524507908421802;2.0110627025210364;353.26;14.768962610636276
1761;10.584118585910518;2.0110627025210364;302.3625;16.11257305776022
1762;10.648834940079643;2.0110627025210364;239.6225;17.394568607378783
1763;10.524536590531783;2.0110627025210364;215.685;18.794519389512853
1764;10.584176861149125;2.0110627025210364;197.2975;20.137671919482234
1765;10.648758246087736;2.0110627025210364;190.28;21.419337818506936
1766;10.524565250786347;2.0110627025210364;198.865;22.818858896478055
1767;10.584234941955264;2.0110627025210364;237.45;24.161553815730905
1768;10.648681733599748;2.0110627025210364;291.3675;25.44289001342957
1769;10.52459388914147;2.0110627025210364;343.02750000000003;26.84198152974383
1770;10.584292829237095;1.773806378453298;364.4325;26.839297331590856
1771;10.648605401928016;1.7845844298067886;364.06;26.836613401857697
1772;10.524622505553955;0.731374184001093;362.865;20.34917521091166
1773;10.584350523897148;1.7738160474182123;365.09749999999997;20.34714029339057
1774;10.648529250388469;2.0110627025210364;381.625;21.629002791492187
1775;10.52465109998142;2.0110627025210364;388.0625;23.02842134623069
1776;10.584408026832392;2.0110627025210364;396.39;24.370930878605296
1777;10.64845327830064;2.0110627025210364;406.02;25.652463171131828
1778;10.524679672382275;2.0110627025210364;410.65250000000003;27.051452236051556
1779;10.584465338934246;2.0110627025210364;413.0175;28.39350501884042
1780;10.648377484987602;2.0110627025210364;415.8275;29.674707057600312
1781;10.524708222715736;2.0110627025210364;420.38;31.073266775314604
1782;10.584522461088648;2.0110627025210364;418.065;32.41486311060286
1783;10.648301869775988;2.0110627025210364;374.225;33.695734848004605
1784;10.524736750941788;2.0110627025210364;288.1125;35.09386536112511
1785;10.584579394176078;2.0110627025210364;207.07750000000001;36.43500555012173
1786;10.648226431995923;2.0110627025210364;175.26749999999998;37.715546939170586
1787;10.524765257021208;2.0110627025210364;164.0125;39.11324839030652
1788;10.584636139071623;2.0110627025210364;165.1625;40.45393273334945
1789;10.64815117098104;2.0110627025210364;167.7575;41.734143727644124
1790;10.524793740915522;2.0110627025210364;176.5275;43.13141625940161
1791;10.58469269664499;2.0110627025210364;194.1875;44.47164505596293
1792;10.648076086068427;2.0110627025210364;248.05;45.75152560969233
1793;10.524822202587027;2.0110627025210364;340.7975;47.148369364673684
1794;10.584749067760571;2.0110627025210364;381.7925;48.488142913364676
1795;10.64800117659861;1.784483168554798;392.5525;48.48329409907334
1796;10.524850641998754;0.08795896254315952;398.4175;37.952129980189746
1797;10.584805253277473;1.7738922548595881;397.71;37.948334767191724
1798;10.647926441915553;2.0110627025210364;403.4675;39.22900981389523
1799;10.524879059114486;2.0110627025210364;394.84999999999997;40.626451806755085
1800;10.584861254049551;2.0110627025210364;362.3275;41.96677097022734
1801;10.64785188136661;2.0110627025210364;346.95;43.247115005832036
1802;10.52490745389874;2.0110627025210364;340.0675;44.64412821312765
1803;10.584917070925474;2.0110627025210364;335.6;45.98399258292714
1804;10.647777494302503;2.0110627025210364;344.4225;47.264005564081465
1805;10.52493582631674;2.0110627025210364;359.175;48.66059012852416
1806;10.584972704748742;2.0110627025210364;356.515;50.0
1807;10.647703280077314;1.784433244506199;350.575;49.995
1808;10.524964176334441;0.08797798959882257;313.415;39.463684710526316
1809;10.585028156357717;1.7467013075265132;239.9125;39.28871609456483
1810;10.647629238048463;2.0110627025210364;190.53;40.56953944680934
1811;10.524992503918497;2.0110627025210364;172.2525;41.96673961414208
1812;10.585083426585697;2.0110627025210364;170.965;43.30671368492425
1813;10.647555367576667;2.0110627025210364;169.145;44.58720541435792
1814;10.525020809036269;2.0110627025210364;178.93;45.98397692523203
1815;10.585138516260924;2.0110627025210364;228.565;47.323496937091626
1816;10.647481668025936;2.0110627025210364;316.6675;48.603657002773275
1817;10.52504909165579;2.0110627025210364;389.695;50.0
1818;10.585193426206633;1.2903377951006378;406.125;46.957363206000345
1819;10.647408138763547;0.10849819676466106;405.34250000000003;36.42635168020606
1820;10.525077351745795;0.0879969565028739;412.8;25.896393255564355
1821;10.585248157241091;1.7739664804964241;414.865;25.8938036162388
1822;10.64733477916002;2.0110627025210364;426.64250000000004;27.176246195675155
1823;10.52510558927569;2.0110627025210364;432.6875;28.574678261243683
1824;10.58530271017763;2.0110627025210364;438.185;29.91578321874881
1825;10.64726158858909;2.0110627025210364;450.1875;31.1978931312673
1826;10.525133804215548;2.0110627025210364;452.81;32.5958962279494
1827;10.585357085824691;2.0110627025210364;453.1225;33.93654740679315
1828;10.647188566427713;2.0110627025210364;448.59;35.21832461394615
1829;10.525161996536086;2.0110627025210364;440.39;36.615898884775476
1830;10.585411284985852;2.0110627025210364;414.40250000000003;37.956096574150436
1831;10.647115712056008;1.784334774828462;374.5825;37.95230096449302
1832;10.5251901662087;1.7639014483502922;309.5875;37.94850573439657
1833;10.58546530845988;2.0110627025210364;238.315;39.28851884078624
1834;10.647043024857261;2.0110627025210364;182.6475;40.56989911528776
1835;10.52521831320541;2.0110627025210364;160.9525;41.96688472783109
1836;10.585519157040743;2.0110627025210364;156.925;43.306444840169604
1837;10.646970504217895;3.4285714285714284;171.29500000000002;44.58749221667859
1838;10.52524643749889;3.4285714285714284;179.395;45.98404935183298
1839;10.585572831517673;2.0110627025210364;207.325;47.32315675695601
1840;10.646898149527464;2.0110627025210364;311.91499999999996;48.603871199229225
1841;10.525274539062424;2.0110627025210364;400.2975;50.0
1842;10.58562633267518;1.7740298583722995;425.035;49.995
1843;10.646825960178603;0.10840063029479548;417.525;39.463684710526316
1844;10.525302617869938;0.08803470852790778;418.365;28.933422552581575
1845;10.585679661293096;1.774038795638505;423.82;28.930529210326316
1846;10.646753935567041;2.0110627025210364;434.765;30.213219918616595
1847;10.525330673895965;2.0110627025210364;441.6175;31.611134456423564
1848;10.58573281814661;2.0110627025210364;443.3775;32.95152716573864
1849;10.646682075091555;2.0110627025210364;452.0775;34.23388404168509
1850;10.525358707115647;2.0110627025210364;464.425;35.63136988152106
1851;10.585785804006308;2.0110627025210364;474.94;36.97131023072692
1852;10.646610378153968;2.0110627025210364;478.705;38.25333324045758
1853;10.525386717504732;2.0110627025210364;474.905;39.65039052550404
1854;10.585838619638197;2.0110627025210364;451.0825;40.9898787977952
1855;10.646538844159123;0.10835251293495603;414.68;30.459464020441736
1856;10.525414705039555;1.763939078489292;339.60249999999996;30.456418074039693
1857;10.585891265803745;2.0110627025210364;264.69;31.796775729718732
1858;10.646467472514852;2.0110627025210364;218.58249999999998;33.07945195325665
1859;10.525442669697052;2.0110627025210364;193.67000000000002;34.47697347184913
1860;10.585943743259913;3.4285714285714284;185.19;35.81687921840503
1861;10.646396262631988;3.4285714285714284;186.54250000000002;37.0992210809828
1862;10.525470611454724;3.4285714285714284;197.0175;38.496314077992714
1863;10.585996052759189;2.0110627025210364;251.20749999999998;39.83576819646369
1864;10.646325213924305;2.0110627025210364;379.77;41.11777566641596
1865;10.525498530290665;2.0110627025210364;456.565;42.514440285073185
1866;10.586048195049619;1.7741005576795355;472.6225;42.51018884104468
1867;10.646254325808531;0.10830483091470125;472.2575;31.97962203268689
1868;10.52552642618353;0.08807221624057271;476.89;21.45010828100994
1869;10.586100170874841;0.09822368279896665;486.85;10.921647480708154
1870;10.646183597704315;2.0110627025210364;499.1925;12.206680898140984
1871;10.525554299112525;2.0110627025210364;507.5175;13.606183645894271
1872;10.586151980974122;2.0110627025210364;499.85;14.947978645604264
1873;10.64611302903421;2.0110627025210364;493.655;16.232676470157205
1874;10.52558214905743;2.0110627025210364;489.53;17.631750160905632
1875;10.586203626082392;2.0110627025210364;488.4775;18.973093541111268
1876;10.646042619223659;2.0110627025210364;486.77;20.25745574349468
1877;10.52560997599856;2.0110627025210364;472.9275;21.6561005207217
1878;10.58625510693026;2.0110627025210364;447.5125;22.996992559085882
1879;10.645972367700967;1.7841431633960818;411.7475;22.994692859829975
1880;10.525637779916782;1.7639764632864137;346.6475;22.99239339054399
1881;10.586306424244055;2.0110627025210364;275.3325;24.333103048173086
1882;10.645902273897288;2.0110627025210364;227.7625;25.617062577665845
1883;10.525665560793493;2.0110627025210364;202.7125;27.01511858865426
1884;10.586357578745869;2.0110627025210364;179.15;28.35537737698682
1885;10.645832337246622;2.0110627025210364;181.68;29.63900111886483
1886;10.525693318610626;2.0110627025210364;200.7225;31.03662856607285
1887;10.586408571153566;2.0110627025210364;286.755;32.37643676062036
1888;10.64576255718576;2.0110627025210364;392.38;33.659724687617825
1889;10.525721053350637;2.0110627025210364;460.9425;35.05692371446595
1890;10.586459402180836;1.2220077181318596;474.6375;31.58526421068423
1891;10.645692933154304;0.10821074792900252;472.0575;21.055789894789477
1892;10.525748764996502;0.08810947768174685;481.31;10.527368526326315
1893;10.586510072537212;0.09829237762770794;502.2125;0.0
1894;10.64562346459463;1.7840846912274195;512.02;0.0
1895;10.525776453531702;2.0110627025210364;522.4475;1.4005123691448835
1896;10.586560582928087;2.0110627025210364;527.4575;2.743139764126287
1897;10.645554150951877;2.0110627025210364;527.9325;4.02958900674559
1898;10.52580411894023;2.0110627025210364;526.14;5.429672134851698
1899;10.586610934054784;2.0110627025210364;516.5899999999999;6.771848780286168
1900;10.64548499167392;2.0110627025210364;506.145;8.057960853317915
1901;10.525831761206588;2.0110627025210364;489.40999999999997;9.457614884086325
1902;10.58666112661454;2.0110627025210364;457.235;10.799341052314103
1903;10.645415986211361;0.10816433479004169;399.885;0.27194532873518895
1904;10.525859380315758;1.7207217512327078;283.825;0.0
1905;10.586711161300572;1.7742116632378957;174.765;0.0
1906;10.645347134017515;2.0110627025210364;127.9975;1.2869202226833611
1907;10.52588697625323;2.0110627025210364;114.1975;2.687198903220525
1908;10.586761038802077;2.0110627025210364;106.285;4.029507196468229
1909;10.645278434548386;2.0110627025210364;105.92;5.316089732927616
1910;10.525914549004954;2.0110627025210364;109.44749999999999;6.715939302399617
1911;10.586810759804287;2.0110627025210364;113.0375;8.057797486655305
1912;10.645209887262649;2.0110627025210364;131.2625;9.344042314007124
1913;10.52594209855738;2.0110627025210364;184.2425;10.743462916146212
1914;10.58686032498848;1.7400035071701334;208.485;10.527368526326315
1915;10.64514149162164;0.10811833263742232;173.04500000000002;0.0
1916;10.52596962489742;1.7640320767083788;146.0025;0.0
1917;10.586909735032016;1.7742449419233128;139.3175;0.0
1918;10.645073247089332;2.0110627025210364;146.0275;1.2871804152651345
1919;10.525997128012458;2.0110627025210364;146.01;2.687354425611773
1920;10.586958990608359;2.0110627025210364;136.125;4.029474649091271
1921;10.645005153132331;2.0110627025210364;125.1125;5.316316806150647
1922;10.526024607890342;2.0110627025210364;122.3;6.716061796974207
1923;10.58700809238712;2.0110627025210364;124.9675;8.057732503026747
1924;10.644937209219835;2.0110627025210364;127.52000000000001;9.344236381017602
1925;10.52605206451937;2.0110627025210364;129.7675;10.7435524960861
1926;10.587057041034058;2.0110627025210364;143.58;12.084773951854137
1927;10.644869414823653;2.0110627025210364;154.1725;13.370939530376482
1928;10.526079497888297;2.0110627025210364;148.105;14.769826913429563
1929;10.587105837211132;2.0110627025210364;136.0725;16.110599385387644
1930;10.644801769418152;2.0110627025210364;127.7;17.39642664450186
1931;10.526106907986321;3.4285714285714284;119.2825;18.794885439250407
1932;10.58715448157653;3.4285714285714284;113.3475;20.13520919320878
1933;10.644734272480266;3.4285714285714284;110.0325;21.420698113433208
1934;10.52613429480309;3.4285714285714284;109.785;22.81872846355893
1935;10.587202974784669;3.4285714285714284;118.17;24.158603764667138
1936;10.644666923489474;3.4285714285714284;145.5325;25.44375432697567
1937;10.526161658328673;2.0110627025210364;171.84;26.841356376130733
1938;10.587251317486253;2.0110627025210364;189.2625;28.180783488881183
1939;10.644599721927777;0.7788551345467344;192.7575;21.86514914658711
1940;10.526188998553586;2.0110627025210364;191.47;23.263083083046546
1941;10.58729951032827;2.0110627025210364;186.65;24.602822239926383
1942;10.644532667279691;2.0110627025210364;186.055;25.888055923786684
1943;10.52621631546877;2.0110627025210364;201.965;27.285561618498974
1944;10.58734755395405;2.0110627025210364;182.87;28.624852886080777
1945;10.644465759032231;2.0110627025210364;165.76749999999998;29.90974792971155
1946;10.52624360906557;2.0110627025210364;162.195;31.306825526306287
1947;10.58739544900326;2.0110627025210364;168.865;32.64566916720056
1948;10.644398996674889;2.0110627025210364;177.7425;33.930225553442696
1949;10.526270879335769;2.0110627025210364;183.0075;35.326875195518376
1950;10.587443196111959;2.0110627025210364;179.1275;36.66527147169246
1951;10.64433237969962;2.0110627025210364;170.8325;37.94948918383066
1952;10.526298126271554;2.0110627025210364;153.8525;39.3457110149543
1953;10.5874907959126;2.0110627025210364;141.665;40.68366018773583
1954;10.644265907600834;2.0110627025210364;135.0025;41.967539209496266
1955;10.526325349865509;2.0110627025210364;129.3175;43.36333337320308
1956;10.587538249034065;2.0110627025210364;134.4325;44.7008357032834
1957;10.644199579875377;2.0110627025210364;141.85;45.98437601883147
1958;10.526352550110644;2.0110627025210364;157.26999999999998;47.37974265862447
1959;10.5875855561017;2.0110627025210364;192.57;48.71679840606199
1960;10.644133396022507;2.0110627025210364;295.6325;50.0
1961;10.526379727000341;1.7649828501736289;364.26;50.0
1962;10.587632717737312;1.7752481505977113;396.1475;50.0
1963;10.644067355543898;1.783823905154671;427.93;49.995
1964;10.526406880528391;0.08821977031509123;449.645;39.463684710526316
1965;10.587679734559234;1.7390826864822724;474.36;39.23807204430409
1966;10.644001457943602;1.783812861470826;494.27750000000003;39.23414823709966
1967;10.526434010688972;2.0110627025210364;531.745;40.63011251212143
1968;10.58772660718231;2.0110627025210364;538.625;41.96770922404702
1969;10.643935702728058;2.0110627025210364;554.3375;43.25177353553296
1970;10.526461117476646;2.0110627025210364;562.1800000000001;44.6473102965766
1971;10.587773336217944;2.0110627025210364;562.6925;45.98446089613989
1972;10.643870089406066;2.0110627025210364;558.965;47.26818586511452
1973;10.526488200886348;2.0110627025210364;543.1175000000001;48.66329525568598
1974;10.587819922274115;2.0110627025210364;497.3225;50.0
1975;10.643804617488762;1.7837798732627361;452.6475;49.995
1976;10.526515260913396;0.0882379336275885;428.015;39.463684710526316
1977;10.587866365955408;0.09851967688662532;410.755;28.933422552581575
1978;10.643739286489621;2.0110627025210364;391.4325;30.218976888161176
1979;10.52654229755348;2.0110627025210364;364.135;31.615739807796555
1980;10.587912667863028;2.0110627025210364;338.0625;32.9540611993459
1981;10.643674095924442;2.0110627025210364;331.96;34.239275402097746
1982;10.526569310802653;2.0110627025210364;340.625;35.635610629295016
1983;10.58795882859483;2.0110627025210364;369.28;36.973486181067
1984;10.643609045311319;2.0110627025210364;407.6875;38.258360239403146
1985;10.526596300657328;2.0110627025210364;447.81;39.654267917754744
1986;10.588004848745344;0.4904007374620265;455.7275;31.58526421068423
1987;10.643544134170636;0.10785063380472994;457.5925;21.055789894789477
1988;10.52662326711428;0.08825603423110844;469.31;10.527368526326315
1989;10.588050728905788;0.0985505740077283;489.2375;0.0
1990;10.643479362025063;1.7837253641684168;507.80499999999995;-0.0
1991;10.526650210170642;2.0110627025210364;521.2325000000001;1.3996823003378902
1992;10.588096469664103;2.0110627025210364;520.9350000000001;2.740850685926958
1993;10.64341472839952;2.0110627025210364;515.3475;4.029332608878821
1994;10.526677129823895;2.0110627025210364;507.9225;5.428586402285234
1995;10.588142071604976;2.0110627025210364;495.6625;6.769308575620278
1996;10.643350232821186;2.0110627025210364;484.85;8.057448923582589
1997;10.526704026071862;2.0110627025210364;480.2325;9.456274353921962
1998;10.58818753530984;2.0110627025210364;452.3375;10.796550567942221
1999;10.643285874819469;2.0110627025210364;427.2075;12.084349331806932
2000;10.526730898912708;1.7641596575232574;400.6625;12.08314089687375
2001;10.588232861356937;2.0110627025210364;359.6375;13.423111364494972
2002;10.643221653926;2.0110627025210364;308.27750000000003;14.710708482128823
2003;10.52675774834494;2.0110627025210364;245.6275;16.108817550352917
2004;10.588278050321303;2.0110627025210364;216.445;17.448342520792643
2005;10.643157569674619;2.0110627025210364;216.68;18.735597995349675
2006;10.526784574367404;2.0110627025210364;231.43;20.133279089901105
2007;10.58832310277481;2.0110627025210364;289.0375;21.472358814356046
2008;10.643093621601357;2.0110627025210364;356.765;22.759272637953323
2009;10.52681137697927;2.0110627025210364;411.90999999999997;24.15652590255922
2010;10.588368019286166;1.7744893336794125;425.9425;24.154110249968966
2011;10.64302980924443;0.10776443883172415;425.28;13.625379049470284
2012;10.526838156180027;0.08829204717988372;433.75;3.0977007220916537
2013;10.588412800420986;1.7744968384852469;439.205;3.0973909520194445
2014;10.64296613214422;2.0110627025210364;440.6875;4.386263387387233
2015;10.526864911969506;2.0110627025210364;440.43;5.785303094677463
2016;10.588457446741744;2.0110627025210364;440.1275;7.125689989963339
2017;10.642902589843274;2.0110627025210364;437.2425;8.414219960613233
2018;10.526891644347835;2.0110627025210364;439.9225;9.812831476486728
2019;10.588501958807853;2.0110627025210364;438.3925;11.152773332471618
2020;10.642839181886268;2.0110627025210364;432.865;12.440960832346416
2021;10.52691835331548;2.0110627025210364;439.4325;13.839144300613475
2022;10.588546337175657;2.0110627025210364;432.6;15.17864136586654
2023;10.642775907820015;2.0110627025210364;418.245;16.46648638930094
2024;10.5269450388732;1.7641955449305626;397.605;16.46483974066201
2025;10.588590582398457;2.0110627025210364;376.645;17.80403220340941
2026;10.642712767193437;2.0110627025210364;368.67;19.091674671355303
2027;10.526971701022068;2.0110627025210364;346.3225;20.4891423879172
2028;10.588634695026542;2.0110627025210364;342.55;21.827890513403194
2029;10.642649759557575;2.0110627025210364;341.0825;23.115190452772158
2030;10.52699833976347;2.0110627025210364;358.34499999999997;24.512230510951582
2031;10.588678675607191;2.0110627025210364;387.535;25.850534546073654
2032;10.642586884465551;2.0110627025210364;413.77250000000004;27.137491952376774
2033;10.527024955099076;2.0110627025210364;449.02250000000004;28.534104495837415
2034;10.588722524684707;2.0110627025210364;453.8375;29.87196468693736
2035;10.642524141472569;0.10767969469873605;454.98;19.34266170099498
2036;10.527051547030867;0.08832780904498237;470.39750000000004;8.814411645351198
2037;10.58876624280044;0.37136158991554025;490.4225;0.0
2038;10.642461530135895;2.0110627025210364;497.8375;1.2896615463708996
2039;10.527078115561116;2.0110627025210364;502.845;2.688808370433202
2040;10.588809830492787;2.0110627025210364;502.0775;4.029170150628011
2041;10.642399050014856;2.0110627025210364;498.36;5.318488136098836
2042;10.527104660692379;2.0110627025210364;493.85;6.717206859627466
2043;10.588853288297239;2.0110627025210364;484.8275;8.057124515059126
2044;10.642336700670823;2.0110627025210364;475.1275;9.346098936970339
2045;10.527131182427507;2.0110627025210364;471.7875;10.74438970377051
2046;10.58889661674639;2.0110627025210364;462.245;12.083863478891063
2047;10.642274481667192;1.840353376199138;432.5625;12.404803811123333
2048;10.527157680769628;1.764231181279471;396.3625;12.403563330742221
2049;10.588939816369937;2.0110627025210364;340.5075;13.742830148857706
2050;10.642212392569373;2.0110627025210364;268.2325;15.031354092901916
2051;10.527184155722157;2.0110627025210364;215.7125;16.429026009556576
2052;10.588982887694732;2.0110627025210364;187.165;17.767849363645624
2053;10.642150432944796;2.0110627025210364;188.3375;19.056029667411703
2054;10.527210607288781;2.0110627025210364;198.6775;20.45327398752062
2055;10.589025831244781;2.0110627025210364;264.8675;21.79165412043933
2056;10.642088602362875;2.0110627025210364;350.9975;23.079490782782553
2057;10.527237035473464;2.0110627025210364;429.0525;24.476307650004482
2058;10.589068647541279;2.0110627025210364;456.895;25.814244804075265
2059;10.642026900395011;0.10759636278329966;451.6075;15.285347590121175
2060;10.527263440280437;0.08836331992924297;455.04;4.75750326588848
2061;10.589111337102594;1.7746139052408072;462.6675;4.757027515561891
2062;10.641965326614574;2.0110627025210364;459.165;6.046684752526489
2063;10.527289821714202;2.0110627025210364;448.8925;7.445154753422744
2064;10.589153900444337;2.0110627025210364;433.6275;8.784714032525281
2065;10.641903880596892;2.0110627025210364;428.8075;10.074026874554981
2066;10.52731617977952;2.0110627025210364;423.235;11.47206910107698
2067;10.589196338079333;2.0110627025210364;416.34000000000003;12.811185372991506
2068;10.641842561919251;2.0110627025210364;410.14;14.100153820630918
2069;10.527342514481422;2.0110627025210364;402.6875;15.497768416491505
2070;10.589238650517679;2.0110627025210364;378.9025;16.83644192165806
2071;10.641781370160851;2.0110627025210364;345.59;18.125065975813087
2072;10.527368825825189;2.0110627025210364;298.8325;19.522253084681576
2073;10.589280838266724;2.0110627025210364;233.4725;20.860484063019722
2074;10.641720304902847;2.0110627025210364;173.6675;22.148763724955717
2075;10.527395113816358;2.0110627025210364;152.015;23.545523490457683
2076;10.589322901831128;2.0110627025210364;151.7275;24.883312181369064
2077;10.641659365728282;3.4285714285714284;163.10750000000002;26.17124745270906
2078;10.527421378460717;3.4285714285714284;176.39249999999998;27.56758001842611
2079;10.589364841712841;2.0110627025210364;222.59;28.90492666079707
2080;10.641598552222115;2.0110627025210364;341.115;30.19251754351998
2081;10.527447619764311;2.0110627025210364;424.835;31.58842305298953
2082;10.589406658411152;1.7746633977132156;447.4325;31.58526421068423
2083;10.6415378639712;0.10751440587395786;440.75;21.055789894789477
2084;10.527473837733424;0.08839858013511027;452.0325;10.527368526326315
2085;10.58944835242269;0.09878479971831214;462.03499999999997;0.0
2086;10.641477300564258;1.783389841574085;470.96;0.0
2087;10.52750003237458;1.76428855549146;482.64250000000004;0.0
2088;10.589489924241436;1.774677352113689;474.2825;-0.0
2089;10.64141686159189;1.783379712693826;482.0475;0.0
2090;10.52752620369455;2.0110627025210364;468.5125;1.3988501064901782
2091;10.589531374358772;2.0110627025210364;447.52750000000003;2.738655415838695
2092;10.64135654664656;2.0110627025210364;406.2075;4.02909283098288
2093;10.527552351700338;2.0110627025210364;390.1725;5.427515187584461
2094;10.589572703263457;2.0110627025210364;370.575;6.766878367965418
2095;10.64129635532256;2.0110627025210364;345.815;8.05697014257219
2096;10.527578476399183;2.0110627025210364;284.0925;9.454964892978708
2097;10.589613911441667;2.0110627025210364;200.8275;10.793886180619827
2098;10.64123628721604;2.0110627025210364;165.035;12.083632319146528
2099;10.527604577798561;2.0110627025210364;157.22;13.48119960700598
2100;10.589654999377016;2.0110627025210364;152.815;14.819679237637114
2101;10.641176341924975;2.0110627025210364;148.1175;16.109079744884625
2102;10.527630655906163;2.0110627025210364;154.9725;17.506219713799283
2103;10.589695967550568;2.0110627025210364;161.7125;18.844257922654865
2104;10.641116519049142;2.0110627025210364;192.8225;20.133312803765914
2105;10.527656710729927;2.0110627025210364;288.595;21.530025597292106
2106;10.58973681644084;2.0110627025210364;359.7925;22.867622619113575
2107;10.641056818190131;0.1074337881049152;370.1725;12.339020067377982
2108;10.527682742277996;0.08843359014660818;365.365;1.8114703758975619
2109;10.589777546523836;1.4863517708960297;355.65999999999997;0.0
2110;10.640997238951332;1.7833093887403626;326.665;0.0
2111;10.527708750558743;2.0110627025210364;275.2025;1.3986766869691942
2112;10.589818158273065;2.0110627025210364;223.825;2.7382095689410857
2113;10.640937780937913;2.0110627025210364;203.285;4.029044856093175
2114;10.527734735580747;2.0110627025210364;201.3875;5.427293952805856
2115;0.0;1.675885585434197;201.3875;14.926751223410577
2116;10.589858652159538;2.0110627025210364;188.8;16.264892828736674
2117;10.64087844375682;2.0110627025210364;177.655;17.55443181788482
2118;10.527760697352825;2.0110627025210364;167.1825;18.951303712217847
2119;10.589899028651809;2.0110627025210364;154.6875;20.289004504627407
2120;10.640819227016763;2.0110627025210364;142.8675;21.57819733851102
2121;10.527786635883984;3.4285714285714284;127.01;22.974642214687385
2122;10.589939288215968;3.4285714285714284;120.4425;24.311902426660748
2123;10.640760130328209;3.4285714285714284;117.29249999999999;25.60074911260628
2124;10.527812551183455;3.4285714285714284;112.65;26.996767114070735
2125;10.589979431315678;3.4285714285714284;118.26;28.333586977609432
2126;10.64070115330336;3.4285714285714284;119.62;29.622087523273482
2127;10.527838443260679;3.4285714285714284;113.735;31.01767879342351
2128;10.590019458412176;3.4285714285714284;110.8775;32.3540585400526
2129;10.640642295556164;3.4285714285714284;113.045;33.642212953420234
2130;10.527864312125281;3.4285714285714284;137.2325;35.03737763560587
2131;10.59005936996429;2.0110627025210364;158.98;36.37331749637624
2132;10.640583556702278;2.0110627025210364;155.9375;37.66112578575944
2133;10.527890157787114;2.0110627025210364;166.185;39.05586402328311
2134;10.590099166428468;2.0110627025210364;179.0675;40.39136422877374
2135;10.640524936359094;2.0110627025210364;171.9075;41.678826402809726
2136;10.527915980256214;2.0110627025210364;160.1425;43.07313833892604
2137;10.590138848258771;2.0110627025210364;170.20499999999998;44.40819911924632
2138;10.640466434145695;2.0110627025210364;180.5025;45.69531518689598
2139;10.527941779542827;2.0110627025210364;198.75;47.0892009648116
2140;10.590178415906916;2.0110627025210364;240.415;48.42382254960355
2141;10.640408049682854;2.0110627025210364;285.4425;49.71059252014988
2142;10.527967555657387;1.8162979333963474;337.8125;50.0
2143;10.59021786982227;1.775681392509245;359.36;50.0
2144;10.640349782593043;0.10731529702836032;357.25;39.46868421052631
2145;10.527993308610522;0.0884856375106084;342.905;28.938421552631574
2146;10.590257210451865;1.774805940503685;316.265;28.93552771047631
2147;10.6402916325004;2.0110627025210364;293.675;30.22435710682988
2148;10.528019038413053;2.0110627025210364;262.39;31.619716584626797
2149;10.59029643824044;2.0110627025210364;226.6;32.955772996639915
2150;10.640233599030731;2.0110627025210364;220.3625;34.24425550026106
2151;10.528044745075984;2.0110627025210364;238.17;35.639188566888855
2152;10.590335553630412;2.0110627025210364;295.45;36.97480587208327
2153;10.640175681811506;2.0110627025210364;356.78;38.26294149377514
2154;10.52807042861051;2.0110627025210364;402.8625;39.65744829244578
2155;10.59037455706193;1.7748256064529155;427.115;39.653482547616534
2156;10.640117880471834;0.1072764328861437;438.6975;29.12320140988809
2157;10.528096089028011;0.08850286233262185;455.9575;18.59397330027342
2158;10.59041344897287;1.774832124292209;468.895;18.592113902943392
2159;10.64006019464246;2.0110627025210364;482.15999999999997;19.88219750664276
2160;10.528121726340041;2.0110627025210364;488.3175;21.27849364686906
2161;10.590452229798856;2.0110627025210364;487.7375;22.61543617919546
2162;10.640002623955768;2.0110627025210364;490.96500000000003;23.90517214281956
2163;10.528147340558341;2.0110627025210364;491.4425;25.301041652074854
2164;10.590490899973268;2.0110627025210364;480.3075;26.637545192935043
2165;10.639945168045754;2.0110627025210364;475.2225;27.926933528772285
2166;10.528172931694824;2.0110627025210364;454.255;29.322376550309325
2167;10.59052945992727;1.7748515664008322;425.6225;29.319444312654294
2168;10.639887826548023;0.1072378784806649;400.8875;18.790196578749345
2169;10.528198499761578;0.0885200251998396;353.745;8.262001769617788
2170;10.590567910089808;2.0110627025210364;270.115;9.60013605485551
2171;10.639830599099788;2.0110627025210364;175.28;10.891336972105226
2172;10.528224044770866;2.0110627025210364;152.1475;12.288434995875694
2173;10.590606250887632;2.0110627025210364;148.5875;13.626130214032855
2174;10.639773485339848;2.0110627025210364;147.0625;14.916982789938597
2175;10.528249566735125;2.0110627025210364;152.1275;16.313654003261234
2176;10.590644482745311;2.0110627025210364;164.495;17.650910379252863
2177;10.639716484908591;2.0110627025210364;221.1575;18.941414627551776
2178;10.52827506566695;2.0110627025210364;304.445;20.33765917370542
2179;10.590682606085252;2.0110627025210364;363.5575;21.674476932007057
2180;10.639659597447979;0.10719962989477091;359.9125;11.145993694840174
2181;10.52830054157911;1.764422711675148;332.22;11.14487909547069
2182;10.59072062132769;2.0110627025210364;312.8725;12.482580017299837
2183;10.639602822601532;2.0110627025210364;282.375;13.77370907782665
2184;10.528325994484536;2.0110627025210364;259.9325;15.170422012158559
2185;10.590758528890738;2.0110627025210364;255.2975;16.50768436751114
2186;10.639546160014332;2.0110627025210364;260.5725;17.798464747060773
2187;10.52835142439632;2.0110627025210364;264.565;19.194751047409564
2188;10.590796329190374;2.0110627025210364;270.2525;20.531575059573967
2189;10.639489609333015;2.0110627025210364;300.08500000000004;21.822006773201643
2190;10.528376831327718;2.0110627025210364;329.8025;23.21786658276299
2191;10.59083402264046;2.0110627025210364;341.7475;24.55425247459628
2192;10.639433170205754;0.10716168327963144;317.3575;14.025481259875137
2193;10.528402215292138;2.0110627025210364;235.695;15.422096607221619
2194;10.590871609652758;2.0110627025210364;141.0525;16.759226368390777
2195;10.63937684228224;2.0110627025210364;121.395;18.05014244558581
2196;10.528427576303148;2.0110627025210364;117.845;19.44633123385326
2197;10.59090909063695;3.4285714285714284;118.51;20.78302296462477
2198;10.63932062521371;3.4285714285714284;115.69999999999999;22.073590068375285
2199;10.528452914374471;3.4285714285714284;117.025;23.469352440712697
2200;10.590946466000638;3.4285714285714284;130.8175;24.80560636276802
2201;10.639264518652888;3.4285714285714284;151.35750000000002;26.0958245094115
2202;10.52847822951998;2.0110627025210364;221.385;27.49116060891658
2203;10.590983736149365;2.0110627025210364;268.9;28.82697694351379
2204;10.639208522254028;1.783009620287419;278.62;28.824094245819442
2205;10.528503521753697;2.0110627025210364;267.6425;30.219133490728847
2206;10.591020901486623;2.0110627025210364;264.1225;31.55464172096748
2207;10.639152635672872;2.0110627025210364;245.21;32.84429125290616
2208;10.528528791089796;2.0110627025210364;233.6125;34.238904472245565
2209;10.591057962413876;2.0110627025210364;252.08499999999998;35.57397551750516
2210;10.639096858566642;2.0110627025210364;261.015;36.8632761043151
2211;10.528554037542593;2.0110627025210364;275.0125;38.25746344103921
2212;10.591094919330562;2.0110627025210364;282.4575;39.59209752133107
2213;10.639041190594055;2.0110627025210364;306.53499999999997;40.88104918051459
2214;10.528579261126554;2.0110627025210364;320.2975;42.274810777526305
2215;10.591131772634105;1.7749525071191632;323.1075;42.27058329644855
2216;10.638985631415295;0.10708668089884618;304.9075;31.740040448645217
2217;10.52860446185628;1.7644736452363112;241.7425;31.736866444600352
2218;10.591168522719945;2.0110627025210364;166.725;33.072082661371944
2219;10.638930180692006;2.0110627025210364;131.275;34.3617917814484
2220;10.52862963974652;3.4285714285714284;118.88;35.75615744451107
2221;10.591205169981524;3.4285714285714284;118.5225;37.09093691728417
2222;10.638874838087297;3.4285714285714284;119.4925;38.38029672740951
2223;10.528654794812159;3.4285714285714284;129.155;39.774236642665215
2224;10.59124171481033;3.4285714285714284;161.105;41.10857958993113
2225;10.638819603265716;2.0110627025210364;271.85249999999996;42.39759010886971
2226;10.528679927068218;2.0110627025210364;387.3325;43.79110441914401
2227;10.591278157595866;1.774977039563897;426.845;43.786725308702096
2228;10.63876447589326;0.10704961776369426;424.33500000000004;33.25603084669754
2229;10.528705036529853;0.08860491496668417;431.85249999999996;22.726389454139188
2230;10.591314498725716;1.7749831299214645;439.765;22.724116815193774
2231;10.638709455637354;2.0110627025210364;455.9425;24.015070420656766
2232;10.528730123212362;2.0110627025210364;468.55;25.410375296562954
2233;10.59135073858551;2.0110627025210364;489.2;26.746051057377063
2234;10.638654542166849;2.0110627025210364;507.4975;28.036654637212816
2235;10.528755187131162;2.0110627025210364;517.485;29.431533543974492
2236;10.591386877558964;2.0110627025210364;521.155;30.766772856939077
2237;10.63859973515201;2.0110627025210364;505.7675;32.057026431258976
2238;10.528780228301809;2.0110627025210364;460.1725;33.451479511729126
2239;10.591422916027877;0.09911571398665789;430.72;22.921818574304268
2240;10.638545034264514;0.10701284185744837;392.6975;12.393210602973154
2241;10.528805246739987;1.221820979839344;304.61;8.983333143222973
2242;10.591458854372156;2.0110627025210364;197.32;10.320548898255103
2243;10.638490439177442;2.0110627025210364;147.4025;11.61295092614671
2244;10.5288302424615;2.0110627025210364;128.7325;13.009400900715669
2245;10.591494692969823;2.0110627025210364;128.79000000000002;14.346180002304266
2246;10.638435949565258;3.4285714285714284;133.85750000000002;15.63823123221704
2247;10.528855215482293;3.4285714285714284;139.35999999999999;17.034254954385638
2248;10.591530432197008;3.4285714285714284;159.1225;18.37059761830304
2249;10.638381565103826;2.0110627025210364;246.5325;19.662298071692575
2250;10.528880165818414;2.0110627025210364;344.97;21.057895684357913
2251;10.591566072427995;1.7750252907955968;380.14;21.055789894789477
2252;10.638327285470378;0.10697634965091467;382.89;10.527368526326315
2253;10.528905093486042;0.08863844222359842;384.445;0.0
2254;10.59160161403521;1.7750312471623182;379.27750000000003;0.0
2255;10.638273110343526;1.7828528559536936;369.67499999999995;0.0
2256;10.528929998501482;2.0110627025210364;349.9125;1.397516501423592
2257;10.591637057389232;1.7750371870629287;325.0175;1.3973767497734497
2258;10.63821903940324;1.7828437942827517;324.15999999999997;1.3972370120984723
2259;10.528954880881146;1.8149968073052605;318.9825;1.6831622469712737
2260;10.591672402858824;1.7750431105592288;309.1325;1.6829939307465767
2261;10.638165072330843;2.0110627025210364;300.68;2.9765688126392016
2262;10.528979740641583;2.0110627025210364;292.3275;4.373740402148433
2263;10.591707650810918;1.7750490177127118;254.4675;4.373303028108219
2264;10.638111208809013;1.7828257231088986;188.835;4.372865697805408
2265;10.52900457779943;2.0110627025210364;115.75750000000001;5.769874062326169
2266;10.591742801610648;2.0110627025210364;88.13;7.1071414133898205
2267;10.638057448521769;2.0110627025210364;82.3125;8.400276123152802
2268;10.529029392371458;3.4285714285714284;80.7825;9.796858172787603
2269;10.591777855621343;3.4285714285714284;84.225;11.133689524130048
2270;10.638003791154459;3.4285714285714284;88.6375;12.426472553580899
2271;10.529054184374543;3.4285714285714284;90.435;13.822628431169726
2272;10.591812813204555;3.4285714285714284;92.865;15.159023995782281
2273;10.637950236393767;3.4285714285714284;96.8025;16.451455368808624
2274;10.529078953825675;2.0110627025210364;114.9275;17.84718521713735
2275;10.59184767472006;2.0110627025210364;151.6425;19.183145207631583
2276;10.637896783927689;2.0110627025210364;164.065;20.475224948379516
2277;10.52910370074195;2.0110627025210364;161.0525;21.870528910179825
2278;10.591882440525875;2.0110627025210364;159.5075;23.206053538789227
2279;10.637843433445536;2.0110627025210364;148.1775;24.49778167166209
2280;10.529128425140579;2.0110627025210364;139.8525;25.892659889611373
2281;10.591917110978256;2.0110627025210364;148.4925;27.22774936819307
2282;10.637790184637925;2.0110627025210364;160.89249999999998;28.519125917850225
2283;10.529153127038867;2.0110627025210364;173.8125;29.913578534571517
2284;10.591951686431722;2.0110627025210364;181.1475;31.248233074607924
2285;10.637737037196775;2.0110627025210364;183.9125;32.53925806596353
2286;10.529177806454237;2.0110627025210364;184.4425;33.933285224025404
2287;10.591986167239062;2.0110627025210364;177.405;35.2675050366259
2288;10.63768399081529;2.0110627025210364;142.9975;36.558178494847716
2289;10.529202463404213;2.0110627025210364;102.57249999999999;37.95178033676423
2290;10.592020553751343;2.0110627025210364;89.1625;39.285565632666774
2291;10.637631045187971;3.4285714285714284;83.9775;40.57588758317493
2292;10.529227097906409;3.4285714285714284;85.0;41.96906425140553
2293;10.592054846317927;3.4285714285714284;87.4375;43.302415240978355
2294;10.637578200010577;3.4285714285714284;91.2775;44.592385709444216
2295;10.529251709978553;3.4285714285714284;95.2775;45.98513734639364
2296;10.592089045286466;3.4285714285714284;100.385;47.31805423963686
2297;10.637525454980159;3.4285714285714284;135.8225;48.607673251981744
2298;10.529276299638468;2.0110627025210364;241.11249999999998;50.0
2299;10.592123151002937;1.7760006958359327;339.64250000000004;50.0
2300;10.63747280979502;1.7549735670596993;364.8;49.820731303404045
2301;10.529300866904077;0.08870476932023665;371.435;39.28943344080002
2302;10.592157163811631;1.775124350948548;378.505;39.28550449745594
2303;10.63742026415472;2.0110627025210364;382.42;40.57602669605921
2304;10.529325411793394;2.0110627025210364;390.6975;41.96910995218588
2305;10.59219108405516;2.0110627025210364;402.6275;43.30233151133826
2306;10.637367817760088;2.0110627025210364;414.8675;44.59250185131505
2307;10.529349934324534;2.0110627025210364;426.805;45.98516016352161
2308;10.5922249120745;2.0110627025210364;429.2;47.317947981034486
2309;10.637315470313165;2.0110627025210364;426.1575;48.60776648943887
2310;10.52937443451571;2.0110627025210364;403.595;50.0
2311;10.592258648208956;1.7751413585724103;381.7975;49.995
2312;10.637263221517255;0.10679802470681274;357.3875;39.463684710526316
2313;10.529398912385211;0.08872120062109172;287.515;28.933422552581575
2314;10.592292292796214;2.0110627025210364;213.2875;30.267851532169914
2315;10.637211071076885;2.0110627025210364;151.8675;31.559474229493656
2316;10.529423367951438;2.0110627025210364;122.51;32.95336608251684
2317;10.592325846172317;2.0110627025210364;121.52;34.287361192044884
2318;10.63715901869781;2.0110627025210364;125.1225;35.57863138816276
2319;10.529447801232866;2.0110627025210364;134.035;36.972098113852724
2320;10.59235930867169;2.0110627025210364;169.01749999999998;38.305659560803235
2321;10.637107064086997;2.0110627025210364;281.1825;39.59657728396451
2322;10.529472212248065;2.0110627025210364;376.3325;40.98961902460045
2323;10.592392680627157;2.0110627025210364;419.46000000000004;42.3227470161022
2324;10.637055206952622;0.10676316384576989;430.5525;31.792198951926906
2325;10.529496601015694;0.08873757211786039;441.2375;21.262703942558034
2326;10.592425962369937;1.775169398511473;460.965;21.260577672163777
2327;10.637003447004084;2.0110627025210364;470.6025;22.553298339742682
2328;10.529520967554493;2.0110627025210364;486.67;23.94799809073194
2329;10.592459154229662;2.0110627025210364;492.2225;25.28276709440469
2330;10.636951783951963;2.0110627025210364;500.1275;26.575134622940883
2331;10.529545311883297;2.0110627025210364;498.7275;27.96940906318946
2332;10.592492256534378;2.0110627025210364;499.41999999999996;29.30374447857548
2333;10.63690021750803;2.0110627025210364;498.78;30.595758897494996
2334;10.52956963402101;2.0110627025210364;466.6625;31.989608169285287
2335;10.59252526961057;1.221367556099803;439.52250000000004;28.507849385766466
2336;10.63684874738526;0.10672856358447814;408.45;17.978682811354208
2337;10.529593933986627;1.7646394694443548;343.53999999999996;17.976884943073074
2338;10.592558193783152;2.0110627025210364;251.08;19.31215697048477
2339;10.636797373297787;2.0110627025210364;165.1725;20.605268250154825
2340;10.52961821179923;2.0110627025210364;146.02;22.00007042212054
2341;10.592591029375487;2.0110627025210364;142.20499999999998;23.334908937171615
2342;10.636746094960937;2.0110627025210364;150.4225;24.62766665606501
2343;10.52964246747797;2.0110627025210364;170.68;26.022043545295332
2344;10.592623776709404;2.0110627025210364;236.5375;27.35644875306687
2345;10.63669491209119;2.0110627025210364;332.5375;28.648852941704934
2346;10.529666701042084;2.0110627025210364;401.8775;30.042804690420784
2347;10.592656436105182;2.0110627025210364;433.6825;31.376776795651818
2348;10.636643824406192;0.1066942208378038;438.20500000000004;20.84732332849857
2349;10.529690912510887;0.08877013650124817;442.505;10.318922806692038
2350;10.59268900788159;1.7752134819296022;451.6675;10.31789091441137
2351;10.636592831624748;2.0110627025210364;463.445;11.612095935276418
2352;10.52971510190376;2.0110627025210364;472.0325;13.007705378874318
2353;10.592721492355883;2.0110627025210364;473.4125;14.343319190598343
2354;10.636541933466807;2.0110627025210364;479.1025;15.637170021885817
2355;10.529739269240169;2.0110627025210364;475.8275;17.032353999105467
2356;10.59275388984379;2.0110627025210364;467.6775;18.367534568353953
2357;10.636491129653464;2.0110627025210364;454.47;19.661031241726327
2358;10.529763414539662;2.0110627025210364;427.2275;21.055789894789477
2359;10.59278620065956;0.09934418489296606;401.9625;10.527368526326315
2360;10.63644041990695;0.10666013257097458;378.63;0.0
2361;10.529787537821843;1.7646719152320272;343.1625;-0.0
2362;10.59281842511595;2.0110627025210364;266.61;1.3368224961398467
2363;10.636389803950635;2.0110627025210364;202.4325;2.6321185001371292
2364;10.5298116391064;2.0110627025210364;148.04;4.028534231136035
2365;10.592850563524237;2.0110627025210364;139.5275;5.364923342364896
2366;10.636339281508993;2.0110627025210364;131.5625;6.6598645325971155
2367;10.529835718413086;2.0110627025210364;135.95;8.055854613651425
2368;10.592882616194217;2.0110627025210364;166.98000000000002;9.391810542805555
2369;10.636288852307645;2.0110627025210364;236.165;10.686396952059011
2370;10.529859775761725;2.0110627025210364;302.185;12.081961525390167
2371;10.592914583434244;2.0110627025210364;342.47249999999997;13.417484474975096
2372;10.63623851607331;1.7825118812327274;344.875;13.416142726527598
2373;10.529883811172212;0.08880246410984459;346.815;2.8884853227812624
2374;10.592946465551194;2.0110627025210364;355.3;4.224897331975351
2375;10.636188272533815;2.0110627025210364;370.61;5.520095983335029
2376;10.529907824664512;2.0110627025210364;382.98;6.916131540305408
2377;10.592978262850512;2.0110627025210364;397.375;8.252110577443393
2378;10.636138121418096;2.0110627025210364;413.0275;9.546954151038458
2379;10.52993181625865;2.0110627025210364;425.2175;10.942564230177638
2380;10.593009975636203;2.0110627025210364;435.4475;12.278110496900226
2381;10.636088062456182;2.0110627025210364;445.4925;13.572599026517164
2382;10.52995578597472;2.0110627025210364;427.99;14.96778376993853
2383;10.593041604210852;1.7752725730401708;407.6625;14.966286991561535
2384;10.636038095379185;0.10659270758329965;393.745;4.438474573388696
2385;10.52997973383288;1.7647041250844746;349.08500000000004;4.438030725931357
2386;10.593073148875602;2.0110627025210364;292.635;5.774167431426942
2387;10.635988219919318;2.0110627025210364;244.6825;7.069401205760448
2388;10.530003659853357;2.0110627025210364;194.51;8.465190788779182
2389;10.59310460993021;2.0110627025210364;157.6475;9.800894890266605
2390;10.635938435809862;2.0110627025210364;141.84;11.09577328675821
2391;10.53002756405643;2.0110627025210364;142.0575;12.491137523575926
2392;10.593135987673014;2.0110627025210364;156.4775;13.826409221534204
2393;10.635888742785179;2.0110627025210364;221.91750000000002;15.12093227496613
2394;10.530051446462448;2.0110627025210364;300.315;16.51587130759931
2395;10.593167282400954;2.0110627025210364;329.2775;17.850710802187642
2396;10.635839140580694;0.10655936503540538;326.97749999999996;7.322609941633742
2397;10.530075307091822;0.5990103620560332;312.79;0.0
2398;10.593198494409593;2.0110627025210364;300.8025;1.3364614303108862
2399;10.635789628932894;2.0110627025210364;284.8625;2.6323276366816057
2400;10.530099145965016;2.0110627025210364;250.8925;4.028470215251172
2401;10.593229623993114;2.0110627025210364;243.92000000000002;5.364499225436188
2402;10.63574020757933;2.0110627025210364;255.2;6.66000957831328
2403;10.530122963102553;2.0110627025210364;271.14;8.055726762408025
2404;10.593260671444318;2.0110627025210364;280.055;9.391323551859681
2405;10.635690876258606;2.0110627025210364;283.9325;10.68647808705882
2406;10.53014675852502;2.0110627025210364;284.63;12.081770018651344
2407;10.59329163705466;2.0110627025210364;267.77750000000003;13.416934786447552
2408;10.63564163471036;2.0110627025210364;245.51999999999998;14.711733539994064
2409;10.530170532253054;2.0110627025210364;202.5725;16.106600360999664
2410;10.593322521114226;2.0110627025210364;157.9325;17.44133330590505
2411;10.635592482675287;2.0110627025210364;120.14;18.73577631403294
2412;10.530194284307354;2.0110627025210364;107.715;20.13021816630955
2413;10.593353323911755;3.4285714285714284;101.36500000000001;21.46451948677675
2414;10.63554341989511;3.4285714285714284;102.2675;22.758606785927718
2415;10.530218014708673;3.4285714285714284;114.0125;24.152623811275884
2416;10.59338404573466;3.4285714285714284;151.98000000000002;25.48649370544683
2417;10.635494446112581;2.0110627025210364;228.54250000000002;26.78022533226933
2418;10.530241723477811;2.0110627025210364;290.885;28.173817672432182
2419;10.593414686869005;2.0110627025210364;329.09;29.507256338139385
2420;10.635445561071482;0.10649340561278416;336.8325;18.97798982303189
2421;10.530265410635629;0.08886641581385953;347.295;8.449776234575905
2422;10.59344524759954;0.43019321899799773;361.2875;0.0
2423;10.635396764516614;1.782370813302689;376.2675;-0.0
2424;10.530289076203037;2.0110627025210364;377.8975;1.3962253776071152
2425;10.5934757282097;2.0110627025210364;390.315;2.732283813270139
2426;10.635348056193791;2.0110627025210364;398.8275;4.02842993150471
2427;10.530312720200993;2.0110627025210364;404.015;5.424230004320616
2428;10.593506128981602;2.0110627025210364;403.8275;6.759856758787662
2429;10.635299435849841;2.0110627025210364;396.0775;8.055646309054435
2430;10.530336342650513;2.0110627025210364;387.71000000000004;9.451021218905542
2431;10.593536450196073;2.0110627025210364;362.1675;10.78621648909738
2432;10.635250903232592;2.0110627025210364;290.1175;12.08164950937751
2433;10.53035994357266;2.0110627025210364;181.0575;13.476599398032544
2434;10.593566692132637;2.0110627025210364;105.5075;14.811363380566736
2435;10.635202458090877;2.0110627025210364;87.16;16.106439909042344
2436;10.530383522988542;2.0110627025210364;83.405;17.500964918212325
2437;10.593596855069533;3.4285714285714284;82.4925;18.835297809404448
2438;10.635154100174521;3.4285714285714284;84.1825;20.13001788445771
2439;10.530407080919314;3.4285714285714284;88.1825;21.524118155795918
2440;10.59362693928373;3.4285714285714284;94.41749999999999;22.858020151660796
2441;10.63510582923433;3.4285714285714284;127.48;24.152383811873015
2442;10.53043061738619;2.0110627025210364;215.0425;25.54605948697495
2443;10.593656945050917;1.7753756971245702;252.185;25.543504881026255
2444;10.635057645022114;0.10642839532123474;240.995;15.014634741064471
2445;10.53045413241041;0.7234906694005326;226.5625;8.472723469263379
2446;10.593686872645513;2.0110627025210364;205.9225;9.807873667903216
2447;10.635009547290649;2.0110627025210364;176.4;11.10363381061031
2448;10.530477626013278;2.0110627025210364;155.5375;12.498569702516635
2449;10.593716722340698;2.0110627025210364;148.17000000000002;13.83328895932272
2450;10.634961535793682;2.0110627025210364;150.315;15.128692171422792
2451;10.530501098216135;2.0110627025210364;151.795;16.52320325890032
2452;10.593746494408386;2.0110627025210364;148.7975;17.857491768886465
2453;10.63491361028594;2.0110627025210364;147.4875;19.152538089937934
2454;10.530524549040363;2.0110627025210364;141.3525;20.546624514540596
2455;10.593776189119245;2.0110627025210364;132.5475;21.88048247242586
2456;10.634865770523108;2.0110627025210364;124.93;23.175171942181667
2457;10.530547978507387;2.0110627025210364;120.41;24.568833845405432
2458;10.593805806742733;2.0110627025210364;106.0825;25.9022614456153
2459;10.634818016261837;2.0110627025210364;102.00750000000001;27.19659410402199
2460;10.53057138663869;3.4285714285714284;102.5175;28.589831627304832
2461;10.593835347547051;3.4285714285714284;100.03;29.9228290639724
2462;10.634770347259732;3.4285714285714284;97.4025;31.21680495116926
2463;10.53059477345577;3.4285714285714284;98.63;32.60961823589116
2464;10.59386481179919;3.4285714285714284;105.1625;33.942185702858346
2465;10.634722763275342;3.4285714285714284;158.3025;35.23580485917648
2466;10.530618138980183;2.0110627025210364;246.87;36.62819404665939
2467;10.593894199764929;2.0110627025210364;315.8375;37.960331737478036
2468;10.634675264068159;1.782249898082544;355.975;37.95653570430429
2469;10.530641483233518;1.7648150267126446;380.2925;37.95274005073386
2470;10.593923511708834;2.0110627025210364;394.0225;39.2847174406054
2471;10.634627849398637;2.0110627025210364;411.5475;40.57789251193263
2472;10.530664806237407;2.0110627025210364;421.1775;41.969703156755905
2473;10.593952747894273;2.0110627025210364;438.9925;43.30125107594067
2474;10.634580519028136;2.0110627025210364;443.29;44.59406945775635
2475;10.530688108013527;2.0110627025210364;440.05;45.98545634819772
2476;10.59398190858342;2.0110627025210364;439.66;47.31657498940865
2477;10.63453327271898;2.0110627025210364;434.1225;48.60903672282667
2478;10.53071138858357;2.0110627025210364;432.6375;50.0
2479;10.594010994037253;0.09954944624964716;415.475;39.46868421052631
2480;10.634486110234388;0.10633261263000233;394.925;28.938421552631574
2481;10.530734647969288;0.08894505462222224;357.7325;18.40921192100263
2482;10.594040004515582;2.0110627025210364;275.71000000000004;19.743032995520725
2483;10.634439031338523;2.0110627025210364;197.845;21.038341612449578
2484;10.530757886192461;2.0110627025210364;168.1125;22.432017786405495
2485;10.594068940277038;2.0110627025210364;169.18;23.76540909136367
2486;10.634392035796461;2.0110627025210364;174.2525;25.060360116447896
2487;10.5307811032749;2.0110627025210364;218.73000000000002;26.453612032325093
2488;10.594097801579078;2.0110627025210364;272.20500000000004;27.78657375962174
2489;10.634345123374185;2.0110627025210364;352.6;29.0811672350403
2490;10.530804299238454;2.0110627025210364;401.4725;30.473995034040264
2491;10.59412658867801;1.775454404023064;418.98;30.47094763453686
2492;10.634298293838592;0.10630113675096009;417.34;19.941584750299725
2493;10.530827474105008;0.08896061122050275;392.5375;9.413274802351014
2494;10.594155301828978;2.0110627025210364;355.02250000000004;10.74788593813325
2495;10.634251546957481;2.0110627025210364;318.415;12.044272179929829
2496;10.530850627896474;2.0110627025210364;273.5325;13.438759656210188
2497;10.594183941285987;2.0110627025210364;252.18;14.77294103602288
2498;10.634204882499546;2.0110627025210364;260.38750000000005;16.06896910354471
2499;10.53087376063481;2.0110627025210364;266.36;17.463032134031288
2500;10.59421250730189;2.0110627025210364;264.9575;18.79678394888109
2501;10.634158300234391;2.0110627025210364;281.39;20.092453885263527
2502;10.530896872341987;2.0110627025210364;309.15999999999997;21.486092611150113
2503;10.594241000128406;2.0110627025210364;293.5775;22.81941505176701
2504;10.634111799932494;2.0110627025210364;257.9425;24.114726900325962
2505;10.530919963040024;2.0110627025210364;210.59;25.507941462747908
2506;10.59426942001614;2.0110627025210364;162.2425;26.8408347195863
2507;10.63406538136522;2.0110627025210364;151.61;28.135788523817382
2508;10.530943032750962;2.0110627025210364;149.245;29.528579063851588
2509;10.594297767214554;2.0110627025210364;154.1625;30.861043327091373
2510;10.634019044304832;2.0110627025210364;166.6275;32.15563913066907
2511;10.530966081496867;2.0110627025210364;195.0925;33.548005789333985
2512;10.59432604197201;2.0110627025210364;236.565;34.88004124888164
2513;10.633972788524453;2.0110627025210364;280.155;36.17427909565852
2514;10.530989109299846;2.0110627025210364;307.51;37.5662220139141
2515;10.594354244535754;2.0110627025210364;340.1975;38.89782885940374
2516;10.633926613798092;0.10623884742873337;353.545;28.36762328704411
2517;10.531012116182024;0.0889915551200364;379.94;17.83847073524172
2518;10.594382375151923;1.7754972709095218;390.86;17.836686888168195
2519;10.633880519900615;2.0110627025210364;398.595;19.132716725573797
2520;10.531035102165566;2.0110627025210364;405.28;20.526320106843954
2521;10.594410434065564;2.0110627025210364;410.72249999999997;21.859577562470985
2522;10.633834506607762;2.0110627025210364;416.4625;23.155248823437365
2523;10.531058067272651;2.0110627025210364;419.5525;24.548428134646002
2524;10.594438421520634;2.0110627025210364;430.8375;25.881256791387937
2525;10.633788573696126;2.0110627025210364;428.27750000000003;27.176569520697477
2526;10.531081011525497;2.0110627025210364;403.145;28.569324902796186
2527;10.594466337759995;1.7755113420819801;373.08;28.566467970305908
2528;10.633742720943165;0.10620802909024962;343.3475;18.037295534035195
2529;10.53110393494633;2.0110627025210364;311.65;19.430943066282776
2530;10.59449418302544;2.0110627025210364;256.64;20.76423049810198
2531;10.633696948127177;2.0110627025210364;205.4775;22.06014197433135
2532;10.531126837557423;2.0110627025210364;179.35500000000002;23.453365464454365
2533;10.594521957557681;2.0110627025210364;186.4675;24.786224268228125
2534;10.63365125502732;2.0110627025210364;213.48250000000002;26.08177695352535
2535;10.531149719381062;2.0110627025210364;242.3875;27.474576542417985
2536;10.594549661596366;2.0110627025210364;285.7075;28.807006906247196
2537;10.633605641423594;2.0110627025210364;327.4;30.102200846204155
2538;10.531172580439556;2.0110627025210364;355.615;31.49457667470196
2539;10.594577295380082;1.77552993730959;357.275;31.49142721703449
2540;10.633560107096825;0.10617742509897149;355.2875;20.961962284839103
2541;10.53119542075524;0.08902227486923613;353.7875;10.433550299136938
2542;10.594604859146356;1.775534556681448;352.8375;10.432506944107024
2543;10.63351465182869;2.0110627025210364;352.8575;11.729624774175358
2544;10.531218240350476;2.0110627025210364;366.96750000000003;13.123794483364987
2545;10.594632353131669;2.0110627025210364;371.055;14.457581368441566
2546;10.63346927540169;2.0110627025210364;365.99;15.754339798673115
2547;10.531241039247645;2.0110627025210364;357.5525;17.148085377407984
2548;10.59465977757146;2.0110627025210364;363.8325;18.481443780177354
2549;10.633423977599154;2.0110627025210364;372.695;19.77784285708014
2550;10.531263817469146;2.0110627025210364;365.62;21.171164446198745
2551;10.594687132700125;2.0110627025210364;349.715;22.504094553689008
2552;10.633378758205238;0.1481692848908958;338.075;12.239472084799836
2553;10.531286575037402;0.08903755128398863;314.5575;1.7119323481176723
2554;10.59471441875103;1.7755529176176699;289.7875;1.7117611548828604
2555;10.63333361700491;2.0110627025210364;268.2625;3.0099230426127077
2556;10.531309311974862;2.0110627025210364;246.1925;4.404878203932327
2557;10.59474163595651;2.0110627025210364;247.0975;5.73943316195325
2558;10.633288553783956;2.0110627025210364;249.6975;7.037235092542296
2559;10.531332028303988;2.0110627025210364;266.5025;8.431765942144255
2560;10.594768784547888;2.0110627025210364;290.91499999999996;9.765892420229546
2561;10.633243568328977;2.0110627025210364;313.685;11.063334441074995
2562;10.531354724047267;2.0110627025210364;332.9675;12.457441119785983
2563;10.594795864755458;1.775566567036151;345.955;12.456195375674005
2564;10.63319866042738;0.10611685077264899;349.9375;1.9286339666627546
2565;10.531377399227196;1.764938357813234;361.05;1.9284411032660882
2566;10.594822876808514;1.775571093947186;376.2125;1.9282482591557617
2567;10.633153829867378;2.0110627025210364;386.145;3.2265592959558367
2568;10.5314000538663;2.0110627025210364;382.5425;4.621406588853256
2569;10.594849820935341;2.0110627025210364;385.53;5.955837118305797
2570;10.633109076437972;2.0110627025210364;394.195;7.253787911977893
2571;10.531422687987117;2.0110627025210364;386.9475;8.648210979598934
2572;10.594876697363226;2.0110627025210364;382.53499999999997;9.98221329600591
2573;10.633064399928973;2.0110627025210364;373.59749999999997;11.279803894743784
2574;10.531445301612207;2.0110627025210364;366.055;12.673802877822713
2575;10.594903506318463;2.0110627025210364;358.47249999999997;14.00737716653239
2576;10.63301980013097;2.0110627025210364;353.0075;15.304607618691316
2577;10.531467894764143;2.0110627025210364;341.2075;16.698182657903512
2578;10.594930248026357;2.0110627025210364;325.40500000000003;18.031329104012684
2579;10.632975276835353;2.0110627025210364;311.0375;19.3281994581087
2580;10.531490467465511;2.0110627025210364;297.03000000000003;20.72135069407065
2581;10.59495692271123;2.0110627025210364;286.1175;22.054069482425575
2582;10.632930829834292;2.0110627025210364;282.5725;23.350579787134755
2583;10.531513019738926;2.0110627025210364;293.9275;24.743307360404064
2584;10.594983530596423;2.0110627025210364;323.53249999999997;26.075598675601423
2585;10.63288645892073;2.0110627025210364;352.2575;27.371748979759168
2586;10.531535551607002;2.0110627025210364;374.545;28.76405303083454
2587;10.595010071904312;2.0110627025210364;387.615;30.09591705722236
2588;10.632842163888402;1.7819426914657528;399.825;30.092907465516635
2589;10.531558063092374;0.08908304957578317;401.175;19.5635823852964
2590;10.595036546856296;1.7756069026024976;414.58000000000004;19.56162602705787
2591;10.632797944531804;2.0110627025210364;417.195;20.85851181714995
2592;10.531580554217696;2.0110627025210364;401.1375;22.251424439461424
2593;10.595062955672827;2.0110627025210364;398.91999999999996;23.583889489128293
2594;10.632753800646203;2.0110627025210364;398.0975;24.880414989565487
2595;10.53160302500563;2.0110627025210364;397.475;26.27290407431118
2596;10.595089298573384;2.0110627025210364;397.8625;27.604941950259036
2597;10.63270973202763;2.0110627025210364;389.325;28.90110721063776
2598;10.531625475478858;2.0110627025210364;383.895;30.293172898211782
2599;10.595115575776507;2.0110627025210364;359.245;31.624783783934276
2600;10.632665738472884;2.0110627025210364;280.0325;32.920588854006645
2601;10.531647905660062;2.0110627025210364;188.5875;34.312231284744186
2602;10.595141787499783;2.0110627025210364;133.9925;35.64341536349092
2603;10.632621819779521;2.0110627025210364;115.235;36.938860293164026
2604;10.531670315571954;2.0110627025210364;105.175;38.330079607341354
2605;10.595167933959859;2.0110627025210364;103.025;39.66083706211875
2606;10.632577975745846;3.4285714285714284;104.7875;40.95592190145399
2607;10.531692705237244;3.4285714285714284;109.88499999999999;42.346718239288464
2608;10.595194015372442;3.4285714285714284;118.2875;43.67704925286071
2609;10.632534206170929;2.0110627025210364;160.74;44.971774052073044
2610;10.531715074678656;2.0110627025210364;248.72249999999997;46.36214755372311
2611;10.595220031952326;2.0110627025210364;293.935;47.69205230861303
2612;10.632490510854563;0.10599817300650734;307.0075;37.160967313908486
2613;10.531737423918932;0.08911310839816505;309.4425;26.630935427703417
2614;10.595245983913355;0.09975641642279869;315.9975;16.101956544686967
2615;10.632446889597313;2.0110627025210364;317.02250000000004;17.39952180391505
2616;10.531759752980815;2.0110627025210364;306.695;18.792610086402885
2617;10.595271871468464;2.0110627025210364;300.32;20.125222547499206
2618;10.632403342200456;2.0110627025210364;293.455;21.422426850154025
2619;10.531782061887068;2.0110627025210364;293.965;22.815091648676297
2620;10.595297694829672;2.0110627025210364;296.61;24.147277329423243
2621;10.632359868466038;2.0110627025210364;298.52750000000003;25.444120726647565
2622;10.531804350660455;2.0110627025210364;299.1575;26.836362181447466
2623;10.595323454208083;2.0110627025210364;254.465;28.168121263731642
2624;10.63231646819681;2.0110627025210364;169.95499999999998;29.4646038068183
2625;10.531826619323748;2.0110627025210364;132.5975;30.856422058080057
2626;10.595349149813899;2.0110627025210364;114.1325;32.187754723551045
2627;10.632273141196269;2.0110627025210364;105.2625;33.48387646394224
2628;10.53184886789974;3.4285714285714284;104.2225;34.875271651791095
2629;10.595374781856416;3.4285714285714284;107.8175;36.206178081862326
2630;10.632229887268632;3.4285714285714284;112.53;37.50193907114894
2631;10.531871096411226;3.4285714285714284;116.00999999999999;38.892911335651156
2632;10.595400350544038;3.4285714285714284;120.55250000000001;40.22339171150075
2633;10.632186706218842;2.0110627025210364;168.88;41.5187920014217
2634;10.531893304880997;2.0110627025210364;263.1625;42.90934148258461
2635;10.595425856084272;2.0110627025210364;319.4775;44.23939598515629
2636;10.632143597852556;1.781825619790758;330.805;44.234972045557775
2637;10.531915493331867;0.08914295079439964;345.91;33.704232758879535
2638;10.59545129868374;0.0997908248292152;355.7975;23.174546546129964
2639;10.632100561976161;1.7818184074702674;360.62;23.17222909147535
2640;10.531937661786655;2.0110627025210364;383.65250000000003;24.56457108986888
2641;10.59547667854819;2.0110627025210364;384.6125;25.896411788139112
2642;10.63205759839674;2.0110627025210364;395.885;27.193367428483395
2643;10.531959810268178;2.0110627025210364;394.28;28.585286271985776
2644;10.595501995882474;2.0110627025210364;382.74;29.916700847270228
2645;10.632014706922092;2.0110627025210364;380.6175;31.213295205609516
2646;10.531981938799271;2.0110627025210364;372.1075;32.60479103422965
2647;10.595527250890587;2.0110627025210364;346.6425;33.935779666780164
2648;10.63197188736073;2.0110627025210364;282.08;35.23201279582079
2649;10.532004047402761;2.0110627025210364;208.075;36.62308574950858
2650;10.595552443775647;2.0110627025210364;166.075;37.953648619346765
2651;10.631929139521864;2.0110627025210364;148.7275;39.24952057193906
2652;10.532026136101493;2.0110627025210364;144.76749999999998;40.64017079058545
2653;10.595577574739915;2.0110627025210364;141.7575;41.970308077503475
2654;10.631886463215391;2.0110627025210364;141.4675;43.2658189066411
2655;10.532048204918308;2.0110627025210364;150.36;44.656046530078044
2656;10.595602643984785;2.0110627025210364;198.14000000000001;45.985758413639495
2657;10.631843858251928;2.0110627025210364;271.5375;47.2809081724588
2658;10.53207025387606;2.0110627025210364;338.775;48.67071334045931
2659;10.595627651710803;2.0110627025210364;395.43;50.0
2660;10.631801324442767;1.7817682586833838;422.4325;49.995
2661;10.5320922829976;0.08917257871964498;433.1025;39.463684710526316
2662;10.595652598117658;1.775710145745378;435.8975;39.45973834205526
2663;10.631758861599897;1.7817611423967554;432.78249999999997;39.455792368221054
2664;10.53211429230579;2.0110627025210364;439.875;40.846338211293734
2665;10.595677483404199;2.0110627025210364;435.105;42.176359968238614
2666;10.631716469535995;2.0110627025210364;438.6725;43.4720116861826
2667;10.53213628182348;2.0110627025210364;449.5025;44.86213501728167
2668;10.595702307768436;2.0110627025210364;452.615;46.19173161139993
2669;10.631674148064413;2.0110627025210364;451.64;47.4870219975776
2670;10.532158251573543;2.0110627025210364;417.485;48.87672295638298
2671;10.595727071407532;1.974741046131783;388.98;50.0
2672;10.63163189699919;0.10585427914814001;353.4575;39.46868421052631
2673;10.53218020157884;0.08918731286794421;322.515;28.938421552631574
2674;10.595751774517831;2.0110627025210364;285.3075;30.269563524684372
2675;10.63158971615505;2.0110627025210364;232.745;31.566526337984605
2676;10.532202131862244;2.0110627025210364;202.29;32.957777660081675
2677;10.595776417294836;2.0110627025210364;200.9675;34.28849428588558
2678;10.631547605347366;2.0110627025210364;224.2725;35.58509521137699
2679;10.532224042446625;2.0110627025210364;242.9725;36.97592386153156
2680;10.595800999933234;2.0110627025210364;291.8375;38.30621531920884
2681;10.631505564392214;2.0110627025210364;345.745;39.60245441150432
2682;10.532245933354856;2.0110627025210364;393.9625;40.99286052937605
2683;10.595825522626887;2.0110627025210364;427.155;42.322726996827576
2684;10.631463593106307;0.10582607334133454;444.93;31.79217893465421
2685;10.53226780460981;0.08920199413362875;451.685;21.262683927287064
2686;10.59584998556885;0.09985764018960114;464.4075;10.734241869420652
2687;10.631421691307041;2.0110627025210364;480.1575;12.033317838492021
2688;10.532289656234363;2.0110627025210364;482.4975;13.426439333285527
2689;10.595874388951364;2.0110627025210364;478.35249999999996;14.759016019848403
2690;10.631379858812469;2.0110627025210364;478.15250000000003;16.05772925237457
2691;10.532311488251382;2.0110627025210364;476.29999999999995;17.450427565610518
2692;10.595898732965862;2.0110627025210364;475.2875;18.78257872653639
2693;10.631338095441302;2.0110627025210364;472.1225;20.080929277994496
2694;10.532333300683758;2.0110627025210364;440.03000000000003;21.473204549417126
2695;10.59592301780297;1.4642970745449493;407.705;19.5147725030791
2696;10.63129640101291;0.10579805385940234;371.8725;8.986505236355107
2697;10.532355093554353;1.7651022081962182;311.64;8.985606585831471
2698;10.595947243652526;2.0110627025210364;263.945;10.318558143702987
2699;10.631254775347307;2.0110627025210364;232.525;11.617834251308675
2700;10.532376866886047;2.0110627025210364;209.2625;13.0109144443418
2701;10.595971410703568;2.0110627025210364;208.16500000000002;14.343440512728977
2702;10.631213218265154;2.0110627025210364;224.3875;15.642353611325808
2703;10.532398620701711;2.0110627025210364;245.0575;17.03501068629805
2704;10.595995519144344;2.0110627025210364;294.2675;18.367111442042294
2705;10.631171729587779;2.0110627025210364;321.31;19.6656615877897
2706;10.532420355024222;2.0110627025210364;366.305;21.057895684357913
2707;10.596019569162317;1.7757716458937798;387.9175;21.055789894789477
2708;10.63113030913713;0.1057702187613546;396.0825;10.527368526326315
2709;10.532442069876446;0.08923119899846826;392.21;-0.0
2710;10.596043560944167;1.7757756666419169;390.91249999999997;0.0
2711;10.631088956735814;1.7816488740062226;389.4575;0.0
2712;10.53246376528126;2.0110627025210364;371.9;1.3941594229828025
2713;10.596067494675802;2.0110627025210364;369.39;2.727755887098492
2714;10.631047672207053;2.0110627025210364;368.6075;4.027987822913081
2715;10.532485441261521;2.0110627025210364;361.0875;5.421723854932345
2716;10.596091370542354;2.0110627025210364;356.02750000000003;6.754894880531617
2717;10.631006455374722;2.0110627025210364;357.1775;8.054763258437578
2718;10.532507097840101;2.0110627025210364;357.385;9.448076039163638
2719;10.59611518872817;1.7757876706389897;352.29;9.447131231559721
2720;10.630965306063324;0.27770900832904205;352.585;0.0
2721;10.532528735039863;1.7651313085224782;332.5725;-0.0
2722;10.596138949416865;1.775791652658558;305.4125;0.0
2723;10.63092422409799;2.0110627025210364;286.27750000000003;1.3006219871069093
2724;10.53255035288366;2.0110627025210364;274.1925;2.694569089668721
2725;10.59616265279126;2.0110627025210364;272.965;4.027945112608056
2726;10.63088320930447;2.0110627025210364;277.115;5.32820326925755
2727;10.532571951394356;2.0110627025210364;283.685;6.721727095105987
2728;10.596186299033434;2.0110627025210364;296.2925;8.054677938314715
2729;10.630842261509143;2.0110627025210364;306.72;9.354572322087197
2730;10.532593530594795;2.0110627025210364;334.88;10.747673010789933
2731;10.596209888324708;2.0110627025210364;351.6675;12.080198849580382
2732;10.63080138053901;1.5345682415617514;357.0575;10.527368526326315
2733;10.532615090507832;0.08926019527668061;366.02750000000003;-0.0
2734;10.596233420845657;1.7758074849891328;373.0625;-0.0
2735;10.630760566221683;1.7815938395133202;377.935;0.0
2736;10.532636631156302;2.0110627025210364;386.325;1.3939952004015126
2737;10.5962568967761;2.0110627025210364;398.1275;2.727411748944177
2738;10.630719818385396;2.0110627025210364;405.48249999999996;4.027955180303157
2739;10.532658152563052;2.0110627025210364;404.625;5.421527139850228
2740;10.596280316295136;2.0110627025210364;409.4375;6.754518686655864
2741;10.630679136858985;2.0110627025210364;396.7575;8.054698054771162
2742;10.532679654750916;2.0110627025210364;379.8025;9.447846912952313
2743;10.596303679581096;1.77581925954933;359.6575;9.446902128261017
2744;10.630638521471903;1.4959286901578008;346.76;7.651809734670975
2745;10.532701137742716;1.7651602012429384;323.96500000000003;7.651044553697509
2746;10.596326986811594;2.0110627025210364;289.14;8.983768811771125
2747;10.630597972054204;2.0110627025210364;257.625;10.283802361438456
2748;10.532722601561288;2.0110627025210364;235.6975;11.676687509719088
2749;10.596350238163517;2.0110627025210364;201.9625;13.008987114712777
2750;10.630557488436553;2.0110627025210364;193.58249999999998;14.308656601986582
2751;10.532744046229435;2.0110627025210364;209.2375;15.70111889240842
2752;10.596373433813007;2.0110627025210364;241.33;17.032994018396824
2753;10.630517070450207;2.0110627025210364;277.975;18.332299502067293
2754;10.532765471769984;2.0110627025210364;314.6625;19.724339073935603
2755;10.596396573935506;2.0110627025210364;335.1225;21.055789894789477
2756;10.630476717927019;0.10566068435257532;343.9175;10.527368526326315
2757;10.53278687820573;0.08928898492934682;347.0025;0.0
2758;10.596419658705713;1.7758386963236457;347.78499999999997;-0.0
2759;10.630436430699442;1.7815395181083749;343.3275;0.0
2760;10.53280826555948;2.0110627025210364;320.2725;1.3938321477184945
2761;10.596442688297628;1.7758425558197586;318.2175;1.3936927645037227
2762;10.630396208600532;2.0110627025210364;319.25;2.694676997056767
2763;10.532829633854023;2.0110627025210364;311.54;4.08821937719574
2764;10.596465662884533;2.0110627025210364;304.815;5.421168175517714
2765;10.630356051463913;2.0110627025210364;301.7875;6.721787809809445
2766;10.532850983112146;2.0110627025210364;290.2475;8.114907197071926
2767;10.596488582639;2.0110627025210364;243.155;9.447431552845169
2768;10.630315959123811;2.0110627025210364;167.2325;10.747686648522265
2769;10.532872313356624;2.0110627025210364;113.735;12.140383182168621
2770;10.596511447732889;2.0110627025210364;94.3875;13.47248326850416
2771;10.63027593141503;2.0110627025210364;88.735;14.772373885333032
2772;10.532893624610233;3.4285714285714284;87.685;16.16464770456478
2773;10.596534258337378;3.4285714285714284;89.555;17.496323694373814
2774;10.630235968172961;3.4285714285714284;91.42;18.795849892240064
2775;10.53291491689573;3.4285714285714284;95.9125;20.187701136199898
2776;10.596557014622928;3.4285714285714284;101.935;21.5189532021945
2777;10.630196069233572;3.4285714285714284;117.13499999999999;22.818115041102388
2778;10.53293619023588;2.0110627025210364;171.76749999999998;24.209543848874194
2779;10.596579716759319;2.0110627025210364;217.785;25.54037216356795
2780;10.630156234433402;1.78149256042004;218.9575;25.537818126351596
2781;10.532957444653412;0.9707231185931929;205.0125;20.545098053948276
2782;10.596602364915626;2.0110627025210364;186.08749999999998;21.87627129747304
2783;10.630116463609575;2.0110627025210364;168.01;23.175473029914198
2784;10.532978680171079;2.0110627025210364;150.79250000000002;24.56682573644868
2785;10.596624959260248;2.0110627025210364;137.7975;25.897575342577802
2786;10.630076756599776;2.0110627025210364;139.4325;27.19641266627376
2787;10.532999896811607;2.0110627025210364;142.5675;28.587343123036106
2788;10.596647499960898;2.0110627025210364;148.0825;29.91766926376095
2789;10.630037113242265;2.0110627025210364;154.3175;31.216142239254424
2790;10.533021094597714;2.0110627025210364;160.495;32.60665058516267
2791;10.59666998718461;2.0110627025210364;157.6825;33.93655343227877
2792;10.629997533375864;2.0110627025210364;142.6575;35.23466212022848
2793;10.533042273552113;2.0110627025210364;117.3925;36.62474849414195
2794;10.596692421097728;2.0110627025210364;101.5225;37.95422821924969
2795;10.62995801683996;3.4285714285714284;93.625;39.25197268042981
2796;10.533063433697501;3.4285714285714284;91.4;40.64163722114914
2797;10.596714801865941;3.4285714285714284;89.8175;41.97069399565438
2798;10.629918563474508;3.4285714285714284;93.52250000000001;43.26807429095403
2799;10.533084575056575;3.4285714285714284;97.7325;44.65731713722119
2800;10.596737129654258;3.4285714285714284;109.505;45.98595113233593
2801;10.62987917312001;3.4285714285714284;147.3225;47.28296732275868
2802;10.533105697652013;2.0110627025210364;247.47;48.67178861325699
2803;10.59675940462702;2.0110627025210364;320.5475;50.0
2804;10.629839845617534;1.7533694484842721;351.3675;49.81869045869714
2805;10.533126801506484;0.08934595218533542;365.5325;39.287392800177585
2806;10.596781626947909;1.7758993580595939;373.4925;39.283464060897565
2807;10.629800580808695;2.0110627025210364;377.4875;40.581225162723214
2808;10.53314788664266;2.0110627025210364;375.8375;41.97067654789642
2809;10.596803796779941;2.0110627025210364;388.4325;43.299515873300685
2810;10.629761378535665;2.0110627025210364;410.52;44.596912612104475
2811;10.533168953083175;2.0110627025210364;421.3125;45.98594241541425
2812;10.596825914285482;2.0110627025210364;417.385;47.31435920260151
2813;10.629722238641161;2.0110627025210364;409.925;48.61139163997215
2814;10.533190000850679;2.0110627025210364;372.7575;50.0
2815;10.59684797962624;0.10002489257511389;335.3725;39.46868421052631
2816;10.629683160968446;0.10552769328576593;277.1925;28.938421552631574
2817;10.533211029967797;2.0110627025210364;209.2775;30.328977232006903
2818;10.596869992963278;2.0110627025210364;154.9225;31.658917840968588
2819;10.629644145361327;2.0110627025210364;133.4075;32.95759001109123
2820;10.533232040457147;3.4285714285714284;120.635;34.347723813655826
2821;10.596891954457;3.4285714285714284;119.0525;35.677241684540306
2822;10.629605191664155;3.4285714285714284;123.67;36.97554902829091
2823;10.533253032341333;3.4285714285714284;131.325;38.365261092663815
2824;10.596913864267178;3.4285714285714284;158.4975;39.694356395500726
2825;10.629566299721821;2.0110627025210364;254.8225;40.99229897512545
2826;10.533274005642953;2.0110627025210364;340.775;42.381589439867135
2827;10.59693572255294;2.0110627025210364;380.8275;43.710262344497856
2828;10.629527469379749;0.10550160115683888;395.775;33.17957552878972
2829;10.533294960384584;0.08937413368932255;409.71999999999997;22.649941781763154
2830;10.596957529472775;0.10004325187598329;417.595;12.121360998111294
2831;10.629488700483902;2.0110627025210364;430.08;13.422134596551775
2832;10.53331589658879;2.0110627025210364;431.37;14.814142281332769
2833;10.596979285184542;2.0110627025210364;435.0225;16.145530546179323
2834;10.629449992880764;2.0110627025210364;438.155;17.44593849988798
2835;10.533336814278144;2.0110627025210364;436.455;18.837523932473754
2836;10.597000989845458;2.0110627025210364;430.925;20.16848923972732
2837;10.629411346417362;2.0110627025210364;420.97;21.468531611706855
2838;10.533357713475178;2.0110627025210364;402.4625;22.859694930744265
2839;10.59702264361213;2.0110627025210364;368.59749999999997;24.19023744981967
2840;10.629372760941246;1.7813612592268326;301.75;24.18781842607469
2841;10.533378594202425;2.0110627025210364;238.5575;25.578689979739778
2842;10.597044246640522;2.0110627025210364;166.8025;26.908940076433307
2843;10.629334236300485;2.0110627025210364;133.48250000000002;28.208381657940205
2844;10.53339945648241;2.0110627025210364;122.6525;29.598831336116124
2845;10.597065799085987;3.4285714285714284;121.0075;30.928658943850824
2846;10.629295772343681;3.4285714285714284;119.0325;32.22773509422994
2847;10.533420300337633;3.4285714285714284;125.67;33.61776303539977
2848;10.59708730110326;3.4285714285714284;137.395;34.94716832304813
2849;10.629257368919948;2.0110627025210364;230.8075;36.24587910574187
2850;10.533441125790588;2.0110627025210364;317.3;37.63548544833024
2851;10.597108752846447;2.0110627025210364;360.2375;38.96446858458128
2852;10.62921902587892;0.1054499095551428;373.555;28.434256348249143
2853;10.533461932863757;0.08940211636642355;376.375;17.905097133140636
2854;10.597130154469067;0.10007218185028045;383.315;7.37699083395364
2855;10.629180743070751;2.0110627025210364;392.435;8.67853142895303
2856;10.533482721579599;2.0110627025210364;407.0925;10.070854990309517
2857;10.597151506123998;2.0110627025210364;407.52750000000003;11.402553973992687
2858;10.629142520346104;2.0110627025210364;418.84000000000003;12.70372832426649
2859;10.53350349196057;2.0110627025210364;423.57;14.095629634071521
2860;10.597172807963537;2.0110627025210364;423.3;15.426905903542755
2861;10.629104357556152;2.0110627025210364;413.4125;16.727714073274058
2862;10.533524244029103;2.0110627025210364;383.2925;18.119193270039084
2863;10.597194060139367;1.775968477143646;350.285;18.11738135071208
2864;10.629066254552583;1.7813098922629724;289.31;18.11556961257701
2865;10.533544977807628;2.0110627025210364;204.115;19.506890326698503
2866;10.597215262802571;2.0110627025210364;148.6175;20.83758513800339
2867;10.629028211187586;2.0110627025210364;123.505;22.13792457886138
2868;10.533565693318545;2.0110627025210364;121.51;23.528823377750875
2869;10.59723641610363;3.4285714285714284;116.765;24.859095900114653
2870;10.628990227313862;3.4285714285714284;119.815;26.159069274576474
2871;10.533586390584254;3.4285714285714284;127.025;27.549546296593977
2872;10.597257520192445;3.4285714285714284;141.85;28.879396697781495
2873;10.628952302784601;2.0110627025210364;223.715;30.17900407046635
2874;10.533607069627134;2.0110627025210364;319.925;31.569059453913525
2875;10.597278575218308;2.0110627025210364;367.8925;32.89848790151074
2876;10.62891443745351;0.1053988640199794;397.0;22.368882263246903
2877;10.533627730469547;0.08942990214818788;407.185;11.840329585546895
2878;10.597299581329935;0.10010057585367187;414.53499999999997;1.3128297631146566
2879;10.628876631174784;2.0110627025210364;420.25750000000005;2.6152656805223007
2880;10.53364837313384;2.0110627025210364;393.185;4.008038199477101
2881;10.597320538675445;2.0110627025210364;394.70500000000004;5.34018288391548
2882;10.62883888380311;2.0110627025210364;402.21500000000003;6.642251926014134
2883;10.53366899764235;2.0110627025210364;408.315;8.0346021530613
2884;10.597341447402385;2.0110627025210364;405.4175;9.366324317813728
2885;10.628801195193681;2.0110627025210364;409.36;10.66802654994795
2886;10.533689604017395;2.0110627025210364;387.065;12.059954623476429
2887;10.597362307657715;2.0110627025210364;295.7775;13.391254435739253
2888;10.628763565202174;2.0110627025210364;160.4625;14.692589923353614
2889;10.53371019228128;2.0110627025210364;103.7975;16.084095981694063
2890;10.597383119587816;2.0110627025210364;87.08500000000001;17.41497360848747
2891;10.628725993684752;3.4285714285714284;79.60249999999999;18.715942417126104
2892;10.533730762456287;3.4285714285714284;74.47749999999999;20.10702659855092
2893;10.597403883338503;3.4285714285714284;74.2075;21.437482206719487
2894;10.628688480498074;3.4285714285714284;77.35;22.738084402025645
2895;10.53375131456469;3.4285714285714284;78.9975;24.12874684474899
2896;10.597424599055012;3.4285714285714284;89.075;25.458780600962253
2897;10.62865102549928;3.4285714285714284;115.05250000000001;26.75901624867784
2898;10.53377184862874;2.0110627025210364;205.5075;28.149257090855667
2899;10.597445266882012;2.0110627025210364;255.125;29.47886916160867
2900;10.62861362854599;0.10534845188877114;268.88250000000005;18.949605485218825
2901;10.533792364670683;0.0894574929566432;267.9;8.42139473519662
2902;10.597465886963604;0.4353851741358219;259.77;0.0
2903;10.628576289496312;2.0110627025210364;247.355;1.3028525249785035
2904;10.533812862712736;2.0110627025210364;237.755;2.6956000201489063
2905;10.597486459443331;2.0110627025210364;225.865;4.027718323675726
2906;10.628539008208824;2.0110627025210364;216.6375;5.3302034940449765
2907;10.533833342777106;2.0110627025210364;204.85;6.722528798057321
2908;10.597506984464173;2.0110627025210364;202.5675;8.05422490993655
2909;10.628501784542587;2.0110627025210364;210.13;9.3563427921301
2910;10.533853804885979;2.0110627025210364;207.0775;10.748246043209207
2911;10.597527462168546;2.0110627025210364;187.035;12.079520129544768
2912;10.62846461835714;2.0110627025210364;143.1175;13.381270790092529
2913;10.533874249061531;2.0110627025210364;109.705;14.772752126405065
2914;10.597547892698323;2.0110627025210364;97.9325;16.10360435312902
2915;10.628427509512488;2.0110627025210364;85.675;17.404987858656845
2916;10.533894675325916;3.4285714285714284;81.3775;18.79604741831136
2917;10.59756827619481;3.4285714285714284;78.975;20.12647795118446
2918;10.628390457869106;3.4285714285714284;82.0675;21.42749436841369
2919;10.53391508370127;3.4285714285714284;86.1975;22.818132289460642
2920;10.597588612798772;3.4285714285714284;87.9875;24.14814129407286
2921;10.628353463287946;2.0110627025210364;105.11;25.44879068981991
2922;10.533935474209718;2.0110627025210364;175.0425;26.839007110251696
2923;10.597608902650425;2.0110627025210364;218.2075;28.16859475202277
2924;10.62831652563042;0.6492092384585804;235.055;21.055789894789477
2925;10.53395584687336;0.08948489070333727;243.78500000000003;10.527368526326315
2926;10.59762914588944;0.10015580710314641;246.22750000000002;0.0
2927;10.6282796447584;1.781178065461429;256.3675;-0.0
2928;10.53397620171428;1.7653738873759834;255.7525;-0.0
2929;10.597649342654952;1.7760447772841628;246.125;0.0
2930;10.628242820534235;1.7811718941427817;245.8025;0.0
2931;10.533996538754552;1.7653772956312477;242.0325;-0.0
2932;10.59766949308554;1.7760481542657789;243.7625;-0.0
2933;10.628206052820726;2.0110627025210364;230.69;1.3032042498203102
2934;10.534016858016221;1.8449650204459251;200.9025;1.7542091633222332
2935;10.59768959731927;1.7760515235053305;173.29;1.754033742405901
2936;10.62816934148113;2.0110627025210364;136.4775;3.0570974646245874
2937;10.53403715952132;2.0110627025210364;113.47999999999999;4.44945645333287
2938;10.59770965549365;2.0110627025210364;109.74;5.781187334968569
2939;10.628132686379162;2.0110627025210364;103.17;7.0838831641748685
2940;10.534057443291866;3.4285714285714284;96.98;8.475820204731178
2941;10.597729667745678;3.4285714285714284;96.44;9.80712943835231
2942;10.628096087379001;3.4285714285714284;95.72749999999999;11.109457442398424
2943;10.534077709349853;3.4285714285714284;97.2975;12.500972672771825
2944;10.597749634211809;3.4285714285714284;98.0075;13.831860423003329
2945;10.628059544345268;2.0110627025210364;113.595;15.133820669833025
2946;10.534097957717256;2.0110627025210364;144.615;16.524914227934648
2947;10.597769555027973;2.0110627025210364;181.345;17.85538065923528
2948;10.628023057143038;2.0110627025210364;194.595;19.15697321688347
2949;10.534118188416038;2.0110627025210364;189.0675;20.547645240566542
2950;10.597789430329579;2.0110627025210364;185.41;21.877690517229386
2951;10.627986625637837;2.0110627025210364;155.83249999999998;23.17891545382172
2952;10.534138401468137;2.0110627025210364;125.8875;24.569166080881608
2953;10.597809260251513;2.0110627025210364;117.3925;25.898790367034582
2954;10.627950249695637;2.0110627025210364;115.795;27.199647750787026
2955;10.534158596895477;2.0110627025210364;113.98;28.589477118961245
2956;10.597829044928142;2.0110627025210364;114.05;29.918680578567614
2957;10.627913929182855;2.0110627025210364;116.15;31.219170477786047
2958;10.534178774719958;2.0110627025210364;117.075;32.60857872475431
2959;10.59784878449332;2.0110627025210364;116.06;33.93736152161318
2960;10.62787766396635;2.0110627025210364;106.1175;35.23748400469298
2961;10.534198934963467;2.0110627025210364;91.86500000000001;36.62647126807722
2962;10.597868479080384;2.0110627025210364;87.16;37.954833565824046
2963;10.627841453913428;3.4285714285714284;83.7325;39.25458870124971
2964;10.534219077647865;3.4285714285714284;82.9675;40.64315511861412
2965;10.597888128822158;3.4285714285714284;85.565;41.97109708072121
2966;10.627805298891825;3.4285714285714284;87.765;43.2704849370659
2967;10.534239202795002;3.4285714285714284;91.21;44.65863064591694
2968;10.597907733850962;3.4285714285714284;94.2625;45.98615243569394
2969;10.627769198769723;3.4285714285714284;109.445;47.285173081619135
2970;10.5342593104267;2.0110627025210364;177.21;48.67289821940561
2971;10.5979272942986;2.0110627025210364;241.03;50.0
2972;10.627733153415743;1.7819685248100225;280.08500000000004;50.0
2973;10.534279400564767;1.7654247000342886;290.51;49.995
2974;10.597946810296385;0.10020904402320678;285.2025;39.463684710526316
2975;10.627697162698924;1.781080448132704;270.40250000000003;39.45973834205526
2976;10.534299473230995;2.0110627025210364;243.32999999999998;40.848207868651606
2977;10.597966281975113;2.0110627025210364;224.435;42.17605507998839
2978;10.627661226488758;2.0110627025210364;221.0125;43.47555930931607
2979;10.534319528447144;2.0110627025210364;223.4425;44.86360820136035
2980;10.597985709465094;2.0110627025210364;228.22750000000002;46.191035416548374
2981;10.627625344655145;2.0110627025210364;244.5025;47.49017223558433
2982;10.534339566234962;2.0110627025210364;264.5525;48.877800630437555
2983;10.598005092896138;1.5036151851151691;257.5675;47.161395358981935
2984;10.627589517068433;0.10517682252245956;231.5825;36.63036342997235
2985;10.534359586616185;1.7654381382990612;177.39;36.62670039362935
2986;10.598024432397546;2.0110627025210364;128.1975;37.95491451281232
2987;10.627553743599389;2.0110627025210364;122.935;39.25494296494163
2988;10.534379589612517;2.0110627025210364;126.46;40.643356860513244
2989;10.598043728098146;2.0110627025210364;119.3675;41.97115098313395
2990;10.627518024119201;2.0110627025210364;125.37;43.270811745122394
2991;10.53439957524564;2.0110627025210364;142.71;44.65880506746453
2992;10.598062980126269;2.0110627025210364;167.91750000000002;45.98617935583783
2993;10.627482358499487;2.0110627025210364;211.49;47.28547249732773
2994;10.534419543537231;2.0110627025210364;255.115;48.673045383717636
2995;10.59808218860975;2.0110627025210364;276.2;50.0
2996;10.627446746612284;0.10515289582751097;292.71500000000003;39.46868421052631
2997;10.534439494508932;0.08956594451342584;285.6825;28.938421552631574
2998;10.598101353675952;1.7761205291596178;283.6475;28.93552771047631
2999;10.627411188330049;2.0110627025210364;276.47749999999996;30.236593528791715
3000;10.534459428182375;2.0110627025210364;263.1125;31.62583341266558
3001;10.598120475451744;2.0110627025210364;247.525;32.95445637764516
3002;10.627375683525655;2.0110627025210364;264.69;34.25515403265803
3003;10.534479344579157;2.0110627025210364;273.04499999999996;35.64397313990456
3004;10.598139554063522;2.0110627025210364;275.8175;36.97217616623023
3005;10.627340232072386;2.0110627025210364;273.2725;38.272505728144836
3006;10.534499243720868;2.0110627025210364;264.6125;39.6609041960372
3007;10.598158589637197;1.7761301212518599;244.51999999999998;39.6569381056176
3008;10.627304833843956;1.0781493975141083;214.13;35.238242565153485
3009;10.53451912562908;2.0110627025210364;147.7975;36.62692557154935
3010;10.598177582298206;2.0110627025210364;104.8475;37.9549941758089
3011;10.627269488714477;2.0110627025210364;98.4625;39.255292662112566
3012;10.534538990325332;2.0110627025210364;96.1925;40.64355509203729
3013;10.598196532171515;2.0110627025210364;96.235;41.97120403096515
3014;10.627234196558476;2.0110627025210364;97.16749999999999;43.2711344238315
3015;10.534558837831147;2.0110627025210364;106.435;44.65897641444952
3016;10.598215439381617;2.0110627025210364;126.7825;45.98620584939554
3017;10.627198957250892;2.0110627025210364;175.83499999999998;47.28576821942225
3018;10.534578668168024;2.0110627025210364;247.475;48.67318990784069
3019;10.598234304052527;2.0110627025210364;278.96750000000003;50.0
3020;10.627163770667071;1.2015419243673493;305.78999999999996;46.355452876535836
3021;10.534598481357454;0.08959258889019699;319.4825;35.824501541774495
3022;10.598253126307801;0.1002603790820188;334.49;25.294603302146633
3023;10.627128636682764;2.0110627025210364;339.83;26.59630163696779
3024;10.534618277420892;2.0110627025210364;341.0925;27.98575464325425
3025;10.598271906270531;2.0110627025210364;350.6025;29.31459775683292
3026;10.627093555174122;2.0110627025210364;356.605;30.61592741964182
3027;10.534638056379773;2.0110627025210364;361.395;32.00495967333907
3028;10.598290644063342;2.0110627025210364;356.34749999999997;33.33338306551156
3029;10.627058526017706;2.0110627025210364;347.7525;34.634344127488184
3030;10.534657818255523;2.0110627025210364;329.22;36.02295576573269
3031;10.598309339808397;1.7761553852557512;314.015;36.01935347015612
3032;10.62702354909047;0.10508197276485108;290.6275;25.489435745335424
3033;10.534677563069529;1.7654914275145277;236.7025;25.48688680176089
3034;10.598327993627398;2.0110627025210364;181.2325;26.815926519134685
3035;10.626988624269773;2.0110627025210364;144.5625;28.117605733426487
3036;10.534697290843175;2.0110627025210364;130.87;29.50683154655213
3037;10.598346605641602;2.0110627025210364;127.52499999999999;30.835451588037955
3038;10.626953751433371;2.0110627025210364;131.385;32.13676197901745
3039;10.534717001597807;2.0110627025210364;169.0;33.52556715130163
3040;10.598365175971797;2.0110627025210364;218.89249999999998;34.853767677413295
3041;10.626918930459407;2.0110627025210364;254.09500000000003;36.154709316709116
3042;10.534736695354766;2.0110627025210364;276.945;37.54309398519042
3043;10.598383704738325;2.0110627025210364;296.975;38.870875156290495
3044;10.626884161226432;1.7809441983878354;319.20500000000004;38.866988068774866
3045;10.534756372135352;0.08961904957807211;333.0675;28.3367855804943
3046;10.59840219206108;1.7761709462309359;331.4975;28.333951901936253
3047;10.626849443613382;2.0110627025210364;336.1675;29.635611535313345
3048;10.53477603196086;2.0110627025210364;337.37;31.024610743796995
3049;10.598420638059507;2.0110627025210364;323.5525;32.353008676566084
3050;10.626814777499588;2.0110627025210364;336.48;33.654299337073816
3051;10.534795674852553;2.0110627025210364;344.5525;35.04287801603018
3052;10.5984390428526;2.0110627025210364;344.59749999999997;36.37085663751861
3053;10.626780162764755;2.0110627025210364;338.9525;37.67177839722834
3054;10.534815300831673;2.0110627025210364;318.09;39.05993668359853
3055;10.598457406558914;1.7761801995490387;303.4675;39.05603068993017
3056;10.626745599288995;0.10503539155827439;282.775;28.525809297387493
3057;10.534834909919446;1.7655177970462967;228.0225;28.522956716457756
3058;10.59847572929656;2.0110627025210364;161.1275;29.85155247795438
3059;10.626711086952803;2.0110627025210364;127.0525;31.153191790101424
3060;10.534854502137069;2.0110627025210364;114.1225;32.5419646938922
3061;10.598494011183206;2.0110627025210364;134.0375;33.87014118679876
3062;10.62667662563705;2.0110627025210364;162.7675;35.17141137832488
3063;10.534874077505721;2.0110627025210364;176.23250000000002;36.55976386355661
3064;10.598512252336088;2.0110627025210364;208.345;37.88752124745098
3065;10.62664221522299;2.0110627025210364;244.54;39.188422390864396
3066;10.53489363604656;2.0110627025210364;280.3425;40.57635459438108
3067;10.598530452872003;2.0110627025210364;309.40250000000003;41.90369302869324
3068;10.626607855592269;0.10501230729069164;325.15;31.37318686991669
3069;10.534913177780716;0.08964532841015017;333.26;20.843733761756017
3070;10.598548612907312;0.10030989925529965;340.4325;10.315333598906157
3071;10.626573546626899;2.0110627025210364;348.83500000000004;11.619057196250713
3072;10.534932702729296;2.0110627025210364;350.2325;13.009709222938257
3073;10.598566732557948;2.0110627025210364;358.7525;14.339769856085912
3074;10.626539288209289;2.0110627025210364;361.0425;15.643123555301479
3075;10.534952210913398;2.0110627025210364;360.96500000000003;17.03335464257822
3076;10.598584811939414;2.0110627025210364;355.2425;18.36299573577152
3077;10.6265050802222;2.0110627025210364;354.645;19.665979609986852
3078;10.534971702354081;2.0110627025210364;333.115;21.055789894789477
3079;10.598602851166781;0.10031898896702204;297.095;10.527368526326315
3080;10.62647092254879;0.10498935887931814;250.7825;0.0
3081;10.534991177072392;2.0110627025210364;180.805;1.3917583817812276
3082;10.598620850354697;2.0110627025210364;127.5;2.722929398106087
3083;10.626436815072577;2.0110627025210364;101.3825;4.027542130847329
3084;10.535010635089343;2.0110627025210364;95.73;5.4188792732993685
3085;10.598638809617384;3.4285714285714284;98.55250000000001;6.7496305162355235
3086;10.62640275767746;3.4285714285714284;100.6825;8.053872933390315
3087;10.535030076425937;3.4285714285714284;104.27250000000001;9.444788973492336
3088;10.598656729068649;2.0110627025210364;117.0575;10.77512060197977
3089;10.626368750247696;2.0110627025210364;160.15;12.078992777184261
3090;10.535049501103153;2.0110627025210364;242.94;13.469487851858549
3091;10.598674608821868;2.0110627025210364;287.5625;14.799400024692588
3092;10.62633479266793;1.780852130503007;310.66999999999996;14.79792008469012
3093;10.535068909141938;0.08967142720449732;322.4525;4.270124503207967
3094;10.598692448990002;1.096444764473358;328.705;0.0
3095;10.626300884823156;2.0110627025210364;327.7125;1.305014159418002
3096;10.535088300563217;2.0110627025210364;330.9125;2.6965497724670042
3097;10.598710249685602;2.0110627025210364;327.67;4.027505380288435
3098;10.626267026598745;2.0110627025210364;326.61;5.332148954481599
3099;10.535107675387904;2.0110627025210364;323.23;6.723263447967642
3100;10.598728011020794;2.0110627025210364;336.04;8.053799511153091
3101;10.626233217880426;2.0110627025210364;338.0325;9.358072574215571
3102;10.53512703363688;2.0110627025210364;330.1725;10.748766085003114
3103;10.598745733107306;2.0110627025210364;274.6275;12.078882761942673
3104;10.626199458554302;2.0110627025210364;184.1625;13.382785388039892
3105;10.535146375331001;2.0110627025210364;112.22749999999999;14.773058052936637
3106;10.598763416056446;2.0110627025210364;88.6525;16.10275550187772
3107;10.626165748506821;3.4285714285714284;83.16;17.406287765246052
3108;10.535165700491104;3.4285714285714284;81.35249999999999;18.79613972100298
3109;10.59878105997911;3.4285714285714284;80.81;20.125418100050723
3110;10.626132087624807;3.4285714285714284;83.73;21.428580074997154
3111;10.535185009138004;3.4285714285714284;86.16250000000001;22.81801145830855
3112;10.598798664985795;3.4285714285714284;89.64750000000001;24.146870925426214
3113;10.626098475795434;3.4285714285714284;106.64500000000001;25.449662686328008
3114;10.535204301292493;2.0110627025210364;173.51;26.838673633831505
3115;10.598816231186584;2.0110627025210364;226.525;28.167114346840865
3116;10.62606491290623;1.7808069017427637;243.6575;28.164297635406182
3117;10.535223576975334;0.08969734776374919;241.2225;17.63516541616896
3118;10.598833758691173;0.1003576864261917;239.385;7.107086110153661
3119;10.626031398845088;2.0110627025210364;234.4875;8.411645572639813
3120;10.535242836207273;2.0110627025210364;227.6525;9.802323713685642
3121;10.598851247608833;2.0110627025210364;220.47750000000002;11.132434796085882
3122;10.625997933500251;2.0110627025210364;217.445;12.436623515781035
3123;10.535262079009021;2.0110627025210364;216.23250000000002;13.826880878370886
3124;10.598868698048458;2.0110627025210364;219.3375;15.156572927137015
3125;10.625964516760316;2.0110627025210364;217.78;16.460390978922
3126;10.535281305401284;2.0110627025210364;207.4375;17.850227699692887
3127;10.598886110118526;2.0110627025210364;173.4875;19.179500872310317
3128;10.62593114851423;2.0110627025210364;113.0375;20.48294833113457
3129;10.535300515404737;2.0110627025210364;90.92;21.872364546666955
3130;10.598903483927135;3.4285714285714284;80.885;23.201219000481508
3131;10.625897828651286;3.4285714285714284;74.72749999999999;24.504295941362738
3132;10.535319709040017;3.4285714285714284;72.1125;25.893291788180584
3133;10.59892081958198;3.4285714285714284;72.97;27.221727680398885
3134;10.625864557061133;3.4285714285714284;75.3375;28.52443417842277
3135;10.535338886327763;3.4285714285714284;78.97;29.913009792993552
3136;10.598938117190368;3.4285714285714284;86.1875;31.241027280683404
3137;10.625831333633764;3.4285714285714284;98.92750000000001;32.543363411003256
3138;10.535358047288563;3.4285714285714284;137.19;33.93151892973802
3139;10.598955376859207;2.0110627025210364;188.9375;35.2591181698288
3140;10.625798158259524;1.7807621967160374;203.46;35.25559225801182
3141;10.535377191943004;1.7656086773089488;191.08249999999998;35.252066698786024
3142;10.598972598695024;2.0110627025210364;177.745;36.579517523355875
3143;10.625765030829085;2.0110627025210364;171.4675;37.881382792315904
3144;10.535396320311639;2.0110627025210364;175.5625;39.268968149740616
3145;10.598989782803956;2.0110627025210364;178.9375;40.596000959261886
3146;10.625731951233481;2.0110627025210364;183.2025;41.89749600549415
3147;10.535415432414998;2.0110627025210364;189.3075;43.28466159509935
3148;10.599006929291761;2.0110627025210364;198.9875;44.61127654611267
3149;10.625698919364076;2.0110627025210364;202.3875;45.91240144506219
3150;10.535434528273582;2.0110627025210364;196.9475;47.29914740305778
3151;10.599024038263801;0.1003895751054887;180.45;36.76810169884379
3152;10.625665935112584;0.10485445219523878;152.0125;26.238109099200223
3153;10.535453607907879;2.0110627025210364;109.515;27.626804360777818
3154;10.599041109825064;2.0110627025210364;78.26;28.95495262600793
3155;10.62563299837105;2.0110627025210364;71.575;30.257705782292835
3156;10.535472671338344;3.4285714285714284;72.0675;31.64598097394318
3157;10.599058144080166;3.4285714285714284;72.6925;32.97371113896963
3158;10.625600109031852;3.4285714285714284;73.4575;34.27609366427547
3159;10.53549171858541;3.4285714285714284;76.2625;35.66394892225291
3160;10.599075141133325;3.4285714285714284;85.92;36.99126114328402
3161;10.625567266987721;3.4285714285714284;128.055;38.293273113531356
3162;10.535510749669497;2.0110627025210364;196.81;39.680708574033986
3163;10.599092101088393;2.0110627025210364;248.37;41.007603007142606
3164;10.62553447213171;0.10483242050377217;275.2925;30.477186457368205
3165;10.535529764610981;0.08974866130825118;275.845;19.94782294924879
3166;10.599109024048861;1.7762894031849006;273.0325;19.945828166953863
3167;10.62550172435721;2.0110627025210364;268.61;21.249606945997815
3168;10.535548763430228;2.0110627025210364;277.4875;22.638710660044502
3169;10.599125910117815;2.0110627025210364;285.15999999999997;23.967277174366576
3170;10.625469023557937;2.0110627025210364;305.6375;25.2706848742691
3171;10.535567746147573;2.0110627025210364;322.17;26.65936844694148
3172;10.599142759397994;2.0110627025210364;328.6775;27.98751688866869
3173;10.625436369627952;2.0110627025210364;334.2425;29.29055358583327
3174;10.535586712783333;2.0110627025210364;314.48;30.67881715333052
3175;10.59915957199176;0.1004122890075915;292.145;20.149433482141504
3176;10.625403762461628;1.2486709969171288;257.4575;16.805743965756296
3177;10.535605663357797;2.0110627025210364;182.57750000000001;18.19523801116981
3178;10.599176348001103;2.0110627025210364;116.7175;19.524200956767643
3179;10.625371201953689;2.0110627025210364;99.2625;20.82814589481596
3180;10.535624597891225;3.4285714285714284;98.20750000000001;22.217219712229817
3181;10.599193087527656;3.4285714285714284;97.9875;23.545764557107322
3182;10.625338687999161;3.4285714285714284;100.6925;24.849338227052407
3183;10.535643516403866;3.4285714285714284;107.8;26.23799195264603
3184;10.59920979067268;3.4285714285714284;119.6625;27.56611885231172
3185;10.62530622049341;2.0110627025210364;181.65;28.86932133095775
3186;10.535662418915924;2.0110627025210364;253.5525;30.25755510085453
3187;10.59922645753707;2.0110627025210364;300.545;31.58526421068423
3188;10.625273799332124;0.10478873472503812;322.1575;21.055789894789477
3189;10.5356813054476;0.08977405781862059;329.5825;10.527368526326315
3190;10.599243088221362;0.10042628537212538;334.0;0.0
3191;10.625241424411316;2.0110627025210364;338.35249999999996;1.30602064680925
3192;10.535700176019063;2.0110627025210364;335.41999999999996;2.6969748775264595
3193;10.599259682825737;2.0110627025210364;342.7425;4.027408481354256
3194;10.62520909562732;2.0110627025210364;350.5875;5.333057099660168
3195;10.53571903065045;2.0110627025210364;353.34749999999997;6.723590714832276
3196;10.599276241450005;2.0110627025210364;347.90999999999997;8.053605926383288
3197;10.625176812876783;2.0110627025210364;333.865;9.358882593557706
3198;10.535737869361881;2.0110627025210364;306.9825;10.748995729404562
3199;10.599292764193633;0.8548019086646309;276.27;4.959821342701899
3200;10.625144576056682;1.7806526638167735;216.9025;4.959325360567629
3201;10.535756692173452;2.0110627025210364;137.3075;6.349860570466793
3202;10.599309251155724;2.0110627025210364;101.01;7.679881795811809
3203;10.625112385064307;2.0110627025210364;94.9375;8.985257041821136
3204;10.535775499105226;3.4285714285714284;93.28;10.37537179196699
3205;10.599325702435035;3.4285714285714284;96.7175;11.70497483747451
3206;10.625080239797262;3.4285714285714284;98.705;13.009978112183363
3207;10.535794290177256;3.4285714285714284;99.275;14.39967253870375
3208;10.599342118129952;3.4285714285714284;103.9;15.728857559226427
3209;10.625048140153476;3.4285714285714284;114.9125;17.033488940324702
3210;10.535813065409556;2.0110627025210364;183.3675;18.42276317929159
3211;10.599358498338532;2.0110627025210364;241.5975;19.751530329552054
3212;10.625016086031179;2.0110627025210364;267.1125;21.055789894789477
3213;10.53583182482212;0.08979928314362924;268.495;10.527368526326315
3214;10.599374843158474;0.10044836599211689;258.5575;0.0
3215;10.624984077328927;2.0110627025210364;245.8;1.3062651265375196
3216;10.535850568434926;2.0110627025210364;250.1425;2.6970764600116865
3217;10.599391152687128;2.0110627025210364;250.3575;4.027385157312914
3218;10.624952113945575;2.0110627025210364;265.4175;5.333277910548886
3219;10.535869296267915;2.0110627025210364;267.36;6.723668751303312
3220;10.5994074270215;2.0110627025210364;260.7925;8.053559328757757
3221;10.624920195780302;2.0110627025210364;265.455;9.359079786833595
3222;10.535888008341004;2.0110627025210364;259.7425;10.749050270930958
3223;10.599423666258248;1.7763421336192287;245.78;10.747975365903866
3224;10.624888322732584;1.780609718691566;205.175;10.746900568367275
3225;10.535906704674101;2.0110627025210364;128.5575;12.136714508870043
3226;10.599439870493695;2.0110627025210364;101.7675;13.466032960450145
3227;10.624856494702218;2.0110627025210364;98.2;14.771072687186994
3228;10.535925385287065;3.4285714285714284;95.67;16.160466463895563
3229;10.599456039823812;3.4285714285714284;95.0475;17.48936717941655
3230;10.624824711589294;3.4285714285714284;93.08;18.794034766688778
3231;10.535944050199747;3.4285714285714284;92.7775;20.18300851552235
3232;10.599472174344234;3.4285714285714284;97.21000000000001;21.511491649043773
3233;10.62479297329422;3.4285714285714284;107.035;22.81578717524936
3234;10.53596269943197;2.0110627025210364;163.495;24.20434103207146
3235;10.599488274150264;2.0110627025210364;233.65;25.532406737525502
3236;10.6247612797177;2.0110627025210364;266.925;26.836330281119935
3237;10.535981333003534;0.08982433900424283;278.955;16.307330858618137
3238;10.599504339336859;0.621698016808088;283.995;9.05324147428043
3239;10.624729630760745;2.0110627025210364;275.3325;10.358843000910294
3240;10.535999950934205;2.0110627025210364;280.2125;11.74860716322271
3241;10.599520369998643;2.0110627025210364;285.245;13.077887951007677
3242;10.624698026324667;2.0110627025210364;290.6975;14.383117037204142
3243;10.536018553243732;2.0110627025210364;292.225;15.772461099918877
3244;10.599536366229914;2.0110627025210364;291.015;17.101324305890465
3245;10.624666466311076;2.0110627025210364;288.9925;18.406181030464353
3246;10.53603713995184;2.0110627025210364;273.45;19.79510512940706
3247;10.599552328124616;1.7763636958759528;251.9;19.79312561889412
3248;10.624634950621896;1.7805672564247608;209.69;19.79114630633223
3249;10.536055711078221;2.0110627025210364;144.2;21.17991426617729
3250;10.599568255776388;2.0110627025210364;87.1325;22.5082064317631
3251;10.624603479159331;2.0110627025210364;83.0125;23.812582305918557
3252;10.536074266642553;3.4285714285714284;84.36749999999999;25.20093049437754
3253;10.599584149278524;3.4285714285714284;82.5575;26.528805459513507
3254;10.624572051825892;3.4285714285714284;83.755;27.832809129732958
3255;10.536092806664476;3.4285714285714284;87.465;29.220737682488735
3256;10.599600008723986;3.4285714285714284;104.47;30.5481956004327
3257;10.624540668524384;2.0110627025210364;142.115;31.851827145774493
3258;10.536111331163621;2.0110627025210364;193.2075;33.239336198454474
3259;10.599615834205425;2.0110627025210364;235.0125;34.566377222339476
3260;10.624509329157911;2.0110627025210364;264.03000000000003;35.86963672191723
3261;10.536129840159576;0.08984922710445742;275.7875;25.33973396877136
3262;10.599631625815155;0.10049139982740901;284.92;14.810884205900798
3263;10.624478033629867;1.7805409589322556;285.7675;14.809403117480208
3264;10.53614833367192;2.0110627025210364;285.1875;16.198581260180138
3265;10.599647383645165;2.0110627025210364;271.1925;17.527296387591214
3266;10.624446781843936;2.0110627025210364;272.675;18.832319215200716
3267;10.5361668117202;2.0110627025210364;275.53;20.221077512145005
3268;10.599663107787126;2.0110627025210364;270.105;21.54937545199602
3269;10.624415573704105;2.0110627025210364;258.2125;22.85402571943192
3270;10.536185274323934;2.0110627025210364;237.645;24.24236430625224
3271;10.59967879833239;2.0110627025210364;197.605;25.570245211405847
3272;10.624384409114636;2.0110627025210364;138.42499999999998;26.8745229982258
3273;10.536203721502618;2.0110627025210364;86.06;28.262442010498493
3274;10.599694455371978;2.0110627025210364;75.2;29.589906033694064
3275;10.624353287980096;3.4285714285714284;71.735;30.893811419509603
3276;10.536222153275727;3.4285714285714284;72.0875;32.281310992755714
3277;10.599710078996607;3.4285714285714284;74.4975;33.60835828660966
3278;10.624322210205328;3.4285714285714284;76.8;34.911891351085934
3279;10.536240569662708;3.4285714285714284;79.24000000000001;36.29897162077125
3280;10.599725669296667;3.4285714285714284;84.19749999999999;37.62560233777734
3281;10.624291175695467;3.4285714285714284;94.2125;38.92876316063287
3282;10.53625897068298;2.0110627025210364;154.465;40.31542426216797
3283;10.599741226362239;2.0110627025210364;202.64000000000001;41.64163855469763
3284;10.62426018435594;2.0110627025210364;234.525;42.94442721570402
3285;10.536277356355939;1.7657595345653645;247.7525;42.940132772982444
3286;10.599756750283083;0.1005123692566276;264.08;32.409522970231464
3287;10.624229236092454;0.10461367787739434;265.01250000000005;21.879966228460763
3288;10.536295726700958;2.0110627025210364;270.495;23.268297291472006
3289;10.599772241148646;2.0110627025210364;267.3575;24.596186832651647
3290;10.62419833081099;2.0110627025210364;270.63750000000005;25.90073879969794
3291;10.536314081737382;2.0110627025210364;267.4575;27.288650348167458
3292;10.599787699048072;2.0110627025210364;256.43;28.616123169036975
3293;10.624167468417832;2.0110627025210364;243.0475;29.920302461723132
3294;10.53633242148453;2.0110627025210364;217.0325;31.307794631066656
3295;10.599803124070187;2.0110627025210364;193.49;32.634850883736874
3296;10.62413664881953;2.0110627025210364;143.98250000000002;33.93865758226995
3297;10.536350745961697;2.0110627025210364;96.3625;35.32573050784811
3298;10.599818516303515;2.0110627025210364;83.9325;36.652370344308984
3299;10.62410587192292;2.0110627025210364;79.4975;37.95580452894778
3300;10.536369055188157;3.4285714285714284;79.025;39.34245834606614
3301;10.599833875836255;3.4285714285714284;78.3275;40.66868191818709
3302;10.624075137635117;3.4285714285714284;80.1675;41.97174366924191
3303;10.53638734918315;3.4285714285714284;85.06;43.357978513151
3304;10.599849202756328;3.4285714285714284;89.5225;44.68378597268117
3305;10.624044445863522;3.4285714285714284;109.525;45.98647537051356
3306;10.536405627965902;2.0110627025210364;185.2725;47.3722913764089
3307;10.599864497151325;2.0110627025210364;268.02250000000004;48.69768287497751
3308;10.624013796515799;2.0110627025210364;310.5475;50.0
3309;10.536423891555602;1.765784092188252;321.97249999999997;49.995
3310;10.599879759108545;0.27977365466844945;329.2725;40.58950375021512
3311;10.623983189499896;1.78045802871781;340.8225;40.585444799840104
3312;10.536442139971417;2.0110627025210364;345.53;41.971766222387274
3313;10.599894988714983;2.0110627025210364;360.075;43.297668806485795
3314;10.62395262472404;2.0110627025210364;363.605;44.60058404611731
3315;10.536460373232494;2.0110627025210364;364.96500000000003;45.98648663314183
3316;10.59991018605733;2.0110627025210364;358.0525;47.31197330772405
3317;10.623922102096728;2.0110627025210364;341.8425;48.6145161134014
3318;10.536478591357955;2.0110627025210364;312.88;50.0
3319;10.599925351221986;1.1043441859185297;291.1675;45.77362135319001
3320;10.62389162152673;0.10455709753898129;257.955;35.242728201581
3321;10.53649679436689;2.0110627025210364;208.08;36.6295319741123
3322;10.599940484295036;2.0110627025210364;153.32;37.9559255608346
3323;10.62386118292309;2.0110627025210364;117.3225;39.25946184450159
3324;10.536514982278364;2.0110627025210364;111.47;40.64584666515269
3325;10.599955585362293;2.0110627025210364;113.0325;41.97182427439199
3326;10.62383078619512;2.0110627025210364;124.8925;43.27498784507919
3327;10.536533155111425;2.0110627025210364;148.945;44.66095384893883
3328;10.599970654509242;2.0110627025210364;180.8675;45.98651563177016
3329;10.623800431252405;2.0110627025210364;242.32250000000002;47.2893065705172
3330;10.536551312885086;2.0110627025210364;300.8425;48.67485389261931
3331;10.599985691821107;2.0110627025210364;351.96;50.0
3332;10.6237701180048;0.1045367349388831;375.29;39.46868421052631
3333;10.536569455618338;0.08992290162550465;381.62;28.938421552631574
3334;10.600000697382791;0.10055325199942854;387.3725;18.40921192100263
3335;10.623739846362426;1.78041724719217;397.88;18.407370999810528
3336;10.536587583330151;2.0110627025210364;408.8925;19.795772058546902
3337;10.600015671278916;2.0110627025210364;420.4375;21.123777593626077
3338;10.623709616235672;2.0110627025210364;427.0125;22.429141080442825
3339;10.536605696039466;2.0110627025210364;425.7875;23.817122755097287
3340;10.600030613593823;2.0110627025210364;421.7275;25.144711959907646
3341;10.623679427535192;2.0110627025210364;409.1425;26.449702032553223
3342;10.536623793765196;1.9231239602159282;370.5775;27.33877096972018
3343;10.600045524411545;0.10056076449656118;334.8825;16.809721303149523
3344;10.623649280171904;1.7804020693348477;276.435;16.808040331019207
3345;10.536641876526236;2.0110627025210364;194.76999999999998;18.196549744286184
3346;10.600060403815835;2.0110627025210364;129.1075;19.52467270568671
3347;10.623619174056993;2.0110627025210364;114.9975;20.830282023061997
3348;10.536659944341448;2.0110627025210364;118.0425;22.218372047735315
3349;10.60007525189016;2.0110627025210364;114.9225;23.546078721234892
3350;10.623589109101909;2.0110627025210364;116.27250000000001;24.851314459715955
3351;10.53667799722967;2.0110627025210364;118.9725;26.238985230901797
3352;10.600090068717707;2.0110627025210364;144.9275;27.566275767096887
3353;10.623559085218357;2.0110627025210364;201.97750000000002;28.87113800856274
3354;10.536696035209717;2.0110627025210364;269.2875;30.258389661312652
3355;10.60010485438136;2.0110627025210364;300.755;31.58526421068423
3356;10.623529102318304;0.1044963434673971;319.6775;21.055789894789477
3357;10.536714058300387;0.08994713538055073;328.46000000000004;10.527368526326315
3358;10.600119608963738;0.10057318021987346;331.47;-0.0
3359;10.623499160313992;1.7803769109642515;335.6625;0.0
3360;10.53673206652043;1.7658357387863868;335.2075;0.0
3361;10.600134332547169;1.7764612331581944;323.8875;0.0
3362;10.623469259117899;2.0110627025210364;320.895;1.3077042038379962
3363;10.536750059888595;2.0110627025210364;317.0825;2.6976608765234475
3364;10.600149025213693;2.0110627025210364;320.41499999999996;4.027249536482787
3365;10.623439398642773;2.0110627025210364;312.0625;5.334579382818504
3366;10.53676803842359;2.0110627025210364;288.6025;6.724116288377811
3367;10.600163687045091;1.7764661526361878;267.81;6.7234438767489735
3368;10.623409578801622;1.7803618981277212;223.51;6.722771532361299
3369;10.536786002144098;1.7658447777798112;172.48;6.722099255208063
3370;10.600178318122849;2.0110627025210364;142.8575;8.051257643065837
3371;10.623379799507706;2.0110627025210364;131.73000000000002;9.358241707769208
3372;10.536803951068796;2.0110627025210364;122.2775;10.747342130083076
3373;10.60019291852817;3.4285714285714284;123.17;12.076084123268306
3374;10.623350060674541;3.4285714285714284;131.41;13.382693957215166
3375;10.536821885216304;3.4285714285714284;137.4725;14.771374896863955
3376;10.600207488342003;3.4285714285714284;148.055;16.099700645449367
3377;10.62332036221589;2.0110627025210364;164.4125;17.405936331279726
3378;10.53683980460524;2.0110627025210364;208.81;18.79419792327162
3379;10.600222027644998;2.0110627025210364;237.98000000000002;20.122107577216546
3380;10.623290704045786;2.0110627025210364;248.3;21.427969197615326
3381;10.536857709254198;1.7658567950710302;249.4725;21.425826400695566
3382;10.600236536517539;1.776478361374266;259.40999999999997;21.423683818055498
3383;10.6232610860785;2.0110627025210364;245.8425;22.72944341789912
3384;10.536875599181728;2.0110627025210364;257.7625;24.11713865433469
3385;10.600251015039747;2.0110627025210364;261.48;25.444488476181494
3386;10.623231508228558;2.0110627025210364;258.24;26.749874094516745
3387;10.536893474406368;2.0110627025210364;258.335;28.137150306421244
3388;10.600265463291459;2.0110627025210364;256.2425;29.46408440126372
3389;10.62320197041074;2.0110627025210364;257.95;30.769096120933387
3390;10.53691133494663;2.0110627025210364;258.4525;32.155953443121994
3391;10.60027988135225;1.7764856254726356;245.1225;32.15273784777768
3392;10.623172472540068;1.7803221618311258;219.85;32.149522573992904
3393;10.536929180821;2.0110627025210364;201.6325;33.536224899955556
3394;10.600294269301415;2.0110627025210364;182.10250000000002;34.862591721629215
3395;10.623143014531824;2.0110627025210364;155.925;36.16711959865182
3396;10.536947012047934;2.0110627025210364;114.0075;37.55340322524642
3397;10.600308627217993;3.4285714285714284;102.31;38.8793546890668
3398;10.623113596301529;3.4285714285714284;99.0425;40.18350883711145
3399;10.53696482864587;3.4285714285714284;96.9975;41.56937389901416
3400;10.60032295518074;3.4285714285714284;99.81;42.894910154202556
3401;10.623084217764948;3.4285714285714284;114.2875;44.19869065631043
3402;10.53698263063321;3.4285714285714284;144.98000000000002;45.58413728814325
3403;10.600337253268165;2.0110627025210364;196.1975;46.90925848380968
3404;10.6230548788381;1.7803024544721193;234.865;46.9045675579613
3405;10.537000418028343;1.765880711428781;243.445;46.899877101205504
3406;10.600351521558494;0.10061204611733676;252.385;36.3688713240217
3407;10.623025579437247;0.9628641132154236;259.0475;31.23089680280819
3408;10.537018190849624;2.0110627025210364;263.195;32.61760643182077
3409;10.600365760129703;2.0110627025210364;264.76250000000005;33.943997199054365
3410;10.62299631947889;2.0110627025210364;256.605;35.248756295829516
3411;10.537035949115388;2.0110627025210364;245.76999999999998;36.63504726854032
3412;10.6003799690595;2.0110627025210364;249.9375;37.96102279320694
3413;10.622967098879778;2.0110627025210364;263.445;39.265407946991836
3414;10.53705369284394;1.7658896396783335;250.0675;39.261481406197134
3415;10.60039414842533;0.1006191898925051;242.9525;28.73123946858283
3416;10.622937917556902;0.1043972676654008;208.6475;18.20205055516229
3417;10.537071422053565;1.7658926108910185;139.9075;18.200230350106775
3418;10.600408298304375;2.0110627025210364;110.775;19.52802244368261
3419;10.622908775427488;2.0110627025210364;99.8875;20.834306304782128
3420;10.537089136762518;2.0110627025210364;95.16;22.221988194227258
3421;10.600422418773558;2.0110627025210364;91.845;23.54936469757296
3422;10.622879672409017;2.0110627025210364;92.2675;24.855274072314636
3423;10.53710683698903;2.0110627025210364;93.69500000000001;26.242537049767826
3424;10.600436509909555;2.0110627025210364;102.72;27.569498111648773
3425;10.62285060841919;2.0110627025210364;129.6925;28.875033083839377
3426;10.537124522751304;2.0110627025210364;180.1225;30.261877283917254
3427;10.600450571788771;2.0110627025210364;235.8175;31.58842305298953
3428;10.622821583375957;1.780263356821904;268.725;31.58526421068423
3429;10.537142194067526;0.09001888603662646;273.695;21.055789894789477
3430;10.600464604487362;0.10063099752238162;279.66499999999996;10.527368526326315
3431;10.622792597197515;0.10437291363584414;269.365;0.0
3432;10.537159850955842;1.7659074305632847;250.13;-0.0
3433;10.600478608081223;1.7765189297986883;235.95749999999998;-0.0
3434;10.622763649802275;2.0110627025210364;222.9125;1.3083745326878387
3435;10.537177493434399;2.0110627025210364;207.865;2.6979250764718907
3436;10.600492582645995;2.0110627025210364;204.8375;4.027187330450548
3437;10.622734741108905;2.0110627025210364;210.66;5.335186607664044
3438;10.537195121521286;2.0110627025210364;198.7625;6.724317723558055
3439;10.600506528257075;2.0110627025210364;161.72750000000002;8.053164089941479
3440;10.622705871036297;2.0110627025210364;108.2875;9.360788196048002
3441;10.537212735234588;2.0110627025210364;83.69;10.749500018755539
3442;10.600520444989598;2.0110627025210364;73.53999999999999;12.077930646013545
3443;10.622677039503579;3.4285714285714284;71.7575;13.385179665420544
3444;10.53723033459236;3.4285714285714284;72.35;14.77347232959126
3445;10.600534332918455;3.4285714285714284;73.155;16.10148736608577
3446;10.622648246430119;3.4285714285714284;75.28;17.408361383240546
3447;10.537247919612632;3.4285714285714284;76.455;18.79623502347022
3448;10.600548192118278;3.4285714285714284;79.13499999999999;20.123834617455508
3449;10.622619491735502;3.4285714285714284;79.00999999999999;21.430333716845034
3450;10.537265490313404;2.0110627025210364;97.785;22.817788467675616
3451;10.600562022663464;2.0110627025210364;136.51749999999998;24.144972767298558
3452;10.62259077533956;1.3885220461606278;149.54500000000002;21.682255721047422
3453;10.537283046712659;0.09004249132839136;147.3725;11.153771706001633
3454;10.600575824628146;1.7765352221796535;136.355;11.152656328831034
3455;10.622562097162355;2.0110627025210364;128.07;12.460107070893914
3456;10.537300588828343;2.0110627025210364;116.03999999999999;13.8484255007999
3457;10.600589598086223;2.0110627025210364;114.7775;15.176480540067908
3458;10.622533457124167;2.0110627025210364;116.65;16.483556107745944
3459;10.53731811667839;2.0110627025210364;108.71;17.871455541290697
3460;10.600603343111342;2.0110627025210364;106.12;19.199095219780794
3461;10.622504855145515;2.0110627025210364;104.1175;20.505795697870578
3462;10.537335630280705;2.0110627025210364;95.3025;21.893276269534123
3463;10.6006170597769;2.0110627025210364;90.7325;23.220500735119114
3464;10.62247629114714;2.0110627025210364;88.165;24.526826208455816
3465;10.537353129653159;2.0110627025210364;92.6725;25.91388805266447
3466;10.600630748156064;2.0110627025210364;98.745;27.24069745311094
3467;10.622447765050023;3.4285714285714284;91.8275;28.546648006568105
3468;10.53737061481361;3.4285714285714284;89.91;29.933291257694517
3469;10.600644408321749;3.4285714285714284;87.375;31.259685740663087
3470;10.622419276775346;3.4285714285714284;87.8875;32.565261459152445
3471;10.537388085779883;3.4285714285714284;88.075;33.95148625151564
3472;10.600658040346623;3.4285714285714284;90.14750000000001;35.277465964561195
3473;10.62239082624455;3.4285714285714284;86.9;36.58266693303242
3474;10.537405542569784;2.0110627025210364;105.01;37.96847340089783
3475;10.600671644303128;2.0110627025210364;150.19;39.29403849146976
3476;10.622362413379276;2.0110627025210364;189.185;40.5988647949103
3477;10.537422985201081;1.7659515288521477;206.785;40.59480490843081
3478;10.600685220263456;1.776553555636486;216.3;40.590745427939964
3479;10.622334038101396;1.7801816498121157;213.5075;40.58668635339717
3480;10.53744041369153;2.0110627025210364;202.4525;41.97205929175488
3481;10.600698768299557;2.0110627025210364;202.885;43.297198255941126
3482;10.62230570033301;2.0110627025210364;202.6575;44.60167812079918
3483;10.537457828058857;2.0110627025210364;194.3975;45.98663301633119
3484;10.60071228848315;2.0110627025210364;194.75;47.31135767897056
3485;10.622277399996436;2.0110627025210364;203.05;48.61546301320605
3486;10.53747522832077;2.0110627025210364;210.24;50.0
3487;10.600725780885718;1.7455408897696372;201.775;49.80016529898128
3488;10.622249137014212;0.10428183592709858;171.17000000000002;39.26886949297769
3489;10.537492614494939;0.09007761249094076;130.585;28.738626816554717
3490;10.600739245578497;2.0110627025210364;90.8175;30.065050670573488
3491;10.622220911309103;2.0110627025210364;83.67;31.370934299762784
3492;10.537509986599016;2.0110627025210364;80.6825;32.75716271906374
3493;10.600752682632505;3.4285714285714284;79.0775;34.083171954290954
3494;10.622192722804089;3.4285714285714284;79.28;35.38868055043164
3495;10.537527344650625;3.4285714285714284;83.0975;36.774490704958495
3496;10.60076609211851;3.4285714285714284;91.02250000000001;38.10008546837542
3497;10.622164571422365;2.0110627025210364;116.58;39.405219116977335
3498;10.537544688667374;2.0110627025210364;169.72250000000003;40.790611140831636
3499;10.600779474107059;2.0110627025210364;218.47750000000002;42.11579157931585
3500;10.622136457087356;0.10426295206058003;250.39;31.58526421068423
3501;10.537562018666835;0.09008924383606569;262.84000000000003;21.055789894789477
3502;10.600792828668457;0.10068600413977039;269.775;10.527368526326315
3503;10.622108379722702;0.10425824661551003;240.7825;0.0
3504;10.537579334666555;2.0110627025210364;226.3475;1.3892996320667728
3505;10.60080615587278;2.0110627025210364;200.375;2.7183948540244254
3506;10.622080339252246;2.0110627025210364;186.2575;4.0271466922493895
3507;10.537596636684068;2.0110627025210364;191.3075;5.416027172730301
3508;10.600819455789887;2.0110627025210364;198.5725;6.744707087012635
3509;10.622052335600063;2.0110627025210364;192.9;8.053082897483874
3510;10.53761392473687;2.0110627025210364;180.5725;9.441544360694097
3511;10.600832728489388;2.0110627025210364;165.2925;10.769809114193109
3512;10.622024368690441;2.0110627025210364;147.33499999999998;12.07780898302577
3513;10.537631198842437;2.0110627025210364;123.0925;13.465851563227151
3514;10.600845974040677;2.0110627025210364;109.495;14.793701302732185
3515;10.621996438447873;2.0110627025210364;94.66;16.101325316076434
3516;10.537648459018223;2.0110627025210364;85.08500000000001;17.488949147477516
3517;10.600859192512909;2.0110627025210364;83.065;18.816384019675507
3518;10.621968544797072;2.0110627025210364;84.655;20.12363226371632
3519;10.53766570528165;2.0110627025210364;92.0075;21.510837480472382
3520;10.60087238397503;2.0110627025210364;106.2875;22.837857631948058
3521;10.621940687662972;2.0110627025210364;146.955;24.14473019290504
3522;10.537682937650123;2.0110627025210364;194.05;25.531516929118133
3523;10.600885548495745;2.0110627025210364;228.48000000000002;26.858122506354263
3524;10.621912866970703;0.10422548091522568;234.7575;16.329120904629946
3525;10.537700156141012;0.09011239409624393;235.3475;5.801172203065798
3526;10.600898686143541;1.7765893300756277;227.125;5.800592085845492
3527;10.621885082645619;2.0110627025210364;200.535;7.109221198123569
3528;10.537717360771675;2.0110627025210364;171.055;8.497678783270665
3529;10.600911796986681;2.0110627025210364;160.04;9.82596280825499
3530;10.621857334613278;2.0110627025210364;159.1325;11.13421574409155
3531;10.537734551559439;2.0110627025210364;177.2825;12.522254498535675
3532;10.600924881093203;2.0110627025210364;179.9325;13.850123636047279
3533;10.621829622799451;2.0110627025210364;184.82999999999998;15.158000482024196
3534;10.537751728521595;2.0110627025210364;183.0325;16.545620539880478
3535;10.600937938530926;2.0110627025210364;185.065;17.87307493622211
3536;10.62180194713011;2.0110627025210364;186.175;19.180575778954882
3537;10.537768891675434;2.0110627025210364;179.17;20.567777274285323
3538;10.60095096936744;2.0110627025210364;166.995;21.894817075658825
3539;10.621774307531455;2.0110627025210364;145.8025;23.20194200179638
3540;10.537786041038196;2.0110627025210364;127.92750000000001;24.58872506860991
3541;10.60096397367013;2.0110627025210364;126.53;25.91535042111643
3542;10.621746703929874;2.0110627025210364;140.5025;27.222099517340936
3543;10.537803176627115;2.0110627025210364;150.9975;28.608464289593442
3544;10.600976951506146;2.0110627025210364;161.87;29.934675339233646
3545;10.621719136251963;2.0110627025210364;176.13;31.241048692260357
3546;10.53782029845939;2.0110627025210364;188.545;32.62699530385471
3547;10.600989902942429;2.0110627025210364;208.1125;33.95279219652902
3548;10.621691604424543;1.4036824723950252;224.0775;31.58526421068423
3549;10.537837406552198;0.09013539569481402;238.8125;21.055789894789477
3550;10.601002828045694;0.10072119763269652;244.8425;10.527368526326315
3551;10.621664108374619;0.10418379182068258;245.125;-0.0
3552;10.537854500922691;1.7660238459499211;237.125;0.0
3553;10.601015726882453;1.776608944764353;230.82;0.0
3554;10.62163664802941;1.780064775215209;231.845;0.0
3555;10.537871581587996;1.7660267084739987;236.76999999999998;-0.0
3556;10.601028599518989;1.7766111020709545;245.5675;-0.0
3557;10.621609223316344;1.7800601791470778;249.85;-0.0
3558;10.537888648565222;1.8422648763770773;240.45;0.43215087544627634
3559;10.601041446021373;2.0110627025210364;204.585;1.7611182866384272
3560;10.621581834163038;2.0110627025210364;160.29500000000002;3.070439432354877
3561;10.537905701871436;2.0110627025210364;108.345;4.4591219716337775
3562;10.601054266455469;2.0110627025210364;89.1575;5.787674506303919
3563;10.621554480497323;2.0110627025210364;79.365;7.096618982380831
3564;10.5379227415237;2.0110627025210364;78.89;8.484882716035079
3565;10.60106706088692;2.0110627025210364;79.94;9.8130205199209
3566;10.621527162247228;3.4285714285714284;82.275;11.121588413734043
3567;10.537939767539044;3.4285714285714284;84.67;12.50943347573058
3568;10.601079829381161;3.4285714285714284;95.6725;13.837156694470904
3569;10.621499879340988;3.4285714285714284;109.4975;15.14534809342752
3570;10.53795677993446;2.0110627025210364;123.215;16.53277461768044
3571;10.601092572003413;2.0110627025210364;150.4425;17.860083396815433
3572;10.621472631707029;2.0110627025210364;172.99;19.167898388354075
3573;10.53797377872694;2.0110627025210364;184.365;20.55490650872465
3574;10.601105288818683;2.0110627025210364;191.5075;21.88180099369603
3575;10.62144541927398;2.0110627025210364;168.64249999999998;23.189239665286376
3576;10.537990763933434;2.0110627025210364;144.33249999999998;24.575829515583084
3577;10.601117979891777;2.0110627025210364;137.695;25.90230985173434
3578;10.621418241970675;2.0110627025210364;141.0025;27.209372290877024
3579;10.538007735570872;2.0110627025210364;141.6975;28.595544004855608
3580;10.601130645287288;2.0110627025210364;140.7;29.9216103374322
3581;10.621391099726138;2.0110627025210364;139.4875;31.228296631658626
3582;10.538024693656162;2.0110627025210364;142.85000000000002;32.61405034302211
3583;10.601143285069595;2.0110627025210364;134.185;33.93970281717169
3584;10.621363992469593;2.0110627025210364;98.3775;35.246013054043864
3585;10.53804163820618;2.0110627025210364;77.5775;36.631348896442596
3586;10.601155899302881;2.0110627025210364;71.63250000000001;37.956587657215216
3587;10.621336920130469;2.0110627025210364;71.315;39.262521924325554
3588;10.538058569237787;3.4285714285714284;67.5725;40.64744003135723
3589;10.601168488051108;3.4285714285714284;66.2125;41.972265223705534
3590;10.621309882638375;3.4285714285714284;68.0275;43.277823608676705
3591;10.538075486767813;3.4285714285714284;71.26249999999999;44.66232411388641
3592;10.601181051378052;3.4285714285714284;77.19;45.986735882665876
3593;10.621282879923129;3.4285714285714284;91.905;47.29191847315063
3594;10.538092390813066;2.0110627025210364;128.9125;48.6760015100309
3595;10.60119358934726;2.0110627025210364;180.7175;50.0
3596;10.621255911914735;1.7800009681985651;217.47750000000002;49.995
3597;10.538109281390323;0.09018095880703965;234.5575;39.463684710526316
3598;10.601206102022097;0.10075526402539134;245.35999999999999;28.933422552581575
3599;10.6212289785434;0.10411086903948934;254.405;18.404213420852635
3600;10.53812615851635;1.7660693726544598;265.65999999999997;18.40237299951055
3601;10.60121858946571;1.7766429422122632;272.3025;18.4005327622106
3602;10.621202079739515;2.0110627025210364;275.9525;19.708550733181838
3603;10.538143022207874;2.0110627025210364;276.09749999999997;21.09534400701104
3604;10.601231051741054;2.0110627025210364;275.5;22.422064973456337
3605;10.62117521543367;2.0110627025210364;274.2575;23.729706312297004
3606;10.538159872481613;2.0110627025210364;244.115;25.116081462808243
3607;10.601243488910871;2.0110627025210364;199.7075;26.44238854019663
3608;10.62114838555664;2.0110627025210364;134.58;27.7496533350638
3609;10.538176709354243;2.0110627025210364;106.4675;29.135610495843764
3610;10.601255901037714;2.0110627025210364;94.72;30.46150382880835
3611;10.621121590039403;3.4285714285714284;84.0875;31.768392167888038
3612;10.538193532842431;3.4285714285714284;80.535;33.15393147247094
3613;10.601268288183926;3.4285714285714284;79.605;34.47941120554896
3614;10.621094828813117;3.4285714285714284;82.6575;35.78592317705595
3615;10.538210342962808;3.4285714285714284;89.2775;37.17104475892357
3616;10.601280650411661;3.4285714285714284;98.1225;38.496111036556606
3617;10.621068101809133;3.4285714285714284;134.31;39.802246728734275
3618;10.538227139731987;2.0110627025210364;204.5975;41.186950721316016
3619;10.60129298778286;2.0110627025210364;245.385;42.51160368785017
3620;10.62104140895899;0.10407943452321143;263.0525;31.981036738007703
3621;10.538243923166556;0.09020352322823828;272.745;21.45152284486022
3622;10.601305300359282;0.10077188853173015;262.3725;10.923061903102054
3623;10.621014750194423;0.10407496681928517;250.3075;0.39565380743806067
3624;10.538260693283082;2.0110627025210364;229.17249999999999;1.7842665834383893
3625;10.60131758820248;2.0110627025210364;207.37;3.1128364479876893
3626;10.620988125447342;2.0110627025210364;177.4125;4.422586445167916
3627;10.538277450098096;2.0110627025210364;146.6125;5.810780608930207
3628;10.601329851373814;2.0110627025210364;139.6325;7.138936172064191
3629;10.620961534649853;2.0110627025210364;137.4925;8.448308820529624
3630;10.538294193628117;2.0110627025210364;134.3275;9.836084505700859
3631;10.601342089934445;2.0110627025210364;126.2525;11.163825911812566
3632;10.620934977734253;2.0110627025210364;115.0275;12.472821300373845
3633;10.538310923889638;2.0110627025210364;108.2575;13.86017864054865
3634;10.60135430394534;3.4285714285714284;99.33250000000001;15.187506033936522
3635;10.620908454633014;3.4285714285714284;91.635;16.496124251431766
3636;10.53832764089912;3.4285714285714284;88.475;17.883063380152457
3637;10.601366493467285;3.4285714285714284;84.805;19.209976905020522
3638;10.620881965278796;3.4285714285714284;84.475;20.518218040315165
3639;10.538344344673002;3.4285714285714284;85.225;21.904739091071782
3640;10.60137865856085;3.4285714285714284;87.6275;23.231238891529866
3641;10.620855509604452;3.4285714285714284;91.27250000000001;24.539103033516486
3642;10.538361035227712;3.4285714285714284;108.49000000000001;25.92520613974681
3643;10.601390799286428;2.0110627025210364;148.195;27.25129235981073
3644;10.620829087543008;2.0110627025210364;194.4075;28.558779597408893
3645;10.538377712579633;2.0110627025210364;217.6325;29.9444648924985
3646;10.60140291570422;1.776673833180877;220.035;29.94147044600925
3647;10.62080269902768;1.7799250149041101;210.79;29.938476298964652
3648;10.538394376745144;2.0110627025210364;222.5775;31.32400779342687
3649;10.601415007874236;2.0110627025210364;238.2875;32.649531135167
3650;10.620776343991864;2.0110627025210364;241.7225;33.956528655261216
3651;10.538411027740581;2.0110627025210364;251.34;35.341642526042136
3652;10.601427075856286;2.0110627025210364;260.8125;36.666752639726056
3653;10.620750022369139;2.0110627025210364;253.9025;37.9733734432114
3654;10.538427665582272;2.0110627025210364;243.85;39.358069823563916
3655;10.601439119710005;1.7766799005580198;233.07;39.35413401658156
3656;10.620723734093264;0.1040261958503791;215.3875;28.82388281370622
3657;10.538444290286511;2.0110627025210364;182.45499999999998;30.209478349652663
3658;10.601451139494829;2.0110627025210364;145.925;31.53507881929761
3659;10.620697479098183;2.0110627025210364;128.3875;32.84226270627241
3660;10.538460901869568;2.0110627025210364;120.1425;34.22744062322569
3661;10.60146313527001;2.0110627025210364;125.00999999999999;35.55262790065686
3662;10.620671257318014;2.0110627025210364;115.9425;36.859434943414676
3663;10.538477500347698;2.0110627025210364;117.64500000000001;38.24419537459002
3664;10.60147510709461;2.0110627025210364;156.63;39.56896960331268
3665;10.620645068687066;2.0110627025210364;203.4775;40.87539989109963
3666;10.538494085737122;2.0110627025210364;250.33;42.25974296966026
3667;10.601487055027517;2.0110627025210364;286.68;43.58410429308715
3668;10.620618913139806;1.7798942144920809;296.1725;43.57974588265784
3669;10.538510658054042;0.09024822494354527;306.615;33.04907211859589
3670;10.60149897912742;0.10080434687730287;312.505;22.519451421910347
3671;10.620592790610901;0.10400425122091926;317.15999999999997;11.990883687294472
3672;10.538527217314634;1.7661365855203555;324.4925;11.989684598925743
3673;10.601510879452816;1.776691926669879;329.70500000000004;11.988485630465851
3674;10.620566701035186;1.779885464340729;331.53249999999997;11.987286781902805
3675;10.538543763535053;2.0110627025210364;330.3725;13.374471477866315
3676;10.60152275606204;2.0110627025210364;323.085;14.70168741245959
3677;10.620540644347669;2.0110627025210364;305.595;16.010703631588058
3678;10.538560296731424;1.7661421292521327;275.755;16.0091025612249
3679;10.601534609013232;0.10081031803850708;238.24;5.481185861495094
3680;10.620514620483547;1.7798767362361518;176.24;5.480637742908945
3681;10.538576816919855;2.0110627025210364;105.64;6.868441703060792
3682;10.601546438364347;2.0110627025210364;82.0175;8.196285742444356
3683;10.620488629378176;2.0110627025210364;84.6575;9.506001915960844
3684;10.538593324116436;3.4285714285714284;89.02;10.893387657858636
3685;10.601558244173157;3.4285714285714284;88.14;12.22081798712835
3686;10.620462670967106;3.4285714285714284;88.015;13.530156367910887
3687;10.538609818337209;3.4285714285714284;90.3475;14.917124024853747
3688;10.60157002649726;3.4285714285714284;101.89500000000001;16.244140787278866
3689;10.62043674518604;2.0110627025210364;119.9525;17.5531014652734
3690;10.538626299598219;2.0110627025210364;177.835;18.939651170508565
3691;10.601581785394067;2.0110627025210364;212.885;20.26625450926715
3692;10.620410851970876;1.779859345820691;221.5575;20.264227883816222
3693;10.538642767915473;0.09027036504479184;219.34;9.735885671554156
3694;10.601593520920813;1.7767057764343768;213.03;9.734912082987
3695;10.620384991257675;1.8027261010649225;200.6475;9.863586671173431
3696;10.53865922330495;2.0110627025210364;179.0375;11.250874050366612
3697;10.601605233134558;2.0110627025210364;173.2275;12.578223991483746
3698;10.620359162982673;2.0110627025210364;190.135;13.887624964251058
3699;10.538675665782625;2.0110627025210364;199.425;15.274494319261139
3700;10.601616922092164;2.0110627025210364;212.81;16.601430793841658
3701;10.620333367082273;2.0110627025210364;213.905;17.910453952034114
3702;10.53869209536443;2.0110627025210364;201.8725;19.2969054160427
3703;10.601628587850342;2.0110627025210364;191.745;20.62342856704327
3704;10.620307603493055;1.779842042557121;180.57999999999998;20.621366224186566
3705;10.538708512066279;1.7661669684464552;162.155;20.61930408756415
3706;10.601640230465605;2.0110627025210364;131.1725;21.945683938213065
3707;10.62028187215177;2.0110627025210364;102.7875;23.254221591275062
3708;10.538724915904066;2.0110627025210364;101.4375;24.640107499007073
3709;10.601651849994301;2.0110627025210364;100.935;25.966074230762587
3710;10.620256172995337;2.0110627025210364;99.57249999999999;27.274234258993943
3711;10.53874130689366;2.0110627025210364;100.91499999999999;28.659702594019066
3712;10.601663446492596;2.0110627025210364;111.395;29.9852563495917
3713;10.620230505960853;2.0110627025210364;149.7525;31.29303884329393
3714;10.538757685050905;2.0110627025210364;204.6175;32.67808973861124
3715;10.601675020016488;1.7767194347503434;242.8;32.67482192963738
3716;10.62020487098557;0.10393924033007912;268.14;22.14523865797074
3717;10.538774050391615;0.09029236648573044;286.245;11.616708344631261
3718;10.60168657062179;0.10083578506543939;291.1475;1.0892308843231147
3719;10.620179268006916;1.7798205349979892;294.34999999999997;1.0891219612346823
3720;10.538790402931594;2.0110627025210364;288.6925;2.477162166253544
3721;10.601698098364151;2.0110627025210364;278.9475;3.8053012565909747
3722;10.62015369696249;2.0110627025210364;270.0525;5.11577471435095
3723;10.538806742686614;2.0110627025210364;266.8625;6.503396731327232
3724;10.601709603299042;2.0110627025210364;262.0325;7.8311222685200095
3725;10.620128157790056;2.0110627025210364;245.525;9.141217406392604
3726;10.538823069672425;2.0110627025210364;231.3975;10.528421368463162
3727;10.60172108548176;1.776727154795267;227.1025;10.527368526326315
3728;10.620102650427544;0.10392210933410617;198.195;0.0
3729;10.538839383904754;1.766188901069219;137.1075;0.0
3730;10.601732544967437;2.0110627025210364;97.54;1.3283540822809352
3731;10.620077174813051;2.0110627025210364;85.175;2.6391479308003083
3732;10.538855685399307;2.0110627025210364;78.8575;4.026971114877886
3733;10.601743981811026;2.0110627025210364;68.585;5.354911635045924
3734;10.620051730884843;2.0110627025210364;70.82249999999999;6.6653269995418185
3735;10.538871974171755;2.0110627025210364;83.88;8.052732091378697
3736;10.601755396067315;2.0110627025210364;109.9725;9.38025919190561
3737;10.62002631858134;2.0110627025210364;137.295;10.690296163334146
3738;10.538888250237763;2.0110627025210364;186.20499999999998;12.077283295991938
3739;10.601766787790917;2.0110627025210364;212.385;13.404397119260969
3740;10.620000937841143;1.6592769379362022;228.4775;12.646104421221336
3741;10.53890451361296;0.09031423062893877;232.83249999999998;2.11852402130553
3742;10.601778157036286;1.7767367193348238;221.0725;2.1183121689033997
3743;10.619975588603008;2.0110627025210364;181.7525;3.4291235285136517
3744;10.538920764312957;2.0110627025210364;141.8225;4.816805890063491
3745;10.601789503857697;2.0110627025210364;113.745;6.144624180809672
3746;10.619950270805846;2.0110627025210364;101.015;7.455056961126037
3747;10.53893700235334;2.0110627025210364;97.3175;8.842321303194252
3748;10.601800828309258;2.0110627025210364;94.445;10.169726284170137
3749;10.619924984388756;2.0110627025210364;93.4575;11.479780576372402
3750;10.538953227749671;2.0110627025210364;88.3775;12.866627031952577
3751;10.601812130444918;2.0110627025210364;91.6825;14.193618845326709
3752;10.619899729290973;2.0110627025210364;80.875;15.503294740615752
3753;10.53896944051749;2.0110627025210364;71.1725;16.889723442650073
3754;10.60182341031845;2.0110627025210364;68.7475;18.21630223050328
3755;10.619874505451907;3.4285714285714284;69.575;19.525599820100922
3756;10.538985640672314;3.4285714285714284;66.3625;20.911610901480216
3757;10.601834667983471;3.4285714285714284;62.6675;22.23777680580577
3758;10.619849312811127;3.4285714285714284;59.12;23.54669618095462
3759;10.539001828229638;3.4285714285714284;61.5825;24.932289774518367
3760;10.601845903493418;3.4285714285714284;71.345;26.258042937222168
3761;10.619824151308366;3.4285714285714284;78.0025;27.566584189185498
3762;10.539018003204928;2.0110627025210364;117.1775;28.951760427721897
3763;10.601857116901579;2.0110627025210364;164.1825;30.27710099062263
3764;10.619799020883512;2.0110627025210364;188.32999999999998;31.58526421068423
3765;10.539034165613632;0.09033595882084358;199.43;21.055789894789477
3766;10.60186830826107;0.10086624221443924;207.46;10.527368526326315
3767;10.619773921476614;0.10386701812306841;207.1875;-0.0
3768;10.539050315471178;1.7662242507863872;203.03;0.0
3769;10.601879477624838;2.0110627025210364;207.27499999999998;1.3282144962564042
3770;10.619748853027884;2.0110627025210364;215.1725;2.6393202644302884
3771;10.539066452792964;2.0110627025210364;218.885;4.026943202250529
3772;10.601890625045684;2.0110627025210364;222.70749999999998;5.354744414136905
3773;10.619723815477688;2.0110627025210364;222.96;6.665471314991689
3774;10.53908257759437;2.0110627025210364;207.3875;8.052676319145538
3775;10.601901750576229;2.0110627025210364;195.405;9.380064388466206
3776;10.61969880876655;2.0110627025210364;165.5625;10.690412513699135
3777;10.53909868989074;2.0110627025210364;115.315;12.077199717051563
3778;10.601912854268944;2.0110627025210364;89.97;13.404174785524361
3779;10.619673832835154;2.0110627025210364;73.31;14.714144226852413
3780;10.539114789697422;2.0110627025210364;71.0025;16.100513762217176
3781;10.601923936176133;2.0110627025210364;72.5;17.427075971473627
3782;10.619648887624344;3.4285714285714284;72.58500000000001;18.736666820633356
3783;10.539130877029713;3.4285714285714284;74.5575;20.122618820773067
3784;10.601934996349945;3.4285714285714284;77.4075;21.448768312358542
3785;10.619623973075111;3.4285714285714284;102.9575;22.75798066110595
3786;10.539146951902902;2.0110627025210364;143.97;24.14351525873208
3787;10.60194603484236;2.0110627025210364;175.82;25.469252174105968
3788;10.619599089128613;2.0110627025210364;193.355;26.778086114216375
3789;10.539163014332253;0.09035755239186742;200.14249999999998;16.24909251613127
3790;10.601957051705208;0.10088111460032252;205.9875;5.721151817405973
3791;10.619574235726152;0.8689506174981045;191.9975;0.0
3792;10.539179064333002;2.0110627025210364;178.6025;1.3877798888836481
3793;10.60196804699016;1.5558434078455554;163.7425;0.0
3794;10.6195494128092;1.7797149784733128;136.52249999999998;0.0
3795;10.539195101920368;1.7662485153387038;121.63;0.0
3796;10.60197902074872;1.7767703817948544;118.345;-0.0
3797;10.619524620319364;2.0110627025210364;115.065;1.311451610696604
3798;10.539211127109548;2.0110627025210364;107.72;2.6990698947814638
3799;10.601989973032248;2.0110627025210364;96.7625;4.02690951341135
3800;10.619499858198424;2.0110627025210364;86.2425;5.337981957171507
3801;10.53922713991571;2.0110627025210364;78.4725;6.725182376055865
3802;10.602000903891934;3.4285714285714284;73.06;8.052608999120922
3803;10.619475126388304;3.4285714285714284;69.1;9.363302368152123
3804;10.539243140354001;3.4285714285714284;66.9825;10.750085054579007
3805;10.602011813378825;3.4285714285714284;69.225;12.077098823363665
3806;10.619450424831074;3.4285714285714284;70.8775;13.387413209891807
3807;10.53925912843955;3.4285714285714284;71.06;14.773778296553246
3808;10.602022701543799;3.4285714285714284;72.34;16.100379352256983
3809;10.61942575346897;3.4285714285714284;71.3425;17.410314848526234
3810;10.539275104187455;3.4285714285714284;77.3175;18.7962624680633
3811;10.60203356843759;3.4285714285714284;79.0325;20.122450951800786
3812;10.61940111224437;2.0110627025210364;92.2375;21.432007650073455
3813;10.539291067612805;2.0110627025210364;105.845;22.81753793507628
3814;10.602044414110768;1.7767813409741382;109.8875;22.815256181282773
3815;10.619376501099808;2.0110627025210364;107.4075;24.12456697961983
3816;10.539307018730648;2.0110627025210364;101.1575;25.509812855127752
3817;10.602055238613762;2.0110627025210364;100.2925;26.835309397159165
3818;10.619351919977973;2.0110627025210364;102.005;28.144241542240373
3819;10.539322957556024;2.0110627025210364;105.1725;29.529070308407928
3820;10.60206604199683;2.0110627025210364;110.675;30.8541546614801
3821;10.619327368821692;2.0110627025210364;117.6425;32.16270824563334
3822;10.539338884103948;2.0110627025210364;119.28999999999999;33.54712003491002
3823;10.602076824310098;2.0110627025210364;107.47749999999999;34.87179233981194
3824;10.619302847573948;2.0110627025210364;90.9325;36.17996745538271
3825;10.539354798389404;2.0110627025210364;78.2;37.563962400167235
3826;10.602087585603522;3.4285714285714284;70.9225;38.88822279760387
3827;10.61927835617788;3.4285714285714284;67.785;40.19601953695513
3828;10.539370700427359;3.4285714285714284;67.6925;41.579597769595445
3829;10.602098325926917;3.4285714285714284;67.0725;42.90344640018791
3830;10.619253894576767;3.4285714285714284;68.215;44.21086485569996
3831;10.53938659023276;3.4285714285714284;72.595;45.594026508493265
3832;10.602109045329938;3.4285714285714284;80.88250000000001;46.91746351277897
3833;10.61922946271404;3.4285714285714284;91.3275;48.22450377684936
3834;10.539402467820528;2.0110627025210364;133.7625;49.60724898204217
3835;10.602119743862103;1.8469538998007204;192.9325;50.0
3836;10.619205060533272;0.10377168353756194;234.685;39.46868421052631
3837;10.539418333205566;0.09040034091381483;248.785;28.938421552631574
3838;10.60213042157277;0.1009101694065222;253.305;18.40921192100263
3839;10.619180687978195;0.10376759897618867;252.9;7.881055210336845
3840;10.539434186402746;1.6105130214243741;231.03;6.901833511622113
3841;10.602141078511155;2.0110627025210364;177.905;8.229109303685354
3842;10.619156344992676;2.0110627025210364;154.0975;9.540087865011943
3843;10.539450027426925;2.0110627025210364;148.67000000000002;10.926656330169862
3844;10.60215171472631;2.0110627025210364;149.3175;12.253519535546852
3845;10.61913203152073;2.0110627025210364;151.5025;13.564118753648605
3846;10.539465856292933;2.0110627025210364;150.985;14.950269778294953
3847;10.602162330267156;2.0110627025210364;129.345;16.276720537563325
3848;10.619107747506526;2.0110627025210364;111.4225;17.58694050537837
3849;10.539481673015583;2.0110627025210364;95.42;18.97267422196303
3850;10.602172925182456;2.0110627025210364;85.9675;20.298712675617498
3851;10.619083492894376;2.0110627025210364;76.515;21.608553486100277
3852;10.53949747760966;2.0110627025210364;73.7825;22.993870027022492
3853;10.602183499520834;3.4285714285714284;72.17;24.319496315475
3854;10.619059267628732;3.4285714285714284;69.8325;25.62895806159616
3855;10.539513270089936;3.4285714285714284;78.36500000000001;27.01385755920456
3856;10.602194053330763;3.4285714285714284;83.9175;28.339071822784415
3857;10.61903507165419;2.0110627025210364;83.93;29.648154597530656
3858;10.539529050471144;2.0110627025210364;111.0775;31.032637184123317
3859;10.60220458666057;2.0110627025210364;149.1775;32.357439563077364
3860;10.619010904915491;2.0110627025210364;165.675;33.666143459451334
3861;10.539544818768007;2.0110627025210364;180.935;35.05020926727578
3862;10.602215099558434;2.0110627025210364;185.0225;36.37459990176855
3863;10.618986767357528;1.7796206855330963;185.42;36.370962441778374
3864;10.539560574995228;2.0110627025210364;177.11;37.75474279928873
3865;10.602225592072392;2.0110627025210364;166.35250000000002;39.07885301254003
3866;10.618962658925327;2.0110627025210364;165.29;40.38693060125972
3867;10.539576319167484;2.0110627025210364;164.47;41.77029440499049
3868;10.60223606425034;2.0110627025210364;179.3775;43.093993114512166
3869;10.618938579564052;2.0110627025210364;201.9575;44.40169206461486
3870;10.539592051299422;2.0110627025210364;204.6175;45.78463944667395
3871;10.602246516140022;1.7768152109618998;187.445;45.78006098272928
3872;10.618914529219028;0.1037229938133961;157.08249999999998;35.249167187157326
3873;10.53960777140568;2.0110627025210364;113.15;36.63301488760321
3874;10.602256947789051;2.0110627025210364;92.5175;37.957207485714854
3875;10.6188905078357;2.0110627025210364;84.6575;39.26546578252237
3876;10.539623479500865;2.0110627025210364;80.155;40.648896930418296
3877;10.602267359244886;3.4285714285714284;78.345;41.972678049442614
3878;10.618866515359667;3.4285714285714284;77.5825;43.28055759204599
3879;10.539639175599564;3.4285714285714284;82.3375;44.6635723194672
3880;10.602277750554844;3.4285714285714284;87.955;45.98694209920815
3881;10.618842551736668;3.4285714285714284;114.2875;47.294442980848395
3882;10.539654859716345;2.0110627025210364;186.1;48.67704141981978
3883;10.602288121766106;2.0110627025210364;259.775;50.0
3884;10.618818616912574;0.10370692000821084;301.3275;39.46868421052631
3885;10.539670531865752;0.0904426065237421;319.9525;28.938421552631574
3886;10.602298472925717;0.10093833289052388;315.5475;18.40921192100263
3887;10.618794710833408;0.10370291362286298;307.8975;7.881055210336845
3888;10.539686192062304;2.0110627025210364;302.375;9.267565222356623
3889;10.602308804080561;2.0110627025210364;294.64750000000004;10.594445101957856
3890;10.61877083344532;2.0110627025210364;279.895;11.905553365674606
3891;10.539701840320502;2.0110627025210364;260.025;13.291646062033562
3892;10.602319115277405;2.0110627025210364;256.99;14.618113737913825
3893;10.618746984694608;2.0110627025210364;251.57;15.928842291080155
3894;10.539717476654825;2.0110627025210364;240.425;17.314517804028963
3895;10.602329406562864;0.10094351701418385;200.3625;6.786470562774879
3896;10.618723164527701;1.7795765087148174;153.0575;6.785791915718601
3897;10.53973310107973;2.0110627025210364;101.545;8.172366890501287
3898;10.602339677983414;2.0110627025210364;80.555;9.499326959727993
3899;10.61869937289117;2.0110627025210364;77.0375;10.81061262278541
3900;10.539748713609645;3.4285714285714284;76.805;12.196770283593969
3901;10.602349929585396;3.4285714285714284;77.9825;13.523318173459483
3902;10.618675609731724;3.4285714285714284;81.0375;14.834224012397
3903;10.539764314258987;3.4285714285714284;87.8375;16.219964491449723
3904;10.602360161415014;3.4285714285714284;90.2125;17.546100341656313
3905;10.618651874996209;3.4285714285714284;100.3125;18.85662645037575
3906;10.539779903042149;2.0110627025210364;131.05;20.24194987984067
3907;10.602370373518323;2.0110627025210364;185.355;21.56767383001028
3908;10.618628168631606;0.10367500305532637;202.81;11.039201273153596
3909;10.539795479973495;0.09046354639701147;200.8775;0.5117815635525975
3910;10.602380565941266;1.6953655264060095;193.31;-0.0
3911;10.618604490585026;1.7795566203198279;188.75;0.0
3912;10.539811045067369;2.0110627025210364;172.8125;1.3871795071859996
3913;10.602390738729616;2.0110627025210364;169.93;2.714769587442146
3914;10.618580840803727;2.0110627025210364;179.16750000000002;4.026846311719861
3915;10.53982659833811;2.0110627025210364;181.0575;5.413608358667486
3916;10.602400891929038;2.0110627025210364;182.28;6.740786150499032
3917;10.618557219235097;2.0110627025210364;185.08499999999998;8.05248271361064
3918;10.539842139800003;2.0110627025210364;184.8775;9.438827432529276
3919;10.602411025585049;2.0110627025210364;173.1825;10.765593075480227
3920;10.618533625826656;2.0110627025210364;137.8425;12.076909571637357
3921;10.539857669467342;2.0110627025210364;113.2675;13.462837094686218
3922;10.60242113974303;2.0110627025210364;93.12;14.789190728220872
3923;10.618510060526065;2.0110627025210364;78.3975;16.10012725164829
3924;10.539873187354383;3.4285714285714284;74.885;17.48563771093646
3925;10.602431234448236;3.4285714285714284;76.3425;18.81157947443954
3926;10.61848652328111;3.4285714285714284;73.0075;20.122136119375043
3927;10.539888693475362;3.4285714285714284;75.6175;21.507229646961513
3928;10.602441309745778;3.4285714285714284;80.64750000000001;22.832759679738327
3929;10.618463014039715;3.4285714285714284;106.1075;24.142936540432625
3930;10.539904187844503;2.0110627025210364;153.715;25.527613268326306
3931;10.602451365680633;2.0110627025210364;193.39;26.85273170960287
3932;10.618439532749942;1.7795289752740258;211.28;26.85004643643191
3933;10.539919670475996;0.7650424935872836;196.92000000000002;20.55797685142282
3934;10.60246140229766;2.0110627025210364;180.3325;21.8835827215549
3935;10.618416079359974;2.0110627025210364;162.91750000000002;23.193899087890774
3936;10.539935141384014;2.0110627025210364;139.415;24.578641313667173
3937;10.602471419641565;2.0110627025210364;133.7975;25.90383560087632
3938;10.61839265381814;2.0110627025210364;132.5725;27.213772196189
3939;10.539950600582713;2.0110627025210364;137.66;28.598097748415807
3940;10.602481417756938;2.0110627025210364;148.6275;29.922880591771875
3941;10.618369256072887;2.0110627025210364;146.4375;31.232437510443457
3942;10.539966048086226;2.0110627025210364;140.23000000000002;32.6163465210105
3943;10.60249139668823;2.0110627025210364;115.385;33.94071805950458
3944;10.6183458860728;2.0110627025210364;97.8075;35.24989539592947
3945;10.539981483908655;2.0110627025210364;81.8825;36.63338799667666
3946;10.60250135647976;2.0110627025210364;72.695;37.95734836922122
3947;10.618322543766597;3.4285714285714284;71.13250000000001;39.26614621780603
3948;10.539996908064094;3.4285714285714284;71.915;40.64922254052336
3949;10.60251129717572;3.4285714285714284;73.45750000000001;41.972771885952376
3950;10.618299229103124;3.4285714285714284;73.67;43.28119034111581
3951;10.540012320566609;3.4285714285714284;76.75;44.663850517543416
3952;10.602521218820169;3.4285714285714284;84.035;45.9869889746125
3953;10.618275942031355;3.4285714285714284;95.975;47.295028130785255
3954;10.540027721430242;2.0110627025210364;154.1525;48.677272292613445
3955;10.602531121457039;2.0110627025210364;194.14;50.0
3956;10.618252682500396;0.10361207587584385;215.3525;39.46868421052631
3957;10.54004311066902;0.09050504646832547;225.93;28.938421552631574
3958;10.602541005130128;1.7768645639472584;224.8075;28.93552771047631
3959;10.618229450459474;0.6572229187549082;219.085;21.883598434773273
3960;10.540058488296948;2.0110627025210364;213.8475;23.268354511047697
3961;10.60255086988311;2.0110627025210364;214.3625;24.593604349207638
3962;10.61820624585796;2.0110627025210364;216.5075;25.903849055207655
3963;10.540073854328003;2.0110627025210364;228.985;27.28818850869053
3964;10.60256071575953;2.0110627025210364;231.7175;28.61302700986811
3965;10.618183068645347;2.0110627025210364;222.89249999999998;29.922891791954044
3966;10.540089208776147;2.0110627025210364;190.3475;31.30681475443751
3967;10.602570542802804;2.0110627025210364;158.3525;32.6312420572994
3968;10.618159918771246;2.0110627025210364;131.535;33.940727010260986
3969;10.540104551655318;2.0110627025210364;113.7825;35.32423361348741
3970;10.60258035105622;2.0110627025210364;102.305;36.64824985662265
3971;10.61813679618541;2.0110627025210364;97.3875;37.95735507526084
3972;10.540119882979436;3.4285714285714284;93.3875;39.34044545092286
3973;10.602590140562937;3.4285714285714284;92.0775;40.66405077284298
3974;10.61811370083771;3.4285714285714284;89.0;41.97277635196987
3975;10.5401352027624;3.4285714285714284;92.7225;43.35545063171039
3976;10.602599911365997;3.4285714285714284;111.035;44.67864517084952
3977;10.618090632678145;3.4285714285714284;137.9875;45.9869912052882
3978;10.540150511018084;2.0110627025210364;194.24;47.36924952070049
3979;10.602609663508302;2.0110627025210364;242.11;48.692033415415544
3980;10.618067591656843;2.0110627025210364;267.1225;50.0
3981;10.540165807760339;1.766411194531194;293.4675;49.995
3982;10.602619397032637;0.10099211609900433;314.72;39.463684710526316
3983;10.61804457772406;0.10357719989635172;318.65250000000003;28.933422552581575
3984;10.540181093003007;2.0110627025210364;307.9225;30.31735717197346
3985;10.602629111981662;2.0110627025210364;290.7125;31.641827779873683
3986;10.618021590830168;2.0110627025210364;278.1925;32.95154308580704
3987;10.540196366759893;2.0110627025210364;275.8275;34.33506138307656
3988;10.602638808397915;2.0110627025210364;279.6725;35.65912100896023
3989;10.617998630925669;2.0110627025210364;301.4425;36.96845639747995
3990;10.540211629044789;2.0110627025210364;291.7225;38.351558504247656
3991;10.602648486323798;1.776882576565576;265.7075;38.34772334839723
3992;10.61797569796119;1.2869346249166105;239.1575;35.25036865639831
3993;10.540226879871469;2.0110627025210364;186.47;36.63362808365477
3994;10.602658145801605;2.0110627025210364;126.89000000000001;37.95743948233488
3995;10.61795279188749;2.0110627025210364;108.9225;39.26658858609353
3996;10.540242119253682;2.0110627025210364;103.37;40.64943191394393
3997;10.602667786873493;2.0110627025210364;103.6575;41.97283257322272
3998;10.61792991265544;2.0110627025210364;102.1575;43.28160187294273
3999;10.540257347205158;2.0110627025210364;105.1525;44.664029232910536
4000;10.602677409581501;2.0110627025210364;110.285;45.98701929088482
4001;10.617907060216032;2.0110627025210364;156.99;47.2954088817505
4002;10.540272563739602;2.0110627025210364;249.6225;48.677420405309704
4003;10.602687013967552;2.0110627025210364;310.72;50.0
4004;10.617884234520398;1.7803179586891407;356.3775;50.0
4005;10.540287768870705;0.09054604838368177;380.725;39.46868421052631
4006;10.60269660007344;0.10100505444532766;389.90500000000003;28.938421552631574
4007;10.617861435519773;1.0769520254170604;395.16999999999996;24.52321753293572
4008;10.540302962612136;2.0110627025210364;396.3825;25.907477396700898
4009;10.60270616794083;2.0110627025210364;409.34;27.232315789417438
4010;10.617838663165529;2.0110627025210364;425.26;28.542645827831244
4011;10.540318144977531;2.0110627025210364;427.3875;29.926489325519807
4012;10.602715717611288;2.0110627025210364;426.685;31.250916744856532
4013;10.61781591740915;2.0110627025210364;412.40749999999997;32.560866531643356
4014;10.540333315980524;2.0110627025210364;371.695;33.944293794808694
4015;10.602725249126236;1.7768954411329863;326.5175;33.94089936542921
4016;10.617793198202248;2.0110627025210364;253.6275;35.25060173720053
4017;10.540348475634717;2.0110627025210364;148.87;36.63374562517383
4018;10.602734762526989;2.0110627025210364;108.945;37.957484226210674
4019;10.61777050549656;2.0110627025210364;104.4325;39.26680649756632
4020;10.540363623953693;3.4285714285714284;101.725;40.64953437416056
4021;10.602744257854738;3.4285714285714284;102.11;41.972862375761146
4022;10.617747839243934;3.4285714285714284;104.9125;43.28180464224183
4023;10.540378760951013;3.4285714285714284;107.66499999999999;44.66411663887415
4024;10.602753735150555;3.4285714285714284;120.22;45.98703417881724
4025;10.617725199396336;2.0110627025210364;179.35500000000002;47.295596535972834
4026;10.540393886640222;2.0110627025210364;297.85;48.67749278401103
4027;10.602763194455399;2.0110627025210364;358.28999999999996;50.0
4028;10.61770258590586;1.779405471414703;397.195;49.995
4029;10.54040900103484;0.09056636550731827;415.71;39.463684710526316
4030;10.602772635810101;0.10101779716483257;426.96500000000003;28.933422552581575
4031;10.617679998724718;0.10351610062737679;433.185;18.404213420852635
4032;10.540424104148373;2.0110627025210364;425.59749999999997;19.788970100569596
4033;10.602782059255375;2.0110627025210364;426.895;21.114348247266932
4034;10.61765743780524;2.0110627025210364;432.10749999999996;22.42546224652723
4035;10.540439195994297;2.0110627025210364;431.275;23.809802464107992
4036;10.602791464831826;2.0110627025210364;426.96;25.134769592271347
4037;10.617634903099876;2.0110627025210364;413.555;26.44550295736724
4038;10.540454276586075;2.0110627025210364;374.6625;27.829426844314728
4039;10.602800852579934;2.0110627025210364;343.865;29.15398309167936
4040;10.617612394561197;2.0110627025210364;282.725;30.464335918537056
4041;10.540469345937145;2.0110627025210364;200.1025;31.847843606304917
4042;10.602810222540063;2.0110627025210364;132.39000000000001;33.17198911053123
4043;10.617589912141879;2.0110627025210364;113.325;34.481961495085386
4044;10.540484404060928;2.0110627025210364;105.495;35.865053115078
4045;10.602819574752456;3.4285714285714284;105.89;37.188788013751655
4046;10.61756745579473;3.4285714285714284;102.955;38.49838005194529
4047;10.540499450970824;3.4285714285714284;105.0675;39.88105573551781
4048;10.602828909257257;3.4285714285714284;124.2175;41.20438016614986
4049;10.617545025472673;2.0110627025210364;177.5675;42.51359195393421
4050;10.540514486680205;2.0110627025210364;254.0325;43.89585183239262
4051;10.602838226094477;2.0110627025210364;319.1025;45.21876593241963
4052;10.61752262112874;2.0110627025210364;354.87;46.52759756575408
4053;10.540529511202436;0.09058656163259551;372.5375;35.99662901652382
4054;10.602847525304016;0.10103034778716777;384.31;25.466713564148485
4055;10.61750024271609;0.22578844973727422;389.83500000000004;15.706038666976818
4056;10.540544524550851;2.0110627025210364;376.7525;17.09095076478681
4057;10.602856806925665;2.0110627025210364;357.77;18.416527703130953
4058;10.617477890187988;2.0110627025210364;338.0725;19.72808205468205
4059;10.540559526738772;2.0110627025210364;329.545;21.112577696074748
4060;10.602866070999092;2.0110627025210364;325.6775;22.437743670856005
4061;10.61745556349782;2.0110627025210364;304.2275;23.74891711116599
4062;10.540574517779495;2.0110627025210364;263.3325;25.132996427564354
4063;10.602875317563859;2.0110627025210364;200.255;26.457751576235932
4064;10.61743326259909;2.0110627025210364;131.76749999999998;27.768544201609174
4065;10.540589497686295;2.0110627025210364;93.7275;29.15220732438703
4066;10.602884546659414;2.0110627025210364;82.23;30.476551784328148
4067;10.617410987445414;3.4285714285714284;74.66250000000001;31.786963691076572
4068;10.54060446647243;3.4285714285714284;72.21;33.170210751558656
4069;10.602893758325083;3.4285714285714284;73.1575;34.494144660074674
4070;10.61738873799052;3.4285714285714284;74.91499999999999;35.804175944517674
4071;10.540619424151135;3.4285714285714284;74.465;37.18700707397964
4072;10.602902952600088;3.4285714285714284;79.6425;38.510530568302165
4073;10.617366514188252;3.4285714285714284;84.57;39.8201813267665
4074;10.540634370735635;2.0110627025210364;135.6775;41.20259665643498
4075;10.602912129523535;2.0110627025210364;219.655;42.52570987372198
4076;10.61734431599257;2.0110627025210364;266.155;43.83498020254167
4077;10.540649306239121;0.09060663791011422;288.245;33.304280915047734
4078;10.60292128913442;0.10104270976117778;287.95;22.77463469748255
4079;10.61732214335755;1.779341713596423;285.13;22.7723572340128
4080;10.54066423067477;2.0110627025210364;283.2075;24.15644897914837
4081;10.602930431471622;2.0110627025210364;282.37;25.481249424352413
4082;10.617299996237373;2.0110627025210364;298.96999999999997;26.792266302984473
4083;10.540679144055733;2.0110627025210364;307.185;28.175941889501228
4084;10.602939556573919;2.0110627025210364;311.21000000000004;29.500331716567054
4085;10.61727787458634;2.0110627025210364;304.265;30.810967702538374
4086;10.540694046395155;2.0110627025210364;286.095;32.194227261692724
4087;10.60294866447997;1.776932882990075;261.36;32.191007838966556
4088;10.617255778358864;2.0110627025210364;203.445;33.50139574874174
4089;10.540708937706151;2.0110627025210364;132.305;34.88437211834602
4090;10.60295775522832;2.0110627025210364;90.255;36.20807381366728
4091;10.617233707509467;2.0110627025210364;78.1225;37.51808098415192
4092;10.540723818001817;2.0110627025210364;71.4025;38.90064154895178
4093;10.602966828857419;2.0110627025210364;71.47749999999999;40.22393299738234
4094;10.617211661992778;3.4285714285714284;71.2875;41.53355952518947
4095;10.540738687295228;3.4285714285714284;75.5;42.91570441630648
4096;10.60297588540559;2.0110627025210364;92.96;44.23858575472954
4097;10.617189641763556;2.0110627025210364;166.9425;45.54783173647869
4098;10.54075354559944;2.0110627025210364;250.61;46.92956108498558
4099;10.60298492491106;2.0110627025210364;310.3825;48.25203245021157
4100;10.617167646776648;0.10343023630293292;340.0175;37.72089145749287
4101;10.540768392927495;0.09062659547656046;356.2225;27.19080357887344
4102;10.602993947411944;0.10105488645717434;362.295;16.66176870904187
4103;10.617145676987027;0.10342655441755878;385.5475;6.133786742697281
4104;10.540783229292407;1.766514667315767;388.2775;6.133173364023012
4105;10.60300295294624;2.0110627025210364;384.655;7.459707241387682
4106;10.617123732349771;2.0110627025210364;377.815;8.77269372493126
4107;10.540798054707174;2.0110627025210364;365.1675;10.158058303586952
4108;10.60301194155185;2.0110627025210364;375.0125;11.484181153282336
4109;10.617101812820072;2.0110627025210364;355.8025;12.796786012987939
4110;10.540812869184771;2.0110627025210364;310.675;14.181734108661107
4111;10.603020913266556;2.0110627025210364;222.73499999999999;15.507446067647013
4112;10.617079918353223;2.0110627025210364;131.7525;16.81966940060469
4113;10.540827672738162;2.0110627025210364;109.16;18.20420114456337
4114;10.603029868128047;2.0110627025210364;85.9675;19.52950234972727
4115;10.617058048904637;2.0110627025210364;77.8825;20.841344253032894
4116;10.54084246538028;3.4285714285714284;77.065;22.225459776496326
4117;10.60303880617389;3.4285714285714284;75.495;23.550350364653482
4118;10.617036204429828;3.4285714285714284;74.9225;24.86181093540868
4119;10.540857247124046;3.4285714285714284;76.8225;26.245510369547294
4120;10.603047727441558;3.4285714285714284;86.89;27.569990477440857
4121;10.617014384884424;2.0110627025210364;117.4375;28.881069812752912
4122;10.540872017982357;2.0110627025210364;206.73000000000002;30.264353288688397
4123;10.603056631968418;2.0110627025210364;297.6625;31.58842305298953
4124;10.61699259022416;1.779286484261835;326.87;31.58526421068423
4125;10.540886777968097;0.09064643545486815;344.5975;21.055789894789477
4126;10.603065519791711;0.10106688116913098;347.0525;10.527368526326315
4127;10.616970820404875;0.10339725045500406;347.5475;0.0
4128;10.540901527094121;1.766534492673835;337.125;0.0
4129;10.603074390948594;2.0110627025210364;323.25;1.3270793285988358
4130;10.616949075382523;2.0110627025210364;296.305;2.640844999052579
4131;10.540916265373268;2.0110627025210364;233.9075;4.02671046244807
4132;10.60308324547612;2.0110627025210364;209.97;5.353378708199512
4133;10.616927355113157;2.0110627025210364;177.2325;6.666762382971193
4134;10.540930992818362;2.0110627025210364;146.395;8.052211263555451
4135;10.603092083411218;2.0110627025210364;115.6225;9.378468563188438
4136;10.616905659552947;2.0110627025210364;100.91499999999999;10.691470339756819
4137;10.540945709442203;2.0110627025210364;92.35499999999999;12.07650276875275
4138;10.603100904790729;3.4285714285714284;80.74;13.402349258924682
4139;10.616883988658161;3.4285714285714284;72.97749999999999;14.714969234773536
4140;10.540960415257576;3.4285714285714284;68.84;16.09958534335536
4141;10.603109709651386;3.4285714285714284;68.9175;17.42502116065221
4142;10.616862342385174;3.4285714285714284;70.6375;18.73725943327023
4143;10.540975110277241;3.4285714285714284;74.7325;20.121459352563523
4144;10.603118498029815;3.4285714285714284;87.4025;21.446484633499942
4145;10.616840720690474;3.4285714285714284;92.3375;22.758341300380643
4146;10.540989794513937;3.4285714285714284;110.6225;24.142125161462364
4147;10.60312726996254;2.0110627025210364;178.5575;25.466740042481803
4148;10.616819123530648;2.0110627025210364;201.71;26.77821520112344
4149;10.541004467980395;0.8559157199868924;206.7225;21.055789894789477
4150;10.603136025485988;0.10107869711680392;208.655;10.527368526326315
4151;10.616797550862389;0.1033682124621393;202.54000000000002;0.0
4152;10.541019130689312;1.7665542016908329;176.9425;0.0
4153;10.603144764636477;2.0110627025210364;149.73000000000002;1.3270124735953466
4154;10.616776002642501;2.0110627025210364;151.79;2.6409425698376108
4155;10.541033782653384;2.0110627025210364;136.315;4.026696382059912
4156;10.603153487450218;2.0110627025210364;134.39249999999998;5.353297899344
4157;10.616754478827884;2.0110627025210364;135.52;6.6668458146675755
4158;10.541048423885261;2.0110627025210364;167.8175;8.05218312739511
4159;10.603162193963332;1.7769686680883983;160.26500000000001;8.05137790908237
4160;10.616732979375548;1.7792429764539337;123.58;8.050572771291463
4161;10.5410630543976;2.0110627025210364;89.43;9.435757812336615
4162;10.603170884211833;2.0110627025210364;77.64750000000001;10.76180189655414
4163;10.616711504242605;3.4285714285714284;73.86500000000001;12.07484978733401
4164;10.541077674203025;3.4285714285714284;71.98750000000001;13.459618511862402
4165;10.603179558231632;3.4285714285714284;74.6525;14.785251969691165
4166;10.616690053386277;3.4285714285714284;79.6425;16.097917893777232
4167;10.541092283314146;3.4285714285714284;86.4875;17.482270432839417
4168;10.603188216058546;3.4285714285714284;93.18;18.807493400540515
4169;10.616668626763877;3.4285714285714284;99.025;20.11977745577478
4170;10.541106881743547;3.4285714285714284;120.5225;21.503713940372833
4171;10.603196857728278;3.4285714285714284;151.5325;22.828526554136932
4172;10.61664722433283;2.0110627025210364;176.37;24.14042883836533
4173;10.541121469503803;2.0110627025210364;215.9075;25.52394939945288
4174;10.603205483276446;1.7769759228819832;226.79;25.521397004512938
4175;10.616625846050663;1.6301785686163808;226.1725;24.58267711525471
4176;10.541136046607466;1.766573795461027;208.9925;24.580218847543186
4177;10.603214092738558;2.0110627025210364;179.1875;25.904707437556805
4178;10.616604491875009;2.0110627025210364;165.56;27.216342699531793
4179;10.54115061306706;2.0110627025210364;157.975;28.599527982848134
4180;10.603222686150026;2.0110627025210364;152.275;29.923606478207322
4181;10.616583161763588;2.0110627025210364;155.0375;31.234860113884093
4182;10.541165168895104;2.0110627025210364;167.07999999999998;32.61762971742235
4183;10.603231263546165;2.0110627025210364;172.48;33.94129825408176
4184;10.616561855674242;2.0110627025210364;147.96;35.25217036136582
4185;10.541179714104087;2.0110627025210364;100.57;36.634524415930805
4186;10.603239824962191;3.4285714285714284;80.895;37.95778312977513
4187;10.616540573564897;3.4285714285714284;73.27;39.2682738065755
4188;10.541194248706487;3.4285714285714284;67.4125;40.650212442923674
4189;10.603248370433217;3.4285714285714284;67.3775;41.97306146976782
4190;10.616519315393596;3.4285714285714284;71.66;43.283170813996925
4191;10.54120877271476;3.4285714285714284;80.72;44.6646941628365
4192;10.603256899994257;3.4285714285714284;85.6325;45.98713363842567
4193;10.616498081118467;3.4285714285714284;96.83;47.29686174799929
4194;10.541223286141339;2.0110627025210364;146.07;48.67796993999023
4195;10.603265413680239;2.0110627025210364;205.075;50.0
4196;10.616476870697756;1.780082100614758;239.4125;50.0
4197;10.541237788998645;0.09070526088751042;254.78500000000003;39.46868421052631
4198;10.60327391152598;0.10110180523948946;251.5725;28.938421552631574
4199;10.616455684089798;2.0110627025210364;245.38;30.249894810591
4200;10.541252281299073;2.0110627025210364;238.82;31.632680153875825
4201;10.60328239356621;2.0110627025210364;236.4925;32.95639861197254
4202;10.616434521253018;2.0110627025210364;241.0825;34.26749017692097
4203;10.54126676305501;2.0110627025210364;235.54250000000002;35.649860003001024
4204;10.603290859835553;2.0110627025210364;236.4775;36.97316870015695
4205;10.61641338214597;2.0110627025210364;230.1125;38.28387867024826
4206;10.541281234278813;2.0110627025210364;214.225;39.66583310981636
4207;10.603299310368547;1.776991647229101;193.2775;39.66186652650538
4208;10.616392266727278;1.2884673714966792;182.1675;36.575674442906774
4209;10.541295694982825;2.0110627025210364;146.39000000000001;37.957785965228794
4210;10.603307745199626;2.0110627025210364;123.2975;39.28084782869263
4211;10.616371174955681;2.0110627025210364;103.9975;40.59136712770186
4212;10.541310145179368;2.0110627025210364;97.02250000000001;41.97306335306869
4213;10.603316164363127;3.4285714285714284;94.6025;43.29571569058841
4214;10.616350106790016;3.4285714285714284;107.96000000000001;44.60585351756883
4215;10.541324584880744;3.4285714285714284;133.3525;45.98713457658037
4216;10.603324567893303;2.0110627025210364;174.9875;47.30937752362407
4217;10.616329062189207;2.0110627025210364;212.26;48.619133976791964
4218;10.54133901409925;2.0110627025210364;271.96;50.0
4219;10.603332955824301;1.7778793308674983;332.3775;50.0
4220;10.616308041112292;0.10328617622872771;383.5775;39.46868421052631
4221;10.541353432847146;0.09072464147338509;420.9975;28.938421552631574
4222;10.603341328190176;0.10111310350106388;437.3175;18.40921192100263
4223;10.616287043518398;0.10328265727223401;445.21500000000003;7.881055210336845
4224;10.541367841136681;0.5120021667905078;437.45500000000004;-0.0
4225;10.603349685024888;1.7770000894451443;430.3075;0.0
4226;10.61626606936675;2.0110627025210364;424.9325;1.3145472341015874
4227;10.54138223898009;2.0110627025210364;401.98749999999995;2.700102652347092
4228;10.603358026362306;2.0110627025210364;392.165;4.026642517037667
4229;10.616245118616671;2.0110627025210364;380.2275;5.340806990100125
4230;10.541396626389577;2.0110627025210364;343.77250000000004;6.725946114331016
4231;10.6033663522362;1.7770028826790631;321.2075;6.725273519719583
4232;10.616224191227579;0.7085398316456005;302.7975;0.0
4233;10.541411003377348;1.7666198750697533;257.955;0.0
4234;10.603374662680256;2.0110627025210364;208.0875;1.3267940704537566
4235;10.616203287158994;2.0110627025210364;173.245;2.6412682682456667
4236;10.54142536995557;2.0110627025210364;132.195;4.02665003996105
4237;10.603382957728053;2.0110627025210364;111.06;5.353033565115403
4238;10.61618240637053;2.0110627025210364;114.545;6.667124975706888
4239;10.5414397261364;2.0110627025210364;107.1225;8.052090523379738
4240;10.603391237413092;2.0110627025210364;115.5175;9.378063638784962
4241;10.616161548821896;2.0110627025210364;134.4825;10.69177236104028
4242;10.541454071931973;2.0110627025210364;161.8525;12.076321815468802
4243;10.603399501768767;2.0110627025210364;183.8025;13.401884656606926
4244;10.616140714472897;2.0110627025210364;212.0275;14.715210789392014
4245;10.541468407354417;2.0110627025210364;232.515;16.099344281326378
4246;10.603407750828392;2.0110627025210364;239.5375;17.424496983611274
4247;10.616119903283428;1.7791402319153777;227.4325;17.42275453391291
4248;10.541482732415826;2.0110627025210364;237.1575;18.806603662664486
4249;10.603415984625181;2.0110627025210364;239.08;20.131477816904297
4250;10.616099115213492;2.0110627025210364;239.3475;21.444170509669792
4251;10.541497047128283;2.0110627025210364;247.9725;22.827603897846956
4252;10.603424203192267;2.0110627025210364;250.425;24.152068144424515
4253;10.616078350223177;2.0110627025210364;260.47749999999996;25.464378504898054
4254;10.541511351503853;2.0110627025210364;252.98250000000002;26.847396283118904
4255;10.603432406562677;1.7770139526284228;245.625;26.844711543490593
4256;10.616057608272671;1.7791297919843205;234.6125;26.842027072336244
4257;10.541525645554591;1.7666390877869858;213.04250000000002;26.83934286962901
4258;10.603440594769355;2.0110627025210364;189.60500000000002;28.16339037031116
4259;10.61603688932225;2.0110627025210364;178.35750000000002;29.475338986417988
4260;10.541539929292512;2.0110627025210364;169.025;30.85792851969146
4261;10.60344876784516;2.0110627025210364;157.3825;32.18156639738659
4262;10.61601619333229;2.0110627025210364;163.9025;33.49313285708117
4263;10.54155420272963;2.0110627025210364;159.9625;34.87530705120231
4264;10.603456925822847;2.0110627025210364;146.195;36.198535440965486
4265;10.61599552026326;2.0110627025210364;160.9225;37.5097198431713
4266;10.54156846587794;2.0110627025210364;218.19;38.891478828602935
4267;10.603465068735092;2.0110627025210364;267.02;40.21429786542174
4268;10.615974870075718;1.7791159260091567;298.8175;40.2102764356352
4269;10.541582718749417;0.09076306716724113;318.265;29.679939618517956
4270;10.603473196614475;0.10113520314020959;324.985;19.150655835082418
4271;10.615954242730322;0.10322688366787823;306.1325;8.622424980025228
4272;10.541596961356014;1.7666510394993475;266.43;8.621562737527226
4273;10.603481309493493;2.0110627025210364;235.635;9.947393337234654
4274;10.615933638187812;2.0110627025210364;219.325;11.261261641622509
4275;10.541611193709667;2.0110627025210364;206.4175;12.645604881434164
4276;10.603489407404544;2.0110627025210364;202.7375;13.971025383911703
4277;10.615913056409042;2.0110627025210364;184.5;15.284510877784722
4278;10.54162541582229;2.0110627025210364;166.2275;16.668438281665768
4279;10.60349749037995;2.0110627025210364;142.585;17.99344882197665
4280;10.615892497354928;2.0110627025210364;101.29;19.30655160460727
4281;10.54163962770579;2.0110627025210364;79.3825;20.690063303126312
4282;10.603505558451939;2.0110627025210364;71.8875;22.014664016266657
4283;10.615871960986507;2.0110627025210364;71.7075;23.32738418692785
4284;10.541653829372052;3.4285714285714284;68.1975;24.710480310605707
4285;10.603513611652643;3.4285714285714284;69.11500000000001;26.034671331504633
4286;10.615851447264886;3.4285714285714284;71.045;27.347008989469842
4287;10.541668020832939;3.4285714285714284;73.845;28.729689668779603
4288;10.603521650014118;3.4285714285714284;77.9675;30.053471132299315
4289;10.61583095615128;3.4285714285714284;81.7875;31.36542637684237
4290;10.541682202100295;2.0110627025210364;100.1;32.747691742209405
4291;10.603529673568323;2.0110627025210364;155.1725;34.07106378314528
4292;10.615810487606984;2.0110627025210364;195.915;35.38263671354033
4293;10.54169637318595;1.7666676997846287;216.065;35.37909844986898
4294;10.603537682347135;0.1011460102111926;221.4;24.849244750550305
4295;10.615790041593394;0.10319936543602938;219.905;14.320444036601566
4296;10.541710534101721;1.7666700729920903;207.54000000000002;14.319011992197906
4297;10.603545676382344;2.0110627025210364;203.9875;15.64421169843546
4298;10.615769618071985;2.0110627025210364;198.6525;16.957666140097228
4299;10.541724684859393;2.0110627025210364;190.8475;18.341331922866797
4300;10.603553655705648;2.0110627025210364;198.6575;19.666121816754146
4301;10.615749217004332;2.0110627025210364;197.7125;20.979193448418354
4302;10.541738825470743;2.0110627025210364;176.6375;22.362443644876308
4303;10.603561620348671;2.0110627025210364;156.2475;23.686823861180585
4304;10.61572883835209;2.0110627025210364;117.38;24.999512782359982
4305;10.541752955947532;2.0110627025210364;103.00999999999999;26.382347522931592
4306;10.603569570342936;2.0110627025210364;83.6925;27.70631819635351
4307;10.615708482077018;2.0110627025210364;76.58250000000001;29.018624506560705
4308;10.5417670763015;3.4285714285714284;74.35;30.401043921623625
4309;10.603577505719887;3.4285714285714284;72.3675;31.724605186797568
4310;10.615688148140958;3.4285714285714284;73.15;33.036528985544976
4311;10.541781186544364;3.4285714285714284;74.5075;34.41853320542928
4312;10.603585426510879;3.4285714285714284;84.16;35.7416851969234
4313;10.61566783650583;3.4285714285714284;92.3575;37.053226583723166
4314;10.541795286687835;2.0110627025210364;138.3;38.43481573871135
4315;10.60359333274719;2.0110627025210364;224.44;39.757558591027646
4316;10.615647547133666;2.0110627025210364;295.9675;41.06871766539156
4317;10.541809376743593;1.7666866378879644;322.32;41.06461079362502
4318;10.603601224460006;0.10115665914229545;328.935;30.534188543071977
4319;10.615627279986564;1.7790576738871515;328.7;30.53113512421767
4320;10.541823456723312;2.0110627025210364;337.46500000000003;31.9133497268181
4321;10.603609101680426;2.0110627025210364;336.76;33.236729745249015
4322;10.615607035026729;2.0110627025210364;339.005;34.5485793889991
4323;10.541837526638643;2.0110627025210364;342.7125;35.930378880753494
4324;10.603616964439475;2.0110627025210364;345.3725;37.25334972664792
4325;10.615586812216444;2.0110627025210364;347.1525;38.56481692006963
4326;10.541851586501215;2.0110627025210364;314.945;39.94620143120147
4327;10.603624812768082;1.4623487171458727;288.9975;37.96557720857844
4328;10.615566611518078;1.779047506545969;251.5775;37.96178065085758
4329;10.541865636322648;1.7666960663497224;201.2575;37.95798447279249
4330;10.603632646697104;2.0110627025210364;166.8075;39.28073765998296
4331;10.615546432894094;2.0110627025210364;152.07500000000002;40.592040474967575
4332;10.54187967611454;2.0110627025210364;136.95;41.97319557861127
4333;10.603640466257295;2.0110627025210364;137.0125;43.29553981610898
4334;10.615526276307047;2.0110627025210364;146.54250000000002;44.60646029963567
4335;10.541893705888471;2.0110627025210364;148.5625;45.98720063301166
4336;10.60364827147935;2.0110627025210364;182.4475;47.30913605504298
4337;10.615506141719568;2.0110627025210364;247.0425;48.61967430680388
4338;10.541907725656003;2.0110627025210364;321.8725;50.0
4339;10.603656062393863;1.777933479831747;364.135;50.0
4340;10.615486029094377;0.1563565954835239;390.5175;39.802887273240316
4341;10.541921735428684;0.09081988248384154;398.6825;29.272591195039304
4342;10.603663839031357;0.10116715262805212;399.975;18.74334814644612
4343;10.615465938394292;2.0110627025210364;399.5875;20.0567811701569
4344;10.54193573521804;2.0110627025210364;386.25;21.439936543582746
4345;10.603671601422263;2.0110627025210364;365.3825;22.764304528577238
4346;10.615445869582201;2.0110627025210364;360.87;24.07735452202129
4347;10.541949725035586;2.0110627025210364;345.3;25.460094547785282
4348;10.603679349596934;2.0110627025210364;344.9375;26.784053156213414
4349;10.615425822621093;2.0110627025210364;349.0675;28.096720219407754
4350;10.541963704892812;2.0110627025210364;334.3625;29.479045027737644
4351;10.603687083585644;2.0110627025210364;318.03499999999997;30.80259439382851
4352;10.615405797474034;2.0110627025210364;296.5075;32.114878626788794
4353;10.541977674801196;2.0110627025210364;237.26749999999998;33.49678834786498
4354;10.60369480341858;2.0110627025210364;192.875;34.819928605782536
4355;10.615385794104174;2.0110627025210364;169.68;36.13183010852299
4356;10.541991634772199;2.0110627025210364;161.7725;37.513324872478556
4357;10.603702509125847;2.0110627025210364;166.9675;38.83605615632175
4358;10.615365812474757;2.0110627025210364;178.52;40.1475750288551
4359;10.542005584817261;2.0110627025210364;189.3875;41.528654965775814
4360;10.603710200737478;2.0110627025210364;221.32;42.85097740957863
4361;10.615345852549103;2.0110627025210364;270.89750000000004;44.16211375191603
4362;10.542019524947802;2.0110627025210364;329.765;45.54277899184043
4363;10.603717878283414;2.0110627025210364;364.3775;46.864692729572006
4364;10.615325914290631;0.10312158301037869;388.4625;36.33369047082537
4365;10.542033455175234;0.09083860543512683;400.0;25.803741312304606
4366;10.60372554179352;0.10117749330502097;397.6875;15.274845148699693
4367;10.61530599766283;0.10311824521143444;390.5475;4.74700187471114
4368;10.542047375510952;2.0110627025210364;377.0125;6.131582167788264
4369;10.603733191297579;2.0110627025210364;350.7975;7.457422477838786
4370;10.615286102629275;2.0110627025210364;338.0925;8.772154938093191
4371;10.542061285966318;2.0110627025210364;338.725;10.15631950093138
4372;10.603740826825307;2.0110627025210364;336.5025;11.481750083497245
4373;10.615266229153638;2.0110627025210364;339.47;12.796098990792938
4374;10.542075186552694;2.0110627025210364;326.515;14.1798479536688
4375;10.603748448406318;2.0110627025210364;302.4925;15.50486894288743
4376;10.61524637719966;2.0110627025210364;276.40250000000003;16.818834397653465
4377;10.542089077281416;2.0110627025210364;235.94;18.202167890796353
4378;10.603756056070159;2.0110627025210364;192.79;19.526779420740624
4379;10.615226546731174;2.0110627025210364;165.91750000000002;20.840361523403935
4380;10.542102958163804;2.0110627025210364;163.575;22.223279676995983
4381;10.603763649846302;2.0110627025210364;162.2425;23.547481881674294
4382;10.615206737712095;2.0110627025210364;166.0625;24.860680732659635
4383;10.542116829211166;2.0110627025210364;181.475;26.24318367683576
4384;10.603771229764126;2.0110627025210364;202.2225;27.566976690192156
4385;10.615186950106416;2.0110627025210364;243.4025;28.879792389922045
4386;10.542130690434789;2.0110627025210364;289.4075;30.261880254770006
4387;10.603778795852946;2.0110627025210364;312.25;31.58526421068423
4388;10.615167183878222;0.10309498160936612;324.065;21.055789894789477
4389;10.542144541845936;0.09085722229014304;337.5075;10.527368526326315
4390;10.603786348141995;0.10118768375331227;336.2075;0.0
4391;10.615147438991677;1.7789772580264884;302.185;0.0
4392;10.542158383455867;2.0110627025210364;272.9325;1.3849495357169266
4393;10.603793886660412;2.0110627025210364;264.0625;2.711206848435963
4394;10.615127715411026;2.0110627025210364;281.7625;4.026564398110645
4395;10.54217221527582;2.0110627025210364;286.9925;5.411098137158806
4396;10.603801411437283;2.0110627025210364;285.525;6.736945686479672
4397;10.615108013100595;2.0110627025210364;271.6;8.051919379465458
4398;10.542186037317002;2.0110627025210364;241.085;9.43603745207636
4399;10.6038089225016;2.0110627025210364;224.14;10.761475371954631
4400;10.615088332024794;2.0110627025210364;195.7525;12.076065308993881
4401;10.54219984959063;2.0110627025210364;177.7675;13.459767845351882
4402;10.603816419882278;2.0110627025210364;170.14249999999998;14.784796269679182
4403;10.615068672148116;2.0110627025210364;163.5775;16.099002551511504
4404;10.542213652107886;2.0110627025210364;164.855;17.482289681753862
4405;10.603823903608163;2.0110627025210364;160.1975;18.806908744357933
4406;10.615049033435138;2.0110627025210364;144.48000000000002;20.120731471720116
4407;10.542227444879932;2.0110627025210364;142.175;21.50360332593701
4408;10.603831373708019;2.0110627025210364;146.29250000000002;22.8278131605818
4409;10.61502941585051;2.0110627025210364;169.51;24.141252434207757
4410;10.542241227917929;2.0110627025210364;232.5625;25.523709142442307
4411;10.60383883021053;2.0110627025210364;308.0075;26.84750988282806
4412;10.615009819358969;2.0110627025210364;362.6675;28.160565803448755
4413;10.542255001233002;0.09087573401959909;390.35;17.631433957394727
4414;10.60384627314431;0.10119772649807095;400.65250000000003;7.103355024525305
4415;10.614990243925334;0.6481450279164651;415.3425;0.0
4416;10.542268764836276;1.7667636260762292;423.89;-0.0
4417;10.603853702537894;2.0110627025210364;426.60249999999996;1.326338982589001
4418;10.614970689514497;2.0110627025210364;434.3725;2.6419841936519703
4419;10.542282518738848;2.0110627025210364;433.0875;4.0265516024307
4420;10.603861118419745;2.0110627025210364;432.67;5.352480884771699
4421;10.614951156091434;2.0110627025210364;425.53249999999997;6.6677420383963595
4422;10.542296262951808;2.0110627025210364;385.7875;8.051893814388302
4423;10.60386852081824;1.777087040387873;355.6325;8.051088625006864
4424;10.61493164362121;2.0110627025210364;305.0825;9.366098454704213
4425;10.542309997486221;2.0110627025210364;207.205;10.749967347246834
4426;10.603875909761689;2.0110627025210364;136.98000000000002;12.075210236238505
4427;10.614912152068959;2.0110627025210364;109.4275;13.389836170749371
4428;10.542323722353137;2.0110627025210364;103.35;14.773289650896816
4429;10.603883285278327;3.4285714285714284;100.4525;16.098123200917314
4430;10.614892681399898;3.4285714285714284;99.71;17.41236534126732
4431;10.542337437563594;3.4285714285714284;100.045;18.79540353904778
4432;10.60389064739631;3.4285714285714284;111.9875;20.11982788366738
4433;10.614873231579326;2.0110627025210364;146.0375;21.433686330878654
4434;10.542351143128608;2.0110627025210364;232.9625;22.816309376273388
4435;10.603897996143722;2.0110627025210364;304.9975;24.140324648999226
4436;10.614853802572615;2.0110627025210364;347.72749999999996;25.453799504090345
4437;10.542364839059182;0.09089414158256216;362.76750000000004;14.924938334666253
4438;10.603905331548567;0.10120762401091037;365.2825;4.3971300513591025
4439;10.614834394345218;1.078931548967233;359.07;0.0
4440;10.542378525366297;2.0110627025210364;337.1225;1.3847404009020174
4441;10.603912653638787;2.0110627025210364;317.46500000000003;2.71088490590508
4442;10.614815006862676;2.0110627025210364;302.84000000000003;4.026539560894947
4443;10.542392202060926;2.0110627025210364;287.635;5.410864314980978
4444;10.603919962442239;2.0110627025210364;271.6475;6.736599264229353
4445;10.61479564009059;2.0110627025210364;237.515;8.05186974621687
4446;10.542405869154022;2.0110627025210364;197.7625;9.435778983545926
4447;10.603927257986708;2.0110627025210364;156.1525;10.7611045105602
4448;10.614776293994659;2.0110627025210364;133.9775;12.075990920814219
4449;10.542419526656513;2.0110627025210364;108.795;13.45948477139845
4450;10.603934540299912;2.0110627025210364;92.955;14.784401009636396
4451;10.614756968540648;2.0110627025210364;83.0975;16.098903449421815
4452;10.542433174579328;3.4285714285714284;80.81;17.481982043226513
4453;10.603941809409486;3.4285714285714284;81.1275;18.80648912608318
4454;10.614737663694404;3.4285714285714284;80.7525;20.120607696660887
4455;10.542446812933363;3.4285714285714284;84.6725;21.503271163604527
4456;10.603949065342997;3.4285714285714284;95.0825;22.82736922441232
4457;10.61471837942185;3.4285714285714284;100.685;24.14110402703912
4458;10.542460441729506;2.0110627025210364;132.82750000000001;25.523352496993386
4459;10.603956308127941;2.0110627025210364;172.56;26.847041669022143
4460;10.614699115688985;2.0110627025210364;217.8975;28.160392804950703
4461;10.542474060978627;1.7667980313608003;235.7275;28.157576765670207
4462;10.603963537791742;0.12266133241384464;245.73000000000002;17.763135695250405
4463;10.614679872461892;1.7788988992257384;262.21;17.76135938168088
4464;10.542487670691582;2.0110627025210364;248.6825;19.14421995858571
4465;10.603970754361741;2.0110627025210364;224.95999999999998;20.468533319946193
4466;10.614660649706718;2.0110627025210364;217.01999999999998;21.782558849392817
4467;10.542501270879207;2.0110627025210364;220.0625;23.165004386172633
4468;10.603977957865222;2.0110627025210364;218.0825;24.488908825762056
4469;10.614641447389703;2.0110627025210364;220.22750000000002;25.802550559859263
4470;10.542514861552318;2.0110627025210364;209.85750000000002;27.184581186328575
4471;10.603985148329391;2.0110627025210364;174.9375;28.508076837297022
4472;10.614622265477147;2.0110627025210364;150.1975;29.821334877410003
4473;10.542528442721723;2.0110627025210364;122.64750000000001;31.202950723336624
4474;10.603992325781379;2.0110627025210364;101.85249999999999;32.52603771877198
4475;10.614603103935444;2.0110627025210364;99.88;33.83891216626143
4476;10.54254201439821;2.0110627025210364;100.0325;35.2201133613665
4477;10.603999490248244;2.0110627025210364;98.8525;36.54279183429453
4478;10.61458396273105;2.0110627025210364;121.115;37.855282790516604
4479;10.542555576592557;2.0110627025210364;135.735;39.236069464474625
4480;10.604006641756989;2.0110627025210364;155.275;40.55833954785904
4481;10.614564841830495;2.0110627025210364;214.83249999999998;41.87044711416529
4482;10.542569129315513;2.0110627025210364;280.805;43.250819396604136
4483;10.604013780334526;2.0110627025210364;339.415;44.57268122334668
4484;10.614545741200395;1.7788764203609686;363.2825;44.56822395522434
4485;10.542582672577822;1.7668162334221504;386.2475;44.563767132828815
4486;10.604020906007703;0.10122699296792131;403.32500000000005;34.032994966641844
4487;10.614526660807444;1.7788732227054176;414.84749999999997;34.02959166714518
4488;10.542596206390208;2.0110627025210364;423.32;35.410722311907776
4489;10.604028018803298;1.7771137704252793;425.1025;35.40718123967658
4490;10.614507600618394;2.0110627025210364;411.90749999999997;36.71985830096514
4491;10.542609730763374;2.0110627025210364;401.395;38.10070707090984
4492;10.604035118748026;2.0110627025210364;402.0375;39.423063637392126
4493;10.614488560600083;2.0110627025210364;403.8075;40.73535719845831
4494;10.542623245708018;2.0110627025210364;386.36;42.11579157931585
4495;10.604042205868527;0.10123056258089407;360.7925;31.58526421068423
4496;10.614469540719432;0.10297806459800668;330.60749999999996;21.055789894789477
4497;10.542636751234815;0.09093971095212681;305.73249999999996;10.527368526326315
4498;10.604049280191365;0.1012317481564611;262.9;0.0
4499;10.614450540943418;1.7788604658871288;218.815;-0.0
4500;10.542650247354421;1.7668275581815547;181.63;0.0
4501;10.60405634174304;2.0110627025210364;160.795;1.3261464753441128
4502;10.614431561239105;2.0110627025210364;151.3775;2.6423038775194287
4503;10.542663734077486;2.0110627025210364;153.79;4.026509099758065
4504;10.604063390549982;2.0110627025210364;168.69;5.352246227825606
4505;10.614412601573632;2.0110627025210364;198.01;6.668019031707874
4506;10.542677211414627;2.0110627025210364;238.025;8.051808878960808
4507;10.604070426638547;2.0110627025210364;272.7675;9.377136792766292
4508;10.6143936619142;2.0110627025210364;297.62;10.692525100268526
4509;10.542690679376465;2.0110627025210364;323.9025;12.075899702350858
4510;10.604077450035039;1.7771220545341537;339.945;12.074692112380623
4511;10.614374742228097;1.7788477628896888;335.1625;12.073484643169385
4512;10.542704137973598;2.0110627025210364;311.72;13.45670836363015
4513;10.604084460765671;2.0110627025210364;295.425;14.7814824550664
4514;10.614355842482679;2.0110627025210364;286.7375;16.096366256462346
4515;10.542717587216597;2.0110627025210364;279.5225;17.479174911980934
4516;10.604091458856605;2.0110627025210364;286.51250000000005;18.803540108575962
4517;10.614336962645371;2.0110627025210364;296.06;20.118039640052
4518;10.542731027116032;2.0110627025210364;310.52;21.500433360327765
4519;10.604098444333923;1.7771255729384414;299.065;21.49828331699173
4520;10.614318102683676;1.7389906421015533;280.745;21.245848668346703
4521;10.542744457682451;1.766843346754629;243.8425;21.24372408347987
4522;10.604105417223645;2.0110627025210364;196.92249999999999;22.56769956470906
4523;10.614299262565169;2.0110627025210364;176.9425;23.88185849531568
4524;10.542757878926386;2.0110627025210364;161.5725;25.26385032448608
4525;10.60411237755172;2.0110627025210364;157.315;26.587417180779493
4526;10.614280442257499;2.0110627025210364;147.7225;27.901192018916788
4527;10.542771290858356;2.0110627025210364;144.86249999999998;29.28276917339946
4528;10.604119325344037;2.0110627025210364;145.44;30.605927537405282
4529;10.61426164172839;2.0110627025210364;174.68;31.91931838500957
4530;10.54278469348886;2.0110627025210364;231.3175;33.300480994356654
4531;10.604126260626408;2.0110627025210364;280.10249999999996;34.62323099866213
4532;10.614242860945621;2.0110627025210364;308.1925;35.93623795766392
4533;10.542798086828384;0.09096674895169483;328.735;25.40632854439447
4534;10.604133183424581;0.10124580937837296;335.2125;14.877472122066347
4535;10.61422409987707;1.7788225169552245;344.4675;14.875984374854141
4536;10.542811470887399;2.0110627025210364;347.775;16.258825879073626
4537;10.60414009376424;2.0110627025210364;340.8025;17.583266907409694
4538;10.614205358490663;2.0110627025210364;332.385;18.898013490152824
4539;10.542824845676355;2.0110627025210364;340.8;20.28044008541127
4540;10.604146991670998;2.0110627025210364;344.63750000000005;21.604472399315284
4541;10.614186636754415;2.0110627025210364;345.72;22.91883464715866
4542;10.542838211205698;2.0110627025210364;331.0025;24.300846463048533
4543;10.604153877170408;1.7771348628476038;312.4125;24.298416378402226
4544;10.614167934636393;1.7788131043034994;283.61;24.295986536764385
4545;10.542851567485844;1.7668612971321855;229.3725;24.293556938110708
4546;10.604160750287944;2.0110627025210364;192.5125;25.61717486964335
4547;10.61414925210476;2.0110627025210364;169.57;26.931171362656865
4548;10.542864914527206;2.0110627025210364;151.44;28.312756576719757
4549;10.604167611049032;2.0110627025210364;146.43;29.6359660705655
4550;10.61413058912773;2.0110627025210364;149.01;30.9495784142871
4551;10.542878252340168;2.0110627025210364;151.105;32.33074911672251
4552;10.604174459479017;2.0110627025210364;179.0725;33.65355030530577
4553;10.614111945673598;2.0110627025210364;234.0225;34.96677860188532
4554;10.542891580935109;2.0110627025210364;301.115;36.34753492213678
4555;10.604181295603182;2.0110627025210364;355.5375;37.66992793782154
4556;10.614093321710726;1.778800600030838;384.8575;37.66616094502776
4557;10.5429049003224;0.09098464967118994;404.7875;27.13607853945958
4558;10.604188119446755;0.10125501602714121;411.03499999999997;16.60704914213195
4559;10.61407471720754;0.10291189669476972;433.33000000000004;6.079072647744053
4560;10.542918210512372;2.0110627025210364;439.0575;7.462692440492526
4561;10.604194931034877;2.0110627025210364;452.2725;8.787960986765343
4562;10.614056132132548;2.0110627025210364;460.5625;10.103728865140745
4563;10.542931511515365;2.0110627025210364;464.2075;11.486933556314636
4564;10.60420173039265;2.0110627025210364;456.4325;12.811793219085988
4565;10.614037566454327;2.0110627025210364;443.635;14.12717635163247
4566;10.542944803341685;2.0110627025210364;412.36;15.509966070822705
4567;10.604208517545088;1.7771440199492348;369.225;15.508415074215623
4568;10.61401902014151;2.0110627025210364;326.22749999999996;16.823546163573766
4569;10.54295808600164;2.0110627025210364;259.615;18.20605362725585
4570;10.604215292517155;2.0110627025210364;190.7975;19.53022849400183
4571;10.614000493162816;2.0110627025210364;153.6775;20.844975002647754
4572;10.542971359505506;2.0110627025210364;142.4625;22.22706771361726
4573;10.604222055333747;2.0110627025210364;135.1925;23.550834054278837
4574;10.613981985487023;2.0110627025210364;137.365;24.86519608466074
4575;10.542984623863555;2.0110627025210364;142.46;26.246874172381897
4576;10.604228806019693;2.0110627025210364;162.57;27.57023211924595
4577;10.61396349708299;2.0110627025210364;231.305;28.884209773805186
4578;10.542997879086041;2.0110627025210364;301.08;30.265473367696064
4579;10.604235544599756;2.0110627025210364;349.595;31.588423052989526
4580;10.613945027919616;1.778775747688145;377.1025;31.58526421068423
4581;10.543011125183202;0.09100245174249331;393.11;21.055789894789477
4582;10.604242271098649;0.10126409122442474;410.8975;10.527368526326315
4583;10.613926577965916;0.10288707025280226;432.27250000000004;0.0
4584;10.543024362165255;1.766890255543432;430.195;0.0
4585;10.604248985541009;2.0110627025210364;435.8075;1.3259634637360416
4586;10.613908147190926;2.0110627025210364;447.5725;2.642618127558288
4587;10.543037590042411;2.0110627025210364;444.14;4.026468155205241
4588;10.604255687951404;2.0110627025210364;439.1825;5.352022604835886
4589;10.61388973556378;2.0110627025210364;423.475;6.668292153789813
4590;10.543050808824866;2.0110627025210364;384.71000000000004;8.051727056190812
4591;10.604262378354353;1.7771530464046215;350.3575;8.050921883485193
4592;10.61387134305367;2.0110627025210364;311.9125;9.366939015395857
4593;10.543064018522788;2.0110627025210364;249.3825;10.750091503897668
4594;10.604269056774307;2.0110627025210364;187.5725;12.074960890811688
4595;10.613852969629859;2.0110627025210364;150.92000000000002;13.390593073574241
4596;10.543077219146346;2.0110627025210364;119.52;14.773330656077855
4597;10.604275723235652;2.0110627025210364;109.255;16.097791385938375
4598;10.613834615261675;2.0110627025210364;104.92;17.41303872230119
4599;10.543090410705682;2.0110627025210364;102.3375;18.795361528258564
4600;10.60428237776271;2.0110627025210364;110.4925;20.119413733231166
4601;10.613816279918515;2.0110627025210364;159.185;21.434276325935254
4602;10.543103593210931;2.0110627025210364;214.39749999999998;22.816184484752277
4603;10.604289020379746;2.0110627025210364;268.3725;24.139828296943044
4604;10.61379796356984;2.0110627025210364;301.17;25.454306248722002
4605;10.54311676667221;1.7669057414815554;322.865;25.45176081809713
4606;10.604295651110956;1.6307345245293028;329.82;24.529519030132104
4607;10.61377966618519;1.7787480349534341;337.255;24.52706607822909
4608;10.543129931099614;2.0110627025210364;345.295;25.908639937076636
4609;10.604302269980483;1.7771597317847425;342.735;25.90604907308293
4610;10.61376138773416;2.0110627025210364;324.4475;27.220385149828168
4611;10.543143086503237;2.0110627025210364;315.935;28.60167717913511
4612;10.604308877012397;2.0110627025210364;306.8025;29.92472357825542
4613;10.613743128186414;2.0110627025210364;299.12;31.238675134120502
4614;10.543156232893148;2.0110627025210364;265.335;32.6195528453586
4615;10.604315472230716;2.0110627025210364;226.8825;33.94219119145488
4616;10.613724887511683;2.0110627025210364;170.31;35.25575832919964
4617;10.543169370279399;2.0110627025210364;122.31;36.63622185160129
4618;10.604322055659393;2.0110627025210364;97.05499999999999;37.95845227653971
4619;10.613706665679771;2.0110627025210364;88.4975;39.27163509891627
4620;10.543182498672031;2.0110627025210364;88.87;40.65168456166795
4621;10.604328627322317;2.0110627025210364;90.1075;41.973507197255586
4622;10.613688462660537;2.0110627025210364;92.8275;43.28630580700835
4623;10.543195618081082;2.0110627025210364;97.25;44.665941339250615
4624;10.604335187243324;2.0110627025210364;105.69;45.98735631723554
4625;10.61367027842391;2.0110627025210364;143.34;47.2997708171011
4626;10.54320872851655;2.0110627025210364;193.225;48.678992547928665
4627;10.604341735446182;2.0110627025210364;246.73499999999999;50.0
4628;10.613652112939898;1.778726658488918;267.5425;49.995
4629;10.543221829988436;0.8364909814771344;281.8;44.14591125830431
4630;10.604348271954594;0.10128185575507698;291.025;33.615180877704795
4631;10.613633966178558;0.10283803186514603;300.9975;23.08550357014334
4632;10.543234922506727;1.7669255430475457;306.3925;23.083195019786327
4633;10.604354796792213;1.7771685346774053;313.6475;23.08088670028435
4634;10.613615838110023;1.778720579242468;318.1275;23.078578611614322
4635;10.543248006081384;1.766927735704963;321.24;23.07627075375316
4636;10.604361309982632;2.0110627025210364;324.695;24.399819882194286
4637;10.61359772870448;2.0110627025210364;322.09000000000003;25.714462057936814
4638;10.543261080722361;2.0110627025210364;293.1525;27.09579258504478
4639;10.60436781154937;2.0110627025210364;252.3575;28.418933584814376
4640;10.613579637932189;2.0110627025210364;216.255;29.733191035420315
4641;10.543274146439591;2.0110627025210364;173.615;31.11410727719916
4642;10.604374301515904;2.0110627025210364;136.365;32.43684028003133
4643;10.613561565763478;2.0110627025210364;115.99000000000001;33.75071310852803
4644;10.543287203243004;2.0110627025210364;105.97749999999999;35.13121519413633
4645;10.604380779905638;2.0110627025210364;97.1025;36.45354033170656
4646;10.613543512168732;2.0110627025210364;93.8725;37.7670286411131
4647;10.543300251142508;2.0110627025210364;94.045;39.147116699663606
4648;10.60438724674192;2.0110627025210364;111.515;40.46903410358882
4649;10.613525477118404;2.0110627025210364;188.04;41.78213799691598
4650;10.543313290147987;2.0110627025210364;288.71999999999997;43.1618121574757
4651;10.604393702048041;2.0110627025210364;361.23;44.48332195931431
4652;10.613507460583019;1.7787024164089391;410.3925;44.47887362711838
4653;10.54332632026933;1.7669408602668344;433.3775;44.474425739755674
4654;10.604400145847231;0.10129054922597011;442.5725;33.94366250770801
4655;10.613489462533153;0.10281381470750833;457.91499999999996;23.413952351983554
4656;10.543339341516392;1.76694304247886;466.765;23.411610956748355
4657;10.604406578162667;1.777177212642639;471.34;23.40926979565268
4658;10.613471482939458;2.0110627025210364;474.9225;24.724130959880632
4659;10.543352353899026;2.0110627025210364;470.2975;26.10547381058057
4660;10.604412999017455;2.0110627025210364;460.3775;27.42867091413293
4661;10.613453521772637;2.0110627025210364;441.5475;28.743147201357512
4662;10.543365357427069;1.7669474024478296;395.5875;28.740272886637378
4663;10.604419408434651;1.7771793628494266;364.7425;28.737398859348716
4664;10.61343557900347;0.10280478444443959;329.065;18.208209329989096
4665;10.543378352110338;1.7669495802080672;287.875;18.206388509056097
4666;10.604425806437254;2.0110627025210364;236.2375;19.5303633540898
4667;10.613417654602793;2.0110627025210364;215.3;20.845663545881738
4668;10.54339133795864;2.0110627025210364;208.1375;22.227357208466444
4669;10.604432193048195;2.0110627025210364;189.3725;23.55092388934981
4670;10.613399748541502;2.0110627025210364;177.2175;24.86583903584645
4671;10.543404314981768;2.0110627025210364;164.4425;26.247118352710185
4672;10.604438568290362;2.0110627025210364;189.1125;27.57027700099907
4673;10.613381860790577;2.0110627025210364;252.03750000000002;28.884807205547922
4674;10.543417283189493;2.0110627025210364;319.21000000000004;30.26567230579735
4675;10.604444932186567;2.0110627025210364;355.42499999999995;31.58842305298953
4676;10.613363991321027;1.7786783726021265;384.075;31.58526421068423
4677;10.54343024259158;0.0910726910248237;402.8775;21.055789894789477
4678;10.604451284759584;0.1012991195225768;416.62;10.527368526326315
4679;10.613346140103953;0.10278979550819187;431.8875;-0.0
4680;10.543443193197776;1.7669604468324454;434.19;0.0
4681;10.604457626032106;2.0110627025210364;436.2075;1.3257652552694992
4682;10.613328307110507;2.0110627025210364;436.5725;2.6429707869889905
4683;10.543456135017816;2.0110627025210364;431.185;4.026423161643366
4684;10.604463956026798;2.0110627025210364;421.8525;5.351779761101743
4685;10.613310492311903;2.0110627025210364;409.14250000000004;6.668599615429324
4686;10.543469068061416;2.0110627025210364;374.95;8.051637140809436
4687;10.604470274766237;1.7771878874646154;342.47249999999997;8.050831977095356
4688;10.613292695679425;1.77866642426832;312.5625;8.050026893897646
4689;10.543481992338279;2.0110627025210364;253.32500000000002;9.432913998486892
4690;10.604476582272968;2.0110627025210364;201.425;10.757717953927726
4691;10.6132749171844;2.0110627025210364;166.1575;12.074031010807154
4692;10.543494907858102;2.0110627025210364;124.5475;13.456503445240877
4693;10.604482878569465;2.0110627025210364;117.565;14.780899060255361
4694;10.613257156798243;2.0110627025210364;130.22;16.096826671391007
4695;10.543507814630555;2.0110627025210364;135.3775;17.478884564824842
4696;10.604489163678148;2.0110627025210364;151.04500000000002;18.80287197087412
4697;10.613239414492412;2.0110627025210364;213.675;20.118414239909242
4698;10.543520712665297;2.0110627025210364;287.3925;21.50005772145322
4699;10.604495437621384;2.0110627025210364;340.2075;22.82363704994076
4700;10.613221690238435;2.0110627025210364;374.045;24.138794080509257
4701;10.543533601971982;1.7669755983085942;391.1275;24.136380201101208
4702;10.604501700421478;0.10130756861068164;410.125;13.607650773607416
4703;10.6132039840079;0.10276597177296606;414.175;3.079974219056373
4704;10.543546482560238;1.7669777569478133;407.28499999999997;3.0796662216344672
4705;10.604507952100692;2.0110627025210364;399.61;4.4050757005166465
4706;10.613186295772454;2.0110627025210364;392.01;5.722108211962762
4707;10.543559354439685;2.0110627025210364;382.5225;7.105154614423865
4708;10.604514192681213;2.0110627025210364;385.085;8.43015561591527
4709;10.613168625503807;2.0110627025210364;378.93;9.746802406125063
4710;10.543572217619927;2.0110627025210364;363.42499999999995;11.129434119145522
4711;10.604520422185182;2.0110627025210364;344.9225;12.454026774657684
4712;10.613150973173731;1.7786426731978775;332.5275;12.452781371980219
4713;10.543585072110556;1.7669842241149258;305.9425;12.451536093843021
4714;10.604526640634687;2.0110627025210364;260.1;13.775990631630686
4715;10.613133338754054;2.0110627025210364;234.18;15.092136360751171
4716;10.54359791792114;2.0110627025210364;207.3075;16.474209125090013
4717;10.604532848051761;2.0110627025210364;185.8525;17.79825549852833
4718;10.613115722216673;2.0110627025210364;181.735;19.114015736872638
4719;10.543610755061255;2.0110627025210364;189.8825;20.49567411799076
4720;10.60453904445837;2.0110627025210364;222.8075;21.81931245834351
4721;10.613098123533536;2.0110627025210364;277.2025;23.13468730974082
4722;10.543623583540436;2.0110627025210364;336.28499999999997;24.51593143664643
4723;10.604545229876441;2.0110627025210364;376.01;25.839161875120144
4724;10.613080542676666;2.0110627025210364;399.8525;27.1541514433898
4725;10.543636403368223;1.7669928266464066;414.26;27.151436028245463
4726;10.604551404327834;0.10131589841670183;422.1675;16.622405095168958
4727;10.613062979618126;0.26262518688835723;431.8075;7.098658702020686
4728;10.543649214554137;1.766994973654587;424.895;7.0979488361504846
4729;10.60455756783436;2.0110627025210364;413.88;8.422909351824227
4730;10.613045434330054;2.0110627025210364;417.425;9.739673898275493
4731;10.543662017107676;2.0110627025210364;412.0325;11.122221014633373
4732;10.604563720417776;2.0110627025210364;398.8375;12.446773258135023
4733;10.613027906784641;2.0110627025210364;381.815;13.763152069363802
4734;10.54367481103834;2.0110627025210364;368.5475;15.145284683670441
4735;10.60456986209978;2.0110627025210364;348.55;16.469428786207285
4736;10.613010396954143;1.7786191142318715;310.86;16.467781843328666
4737;10.543687596355602;2.0110627025210364;258.8325;17.84963184860651
4738;10.604575992902017;2.0110627025210364;208.2575;19.173499692164732
4739;10.612992904810868;2.0110627025210364;182.3625;20.489239082625193
4740;10.543700373068926;2.0110627025210364;162.8825;21.87067480430145
4741;10.604582112846085;2.0110627025210364;153.0325;23.19413472961724
4742;10.612975430327197;2.0110627025210364;152.36;24.509488657333442
4743;10.543713141187762;2.0110627025210364;155.26;25.890510224339337
4744;10.60458822195352;2.0110627025210364;183.8075;27.21356236246106
4745;10.612957973475549;2.0110627025210364;236.1025;28.52853093142304
4746;10.543725900721547;2.0110627025210364;305.99;29.90913847264443
4747;10.6045943202458;2.0110627025210364;371.4325;31.231782954563656
4748;10.612940534228418;1.7786074060383712;413.20000000000005;31.2286597762682
4749;10.543738651679702;1.7670099622935407;430.3775;31.22553691029057
4750;10.60460040774437;0.10132411082864268;449.6425;20.69609856712586
4751;10.612923112558361;0.10271890093160194;469.39750000000004;10.167713167795464
4752;10.54375139407163;1.7670120977726365;480.395;10.166696396478685
4753;10.604606484470592;2.0110627025210364;483.45;11.491303566591974
4754;10.612905708437975;2.0110627025210364;487.235;12.807894013219238
4755;10.543764127906734;2.0110627025210364;495.495;14.19003730230652
4756;10.6046125504458;2.0110627025210364;504.6875;15.514236375652779
4757;10.612888321839927;2.0110627025210364;503.635;16.830441046267282
4758;10.543776853194391;2.0110627025210364;456.4775;18.212169991627984
4759;10.604618605691265;1.7772127460305283;421.635;18.210348774628823
4760;10.612870952736948;1.7785957449765144;383.1675;18.20852773975136
4761;10.543789569943964;1.767018495612052;338.11;18.206706886977386
4762;10.604624650228203;2.0110627025210364;293.75;19.530492798571895
4763;10.612853601101815;2.0110627025210364;243.49;20.846328828245312
4764;10.543802278164808;2.0110627025210364;207.79000000000002;22.22763203110592
4765;10.60463068407778;2.0110627025210364;194.5475;23.551010118028916
4766;10.612836266907376;2.0110627025210364;200.2375;24.866460563455107
4767;10.543814977866266;2.0110627025210364;211.87;26.24734968842581
4768;10.60463670726111;2.0110627025210364;240.63;27.57032008155891
4769;10.612818950126519;2.0110627025210364;299.3475;28.885385046930562
4770;10.543827669057654;2.0110627025210364;371.2425;30.2658602228211
4771;10.60464271979925;2.0110627025210364;434.40250000000003;31.58842305298953
4772;10.61280165073221;1.7785841307534362;464.4625;31.58526421068423
4773;10.543840351748292;0.09114142062724262;481.72749999999996;21.055789894789477
4774;10.60464872171321;0.10133220769703806;499.65250000000003;10.527368526326315
4775;10.61278436869746;0.1026956490479467;502.40999999999997;-0.0
4776;10.543853025947474;1.7670291301122112;494.2675;0.0
4777;10.604654713023951;1.777218797206366;483.3175;-0.0
4778;10.612767103995338;1.7785783411156015;479.0775;-0.0
4779;10.543865691664488;2.0110627025210364;483.225;1.3833275929187365
4780;10.604660693752372;2.0110627025210364;473.74;2.7087616010946913
4781;10.612749856598974;2.0110627025210364;453.1225;4.026378361165556
4782;10.5438783489086;2.0110627025210364;409.1825;5.40929129186627
4783;10.60466666391933;2.0110627025210364;328.5875;6.73431703201372
4784;10.612732626481556;2.0110627025210364;220.06;8.05154760515304
4785;10.543890997689067;2.0110627025210364;117.27;9.43404600258791
4786;10.604672623545621;2.0110627025210364;94.515;10.758663605619311
4787;10.612715413616325;2.0110627025210364;90.345;12.07550809632324
4788;10.543903638015136;2.0110627025210364;86.1625;13.45759208939923
4789;10.604678572651991;2.0110627025210364;86.08;14.781801686170898
4790;10.612698217976583;3.4285714285714284;88.7125;16.098260198924528
4791;10.543916269896036;2.0110627025210364;94.8325;17.479929916503405
4792;10.604684511259146;2.0110627025210364;109.92;18.803731637815567
4793;10.612681039535687;2.0110627025210364;161.85750000000002;20.119804277092882
4794;10.543928893340981;2.0110627025210364;217.9025;21.50105984799124
4795;10.604690439387731;2.0110627025210364;256.89;22.824453824588094
4796;10.612663878267039;1.7785610416645912;275.96750000000003;22.822171379205635
4797;10.543941508359174;1.7670439587520443;276.8225;22.819889162067714
4798;10.604696357058335;1.7772257762700605;262.155;22.817607173151508
4799;10.612646734144125;1.7785581685057446;263.3375;22.81532541243419
4800;10.543954114959803;2.0110627025210364;259.22749999999996;24.196287470681135
4801;10.60470226429151;2.0110627025210364;251.09;25.519400690857136
4802;10.612629607140457;2.0110627025210364;265.9825;26.834850624004616
4803;10.543966713152047;2.0110627025210364;285.10249999999996;28.215398761447773
4804;10.604708161107746;2.0110627025210364;296.075;29.53810446851927
4805;10.612612497229623;2.0110627025210364;302.6175;30.853168785704277
4806;10.543979302945068;2.0110627025210364;285.0275;32.23330313102789
4807;10.60471404752749;2.0110627025210364;243.4375;33.55560145556367
4808;10.612595404385258;2.0110627025210364;182.9725;34.87028026125211
4809;10.543991884348014;2.0110627025210364;126.7;36.25000094309538
4810;10.604719923571137;2.0110627025210364;108.72;37.57189201560849
4811;10.612578328581062;2.0110627025210364;98.075;38.886185414254925
4812;10.544004457370018;2.0110627025210364;94.455;40.265492561211985
4813;10.604725789259017;2.0110627025210364;96.94;41.5869765121598
4814;10.612561269790774;3.4285714285714284;99.61;42.90088460820735
4815;10.544017022020208;2.0110627025210364;111.9525;44.27977834882733
4816;10.604731644611439;2.0110627025210364;151.32999999999998;45.60085530861158
4817;10.612544227988202;2.0110627025210364;224.1175;46.914378206491925
4818;10.544029578307686;2.0110627025210364;302.45;48.29285866927898
4819;10.604737489648635;2.0110627025210364;365.59749999999997;49.61352876824585
4820;10.612527203147204;1.7785381364782693;382.87;49.60856741536902
4821;10.544042126241553;0.09117523572371909;388.24;39.077290769153805
4822;10.604743324390798;1.383711458062745;385.0975;36.60165175260826
4823;10.6125101952417;1.778535286147902;371.0525;36.597991587433
4824;10.544054665830888;1.7670629226496175;361.29;36.59433178827426
4825;10.604749148858081;2.0110627025210364;359.1575;37.91616066368026
4826;10.61249320424566;2.0110627025210364;365.8625;39.230500503580515
4827;10.54406719708476;2.0110627025210364;375.2925;40.609713616299636
4828;10.604754963070565;2.0110627025210364;389.02;41.931135430020966
4829;10.6124762301331;2.0110627025210364;400.9125;43.24508989785152
4830;10.544079720012226;2.0110627025210364;383.34749999999997;44.623889654850124
4831;10.604760767048301;1.7772365706474347;359.8575;44.61942726588464
4832;10.612459272878107;0.10264116670819291;346.73;34.08864953368437
4833;10.54409223462233;0.09118363331502433;335.255;23.55892487925731
4834;10.60476656081129;1.7772375416158226;323.505;23.556568986769385
4835;10.612442332454808;1.778523913121268;313.85249999999996;23.55421332987071
4836;10.544104740924096;2.0110627025210364;295.24;24.93495840465983
4837;10.604772344379464;2.0110627025210364;286.5925;26.257931181658876
4838;10.612425408837396;2.0110627025210364;272.5425;27.57350125014518
4839;10.544117238926543;2.0110627025210364;267.0925;28.95383252303995
4840;10.604778117772733;2.0110627025210364;275.79;30.27639792790355
4841;10.612408502000115;2.0110627025210364;278.5525;31.59158221121065
4842;10.54412972863867;1.7670755023173736;298.07;31.58842305298953
4843;10.604783881010942;1.7772404442831158;333.6;31.58526421068423
4844;10.612391611917259;0.10262982750529467;370.65250000000003;21.055789894789477
4845;10.544142210069472;0.09119200862817348;386.0825;10.527368526326315
4846;10.604789634113885;0.10135582300314823;392.52;0.0
4847;10.61237473856318;1.7785125851584036;390.52250000000004;-0.0
4848;10.544154683227925;2.0110627025210364;377.36;1.3830530509334715
4849;10.604795377101318;2.0110627025210364;367.105;2.708359137382126
4850;10.612357881912281;2.0110627025210364;357.7375;4.02634831365172
4851;10.544167148122987;2.0110627025210364;352.59;5.408986888103517
4852;10.604801109992945;2.0110627025210364;353.265;6.7338849349214085
4853;10.612341041939017;2.0110627025210364;346.8475;8.051487556585851
4854;10.544179604763618;2.0110627025210364;330.735;9.433711783304755
4855;10.604806832808418;1.7772442907417707;310.97;9.432768412126425
4856;10.612324218617905;1.7785041185935975;289.1175;9.431825135285212
4857;10.54419205315874;1.7670859471938543;258.365;9.430881952771683
4858;10.604812545567347;2.0110627025210364;232.9325;10.755366946287428
4859;10.612307411923512;2.0110627025210364;171.20499999999998;12.072599368265463
4860;10.544204493317293;2.0110627025210364;124.6975;13.454397839677208
4861;10.604818248289286;2.0110627025210364;116.5975;14.778475064018417
4862;10.61229062183045;2.0110627025210364;114.61500000000001;16.095321125773086
4863;10.544216925248179;2.0110627025210364;113.0325;17.476705514674737
4864;10.604823940993752;2.0110627025210364;117.7325;18.800375100179206
4865;10.612273848313391;2.0110627025210364;161.7975;20.11683490677147
4866;10.544229348960299;2.0110627025210364;223.84;21.49780534176851
4867;10.604829623700203;2.0110627025210364;266.52;22.821067418719142
4868;10.612257091347066;1.7784928688310386;289.3225;22.81878531197727
4869;10.544241764462539;1.7670942782396013;293.545;22.816503433446073
4870;10.604835296428055;1.1834527852551886;277.1425;19.084559587441156
4871;10.612240350906248;1.7784900633246925;242.9575;19.08265113148241
4872;10.544254171763768;1.7670963575613297;241.625;19.080742866369263
4873;10.604840959196686;2.0110627025210364;230.1275;20.404235880845775
4874;10.612223626965763;2.0110627025210364;229.0225;21.720583011640215
4875;10.544266570872846;2.0110627025210364;221.85;23.10135771100985
4876;10.604846612025403;2.0110627025210364;225.6875;24.424443293814615
4877;10.612206919500501;2.0110627025210364;246.385;25.740404275959758
4878;10.544278961798621;2.0110627025210364;239.5125;27.120765221823472
4879;10.604852254933498;2.0110627025210364;221.1025;28.443443503114466
4880;10.612190228485394;2.0110627025210364;199.13;29.75901844170303
4881;10.544291344549931;2.0110627025210364;157.9;31.138965762536426
4882;10.604857887940186;2.0110627025210364;113.44500000000001;32.461236872417
4883;10.612173553895426;2.0110627025210364;102.2075;33.7764258725291
4884;10.544303719135584;2.0110627025210364;102.12;35.15595969676305
4885;10.604863511064648;2.0110627025210364;108.405;36.47782376528196
4886;10.612156895705645;2.0110627025210364;117.0075;37.792626931985076
4887;10.544316085564398;2.0110627025210364;120.69;39.1717473880057
4888;10.604869124326024;2.0110627025210364;138.25;40.49320454515718
4889;10.61214025389113;2.0110627025210364;199.29250000000002;41.80762198350609
4890;10.544328443845165;2.0110627025210364;267.12;43.18632919965483
4891;10.604874727743397;2.0110627025210364;322.5875;44.507379575378636
4892;10.612123628427035;1.7784705019726517;368.6075;44.502928837421095
4893;10.544340793986668;1.7671108744548034;393.77250000000004;44.498478544537356
4894;10.604880321335811;0.10137102114394907;415.355;33.96771290720922
4895;10.612107019288551;1.7784677184710744;426.59749999999997;33.9643161359185
4896;10.544353135997676;1.7671129428346377;424.3325;33.960919704304914
4897;10.604885905122265;2.0110627025210364;436.23;35.282882002468334
4898;10.612090426450923;2.0110627025210364;453.28499999999997;36.597867809139714
4899;10.544365469886946;2.0110627025210364;459.6125;37.9770608259662
4900;10.604891479121697;2.0110627025210364;458.48;39.298616214717995
4901;10.61207384988945;2.0110627025210364;447.6175;40.61321619570155
4902;10.54437779566322;1.7671170755124401;421.63;40.60915487408198
4903;10.604897043353018;1.7772594089969058;402.4425;40.60509395859457
4904;10.612057289579482;0.10257379890661784;380.2275;30.074717659725035
4905;10.544390113335227;1.7671191398133366;351.075;30.071710187959063
4906;10.604902597835084;2.0110627025210364;317.5825;31.39404554899694
4907;10.612040745496422;2.0110627025210364;294.46500000000003;32.709467436220436
4908;10.544402422911697;2.0110627025210364;274.575;34.0890141877107
4909;10.604908142586709;2.0110627025210364;250.5575;35.410942550834555
4910;10.61202421761572;2.0110627025210364;254.46;36.72597844984454
4911;10.54441472440132;2.0110627025210364;272.77250000000004;38.1051118638183
4912;10.604913677626653;2.0110627025210364;295.215;39.4266333588866
4913;10.612007705912873;2.0110627025210364;319.5775;40.741283374933474
4914;10.544427017812808;2.0110627025210364;355.7575;42.12000357967381
4915;10.60491920297364;1.7772631226957836;390.71000000000004;42.11579157931585
4916;10.611991210363438;0.10256272478605137;415.0075;31.58526421068423
4917;10.544439303154823;0.09124179803010063;422.215;21.055789894789477
4918;10.604924718646352;0.10137846162522582;429.68;10.527368526326315
4919;10.611974730943022;0.10255996302373811;439.93;0.0
4920;10.544451580436045;1.7671294409961604;441.8625;-0.0
4921;10.604930224663413;1.7772649698048852;452.9125;-0.0
4922;10.611958267627275;1.7784427893945802;460.21000000000004;-0.0
4923;10.54446384966512;2.0110627025210364;453.0475;1.382759342818135
4924;10.604935721043406;2.0110627025210364;442.02;2.7079321318926177
4925;10.611941820391904;2.0110627025210364;422.9475;4.02631660930712
4926;10.544476110850702;2.0110627025210364;388.8725;5.408661672338022
4927;10.604941207804874;1.777266810453731;361.2975;5.408120806170788
4928;10.611925389212667;1.7784372793484688;332.55;5.407579994090171
4929;10.544488364001413;1.7671356055008587;295.755;5.407039236090762
4930;10.604946684966315;2.0110627025210364;258.67;6.731799181449154
4931;10.611908974065361;2.0110627025210364;242.875;8.049812476168915
4932;10.544500609125874;2.0110627025210364;235.375;9.431731916251717
4933;10.604952152546174;2.0110627025210364;225.1175;10.756084198141226
4934;10.611892574925847;2.0110627025210364;206.525;12.073710643541856
4935;10.544512846232692;2.0110627025210364;208.795;13.455216068556446
4936;10.60495761056287;2.0110627025210364;228.0325;14.779160816914864
4937;10.611876191770035;2.0110627025210364;267.6725;16.096400518651638
4938;10.544525075330455;2.0110627025210364;305.3975;17.477492057035843
4939;10.604963059034752;2.0110627025210364;335.2425;18.801029401747126
4940;10.611859824573864;2.0110627025210364;362.7325;20.117882465461783
4941;10.54453729642775;1.7671438060156544;376.7925;20.115870677215238
4942;10.604968497980146;0.1013857985406703;394.1625;9.587543300673834
4943;10.611843473313352;1.7784235511809807;402.5425;9.586584546343767
4944;10.544549509533136;1.7671458527923813;409.33;9.585625887889133
4945;10.604973927417323;1.7772722938864174;412.34749999999997;9.584667325300344
4946;10.611827137964548;2.0110627025210364;411.3775;10.902473077501494
4947;10.544561714655178;2.0110627025210364;414.7425;12.284049201271324
4948;10.604979347364516;2.0110627025210364;414.345;13.608090416354907
4949;10.611810818503551;2.0110627025210364;406.3125;14.925509329734897
4950;10.544573911802411;2.0110627025210364;392.025;16.306671562589635
4951;10.604984757839912;2.0110627025210364;352.6375;17.63030537548546
4952;10.611794514906522;2.0110627025210364;323.68;18.947337555786714
4953;10.544586100983372;2.0110627025210364;276.7875;20.328086026096933
4954;10.604990158861654;2.0110627025210364;225.18;21.65131256657575
4955;10.611778227149657;2.0110627025210364;205.815;22.96795811952692
4956;10.544598282206579;2.0110627025210364;190.875;24.348292955618717
4957;10.604995550447837;2.0110627025210364;159.5825;25.67111235339771
4958;10.6117619552092;2.0110627025210364;160.5525;26.98737138471363
4959;10.544610455480532;2.0110627025210364;175.48;28.367292714868654
4960;10.605000932616516;2.0110627025210364;207.955;29.689705099611476
4961;10.611745699061464;2.0110627025210364;265.445;31.005577714993123
4962;10.544622620813733;2.0110627025210364;319.355;32.38508566744858
4963;10.605006305385707;2.0110627025210364;355.5;33.70709116876541
4964;10.611729458682785;1.7784044436333912;383.98;33.70372045964853
4965;10.544634778214663;0.09127455741361042;401.3775;23.17403429812888
4966;10.605011668773384;0.10139303347168038;412.215;12.645401105225384
4967;10.611713234049565;0.1025161391363002;416.75;2.117820775641178
4968;10.54464692769178;1.7671621789611645;400.76;2.1176089935636138
4969;10.605017022797464;1.777279516179055;388.3925;2.1173972326642576
4970;10.611697025138248;2.0110627025210364;383.0;3.4360733190596555
4971;10.544659069253553;2.0110627025210364;380.40999999999997;4.818303595936873
4972;10.605022367475838;2.0110627025210364;364.3975;6.143050516475234
4973;10.611680831925323;2.0110627025210364;341.72;7.461339421094529
4974;10.544671202908429;2.0110627025210364;323.15999999999997;8.843155644389412
4975;10.605027702826344;2.0110627025210364;279.95;10.167495011139945
4976;10.611664654387333;2.0110627025210364;231.1575;11.485396839970864
4977;10.54468332866483;2.0110627025210364;184.7425;12.866799138055278
4978;10.605033028866773;2.0110627025210364;136.005;14.190731080718038
4979;10.611648492500871;2.0110627025210364;116.88;15.50824593973414
4980;10.54469544653118;2.0110627025210364;106.3275;16.889234440935546
4981;10.605038345614895;2.0110627025210364;103.7775;18.212759089157302
4982;10.611632346242569;2.0110627025210364;106.03;19.529887084317945
4983;10.544707556515892;2.0110627025210364;107.175;20.910461916919417
4984;10.605043653088408;2.0110627025210364;117.635;22.23357940029374
4985;10.611616215589116;2.0110627025210364;154.925;23.55032063754405
4986;10.544719658627361;2.0110627025210364;212.97;24.930481929784303
4987;10.605048951304989;2.0110627025210364;265.8625;26.253192377851587
4988;10.61160010051724;2.0110627025210364;290.7475;27.569546963122423
4989;10.544731752873965;1.767176394691175;300.4875;27.56679000842611
4990;10.605054240282275;0.10140016796949036;306.0025;17.037717539951586
4991;10.611584001003726;1.7783800665906286;306.53000000000003;17.03601376819759
4992;10.544743839264086;2.0110627025210364;283.3325;18.41680351951989
4993;10.605059520037834;2.0110627025210364;276.61;19.740155295131995
4994;10.611567917025395;2.0110627025210364;272.5925;21.057191758428356
4995;10.544755917806075;2.0110627025210364;263.0325;22.437567917336743
4996;10.605064790589227;2.0110627025210364;255.84499999999997;23.760512609485243
4997;10.611551848559126;2.0110627025210364;254.345;25.077162302093125
4998;10.544767988508285;2.0110627025210364;262.66499999999996;26.457124996780045
4999;10.605070051953954;1.7772884032589522;250.06;26.454479284280367
5000;10.61153579558184;0.102486402479264;228.515;15.925518046878258
5001;10.544780051379048;0.09129890353382476;204.3175;5.397609705599887
5002;10.605075304149471;1.7772892834668281;163.5925;5.397069944629327
5003;10.611519758070505;2.0110627025210364;134.2425;6.715586467467884
5004;10.544792106426694;2.0110627025210364;117.69;8.097362407715778
5005;10.605080547193197;2.0110627025210364;108.975;9.421726151641469
5006;10.611503736002145;2.0110627025210364;105.2375;10.739855429824267
5007;10.54480415365953;2.0110627025210364;108.1475;12.12121749830473
5008;10.605085781102515;2.0110627025210364;113.735;13.445173884507511
5009;10.61148772935381;2.0110627025210364;132.7025;14.762916024232942
5010;10.544816193085854;2.0110627025210364;190.095;16.143864349198957
5011;10.60509100589476;2.0110627025210364;224.445;17.467413507164014
5012;10.611471738102615;1.7783612526128538;252.46;17.4656667658133
5013;10.544828224713964;0.6628302009649503;256.6475;10.527368526326315
5014;10.605096221587226;0.10140720355587295;247.395;-0.0
5015;10.611455762225717;1.7783585752386728;228.3225;0.0
5016;10.544840248552122;2.0110627025210364;199.905;1.3824017638754842
5017;10.605101428197168;2.0110627025210364;191.5675;2.707417166911787
5018;10.61143980170032;2.0110627025210364;182.435;4.026278613579793
5019;10.544852264608602;2.0110627025210364;196.0825;5.408266334340263
5020;10.6051066257418;2.0110627025210364;204.9275;6.732874213252119
5021;10.611423856503666;2.0110627025210364;218.665;8.051348262152311
5022;10.544864272891656;2.0110627025210364;223.1575;9.432922068079023
5023;10.605111814238297;1.7772954021399867;213.3325;9.431978775872215
5024;10.611407926613062;1.778350558537301;186.5325;9.431035577994628
5025;10.54487627340952;2.0110627025210364;134.575;10.812460014697784
5026;10.605116993703792;2.0110627025210364;108.315;12.136517624677712
5027;10.611392012005833;2.0110627025210364;96.24;13.454481561509702
5028;10.544888266170426;2.0110627025210364;88.21;14.835492260491646
5029;10.605122164155375;2.0110627025210364;86.695;16.15914265531799
5030;10.611376112659379;2.0110627025210364;84.9875;17.476719434026048
5031;10.54490025118259;2.0110627025210364;87.5425;18.857316523459186
5032;10.605127325610093;2.0110627025210364;103.26;20.18055983247725
5033;10.611360228551124;2.0110627025210364;150.1375;21.497749559370437
5034;10.544912228454214;2.0110627025210364;200.29500000000002;22.877933167383
5035;10.605132478084961;2.0110627025210364;243.8875;24.200769519885547
5036;10.611344359658556;1.7783399054430242;271.96500000000003;24.19834944293356
5037;10.544924197993497;0.09132306085715922;280.4;13.66961381851558
5038;10.605137621596942;0.10141414172382486;288.0875;3.141931067660046
5039;10.611328505959188;1.2781631572174355;284.67;0.0
5040;10.544936159808616;1.7672106509547094;270.59749999999997;-0.0
5041;10.605142756162982;2.0110627025210364;262.1125;1.3251143816451671
5042;10.611312667430596;2.0110627025210364;257.8175;2.6442348361479366
5043;10.544948113907745;2.0110627025210364;251.915;4.0262697044519635
5044;10.605147881799956;2.0110627025210364;253.2;5.35097658977156
5045;10.611296844050395;2.0110627025210364;254.05;6.669709490264707
5046;10.544960060299038;2.0110627025210364;250.2;8.051330462031594
5047;10.605152998524721;1.7773023041551832;228.9675;8.05052532898539
5048;10.611281035796244;2.0110627025210364;198.7775;9.36900329244606
5049;10.544971998990642;2.0110627025210364;165.89499999999998;10.750342993075705
5050;10.60515810635409;2.0110627025210364;140.31;12.074367757740013
5051;10.611265242645848;2.0110627025210364;115.785;13.392458340450684
5052;10.544983929990691;2.0110627025210364;94.1925;14.773384361125483
5053;10.605163205304828;2.0110627025210364;96.0275;16.097001977649782
5054;10.61124946457696;2.0110627025210364;99.2675;17.414705286103903
5055;10.54499585330731;2.0110627025210364;102.65;18.795217754933347
5056;10.605168295393668;2.0110627025210364;111.2725;20.11842835253387
5057;10.611233701567377;2.0110627025210364;133.01;21.435744493209608
5058;10.545007768948608;2.0110627025210364;163.805;22.81584353825911
5059;10.605173376637305;2.0110627025210364;208.755;24.138647246099847
5060;10.61121795359493;1.77831872123303;226.3825;24.136233381375238
5061;10.545019676922685;1.76722464746747;233.9425;24.133819758037102
5062;10.605178449052385;1.7773065693724286;241.53;24.1314063760613
5063;10.611202220637509;1.7783160845693742;223.7875;24.128993235423692
5064;10.545031577237628;2.0110627025210364;204.53;25.508800337724406
5065;10.605183512655534;2.0110627025210364;198.2625;26.831325120667874
5066;10.61118650267305;2.0110627025210364;196.285;28.14801481061641
5067;10.54504346990152;2.0110627025210364;194.79000000000002;29.527408712728903
5068;10.60518856746331;2.0110627025210364;190.6325;30.849526832767484
5069;10.611170799679517;2.0110627025210364;197.24;32.165829620388664
5070;10.545055354922416;2.0110627025210364;197.6625;33.54481045025033
5071;10.60519361349226;2.0110627025210364;184.73000000000002;34.866522036387664
5072;10.611155111634933;1.778308189639538;172.2025;34.86303538418402
5073;10.54506723230838;2.0110627025210364;151.0525;36.241735209952644
5074;10.605198650758881;2.0110627025210364;136.51999999999998;37.56317231821071
5075;10.611139438517357;2.0110627025210364;125.04249999999999;38.878833534387404
5076;10.545079102067447;2.0110627025210364;108.71000000000001;40.257120504069896
5077;10.605203679279624;2.0110627025210364;112.005;41.578151296703844
5078;10.611123780304899;2.0110627025210364;124.645;42.89342589028452
5079;10.545090964207647;2.0110627025210364;130.1875;44.271300131698226
5080;10.605208699070914;2.0110627025210364;151.1525;45.59192473756769
5081;10.611108136975707;2.0110627025210364;179.8175;46.90681281496701
5082;10.545102818737007;2.0110627025210364;224.92000000000002;48.28427445588536
5083;10.605213710149126;2.0110627025210364;266.57;49.604493003798105
5084;10.611092508507978;0.1024121126375345;290.355;39.07321676502404
5085;10.545114665663522;0.09135498105942788;305.0225;28.542993653873857
5086;10.605218712530606;0.10142773163650853;312.90749999999997;18.013823565034784
5087;10.611076894879947;0.10240949597211908;319.225;7.485706393204596
5088;10.545126504995196;1.7672425506301541;307.5425;7.484957822565276
5089;10.605223706231655;1.777314153957866;316.1775;7.484209326783019
5090;10.611061296069899;2.0110627025210364;319.1475;8.802952674583938
5091;10.545138336740017;2.0110627025210364;318.815;10.184190959413463
5092;10.60522869126854;2.0110627025210364;318.16999999999996;11.50820528361241
5093;10.611045712056152;2.0110627025210364;311.57;12.826561036630705
5094;10.545150160905948;1.767246515090138;291.5775;12.825278380527042
5095;10.605233667657494;1.7773158233788635;268.185;12.82399585268899
5096;10.611030142817086;1.1685135728521179;249.3575;8.992696474283905
5097;10.545161977500957;1.7672484954162626;217.8525;8.991797204636477
5098;10.605238635414697;1.7773166559181324;167.325;8.990898024916014
5099;10.611014588331106;2.0110627025210364;148.14249999999998;10.309535076198973
5100;10.545173786532994;2.0110627025210364;113.0225;11.690589025485009
5101;10.605243594556303;2.0110627025210364;96.275;13.014438551753974
5102;10.61099904857667;2.0110627025210364;94.545;14.332688011750964
5103;10.545185588009995;2.0110627025210364;95.6525;15.713328434340294
5104;10.605248545098432;2.0110627025210364;103.135;17.03677098365335
5105;10.610983523532271;2.0110627025210364;130.14;18.35463295919933
5106;10.545197381939888;2.0110627025210364;196.22;19.734859983060517
5107;10.605253487057155;2.0110627025210364;230.6975;21.057895684357913
5108;10.610968013176455;1.7782768340785762;261.6275;21.055789894789477
5109;10.545209168330599;0.09137081862518176;280.24;10.527368526326315
5110;10.605258420448509;0.10143438622923268;290.4825;-0.0
5111;10.61095251748781;1.7782742371784526;292.2725;0.0
5112;10.545220947190023;1.7672583780614508;288.3325;-0.0
5113;10.6052633452885;1.777320797010265;281.315;-0.0
5114;10.610937036444954;1.7782716427327954;275.5275;-0.0
5115;10.545232718526053;1.7672603508026883;273.0875;0.0
5116;10.60526826159309;2.0110627025210364;255.355;1.3249951514865637
5117;10.610921570026564;2.0110627025210364;238.76;2.6444871604461793
5118;10.545244482346577;2.0110627025210364;229.5075;4.026240453500886
5119;10.605273169378208;2.0110627025210364;212.605;5.350828318546239
5120;10.610906118211348;2.0110627025210364;168.8175;6.669932423413604
5121;10.54525623865947;2.0110627025210364;125.6125;8.051272003444767
5122;10.605278068659736;2.0110627025210364;108.84;9.375452711017674
5123;10.610890680978065;2.0110627025210364;97.8825;10.694169018817412
5124;10.54526798747258;2.0110627025210364;89.5675;12.075095013816581
5125;10.605282959453532;2.0110627025210364;84.83500000000001;13.398868692834343
5126;10.61087525830551;2.0110627025210364;83.27;14.717197310574825
5127;10.545279728793764;2.0110627025210364;83.34;16.097709848489693
5128;10.605287841775413;2.0110627025210364;88.645;17.421076627818202
5129;10.610859850172517;2.0110627025210364;103.6625;18.73901766249153
5130;10.545291462630864;2.0110627025210364;152.71;20.119116871225962
5131;10.605292715641157;2.0110627025210364;190.2575;21.44207687967974
5132;10.610844456557974;1.7782561274029864;215.7775;21.43993267199177
5133;10.545303188991696;0.09138657541224825;228.625;10.911472889250886
5134;10.605297581066502;0.10144094910075377;230.865;0.38406595248827813
5135;10.6108290774408;1.7171128583245865;221.2275;-0.0
5136;10.545314907884086;1.7672741247987285;204.03;0.0
5137;10.605302438067158;2.0110627025210364;186.3025;1.3249626838362
5138;10.610813712799965;2.0110627025210364;150.4775;2.6445571604078495
5139;10.54532661931583;2.0110627025210364;133.5025;4.02623241634177
5140;10.605307286658793;2.0110627025210364;129.7975;5.350787870774282
5141;10.610798362614474;2.0110627025210364;129.965;6.669994347503454
5142;10.545338323294725;2.0110627025210364;126.805;8.051255940938715
5143;10.605312126857038;2.0110627025210364;116.8275;9.375404294830435
5144;10.610783026863373;2.0110627025210364;106.075;10.694222878880748
5145;10.54535001982855;2.0110627025210364;92.7325;12.075070937755736
5146;10.605316958677493;2.0110627025210364;85.59;13.398812319918342
5147;10.610767705525758;3.4285714285714284;79.8525;14.71724311843688
5148;10.545361708925087;3.4285714285714284;79.7425;16.097677770646204
5149;10.605321782135714;3.4285714285714284;80.0575;17.42101230984021
5150;10.610752398580757;3.4285714285714284;81.7675;18.739055429957507
5151;10.54537339059208;3.4285714285714284;81.46000000000001;20.119076803352034
5152;10.60532659724723;3.4285714285714284;81.7575;21.44200462828683
5153;10.610737106007544;3.4285714285714284;87.4025;22.759660177116835
5154;10.545385064837294;2.0110627025210364;111.0175;24.139268399503692
5155;10.605331404027519;2.0110627025210364;146.075;25.4617896388376
5156;10.610721827785333;2.0110627025210364;178.35500000000002;26.779057723477653
5157;10.545396731668458;0.463822392384779;187.38;18.589252357749206
5158;10.605336202492042;1.777333007043986;182.48;18.58739343251343
5159;10.61070656389338;1.7782330181700934;178.16500000000002;18.585534693170178
5160;10.545408391093297;2.0110627025210364;167.4375;19.965538168162233
5161;10.605340992656217;2.0110627025210364;139.3975;21.28846767132201
5162;10.610691314310982;2.0110627025210364;136.5175;22.606182075959445
5163;10.545420043119536;2.0110627025210364;142.2175;23.98577241678829
5164;10.605345774535419;2.0110627025210364;155.995;25.308295353737964
5165;10.61067607901748;2.0110627025210364;182.9375;26.625622249135983
5166;10.545431687754874;2.0110627025210364;190.7325;28.00479958354394
5167;10.605350548144994;1.7773354112112856;193.675;28.001999103585586
5168;10.610660857992245;0.10233977294980832;185.3425;17.472883114201544
5169;10.545443325007007;0.09141006060505424;156.8875;6.944820036416438
5170;10.605355313500253;1.7773362098303043;118.5;6.944125554412796
5171;10.610645651214702;2.0110627025210364;100.985;8.263317773203388
5172;10.545454954883619;2.0110627025210364;81.74000000000001;9.64430923428663
5173;10.605360070616474;2.0110627025210364;73.745;10.968252736277552
5174;10.610630458664312;2.0110627025210364;70.7375;12.287056975272828
5175;10.545466577392382;2.0110627025210364;72.3375;13.667635021052538
5176;10.605364819508885;2.0110627025210364;78.63;14.991171679016992
5177;10.610615280320571;2.0110627025210364;92.5425;16.309588045544547
5178;10.545478192540955;2.0110627025210364;129.99;17.689752803826085
5179;10.605369560192706;2.0110627025210364;153.3975;19.01288274636263
5180;10.610600116163026;2.0110627025210364;161.905;20.33091134773312
5181;10.545489800336993;2.0110627025210364;143.26999999999998;21.710662946278205
5182;10.605374292683093;2.0110627025210364;114.71000000000001;23.033386301934637
5183;10.61058496617125;2.0110627025210364;105.2075;24.351027245441756
5184;10.545501400788137;2.0110627025210364;105.2825;25.730365811968483
5185;10.605379016995185;2.0110627025210364;111.83500000000001;27.05268270924186
5186;10.610569830324874;2.0110627025210364;113.6925;28.36993610216231
5187;10.54551299390201;2.0110627025210364;117.8275;29.748861764345182
5188;10.605383733144079;2.0110627025210364;120.8575;31.070772331681873
5189;10.610554708603555;2.0110627025210364;126.2;32.38763828127533
5190;10.545524579686235;2.0110627025210364;135.6775;33.766151166745274
5191;10.605388441144843;1.777341761644509;127.965;33.7627745516286
5192;10.610539600986993;1.7782050370972817;109.565;33.75939827417344
5193;10.54553615814842;2.0110627025210364;91.86500000000001;35.13776298410503
5194;10.605393141012502;2.0110627025210364;78.19;36.45912572384474
5195;10.61052450745493;3.4285714285714284;72.065;37.77548152919018
5196;10.545547729296162;3.4285714285714284;69.7475;39.15343363820591
5197;10.605397832762051;3.4285714285714284;70.25;40.47439035371814
5198;10.610509427987154;3.4285714285714284;71.8175;41.79035895809498
5199;10.545559293137046;3.4285714285714284;71.5525;43.167898593718974
5200;10.605402516408454;3.4285714285714284;74.315;44.48844941327157
5201;10.610494362563482;3.4285714285714284;76.87;45.80403092389493
5202;10.545570849678645;3.4285714285714284;84.8325;47.18115821360782
5203;10.60540719196663;2.0110627025210364;109.7525;48.50130326541816
5204;10.610479311163775;2.0110627025210364;140.1675;49.816497789486036
5205;10.545582398928525;1.7673189532372895;139.37;49.81151613970709
5206;10.605411859451483;0.10146010085056537;137.8375;39.280219198619434
5207;10.61046427376793;2.0110627025210364;116.53999999999999;40.59635011662004
5208;10.545593940894243;2.0110627025210364;103.22749999999999;41.97397623775884
5209;10.605416518877862;2.0110627025210364;98.345;43.2946331472011
5210;10.610449250355893;2.0110627025210364;101.3725;44.61037689604828
5211;10.54560547558334;2.0110627025210364;103.845;45.9875906565545
5212;10.605421170260591;2.0110627025210364;110.69749999999999;47.30784178574128
5213;10.610434240907644;2.0110627025210364;125.435;48.62319847270045
5214;10.54561700300335;2.0110627025210364;133.465;50.0
5215;10.60542581361446;0.10146243940862437;131.335;39.46868421052631
5216;10.610419245403197;1.3190954001602013;113.33250000000001;36.58117491737944
5217;10.545628523161792;2.0110627025210364;95.8725;37.959169702884004
5218;10.605430448954225;2.0110627025210364;79.125;39.2802148594072
5219;10.610404263822607;3.4285714285714284;72.75;40.59640278728978
5220;10.54564003606618;3.4285714285714284;71.0375;41.97398511274819
5221;10.60543507629461;3.4285714285714284;71.2775;43.29462439175703
5222;10.610389296145978;3.4285714285714284;75.1075;44.61042509797918
5223;10.545651541724014;3.4285714285714284;80.1175;45.98759509083157
5224;10.605439695650297;3.4285714285714284;88.275;47.30782862045471
5225;10.610374342353445;3.4285714285714284;109.2675;48.623242212356885
5226;10.545663040142786;2.0110627025210364;170.86;50.0
5227;10.605444307035947;1.7782331691736368;232.9675;50.0
5228;10.610359402425182;1.0170874523231148;267.4325;45.21457451428187
5229;10.545674531329977;0.09144880813944702;284.1875;34.68373726735676
5230;10.605448910466176;0.10146631017671044;303.3325;24.153953104156344
5231;10.6103444763414;1.7781723364391904;317.09;24.15153770884593
5232;10.545686015293048;2.0110627025210364;312.6;25.53072084054665
5233;10.605453505955573;2.0110627025210364;303.015;26.8529869378048
5234;10.610329564082353;2.0110627025210364;304.495;28.170488553232786
5235;10.54569749203947;2.0110627025210364;297.435;29.549258886939967
5236;10.605458093518696;2.0110627025210364;286.1225;30.87111877220851
5237;10.61031466562833;2.0110627025210364;268.5425;32.18823272798438
5238;10.54570896157668;2.0110627025210364;242.7875;33.56659039121374
5239;10.605462673170058;1.7773542020826125;215.56;33.563233732174616
5240;10.61029978095966;1.7781648460045913;183.73250000000002;33.5598774088014
5241;10.545720423912124;2.0110627025210364;137.9875;34.938087018344
5242;10.605467244924155;2.0110627025210364;98.345;36.25939932696422
5243;10.610284910056713;2.0110627025210364;81.4675;37.57600272247765
5244;10.545731879053225;2.0110627025210364;76.025;38.95379983710484
5245;10.605471808795436;3.4285714285714284;74.7425;40.27470623876547
5246;10.610270052899892;3.4285714285714284;77.9125;41.59092221788669
5247;10.545743327007399;3.4285714285714284;86.3775;42.968306965007876
5248;10.605476364798324;3.4285714285714284;94.4425;44.28880758775296
5249;10.610255209469644;2.0110627025210364;124.61749999999999;45.60463625799803
5250;10.545754767782055;2.0110627025210364;199.4475;46.98160876497928
5251;10.60548091294721;2.0110627025210364;252.0325;48.30170373680293
5252;10.61024037974645;1.7781548910408937;278.3675;48.29687356642925
5253;10.545766201384588;0.09146417099176075;291.4325;37.76572808959892
5254;10.605485453256446;0.10147243433025684;303.9775;27.23563572731628
5255;10.61022556371083;1.7781524080428408;307.52750000000003;27.232912163743546
5256;10.545777627822382;2.0110627025210364;300.45;28.611700126095908
5257;10.605489985740364;2.0110627025210364;300.5075;29.933623469629953
5258;10.61021076134334;2.0110627025210364;296.555;31.250929884006815
5259;10.545789047102812;2.0110627025210364;289.8425;32.62930519627074
5260;10.60549451041324;2.0110627025210364;284.81;33.95082248085854
5261;10.61019597262458;2.0110627025210364;278.25;35.267741224617104
5262;10.545800459233249;2.0110627025210364;260.8075;36.64570401422306
5263;10.605499027289346;2.0110627025210364;243.05;37.96681536789676
5264;10.610181197535178;1.7781449727794152;216.62;37.963018686359966
5265;10.545811864221037;1.7673574089948971;171.27;37.95922238449133
5266;10.605503536382903;2.0110627025210364;124.2675;39.28019810268913
5267;10.610166436055811;2.0110627025210364;102.8475;40.59661196862584
5268;10.545823262073531;2.0110627025210364;94.3175;41.974020208459116
5269;10.605508037708102;2.0110627025210364;89.4125;43.29459017061558
5270;10.610151688167182;3.4285714285714284;89.3875;44.61061660783969
5271;10.54583465279806;3.4285714285714284;90.215;45.98761262602075
5272;10.605512531279107;3.4285714285714284;102.325;47.307776960043
5273;10.610136953850043;2.0110627025210364;152.41;48.623416076189464
5274;10.545846036401942;2.0110627025210364;218.5025;50.0
5275;10.605517017110042;1.778245354550146;284.115;50.0
5276;10.610122233085171;1.778135091012233;327.5975;49.995
5277;10.545857412892499;0.09147945699689414;342.59749999999997;39.463684710526316
5278;10.60552149521501;0.10147847455013971;360.3175;28.933422552581575
5279;10.610107525853396;0.10224704081426275;367.4925;18.404213420852635
5280;10.545868782277033;1.7673669478098568;369.495;18.40237299951055
5281;10.605525965608079;2.0110627025210364;373.07;19.725283094882922
5282;10.610092832135567;2.0110627025210364;375.0475;21.043722376044645
5283;10.545880144562831;2.0110627025210364;372.89;22.42303186647235
5284;10.605530428303274;2.0110627025210364;368.0875;23.745535656397593
5285;10.610078151912578;2.0110627025210364;354.5575;25.063586858515002
5286;10.545891499757179;2.0110627025210364;335.65;26.44248357505983
5287;10.605534883314597;2.0110627025210364;259.23;27.764581187553457
5288;10.610063485165371;2.0110627025210364;164.3625;29.082244418527598
5289;10.545902847867351;2.0110627025210364;122.1675;30.46072848861176
5290;10.605539330656022;2.0110627025210364;103.9975;31.78242005163968
5291;10.61004883187491;3.4285714285714284;90.8375;33.09969541935335
5292;10.545914188900609;3.4285714285714284;85.035;34.47776697035584
5293;10.605543770341486;3.4285714285714284;80.4225;35.79905261183439
5294;10.610034192022198;3.4285714285714284;80.55250000000001;37.11594022415212
5295;10.545925522864202;3.4285714285714284;83.6075;38.493599383408714
5296;10.605548202384892;3.4285714285714284;87.9875;39.81447923120472
5297;10.610019565588274;3.4285714285714284;92.015;41.13097919597274
5298;10.54593684976537;2.0110627025210364;127.2525;42.50822609077604
5299;10.60555262680012;2.0110627025210364;210.9575;43.82870027270685
5300;10.610004952554226;1.8566020887147066;234.53;44.26923035256572
5301;10.545948169611355;0.09149466678458544;238.3425;33.73848764005678
5302;10.605557043601012;0.10148443205290832;235.69;23.20879800181909
5303;10.609990352901164;1.778112989402295;232.195;23.20647712201891
5304;10.545959482409367;2.0110627025210364;212.48;24.58549496601781
5305;10.60556145280138;2.0110627025210364;199.42;25.907753036359896
5306;10.60997576661024;2.0110627025210364;193.4475;27.225685282776535
5307;10.54597078816662;2.0110627025210364;181.9225;28.604290465489967
5308;10.605565854415007;2.0110627025210364;182.1075;29.926142474749163
5309;10.609961193662645;2.0110627025210364;186.04;31.243686726522174
5310;10.54598208689032;2.0110627025210364;191.5575;32.62187937530372
5311;10.605570248455637;2.0110627025210364;177.715;33.94332545133334
5312;10.609946634039602;2.0110627025210364;146.71;35.26048181645058
5313;10.545993378587657;2.0110627025210364;107.83500000000001;36.63826205861066
5314;10.605574634936994;3.4285714285714284;97.155;37.95930232921465
5315;10.60993208772237;3.4285714285714284;90.84;39.276070915645484
5316;10.546004663265812;3.4285714285714284;82.19749999999999;40.653438878451404
5317;10.605579013872767;3.4285714285714284;74.41749999999999;41.97407347138443
5318;10.609917554692247;3.4285714285714284;71.9125;43.290454387079656
5319;10.546015940931955;3.4285714285714284;78.58250000000001;44.667410197755586
5320;10.60558338527661;3.4285714285714284;84.9175;45.987639240723034
5321;10.609903034930568;3.4285714285714284;101.33500000000001;47.30363259361492
5322;10.546027211593247;2.0110627025210364;164.7575;48.68017637934197
5323;10.605587749162149;2.0110627025210364;246.05;50.0
5324;10.6098885284187;1.7780959247840544;297.78999999999996;49.995
5325;10.546038475256838;1.7389725619793786;303.415;49.81147540962144
5326;10.605592105542987;0.10149030803322374;299.4525;39.28017847260679
5327;10.609874035138045;2.0110627025210364;294.0925;40.596870121378394
5328;10.546049731929877;2.0110627025210364;293.69;41.974063189032876
5329;10.60559645443268;2.0110627025210364;298.51;43.294549151002926
5330;10.609859555070045;2.0110627025210364;302.545;44.61085311877128
5331;10.546060981619483;2.0110627025210364;301.275;45.9876341009209
5332;10.605600795844767;2.0110627025210364;308.6725;47.30771458145828
5333;10.609845088196177;2.0110627025210364;316.645;48.623630976213775
5334;10.546072224332791;2.0110627025210364;297.46500000000003;50.0
5335;10.605605129792755;0.10149249074846839;271.0375;39.46868421052631
5336;10.609830634497955;0.10220063699113134;217.55;28.938421552631574
5337;10.546083460076902;2.0110627025210364;161.2925;30.316748423403254
5338;10.605609456290114;2.0110627025210364;105.0875;31.638387765085305
5339;10.60981619395692;2.0110627025210364;88.1525;32.955898542049724
5340;10.546094688858924;2.0110627025210364;82.3775;34.33381299777954
5341;10.60561377535029;2.0110627025210364;81.795;35.655046529896985
5342;10.609801766554652;2.0110627025210364;80.5425;36.97216934701708
5343;10.54610591068594;2.0110627025210364;93.3925;38.34967151493073
5344;10.605618086986697;2.0110627025210364;127.5975;39.67049936514188
5345;10.609787352272779;2.0110627025210364;216.6075;40.98723433054623
5346;10.54611712556504;2.0110627025210364;302.73249999999996;42.36432433782639
5347;10.60562239121271;2.0110627025210364;360.9975;43.68474663374053
5348;10.609772951092946;0.102190969912434;381.71250000000003;33.15406236960347
5349;10.546128333503294;0.091524860191537;390.8675;22.62443117389283
5350;10.605626688041697;0.10149610366433338;404.66999999999996;12.095852941301759
5351;10.609758562996847;2.0110627025210364;408.9;13.415372721160624
5352;10.546139534507768;2.0110627025210364;385.7525;14.795198626106128
5353;10.605630977486973;2.0110627025210364;381.6375;16.118369677630895
5354;10.609744187966195;2.0110627025210364;377.39;17.43750086209525
5355;10.546150728585504;2.0110627025210364;374.52750000000003;18.81691391985281
5356;10.60563525956183;2.0110627025210364;391.5375;20.139678731877083
5357;10.609729825982756;2.0110627025210364;410.6125;21.45842142932028
5358;10.546161915743548;2.0110627025210364;379.8325;22.837421767220977
5359;10.605639534279538;2.0110627025210364;353.765;24.159780467478694
5360;10.609715477028317;2.0110627025210364;295.345;25.478134786255044
5361;10.546173095988939;2.0110627025210364;218.74;26.85672253158693
5362;10.605643801653327;2.0110627025210364;181.475;28.17867524776311
5363;10.609701141084711;2.0110627025210364;148.405;29.49664129620786
5364;10.546184269328695;2.0110627025210364;119.005;30.874816576215977
5365;10.605648061696401;2.0110627025210364;111.11;32.19636343594677
5366;10.609686818133799;2.0110627025210364;107.97;33.51394132237607
5367;10.546195435769834;2.0110627025210364;117.3275;34.891704264262486
5368;10.605652314421942;2.0110627025210364;172.6125;36.21284539513521
5369;10.609672508157473;2.0110627025210364;238.385;37.5300352278461
5370;10.546206595319351;2.0110627025210364;311.075;38.907385958769936
5371;10.605656559843084;2.0110627025210364;346.42;40.228121488323126
5372;10.609658211137665;0.10217174080872113;354.23249999999996;29.697782886700608
5373;10.546217747984244;0.09153984503551231;345.89750000000004;19.168497318938257
5374;10.605660797972954;0.10150182009854465;357.76;8.64026467973268
5375;10.609643927056348;2.0110627025210364;351.87;9.960238922561176
5376;10.546228893771499;2.0110627025210364;349.655;11.340325449585997
5377;10.605665028824635;2.0110627025210364;361.22;12.663809639657634
5378;10.609629655895517;2.0110627025210364;377.97249999999997;13.983395085592926
5379;10.546240032688086;2.0110627025210364;377.69;15.363068715030685
5380;10.605669252411186;2.0110627025210364;378.7575;16.686146618368557
5381;10.609615397637207;2.0110627025210364;381.545;18.005343375951373
5382;10.546251164740971;2.0110627025210364;360.65749999999997;19.384604235109858
5383;10.60567346874563;2.0110627025210364;331.2575;20.707275979378
5384;10.609601152263489;2.0110627025210364;287.2625;22.02608415712975
5385;10.546262289937113;2.0110627025210364;237.745;23.40493237327378
5386;10.605677677840974;2.0110627025210364;189.7775;24.727198086087526
5387;10.609586919756456;2.0110627025210364;156.6225;26.045617792510285
5388;10.546273408283453;2.0110627025210364;130.34;27.424053492861756
5389;10.605681879710186;2.0110627025210364;119.565;28.745913301787795
5390;10.609572700098257;2.0110627025210364;119.33;30.06394464536427
5391;10.546284519786923;2.0110627025210364;149.32;31.441967957102158
5392;10.605686074366213;2.0110627025210364;200.5925;32.763421989658546
5393;10.609558493271054;2.0110627025210364;269.46000000000004;34.08106507885208
5394;10.546295624454457;2.0110627025210364;326.9425;35.45867612911246
5395;10.605690261821957;1.9339696883601165;360.85;36.34271160395547
5396;10.609544299257056;0.10215265048084889;374.525;25.812761543321393
5397;10.546306722292963;0.0915547561116579;370.9925;15.28386447769338
5398;10.60569444209031;0.10150745846767598;385.5025;4.756020301771927
5399;10.609530118038503;1.77803585930507;386.70000000000005;4.755544699741749
5400;10.546317813309354;2.0110627025210364;380.34999999999997;6.136067222627889
5401;10.605698615184128;2.0110627025210364;388.69;7.460039931480704
5402;10.609515949597657;2.0110627025210364;400.055;8.780253775369781
5403;10.546328897510532;2.0110627025210364;405.8575;10.160363297357238
5404;10.605702781116236;2.0110627025210364;414.71999999999997;11.483929618967078
5405;10.609501793916838;2.0110627025210364;416.62;12.803754521784185
5406;10.546339974903372;2.0110627025210364;382.58;14.183451170173804
5407;10.605706939899433;2.0110627025210364;346.845;15.506611232152325
5408;10.609487650978375;2.0110627025210364;313.1225;16.826047302599655
5409;10.546351045494761;2.0110627025210364;249.795;18.205331204649372
5410;10.605711091546489;2.0110627025210364;194.21249999999998;19.528085134559742
5411;10.60947352076464;2.0110627025210364;158.465;20.84713248131988
5412;10.546362109291566;2.0110627025210364;139.8225;22.22600376424476
5413;10.605715236070145;2.0110627025210364;128.4075;23.5483516896017
5414;10.609459403258048;2.0110627025210364;136.785;24.867010421337593
5415;10.546373166300647;2.0110627025210364;169.695;26.245469212309843
5416;10.605719373483119;2.0110627025210364;223.62;27.56741126057965
5417;10.609445298441026;2.0110627025210364;283.5075;28.88568148593462
5418;10.546384216528848;2.0110627025210364;346.885;30.26372791208362
5419;10.605723503798089;2.0110627025210364;383.93;31.58526421068423
5420;10.609431206296062;0.10213369739453444;400.0675;21.055789894789477
5421;10.546395259983015;0.09156959401551054;407.47;10.527368526326315
5422;10.605727627027717;0.1015130198835012;419.2675;-0.0
5423;10.609417126805644;1.7780169232672272;429.5175;0.0
5424;10.546406296669979;1.7674570290721667;421.315;-0.0
5425;10.605731743184638;2.0110627025210364;414.725;1.324554843974594
5426;10.609403059952323;2.0110627025210364;419.4125;2.64548948153549
5427;10.546417326596552;2.0110627025210364;411.08;4.026128472320612
5428;10.605735852281441;2.0110627025210364;406.3725;5.350276799806011
5429;10.609389005718665;2.0110627025210364;413.07;6.670822216693299
5430;10.54642834976956;2.0110627025210364;397.47249999999997;8.051048202190549
5431;10.60573995433071;1.7774006712326376;367.425;8.050243097370329
5432;10.609374964087278;1.778009857278032;286.3475;8.049438073060593
5433;10.546439366195795;2.0110627025210364;190.1925;9.429515731367282
5434;10.605744049344985;2.0110627025210364;123.9175;10.75311593291641
5435;10.609360935040797;2.0110627025210364;92.79;12.07314773303436
5436;10.546450375882054;2.0110627025210364;84.905;13.452812561173106
5437;10.605748137336784;2.0110627025210364;83.5825;14.776006549447043
5438;10.60934691856189;2.0110627025210364;86.4325;16.095649376158303
5439;10.546461378835122;2.0110627025210364;96.8075;17.47490150132732
5440;10.605752218318605;2.0110627025210364;109.6625;18.797689403774513
5441;10.609332914633265;2.0110627025210364;163.225;20.116943365932535
5442;10.546472375061771;2.0110627025210364;220.2375;21.49578291528726
5443;10.6057562923029;1.7774034092898463;264.995;21.49363333699573
5444;10.609318923237657;0.10211488003862754;281.82;10.965168184188348
5445;10.546483364568768;0.09158435933603801;280.865;0.4377558778962456
5446;10.605760359302108;1.7077163276036416;279.16499999999996;-0.0
5447;10.609304944357826;1.7779981227725035;274.3375;0.0
5448;10.54649434736287;1.7674717853608672;270.76;-0.0
5449;10.605764419328638;1.7774047712863752;267.89;-0.0
5450;10.609290977976576;2.0110627025210364;257.8625;1.321173570922253
5451;10.546505323450818;2.0110627025210364;239.1125;2.7018613962868834
5452;10.605768472394871;2.0110627025210364;236.0;4.026111161372127
5453;10.609277024076746;2.0110627025210364;240.855;5.346895377383081
5454;10.546516292839351;2.0110627025210364;233.18;6.7271702096479595
5455;10.60577251851316;2.0110627025210364;221.56;8.051013600039493
5456;10.609263082641197;2.0110627025210364;207.4525;9.37140857017035
5457;10.546527255535201;2.0110627025210364;171.6625;10.751270536554893
5458;10.605776557695828;2.0110627025210364;126.715;12.074707679690201
5459;10.609249153652819;2.0110627025210364;101.4575;13.394713512952054
5460;10.546538211545082;2.0110627025210364;90.915;14.77416274063293
5461;10.60578058995518;2.0110627025210364;84.85;16.097193763901444
5462;10.609235237094552;3.4285714285714284;81.0625;17.41681056928523
5463;10.546549160875704;3.4285714285714284;81.0675;18.795847185396383
5464;10.605784615303481;3.4285714285714284;85.365;20.118472216139534
5465;10.609221332949346;2.0110627025210364;114.4975;21.43770010261604
5466;10.54656010353377;2.0110627025210364;155.6325;22.8163242342487
5467;10.605788633752978;2.0110627025210364;199.2775;24.138543399759946
5468;10.609207441200205;1.7779817823588644;217.63;24.13612954541997
5469;10.54657103952597;1.7674846380899327;219.57;24.133715932465428
5470;10.60579264531589;1.7774095016388922;223.1725;24.131302560872182
5471;10.609193561830148;1.8486950412929424;226.5425;24.52975095895491
5472;10.546581968858984;2.0110627025210364;230.605;25.90804511344298
5473;10.605796650004407;2.0110627025210364;234.0575;27.229947491427453
5474;10.609179694822233;2.0110627025210364;233.685;28.548503786597188
5475;10.54659289153948;2.0110627025210364;243.7975;29.92638568925602
5476;10.605800647830694;2.0110627025210364;247.06;31.247882435247934
5477;10.609165840159546;2.0110627025210364;257.9475;32.56605009885284
5478;10.546603807574131;2.0110627025210364;258.6275;33.94351987664753
5479;10.605804638806891;2.0110627025210364;237.74;35.264611117793315
5480;10.609151997825212;2.0110627025210364;194.195;36.58239025874758
5481;10.546614716969586;2.0110627025210364;144.7625;37.9594480386006
5482;10.605808622945103;2.0110627025210364;112.06;39.28013390199889
5483;10.609138167802382;2.0110627025210364;101.295;40.59752462919642
5484;10.546625619732492;2.0110627025210364;95.0325;41.97417053798763
5485;10.605812600257417;3.4285714285714284;91.925;43.29445115068929
5486;10.609124350074234;3.4285714285714284;90.98;44.6114535730037
5487;10.546636515869476;3.4285714285714284;95.2875;45.987687737570404
5488;10.605816570755891;2.0110627025210364;117.72;47.30756322657855
5489;10.609110544623988;2.0110627025210364;194.98250000000002;48.62417745286311
5490;10.54664740538718;2.0110627025210364;278.03;50.0
5491;10.60582053445256;1.7782962205840716;346.6075;50.0
5492;10.60909675143489;1.7779632320206498;391.29499999999996;49.995
5493;10.54665828829221;0.49331241784453206;394.47;41.98677331567715
5494;10.605824491359423;1.777414838671423;397.06;41.98257463834558
5495;10.609082970490212;1.7779609224919957;397.48;41.97837638088175
5496;10.54666916459118;1.767501082728168;406.7175;41.97417854324366
5497;10.605828441488459;2.0110627025210364;416.88;43.2944441059753
5498;10.609069201773268;2.0110627025210364;421.90250000000003;44.611498919880106
5499;10.546680034290688;2.0110627025210364;420.6375;45.987691737411964
5500;10.605832384851627;2.0110627025210364;419.4675;47.30755220262918
5501;10.609055445267398;2.0110627025210364;414.0375;48.624218774404895
5502;10.54669089739732;2.0110627025210364;398.02;50.0
5503;10.605836321460847;0.10153123582687125;362.28;39.46868421052631
5504;10.609041700955968;0.10206842075604321;308.605;28.938421552631574
5505;10.546701753917672;1.767506544326419;226.2275;28.93552771047631
5506;10.605840251328026;2.0110627025210364;158.8425;30.257085918943638
5507;10.609027968822385;2.0110627025210364;116.185;31.575483639970475
5508;10.546712603858301;2.0110627025210364;104.955;32.95294911794109
5509;10.605844174465032;2.0110627025210364;105.67750000000001;34.27410185728751
5510;10.609014248850073;2.0110627025210364;108.1275;35.59211091069422
5511;10.546723447225775;2.0110627025210364;129.1675;36.969164424738665
5512;10.605848090883715;2.0110627025210364;175.3125;38.289911821956665
5513;10.609000541022507;2.0110627025210364;257.6975;39.60753231680309
5514;10.546734284026654;2.0110627025210364;348.5425;40.98417399374608
5515;10.6058520005959;1.777419448904711;401.125;40.98007557634671
5516;10.608986845323177;0.10205922757961565;431.0325;30.449661779315385
5517;10.546745114267475;0.09162822559074343;439.155;19.920301023663768
5518;10.60585590361338;0.10153451757158732;440.1475;9.39199320408772
5519;10.608973161735602;1.7779425198010952;440.25;9.391054004767312
5520;10.546755937954782;2.0110627025210364;443.3225;10.770696758309793
5521;10.605859799947932;2.0110627025210364;434.93;12.094052878683428
5522;10.608959490243342;2.0110627025210364;438.0525;13.414331957664384
5523;10.546766755095096;2.0110627025210364;448.1575;14.793562107128277
5524;10.605863689611292;2.0110627025210364;446.935;16.116512245786836
5525;10.608945830829985;2.0110627025210364;429.2875;17.43640205527377
5526;10.54677756569494;2.0110627025210364;395.6775;18.815219727658047
5527;10.60586757261519;1.7774220585969775;340.1;18.81333820568528
5528;10.608932183479144;1.7779356523141638;284.6;18.811456871864713
5529;10.546788369760826;2.0110627025210364;190.8225;20.190126774904744
5530;10.605871448971316;2.0110627025210364;134.25;21.512529885704502
5531;10.608918548174467;2.0110627025210364;106.815;22.83190601195019
5532;10.546799167299248;2.0110627025210364;92.85249999999999;24.21016361241471
5533;10.605875318691337;2.0110627025210364;97.0325;25.5321610432967
5534;10.608904924899633;2.0110627025210364;97.75;26.85114814853772
5535;10.546809958316706;2.0110627025210364;109.43;28.228993573321997
5536;10.6058791817869;2.0110627025210364;134.8175;29.550585451267107
5537;10.608891313638349;2.0110627025210364;220.465;30.86918364476555
5538;10.546820742819676;2.0110627025210364;313.2375;32.24661702072238
5539;10.60588303826962;2.0110627025210364;352.8825;33.567803472664174
5540;10.60887771437435;0.10204093848120926;373.855;23.03813090284322
5541;10.546831520814639;0.09164270633943129;388.61;12.509511300279256
5542;10.605886888151092;1.7774252956597967;396.6725;12.508260349149229
5543;10.608864127091412;1.777924246842244;404.52250000000004;12.507009523114315
5544;10.546842292308053;2.0110627025210364;413.2575;13.886258644469352
5545;10.605890731442882;2.0110627025210364;420.01;15.209273823734168
5546;10.60885055177332;2.0110627025210364;414.1375;16.52934487216714
5547;10.546853057306379;2.0110627025210364;411.8;17.908181533238864
5548;10.605894568156536;2.0110627025210364;414.6325;19.23079087533683
5549;10.608836988403912;2.0110627025210364;408.2275;20.55047265726558
5550;10.546863815816064;2.0110627025210364;377.825;21.928896984974592
5551;10.60589839830357;1.777427224629659;355.6925;21.926704095276094
5552;10.608823436967043;1.7779174276429544;316.76;21.924511424866566
5553;10.54687456784355;1.7675355059631532;261.34000000000003;21.922318973724078
5554;10.605902221895473;2.0110627025210364;196.265;23.24451963102601
5555;10.608809897446596;2.0110627025210364;157.5575;24.563825776488642
5556;10.546885313395265;2.0110627025210364;122.375;25.941828346185492
5557;10.605906038943717;2.0110627025210364;111.42750000000001;27.263623426354343
5558;10.608796369826493;2.0110627025210364;114.3775;28.58254051267654
5559;10.54689605247763;2.0110627025210364;137.365;29.960131008771523
5560;10.605909849459746;2.0110627025210364;203.2975;31.281520638683887
5561;10.608782854090682;2.0110627025210364;276.3625;32.600048775233866
5562;10.546906785097054;2.0110627025210364;321.71999999999997;33.97722732451414
5563;10.605913653454975;1.7774297812184934;346.26750000000004;33.97382960178169
5564;10.608769350223136;0.10202277788930966;362.2025;23.444116429347822
5565;10.546917511259947;0.09165711735420902;367.7825;12.915456228231205
5566;10.6059174509408;1.5832073146087084;369.2275;11.69424028334068
5567;10.608755858207866;2.0110627025210364;378.375;13.014752794014873
5568;10.546928230972705;2.0110627025210364;392.5325;14.393869499311402
5569;10.605921241928586;2.0110627025210364;405.095;15.716804932529314
5570;10.608742378028904;2.0110627025210364;418.1475;17.036927992908602
5571;10.54693894424171;2.0110627025210364;428.3575;18.41563230307969
5572;10.605925026429677;2.0110627025210364;421.39;19.738161964741188
5573;10.608728909670315;2.0110627025210364;409.16;21.057895684357913
5574;10.546949651073339;1.767548089053404;387.4175;21.055789894789477
5575;10.605928804455397;0.1015467349186176;358.36;10.527368526326315
5576;10.608715453116195;0.10201374535084776;326.82;0.0
5577;10.546960351473967;1.7675498823181213;271.5025;-0.0
5578;10.605932576017038;2.0110627025210364;179.685;1.324364052783814
5579;10.608702008350667;2.0110627025210364;123.675;2.645964708445402
5580;10.54697104544995;2.0110627025210364;109.395;4.026077618797105
5581;10.605936341125874;2.0110627025210364;108.875;5.350035486965646
5582;10.608688575357885;2.0110627025210364;112.5925;6.671246336826958
5583;10.546981733007648;2.0110627025210364;124.1525;8.05094656583601
5584;10.605940099793147;2.0110627025210364;148.0925;9.37449837637594
5585;10.608675154122027;2.0110627025210364;185.69;10.695319530122376
5586;10.54699241415339;2.0110627025210364;229.4075;12.074607204723643
5587;10.60594385203008;1.7774348421541653;257.3725;12.07339974400317
5588;10.608661744627312;1.7778903298568112;278.47;12.07219240402877
5589;10.547003088893522;1.5897979879172137;286.595;10.954472230943342
5590;10.605947597847877;1.7774354699103703;285.98249999999996;10.953376783720248
5591;10.608648346857974;1.7778880845439602;286.8675;10.952281446041876
5592;10.547013757234367;2.0110627025210364;298.1575;12.331523148524623
5593;10.605951337257709;2.0110627025210364;288.385;13.654636225814945
5594;10.608634960798282;2.0110627025210364;288.6325;14.975067549433994
5595;10.547024419182247;2.0110627025210364;284.555;16.353896844455917
5596;10.605955070270717;2.0110627025210364;284.02250000000004;17.67660413801429
5597;10.608621586432532;2.0110627025210364;284.3925;18.996645970489585
5598;10.547035074743457;2.0110627025210364;285.84749999999997;20.375062984886252
5599;10.605958796898037;1.7774373467430438;280.8975;20.373025478587763
5600;10.608608223745062;1.7778813603693029;252.4225;20.370988176039905
5601;10.547045723924315;1.7675641897640144;193.4875;20.368951077222302
5602;10.605962517150768;2.0110627025210364;134.9875;21.691249790821352
5603;10.608594872720218;2.0110627025210364;114.4925;23.010915536758063
5604;10.5470563667311;2.0110627025210364;99.97;24.388910896809843
5605;10.605966231039986;2.0110627025210364;95.71;25.710804086232177
5606;10.608581533342385;2.0110627025210364;89.625;27.03008054914829
5607;10.547067003170099;2.0110627025210364;97.52;28.407663888081782
5608;10.60596993857675;2.0110627025210364;124.56;29.72915168004506
5609;10.608568205595974;2.0110627025210364;156.3875;31.048038969560878
5610;10.547077633247588;2.0110627025210364;200.3675;32.42521041407871
5611;10.605973639772085;2.0110627025210364;237.6825;33.74629293525383
5612;10.60855488946543;1.7778724221542583;256.595;33.7429183059603
5613;10.547088256969833;0.09168573238160622;259.3725;23.213228224656024
5614;10.605977334637;1.7774404534559953;261.375;23.21090690183356
5615;10.60854158493522;1.7778701924672184;272.58500000000004;23.208585811143376
5616;10.547098874343096;2.0110627025210364;268.48;24.58652102193632
5617;10.605981023182474;2.0110627025210364;250.47;25.908380397810777
5618;10.608528291989847;2.0110627025210364;233.785;27.227687682380644
5619;10.547109485373621;2.0110627025210364;222.1775;28.605210902507466
5620;10.605984705419475;2.0110627025210364;226.09;29.926664911268713
5621;10.60851501061383;2.0110627025210364;226.7525;31.245582984694448
5622;10.547120090067645;2.0110627025210364;215.4975;32.622694340831714
5623;10.605988381358934;2.0110627025210364;195.8625;33.94374310910665
5624;10.608501740791732;2.0110627025210364;167.04250000000002;35.2622720810436
5625;10.547130688431412;2.0110627025210364;122.0825;36.63897169982565
5626;10.605992051011759;2.0110627025210364;95.5125;37.959615354194504
5627;10.608488482508129;2.0110627025210364;87.755;39.277755334276364
5628;10.547141280471136;2.0110627025210364;85.035;40.65404334229536
5629;10.605995714388847;2.0110627025210364;86.27250000000001;41.97428200929173
5630;10.608475235747635;2.0110627025210364;89.385;43.29203310713054
5631;10.547151866193039;2.0110627025210364;86.5475;44.66790963093644
5632;10.605999371501062;2.0110627025210364;89.5025;45.98774343704734
5633;10.60846200049489;2.0110627025210364;113.7775;47.30510576223349
5634;10.547162445603322;2.0110627025210364;179.2975;48.68057092833411
5635;10.606003022359243;2.0110627025210364;240.77249999999998;50.0
5636;10.608448776734566;1.086444607344604;260.61;45.652221235655176
5637;10.547173018708188;0.0916999374791568;262.76750000000004;35.121340224057924
5638;10.606006666974212;0.10155978378591032;265.815;24.591512300561835
5639;10.60843556445134;1.7778524246471492;270.555;24.58905314933178
5640;10.547183585513826;1.767587293789079;268.6325;24.586594244016847
5641;10.606010305356763;2.0110627025210364;289.4325;25.90842579450352
5642;10.608422363629954;2.0110627025210364;297.7025;27.22783370647561
5643;10.547194146026422;2.0110627025210364;305.185;28.605276484379864
5644;10.606013937517673;2.0110627025210364;300.28499999999997;29.926702716089636
5645;10.60840917425515;2.0110627025210364;301.005;31.245721330275632
5646;10.547204700252145;2.0110627025210364;279.5325;32.622752292903066
5647;10.606017563467685;2.0110627025210364;229.225;33.94377333237948
5648;10.608395996311708;2.0110627025210364;166.925;35.26240275855012
5649;10.547215248197164;2.0110627025210364;122.2825;36.639022032486956
5650;10.606021183217536;2.0110627025210364;100.8775;37.959638006227046
5651;10.60838282978444;3.4285714285714284;96.19;39.27787835413121
5652;10.547225789867628;3.4285714285714284;94.145;40.65408606592155
5653;10.606024796777923;3.4285714285714284;90.4325;41.97429710037593
5654;10.608369674658165;3.4285714285714284;90.7525;43.29214847974063
5655;10.547236325269695;3.4285714285714284;96.5025;44.66794475588645
5656;10.60602840415953;3.4285714285714284;102.145;45.98775097745931
5657;10.608356530917762;2.0110627025210364;132.715;47.30521349798968
5658;10.547246854409504;2.0110627025210364;215.32999999999998;48.680598464950855
5659;10.606032005373013;2.0110627025210364;296.02750000000003;50.0
5660;10.608343398548106;1.777836978696279;319.09000000000003;49.995
5661;10.547257377293183;0.091714075012817;320.775;39.463684710526316
5662;10.60603560042901;1.7774502181360905;322.315;39.45973834205526
5663;10.608330277534122;1.777834779764459;321.93;39.455792368221054
5664;10.547267893926863;2.0110627025210364;321.2325;40.83194228975371
5665;10.606039189338132;2.0110627025210364;331.1175;42.15212186565351
5666;10.608317167860752;2.0110627025210364;336.615;43.47000534399923
5667;10.54727840431665;2.0110627025210364;346.075;44.84574385936401
5668;10.606042772110975;2.0110627025210364;340.2675;46.16551865147265
5669;10.608304069512965;2.0110627025210364;325.7525;47.48301323357019
5670;10.547288908468657;2.0110627025210364;306.2775;48.858340469201615
5671;10.606046348758102;1.720318415264291;278.6025;48.49459579365715
5672;10.608290982475756;0.10194260892807254;241.2425;37.963430544604094
5673;10.547299406388984;1.767606704042596;203.76;37.95963420154963
5674;10.606049919290058;2.0110627025210364;164.885;39.28009081480393
5675;10.608277906734157;2.0110627025210364;118.92500000000001;40.598298794325004
5676;10.547309898083718;2.0110627025210364;96.475;41.97429456126604
5677;10.606053483717368;2.0110627025210364;90.88;43.294346322278415
5678;10.608264842273218;2.0110627025210364;95.7975;44.61216528748663
5679;10.547320383558949;2.0110627025210364;99.0325;45.987749706576885
5680;10.606057042050535;2.0110627025210364;137.8425;47.30739674165822
5681;10.608251789078016;2.0110627025210364;233.1175;48.62482680235995
5682;10.547330862820745;2.0110627025210364;324.13;50.0
5683;10.606060594300034;1.778336451867874;403.17;50.0
5684;10.60823874713366;0.10193385488238561;432.55;39.46868421052631
5685;10.547341335875174;0.09172814551055017;439.235;28.938421552631574
5686;10.606064140476324;0.10156941568728374;450.1675;18.40921192100263
5687;10.608225716425284;2.0110627025210364;452.6725;19.72955656920651
5688;10.547351802728295;2.0110627025210364;456.0575;21.107599400957707
5689;10.606067680589835;2.0110627025210364;462.61;22.42972434445727
5690;10.608212696938047;2.0110627025210364;478.93;23.74967930993168
5691;10.547362263386157;2.0110627025210364;479.4125;25.127310191783835
5692;10.606071214650981;2.0110627025210364;474.6575;26.449029806846227
5693;10.608199688657134;2.0110627025210364;449.8175;27.768595199641265
5694;10.547372717854806;2.0110627025210364;414.9875;29.145814258159234
5695;10.60607474267015;1.7774567779278616;383.225;29.142899676733418
5696;10.608186691567763;1.8465739894930202;329.025;29.529779952735957
5697;10.547383166140275;2.0110627025210364;236.5525;30.90681296690742
5698;10.606078264657716;2.0110627025210364;181.6025;32.2279479341859
5699;10.608173705655172;2.0110627025210364;142.85750000000002;33.54696011902007
5700;10.547393608248585;2.0110627025210364;123.04499999999999;34.92358149517201
5701;10.606081780624017;2.0110627025210364;122.03;36.24431144542968
5702;10.608160730904627;2.0110627025210364;125.635;37.56293431992574
5703;10.547404044185754;2.0110627025210364;154.005;38.93914418451728
5704;10.606085290579383;2.0110627025210364;248.68;40.25946924404842
5705;10.608147767301427;2.0110627025210364;312.4175;41.577702918187654
5706;10.5474144739578;2.0110627025210364;352.47;42.953501397635925
5707;10.60608879453411;1.7774591328594873;367.61;42.94920604749616
5708;10.608134814830883;0.1019164370175772;368.27;32.41859533741773
5709;10.54742489757072;0.09174214949465605;358.695;21.889037688410298
5710;10.60609229249848;2.0110627025210364;349.8175;23.2110611067679
5711;10.608121873478352;2.0110627025210364;337.9;24.53102422085279
5712;10.547435315030505;2.0110627025210364;334.3525;25.908507569151723
5713;10.606095784482758;2.0110627025210364;340.23;27.23012572313619
5714;10.608108943229198;2.0110627025210364;351.03;28.549699214496137
5715;10.547445726343142;2.0110627025210364;349.7275;29.926770804548703
5716;10.606099270497166;2.0110627025210364;352.3;31.247983820495943
5717;10.608096024068825;2.0110627025210364;361.27;32.56716779924851
5718;10.547456131514606;2.0110627025210364;346.065;33.94382775752971
5719;10.606102750551939;2.0110627025210364;334.5425;35.264635761729615
5720;10.608083115982659;2.0110627025210364;317.3425;36.583430337969915
5721;10.547466530550878;2.0110627025210364;282.3425;37.95967879091278
5722;10.606106224657248;2.0110627025210364;217.12;39.28008190960931
5723;10.60807021895615;2.0110627025210364;156.805;40.59848719341
5724;10.547476923457905;2.0110627025210364;130.58249999999998;41.97432426740565
5725;10.606109692823281;2.0110627025210364;129.815;43.29432262679679
5726;10.608057332974775;2.0110627025210364;132.8125;44.61233872820807
5727;10.547487310241644;2.0110627025210364;157.7625;45.98776454960569
5728;10.606113155060187;2.0110627025210364;244.86;47.307358275843555
5729;10.608044458024041;2.0110627025210364;303.515;48.62498530489313
5730;10.547497690908049;2.0110627025210364;346.2875;50.0
5731;10.606116611378093;1.7774637946442737;377.0425;49.995
5732;10.608031594089473;0.10189913840231248;392.58000000000004;39.463684710526316
5733;10.547508065463049;0.09175608748184863;399.92;28.933422552581575
5734;10.606120061787102;1.952347841439637;405.275;29.92188146350494
5735;10.608018741156634;2.0110627025210364;418.46;31.241271471259786
5736;10.547518433912579;2.0110627025210364;426.8425;32.61800483189571
5737;10.606123506297306;2.0110627025210364;432.6875;33.93892570043008
5738;10.608005899211099;2.0110627025210364;442.5075;35.25792620360949
5739;10.547528796262556;2.0110627025210364;451.3375;36.634248054539704
5740;10.60612694491877;2.0110627025210364;440.78499999999997;37.95476403206142
5741;10.607993068238478;2.0110627025210364;427.63;39.27337514083166
5742;10.547539152518896;2.0110627025210364;397.3575;40.64928560842463
5743;10.606130377661536;2.0110627025210364;376.375;41.969396821085326
5744;10.60798024822441;0.10189053342279927;359.555;31.43888409192953
5745;10.547549502687504;0.09176303188656512;335.8175;20.909424414046654
5746;10.606133804535624;2.0110627025210364;307.445;22.231506357296407
5747;10.607967439154544;2.0110627025210364;287.9925;23.55171413946386
5748;10.547559846774282;2.0110627025210364;277.6725;24.929177113614347
5749;10.606137225551041;2.0110627025210364;285.7125;26.250853831629495
5750;10.607954641014569;2.0110627025210364;293.4225;27.570671837282493
5751;10.54757018478511;2.0110627025210364;298.5775;28.94772309455291
5752;10.606140640717769;2.0110627025210364;310.6775;30.268994713561575
5753;10.6079418537902;2.0110627025210364;322.2875;31.58842305298953
5754;10.547580516725889;1.7676538149187495;338.28000000000003;31.58526421068423
5755;10.606144050045764;0.10158280761683997;355.77750000000003;21.055789894789477
5756;10.607929077467162;0.1018819577893526;365.7925;10.527368526326315
5757;10.547590842602476;0.09176995998332561;373.87;0.0
5758;10.606147453544962;1.7774689634385614;385.40999999999997;0.0
5759;10.607916312031229;2.0110627025210364;399.3;1.3224795035703327
5760;10.547601162420747;2.0110627025210364;403.31;2.702126151320266
5761;10.606150851225287;2.0110627025210364;412.86;4.0260126300411105
5762;10.607903557468179;2.0110627025210364;409.9425;5.348101649183337
5763;10.547611476186555;2.0110627025210364;410.855;6.727335936641191
5764;10.606154243096633;2.0110627025210364;401.01;8.050816672105727
5765;10.607890813763829;2.0110627025210364;386.96000000000004;9.372515317362879
5766;10.547621783905752;2.0110627025210364;360.2375;10.751337371120679
5767;10.606157629168875;1.7774706687567055;341.0425;10.750262237383566
5768;10.607878080904012;1.7777589967830405;317.97;10.749187211159828
5769;10.547632085584187;1.7676624572693775;277.75;10.748112292438712
5770;10.60616100945188;2.0110627025210364;212.64749999999998;12.071184522230183
5771;10.607865358874593;2.0110627025210364;142.2175;13.392505312847097
5772;10.547642381227691;2.0110627025210364;121.18;14.770905800149507
5773;10.606164383955461;2.0110627025210364;115.83500000000001;16.093572544811806
5774;10.607852647661462;2.0110627025210364;131.7825;17.414503172278938
5775;10.54765267084209;2.0110627025210364;155.3625;18.792491684661726
5776;10.606167752689453;2.0110627025210364;189.76749999999998;20.114753070438283
5777;10.60783994725053;2.0110627025210364;240.9975;21.435293645243235
5778;10.547662954433207;2.0110627025210364;285.45;22.812870309167163
5779;10.606171115663642;1.7774729289389233;313.8775;22.810589022136245
5780;10.607827257627738;0.10186489394923244;314.815;12.281992173760349
5781;10.547673232006856;1.767669352939042;315.07;12.280763974542973
5782;10.6061744728878;2.0110627025210364;319.3425;13.603670148902108
5783;10.60781457877904;2.0110627025210364;309.815;14.924885932047129
5784;10.547683503568834;2.0110627025210364;286.595;16.303094115063534
5785;10.60617782437168;2.0110627025210364;279.0325;17.62559487249893
5786;10.607801910690434;2.0110627025210364;276.9325;18.94642049785577
5787;10.547693769124946;2.0110627025210364;282.045;20.324216775137288
5788;10.60618117012502;2.0110627025210364;282.5575;21.646312241841006
5789;10.60778925334793;2.0110627025210364;278.0425;22.96674781993629
5790;10.547704028680974;2.0110627025210364;263.875;24.34413231790737
5791;10.606184510157526;2.0110627025210364;251.01999999999998;25.66582262002593
5792;10.607776606737566;2.0110627025210364;223.25;26.98586826136324
5793;10.547714282242707;2.0110627025210364;174.715;28.362841106406535
5794;10.606187844478887;2.0110627025210364;131.6525;29.684126370040953
5795;10.607763970845404;2.0110627025210364;94.575;31.003782185100818
5796;10.547724529815913;2.0110627025210364;84.0325;32.38034350355719
5797;10.606191173098784;2.0110627025210364;84.63;33.70122385476299
5798;10.607751345657533;3.4285714285714284;87.935;35.02048995400286
5799;10.54773477140636;3.4285714285714284;93.69;36.39663987217142
5800;10.606194496026866;3.4285714285714284;104.7875;37.71711543695868
5801;10.607738731160063;2.0110627025210364;151.9675;39.035991930812926
5802;10.547745007019804;2.0110627025210364;230.0525;40.41173057495103
5803;10.606197813272761;2.0110627025210364;283.6225;41.731801479284414
5804;10.607726127339129;0.10184794566993935;297.68;31.2013125096628
5805;10.547755236661999;0.09179751054679411;295.8025;20.671876588938147
5806;10.606201124846079;1.777477958134551;283.745;20.669809401279252
5807;10.607713534180897;2.0110627025210364;253.3025;21.990414562867272
5808;10.547765460338685;2.0110627025210364;238.905;23.367838334089235
5809;10.60620443075642;2.0110627025210364;222.82999999999998;24.689607341037224
5810;10.607700951671552;2.0110627025210364;206.395;26.00982247621515
5811;10.547775678055595;2.0110627025210364;178.35750000000002;27.386834599814712
5812;10.606207731013345;2.0110627025210364;172.08249999999998;28.70819857189205
5813;10.607688379797299;2.0110627025210364;170.2775;30.028023791227426
5814;10.547785889818467;2.0110627025210364;174.6975;31.40462439352076
5815;10.606211025626408;2.0110627025210364;154.76749999999998;32.725583456736324
5816;10.607675818544383;2.0110627025210364;117.555;34.04501887077349
5817;10.54779609563301;2.0110627025210364;97.795;35.42120807803505
5818;10.60621431460515;2.0110627025210364;89.89;36.741762358352354
5819;10.60766326789905;3.4285714285714284;84.905;38.06080807761242
5820;10.547806295504946;3.4285714285714284;86.3575;39.43658601607496
5821;10.60621759795907;3.4285714285714284;88.9525;40.75673563941224
5822;10.607650727847592;3.4285714285714284;89.59;42.07539177439309
5823;10.54781648943997;3.4285714285714284;96.4575;43.45075857024768
5824;10.606220875697662;2.0110627025210364;114.2975;44.77050366247788
5825;10.607638198376312;2.0110627025210364;191.8175;46.08877032365413
5826;10.54782667744379;2.0110627025210364;264.8325;47.46372610305016
5827;10.606224147830403;1.7774818165233073;319.03;47.45897973043986
5828;10.607625679471548;0.1018311117566027;330.2;36.92791804299313
5829;10.547836859522091;0.09181118960426114;320.565;26.397909461715145
5830;10.606227414366742;1.9267851805817486;296.2275;27.24161429611737
5831;10.607613171119652;2.0110627025210364;268.9825;28.561657622124088
5832;10.547847035680551;2.0110627025210364;262.2125;29.938346772465355
5833;10.606230675316116;2.0110627025210364;260.0;31.2594337962378
5834;10.607600673307005;2.0110627025210364;277.055;32.579087213216525
5835;10.547857205924855;2.0110627025210364;288.235;33.95536495886659
5836;10.60623393068793;2.0110627025210364;295.09;35.27604718821717
5837;10.607588186020008;2.0110627025210364;306.44;36.595310806779345
5838;10.547867370260661;2.0110627025210364;300.7875;37.971177273951035
5839;10.606237180491588;1.777484000648209;281.945;37.96738015622364
5840;10.607575709245094;1.777708322752578;260.0025;37.96358341820802
5841;10.547877528693636;1.7677035907262946;252.7175;37.959787059866194
5842;10.606240424736452;2.0110627025210364;237.115;39.280062677660574
5843;10.607563242968713;2.0110627025210364;204.0475;40.59894959057253
5844;10.547887681229428;2.0110627025210364;188.235;41.97439639844552
5845;10.606243663431886;2.0110627025210364;176.9725;43.294267478545386
5846;10.607550787177335;2.0110627025210364;186.6225;44.61276480397907
5847;10.54789782787368;2.0110627025210364;197.5575;45.987800591018676
5848;10.606246896587226;2.0110627025210364;250.04000000000002;47.307267259201716
5849;10.607538341857468;2.0110627025210364;289.34000000000003;48.6253751077112
5850;10.547907968632037;2.0110627025210364;334.4575;50.0
5851;10.606250124211785;0.1016005844334222;364.795;39.46868421052631
5852;10.607525906995633;0.10181439103118181;375.065;28.938421552631574
5853;10.547918103510119;0.09182480516710505;380.265;18.40921192100263
5854;10.606253346314853;2.0110627025210364;372.7975;19.731430320811416
5855;10.607513482578373;2.0110627025210364;370.535;21.05231936932988
5856;10.547928232513563;2.0110627025210364;366.2275;22.429682316505062
5857;10.60625656290572;2.0110627025210364;362.7625;23.75149561351298
5858;10.607501068592263;2.0110627025210364;375.9625;25.071994448788978
5859;10.547938355647972;2.0110627025210364;379.595;26.448945811478527
5860;10.606259773993633;2.0110627025210364;379.935;27.770354131603426
5861;10.607488665023899;2.0110627025210364;377.155;29.09046286441756
5862;10.547948472918957;2.0110627025210364;352.8125;30.467002768858112
5863;10.606262979587841;1.777488324281562;342.5;30.463956068581226
5864;10.607476271859893;0.10180607275033;317.5175;19.934593883500682
5865;10.547958584332116;1.703379239339877;289.5725;19.528490841106635
5866;10.606266179697563;2.0110627025210364;243.665;20.85058512130984
5867;10.607463889086889;2.0110627025210364;189.5525;22.17140936816517
5868;10.547968689893047;2.0110627025210364;155.985;23.548621971829956
5869;10.606269374331992;2.0110627025210364;135.86;24.87031120401738
5870;10.607451516691553;2.0110627025210364;138.8675;26.19074523204
5871;10.54797878960734;2.0110627025210364;156.1275;27.567546307389826
5872;10.606272563500314;2.0110627025210364;206.08249999999998;28.88883061743379
5873;10.60743915466057;2.0110627025210364;255.8225;30.208874537444505
5874;10.547988883480558;2.0110627025210364;318.5125;31.58526421068423
5875;10.60627574721169;0.10160487855504183;358.415;21.055789894789477
5876;10.60742680298066;0.1017977823321666;364.4475;10.527368526326315
5877;10.547998971518284;0.09183835772002576;355.3;0.0
5878;10.606278925475273;1.7774909966298513;339.51750000000004;0.0
5879;10.607414461638545;1.777681299498628;332.085;0.0
5880;10.548009053726078;2.0110627025210364;321.785;1.3793913989602256
5881;10.606282098300182;2.0110627025210364;304.36249999999995;2.7032854664351564
5882;10.607402130620994;2.0110627025210364;292.92;4.025983113798569
5883;10.548019130109497;2.0110627025210364;275.87;5.4049623418831665
5884;10.606285265695524;2.0110627025210364;271.0025;6.728450843238231
5885;10.607389809914782;2.0110627025210364;264.53;8.050757678734865
5886;10.54802920067409;2.0110627025210364;253.715;9.429324862326606
5887;10.606288427670387;2.0110627025210364;234.045;10.752407923553505
5888;10.607377499506713;1.7776751050682336;203.4875;10.75133268276115
5889;10.5480392654254;1.7677306959520342;156.19;10.750257549492874
5890;10.606291584233835;2.0110627025210364;113.19;12.073205518715781
5891;10.607365199383617;2.0110627025210364;102.06;13.395001258749472
5892;10.548049324368955;2.0110627025210364;96.6625;14.77301490047309
5893;10.606294735394927;3.4285714285714284;97.3275;16.09555760035786
5894;10.607352909532345;3.4285714285714284;94.705;17.416962780542097
5895;10.548059377510294;3.4285714285714284;102.54249999999999;18.794564675629264
5896;10.606297881162693;2.0110627025210364;111.165;20.116702232057143
5897;10.607340629939769;2.0110627025210364;123.745;21.437716963391157
5898;10.548069424854924;2.0110627025210364;177.0125;22.81490723808264
5899;10.606301021546138;2.0110627025210364;219.0425;24.136639776890004
5900;10.607328360592787;1.7776668699484803;222.975;24.134226112912316
5901;10.548079466408364;2.0110627025210364;202.315;25.51113719721308
5902;10.606304156554266;2.0110627025210364;177.6475;26.832597134766807
5903;10.607316101478316;2.0110627025210364;165.0725;28.152963578648933
5904;10.548089502176122;2.0110627025210364;161.55;29.52946325522375
5905;10.606307286196047;2.0110627025210364;167.84;30.850518387011984
5906;10.607303852583296;2.0110627025210364;183.375;32.17049467521915
5907;10.548099532163688;2.0110627025210364;190.54500000000002;33.54658307019613
5908;10.606310410480448;2.0110627025210364;204.7875;34.86723352193268
5909;10.607291613894699;2.0110627025210364;207.3825;36.18681976538053
5910;10.548109556376563;2.0110627025210364;216.27;37.56249700484625
5911;10.606313529416399;2.0110627025210364;204.285;38.882742902200185
5912;10.607279385399506;1.631345503335403;195.39;37.95985482956487
5913;10.548119574820223;2.0110627025210364;155.36;39.335345248002696
5914;10.606316643012823;2.0110627025210364;109.625;40.655410902615714
5915;10.60726716708473;2.0110627025210364;96.7375;41.97444155279496
5916;10.548129587500148;2.0110627025210364;94.35;43.349521000514535
5917;10.606319751278626;2.0110627025210364;96.0125;44.66918228469979
5918;10.607254958937402;2.0110627025210364;104.95;45.98782315548079
5919;10.548139594421805;2.0110627025210364;131.715;47.36249175846453
5920;10.606322854222688;2.0110627025210364;218.9725;48.681748797777125
5921;10.607242760944581;2.0110627025210364;287.4225;50.0
5922;10.54814959559066;1.76863123107036;337.66;50.0
5923;10.606325951853876;0.10161329227865792;356.4025;39.46868421052631
5924;10.607230573093336;0.10176489644820681;360.6925;28.938421552631574
5925;10.548159591012165;0.09186527570947929;364.40250000000003;18.40921192100263
5926;10.60632904418104;1.7109920050024499;362.76;17.989634964875673
5927;10.607218395370781;2.0110627025210364;374.555;19.310978525776946
5928;10.548169580691766;2.0110627025210364;374.8825;20.688286326267193
5929;10.606332131213012;2.0110627025210364;355.1425;22.010201972982205
5930;10.60720622776403;2.0110627025210364;341.555;23.33115503640908
5931;10.54817956463491;2.0110627025210364;333.155;24.708051334502272
5932;10.606335212958603;2.0110627025210364;343.6275;26.029562077058152
5933;10.607194070260228;2.0110627025210364;369.41999999999996;27.35012475410323
5934;10.548189542847028;2.0110627025210364;373.4675;28.726609675923143
5935;10.606338289426601;1.777500945348884;359.565;28.72373701495555
5936;10.607181922846545;0.1017567432234743;341.6475;18.194548851780368
5937;10.54819951533354;0.09187196656894922;314.77250000000004;7.666413607421506
5938;10.606341360625793;2.0110627025210364;261.935;8.989622673466261
5939;10.607169785510164;2.0110627025210364;217.125;10.311912414964258
5940;10.548209482099876;2.0110627025210364;183.4975;11.690082215727879
5941;10.60634442656492;2.0110627025210364;184.8275;13.012886002269633
5942;10.607157658238311;2.0110627025210364;187.78;14.334784938343011
5943;10.54821944315144;2.0110627025210364;204.0025;15.71254298885531
5944;10.60634748725274;2.0110627025210364;232.6875;17.03494162166632
5945;10.607145541018207;2.0110627025210364;281.3675;18.356449863536856
5946;10.548229398493639;2.0110627025210364;348.88;19.733796289981544
5947;10.60635054269797;2.0110627025210364;383.215;21.055789894789477
5948;10.607133433837115;0.10174861702027875;387.8775;10.527368526326315
5949;10.548239348131876;0.09187864209020515;399.9475;0.0
5950;10.606353592909308;1.7775035100374914;416.96000000000004;-0.0
5951;10.607121336682312;2.0110627025210364;431.95;1.323234730151804
5952;10.548249292071539;2.0110627025210364;434.68;2.702265579210827
5953;10.606356637895443;2.0110627025210364;442.4375;4.025956546652235
5954;10.607109249541095;2.0110627025210364;449.725;5.34880016393353
5955;10.548259230318008;2.0110627025210364;458.3025;6.727419015115029
5956;10.606359677665049;2.0110627025210364;457.985;8.05070457943172
5957;10.607097172400792;2.0110627025210364;453.6575;9.373157195193025
5958;10.548269162876666;2.0110627025210364;428.6275;10.751364174740674
5959;10.606362712226776;2.0110627025210364;382.8675;12.074244461707762
5960;10.607085105248748;2.0110627025210364;298.1575;13.396306187275279
5961;10.548279089752882;2.0110627025210364;179.17000000000002;14.774101421391315
5962;10.606365741589254;2.0110627025210364;115.9525;16.096576556739386
5963;10.607073048072321;2.0110627025210364;98.715;17.418247503415007
5964;10.548289010952017;2.0110627025210364;96.3025;18.79563111826025
5965;10.6063687657611;3.4285714285714284;95.69;20.11770122767538
5966;10.607061000858904;3.4285714285714284;99.47;21.438981506736653
5967;10.548298926479424;3.4285714285714284;109.8775;22.815953628430528
5968;10.606371784750916;3.4285714285714284;135.585;24.137618837554317
5969;10.607048963595904;2.0110627025210364;222.95250000000001;25.458508560254455
5970;10.54830883634046;2.0110627025210364;316.595;26.835069314874993
5971;10.60637479856728;1.777507063863144;347.6225;26.832385807943506
5972;10.607036936270761;0.1017324451322306;343.2625;16.30338677988903
5973;10.54831874054046;0.09189194734951892;322.85;5.775440651737361
5974;10.606377807218756;1.7819542593250375;289.15250000000003;5.800069820592977
5975;10.607024918870923;2.0110627025210364;248.8225;7.122816140683541
5976;10.548328639084765;2.0110627025210364;223.13;8.501191651938946
5977;10.606380810713892;2.0110627025210364;193.04500000000002;9.824279762595555
5978;10.607012911383862;2.0110627025210364;185.76999999999998;11.146635068804628
5979;10.548338531978697;2.0110627025210364;180.555;12.524598799917985
5980;10.606383809061212;2.0110627025210364;179.2475;13.847281721429843
5981;10.607000913797071;2.0110627025210364;175.1625;15.169246125150483
5982;10.548348419227581;2.0110627025210364;172.885;16.546798202271766
5983;10.606386802269235;2.0110627025210364;148.0825;17.869076060295768
5984;10.606988926098078;2.0110627025210364;116.81;19.190649672896566
5985;10.548358300836735;2.0110627025210364;102.7225;20.567790222134377
5986;10.60638979034645;3.4285714285714284;92.7575;21.889663142283037
5987;10.606976948274417;3.4285714285714284;84.6725;23.210846075108112
5988;10.548368176811458;3.4285714285714284;82.3775;24.58757522252972
5989;10.606392773301332;3.4285714285714284;83.7925;25.9090433303712
5990;10.606964980313652;3.4285714285714284;88.145;27.229835694740196
5991;10.548378047157055;3.4285714285714284;89.81;28.60615356637152
5992;10.606395751142347;3.4285714285714284;96.15;29.927216987429656
5993;10.606953022203358;3.4285714285714284;107.8775;31.247618894637725
5994;10.54838791187882;2.0110627025210364;179.5375;32.62352561646338
5995;10.606398723877934;2.0110627025210364;233.6975;33.9441844762177
5996;10.606941073931148;2.0110627025210364;231.46;35.26419603753549
5997;10.548397770982037;2.0110627025210364;219.9775;36.63969173549881
5998;10.60640169151652;2.0110627025210364;223.29250000000002;37.959946159384565
5999;10.60692913548464;2.0110627025210364;219.3125;39.27956748605822
6000;10.548407624471993;2.0110627025210364;219.055;40.65465228606122
6001;10.606404654066512;2.0110627025210364;226.515;41.97450239946943
6002;10.606917206851486;2.0110627025210364;232.425;43.293733602720565
6003;10.548417472353949;2.0110627025210364;243.5625;44.668407630624046
6004;10.606407611536307;2.0110627025210364;272.45;45.98785355890149
6005;10.60690528801935;2.0110627025210364;310.3;47.30669474992722
6006;10.548427314633182;2.0110627025210364;324.2525;48.6809581315507
6007;10.606410563934269;2.0110627025210364;319.5075;50.0
6008;10.606893378975919;0.10170838657211952;293.4525;39.46868421052631
6009;10.548437151314946;1.7471619499745041;267.0525;39.33512525880105
6010;10.606413511268766;2.0110627025210364;226.6575;40.65509891056984
6011;10.606881479708903;2.0110627025210364;200.88;41.974495994955326
6012;10.548446982404496;2.0110627025210364;197.2525;43.34927391207156
6013;10.606416453548132;2.0110627025210364;205.475;44.66884335380963
6014;10.606869590206038;2.0110627025210364;229.0625;45.98785035877851
6015;10.548456807907074;2.0110627025210364;278.28;47.36221760623092
6016;10.606419390780694;2.0110627025210364;329.485;48.68138296322864
6017;10.606857710455072;2.0110627025210364;367.0675;50.0
6018;10.548466627827922;1.7686843620460146;403.635;50.0
6019;10.606422322974757;0.10162944297589155;421.1175;39.46868421052631
6020;10.606845840443778;0.10170041965804288;421.9575;28.938421552631574
6021;10.54847644217227;0.09191837633867392;429.1475;18.40921192100263
6022;10.606425250138614;2.0110627025210364;432.0;19.731267012178844
6023;10.606833980159951;2.0110627025210364;438.3925;21.052801604325673
6024;10.548486250945347;2.0110627025210364;454.0;22.429634385767162
6025;10.606428172280534;2.0110627025210364;463.46500000000003;23.75128465866208
6026;10.606822129591405;2.0110627025210364;468.815;25.07242850708438
6027;10.548496054152366;2.0110627025210364;466.89;26.448850012788924
6028;10.606431089408778;2.0110627025210364;458.72;27.77009559284931
6029;10.606810288725974;2.0110627025210364;449.0225;29.09084880900035
6030;10.548505851798543;2.0110627025210364;430.725;30.466859164910833
6031;10.606434001531586;1.7775169856025934;410.095;30.463812478994342
6032;10.606798457551518;0.10169247882742934;375.385;19.93445030827276
6033;10.54851564388908;0.09192494609788678;335.0825;9.406141073768248
6034;10.606436908657177;2.0110627025210364;300.6075;10.729085396436554
6035;10.606786636055915;2.0110627025210364;286.8125;12.05156518364379
6036;10.548525430429178;2.0110627025210364;278.9325;13.429260868217705
6037;10.606439810793757;2.0110627025210364;281.7175;14.751800121876816
6038;10.606774824227056;2.0110627025210364;296.78999999999996;16.073888858848925
6039;10.548535211424026;2.0110627025210364;315.3425;17.451173019110215
6040;10.606442707949528;2.0110627025210364;342.8625;18.77330732925625
6041;10.606763022052867;2.0110627025210364;370.33500000000004;20.095005127573103
6042;10.54854498687881;2.0110627025210364;401.0425;21.471877889525476
6043;10.606445600132655;1.7116157733948;420.45;21.055789894789477
6044;10.60675122952128;0.1016845639499188;419.3875;10.527368526326315
6045;10.548554756798705;0.09193150097403109;421.7275;0.0
6046;10.606448487351294;2.0110627025210364;426.5225;1.3238739370162709
6047;10.606739446620256;2.0110627025210364;436.51;2.647339075333326
6048;10.548564521188894;2.0110627025210364;435.4975;4.025938046296344
6049;10.606451369613593;2.0110627025210364;428.195;5.349406651358801
6050;10.606727673337783;2.0110627025210364;433.77750000000003;6.672480421022771
6051;10.548574280054527;2.0110627025210364;443.58000000000004;8.050667606928867
6052;10.606454246927669;2.0110627025210364;453.21000000000004;9.373731005586889
6053;10.606715909661855;2.0110627025210364;451.6625;10.696413518307567
6054;10.548584033400767;2.0110627025210364;432.9875;12.074189045225008
6055;10.606457119301634;2.0110627025210364;418.015;13.396847362983934
6056;10.606704155580497;0.10167667489603807;389.96250000000003;2.869191888773953
6057;10.548593781232768;1.3110677604286052;348.4525;0.0
6058;10.606459986743584;2.0110627025210364;324.2425;1.3238630125935953
6059;10.606692411081742;2.0110627025210364;306.15250000000003;2.6473728357646813
6060;10.548603523555672;2.0110627025210364;296.2525;4.025934751103216
6061;10.606462849261588;2.0110627025210364;296.4925;5.349392450829598
6062;10.606680676153665;2.0110627025210364;303.0375;6.672510869238533
6063;10.548613260374617;2.0110627025210364;310.2575;8.050661020795722
6064;10.606465706863709;2.0110627025210364;333.8175;9.373713533173119
6065;10.606668950784336;2.0110627025210364;365.845;10.696440658574684
6066;10.548622991694739;2.0110627025210364;400.425;12.074179172398825
6067;10.606468559557989;1.5314486309001563;422.21000000000004;10.527368526326315
6068;10.606657234961867;0.10166881153719598;417.65;-0.0
6069;10.548632717521158;1.767830151733327;398.845;0.0
6070;10.60647140735246;1.7775232543901949;378.78;0.0
6071;10.606645528674374;2.0110627025210364;343.885;1.3236867477593448
6072;10.548642437858994;2.0110627025210364;303.9025;2.7023440631185243
6073;10.606474250255125;2.0110627025210364;270.95;4.0259232909698435
6074;10.60663383191;2.0110627025210364;250.32999999999998;5.349218558326245
6075;10.54865215271336;2.0110627025210364;241.4075;6.72746409139272
6076;10.606477088273984;2.0110627025210364;244.5075;8.050638111123297
6077;10.606622144656916;2.0110627025210364;258.0525;9.373542009888114
6078;10.548661862089357;2.0110627025210364;281.2875;10.751375886702235
6079;10.606479921417018;2.0110627025210364;268.87;12.074144823767398
6080;10.6066104669033;0.10166097374567483;240.97;1.5466216198113383
6081;10.548671565992086;1.7678366622925714;178.39499999999998;1.5464669576493573
6082;10.606482749692189;2.0110627025210364;111.005;2.870153698746013
6083;10.606598798637355;2.0110627025210364;86.85;4.1935978246706505
6084;10.548681264426639;2.0110627025210364;84.365;5.571931263682877
6085;10.606485573107442;3.4285714285714284;83.195;6.895212776104439
6086;10.606587139847305;3.4285714285714284;87.8825;8.21826547197189
6087;10.5486909573981;3.4285714285714284;92.175;9.596187235896497
6088;10.606488391670709;2.0110627025210364;102.715;10.919063645085734
6089;10.606575490521386;2.0110627025210364;147.32999999999998;12.241725022725909
6090;10.548700644911547;2.0110627025210364;220.2025;13.619235237557668
6091;10.606491205389908;1.7775265723147526;243.2975;13.617873314033911
6092;10.606563850647873;0.10165316139462321;243.32999999999998;3.090195737228825
6093;10.548710326972056;1.2759049801687692;233.29250000000002;0.0
6094;10.606494014272936;1.7775270430514105;204.58749999999998;0.0
6095;10.606552220215045;2.0110627025210364;165.48000000000002;1.323775390795707
6096;10.54872000358469;2.0110627025210364;135.6675;2.7023590098511727
6097;10.60649681832768;2.0110627025210364;134.91500000000002;4.025916796538892
6098;10.6065405992112;2.0110627025210364;138.89499999999998;5.349300635608598
6099;10.548729674754506;2.0110627025210364;142.2425;6.727472514528257
6100;10.606499617562003;2.0110627025210364;149.7475;8.050625130592902
6101;10.606528987624667;2.0110627025210364;155.60500000000002;9.373617529836409
6102;10.548739340486566;2.0110627025210364;171.29500000000002;10.751377794621188
6103;10.606502411983763;2.0110627025210364;185.0025;12.07412536545715
6104;10.606517385443787;1.777530959792245;170.165;12.072917952920603
6105;10.548749000785902;2.0110627025210364;132.295;13.450399110378704
6106;10.606505201600793;2.0110627025210364;87.7975;14.772874128946913
6107;10.606505792656918;2.0110627025210364;68.725;16.095216338509946
6108;10.548758655657563;3.4285714285714284;68.1;17.47228609400141
6109;10.606507986420919;3.4285714285714284;69.49;18.79435627829214
6110;10.606494209252446;3.4285714285714284;70.87;20.116307343874485
6111;10.548768305106586;3.4285714285714284;72.375;21.49296582328884
6112;10.60651076645194;3.4285714285714284;85.5325;22.81463129857717
6113;10.60648263521877;3.4285714285714284;117.8975;24.13619133198948
6114;10.548777949137985;2.0110627025210364;192.8675;25.512438661175196
6115;10.606513541701654;1.7775303156250415;233.14499999999998;25.509887417309077
6116;10.60647107054431;0.10163761251080565;232.2775;14.981020639093662
6117;10.548787587756788;0.09197052077868055;234.8325;4.45320674755607
6118;10.606516312177824;1.3384119668207748;232.545;1.6946356120823582
6119;10.606459515217514;2.0110627025210364;221.4125;3.0183296090645118
6120;10.54879722096801;2.0110627025210364;190.1975;4.396670416183995
6121;10.60651907788822;2.0110627025210364;155.9025;5.720037625148567
6122;10.60644796922683;2.0110627025210364;150.9125;7.043340050620564
6123;10.548806848776659;2.0110627025210364;152.21249999999998;8.421269210277677
6124;10.606521838840582;2.0110627025210364;152.62;9.744231336458096
6125;10.606436432560745;2.0110627025210364;155.64;11.067142302391744
6126;10.548816471187735;2.0110627025210364;149.9025;12.444659940533157
6127;10.606524595042634;2.0110627025210364;138.35500000000002;13.7672171092486
6128;10.606424905207758;2.0110627025210364;119.65;15.089736727590305
6129;10.548826088206228;2.0110627025210364;104.79;16.46684297012163
6130;10.606527346502094;2.0110627025210364;93.9075;17.788995306647628
6131;10.606413387156385;2.0110627025210364;78.8375;19.1111236893184
6132;10.548835699837127;2.0110627025210364;76.96000000000001;20.4878186621042
6133;10.606530093226661;2.0110627025210364;77.695;21.80956629167266
6134;10.606401878395165;3.4285714285714284;78.77;23.131303550568084
6135;10.548845306085425;3.4285714285714284;84.17;24.507587379431875
6136;10.606532835224009;3.4285714285714284;87.6475;25.828930427231125
6137;10.606390378912652;2.0110627025210364;120.4925;27.15027667422138
6138;10.548854906956086;2.0110627025210364;192.325;28.52614948494568
6139;10.606535572501816;1.777534007735084;208.58249999999998;28.523296869997186
6140;10.606378888697426;0.10162216388796239;206.8875;17.994128750836502
6141;10.54886450245408;0.09198341080193054;208.02;7.466013548487736
6142;10.60653830506772;1.7775344656818652;208.8525;7.465266947132887
6143;10.606367407738084;2.0110627025210364;210.885;8.788471383086994
6144;10.548874092584368;2.0110627025210364;211.45499999999998;10.166162147993536
6145;10.606541032929371;2.0110627025210364;221.875;11.488931550495833
6146;10.606355936023236;2.0110627025210364;224.11;12.81174451811871
6147;10.548883677351915;2.0110627025210364;220.8875;14.18902385018258
6148;10.606543756094384;2.0110627025210364;231.58;15.511388379507897
6149;10.606344473541514;2.0110627025210364;237.6075;16.83380999080551
6150;10.548893256761664;2.0110627025210364;233.4225;18.21067801588285
6151;10.606546474570365;2.0110627025210364;227.6;19.532637797239413
6152;10.606333020281575;1.7775000623004642;205.1775;19.530684533459688
6153;10.548902830818564;1.7678754196314828;159.17000000000002;19.52873146500634
6154;10.606549188364907;2.0110627025210364;119.7675;20.85055686291318
6155;10.606321576232089;2.0110627025210364;88.5675;22.172466309806406
6156;10.548912399527543;2.0110627025210364;76.365;23.54878228362426
6157;10.606551897485591;2.0110627025210364;73.1325;24.870203102784583
6158;10.606310141381746;2.0110627025210364;73.4875;26.191721448161648
6159;10.548921962893543;3.4285714285714284;80.3725;27.567626411267966
6160;10.606554601939964;2.0110627025210364;114.77;28.888642776783872
6161;10.60629871571926;2.0110627025210364;182.5925;30.209770132572896
6162;10.548931520921482;2.0110627025210364;241.22;31.58526421068423
6163;10.606557301735588;0.10165206387185328;263.73;21.055789894789477
6164;10.606287299233353;0.10160681454170056;254.305;10.527368526326315
6165;10.548941073616282;0.09199624325262995;232.53;0.0
6166;10.606559996879987;1.7775381009814153;186.10500000000002;0.0
6167;10.606275891912777;1.7774904882394853;122.00999999999999;0.0
6168;10.548950620982852;2.0110627025210364;100.985;1.3784969100662903
6169;10.606562687380677;2.0110627025210364;94.94;2.7021245073636404
6170;10.606264493746295;2.0110627025210364;91.365;4.025903025853924
6171;10.548960163026099;2.0110627025210364;89.8125;5.403988280676544
6172;10.60656537324516;2.0110627025210364;89.9825;6.727210777265574
6173;10.606253104722695;2.0110627025210364;88.4725;8.050597606701288
6174;10.548969699750925;2.0110627025210364;89.005;9.42827133217724
6175;10.606568054480922;2.0110627025210364;98.865;10.751088853287145
6176;10.60624172483078;0.9811605542778832;100.7975;5.748264128238103
6177;10.548979231162221;2.0110627025210364;86.12;7.126159032221169
6178;10.60657073109544;2.0110627025210364;77.4625;8.44920422177728
6179;10.606230354059374;3.4285714285714284;67.9675;9.772440464998695
6180;10.548988757264876;3.4285714285714284;65.6375;11.149923901550563
6181;10.606573403096164;3.4285714285714284;63.3625;12.472564176219052
6182;10.60621899239732;3.4285714285714284;63.9625;13.795408877023975
6183;10.548998278063767;3.4285714285714284;64.975;15.172480971975695
6184;10.606576070490542;3.4285714285714284;72.015;16.49471645691248
6185;10.606207639833467;3.4285714285714284;76.3125;17.817169727424996
6186;10.549007793563776;3.4285714285714284;108.99000000000001;19.193830606566667
6187;10.606578733286;2.0110627025210364;139.1975;20.51566142688431
6188;10.606196296356707;1.7774771489349772;117.5275;20.51360986074162
6189;10.549017303769762;2.0110627025210364;102.02250000000001;21.889992061174272
6190;10.606581391489952;2.0110627025210364;99.4375;23.2115507400527
6191;10.606184961955929;2.0110627025210364;90.15;24.533353871120564
6192;10.549026808686596;2.0110627025210364;83.41;25.909325067481184
6193;10.606584045109795;3.4285714285714284;81.295;27.23047929212013
6194;10.606173636620051;3.4285714285714284;83.43;28.55189128940187
6195;10.549036308319133;3.4285714285714284;84.41749999999999;29.927451607369754
6196;10.606586694152911;3.4285714285714284;83.8625;31.248201502763752
6197;10.60616232033801;3.4285714285714284;86.82249999999999;32.56922247829237
6198;10.549045802672216;3.4285714285714284;89.6225;33.944372043505936
6199;10.606589338626675;2.0110627025210364;106.38499999999999;35.26471773460624
6200;10.606151013098753;2.0110627025210364;101.23;36.585347800388966
6201;10.549055291750694;2.0110627025210364;75.715;37.96008673844577
6202;10.60659197853844;3.4285714285714284;66.87;39.28002835016041
6203;10.606139714891258;3.4285714285714284;66.0475;40.60026761817869
6204;10.549064775559403;3.4285714285714284;66.72749999999999;41.97459605463544
6205;10.606594613895542;3.4285714285714284;64.17750000000001;43.29413371182921
6206;10.606128425704506;3.4285714285714284;67.7075;44.61398229403875
6207;10.549074254103179;3.4285714285714284;73.8775;45.98790035441133
6208;10.606597244705315;3.4285714285714284;77.9675;47.30703418190584
6209;10.606117145527506;3.4285714285714284;92.9875;48.62649219023652
6210;10.54908372738684;2.0110627025210364;143.88;50.0
6211;10.606599870975064;1.778426828468498;159.3025;50.0
6212;10.606105874349291;1.5380530236311991;156.64749999999998;48.491261045561785
6213;10.549093195415209;0.09202173712563506;134.105;37.96009612998355
6214;10.606602492712094;2.0110627025210364;130.425;39.28002775229406
6215;10.6060946121589;2.0110627025210364;139.375;40.60030986796788
6216;10.5491026581931;2.0110627025210364;119.16499999999999;41.97460231169764
6217;10.606605109923677;2.0110627025210364;146.2075;43.29412999703897
6218;10.606083358945396;2.0110627025210364;160.2075;44.61402139304114
6219;10.54911211572532;2.0110627025210364;166.745;45.987903480962785
6220;10.606607722617088;2.0110627025210364;180.1025;47.30702735412846
6221;10.606072114697858;2.0110627025210364;197.9025;48.626528142430075
6222;10.549121568016668;2.0110627025210364;207.5775;50.0
6223;10.606610330799583;1.778428581415412;206.695;50.0
6224;10.606060879405387;0.10156886916910612;191.5975;39.46868421052631
6225;10.54913101507194;1.7472010895967791;163.0525;39.3346407136981
6226;10.606612934478399;2.0110627025210364;125.6925;40.65442496187225
6227;10.6060496530571;2.0110627025210364;113.75;41.974612348971824
6228;10.549140456895927;2.0110627025210364;104.185;43.3487314536858
6229;10.606615533660763;2.0110627025210364;98.165;44.66811182356271
6230;10.606038435642134;2.0110627025210364;99.86250000000001;45.98790849852033
6231;10.549149893493405;2.0110627025210364;115.0725;47.36161730885174
6232;10.606618128353885;2.0110627025210364;141.9225;48.680593925184674
6233;10.606027227149632;2.0110627025210364;185.1725;50.0
6234;10.549159324869159;1.7679184050996968;228.03;49.995
6235;10.60662071856497;0.1016626918068769;249.83;39.463684710526316
6236;10.606016027568774;0.10156135251446018;245.1675;28.933422552581575
6237;10.549168751027954;0.092034399381865;234.44;18.404213420852635
6238;10.606623304301193;2.0110627025210364;211.54000000000002;19.726080860424418
6239;10.606004836888749;2.0110627025210364;171.04;21.048403657294063
6240;10.549178171974557;2.0110627025210364;137.18;22.424579553552505
6241;10.606625885569729;2.0110627025210364;131.935;23.74604250430591
6242;10.605993655098757;2.0110627025210364;134.21;25.06797392771166
6243;10.54918758771372;2.0110627025210364;135.4625;26.443738921990853
6244;10.606628462377728;2.0110627025210364;138.53;27.764797508839813
6245;10.60598248218803;2.0110627025210364;145.60500000000002;29.0863376710103
6246;10.549196998250206;2.0110627025210364;174.9075;30.461691888905502
6247;10.606631034732338;2.0110627025210364;183.405;31.78234623672089
6248;10.605971318145807;1.7774394451609088;162.34;31.77916800209722
6249;10.549206403588753;1.7679262949544519;125.52;31.77599008529701
6250;10.606633602640681;2.0110627025210364;92.0475;33.09651056377983
6251;10.605960162961347;2.0110627025210364;83.08;34.41753875791017
6252;10.549215803734104;2.0110627025210364;79.4975;35.79234199048698
6253;10.606636166109874;2.0110627025210364;81.1075;37.11245839848355
6254;10.605949016623928;2.0110627025210364;83.985;38.43309558685097
6255;10.549225198690996;2.0110627025210364;88.55250000000001;39.80748833853584
6256;10.606638725147018;2.0110627025210364;106.465;41.12720080081232
6257;10.605937879122852;2.0110627025210364;144.655;42.44744709556553
6258;10.549234588464152;2.0110627025210364;210.9675;43.82142949181503
6259;10.606641279759197;1.7775517230619762;233.3825;43.81704734886585
6260;10.605926750447424;0.10154639069038209;221.4;33.286349854657274
6261;10.5492439730583;0.09204700573350125;221.7975;22.756705430198124
6262;10.606643829953484;1.891777907877385;219.76749999999998;23.401934998100774
6263;10.605915630586978;2.0110627025210364;213.175;24.723974955543337
6264;10.549253352478155;2.0110627025210364;212.41750000000002;26.099711873193534
6265;10.606646375736931;2.0110627025210364;225.385;27.420787845056132
6266;10.605904519530862;2.0110627025210364;228.055;28.74243647271731
6267;10.549262726728426;2.0110627025210364;235.0125;30.117762638678034
6268;10.60664891711659;2.0110627025210364;243.6625;31.438434391153404
6269;10.605893417268444;2.0110627025210364;261.21000000000004;32.759691801309266
6270;10.549272095813816;2.0110627025210364;264.735;34.13460734110601
6271;10.606651454099492;1.7775534281650003;251.5525;34.1311938803719
6272;10.605882323789103;0.10153894529075332;231.7575;23.601464971510183
6273;10.549281459739031;1.7679388735064867;193.815;23.599104825013033
6274;10.606653986692653;2.0110627025210364;120.73750000000001;24.92042362717251
6275;10.605871239082248;2.0110627025210364;96.375;26.242353907681657
6276;10.549290818508753;2.0110627025210364;89.69;27.61790339470757
6277;10.606656514903074;2.0110627025210364;89.70750000000001;28.93881791521018
6278;10.60586016313729;2.0110627025210364;93.9025;30.260356878438234
6279;10.549300172127682;2.0110627025210364;110.445;31.635495679229095
6280;10.606659038737742;2.0110627025210364;165.97;32.95600604286032
6281;10.60584909594367;2.0110627025210364;276.945;34.27715380110955
6282;10.549309520600486;1.7679435761858093;347.1425;34.273726085729436
6283;10.60666155820364;0.10166953606305303;358.07;23.743982923647184
6284;10.60583803749084;0.101531523413864;348.78499999999997;13.215292735881135
6285;10.549318863931848;0.09205955658704736;322.95500000000004;2.6876554171338647
6286;10.606664073307726;1.7775555429999184;275.3225;2.6873866515921514
6287;10.60582698776827;2.0110627025210364;240.115;4.011582274547137
6288;10.54932820212643;2.0110627025210364;202.9;5.389319324299573
6289;10.606666584056953;2.0110627025210364;183.155;6.712447137513038
6290;10.60581594676545;2.0110627025210364;174.1475;8.03625074337211
6291;10.549337535188904;2.0110627025210364;173.105;9.413576459868313
6292;10.606669090458256;2.0110627025210364;179.0925;10.736299466286983
6293;10.605804914471884;2.0110627025210364;185.5375;12.059711167592065
6294;10.549346863123922;2.0110627025210364;188.14;13.43662567650758
6295;10.606671592518556;2.0110627025210364;177.70499999999998;14.7589440010473
6296;10.605793890877091;2.0110627025210364;128.2725;16.08196391031396
6297;10.549356185936137;2.0110627025210364;96.255;17.458467337283597
6298;10.606674090244756;2.0110627025210364;90.2825;18.780381104817348
6299;10.605782875970617;2.0110627025210364;82.3625;20.10300933453478
6300;10.549365503630193;3.4285714285714284;80.12;21.47910180515264
6301;10.60667658364376;3.4285714285714284;79.32249999999999;22.800611140510554
6302;10.605771869742012;3.4285714285714284;80.465;24.122847803141592
6303;10.549374816210733;3.4285714285714284;82.9725;25.498529442961082
6304;10.606679072722448;3.4285714285714284;102.10249999999999;26.819634470930463
6305;10.605760872180857;2.0110627025210364;175.1525;28.14147967891156
6306;10.54938412368239;2.0110627025210364;215.8625;29.5167506134454
6307;10.606681557487684;0.10167288771423785;217.9025;18.987483148910375
6308;10.605749883276742;0.1015167497761939;208.605;8.459268611121802
6309;10.549393426049786;2.0110627025210364;195.64249999999998;9.836498929513393
6310;10.606684037946325;2.0110627025210364;178.3125;11.159165443571434
6311;10.605738903019278;2.0110627025210364;165.4725;12.482597569158763
6312;10.549402723317556;2.0110627025210364;142.135;13.85941672225017
6313;10.60668651410522;2.0110627025210364;127.7225;15.181678592177985
6314;10.605727931398079;2.0110627025210364;128.52;16.504718889490594
6315;10.5494120154903;2.0110627025210364;133.93;17.88112700288586
6316;10.60668898597119;2.0110627025210364;144.6175;19.202984353512942
6317;10.605716968402795;2.0110627025210364;148.98;20.525632935094936
6318;10.549421302572645;2.0110627025210364;146.45;21.901630134357415
6319;10.606691453551052;2.0110627025210364;139.525;23.22308309047048
6320;10.605706014023086;2.0110627025210364;126.66;24.545340068839504
6321;10.549430584569183;2.0110627025210364;115.8675;25.920926479491897
6322;10.606693916851606;2.0110627025210364;103.5025;27.241975165834923
6323;10.60569506824863;2.0110627025210364;94.8925;28.563840653482142
6324;10.549439861484524;3.4285714285714284;92.5375;29.939016401006498
6325;10.606696375879645;3.4285714285714284;98.0575;31.259660942280735
6326;10.605684131069113;3.4285714285714284;107.61749999999999;32.58113505167085
6327;10.549449133323254;3.4285714285714284;120.3275;33.95590026150859
6328;10.606698830641948;3.4285714285714284;131.27;35.276140782372586
6329;10.605673202474248;2.0110627025210364;171.47;36.59722362594381
6330;10.549458400089962;2.0110627025210364;210.805;37.97157842349576
6331;10.60670128114527;1.7775617786077789;226.39249999999998;37.96778126565341
6332;10.605662282453766;1.777387654314741;241.55;37.963984487526844
6333;10.549467661789231;1.7679700788396775;249.2425;37.960188089078095
6334;10.606703727396365;2.0110627025210364;258.2075;39.28002352924264
6335;10.605651370997405;2.0110627025210364;255.67000000000002;40.60072672444218
6336;10.549476918425636;2.0110627025210364;257.33000000000004;41.97466357926538
6337;10.606706169401969;2.0110627025210364;258.7825;43.294095251975584
6338;10.60564046809493;2.0110627025210364;252.8925;44.6144073977602
6339;10.549486170003746;2.0110627025210364;248.0275;45.98793409551687
6340;10.606708607168807;2.0110627025210364;257.4775;47.306962125296955
6341;10.60562957373611;2.0110627025210364;273.64750000000004;48.62688333403513
6342;10.54949541652813;2.0110627025210364;285.4425;50.0
6343;10.606711040703587;1.7775634141980892;296.105;49.995
6344;10.605618687910747;0.10149476293391921;291.0975;39.463684710526316
6345;10.549504658003347;0.09209069354767568;271.745;28.933422552581575
6346;10.60671347001301;2.0110627025210364;235.37;30.254151413813958
6347;10.60560781060865;2.0110627025210364;181.7175;31.57579857859436
6348;10.549513894433943;2.0110627025210364;145.63;32.95060279902425
6349;10.606715895103761;2.0110627025210364;145.4875;34.270927638395776
6350;10.605596941819643;2.0110627025210364;154.10250000000002;35.59218345090328
6351;10.549523125824471;2.0110627025210364;171.83249999999998;36.96657726302494
6352;10.60671831598251;2.0110627025210364;230.53;38.28649820511525
6353;10.60558608153357;2.0110627025210364;287.4925;39.60736277783785
6354;10.549532352179476;2.0110627025210364;325.38750000000005;40.981346306989565
6355;10.606720732655914;1.6821206846455483;336.5875;40.37775771949712
6356;10.60557522974029;0.10148747984177556;341.2925;29.84740415425149
6357;10.549541573503484;0.09209688016313165;356.1675;19.31810362436238
6358;10.606723145130628;2.0110627025210364;358.1725;20.639784826125847
6359;10.605564386429686;2.0110627025210364;363.01;21.962434680535033
6360;10.549550789801035;2.0110627025210364;380.6425;23.338165186755997
6361;10.606725553413277;2.0110627025210364;395.9625;24.65944209449471
6362;10.605553551591639;2.0110627025210364;397.505;25.981700276273205
6363;10.549560001076653;2.0110627025210364;406.1625;27.357020105222755
6364;10.606727957510484;2.0110627025210364;404.1175;28.677892843577272
6365;10.605542725216068;2.0110627025210364;398.445;29.999759465337647
6366;10.54956920733485;2.0110627025210364;391.3125;31.374668742423005
6367;10.606730357428862;1.7775666514602337;384.26;31.37153127554876
6368;10.605531907292896;0.10148021949526409;361.075;20.842078332947526
6369;10.549578408580148;0.09210305330053353;329.7675;10.313678335640548
6370;10.606732753174999;1.7775670529598755;274.8125;10.312646967806984
6371;10.605521097812062;2.0110627025210364;226.075;11.636370660188744
6372;10.549587604817049;2.0110627025210364;205.64749999999998;13.013098798546528
6373;10.606735144755486;2.0110627025210364;206.275;14.33539910114896
6374;10.605510296763532;2.0110627025210364;216.1025;15.658730779313489
6375;10.549596796050059;2.0110627025210364;242.4625;17.035047949988
6376;10.606737532176881;2.0110627025210364;286.87;18.356943789624964
6377;10.605499504137272;2.0110627025210364;325.08500000000004;19.6798835663156
6378;10.549605982283673;2.0110627025210364;351.735;21.055789894789477
6379;10.606739915445752;0.10168266784030996;354.73;10.527368526326315
6380;10.605488719923283;0.10147298178624337;343.38;0.0
6381;10.549615163522379;1.7679947984425184;321.5825;-0.0
6382;10.60674229456864;2.0110627025210364;299.78;1.3235948201597918
6383;10.605477944111561;2.0110627025210364;288.3275;2.648258413771793
6384;10.549624339770665;2.0110627025210364;274.0625;4.0258504651482845
6385;10.60674466955208;2.0110627025210364;264.75;5.349040444027294
6386;10.60546717669214;2.0110627025210364;263.465;6.673311722125359
6387;10.549633511033013;2.0110627025210364;255.7375;8.050492555471784
6388;10.606747040402587;2.0110627025210364;258.04;9.373277817833781
6389;10.605456417655049;2.0110627025210364;263.57;10.697156893279702
6390;10.549642677313898;2.0110627025210364;280.33500000000004;12.073926634142172
6391;10.606749407126674;2.0110627025210364;283.0925;13.396307304708417
6392;10.605445666990354;1.7773513520414697;265.14250000000004;13.394967673977947
6393;10.549651838617782;1.7680009447688914;238.3775;13.393628177210548
6394;10.606751769730831;2.0110627025210364;203.51;14.715874633148537
6395;10.605434924688117;2.0110627025210364;155.10250000000002;16.03923986723151
6396;10.549660994949136;2.0110627025210364;127.5975;17.41545799804311
6397;10.606754128221544;2.0110627025210364;124.65;18.73730003043284
6398;10.605424190738432;2.0110627025210364;128.96499999999997;20.060273319228287
6399;10.549670146312412;2.0110627025210364;139.22;21.436080652899573
6400;10.60675648260528;2.0110627025210364;158.1175;22.75751838635927
6401;10.605413465131406;2.0110627025210364;195.1725;24.080099842645797
6402;10.549679292712067;2.0110627025210364;237.755;25.455496504585067
6403;10.606758832888499;1.7775714236214681;238.035;25.452950954934607
6404;10.605402747857154;1.7773441592858028;224.42000000000002;25.450405659839113
6405;10.549688434152536;1.76800707776181;205.7125;25.44786061927313
6406;10.606761179077642;2.0110627025210364;192.4475;26.76889271308744
6407;10.60539203890581;2.0110627025210364;175.24;28.091093386855608
6408;10.549697570638275;2.0110627025210364;153.04500000000002;29.46607158541056
6409;10.606763521179147;2.0110627025210364;147.915;30.78669963313183
6410;10.605381338267529;2.0110627025210364;148.47;32.108508691814365
6411;10.549706702173712;2.0110627025210364;148.0275;33.48307647388016
6412;10.606765859199434;2.0110627025210364;158.79250000000002;34.803300599993314
6413;10.605370645932481;2.0110627025210364;190.1625;36.124718156297455
6414;10.549715828763276;2.0110627025210364;211.305;37.498875647156716
6415;10.606768193144909;2.0110627025210364;214.0725;38.81869597610434
6416;10.605359961890844;0.10145140341318608;208.5875;28.28849831703304
6417;10.549724950411393;0.0921276120347983;200.6675;17.759353677727653
6418;10.606770523021968;2.0110627025210364;187.4125;19.08114574548901
6419;10.605349286132826;2.0110627025210364;184.1475;20.404155809088277
6420;10.549734067122483;2.0110627025210364;173.065;21.77986802974101
6421;10.606772848836998;2.0110627025210364;163.97;23.10125583654289
6422;10.605338618648632;2.0110627025210364;175.5225;24.423874023243034
6423;10.549743178900957;2.0110627025210364;181.325;25.7991756158848
6424;10.606775170596368;2.0110627025210364;197.8275;27.120159286256662
6425;10.6053279594285;2.0110627025210364;229.1775;28.44238570887096
6426;10.549752285751223;2.0110627025210364;245.6925;29.817276798836414
6427;10.606777488306438;1.7775745500560696;247.0475;29.81429507115653
6428;10.605317308462674;1.7773298406208389;247.915;29.811313641649413
6429;10.549761387677687;0.09213371850373378;250.875;19.282016720811562
6430;10.606779801973554;2.0110627025210364;255.55;20.603647707264606
6431;10.605306665741416;2.0110627025210364;255.6875;21.926546010039534
6432;10.549770484684744;2.0110627025210364;249.62;23.302071394988022
6433;10.606782111604053;2.0110627025210364;249.0;24.623298181824676
6434;10.605296031255005;2.0110627025210364;255.0925;25.94580462231424
6435;10.549779576776784;2.0110627025210364;260.19;27.320919443914065
6436;10.606784417204258;2.0110627025210364;274.23;28.64174215562563
6437;10.605285404993738;2.0110627025210364;289.69;29.963856846666012
6438;10.549788663958196;2.0110627025210364;289.93;31.338561230221057
6439;10.606786718780485;2.0110627025210364;285.8725;32.65897999125657
6440;10.605274786947916;1.7773227145014736;273.81;32.655714093257444
6441;10.549797746233356;0.09213981178166897;257.15250000000003;22.126132732374437
6442;10.606789016339025;2.0110627025210364;236.51;23.447470553579127
6443;10.605264177107875;2.0110627025210364;208.89249999999998;24.77012483827129
6444;10.549806823606643;2.0110627025210364;204.86;26.145331343361153
6445;10.606791309886173;2.0110627025210364;202.7625;27.466265065834953
6446;10.605253575463943;2.0110627025210364;199.6925;28.788527542637627
6447;10.549815896082425;2.0110627025210364;208.3425;30.16332358860506
6448;10.6067935994282;2.0110627025210364;236.61;31.48385333678941
6449;10.605242982006486;2.0110627025210364;264.145;32.80572411854957
6450;10.549824963665069;2.0110627025210364;273.4375;34.1801098306559
6451;10.606795884971365;0.8048117904754627;269.295;28.066704038909933
6452;10.605232396725873;0.10143002495106812;282.2325;17.53758157903236
6453;10.549834026358933;1.7680314773498151;290.64750000000004;17.535827820874456
6454;10.606798166521926;2.0110627025210364;295.3625;18.85761597989654
6455;10.605221819612488;2.0110627025210364;300.8925;20.180769489666687
6456;10.54984308416837;2.0110627025210364;296.66499999999996;21.55640048275777
6457;10.606800444086122;2.0110627025210364;306.22749999999996;22.877784420827677
6458;10.605211250656737;2.0110627025210364;303.3275;24.200545954261695
6459;10.549852137097723;2.0110627025210364;295.8225;25.575766369423434
6460;10.60680271767018;2.0110627025210364;296.595;26.896746210999822
6461;10.605200689849037;2.0110627025210364;304.4425;28.219115881022137
6462;10.549861185151343;2.0110627025210364;301.125;29.59392584354026
6463;10.60680498728031;2.0110627025210364;291.18;30.91450171303961
6464;10.605190137179818;2.0110627025210364;269.915;32.23647963254748
6465;10.549870228333567;2.0110627025210364;252.22750000000002;33.610879267667336
6466;10.60680725292272;2.0110627025210364;221.6;34.93105128946398
6467;10.605179592639535;2.0110627025210364;200.12;36.252637571327476
6468;10.54987926664872;2.0110627025210364;195.2275;37.62662700425406
6469;10.606809514603608;2.0110627025210364;197.3825;38.94639530268021
6470;10.605169056218644;2.0110627025210364;195.35250000000002;40.26759005974223
6471;10.54988830010114;2.0110627025210364;205.01749999999998;41.64116941564018
6472;10.60681177232915;2.0110627025210364;243.155;42.96053411498592
6473;10.605158527907628;2.0110627025210364;292.55;44.28133746006217
6474;10.549897328695137;1.768042086097092;315.46500000000003;44.276909326316165
6475;10.606814026105518;0.10169508793895277;318.34749999999997;33.74616584590985
6476;10.605148007696977;0.10141588231535864;332.3075;23.216475439851575
6477;10.54990635243503;1.7680435983726535;340.755;23.214153792307588
6478;10.606816275938861;1.7775810504194767;349.46500000000003;23.211832376928356
6479;10.60513749557721;2.0110627025210364;360.48249999999996;24.53463057289231
6480;10.549915371325136;2.0110627025210364;362.1175;25.909757507076144
6481;10.606818521835331;2.0110627025210364;367.505;27.230688935581874
6482;10.605126991538844;2.0110627025210364;376.195;28.553095224726412
6483;10.549924385369753;2.0110627025210364;385.7975;29.927811749102673
6484;10.60682076380106;2.0110627025210364;384.4575;31.248339242316757
6485;10.605116495572421;2.0110627025210364;384.145;32.57035373759872
6486;10.549933394573186;2.0110627025210364;385.545;33.94465997738044
6487;10.606823001842173;2.0110627025210364;371.1575;35.26478365963264
6488;10.60510600766849;2.0110627025210364;324.695;36.58640647398161
6489;10.54994239893973;2.0110627025210364;256.97249999999997;37.960302554341474
6490;10.606825235964774;2.0110627025210364;193.0075;39.2800225499195
6491;10.605095527817637;2.0110627025210364;143.3075;40.60125379623775
6492;10.549951398473668;2.0110627025210364;124.0825;41.97473984230814
6493;10.606827466174968;2.0110627025210364;125.08;43.29405627545769
6494;10.605085056010427;2.0110627025210364;132.81;44.61489606662024
6495;10.549960393179292;2.0110627025210364;159.98250000000002;45.98797220349325
6496;10.606829692478842;2.0110627025210364;244.32;47.306885198418
6497;10.605074592237473;2.0110627025210364;334.44;48.62733364727256
6498;10.549969383060876;2.0110627025210364;382.0575;50.0
6499;10.60683191488247;1.5388134171240515;373.9525;48.495272859482135
6500;10.605064136489386;0.10140182646057509;368.04;37.9641075427225
6501;10.549978368122696;1.768055667377942;373.815;37.96031113196823
6502;10.606834133391917;2.0110627025210364;380.7125;39.28002267413272
6503;10.605053688756794;2.0110627025210364;391.9425;40.60129366754635
6504;10.549987348369015;2.0110627025210364;410.4425;41.97474555722903
6505;10.60683634801324;2.0110627025210364;419.2825;43.294053552060724
6506;10.605043249030347;2.0110627025210364;427.9575;44.61493306012669
6507;10.549996323804109;2.0110627025210364;434.5225;45.987975059206775
6508;10.606838558752477;2.0110627025210364;437.325;47.306879630886
6509;10.605032817300696;2.0110627025210364;439.9525;48.62736776648726
6510;10.550005294432221;2.0110627025210364;424.03;50.0
6511;10.606840765615658;1.7784671996540762;409.4925;50.0
6512;10.605022393558526;0.10139483082296297;386.735;39.46868421052631
6513;10.550014260257615;1.5285446541044274;353.5025;37.9603196780079
6514;10.606842968608802;2.0110627025210364;320.68;39.280022825861735
6515;10.605011977794522;2.0110627025210364;259.985;40.60133344467435
6516;10.550023221284532;2.0110627025210364;206.36;41.97475125110958
6517;10.60684516773792;2.0110627025210364;196.9225;43.29405086663345
6518;10.60500156999939;2.0110627025210364;221.525;44.61496997004736
6519;10.550032177517217;2.0110627025210364;274.275;45.987977904409
6520;10.606847363009003;2.0110627025210364;335.5825;47.30687411176
6521;10.604991170163842;2.0110627025210364;384.21;48.62740181269318
6522;10.550041128959904;2.0110627025210364;409.4375;50.0
6523;10.606849554428043;0.10170104207931231;406.1625;39.46868421052631
6524;10.604980778278616;0.10138785657818947;400.5875;28.938421552631574
6525;10.550050075616829;0.35328897512915197;401.17;20.049236427255288
6526;10.606851742001005;2.0110627025210364;412.1425;21.370722348711606
6527;10.604970394334465;2.0110627025210364;418.365;22.693863401858994
6528;10.550059017492218;2.0110627025210364;419.245;24.0690379489012
6529;10.606853925733857;2.0110627025210364;413.2075;25.390119815659148
6530;10.604960018322146;2.0110627025210364;413.705;26.712868786271546
6531;10.550067954590288;2.0110627025210364;415.8575;28.087632942532146
6532;10.606856105632552;2.0110627025210364;423.9475;29.408310878886965
6533;10.604949650232438;2.0110627025210364;428.495;30.73066788007826
6534;10.550076886915262;2.0110627025210364;417.88;32.105021770720754
6535;10.60685828170303;2.0110627025210364;401.24;33.4252959009258
6536;10.604939290056135;0.10138090362678741;384.2875;22.895637581862026
6537;10.550085814471347;0.09218808872243596;362.3375;12.367032228630157
6538;10.60686045395121;2.0110627025210364;317.795;13.689278094153643
6539;10.604928937784045;2.0110627025210364;277.1;15.013226675449385
6540;10.550094737262746;2.0110627025210364;242.84;16.38913535238223
6541;10.606862622383025;2.0110627025210364;247.91;17.710976947583116
6542;10.604918593406984;2.0110627025210364;256.7125;19.034533186151727
6543;10.550103655293668;2.0110627025210364;298.2825;20.410031260304127
6544;10.606864787004367;2.0110627025210364;346.995;21.731468709523945
6545;10.604908256915797;2.0110627025210364;391.135;23.054632718582987
6546;10.550112568568302;2.0110627025210364;416.1625;24.429720315171238
6547;10.606866947821144;0.10170395701299027;409.695;13.900961553666038
6548;10.604897928301328;0.10137397186992048;403.7375;3.373255668036987
6549;10.55012147709084;2.0110627025210364;407.01250000000005;4.750302939233885
6550;10.60686910483923;2.0110627025210364;409.03249999999997;6.073302259342692
6551;10.604887607554444;2.0110627025210364;412.7425;7.3980517019400365
6552;10.550130380865468;2.0110627025210364;424.1675;8.774688034947648
6553;10.606871258064512;2.0110627025210364;430.065;10.097282870982866
6554;10.604877294666025;2.0110627025210364;435.8975;11.421639712763044
6555;10.550139279896367;2.0110627025210364;427.3675;12.797865232890219
6556;10.606873407502837;2.0110627025210364;415.63;14.120055709239233
6557;10.604866989626963;2.0110627025210364;444.51750000000004;15.444020063522695
6558;10.55014817418771;2.0110627025210364;433.4425;16.819834896038017
6559;10.606875553160068;2.0110627025210364;413.1575;18.14162113704635
6560;10.604856692428168;0.10136706120937723;386.015;7.613491185458964
6561;10.550157063743667;2.0110627025210364;338.975;8.990080625783936
6562;10.606877695042039;2.0110627025210364;292.4175;10.31264780743142
6563;10.604846403060563;2.0110627025210364;243.32;11.637012459743142
6564;10.550165948568402;2.0110627025210364;201.0125;13.013191107357187
6565;10.606879833154585;2.0110627025210364;194.2125;14.335353946749596
6566;10.604836121515085;2.0110627025210364;221.2875;15.65932609591559
6567;10.550174828666082;2.0110627025210364;279.725;17.03509407607322
6568;10.606881967503519;2.0110627025210364;341.0825;18.35685269753727
6569;10.604825847782683;2.0110627025210364;397.52250000000004;19.68043245687397
6570;10.55018370404085;2.0110627025210364;429.24;21.055789894789477
6571;10.606884098094651;0.10170683120260596;423.245;10.527368526326315
6572;10.604815581854327;0.1013601715475663;424.145;-0.0
6573;10.550192574696863;1.7680915659489371;416.15250000000003;0.0
6574;10.60688622493378;2.0110627025210364;398.845;1.3234580863129095
6575;10.604805323720994;2.0110627025210364;380.4425;2.6487606829693338
6576;10.55020144063827;2.0110627025210364;370.1525;4.02580443829468
6577;10.606888348026688;2.0110627025210364;373.1625;5.348857927225497
6578;10.604795073373676;2.0110627025210364;380.49;6.673767721727781
6579;10.5502103018692;2.0110627025210364;388.685;8.050400558179868
6580;10.606890467379156;2.0110627025210364;397.9475;9.373049574113853
6581;10.604784830803386;2.0110627025210364;406.84000000000003;10.697566679893226
6582;10.550219158393794;2.0110627025210364;398.6575;12.073788722751132
6583;10.606892582996943;2.0110627025210364;381.0375;13.39603339003176
6584;10.604774596001144;0.10135330278751077;360.955;2.868377997219074
6585;10.550228010216184;2.0110627025210364;322.0625;4.245374549713977
6586;10.606894694885808;2.0110627025210364;256.205;5.568400052117489
6587;10.604764368957987;2.0110627025210364;189.3475;6.893317061602189
6588;10.550236857340485;2.0110627025210364;156.375;8.269902715422567
6589;10.606896803051487;2.0110627025210364;150.16750000000002;9.592523762252112
6590;10.604754149664968;2.0110627025210364;157.8625;10.917048067694168
6591;10.550245699770825;2.0110627025210364;182.52249999999998;12.293222948105115
6592;10.606898907499717;2.0110627025210364;249.5175;13.615439663685573
6593;10.604743938113147;2.0110627025210364;337.9375;14.939571378511715
6594;10.550254537511313;2.0110627025210364;381.745;16.315335610738117
6595;10.606901008236221;0.8563577980782164;372.79999999999995;10.527368526326315
6596;10.604733734293605;0.10134645483284463;352.9525;0.0
6597;10.550263370566057;1.7681034305266061;326.9675;0.0
6598;10.606903105266705;2.0110627025210364;310.0125;1.3234420499966306
6599;10.60472353819744;1.7772303315179825;283.6925;1.323309705791631
6600;10.550272198939169;2.0110627025210364;252.24;2.700418785828841
6601;10.606905198596873;2.0110627025210364;232.17000000000002;4.023588805283229
6602;10.604713349815748;2.0110627025210364;210.2225;5.34870876407774
6603;10.550281022634742;2.0110627025210364;203.48;6.725406921698328
6604;10.606907288232414;2.0110627025210364;207.35;8.048172457185364
6605;10.604703169139658;2.0110627025210364;214.6875;9.37289962925697
6606;10.550289841656872;2.0110627025210364;223.275;10.749186989720018
6607;10.606909374179006;1.7775966526193454;224.825;10.748112071021046
6608;10.604692996160304;1.777225213022004;192.6525;10.747037259813943
6609;10.55029865600965;1.4885622227868427;136.705;8.990114005854988
6610;10.60691145644232;2.0110627025210364;96.4775;10.312649110834197
6611;10.604682830868827;2.0110627025210364;83.2;11.637169156597729
6612;10.550307465697157;2.0110627025210364;75.97749999999999;13.01321334726977
6613;10.60691353502801;2.0110627025210364;73.33500000000001;14.335344167658434
6614;10.604672673256406;2.0110627025210364;78.0475;15.659471593648083
6615;10.550316270723476;2.0110627025210364;86.8175;17.035105189301415
6616;10.606915609941728;2.0110627025210364;108.03;18.356831849337844
6617;10.604662523314198;2.0110627025210364;145.39;19.68056676900442
6618;10.55032507109268;2.0110627025210364;173.04500000000002;21.055789894789477
6619;10.606917681189106;0.10171245934499705;160.185;10.527368526326315
6620;10.60465238103341;0.10133282095723588;129.3225;0.0
6621;10.550333866808836;1.7681152448903161;114.36;0.0
6622;10.606919748775773;1.7775983912830633;111.64750000000001;0.0
6623;10.604642246405232;1.7772167079437051;104.595;0.0
6624;10.55034265787601;1.7681167181725919;97.585;0.0
6625;10.606921812707347;2.0110627025210364;92.80250000000001;1.3234242779280208
6626;10.604632119420891;3.4285714285714284;92.6525;2.648891422050381
6627;10.550351444298267;3.4285714285714284;92.72749999999999;4.025792660824823
6628;10.606923872989427;3.4285714285714284;94.27000000000001;5.348812402218785
6629;10.604622000071616;3.4285714285714284;89.9925;6.673886620910527
6630;10.550360226079649;3.4285714285714284;85.46000000000001;8.05037701747277
6631;10.606925929627613;3.4285714285714284;74.68;9.37299234662479
6632;10.604611888348654;3.4285714285714284;68.0875;10.697673753458906
6633;10.550369003224217;3.4285714285714284;77.605;12.073753433020553
6634;10.606927982627493;3.4285714285714284;74.06;13.395964474181133
6635;10.60460178424326;3.4285714285714284;65.1175;14.720253182702619
6636;10.55037777573601;3.4285714285714284;61.3125;16.09592227043514
6637;10.606930031994635;3.4285714285714284;61.5975;17.41772914781319
6638;10.604591687746707;3.4285714285714284;61.97;18.74162527153904
6639;10.550386543619073;3.4285714285714284;62.9025;20.116883892573764
6640;10.606932077734609;3.4285714285714284;64.6125;21.43828673033663
6641;10.604581598850281;3.4285714285714284;67.2025;22.761790382755827
6642;10.550395306877435;3.4285714285714284;72.8425;24.136638662183987
6643;10.606934119852962;2.0110627025210364;76.4075;25.457637584457455
6644;10.604571517545287;0.9908096321444329;75.28;20.515706627100524
6645;10.550404065515135;2.0110627025210364;75.5525;21.890771194198436
6646;10.60693615835524;3.4285714285714284;75.8425;23.21199276664154
6647;10.604561443823034;3.4285714285714284;73.2925;24.535338195732994
6648;10.55041281953619;3.4285714285714284;76.7625;25.909992483354042
6649;10.606938193246974;3.4285714285714284;77.69;27.230810200521084
6650;10.604551377674852;3.4285714285714284;81.685;28.553763310709925
6651;10.550421568944623;3.4285714285714284;80.805;29.928007443881462
6652;10.606940224533695;3.4285714285714284;82.22;31.248421429830064
6653;10.604541319092077;3.4285714285714284;82.6275;32.570982334549605
6654;10.550430313744448;3.4285714285714284;81.575;33.944816438258925
6655;10.60694225222091;3.4285714285714284;78.75;35.264826817005236
6656;10.604531268066065;3.4285714285714284;73.22999999999999;36.58699562966078
6657;10.550439053939678;3.4285714285714284;70.0775;37.960419828855116
6658;10.606944276314115;3.4285714285714284;66.4975;39.28002672437382
6659;10.604521224588186;3.4285714285714284;65.36;40.6018035583426
6660;10.550447789534315;3.4285714285714284;62.72;41.97481797792917
6661;10.606946296818819;3.4285714285714284;62.11;43.2940215141535
6662;10.60451118864982;3.4285714285714284;63.445;44.615406482784756
6663;10.55045652053236;3.4285714285714284;67.485;45.98801124763074
6664;10.606948313740489;3.4285714285714284;72.055;47.30681154845251
6665;10.604501160242359;3.4285714285714284;83.6325;48.62780476506743
6666;10.550465246937817;2.0110627025210364;110.485;50.0
6667;10.606950327084604;1.7784855609027288;133.665;50.0
6668;10.604491139357206;0.10130579869714361;129.55;39.46868421052631
6669;10.55047396875467;1.9785724163476468;127.005;40.65761118213937
6670;10.606952336856624;2.0110627025210364;119.1025;41.976940701007365
6671;10.604481125985792;2.0110627025210364;105.105;43.29848593725076
6672;10.550482685986907;2.0110627025210364;104.6875;44.67119753696947
6673;10.606954343062;1.777604188889626;93.42;44.666730417215774
6674;10.604471120119548;2.0110627025210364;96.78999999999999;45.988016180060484
6675;10.550491398638508;2.0110627025210364;102.425;47.360450549735894
6676;10.606956345706182;2.0110627025210364;107.26;48.67910597626005
6677;10.60446112174992;2.0110627025210364;125.78999999999999;50.0
6678;10.550500106713454;1.7690251498412692;161.45499999999998;50.0
6679;10.606958344794588;1.7784869045791878;200.485;50.0
6680;10.604451130868373;1.7780667242113335;221.6075;50.0
6681;10.550508810215714;0.2814788993151306;220.5025;40.65718339152941
6682;10.606960340332648;1.7776051939635689;226.3725;40.65311767319025
6683;10.604441147466375;2.0110627025210364;226.1575;41.97483327132988
6684;10.550517509149255;2.0110627025210364;225.45749999999998;43.347644154310956
6685;10.606962332325775;2.0110627025210364;228.2425;44.66669517418604
6686;10.604431171535417;2.0110627025210364;236.925;45.98801889170997
6687;10.550526203518041;2.0110627025210364;254.20749999999998;47.36042019647866
6688;10.606964320779367;2.0110627025210364;281.185;48.679068049718616
6689;10.604421203067;2.0110627025210364;297.1225;50.0
6690;10.550534893326027;1.7690309796795272;315.8775;50.0
6691;10.606966305698817;1.538857128361037;326.2275;48.49540594779001
6692;10.60441124205264;0.10129240882303986;343.6;37.96424061772155
6693;10.550543578577162;1.7681503901832796;361.4875;37.96044419365978
6694;10.606968287089504;2.0110627025210364;383.3375;39.280028276505384
6695;10.604401288483865;2.0110627025210364;398.475;40.60191904961806
6696;10.550552259275406;2.0110627025210364;405.92999999999995;41.974834211401465
6697;10.606970264956805;2.0110627025210364;415.64;43.29401497627136
6698;10.604391342352207;2.0110627025210364;422.51;44.61551379953914
6699;10.550560935424693;2.0110627025210364;427.1675;45.98801935950573
6700;10.60697223930608;2.0110627025210364;423.8225;47.306796930229005
6701;10.604381403649224;2.0110627025210364;422.9275;48.62790391706922
6702;10.550569607028963;2.0110627025210364;413.295;50.0
6703;10.606974210142678;1.7784895634300049;408.965;50.0
6704;10.604371472366486;0.10128574387866358;398.8875;39.46868421052631
6705;10.550578274092153;0.0922706193204278;384.2525;28.938421552631574
6706;10.606976177471944;0.10172226265271803;364.2125;18.40921192100263
6707;10.604361548495564;1.7771696661856375;345.61;18.407370999810528
6708;10.55058693661819;2.0110627025210364;330.0675;19.782472672923266
6709;10.606978141299216;2.0110627025210364;328.1925;21.10386519142172
6710;10.604351632028058;2.0110627025210364;338.255;22.42762075447592
6711;10.550595594610998;2.0110627025210364;352.0225;23.802312177520026
6712;10.60698010162981;2.0110627025210364;366.8325;25.123300849753953
6713;10.604341722955567;2.0110627025210364;390.2075;26.446663882861188
6714;10.550604248074498;1.7681605576968855;406.55;26.444019216472903
6715;10.606982058469038;0.10172324824054377;405.6675;15.915059025077573
6716;10.60433182126972;0.10127909880851206;419.375;5.387151729701383
6717;10.550612897012602;2.0110627025210364;423.975;6.7635307623664405
6718;10.606984011822208;2.0110627025210364;429.1975;8.086219598059106
6719;10.604321926962143;2.0110627025210364;439.6;9.411305145485265
6720;10.550621541429223;2.0110627025210364;446.0575;10.787273550612955
6721;10.606985961694612;2.0110627025210364;439.7275;12.109558159648012
6722;10.604312040024475;2.0110627025210364;435.19;13.434250765808796
6723;10.55063018132826;2.0110627025210364;436.2825;14.809808668470367
6724;10.606987908091535;2.0110627025210364;439.135;16.131689174916563
6725;10.604302160448377;2.0110627025210364;447.875;17.455988953573115
6726;10.55063881671363;2.0110627025210364;436.7425;18.83113647879981
6727;10.606989851018245;2.0110627025210364;426.3725;20.1526130066846
6728;10.60429228822552;1.7771580589568168;412.65999999999997;20.150597745383934
6729;10.55064744758921;0.09228221200708892;394.6975;9.622266896135711
6730;10.606991790480011;2.0110627025210364;372.5775;10.944662468490087
6731;10.604282423347586;2.0110627025210364;345.095;12.269499700063031
6732;10.550656073958901;2.0110627025210364;323.33000000000004;13.64514947983207
6733;10.606993726482091;2.0110627025210364;316.0375;14.967140924726099
6734;10.604272565806275;2.0110627025210364;329.0525;16.291585273117665
6735;10.550664695826589;2.0110627025210364;350.7575;17.666824653555093
6736;10.606995659029725;2.0110627025210364;386.97249999999997;18.988412095011498
6737;10.604262715593288;2.0110627025210364;415.3125;20.312463673988372
6738;10.55067331319616;1.8996599043498534;434.885;21.055789894789477
6739;10.606997588128152;0.10172585083372938;441.02250000000004;10.527368526326315
6740;10.604252872700348;0.10126586793157184;447.64;0.0
6741;10.55068192607148;1.7681735756404302;460.4625;0.0
6742;10.606999513782593;2.0110627025210364;467.6975;1.3233504619065362
6743;10.604243037119197;2.0110627025210364;468.185;2.6491872415971085
6744;10.550690534456429;2.0110627025210364;474.46500000000003;4.025766315139341
6745;10.60700143599827;2.0110627025210364;480.51250000000005;5.3487123743094696
6746;10.60423320884157;2.0110627025210364;481.9975;6.674155954672547
6747;10.550699138354878;2.0110627025210364;474.075;8.050324357639946
6748;10.607003354780389;2.0110627025210364;469.1625;9.372866138162813
6749;10.604223387859237;2.0110627025210364;466.0825;10.697916633082722
6750;10.550707737770686;2.0110627025210364;451.305;12.073674490537261
6751;10.607005270134145;2.0110627025210364;430.965;13.39581211646077
6752;10.604213574163962;1.3206757307337413;411.2325;10.527368526326315
6753;10.55071633270771;0.09229375636480343;386.84749999999997;0.0
6754;10.607007182064727;1.7776130441019278;361.8225;0.0
6755;10.604203767747535;2.0110627025210364;330.1825;1.3260064206398419
6756;10.550724923169811;2.0110627025210364;320.915;2.702685142986457
6757;10.607009090577309;2.0110627025210364;323.555;4.025756238423715
6758;10.604193968601757;2.0110627025210364;326.0225;5.351369392628203
6759;10.550733509160834;2.0110627025210364;332.8275;6.727637421986148
6760;10.607010995677069;2.0110627025210364;352.4325;8.050304212350735
6761;10.60418417671843;2.0110627025210364;369.0325;9.37552421404699
6762;10.550742090684624;2.0110627025210364;372.9275;10.751381675475193
6763;10.607012897369158;1.7421202350119056;367.53;10.527368526326315
6764;10.604174392089377;0.10125271547910548;365.71999999999997;-0.0
6765;10.55075066774502;1.7681850959584107;351.7125;0.0
6766;10.607014795658733;2.0110627025210364;345.025;1.3233359441242036
6767;10.604164614706436;2.0110627025210364;334.45;2.649247226558677
6768;10.550759240345863;2.0110627025210364;321.47749999999996;4.025761023507451
6769;10.607016690550934;2.0110627025210364;311.875;5.348692591381713
6770;10.604154844561458;2.0110627025210364;316.24;6.674210619789189
6771;10.550767808490981;2.0110627025210364;313.2625;8.050313780660778
6772;10.60701858205088;2.0110627025210364;312.0025;9.372841096334376
6773;10.604145081646296;2.0110627025210364;317.9375;10.697965984660762
6774;10.550776372184199;2.0110627025210364;316.925;12.073658634487305
6775;10.607020470163715;2.0110627025210364;325.7875;13.395781821968328
6776;10.604135325952827;1.7771317538757903;322.2725;13.39444224378613
6777;10.550784931429341;0.26640789968168893;301.42;3.960333883198376
6778;10.60702235489453;2.0110627025210364;282.945;5.2832666126602525
6779;10.60412557747294;2.0110627025210364;283.44;6.608818987399693
6780;10.550793486230228;2.0110627025210364;287.7625;7.984904293582237
6781;10.60702423624844;2.0110627025210364;282.34749999999997;9.30743277871686
6782;10.604115836198522;2.0110627025210364;284.1775;10.632591991050393
6783;10.550802036590662;2.0110627025210364;293.78;12.00826679709016
6784;10.60702611423054;2.0110627025210364;325.405;13.330391161891438
6785;10.604106102121495;2.0110627025210364;345.635;14.655157325759829
6786;10.55081058251446;1.7681951369882567;350.0225;14.653691810027253
6787;10.60702798884591;1.7776165310803942;346.5925;14.65222644084625
6788;10.604096375233775;0.10123964074673313;339.22;4.124445428728484
6789;10.550819124005423;1.768196568444415;333.495;4.124032984185612
6790;10.607029860099626;2.0110627025210364;343.4325;5.446942213792549
6791;10.604086655527295;2.0110627025210364;333.1925;6.772515196820239
6792;10.550827661067354;2.0110627025210364;301.26;8.14855166728657
6793;10.607031727996757;2.0110627025210364;290.26;9.471056670522922
6794;10.604076942994004;2.0110627025210364;283.515;10.796236469011566
6795;10.550836193704043;2.0110627025210364;273.445;12.171862461345825
6796;10.607033592542356;2.0110627025210364;271.7325;13.493963362184452
6797;10.604067237625864;2.0110627025210364;275.45;14.818750090103663
6798;10.550844721919283;2.0110627025210364;305.7725;16.193965729271333
6799;10.607035453741474;2.0110627025210364;328.075;17.515662651644007
6800;10.604057539414844;2.0110627025210364;325.1925;18.84005642293474
6801;10.550853245716862;2.0110627025210364;293.9575;20.21486183386143
6802;10.607037311599148;2.0110627025210364;245.6875;21.536154901658854
6803;10.604047848352929;2.0110627025210364;212.7225;22.860155830233406
6804;10.550861765100553;2.0110627025210364;195.51999999999998;24.234551137804857
6805;10.607039166120414;2.0110627025210364;188.045;25.555440474876683
6806;10.604038164432112;2.0110627025210364;190.2275;26.879048674618687
6807;10.550870280074141;2.0110627025210364;235.92000000000002;28.253034003680792
6808;10.607041017310282;2.0110627025210364;311.0025;29.573519733835656
6809;10.604028487644404;2.0110627025210364;370.9675;30.89673531860009
6810;10.550878790641395;1.7682065678899306;396.7425;30.89364564506823
6811;10.607042865173769;0.1017334387485394;403.135;20.36424049103004
6812;10.604018817981826;0.10122664303867444;419.58;9.835888277507253
6813;10.550887296806081;1.7682079934258093;422.615;9.834904688679503
6814;10.607044709715876;1.7776193333068893;429.98;9.833921198210636
6815;10.604009155436415;2.0110627025210364;413.9;11.159129108426221
6816;10.550895798571961;2.0110627025210364;395.745;12.534662186872016
6817;10.607046550941599;2.0110627025210364;379.0625;13.85671449725881
6818;10.603999500000203;2.0110627025210364;352.8075;15.181529300808892
6819;10.550904295942798;2.0110627025210364;345.51;16.556652066733154
6820;10.607048388855915;2.0110627025210364;327.7325;17.87830043211336
6821;10.603989851665258;2.0110627025210364;327.3775;19.202722242988155
6822;10.550912788922346;2.0110627025210364;344.6125;20.577434821287625
6823;10.60705022346381;2.0110627025210364;345.92;21.898679365514877
6824;10.603980210423646;2.0110627025210364;326.575;23.22270829767586
6825;10.550921277514352;2.0110627025210364;299.655;24.597010813207458
6826;10.607052054770243;2.0110627025210364;249.51749999999998;25.917851660094406
6827;10.603970576267448;2.0110627025210364;213.3475;27.241487827474323
6828;10.550929761722564;2.0110627025210364;198.7575;28.61538040505514
6829;10.607053882780173;2.0110627025210364;201.8875;29.93581767837347
6830;10.603960949188759;2.0110627025210364;224.31;31.259061194876313
6831;10.55093824155072;2.0110627025210364;275.645;32.632543959283645
6832;10.607055707498546;2.0110627025210364;342.435;33.9525777827641
6833;10.60395132917968;2.0110627025210364;404.3475;35.275428762265136
6834;10.550946717002558;2.0110627025210364;439.4025;36.64850183823648
6835;10.607057528930302;2.0110627025210364;448.22249999999997;37.96813233556887
6836;10.603941716232331;1.7770993071018124;465.4775;37.96433552233531
6837;10.550955188081812;1.7682193712268464;476.45500000000004;37.96053908878308
6838;10.607059347080375;2.0110627025210364;480.96500000000003;39.280036655147846
6839;10.60393211033884;2.0110627025210364;478.1025;40.60237314666043
6840;10.550963654792202;2.0110627025210364;477.4675;41.97489743729317
6841;10.607061161953679;2.0110627025210364;476.085;43.29399184369345
6842;10.603922511491353;2.0110627025210364;489.0675;44.61593605859229
6843;10.55097211713746;2.0110627025210364;488.4775;45.988050953705844
6844;10.607062973555134;2.0110627025210364;499.8575;47.3067423237331
6845;10.603912919682017;2.0110627025210364;497.57;48.62829437580281
6846;10.550980575121299;2.0110627025210364;469.33500000000004;50.0
6847;10.607064781889637;1.7785047422185225;459.4075;50.0
6848;10.603903334902997;0.10120728939595726;446.475;39.46868421052631
6849;10.550989028747434;1.0639655140510909;431.2425;35.041250286066706
6850;10.60706658696209;2.0110627025210364;409.3425;36.36103290342412
6851;10.603893757146475;2.0110627025210364;384.0975;37.68369773084463
6852;10.550997478019577;2.0110627025210364;371.94;39.05648175695295
6853;10.607068388777373;2.0110627025210364;370.3675;40.37586113943875
6854;10.603884186404633;2.0110627025210364;382.2575;41.6981335762404
6855;10.551005922941435;2.0110627025210364;402.78499999999997;43.07050813608842
6856;10.607070187340366;2.0110627025210364;415.8475;44.38948440730147
6857;10.603874622669679;2.0110627025210364;434.6225;45.711364567324544
6858;10.551014363516705;1.7682292883526813;441.695;45.70679343086781
6859;10.607071982655931;0.1017383185054034;438.2875;35.17590696205104
6860;10.603865065933823;0.10120087595457644;449.0575;24.64607358188115
6861;10.551022799749088;1.768230702168706;457.83000000000004;24.643608974522962
6862;10.607073774728939;2.0110627025210364;467.27750000000003;25.964424527633017
6863;10.603855516189283;2.0110627025210364;469.425;27.288165344800436
6864;10.55103123164227;2.0110627025210364;468.27750000000003;28.6619568582058
6865;10.607075563564234;2.0110627025210364;461.87;29.98236887713396
6866;10.603845973428301;2.0110627025210364;457.1175;31.305716965489363
6867;10.551039659199942;2.0110627025210364;449.9825;32.67909871755287
6868;10.607077349166655;2.0110627025210364;440.4775;33.999107325972794
6869;10.603836437643121;2.0110627025210364;434.0;35.322062799479234
6870;10.551048082425792;2.0110627025210364;427.6875;36.695034914894784
6871;10.607079131541044;2.0110627025210364;418.565;38.014640236439305
6872;10.60382690882601;2.0110627025210364;403.6375;39.33720320903095
6873;10.551056501323492;1.768236350166981;390.99;39.33326948871005
6874;10.607080910692217;2.0110627025210364;373.1425;40.65260929660358
6875;10.603817386969233;2.0110627025210364;352.4425;41.974917518053154
6876;10.55106491589672;2.0110627025210364;332.32;43.34720835619947
6877;10.607082686624993;2.0110627025210364;334.2325;44.6661450830701
6878;10.60380787206507;2.0110627025210364;349.095;45.988060990099974
6879;10.551073326149147;2.0110627025210364;375.4975;47.35994252415927
6880;10.607084459344183;2.0110627025210364;407.4875;48.67847629352989
6881;10.603798364105826;2.0110627025210364;431.825;50.0
6882;10.551081732084441;1.4918829856421287;447.58500000000004;48.25918502605964
6883;10.60708622885458;0.10174070600529973;449.82500000000005;37.72804331808335
6884;10.603788863083798;0.1011881052287839;454.285;27.19795472427786
6885;10.551090133706257;0.09235640113533204;470.1225;16.668919139331752
6886;10.607087995160974;2.0110627025210364;490.4575;17.990518652014895
6887;10.603779368991304;2.0110627025210364;500.0425;19.315129199607956
6888;10.55109853101826;2.0110627025210364;502.24;20.68965408222065
6889;10.60708975826815;2.0110627025210364;501.76;22.010849846457685
6890;10.603769881820678;2.0110627025210364;502.9225;23.335067373743396
6891;10.551106924024097;2.0110627025210364;499.83;24.70918228918313
6892;10.607091518180882;2.0110627025210364;498.38;26.029974428682372
6893;10.603760401564257;2.0110627025210364;495.96500000000003;27.353799049753462
6894;10.551115312727422;2.0110627025210364;480.9425;28.727504122757434
6895;10.60709327490393;2.0110627025210364;466.82;30.047892761186425
6896;10.603750928214396;0.10118174777870226;454.615;19.51857218243662
6897;10.551123697131876;0.09236202598145135;434.9075;8.990304535744693
6898;10.60709502844205;2.0110627025210364;413.7;10.312665228271172
6899;10.603741461763457;2.0110627025210364;387.85249999999996;11.63807957307306
6900;10.551132077241105;2.0110627025210364;376.13;13.013340291736704
6901;10.607096778799992;2.0110627025210364;380.0575;14.335297017847537
6902;10.603732002203817;2.0110627025210364;388.49;15.660318086052127
6903;10.551140453058734;2.0110627025210364;402.0025;17.035168623837723
6904;10.607098525982495;2.0110627025210364;417.315;18.35672150729197
6905;10.60372254952786;2.0110627025210364;428.8275;19.681349413089773
6906;10.551148824588408;2.0110627025210364;428.98249999999996;21.055789894789477
6907;10.607100269994287;0.10174305913966353;423.11;10.527368526326315
6908;10.603713103727989;0.10117540882754766;426.2325;0.0
6909;10.55115719183374;1.7682532247444525;429.89;0.0
6910;10.60710201084009;1.7776289363196993;432.225;0.0
6911;10.60370366479661;2.0110627025210364;419.9275;1.3264815184432204
6912;10.551165554798366;2.0110627025210364;409.0025;2.702741593232928
6913;10.607103748524617;2.0110627025210364;402.4525;4.025722757975219
6914;10.603694232726149;2.0110627025210364;404.045;5.35181066460958
6915;10.551173913485899;2.0110627025210364;409.26;6.727660265731515
6916;10.607105483052573;2.0110627025210364;408.48;8.050237290804997
6917;10.603684807509032;2.0110627025210364;406.38;9.375931699942337
6918;10.551182267899954;2.0110627025210364;404.73249999999996;10.751370952267386
6919;10.607107214428657;2.0110627025210364;397.9175;12.073543961464935
6920;10.603675389137708;2.0110627025210364;391.5525;13.398844987387966
6921;10.55119061804414;0.09237324116067411;381.2475;2.8711893134155435
6922;10.607108942657547;1.7776300980129949;360.125;2.870902194484202
6923;10.60366597760463;2.0110627025210364;339.06;4.197132425540356
6924;10.551198963922065;2.0110627025210364;325.635;5.57307369657184
6925;10.607110667743937;2.0110627025210364;320.95500000000004;6.895761254845443
6926;10.603656572902269;2.0110627025210364;328.3575;8.221597934462803
6927;10.55120730553733;2.0110627025210364;340.265;9.597128834408894
6928;10.607112389692492;2.0110627025210364;373.8375;10.919412351317584
6929;10.603647175023093;2.0110627025210364;394.2325;12.244855593810515
6930;10.551215642893537;1.7682630204733092;395.5625;12.243631108251133
6931;10.60711410850787;1.5045812199593886;394.75;10.527368526326315
6932;10.603637783959606;0.10116278609613451;396.3325;0.0
6933;10.551223975994267;1.7682644170056487;403.675;-0.0
6934;10.607115824194734;2.0110627025210364;411.4325;1.3232399670150026
6935;10.603628399704295;2.0110627025210364;410.305;2.649660663299221
6936;10.551232304843126;2.0110627025210364;408.73249999999996;4.025725007631921
6937;10.607117536757723;2.0110627025210364;406.0075;5.348560775211321
6938;10.603619022249681;2.0110627025210364;408.1875;6.6745878479966025
6939;10.551240629443685;2.0110627025210364;408.46;8.050241791240303
6940;10.607119246201478;2.0110627025210364;407.285;9.372673483169775
6941;10.603609651588277;2.0110627025210364;415.8;10.698307046812594
6942;10.551248949799527;2.0110627025210364;423.1125;12.073550713798362
6943;10.60712095253063;2.0110627025210364;418.8725;13.395578453822884
6944;10.603600287712629;1.7156837829755727;417.95500000000004;13.008844513285514
6945;10.551257265914236;0.09238441058115343;408.6;2.4812278393605025
6946;10.6071226557498;1.7776323961703586;383.07;2.4809797165765666
6947;10.603590930615274;1.777040519445892;347.5075;2.480731618604909
6948;10.551265577791382;2.0110627025210364;340.1175;3.8567812465412357
6949;10.607124355863597;2.0110627025210364;341.055;5.179627430346164
6950;10.603581580288772;2.0110627025210364;347.015;6.505706966328796
6951;10.551273885434526;2.0110627025210364;365.875;7.881346204469364
6952;10.607126052876628;2.0110627025210364;389.0;9.20378831961612
6953;10.603572236725693;2.0110627025210364;400.5875;10.529474315894749
6954;10.551282188847237;1.7682741728137668;404.0025;10.528421368463162
6955;10.607127746793495;1.777633249371033;406.63;10.527368526326315
6956;10.603562899918611;0.10115023638764628;408.445;0.0
6957;10.551290488033079;1.768275563662359;407.59749999999997;0.0
6958;10.60712943761878;2.0110627025210364;419.805;1.3232270342621582
6959;10.603553569860122;2.0110627025210364;412.055;2.6497188201916164
6960;10.551298782995596;2.0110627025210364;414.245;4.02572000446378
6961;10.607131125357066;2.0110627025210364;419.8775;5.348542863374121
6962;10.603544246542818;2.0110627025210364;426.0725;6.674640974872107
6963;10.551307073738352;2.0110627025210364;420.4175;8.050231790723185
6964;10.607132810012924;2.0110627025210364;417.4425;9.372650598031834
6965;10.603534929959315;2.0110627025210364;419.2525;10.69835514951068
6966;10.551315360264883;2.0110627025210364;434.245;12.07353572174409
6967;10.607134491590921;2.0110627025210364;455.015;13.39555060116054
6968;10.603525620102241;1.777029574151155;442.5075;13.394211046100423
6969;10.551323642578744;1.7682811199848762;391.63;13.392871624995813
6970;10.607136170095607;2.0110627025210364;304.45;14.714752976242487
6971;10.603516316964226;2.0110627025210364;216.2525;16.039940999828847
6972;10.55133192068346;2.0110627025210364;180.35750000000002;17.414571681079575
6973;10.607137845531538;2.0110627025210364;181.92;18.736049270656505
6974;10.603507020537913;2.0110627025210364;196.4725;20.06084399621842
6975;10.551340194582577;2.0110627025210364;254.1375;21.43506472696535
6976;10.607139517903247;2.0110627025210364;344.3875;22.75613867848457
6977;10.603497730815961;2.0110627025210364;437.8875;24.08054022034156
6978;10.551348464279624;1.2871007943429096;441.6675;21.055789894789477
6979;10.607141187215268;0.10174991639774722;423.94;10.527368526326315
6980;10.603488447791038;0.10113775906290594;388.2225;-0.0
6981;10.55135672977812;1.768286665020926;363.53;0.0
6982;10.607142853472126;2.0110627025210364;344.8525;1.32321428920148
6983;10.60347917145582;2.0110627025210364;322.84749999999997;2.6497767548895306
6984;10.551364991081595;2.0110627025210364;285.4025;4.0257150356865266
6985;10.607144516678334;2.0110627025210364;260.89;5.348525173338541
6986;10.603469901802995;2.0110627025210364;247.41750000000002;6.674693914108362
6987;10.551373248193563;2.0110627025210364;247.3775;8.050221858933066
6988;10.607146176838402;2.0110627025210364;244.64999999999998;9.37262796875069
6989;10.603460638825268;2.0110627025210364;239.245;10.698403099069811
6990;10.551381501117543;2.0110627025210364;242.0875;12.07352083269824
6991;10.60714783395683;2.0110627025210364;240.14249999999998;13.39552303835598
6992;10.603451382515338;2.0110627025210364;225.3625;14.720904672662574
6993;10.55138974985704;2.0110627025210364;184.4625;16.09561231983112
6994;10.60714948803811;2.0110627025210364;136.7825;17.417210744962933
6995;10.603442132865936;2.0110627025210364;119.6875;18.7421989976658
6996;10.551397994415563;2.0110627025210364;111.7825;20.11649668307125
6997;10.607151139086717;2.0110627025210364;110.9325;21.43769145127056
6998;10.603432889869799;2.0110627025210364;113.66;22.76228643674912
6999;10.551406234796609;2.0110627025210364;123.32249999999999;24.13617428504867
7000;10.60715278710714;2.0110627025210364;190.35750000000002;25.456965519868383
7001;10.603423653519657;2.0110627025210364;237.29;26.78116735247272
7002;10.551414471003685;2.0110627025210364;222.125;28.154645488283972
7003;10.607154432103838;1.7776377215237278;178.94;28.151830023735144
7004;10.603414423808271;2.0110627025210364;161.945;29.475771138114915
7005;10.551422703040275;2.0110627025210364;165.5125;30.84897199311284
7006;10.607156074081276;2.0110627025210364;183.2175;32.16908882553631
7007;10.603405200728401;2.0110627025210364;175.97;33.49263697596178
7008;10.551430930909873;2.0110627025210364;173.4775;34.86542832789981
7009;10.607157713043904;2.0110627025210364;182.455;36.185141957675306
7010;10.60339598427283;2.0110627025210364;180.55;37.508297258420356
7011;10.551439154615966;2.0110627025210364;180.525;38.88067923180935
7012;10.607159348996163;2.0110627025210364;188.12;40.19998978233982
7013;10.603386774434338;2.0110627025210364;211.4675;41.52275234764896
7014;10.551447374162032;2.0110627025210364;217.8725;42.89472506696026
7015;10.607160981942494;2.0110627025210364;231.4375;44.213632661608194
7016;10.603377571205723;2.0110627025210364;226.28;45.536002605696595
7017;10.55145558955155;0.09241764735365589;215.4275;35.00513321596234
7018;10.607162611887322;2.0110627025210364;201.07999999999998;36.324828221347786
7019;10.603368374579793;2.0110627025210364;191.63;37.64799578267485
7020;10.551463800787994;2.0110627025210364;187.485;39.02034037234798
7021;10.60716423883507;2.0110627025210364;185.16750000000002;40.33963231141743
7022;10.603359184549369;2.0110627025210364;189.1875;41.66240712286439
7023;10.551472007874828;2.0110627025210364;210.9425;43.034342474671014
7024;10.60716586279015;2.0110627025210364;238.5725;44.353231470772904
7025;10.603350001107271;0.2436168008025604;248.2725;34.7175436203422
7026;10.551480210815527;0.09242177359579531;236.10500000000002;24.18775607650648
7027;10.607167483756971;0.10175432339726595;223.01749999999998;13.659021511425147
7028;10.603340824246345;2.0110627025210364;202.95999999999998;14.984481826239977
7029;10.551488409613546;2.0110627025210364;189.36;16.359069388924485
7030;10.60716910173992;2.0110627025210364;177.54749999999999;17.680622835332667
7031;10.603331653959444;2.0110627025210364;169.8875;19.005689701787663
7032;10.551496604272344;2.0110627025210364;165.32;20.37986735875876
7033;10.607170716743395;2.0110627025210364;157.8625;21.70101719111666
7034;10.603322490239421;2.0110627025210364;154.8975;23.025690723670095
7035;10.551504794795372;2.0110627025210364;153.905;24.399458599542125
7036;10.607172328771778;2.0110627025210364;155.3475;25.72020494134898
7037;10.603313333079152;2.0110627025210364;161.92000000000002;27.044485254429652
7038;10.55151298118608;2.0110627025210364;161.3075;28.417843473777435
7039;10.607173937829439;2.0110627025210364;178.135;29.73818644849209
7040;10.603304182471515;2.0110627025210364;189.5325;31.0620736564993
7041;10.551521163447916;2.0110627025210364;184.935;32.43502234385813
7042;10.607175543920743;2.0110627025210364;149.58;33.75496207489904
7043;10.603295038409406;2.0110627025210364;131.89499999999998;35.07845629220262
7044;10.551529341584311;2.0110627025210364;126.99000000000001;36.4509955720683
7045;10.607177147050052;2.0110627025210364;137.785;37.77053218281355
7046;10.603285900885732;2.0110627025210364;137.6825;39.09363352375382
7047;10.551537515598717;2.0110627025210364;163.6225;40.46576352058266
7048;10.607178747221717;2.0110627025210364;191.0675;41.78489713436997
7049;10.603276769893393;2.0110627025210364;246.3925;43.107605713257804
7050;10.551545685494558;2.0110627025210364;269.5175;44.47932655146665
7051;10.607180344440081;0.10175647870061032;273.3325;33.94856282933782
7052;10.603267645425317;1.7769863405469086;272.6825;33.945167973054886
7053;10.551553851275267;2.0110627025210364;257.975;35.31779729754607
7054;10.607181938709479;2.0110627025210364;255.155;36.63744267604231
7055;10.603258527474448;2.0110627025210364;252.805;37.96068333067398
7056;10.551562012944265;2.0110627025210364;264.1325;39.332903350043864
7057;10.607183530034238;2.0110627025210364;269.815;40.652145706176334
7058;10.603249416033725;2.0110627025210364;272.7725;41.97499354637368
7059;10.551570170504974;2.0110627025210364;281.09749999999997;43.34680438503932
7060;10.607185118418677;2.0110627025210364;297.075;44.66564384210307
7061;10.603240311096094;2.0110627025210364;323.97;45.988098982177576
7062;10.551578323960813;2.0110627025210364;348.32;47.35950076451658
7063;10.607186703867113;2.0110627025210364;359.96500000000003;48.677937445766375
7064;10.603231212654528;2.0110627025210364;372.115;50.0
7065;10.551586473315192;1.7683251674091385;363.405;49.995
7066;10.60718828638385;0.5015829920789892;345.365;41.97500539202161
7067;10.603222120702004;2.0110627025210364;334.0725;43.2977468768155
7068;10.551594618571528;2.0110627025210364;326.95;44.66940221448487
7069;10.607189865973188;2.0110627025210364;320.9975;45.98810490158889
7070;10.603213035231505;2.0110627025210364;339.675;47.3104537076288
7071;10.551602759733221;2.0110627025210364;373.9675;48.68170004051149
7072;10.607191442639408;2.0110627025210364;403.40250000000003;50.0
7073;10.60320395623603;0.5225337443661314;422.81;42.11579157931585
7074;10.551610896803671;0.09244367507217034;429.61;31.58526421068423
7075;10.607193016386802;0.10175860237389513;432.9225;21.055789894789477
7076;10.603194883708584;0.10108856108148724;439.11;10.527368526326315
7077;10.551619029786277;0.09244503806700187;453.5975;-0.0
7078;10.607194587219636;1.7776444510617024;461.1;-0.0
7079;10.603185817642181;1.7769726271466841;452.595;0.0
7080;10.551627158684434;1.7683319858115236;430.46000000000004;-0.0
7081;10.607196155142189;1.777644713827583;394.6925;-0.0
7082;10.603176758029855;1.7769711088593134;334.65250000000003;0.0
7083;10.551635283501529;2.0110627025210364;237.9175;1.3759464806735473
7084;10.607197720158712;2.0110627025210364;185.035;2.698971051874703
7085;10.603167704864637;2.0110627025210364;175.2375;4.025691835148111
7086;10.55164340424095;2.0110627025210364;182.715;5.401228031935693
7087;10.607199282273461;2.0110627025210364;206.5675;6.723848590972711
7088;10.603158658139575;2.0110627025210364;205.4225;8.050175480881016
7089;10.551651520906074;2.0110627025210364;194.99;9.425301518472159
7090;10.607200841490684;2.0110627025210364;186.95;10.747518188904161
7091;10.603149617847732;2.0110627025210364;188.9325;12.073451300129925
7092;10.551659633500288;2.0110627025210364;173.4125;13.448167303174639
7093;10.607202397814612;2.0110627025210364;159.8825;14.76998020852044
7094;10.603140583982169;2.0110627025210364;152.2375;16.09551965571653
7095;10.551667742026954;2.0110627025210364;158.8275;17.46982574882535
7096;10.607203951249481;2.0110627025210364;157.365;18.79123501256346
7097;10.603131556535972;2.0110627025210364;178.355;20.11638091035303
7098;10.55167584648945;1.768340145330585;168.155;20.114369272261996
7099;10.60720550179951;0.10176069478621386;162.9375;9.586042045861086
7100;10.603122535502223;0.2509292201537345;148.10750000000002;0.0
7101;10.551683946891146;1.7683415028652285;131.1475;-0.0
7102;10.607207049468915;1.7776465395920953;121.82000000000001;0.0
7103;10.603113520874022;1.7769605110355209;102.7075;0.0
7104;10.551692043235393;2.0110627025210364;100.8375;1.3758925589263764
7105;10.607208594261907;2.0110627025210364;97.97749999999999;2.698906805121672
7106;10.60310451264448;2.0110627025210364;94.7525;4.025687627428904
7107;10.551700135525557;2.0110627025210364;92.8425;5.401169929916882
7108;10.607210136182687;2.0110627025210364;99.87;6.723780183550338
7109;10.60309551080671;2.0110627025210364;105.86500000000001;8.050167070265609
7110;10.551708223764994;2.0110627025210364;108.68;9.425239240981838
7111;10.60721167523544;2.0110627025210364;127.0275;10.747445625584072
7112;10.603086515353851;2.0110627025210364;130.815;12.073438691435355
7113;10.551716307957047;0.092461340775419;119.015;1.5459155580925277
7114;10.60721321142436;1.5315483126424831;90.6375;0.0
7115;10.603077526279032;2.0110627025210364;71.875;1.3270763500349199
7116;10.551724388105066;2.0110627025210364;71.13499999999999;2.7028054737001033
7117;10.607214744753625;2.0110627025210364;72.02250000000001;4.02568118563679
7118;10.60306854357541;3.4285714285714284;71.0325;5.3523635011215855
7119;10.551732464212394;3.4285714285714284;71.55250000000001;6.727682423769699
7120;10.607216275227406;2.0110627025210364;80.8675;8.050154194061285
7121;10.603059567236134;2.0110627025210364;100.9025;9.376442589767553
7122;10.551740536282374;2.0110627025210364;124.9825;10.75135143604032
7123;10.607217802849867;0.1017627563015116;127.105;0.22396051142303364
7124;10.60305059725438;1.7412969730966068;115.775;0.0
7125;10.551748604318337;1.7683523387102509;106.3425;0.0
7126;10.607219327625163;1.783607949899816;105.6675;0.03378145290441164
7127;10.603041633623326;2.0110627025210364;106.3825;1.3608885228169618
7128;10.551756668323614;2.0110627025210364;106.9875;2.7365835990572465
7129;10.607220849557446;2.0110627025210364;105.17;4.059450133617767
7130;10.60303267633616;2.0110627025210364;100.205;5.386163146085054
7131;10.551764728301533;2.0110627025210364;92.0125;6.761448037883989
7132;10.607222368650856;3.4285714285714284;88.9725;8.083910642861888
7133;10.60302372538608;3.4285714285714284;89.53999999999999;9.410229712680826
7134;10.55177278425542;2.0110627025210364;90.0175;10.78510454466691
7135;10.607223884909532;2.0110627025210364;82.61500000000001;12.107163343548388
7136;10.603014780766294;2.0110627025210364;76.395;13.433088585486054
7137;10.551780836188593;2.0110627025210364;75.43;14.807553482248343
7138;10.607225398337597;2.0110627025210364;69.6075;16.1292085984794
7139;10.603005842470026;2.0110627025210364;66.7525;17.454740127273027
7140;10.55178888410437;2.0110627025210364;69.5525;18.82879521336115
7141;10.607226908939179;2.0110627025210364;68.945;20.150046770347593
7142;10.602996910490498;2.0110627025210364;70.7625;21.475184700704585
7143;10.551796928006063;2.0110627025210364;71.0775;22.848830100628753
7144;10.60722841671838;2.0110627025210364;74.215;24.16967822173623
7145;10.602987984820949;2.0110627025210364;82.845;25.494422668334156
7146;10.551804967896974;2.0110627025210364;94.82;26.8676585065652
7147;10.60722992167932;0.10176478727867085;113.675;16.338655951240863
7148;10.602979065454633;0.1010523924114003;103.2475;5.810706296172055
7149;10.551813003780415;2.0110627025210364;102.44;7.185902871951043
7150;10.607231423826086;2.0110627025210364;114.2525;8.508314429029067
7151;10.602970152384804;2.0110627025210364;115.7;9.834641952820599
7152;10.551821035659682;2.0110627025210364;112.48;11.209428504748619
7153;10.607232923162778;2.0110627025210364;115.015;12.531436284893504
7154;10.602961245604728;2.0110627025210364;111.3875;13.857369957940524
7155;10.607229814317334;2.0110627025210364;105.07;15.179115897343264
7156;10.602952345107687;2.0110627025210364;94.53;16.504793257901227
7157;10.55183708741889;2.0110627025210364;94.07;17.87889754552749
7158;10.60723591342227;2.0110627025210364;88.60249999999999;19.20023553802178
7159;10.602943450886967;2.0110627025210364;82.33500000000001;20.52551923612536
7160;10.55184510730541;2.0110627025210364;72.6325;21.89921383226161
7161;10.607237404353214;3.4285714285714284;66.765;23.220148376742827
7162;10.602934562935864;3.4285714285714284;63.7525;24.54503852711608
7163;10.551853123200923;3.4285714285714284;64.5825;25.918323556222493
7164;10.607238892490383;3.4285714285714284;65.1925;27.238854776001006
7165;10.602925681247692;3.4285714285714284;67.9725;28.563351493338097
7166;10.55186113510871;3.4285714285714284;73.085;29.93622707983549
7167;10.60724037783783;3.4285714285714284;76.725;31.25635509818157
7168;10.60291680581575;3.4285714285714284;79.3575;32.580458497146786
7169;10.551869143032052;2.0110627025210364;87.64500000000001;33.952924765416626
7170;10.6072418603996;2.0110627025210364;108.0075;35.27264970556047
7171;10.602907936633384;1.7769260574689734;119.09;35.26912244058991
7172;10.551877146974219;2.0110627025210364;107.225;36.641312238720346
7173;10.607243340179748;2.0110627025210364;96.125;37.96076693432571
7174;10.60289907369392;2.0110627025210364;88.07;39.284216737623055
7175;10.55188514693849;2.0110627025210364;87.84;40.65599742635773
7176;10.6072448171823;2.0110627025210364;89.52;41.9750492502919
7177;10.602890216990705;2.0110627025210364;81.005;43.2981060392257
7178;10.55189314292812;2.0110627025210364;83.4325;44.669477742840066
7179;10.607246291411286;2.0110627025210364;87.9375;45.98812681822506
7180;10.602881366517096;3.4285714285714284;89.8925;47.310790707352
7181;10.551901134946382;2.0110627025210364;92.5625;48.6817535500822
7182;10.607247762870728;2.0110627025210364;95.5125;50.0
7183;10.602872522266457;1.777802167471234;118.4625;50.0
7184;10.551909122996529;1.769261284849114;118.17;50.0
7185;10.607249231564646;1.7776536088287154;120.3075;49.995
7186;10.602863684232165;0.9306006579502055;109.1725;44.67423764113127
7187;10.551917107081822;1.7683805778454937;106.7175;44.66977021736716
7188;10.60725069749704;1.777653854502212;104.6775;44.66530324034542
7189;10.602854852407601;2.0110627025210364;105.8725;45.98812460023417
7190;10.551925087205507;2.0110627025210364;119.1725;47.35919695492892
7191;10.607252160671914;2.0110627025210364;128.715;48.67757148259511
7192;10.602846026786162;2.0110627025210364;149.8625;50.0
7193;10.55193306337084;1.7683832519369698;165.4525;49.995
7194;10.60725362109326;0.10176875902929147;173.465;39.463684710526316
7195;10.60283720736125;0.10102861861801234;173.7725;28.933422552581575
7196;10.551941035581056;0.09249900255399145;156.2575;18.404213420852635
7197;10.607255078765071;2.0110627025210364;138.7375;19.725480674683734
7198;10.602828394126279;2.0110627025210364;136.835;21.050821152196303
7199;10.551949003839399;2.0110627025210364;122.0625;22.424364516433656
7200;10.60725653369132;2.0110627025210364;121.1275;23.74522837297526
7201;10.60281958707467;2.0110627025210364;117.88;25.070175242417026
7202;10.55195696814911;2.0110627025210364;115.465;26.44330910515113
7203;10.607257985875982;2.0110627025210364;115.4575;27.76376968765843
7204;10.602810786199855;2.0110627025210364;115.8275;29.088323063799805
7205;10.55196492851342;2.0110627025210364;118.85;30.461047549405677
7206;10.60725943532303;2.0110627025210364;123.9325;31.781104981093858
7207;10.602801991495276;2.0110627025210364;140.2425;33.10526497867524
7208;10.55197288493556;2.0110627025210364;134.6325;34.477580211488586
7209;10.607260882036412;2.0110627025210364;124.94;35.79723461553285
7210;10.602793202954384;2.0110627025210364;123.725;37.12100134926463
7211;10.551980837418753;2.0110627025210364;115.53;38.49290745358189
7212;10.60726232602009;2.0110627025210364;109.905;39.812158953117454
7213;10.60278442057064;2.0110627025210364;111.0575;41.135532537680035
7214;10.551988785966222;2.0110627025210364;118.9;42.50702963775836
7215;10.607263767278006;2.0110627025210364;126.515;43.82587835588048
7216;10.602775644337514;2.0110627025210364;149.02249999999998;45.14885890592425
7217;10.551996730581186;2.0110627025210364;156.26;46.51994712598153
7218;10.6072652058141;2.0110627025210364;171.93;47.83839318574554
7219;10.602766874248486;0.10101683159302649;175.35750000000002;37.307293556953276
7220;10.552004671266861;1.4521962291887422;167.5075;35.31750196420115
7221;10.6072666416323;2.0110627025210364;152.905;36.63706690445404
7222;10.602758110297044;2.0110627025210364;152.4025;37.9607829929814
7223;10.55201260802646;2.0110627025210364;147.655;39.33257493705697
7224;10.60726807473654;2.0110627025210364;129.485;40.65173700856355
7225;10.602749352476684;2.0110627025210364;123.23;41.97505995000984
7226;10.552020540863186;2.0110627025210364;125.7425;43.34644293019481
7227;10.607269505130732;2.0110627025210364;138.095;44.6652022560276
7228;10.602740600780923;2.0110627025210364;155.645;45.988132165060115
7229;10.552028469780245;2.0110627025210364;183.4075;47.35910630555238
7230;10.60727093281879;2.0110627025210364;222.96;48.67746300874398
7231;10.602731855203263;2.0110627025210364;242.39;50.0
7232;10.552036394780835;0.4922230335865491;224.4925;41.97926917744736
7233;10.60727235780462;1.777657484521937;190.775;41.97507125052961
7234;10.602723115737243;2.0110627025210364;166.33249999999998;43.29828678345418
7235;10.552044315868155;2.0110627025210364;164.4225;44.66951485470109
7236;10.607273780092122;2.0110627025210364;178.355;45.98813781212811
7237;10.602714382376389;2.0110627025210364;204.05;47.31096033508933
7238;10.552052233045401;2.0110627025210364;248.6225;48.68177961766269
7239;10.60727519968518;2.0110627025210364;288.595;50.0
7240;10.602705655114251;1.7768921574007617;302.2175;49.995
7241;10.552060146315753;0.09251896415032647;292.81;39.463684710526316
7242;10.607276616587686;0.10177261281105532;280.525;28.933422552581575
7243;10.602696933944388;0.10100511039827868;273.9125;18.404213420852635
7244;10.552068055682412;1.7684058751038807;265.5075;18.40237299951055
7245;10.607278030803519;2.0110627025210364;266.59;19.723618632947257
7246;10.602688218860356;2.0110627025210364;268.8325;21.049092463166623
7247;10.552075961148542;2.0110627025210364;252.9375;22.42251539082919
7248;10.607279442336544;2.0110627025210364;230.1875;23.743357669070388
7249;10.60267950985573;2.0110627025210364;201.03;25.06843779894054
7250;10.552083862717332;2.0110627025210364;182.9975;26.44145128557918
7251;10.607280851190634;2.0110627025210364;170.7375;27.761890331819522
7252;10.602670806924088;2.0110627025210364;162.8275;29.086576876208458
7253;10.55209176039196;2.0110627025210364;154.155;30.459181046148476
7254;10.607282257369642;2.0110627025210364;157.3875;31.779216983542703
7255;10.602662110059029;2.0110627025210364;174.0425;33.103510057288275
7256;10.552099654175592;2.0110627025210364;182.9925;34.47570503481573
7257;10.607283660877425;2.0110627025210364;167.63;35.7953379864787
7258;10.60265341925415;2.0110627025210364;142.20499999999998;37.11923770438861
7259;10.552107544071394;2.0110627025210364;127.945;38.49102361375035
7260;10.60728506171782;2.0110627025210364;124.1675;39.81025370275705
7261;10.60264473450306;3.4285714285714284;123.64;41.13376017960887
7262;10.552115430082527;2.0110627025210364;132.29500000000002;42.50513714501251
7263;10.607286459894674;2.0110627025210364;183.2225;43.82396449439807
7264;10.602636055799374;2.0110627025210364;245.47;45.147077844939226
7265;10.552123312212164;2.0110627025210364;268.6975;46.518045990553176
7266;10.607287855411812;0.10177449630939024;277.855;35.987078396480435
7267;10.60262738313673;1.234539371393279;281.015;32.577018850494326
7268;10.55213119046345;1.7684164557708288;283.3175;32.57376114860928
7269;10.607289248273068;2.0110627025210364;288.74;33.893578986635006
7270;10.602618716508756;2.0110627025210364;295.8475;35.217701848053025
7271;10.552139064839547;2.0110627025210364;293.10749999999996;36.589647966270654
7272;10.607290638482251;2.0110627025210364;287.0575;37.909062894915884
7273;10.602610055909098;2.0110627025210364;290.245;39.23279243551275
7274;10.552146935343597;2.0110627025210364;290.37;40.60432956769278
7275;10.607292026043176;2.0110627025210364;290.6425;41.92334170999499
7276;10.602601401331418;2.0110627025210364;299.92;43.24667804455915
7277;10.55215480197875;2.0110627025210364;306.725;44.61780631487488
7278;10.607293410959654;2.0110627025210364;308.18;45.93641579383173
7279;10.60259275276938;0.10098765082533177;300.4925;35.40550636277866
7280;10.552162664748149;0.0925361450666358;271.22499999999997;24.875650022668697
7281;10.607294793235479;1.777661244443455;231.6275;24.87316245766643
7282;10.602584110216652;2.0110627025210364;215.5725;26.198220236714846
7283;10.552170523654931;2.0110627025210364;209.33;27.57103841721899
7284;10.607296172874445;2.0110627025210364;218.175;28.891349949146548
7285;10.602575473666917;2.0110627025210364;239.0525;30.216014114168065
7286;10.552178378702232;2.0110627025210364;270.27;31.58842305298953
7287;10.607297549880343;1.7776617064255942;299.03499999999997;31.58526421068423
7288;10.60256684311387;0.10098330866351235;303.2025;21.055789894789477
7289;10.552186229893186;0.09254009431532442;289.615;10.527368526326315
7290;10.607298924256943;0.1017763513211905;281.31;0.0
7291;10.602558218551213;1.7768674487196856;268.775;0.0
7292;10.552194077230919;1.7684269948735405;251.975;0.0
7293;10.607300296008026;1.8501098003893617;227.92000000000002;0.41067989757276013
7294;10.602549599972647;1.776866004344527;209.145;0.41063882958300285
7295;10.552201920718556;2.0110627025210364;175.73000000000002;1.7860059410174165
7296;10.607301665137355;2.0110627025210364;157.42000000000002;3.108890758542828
7297;10.6025409873719;2.0110627025210364;153.25;4.43616593146367
7298;10.552209760359222;2.0110627025210364;152.9275;5.811123042529262
7299;10.607303031648694;2.0110627025210364;155.95499999999998;7.13360405015875
7300;10.602532380742694;2.0110627025210364;138.33499999999998;8.460484928048174
7301;10.552217596156028;2.0110627025210364;137.0375;9.835032163207142
7302;10.60730439554579;2.0110627025210364;124.37;11.157109484222321
7303;10.602523780078768;2.0110627025210364;110.6075;12.48359618219907
7304;10.55222542811209;2.0110627025210364;97.4075;13.857733665874365
7305;10.607305756832407;2.0110627025210364;86.8275;15.179407423516992
7306;10.602515185373864;2.0110627025210364;85.2275;16.50550005666947
7307;10.552233256230522;2.0110627025210364;86.6425;17.879227913244804
7308;10.607307115512265;2.0110627025210364;89.9625;19.20049823071683
7309;10.602506596621742;2.0110627025210364;101.34;20.526196914103103
7310;10.55224108051443;2.0110627025210364;128.5475;21.899515267922986
7311;10.607308471589112;2.0110627025210364;145.47;23.220382268386537
7312;10.602498013816161;2.0110627025210364;163.555;24.545687117034344
7313;10.552248900966918;2.0110627025210364;178.7175;25.91859609240407
7314;10.60730982506667;1.7776637636063766;182.2225;25.91600423279483
7315;10.602489436950895;1.776855921710434;182.83;25.91341263237155
7316;10.552256717591082;1.7684374926812068;171.4775;25.910821291108313
7317;10.607311175948665;2.0110627025210364;174.9075;27.23128459182797
7318;10.602480866019725;2.0110627025210364;189.23250000000002;28.556204640650044
7319;10.552264530390023;2.0110627025210364;185.51;29.928697716315458
7320;10.60731252423881;2.0110627025210364;193.4125;31.248757948516957
7321;10.602472301016439;2.0110627025210364;192.35500000000002;32.57328438675649
7322;10.552272339366832;2.0110627025210364;199.42000000000002;33.94536833591932
7323;10.60731386994082;2.0110627025210364;211.4675;35.26502562264195
7324;10.602463741934839;2.0110627025210364;209.92;36.58915856524159
7325;10.552280144524602;2.0110627025210364;214.5225;37.960833512086694
7326;10.607315213058394;2.0110627025210364;211.86;39.28008797633001
7327;10.60245518876873;2.0110627025210364;214.12;40.60382753820209
7328;10.552287945866416;2.0110627025210364;208.995;41.97509360687518
7329;10.607316553595227;2.0110627025210364;200.0425;43.29394537159902
7330;10.60244664151193;2.0110627025210364;187.4;44.61729166762553
7331;10.552295743395357;2.0110627025210364;180.245;45.98814898223318
7332;10.60731789155501;2.0110627025210364;188.95;47.306598170357695
7333;10.60243810015826;2.0110627025210364;208.02249999999998;48.629551315390316
7334;10.552303537114506;2.0110627025210364;241.85750000000002;50.0
7335;10.607319226941426;1.7785473842979804;268.72;50.0
7336;10.602429564701561;1.7768458878064715;277.375;49.995
7337;10.552311327026937;0.0925610591636476;270.43;39.463684710526316
7338;10.607320559758158;0.10177997718365243;267.89750000000004;28.933422552581575
7339;10.602421035135672;0.10095887291462202;269.21000000000004;18.404213420852635
7340;10.552319113135718;1.4487125055979504;270.0925;16.394099713769677
7341;10.607321890008873;2.0110627025210364;272.725;17.71550450828987
7342;10.602412511454443;2.0110627025210364;269.445;19.041441071957323
7343;10.552326895443926;2.0110627025210364;251.23499999999999;20.414826377178397
7344;10.607323217697239;2.0110627025210364;242.4275;21.7358278377283
7345;10.602403993651738;2.0110627025210364;227.39499999999998;23.06137046097538
7346;10.552334673954622;2.0110627025210364;214.66;24.43434638367239
7347;10.607324542826913;2.0110627025210364;207.6975;25.754944633348458
7348;10.602395481721421;2.0110627025210364;214.385;27.08009343124977
7349;10.55234244867087;2.0110627025210364;230.0375;28.45266009566932
7350;10.607325865401549;2.0110627025210364;253.32750000000001;29.77285525752828
7351;10.602386975657376;2.0110627025210364;253.1375;31.09761034512802
7352;10.552350219595725;0.09256757711318893;239.59;20.568184794619825
7353;10.607327185424797;1.777666673003771;203.4225;20.56612797614036
7354;10.602378475453481;2.0110627025210364;176.12;21.891811811661942
7355;10.552357986732245;2.0110627025210364;165.5525;23.264882543085143
7356;10.607328502900293;2.0110627025210364;158.8775;24.585593977075558
7357;10.602369981103639;2.0110627025210364;161.89000000000001;25.910883935629396
7358;10.552365750083476;2.0110627025210364;177.63;27.28354538465653
7359;10.607329817831667;2.0110627025210364;215.53;28.603853703177982
7360;10.602361492601755;2.0110627025210364;250.0725;29.928749899835996
7361;10.552373509652474;2.0110627025210364;255.82999999999998;31.301002190676165
7362;10.607331130222558;2.0110627025210364;252.015;32.62090751674567
7363;10.602353009941728;2.0110627025210364;241.685;33.94541006654935
7364;10.55238126544228;2.0110627025210364;217.24;35.317253323372526
7365;10.607332440076584;2.0110627025210364;214.4525;36.63675577996744
7366;10.602344533117495;2.0110627025210364;217.0925;37.96086479792782
7367;10.552389017455937;2.0110627025210364;216.4125;39.33229914486488
7368;10.60733374739736;2.0110627025210364;209.785;40.6513988549229
7369;10.602336062122975;2.0110627025210364;206.2375;41.975114456020584
7370;10.552396765696479;2.0110627025210364;212.1975;43.34614001716333
7371;10.60733505218849;2.0110627025210364;221.47;44.66483710358255
7372;10.602327596952112;2.0110627025210364;240.3725;45.988159402767685
7373;10.55240451016694;2.0110627025210364;243.935;47.35877630216882
7374;10.607336354453592;2.0110627025210364;266.815;48.67707088780769
7375;10.60231913759885;2.0110627025210364;268.8425;50.0
7376;10.552412250870358;0.4922946319938228;252.7825;41.9793232524051
7377;10.60733765419625;1.7776684274500885;206.5375;41.97512532007986
7378;10.60231068405714;2.0110627025210364;182.7175;43.29873265769357
7379;10.552419987809756;2.0110627025210364;162.4525;44.66960379600854
7380;10.607338951420056;2.0110627025210364;156.19;45.98816483177988
7381;10.602302236320954;2.0110627025210364;176.0125;47.3113788907918
7382;10.552427720988158;2.0110627025210364;229.5975;48.68184141796397
7383;10.607340246128604;2.0110627025210364;291.2525;50.0
7384;10.602293794384257;1.7768231342547014;317.0775;49.995
7385;10.552435450408584;0.09258186082225944;308.105;39.463684710526316
7386;10.607341538325471;0.1017834929515088;300.71;28.933422552581575
7387;10.602285358241033;1.0864797811269484;286.265;24.594459183095008
7388;10.552443176074053;2.0110627025210364;270.585;25.96717871990635
7389;10.607342828014225;2.0110627025210364;255.38;27.287606315420845
7390;10.602276927885276;2.0110627025210364;252.8075;28.612714473298293
7391;10.55245089798758;2.0110627025210364;238.14;29.985024848762762
7392;10.607344115198437;2.0110627025210364;218.0925;31.305049436839372
7393;10.602268503310983;2.0110627025210364;206.6875;32.629763853750255
7394;10.552458616152173;2.0110627025210364;211.8125;34.00166519202032
7395;10.607345399881666;2.0110627025210364;221.04749999999999;35.32128689561354
7396;10.602260084512151;2.0110627025210364;240.265;36.64560768663743
7397;10.55246633057084;2.0110627025210364;263.375;38.01710011182647
7398;10.607346682067469;2.0110627025210364;277.3275;39.3363190538512
7399;10.6022516714828;2.0110627025210364;294.46999999999997;40.660246334037154
7400;10.552474041246588;1.7684739136393706;262.94;40.65618030940375
7401;10.607347961759395;2.0110627025210364;207.165;41.97513412770138
7402;10.602243264216959;2.0110627025210364;191.7425;43.2988055132825
7403;10.552481748182414;2.0110627025210364;199.57;44.669617971957884
7404;10.607349238960985;2.0110627025210364;210.2125;45.98816923314776
7405;10.602234862708652;2.0110627025210364;252.85500000000002;47.311447296651224
7406;10.55248945138132;2.0110627025210364;302.3825;48.6818511731093
7407;10.607350513675778;2.0110627025210364;364.14;50.0
7408;10.602226466951922;1.7776938959923319;387.875;50.0
7409;10.552497150846293;0.09259220110967649;377.44;39.46868421052631
7410;10.607351785907305;0.10178521032897689;377.4275;28.938421552631574
7411;10.602218076940817;1.7768104448774986;367.3375;28.93552771047631
7412;10.552504846580325;2.0110627025210364;352.0125;30.307754553453954
7413;10.60735305565909;2.0110627025210364;341.8275;31.627738375122476
7414;10.602209692669398;2.0110627025210364;340.5325;32.952476393249036
7415;10.552512538586406;2.0110627025210364;331.615;34.32429423395263
7416;10.607354322934658;2.0110627025210364;331.5925;35.6438751977413
7417;10.602201314131719;2.0110627025210364;333.7525;36.968219561796396
7418;10.552520226867522;2.0110627025210364;340.6725;38.339628524316076
7419;10.60735558773752;2.0110627025210364;345.31;39.658806753113
7420;10.602192941321865;2.0110627025210364;360.29;40.98275757818192
7421;10.552527911426644;2.0110627025210364;395.5175;42.353757786568785
7422;10.607356850071175;2.0110627025210364;416.3475;43.67253340322251
7423;10.602184574233911;1.776804830207141;406.09250000000003;43.66816614988219
7424;10.552535592266759;1.5003030522563232;389.86;41.979340812629914
7425;10.607358109939135;1.7776718555985525;353.0425;41.97514287854865
7426;10.602176212861954;2.0110627025210364;313.7;43.29887796204194
7427;10.55254326939084;2.0110627025210364;298.4;44.66963196832444
7428;10.607359367344891;2.0110627025210364;298.935;45.98817360614996
7429;10.602167857200087;2.0110627025210364;329.5125;47.31151532444926
7430;10.552550942801851;2.0110627025210364;377.4575;48.681860777255054
7431;10.60736062229193;2.0110627025210364;433.595;50.0
7432;10.602159507242414;1.7768006292661689;426.615;49.995
7433;10.552558612502763;0.09260250138008999;399.1375;39.463684710526316
7434;10.60736187478374;0.10178690110923591;395.7125;28.933422552581575
7435;10.602151162983057;0.10091364542957437;396.1325;18.404213420852635
7436;10.552566278496545;1.7684893715471348;387.515;18.40237299951055
7437;10.6073631248238;2.0110627025210364;390.4075;19.723537793627987
7438;10.602142824416136;2.0110627025210364;395.56;21.049529756653296
7439;10.552573940786145;2.0110627025210364;397.065;22.422479559930796
7440;10.607364372415581;2.0110627025210364;399.8925;23.74324115818
7441;10.602134491535784;2.0110627025210364;399.325;25.068839067105188
7442;10.55258159937453;2.0110627025210364;400.2475;26.441379663792674
7443;10.607365617562552;2.0110627025210364;400.67499999999995;27.761738189141873
7444;10.602126164336134;2.0110627025210364;418.6125;29.08694215920363
7445;10.552589254264651;2.0110627025210364;434.905;30.45907367343629
7446;10.607366860268163;2.0110627025210364;429.9925;31.77902924881419
7447;10.602117842811344;2.0110627025210364;415.8825;33.10383939521853
7448;10.552596905459461;0.24873991264862258;406.46500000000003;23.554879300457866
7449;10.60736810053588;1.7776735299082598;395.935;23.55252381252782
7450;10.60210952695557;2.0110627025210364;378.305;24.878164509538777
7451;10.552604552961906;2.0110627025210364;362.915;26.25070236777401
7452;10.607369338369143;2.0110627025210364;366.755;27.571076426086545
7453;10.60210121676297;2.0110627025210364;384.6225;28.896323162519117
7454;10.552612196774925;2.0110627025210364;417.0;30.268451943266687
7455;10.607370573771401;2.0110627025210364;442.6375;31.58842305298953
7456;10.602092912227722;1.7767894687036505;452.11;31.58526421068423
7457;10.552619836901469;0.09261276188881688;449.96500000000003;21.055789894789477
7458;10.607371806746093;0.10178856559249015;455.5075;10.527368526326315
7459;10.602084613343997;0.10090249247149273;463.4325;0.0
7460;10.552627473344467;1.7684996271034883;474.2125;-0.0
7461;10.607373037296645;1.783009855682752;480.8275;0.030245045082029104
7462;10.602076320105997;2.0110627025210364;485.325;1.3582695164768237
7463;10.55263510610686;2.0110627025210364;489.6325;2.7331303387236585
7464;10.607374265426486;2.0110627025210364;504.12;4.0558514735346245
7465;10.602068032507908;2.0110627025210364;502.2275;5.383481257504758
7466;10.55264273519157;2.0110627025210364;500.8675;6.757932310947016
7467;10.607375491139038;2.0110627025210364;502.82;8.080249801133835
7468;10.60205975054394;2.0110627025210364;505.0775;9.407485013136979
7469;10.552650360601529;2.0110627025210364;502.22499999999997;10.781526422064212
7470;10.607376714437706;2.0110627025210364;497.65999999999997;12.103440390706186
7471;10.602051474208311;2.0110627025210364;490.15500000000003;13.430281146169222
7472;10.552657982339667;2.0110627025210364;473.4625;14.80391303483192
7473;10.607377935325914;2.0110627025210364;449.6175;16.12542360496882
7474;10.602043203495233;2.0110627025210364;432.97749999999996;17.45187001928785
7475;10.5526656004089;2.0110627025210364;417.175;18.825092511897463
7476;10.60737915380705;2.0110627025210364;408.4975;20.146199806529577
7477;10.602034938398942;2.0110627025210364;423.155;21.47225199506993
7478;10.552673214812145;2.0110627025210364;447.205;22.845065215798883
7479;10.60738036988452;2.0110627025210364;470.34000000000003;24.165769357887008
7480;10.60202667891367;2.0110627025210364;476.88;25.49142743598323
7481;10.55268082555232;1.7685085683230974;467.7175;25.488878293239633
7482;10.607381583561711;0.10179020407492678;467.655;14.960013615936628
7483;10.602018425033672;0.10089140006797279;479.3;4.432201825101352
7484;10.552688432632339;1.7685098431826725;491.0525;4.4317586049188415
7485;10.607382794842012;1.7776759925058434;497.3225;4.431315429058349
7486;10.602010176753188;2.0110627025210364;498.815;5.758962629599915
7487;10.5526960360551;2.0110627025210364;506.6375;7.13332549908461
7488;10.6073840037288;2.0110627025210364;507.105;8.455597362992341
7489;10.602001934066488;2.0110627025210364;507.4575;9.782849965892877
7490;10.552703635823514;2.0110627025210364;505.6025;11.15680322686395
7491;10.607385210225454;2.0110627025210364;500.9;12.478671596827082
7492;10.601993696967845;2.0110627025210364;496.695;13.805529717547946
7493;10.552711231940487;2.0110627025210364;496.47;15.179073494232728
7494;10.607386414335338;2.0110627025210364;401.05;16.500538493264735
7495;10.601985465451527;2.0110627025210364;404.70000000000005;17.827002247236457
7496;10.552718824408913;2.0110627025210364;400.65;19.200136663823265
7497;10.607387616061816;2.0110627025210364;381.365;20.52119841489816
7498;10.60197723951183;2.0110627025210364;359.765;21.84726791752043
7499;10.552726413231687;2.0110627025210364;342.6125;23.21999309815858
7500;10.60738881540825;2.0110627025210364;338.2125;24.540651724210925
7501;10.601969019143038;2.0110627025210364;346.515;25.866327090852618
7502;10.552733998411703;2.0110627025210364;451.0375;27.238643159652412
7503;10.607390012377985;2.0110627025210364;469.73249999999996;28.558898783577362
7504;10.601960804339456;2.0110627025210364;488.2575;29.88418012957652
7505;10.552741579951846;2.0110627025210364;481.9975;31.25608721060931
7506;10.607391206974372;1.7776774022829798;484.73;31.25296160188825
7507;10.601952595095394;1.776765953157705;489.03;31.24983630572806
7508;10.552749157855008;2.0110627025210364;491.535;32.62159962213523
7509;10.607392399200753;2.0110627025210364;476.925;33.9413146829323
7510;10.60194439140517;2.0110627025210364;472.935;35.2660733796291
7511;10.552756732124067;2.0110627025210364;461.0425;36.63742787677327
7512;10.60739358906046;2.0110627025210364;453.1275;37.95674022437816
7513;10.601936193263104;2.0110627025210364;446.935;39.28110516675578
7514;10.552764302761908;2.0110627025210364;446.77250000000004;40.65205096861529
7515;10.607394776556824;2.0110627025210364;443.24;41.970960725789446
7516;10.601928000663536;2.0110627025210364;446.0625;43.2949320290865
7517;10.552771869771398;2.0110627025210364;464.9725;44.66546925960076
7518;10.60739596169317;2.0110627025210364;462.3875;45.98397654906629
7519;10.601919813600803;2.0110627025210364;449.94;47.30755432849062
7520;10.552779433155417;0.09263950839496488;426.1175;36.77650778358409
7521;10.607397144472813;0.10179281190558798;408.3475;26.246514343332045
7522;10.601911632069257;0.10087350278900394;395.68;15.717573902424029
7523;10.552786992916833;1.7685263607586805;384.485;15.716002145033787
7524;10.607398324899071;2.0110627025210364;374.89250000000004;17.037402136165166
7525;10.601903456063251;2.0110627025210364;373.445;18.36389011269146
7526;10.552794549058511;2.0110627025210364;390.78999999999996;19.736898902074607
7527;10.60739950297525;2.0110627025210364;418.1925;21.057895684357913
7528;10.601895285577147;1.776756348738151;426.41499999999996;21.055789894789477
7529;10.552802101583318;0.09264330736412126;412.7475;10.527368526326315
7530;10.60740067870465;0.1017934042024071;403.38;-0.0
7531;10.601887120605323;1.7767549803822924;398.68;0.0
7532;10.552809650494114;2.0110627025210364;390.21000000000004;1.374830832030592
7533;10.60740185209057;2.0110627025210364;374.665;2.6976615894613474
7534;10.601878961142159;2.0110627025210364;349.085;4.025606810217351
7535;10.55281719579375;2.0110627025210364;333.89;5.400027913532266
7536;10.607403023136301;2.0110627025210364;317.42;6.722455038761427
7537;10.601870807182037;2.0110627025210364;308.235;8.050005526434617
7538;10.552824737485086;2.0110627025210364;303.0225;9.424017025271143
7539;10.607404191845125;2.0110627025210364;295.135;10.746040641315746
7540;10.601862658719357;2.0110627025210364;290.90250000000003;12.073196511468225
7541;10.552832275570974;2.0110627025210364;297.095;13.446798530024653
7542;10.607405358220326;2.0110627025210364;315.745;14.76841875986234
7543;10.601854515748526;2.0110627025210364;343.83;16.095180128025255
7544;10.552839810054255;2.0110627025210364;339.605;17.46837279046091
7545;10.607406522265176;1.7776799689504894;324.5225;17.466625953181865
7546;10.60184637826395;2.0110627025210364;309.9575;18.79312523123579
7547;10.55284734093778;2.0110627025210364;300.4575;20.166040944821777
7548;10.607407683982945;2.0110627025210364;294.885;21.486987040943497
7549;10.601838246260046;2.0110627025210364;307.8025;22.813092008292358
7550;10.552854868224387;2.0110627025210364;337.855;24.185598574278362
7551;10.607408843376898;2.0110627025210364;379.105;25.50614161321288
7552;10.601830119731245;1.0686148807244134;400.925;21.055789894789477
7553;10.552862391916914;0.09265341133422282;391.7925;10.527368526326315
7554;10.607410000450296;0.10179496642032294;376.83;-0.0
7555;10.601821998671978;1.7767440666913537;368.89750000000004;0.0
7556;10.552869912018203;1.7685402570513549;349.4175;-0.0
7557;10.607411155206384;2.0110627025210364;327.7325;1.3229594025539355
7558;10.60181388307669;2.0110627025210364;306.1575;2.6511039176908238
7559;10.55287742853107;2.0110627025210364;276.0325;4.025605250194538
7560;10.607412307648417;2.0110627025210364;251.845;5.348160997403522
7561;10.60180577293983;2.0110627025210364;242.1175;6.675910697010942
7562;10.552884941458363;2.0110627025210364;243.955;8.050002411555797
7563;10.607413457779634;2.0110627025210364;255.115;9.372154626423988
7564;10.601797668255855;2.0110627025210364;252.0025;10.699509626118283
7565;10.552892450802899;2.0110627025210364;265.2525;12.073191846892918
7566;10.60741460560327;2.0110627025210364;283.83500000000004;13.394940652385124
7567;10.60178956901923;2.0110627025210364;288.8575;14.721901067751617
7568;10.5528999565675;1.7685452921740639;276.62;14.720428877644842
7569;10.607415751122558;2.0110627025210364;243.175;16.04191187119065
7570;10.60178147522443;2.0110627025210364;220.6525;17.36861527854032
7571;10.552907458754984;2.0110627025210364;217.8725;18.741616331195235
7572;10.60741689434073;2.0110627025210364;224.3425;20.062696119938423
7573;10.601773386865927;2.0110627025210364;248.9325;21.3890051328038
7574;10.552914957368172;2.0110627025210364;278.2825;22.761597022790756
7575;10.607418035260993;2.0110627025210364;285.42;24.082273729590533
7576;10.601765303938215;1.7767345653026454;289.74;24.079865502217572
7577;10.552922452409877;1.768549062219861;271.3525;24.07745751566735
7578;10.607419173886578;1.430484523209759;244.225;21.894285609821253
7579;10.601757226435792;1.7767332116056576;239.425;21.89209618126027
7580;10.552929943882903;2.0110627025210364;215.29250000000002;23.264623524953386
7581;10.607420310220688;2.0110627025210364;191.0925;24.585247767891236
7582;10.60174915435316;2.0110627025210364;185.465;25.911127546478948
7583;10.552937431790063;2.0110627025210364;167.8;27.28324587352374
7584;10.607421444266523;2.0110627025210364;151.815;28.60346717688319
7585;10.601741087684827;2.0110627025210364;146.04500000000002;29.928952796864913
7586;10.55294491613416;2.0110627025210364;150.16250000000002;31.300662231257775
7587;10.607422576027288;2.0110627025210364;152.1125;32.620480717808725
7588;10.601733026425311;2.0110627025210364;159.4275;33.945572294632896
7589;10.552952396917998;2.0110627025210364;168.205;35.31687296033134
7590;10.607423705506179;2.0110627025210364;178.505;36.63628875280444
7591;10.601724970569137;2.0110627025210364;196.78;37.960986401888476
7592;10.552959874144369;2.0110627025210364;183.9775;39.33187842281114
7593;10.607424832706382;2.0110627025210364;159.915;40.65089164389779
7594;10.601716920110844;2.0110627025210364;137.48000000000002;41.9751954806281
7595;10.552967347816073;2.0110627025210364;134.87;43.34567898065477
7596;10.60742595763108;2.0110627025210364;140.315;44.66428975300718
7597;10.601708875044967;2.0110627025210364;172.1975;45.98819989273917
7598;10.552974817935896;2.0110627025210364;216.805;47.358274995710794
7599;10.607427080283452;2.0110627025210364;260.53;48.67648344194195
7600;10.601700835366058;2.0110627025210364;280.6275;50.0
7601;10.552982284506632;1.7685590893947105;286.455;49.995
7602;10.607428200666671;0.10179801656835054;296.18;39.463684710526316
7603;10.601692801068669;0.10083682921705082;307.3575;28.933422552581575
7604;10.552989747531063;0.09267475467802043;320.635;18.404213420852635
7605;10.607429318783906;1.7776837893862032;340.8;18.40237299951055
7606;10.601684772147369;1.7767210690959003;363.1125;18.4005327622106
7607;10.552997207011973;1.7685615902358707;377.03000000000003;18.398692708934377
7608;10.60743043463832;2.0110627025210364;396.495;19.71979392675708
7609;10.601676748596718;2.0110627025210364;406.6475;21.046229036197523
7610;10.553004662952144;2.0110627025210364;399.705;22.418769983489366
7611;10.60743154823307;2.0110627025210364;387.945;23.7394681356696
7612;10.601668730411308;2.0110627025210364;391.595;25.06550889496529
7613;10.553012115354349;2.0110627025210364;392.8;26.437640834489162
7614;10.607432659571309;2.0110627025210364;388.53000000000003;27.757936043812972
7615;10.601660717585716;1.7767170378265866;372.72;27.75516025020859
7616;10.553019564221366;0.09267975161416878;352.6675;17.226068944709887
7617;10.607433768656175;0.10179894969968552;337.8025;6.698030548341732
7618;10.601652710114536;1.776715695866034;326.02250000000004;6.697360745286898
7619;10.553027009555958;1.768566584801258;320.9375;6.696691009212369
7620;10.607434875490826;2.0110627025210364;325.8375;8.018958208395162
7621;10.601644707992376;2.0110627025210364;331.365;9.346593839981566
7622;10.553034451360897;2.0110627025210364;343.09749999999997;10.720276451804716
7623;10.607435980078384;2.0110627025210364;351.91999999999996;12.042140243085072
7624;10.60163671121383;1.7767130146333263;357.08500000000004;12.040936029060763
7625;10.553041889638951;1.7685690785329178;348.9175;12.039731935457857
7626;10.607437082421988;0.10179950504892145;345.375;1.512212172790628
7627;10.601628719773524;1.7767116753593648;343.48749999999995;1.512060951573349
7628;10.553049324392877;2.0110627025210364;333.3675;2.8865128873049586
7629;10.607438182524765;2.0110627025210364;326.245;4.209157962617701
7630;10.601620733666083;2.0110627025210364;304.375;5.53719734983866
7631;10.55305675562543;2.0110627025210364;282.1775;6.911239712259517
7632;10.607439280389832;2.0110627025210364;272.58500000000004;8.23348127191795
7633;10.601612752886124;2.0110627025210364;273.4725;9.56112580854894
7634;10.55306418333937;2.0110627025210364;269.8675;10.934758721795685
7635;10.607440376020309;2.0110627025210364;260.90500000000003;12.256596888704212
7636;10.601604777428296;2.0110627025210364;251.7675;13.583846690458461
7637;10.55307160753745;2.0110627025210364;244.675;14.957070278628839
7638;10.607441469419305;2.0110627025210364;238.13;16.278505175652636
7639;10.601596807287239;2.0110627025210364;248.6825;17.605360358212195
7640;10.553079028222419;2.0110627025210364;241.34;18.978174745365077
7641;10.607442560589924;2.0110627025210364;228.81;20.299206495330115
7642;10.601588842457605;2.0110627025210364;212.4075;21.625667174345857
7643;10.553086445397021;2.0110627025210364;204.705;22.998072484501254
7644;10.607443649535268;2.0110627025210364;206.5775;24.318701210194302
7645;10.601580882934062;2.0110627025210364;218.6;25.644767501285923
7646;10.553093859063997;2.0110627025210364;256.65;27.016763858424998
7647;10.607444736258433;2.0110627025210364;285.54499999999996;28.336989682593643
7648;10.601572928711265;2.0110627025210364;301.4675;29.66266170134968
7649;10.55310126922609;1.7685790298723334;299.2375;29.659695435179547
7650;10.607445820762512;0.10180096949481394;291.4125;19.13041367616235
7651;10.601564979783893;1.6784988042898377;291.60249999999996;18.511688090209926
7652;10.55310867588604;1.768580271143798;285.385;18.509836921400904
7653;10.607446903050587;2.0110627025210364;296.805;19.830911379810708
7654;10.601557036146625;2.0110627025210364;306.4175;21.157449104333434
7655;10.553116079046578;2.0110627025210364;320.27750000000003;22.529873084328752
7656;10.607447983125738;2.0110627025210364;339.79;23.85054451305087
7657;10.601549097794155;2.0110627025210364;345.6;25.176687815695118
7658;10.553123478710441;2.0110627025210364;347.0575;26.54870284213863
7659;10.607449060991044;2.0110627025210364;346.5;27.868971363912927
7660;10.601541164721173;2.0110627025210364;351.73;29.19472036029142
7661;10.553130874880347;2.0110627025210364;353.6025;30.56632655711906
7662;10.607450136649575;2.0110627025210364;336.5725;31.886192294646253
7663;10.601533236922382;2.0110627025210364;350.225;33.211547100340525
7664;10.55313826755903;2.0110627025210364;342.65;34.58274459144941
7665;10.60745121010439;2.0110627025210364;331.8225;35.9022076673911
7666;10.601525314392495;2.0110627025210364;335.33500000000004;37.227168397951495
7667;10.553145656749205;2.0110627025210364;340.5225;38.597957307199955
7668;10.607452281358558;2.0110627025210364;345.6975;39.91701784417861
7669;10.601517397126232;2.0110627025210364;361.9775;41.241584615124275
7670;10.553153042453602;2.0110627025210364;388.1725;42.61196506633184
7671;10.60745335041513;2.0110627025210364;399.3375;43.93062318693084
7672;10.60150948511831;1.776691692995369;398.07;43.92623012461215
7673;10.553160424674925;0.09270335821453651;386.645;33.395521712126
7674;10.60745441727715;0.1018024101723106;383.435;22.8658663704811
7675;10.60150157836347;0.10080478247952572;377.4375;12.337263994370367
7676;10.553167803415896;1.7685901802412967;366.82;12.33603026797093
7677;10.607455481947675;2.0110627025210364;355.605;13.657713957093842
7678;10.601493676856443;2.0110627025210364;350.925;14.984929192684511
7679;10.553175178679226;2.0110627025210364;321.5575;16.35791428001998
7680;10.607456544429738;2.0110627025210364;316.2475;17.679194771383727
7681;10.601485780591979;2.0110627025210364;317.145;19.006015360344207
7682;10.553182550467616;2.0110627025210364;313.9425;20.37859133586394
7683;10.607457604726378;2.0110627025210364;299.52;21.699468752240296
7684;10.601477889564833;2.0110627025210364;303.23;23.02589481027848
7685;10.553189918783772;2.0110627025210364;325.755;24.39806179795287
7686;10.607458662840621;2.0110627025210364;355.7075;25.718536262074487
7687;10.601470003769762;2.0110627025210364;361.59;27.044567904867005
7688;10.553197283630402;1.7685951207879513;358.51750000000004;27.04186344807652
7689;10.607459718775495;0.10180329864277625;349.09499999999997;16.51284347225803
7690;10.601462123201532;1.7766837556800064;337.1075;16.511192187910805
7691;10.5532046450102;2.0110627025210364;315.6825;17.88399665593232
7692;10.607460772534017;2.0110627025210364;290.61249999999995;19.20512052235941
7693;10.601454247854925;2.0110627025210364;281.8075;20.531818474844997
7694;10.553212002925866;2.0110627025210364;295.1375;21.904213890217942
7695;10.60746182411921;2.0110627025210364;330.16999999999996;23.224934735915674
7696;10.601446377724718;2.0110627025210364;348.96;24.5512381836036
7697;10.553219357380089;2.0110627025210364;347.2375;25.923224670274156
7698;10.607462873534073;1.777689412778416;343.6325;25.92063234780713
7699;10.601438512805702;1.7766797988478027;341.32;25.91804028457235
7700;10.553226708375552;1.7686000520385765;330.75;25.91544848054389
7701;10.607463920781623;2.0110627025210364;316.90250000000003;27.235766210953294
7702;10.601430653092669;2.0110627025210364;308.03;28.561683513894167
7703;10.553234055914954;2.0110627025210364;294.8925;29.93325499242357
7704;10.607464965864853;2.0110627025210364;265.3375;31.253169949352717
7705;10.60142279858043;2.0110627025210364;261.275;32.578692973706374
7706;10.553241400000973;2.0110627025210364;256.625;33.94985577440808
7707;10.607466008786762;2.0110627025210364;252.5275;35.26936808048321
7708;10.601414949263784;2.0110627025210364;257.92;36.59449694187457
7709;10.553248740636294;2.0110627025210364;285.985;37.9652511885759
7710;10.607467049550348;2.0110627025210364;325.52250000000004;39.28436096638421
7711;10.601407105137554;2.0110627025210364;352.72249999999997;40.6090957804069
7712;10.55325607782359;2.0110627025210364;349.22249999999997;41.97944159689646
7713;10.607468088158585;1.7776902866898212;339.4775;41.975243652736765
7714;10.60139926619657;2.0110627025210364;316.4175;43.29971682548475
7715;10.553263411565545;2.0110627025210364;294.5775;44.66978661281494
7716;10.607469124614456;2.0110627025210364;291.33000000000004;45.98822396576992
7717;10.601391432435651;2.0110627025210364;301.19;47.312303282559476
7718;10.553270741864822;2.0110627025210364;331.46000000000004;48.68196484745964
7719;10.607470158920943;2.0110627025210364;361.47749999999996;50.0
7720;10.601383603849644;1.7766705967350058;371.5525;49.995
7721;10.553278068724095;0.09272307401115826;368.82;39.463684710526316
7722;10.607471191081013;0.10180522126992118;364.8125;28.933422552581575
7723;10.601375780433392;0.10078370018575618;367.9275;18.404213420852635
7724;10.55328539214603;1.7686098867670808;372.335;18.40237299951055
7725;10.607472221097636;2.0110627025210364;371.8125;19.723434152167844
7726;10.601367962181746;2.0110627025210364;368.505;21.05016224467997
7727;10.553292712133292;2.0110627025210364;365.0725;22.422429151928874
7728;10.60747324897377;2.0110627025210364;336.0025;23.743087322488602
7729;10.60136014908957;2.0110627025210364;328.165;25.06942087212126
7730;10.553300028688538;2.0110627025210364;322.39;26.441278902779935
7731;10.607474274712374;2.0110627025210364;321.97;27.761534213912903
7732;10.601352341151724;2.0110627025210364;335.305;29.087473336397373
7733;10.553307341814433;2.0110627025210364;363.9975;30.458922614340025
7734;10.607475298316398;2.0110627025210364;385.5475;31.778775188678015
7735;10.601344538363085;2.0110627025210364;384.5;33.104319999714214
7736;10.553314651513626;1.7686147903023202;369.675;33.10100956771424
7737;10.607476319788793;0.10180608078266526;350.2525;22.571383677283784
7738;10.601336740718528;2.0110627025210364;335.6775;23.897856635233452
7739;10.55332195778877;2.0110627025210364;333.025;25.269810989670596
7740;10.607477339132501;2.0110627025210364;338.7475;26.590180536395753
7741;10.601328948212945;2.0110627025210364;348.4125;27.916259017539815
7742;10.553329260642519;2.0110627025210364;362.1275;29.28780459402767
7743;10.607478356350459;2.0110627025210364;372.60749999999996;30.60777137503533
7744;10.601321160841229;2.0110627025210364;379.6075;31.93345549509866
7745;10.553336560077513;2.0110627025210364;378.2475;33.30459241747551
7746;10.607479371445596;1.777692177639627;374.2675;33.301261958233766
7747;10.601313378598281;1.8909276609625767;383.56;33.94568125157415
7748;10.553343856096403;2.0110627025210364;388.7925;35.316610020157405
7749;10.607480384420846;2.0110627025210364;395.4925;36.635971993955586
7750;10.601305601479005;2.0110627025210364;400.985;37.961068075351136
7751;10.553351148701822;2.0110627025210364;388.0075;39.33158837727687
7752;10.607481395279132;2.0110627025210364;374.3825;40.650547892923974
7753;10.601297829478318;2.0110627025210364;354.3675;41.97524990013028
7754;10.553358437896412;2.0110627025210364;346.395;43.34536185913868
7755;10.607482404023369;2.0110627025210364;344.9225;44.66391903913056
7756;10.601290062591142;2.0110627025210364;347.1925;45.98822708776507
7757;10.553365723682807;2.0110627025210364;360.2875;47.357930827557624
7758;10.607483410656469;2.0110627025210364;379.475;48.676085794351216
7759;10.601282300812407;2.0110627025210364;393.475;50.0
7760;10.553373006063644;1.7686245698572423;392.9575;49.995
7761;10.607484415181354;0.9320927202227025;388.635;44.67874542677477
7762;10.60127454413704;1.7766523195749753;384.13;44.67427755223209
7763;10.553380285041543;1.7686257897306559;374.125;44.66981012447687
7764;10.607485417600909;2.0110627025210364;373.15999999999997;45.98823199674356
7765;10.601266792559993;2.0110627025210364;380.37;47.312429720611895
7766;10.553387560619141;2.0110627025210364;393.73;48.68198029505165
7767;10.60748641791805;2.0110627025210364;414.15;50.0
7768;10.601259046076212;1.7775317673222668;417.055;50.0
7769;10.553394832799055;0.09274264233417046;418.21000000000004;39.46868421052631
7770;10.607487416135665;0.8995524611114423;426.855;33.949092219698095
7771;10.601251304680648;1.7766484249079773;432.64;33.94569731047613
7772;10.553402101583904;2.0110627025210364;440.6;35.316570744240366
7773;10.607488412256648;2.0110627025210364;446.8675;36.635925095522126
7774;10.601243568368268;2.0110627025210364;456.93;37.961080113062714
7775;10.553409366976314;2.0110627025210364;455.3825;39.33154510642391
7776;10.607489406283879;2.0110627025210364;457.9;40.650497015943586
7777;10.601235837134034;2.0110627025210364;460.6575;41.97525792096466
7778;10.553416628978894;2.0110627025210364;462.1825;43.34531459764261
7779;10.607490398220245;2.0110627025210364;465.4225;44.66386418787362
7780;10.601228110972933;2.0110627025210364;461.3225;45.98823109603055
7781;10.553423887594262;2.0110627025210364;461.765;47.3578795797064
7782;10.607491388068617;2.0110627025210364;463.165;48.67602697308325
7783;10.60122038987994;2.0110627025210364;457.3225;50.0
7784;10.553431142825023;1.76863431291328;446.53999999999996;49.995
7785;10.607492375831873;0.10180877159178095;429.8125;39.463684710526316
7786;10.601212673850043;1.1321678587223112;410.775;35.41176640975532
7787;10.553438394673783;2.0110627025210364;398.6925;36.782458758174265
7788;10.607493361512875;2.0110627025210364;396.44;38.10166181886122
7789;10.601204962878244;2.0110627025210364;414.175;39.426706937945006
7790;10.553445643143148;2.0110627025210364;441.47249999999997;40.79699090626522
7791;10.607494345114489;2.0110627025210364;467.12;42.11579157931584
7792;10.60119725695954;0.10075378169410733;469.7125;31.58526421068423
7793;10.55345288823572;0.09275237176111663;454.4625;21.055789894789477
7794;10.607495326639564;0.10180926611338836;453.69;10.527368526326315
7795;10.601189556088947;0.100752491116305;462.895;-0.0
7796;10.553460129954097;1.7686391708244578;477.04;0.0
7797;10.607496306090965;1.7776950156924338;482.615;0.0
7798;10.601181860261477;1.7766367868178694;465.2375;0.0
7799;10.553467368300872;1.76864038388856;436.7525;-0.0
7800;10.607497283471536;2.0110627025210364;410.515;1.3228775807020403
7801;10.601174169472154;1.7766354979295726;384.52500000000003;1.32274529294397
7802;10.553474603278639;2.0110627025210364;356.1875;2.6968121452999685
7803;10.60749825878412;2.0110627025210364;349.5175;4.019419118240525
7804;10.601166483716;2.0110627025210364;343.3875;5.347909016798501
7805;10.553481834889991;2.0110627025210364;347.6325;6.721566482751329
7806;10.607499232031554;2.0110627025210364;346.10749999999996;8.043770055673077
7807;10.601158802988065;2.0110627025210364;348.8;9.371864815828848
7808;10.553489063137514;1.7686440196949607;327.4775;9.370927629347266
7809;10.607500203216683;1.7776956688061154;292.3275;9.369990536584332
7810;10.601151127283382;2.0110627025210364;249.64;10.69795996661146
7811;10.553496288023789;2.0110627025210364;227.76;12.0710686969922
7812;10.607501172342323;2.0110627025210364;216.51500000000001;13.392735476397293
7813;10.601143456597004;2.0110627025210364;228.015;14.7203099190825
7814;10.553503509551405;2.0110627025210364;258.4;16.093009554016756
7815;10.60750213941131;2.0110627025210364;318.19;17.41427322062061
7816;10.601135790923987;2.0110627025210364;335.0925;18.74145279192076
7817;10.55351072772293;1.768647650431602;326.5225;18.73957864664157
7818;10.607503104426458;0.10181056958148267;314.9025;8.211388899303222
7819;10.601128130259392;0.7527199892715809;300.34749999999997;1.7793549961110053
7820;10.553517942540951;2.0110627025210364;288.0775;3.1533350151974906
7821;10.60750406739059;2.0110627025210364;281.515;4.475890817674911
7822;10.601120474598291;2.0110627025210364;281.96500000000003;5.804378777724766
7823;10.553525154008037;2.0110627025210364;274.0675;7.177949443539358
7824;10.607505028306516;2.0110627025210364;282.535;8.500101871703814
7825;10.601112823935757;2.0110627025210364;277.005;9.828194678777674
7826;10.553532362126756;2.0110627025210364;265.6575;11.201356115289379
7827;10.607505987177042;2.0110627025210364;253.4425;12.52310529185966
7828;10.601105178266875;2.0110627025210364;247.79250000000002;13.850803061976942
7829;10.553539566899676;2.0110627025210364;247.1075;15.223555393116051
7830;10.60750694400497;2.0110627025210364;232.26999999999998;16.54490144077202
7831;10.601097537586735;2.0110627025210364;231.6;17.872204289920543
7832;10.55354676832937;2.0110627025210364;217.89;19.24454763957865
7833;10.607507898793102;2.0110627025210364;198.105;20.565490680961243
7834;10.601089901890429;2.0110627025210364;180.82;21.892398725097237
7835;10.553553966418391;2.0110627025210364;165.905;23.264333217127255
7836;10.607508851544228;2.0110627025210364;165.6075;24.584873374838526
7837;10.60108227117306;2.0110627025210364;167.70499999999998;25.911386729886633
7838;10.553561161169306;2.0110627025210364;179.6125;27.282912488102806
7839;10.60750980226114;2.0110627025210364;193.4675;28.60304988470591
7840;10.601074645429746;2.0110627025210364;194.36;29.929168666559182
7841;10.553568352584662;2.0110627025210364;193.75;31.300285814737098
7842;10.607510750946624;2.0110627025210364;201.1475;32.62002057275633
7843;10.60106702465559;2.0110627025210364;219.8725;33.94574489727624
7844;10.553575540667026;2.0110627025210364;224.1575;35.31645355915284
7845;10.607511697603456;2.0110627025210364;229.11;36.635785801073645
7846;10.60105940884572;2.0110627025210364;242.0025;37.961115784090104
7847;10.553582725418934;2.0110627025210364;235.225;39.331416083363706
7848;10.607512642234417;2.0110627025210364;246.8;40.65034593163267
7849;10.601051797995257;2.0110627025210364;253.83249999999998;41.975281688944015
7850;10.55358990684295;2.0110627025210364;256.26;43.345173749274316
7851;10.607513584842279;2.0110627025210364;257.425;44.663701326299226
7852;10.601044192099344;2.0110627025210364;271.4325;45.988242973672214
7853;10.55359708494161;2.0110627025210364;289.52750000000003;47.35772691868032
7854;10.607514525429805;2.0110627025210364;320.65250000000003;48.67585234683015
7855;10.601036591153122;2.0110627025210364;347.6875;50.0
7856;10.553604259717464;1.7695453703687096;360.245;50.0
7857;10.607515463999755;1.7785802713837187;360.8325;50.0
7858;10.601028995151736;1.7774932134194423;364.065;50.0
7859;10.553611431173046;1.7695465722226131;367.995;50.0
7860;10.607516400554895;1.7785804283396445;375.4775;50.0
7861;10.601021404090341;1.7774919412444052;387.01;50.0
7862;10.553618599310896;1.769547773520503;401.025;50.0
7863;10.607517335097974;1.778580584958372;412.73249999999996;50.0
7864;10.6010138179641;1.7774906698964437;415.915;50.0
7865;10.553625764133553;1.7686669292178383;415.055;49.995
7866;10.607518267631741;0.10181311076119902;419.8625;39.463684710526316
7867;10.601006236768175;0.8987317463517741;425.9375;33.94576056590621
7868;10.553632925643543;2.0110627025210364;432.0075;35.31641471048825
7869;10.60751919815894;2.0110627025210364;437.425;36.63573983076621
7870;10.600998660497742;2.0110627025210364;434.075;37.96112752931028
7871;10.5536400838434;2.0110627025210364;432.875;39.331373336906125
7872;10.60752012668232;2.0110627025210364;430.45;40.65029607922423
7873;10.600991089147985;2.0110627025210364;431.3125;41.97528951492573
7874;10.553647238735648;2.0110627025210364;435.23749999999995;43.345127109175365
7875;10.60752105320461;2.0110627025210364;440.94;44.66364759592007
7876;10.600983522714087;2.0110627025210364;442.765;45.98824688458209
7877;10.553654390322816;2.0110627025210364;457.8125;47.357676389086954
7878;10.60752197772854;2.0110627025210364;464.1425;48.67579474260594
7879;10.600975961191239;2.0110627025210364;457.0725;50.0
7880;10.553661538607418;1.7695549696553121;446.895;50.0
7881;10.607522900256841;0.10181388713616171;437.2525;39.46868421052631
7882;10.600968404574642;2.0037159645382623;425.9;40.752171310175335
7883;10.55366868359198;2.0110627025210364;421.665;42.12211084363194
7884;10.607523820792233;0.10181404140736114;425.53;31.59158284307389
7885;10.600960852859505;0.1007141630717485;427.2975;21.062107895315897
7886;10.553675825279013;1.768675318893045;437.0425;21.060001684526366
7887;10.607524739337437;1.7776997807792247;448.96000000000004;21.057895684357913
7888;10.600953306041035;1.7765984837455164;449.125;21.055789894789477
7889;10.553682963671037;0.09279092977167763;444.1375;10.527368526326315
7890;10.60752565589517;0.10181434894961716;444.6925;-0.0
7891;10.600945764114455;1.7765972198049123;452.53499999999997;0.0
7892;10.553690098770552;1.7686777109669174;462.60749999999996;0.0
7893;10.607526570468137;2.0110627025210364;475.5325;1.32284975805527
7894;10.60093822707498;2.0110627025210364;482.22249999999997;2.6518261573582333
7895;10.553697230580077;2.0110627025210364;483.435;4.025548605691425
7896;10.607527483059043;2.0110627025210364;470.0525;5.347994941924765
7897;10.600930694917853;2.0110627025210364;451.0875;6.676575982258612
7898;10.553704359102111;2.0110627025210364;445.9175;8.04988918351338
7899;10.607528393670595;2.0110627025210364;444.985;9.371932220607963
7900;10.600923167638305;2.0110627025210364;440.9125;10.700118018129512
7901;10.553711484339159;2.0110627025210364;460.125;12.073022096205499
7902;10.607529302305487;2.0110627025210364;473.7075;13.394661956805667
7903;10.600915645231579;2.0110627025210364;458.815;14.722452627639985
7904;10.553718606293723;2.0110627025210364;452.2475;16.094947706398184
7905;10.607530208966413;1.2877334672368939;445.04499999999996;13.015831109534485
7906;10.600908127692929;2.0110627025210364;435.8125;14.34366680511525
7907;10.553725724968299;2.0110627025210364;433.1225;15.716192999714854
7908;10.607531113656057;2.0110627025210364;436.89750000000004;17.03746682244163
7909;10.600900615017608;2.0110627025210364;439.1075;18.36490749149266
7910;10.553732840365381;2.0110627025210364;448.875;19.737024802396398
7911;10.607532016377103;2.0110627025210364;462.9275;21.057895684357913
7912;10.600893107200882;1.7765883951086694;462.775;21.055789894789477
7913;10.553739952487458;0.0928004804452748;459.3625;10.527368526326315
7914;10.607532917132238;0.10181556584987056;462.5075;-0.0
7915;10.600885604238018;1.776587137697938;466.335;0.0
7916;10.553747061337026;1.7686872572413237;465.805;0.0
7917;10.607533815924134;1.7777013019113057;463.18;0.0
7918;10.600878106124286;1.776585881099866;433.83;0.0
7919;10.553754166916566;2.0110627025210364;396.5025;1.3739335414292626
7920;10.60753471275546;2.0110627025210364;362.6725;2.696638170957433
7921;10.600870612854973;2.0110627025210364;334.2875;4.025541424928114
7922;10.553761269228566;2.0110627025210364;323.64250000000004;5.399065665018482
7923;10.607535607628881;2.0110627025210364;315.725;6.721366931204543
7924;10.600863124425366;2.0110627025210364;306.2425;8.049874826307324
7925;10.55376836827551;2.0110627025210364;309.4;9.42298988896296
7926;10.607536500547065;2.0110627025210364;316.07;10.744887914454353
7927;10.60085564083076;1.7765821161737068;317.78249999999997;10.743813425662907
7928;10.55377546405987;1.7344030642825037;314.0475;10.527368526326315
7929;10.607537391512668;0.1018163157048373;296.48;0.0
7930;10.60084816206645;1.7765808628183763;271.9175;0.0
7931;10.553782556584128;2.0110627025210364;246.2125;1.3739065712450782
7932;10.607538280528347;2.0110627025210364;246.0875;2.6966078140860237
7933;10.60084068812775;2.0110627025210364;244.7425;4.025539499583252
7934;10.55378964585075;2.0110627025210364;247.945;5.399036782075081
7935;10.607539167596752;2.0110627025210364;258.495;6.721334669179959
7936;10.600833219009964;2.0110627025210364;255.68;8.049870977653576
7937;10.553796731862212;2.0110627025210364;256.885;9.422959095286709
7938;10.607540052720521;1.7777023471270224;255.79250000000002;9.42201679937718
7939;10.600825754708413;1.7765771076015422;256.135;9.421074597697244
7940;10.55380381462099;2.0110627025210364;245.63;10.794018866347534
7941;10.607540935902303;2.0110627025210364;244.4375;12.11577557535371
7942;10.60081829521843;2.0110627025210364;243.5525;13.443786617338667
7943;10.553810894129535;2.0110627025210364;228.5575;14.816321889253874
7944;10.607541817144739;2.0110627025210364;225.03;16.137675530777447
7945;10.600810840535335;2.0110627025210364;223.035;17.4652914647158
7946;10.553817970390321;2.0110627025210364;222.22;18.837417863698523
7947;10.607542696450452;2.0110627025210364;217.49;20.158368560284224
7948;10.600803390654466;2.0110627025210364;225.1925;21.485589502306453
7949;10.553825043405803;2.0110627025210364;237.64499999999998;22.857307152120708
7950;10.607543573822078;2.0110627025210364;249.36249999999998;24.17785502627452
7951;10.60079594557117;2.0110627025210364;279.0775;25.504681092479284
7952;10.553832113178444;2.0110627025210364;291.045;26.875990116850513
7953;10.607544449262237;1.777703083937111;289.76750000000004;26.873302517838827
7954;10.600788505280796;0.712880848480613;278.84;20.18952841557945
7955;10.553839179710694;1.7687026952267821;271.0375;20.187509462737893
7956;10.607545322773554;1.7777032303276135;268.22749999999996;20.18549071179162
7957;10.600781069778701;1.7765696189185831;280.625;20.18347216272044
7958;10.553846243005012;1.7687038789540954;301.515;20.18145381550417
7959;10.60754619435864;1.7777033763953018;324.35;20.17943567012262
7960;10.600773639060243;0.10068278818099086;323.91999999999996;9.651101937081924
7961;10.553853303063843;1.7687050621391782;314.9475;9.650136826888216
7962;10.60754706402011;1.777703522140614;308.3325;9.649171813205527
7963;10.600766213120798;1.7765671291127003;297.36;9.648206896024206
7964;10.553860359889635;2.0110627025210364;281.595;11.02107473343945
7965;10.607547931760575;2.0110627025210364;277.225;12.34280209079356
7966;10.600758791955728;2.0110627025210364;283.5075;13.670846958226539
7967;10.553867413484832;2.0110627025210364;287.44;15.043305830720126
7968;10.607548797582641;2.0110627025210364;290.68;16.364630142433544
7969;10.600751375560417;2.0110627025210364;291.4925;17.692279872636906
7970;10.55387446385188;2.0110627025210364;298.58;19.064329903990355
7971;10.6075496614889;2.0110627025210364;291.1975;20.3852512925855
7972;10.600743963930254;2.0110627025210364;298.74;21.712506001722502
7973;10.553881510993218;2.0110627025210364;314.4275;23.084147315678774
7974;10.607550523481953;2.0110627025210364;305.8425;24.404665903639348
7975;10.60073655706063;2.0110627025210364;304.14750000000004;25.731525707841385
7976;10.553888554911284;1.7687109699454768;308.2475;25.728952555270602
7977;10.60755138356439;2.0110627025210364;303.87;27.049205845628908
7978;10.600729154946945;1.7765609185867621;288.4925;27.046500925044345
7979;10.553895595608505;1.7687121498857754;271.21;27.04379627495184
7980;10.6075522417388;1.7777043898670257;273.4925;27.041091895324346
7981;10.600721757584594;2.0110627025210364;285.7025;28.36770211642945
7982;10.553902633087322;2.0110627025210364;297.38;29.73865784478485
7983;10.607553098007763;2.0110627025210364;314.45;31.058508535892997
7984;10.600714364968999;1.7765584399556773;312.15;31.055402685039407
7985;10.55390966735016;1.7687145081486755;299.7925;31.052297144770904
7986;10.607553952373861;0.1018190911156928;294.9675;20.522876125582744
7987;10.60070697709557;1.7765572018326186;288.5;20.520823837970187
7988;10.553916698399446;2.0110627025210364;277.8425;21.892550892106915
7989;10.607554804839669;2.0110627025210364;270.41;23.21318457242002
7990;10.600699593959726;2.0110627025210364;273.6075;24.54019863970104
7991;10.553923726237613;2.0110627025210364;260.3675;25.911517079911338
7992;10.607555655407758;2.0110627025210364;240.0075;27.231748055565976
7993;10.600692215556906;2.0110627025210364;220.17000000000002;28.55836727598136
7994;10.55393075086707;2.0110627025210364;217.6775;29.929277225930047
7995;10.607556504080696;2.0110627025210364;219.04500000000002;31.249105619330795
7996;10.600684841882535;2.0110627025210364;219.36;32.57533010898045
7997;10.553937772290242;2.0110627025210364;218.1875;33.94583169229383
7998;10.607557350861045;2.0110627025210364;214.3175;35.265257625806605
7999;10.600677472932055;2.0110627025210364;219.655;36.59108750075857
8000;10.553944790509545;2.0110627025210364;235.32;37.96118084102442
8001;10.607558195751364;2.0110627025210364;243.1025;39.280204436976526
8002;10.600670108700914;2.0110627025210364;241.765;40.60563981326696
8003;10.553951805527396;2.0110627025210364;256.22249999999997;41.97532503403461
8004;10.607559038754207;2.0110627025210364;269.94;43.29394641471471
8005;10.600662749184563;2.0110627025210364;294.5775;44.618987408347905
8006;10.553958817346201;2.0110627025210364;314.47;45.98826463312818
8007;10.60755987987213;2.0110627025210364;321.0775;47.30648392078634
8008;10.600655394378462;2.0110627025210364;313.77750000000003;48.63113064773473
8009;10.553965825968374;2.0110627025210364;302.85;50.0
8010;10.60756071910767;1.777705810577055;297.995;49.995
8011;10.600648044278069;0.10066173993248569;298.095;39.463684710526316
8012;10.553972831396322;1.3196589131275054;297.755;36.63913264655009
8013;10.60756155646338;1.7777059509082915;294.8375;36.635468733285435
8014;10.600640698878859;2.0110627025210364;293.27750000000003;37.961196522477195
8015;10.553979833632445;2.0110627025210364;295.7175;39.33111956087412
8016;10.607562391941793;2.0110627025210364;276.7125;40.65000217657333
8017;10.600633358176307;2.0110627025210364;244.4975;41.975335486088184
8018;10.553986832679144;2.0110627025210364;238.0875;43.344850461494396
8019;10.607563225545446;2.0110627025210364;242.0775;44.66333091218007
8020;10.600626022165898;2.0110627025210364;255.2475;45.98826985803125
8021;10.553993828538824;2.0110627025210364;267.4025;47.35737689393356
8022;10.607564057276871;2.0110627025210364;280.1425;48.67545530183114
8023;10.600618690843113;2.0110627025210364;297.5075;50.0
8024;10.554000821213874;0.09284419905910392;293.135;39.46868421052631
8025;10.607564887138588;0.1018209236571515;274.9325;28.938421552631574
8026;10.600611364203449;1.7765411782058498;247.39999999999998;28.93552771047631
8027;10.554007810706695;2.0110627025210364;234.4425;30.3063267375339
8028;10.607565715133127;2.0110627025210364;219.4425;31.626108675483678
8029;10.600604042242406;2.0110627025210364;240.685;32.95237222448584
8030;10.554014797019672;2.0110627025210364;272.65;34.322762930094704
8031;10.607566541263004;1.777706786303675;291.0875;34.31933065380169
8032;10.600596724955489;0.10065313940118908;282.6975;23.78958293126263
8033;10.554021780155198;1.467095076349367;263.9975;21.89260019330466
8034;10.60756736553074;2.0110627025210364;259.245;23.213221936031125
8035;10.600589412338213;2.0110627025210364;246.515;24.540340672116223
8036;10.554028760115656;2.0110627025210364;236.965;25.91155931593914
8037;10.607568187938837;2.0110627025210364;213.3775;27.231778381465652
8038;10.600582104386088;2.0110627025210364;213.1125;28.558502204460723
8039;10.554035736903433;2.0110627025210364;214.49;29.929312404182017
8040;10.607569008489804;2.0110627025210364;212.14;31.249128914876287
8041;10.60057480109464;2.0110627025210364;206.25;32.575457940944894
8042;10.554042710520909;2.0110627025210364;200.2875;33.94585982015594
8043;10.607569827186147;2.0110627025210364;199.3975;35.26527389834708
8044;10.600567502459398;2.0110627025210364;199.5675;36.59120824362082
8045;10.554049680970461;2.0110627025210364;201.93;37.96120192587452
8046;10.607570644030362;2.0110627025210364;223.7375;39.280213693853085
8047;10.600560208475898;2.0110627025210364;264.565;40.6057534744316
8048;10.554056648254468;2.0110627025210364;275.7575;41.97533908324241
8049;10.60757145902495;2.0110627025210364;270.6075;43.29394866326038
8050;10.600552919139677;2.0110627025210364;264.9;44.619093995211365
8051;10.554063612375305;2.0110627025210364;256.3175;45.9882716540553
8052;10.607572272172396;2.0110627025210364;269.9225;47.30647916832613
8053;10.600545634446283;2.0110627025210364;299.14750000000004;48.63123016768534
8054;10.55407057333534;2.0110627025210364;336.495;50.0
8055;10.607573083475186;1.7785899277485502;368.995;50.0
8056;10.600538354391274;1.776528942596668;377.9825;49.995
8057;10.554077531136944;1.7705066420841604;378.8125;50.0
8058;10.607573892935806;1.7777080183599225;381.21000000000004;49.995
8059;10.600531078970198;1.5386995109719293;392.39750000000004;48.49619036846515
8060;10.554084485782479;0.09285822028355753;407.2725;37.96502495995462
8061;10.607574700556741;1.777708153707951;421.28;37.961228457458624
8062;10.600523808178622;2.0110627025210364;431.855;39.28693471684319
8063;10.554091437274314;2.0110627025210364;443.9425;40.656619157960904
8064;10.607575506340462;2.0110627025210364;445.36;41.97535676502167
8065;10.600516542012116;2.0110627025210364;447.6625;43.30066851443366
8066;10.55409838561481;2.0110627025210364;457.36;44.66994498124814
8067;10.607576310289433;2.0110627025210364;454.56;45.98828049197506
8068;10.60050928046626;2.0110627025210364;454.5475;47.31319784748292
8069;10.554105330806324;2.0110627025210364;465.5825;48.68206646343217
8070;10.607577112406133;2.0110627025210364;468.18;50.0
8071;10.600502023536624;1.7774048990060725;449.49;50.0
8072;10.554112272851217;1.7687484625125505;451.84250000000003;49.995
8073;10.607577912693023;0.10182310659104335;444.9375;39.463684710526316
8074;10.600494771218804;0.10063605312141992;436.165;28.933422552581575
8075;10.554119211751836;1.7687496253929031;434.3325;28.930529210326316
8076;10.60757871115256;2.0110627025210364;436.79;30.250436381810353
8077;10.600487523508386;2.0110627025210364;443.3875;31.576948190839204
8078;10.554126147510534;2.0110627025210364;457.1875;32.947370655885116
8079;10.607579507787202;1.7777089593447746;467.8075;32.94407591881953
8080;10.600480280400975;0.1006336246261478;457.2925;22.414465721753963
8081;10.554133080129663;0.09286636414015552;446.885;11.885908485708105
8082;10.607580302599406;0.10182350711200913;442.295;1.3584041053858513
8083;10.600473041892169;1.5602692873587278;441.5375;0.0
8084;10.554140009611569;1.7687531108762364;436.575;0.0
8085;10.607581095591613;2.0110627025210364;442.145;1.322797959187968
8086;10.600465807977578;2.0110627025210364;445.265;2.65222316181335
8087;10.554146935958594;2.0110627025210364;448.06;4.025518350336505
8088;10.607581886766273;2.0110627025210364;454.015;5.347913006073512
8089;10.60045857865282;2.0110627025210364;461.0675;6.676942565052726
8090;10.554153859173084;2.0110627025210364;461.7275;8.04982870458179
8091;10.607582676125821;2.0110627025210364;457.5825;9.371820179391802
8092;10.600451353913513;2.0110627025210364;456.495;10.700454211156027
8093;10.554160779257373;2.0110627025210364;459.1375;12.072931425440407
8094;10.607583463672697;2.0110627025210364;449.015;13.394519841808801
8095;10.600444133755289;2.0110627025210364;430.3925;14.722758462757096
8096;10.554167696213801;2.0110627025210364;423.525;16.09482687550771
8097;10.607584249409337;2.0110627025210364;410.0375;17.41601235588129
8098;10.60043691817377;1.7765119430471923;399.1575;17.414270754645703
8099;10.554174610044699;2.0110627025210364;390.685;18.78606344802777
8100;10.60758503333817;2.0110627025210364;394.935;20.106979060011707
8101;10.600429707164604;2.0110627025210364;404.0;21.434560140299332
8102;10.554181520752405;2.0110627025210364;419.71000000000004;22.80594423957052
8103;10.607585815461618;1.7777100164388377;432.27;22.80366364514656
8104;10.60042250072343;1.776509526847472;429.0825;22.801383278782048
8105;10.554188428339247;2.0110627025210364;422.495;24.172624133531883
8106;10.607586595782106;2.0110627025210364;421.935;25.49299960512553
8107;10.600415298845896;2.0110627025210364;423.84749999999997;26.820055771261416
8108;10.554195332807549;2.0110627025210364;430.28;28.19088819951712
8109;10.607587374302048;2.0110627025210364;438.2825;29.510861105110223
8110;10.600408101527657;2.0110627025210364;444.445;30.837522322548438
8111;10.55420223415963;2.0110627025210364;452.0525;32.207946447864536
8112;10.607588151023863;2.0110627025210364;464.355;33.527516909747085
8113;10.600400908764374;2.0110627025210364;472.3075;34.85378329472995
8114;10.554209132397826;2.0110627025210364;480.2825;36.22379924062254
8115;10.607588925949953;2.0110627025210364;486.3125;37.542967381046026
8116;10.600393720551718;2.0110627025210364;488.44;38.868839049783794
8117;10.554216027524447;2.0110627025210364;492.395;40.23844693973059
8118;10.607589699082737;2.0110627025210364;489.2;41.55721288090802
8119;10.600386536885354;2.0110627025210364;475.32;42.88268994957884
8120;10.554222919541816;1.7687670056319356;471.83;42.878401680583885
8121;10.60759047042461;0.10182521112317859;463.155;32.34779805094214
8122;10.600379357760964;0.10061671114638407;454.825;21.818247481663363
8123;10.55422980845224;0.09288257470030646;448.7;11.289749867441513
8124;10.607591239977971;1.6571831870499878;441.19;10.53158052668428
8125;10.600372183174224;1.7765010942019313;446.61;10.530527368631612
8126;10.55423669425804;1.768769314116772;455.83500000000004;10.529474315894749
8127;10.607592007745223;1.7777110541947212;469.15500000000003;10.528421368463162
8128;10.600365013120829;1.776499892583018;468.565;10.527368526326315
8129;10.554243576961522;0.09288488214493032;458.275;0.0
8130;10.607592773728749;1.7777111825647962;456.29;-0.0
8131;10.60035784759647;1.7764986917231194;446.3475;0.0
8132;10.554250456564993;1.7687716205219566;423.525;0.0
8133;10.607593537930937;1.7777113106363394;393.2175;0.0
8134;10.600350686596844;1.7764974916215144;363.86249999999995;-0.0
8135;10.554257333070764;2.0110627025210364;323.1625;1.3734555335827745
8136;10.607594300354178;2.0110627025210364;286.3675;2.6961036026929475
8137;10.600343530117664;2.0110627025210364;236.7825;4.025507638720898
8138;10.55426420648113;2.0110627025210364;205.055;5.3985540917999515
8139;10.607595061000843;2.0110627025210364;187.45;6.7207989284399705
8140;10.600336378154633;2.0110627025210364;181.285;8.049807289300224
8141;10.554271076798399;2.0110627025210364;180.555;9.422444785612816
8142;10.60759581987332;2.0110627025210364;179.325;10.7442865122546
8143;10.600329230703469;2.0110627025210364;182.9475;12.072899314435078
8144;10.554277944024859;2.0110627025210364;190.785;13.44512797768002
8145;10.607596576973972;2.0110627025210364;201.9575;14.766566716756978
8146;10.600322087759896;2.0110627025210364;204.075;16.094784076713402
8147;10.554284808162812;2.0110627025210364;204.53;17.466604030551057
8148;10.607597332305176;2.0110627025210364;213.60750000000002;18.787639904458086
8149;10.600314949319639;2.0110627025210364;222.92000000000002;20.115461938613986
8150;10.554291669214555;2.0110627025210364;237.0425;21.4868733066663
8151;10.607598085869293;2.0110627025210364;249.445;22.807506437759805
8152;10.60030781537843;2.0110627025210364;249.7375;24.134933262506518
8153;10.554298527182375;1.7687796766074317;247.6975;24.132519769180266
8154;10.607598837668686;2.0110627025210364;234.0525;25.452887621418096
8155;10.600300685932005;2.0110627025210364;224.0075;26.780056681020547
8156;10.554305382068561;2.0110627025210364;203.73250000000002;28.150788562387312
8157;10.607599587705714;2.0110627025210364;193.7;29.470753875210647
8158;10.600293560976116;2.0110627025210364;181.8075;30.797527916895817
8159;10.5543122338754;2.0110627025210364;169.73000000000002;32.167851541922495
8160;10.607600335982733;2.0110627025210364;168.27;33.487414437584704
8161;10.600286440506501;2.0110627025210364;166.5475;34.813793577659766
8162;10.554319082605174;2.0110627025210364;167.7875;36.18370906982709
8163;10.60760108250209;2.0110627025210364;173.075;37.50286967054312
8164;10.600279324518922;2.0110627025210364;178.7075;38.82885402528309
8165;10.554325928260162;2.0110627025210364;194.4125;40.198361508033415
8166;10.607601827266137;2.0110627025210364;195.0675;41.51711993597978
8167;10.60027221300914;2.0110627025210364;216.03;42.84270962162749
8168;10.554332770842652;2.0110627025210364;246.4425;44.21180921836481
8169;10.60760257027721;2.0110627025210364;251.5475;45.53016559567963
8170;10.600265105972914;2.0110627025210364;246.3675;46.85536072844579
8171;10.554339610354912;2.0110627025210364;248.7475;48.22405256253578
8172;10.60760331153766;2.0110627025210364;256.695;49.542007011318745
8173;10.600258003406019;1.7764819589791627;275.93;49.53705281061762
8174;10.554346446799222;1.7687877073869451;289.735;49.532099105336556
8175;10.607604051049815;1.7777130725147778;295.85249999999996;49.527145895426024
8176;10.600250905304234;0.917019338396928;291.795;44.123875711889305
8177;10.554353280177848;0.09290326714882201;279.525;33.593147534844434
8178;10.607604788816012;0.10182761072175436;260.82;23.06347243061727
8179;10.600243811663333;1.7764795806054627;221.075;23.06116608337421
8180;10.554360110493066;2.0110627025210364;174.39;24.432217861797458
8181;10.607605524838576;2.0110627025210364;147.39249999999998;25.752549391414632
8182;10.60023672247911;2.0110627025210364;140.875;27.079749250120337
8183;10.55436693774714;2.0110627025210364;128.76;28.45039268433554
8184;10.607606259119834;2.0110627025210364;129.13;29.770321698903267
8185;10.600229637747352;2.0110627025210364;127.0475;31.09712651087339
8186;10.554373761942333;2.0110627025210364;127.28;32.467361724377085
8187;10.607606991662115;2.0110627025210364;128.2075;33.78688834612564
8188;10.600222557463864;2.0110627025210364;133.995;35.113298227700355
8189;10.554380583080915;2.0110627025210364;156.635;36.48312534395071
8190;10.607607722467725;2.0110627025210364;170.9525;37.80224969507198
8191;10.600215481624444;2.0110627025210364;196.8425;39.128264762559255
8192;10.554387401165139;2.0110627025210364;214.3725;40.49768390497612
8193;10.607608451538987;1.777713809986415;212.58;40.49363413658563
8194;10.600208410224903;1.776473647729426;204.7575;40.48958477317197
8195;10.554394216197268;2.0110627025210364;194.6175;41.858861309307244
8196;10.60760917887821;2.0110627025210364;213.2575;43.17744670324201
8197;10.60020134326105;2.0110627025210364;228.25;44.50293768247369
8198;10.554401028179552;2.0110627025210364;246.2075;45.87180641193488
8199;10.607609904487699;2.0110627025210364;254.3475;47.18998982203037
8200;10.60019428072871;1.776471279787526;247.685;47.185270823048164
8201;10.554407837114248;1.7687979957013487;251.985;47.18055229596586
8202;10.607610628369764;0.10182858936415029;244.4425;36.64951845126258
8203;10.600187222623706;1.7764700969298823;239.64249999999998;36.645853499417456
8204;10.554414643003604;1.7687991362905355;235.95999999999998;36.64218891406752
8205;10.607611350526707;2.0110627025210364;236.5575;37.96129391217574
8206;10.600180168941872;2.0110627025210364;240.1175;39.28732662228974
8207;10.554421445849872;2.0110627025210364;222.49;40.65669751607013
8208;10.607612070960812;2.0110627025210364;200.8625;41.97540037890575
8209;10.600173119679036;2.0110627025210364;203.51;43.30103837517277
8210;10.554428245655297;2.0110627025210364;225.615;44.670001437962725
8211;10.60761278967438;2.0110627025210364;236.84;45.988302287628265
8212;10.60016607483104;2.0110627025210364;244.575;47.313545686310015
8213;10.554435042422124;2.0110627025210364;265.7725;48.68210104144036
8214;10.607613506669706;2.0110627025210364;288.9325;50.0
8215;10.600159034393739;1.7764653729050544;299.6175;49.995
8216;10.55444183615259;1.7688036935511764;303.03999999999996;49.9900005
8217;10.607614221949067;0.10182919160692562;285.7375;39.45868571047632
8218;10.600151998362973;0.10057860831260343;268.98;28.928424052431588
8219;10.554448626848943;1.7688048315941898;257.8125;28.925531210026346
8220;10.607614935514752;1.7777148966265672;250.18;28.922638656905345
8221;10.600144966734605;1.776463015326338;261.67;28.919746393039656
8222;10.55445541451341;1.7688059691290936;287.1475;28.91685441840035
8223;10.607615647369041;1.7777150159252013;302.4925;28.913962732958513
8224;10.60013793950449;0.10057625220877554;302.385;18.384755547211533
8225;10.554462199148231;0.09292152072206658;293.2525;7.85660128218313
8226;10.6076163575142;1.777715134937405;277.9075;7.855815622054911
8227;10.600130916668512;1.776460660696014;260.3625;7.855030040492706
8228;10.554468980755642;2.0110627025210364;242.965;9.227499005770797
8229;10.607617065952509;2.0110627025210364;222.7575;10.549340043215338
8230;10.600123898222524;2.0110627025210364;203.09;11.87816740589962
8231;10.554475759337866;2.0110627025210364;187.165;13.250227617788058
8232;10.607617772686234;2.0110627025210364;180.315;14.571665710974358
8233;10.600116884162414;2.0110627025210364;169.70499999999998;15.900097504448969
8234;10.554482534897135;2.0110627025210364;169.74;17.271749086546247
8235;10.607618477717647;2.0110627025210364;175.1625;18.592784357805826
8236;10.600109874484062;2.0110627025210364;177.525;19.920820698610186
8237;10.554489307435674;2.0110627025210364;193.2725;21.292063774476436
8238;10.607619181048996;2.0110627025210364;225.7525;22.612696346102442
8239;10.60010286918336;2.0110627025210364;266.795;23.940337350743643
8240;10.554496076955703;2.0110627025210364;278.8975;25.31117204390065
8241;10.607619882682553;2.0110627025210364;271.3525;26.631402038147836
8242;10.600095868256197;2.0110627025210364;263.46500000000003;27.958647823100634
8243;10.554502843459446;2.0110627025210364;266.41499999999996;29.32907425703185
8244;10.607620582620566;2.0110627025210364;269.9975;30.648901796116608
8245;10.600088871698473;2.0110627025210364;277.54;31.975752477823445
8246;10.554509606949122;2.0110627025210364;296.6575;33.345770775973996
8247;10.607621280865281;2.0110627025210364;320.6075;34.66519598207439
8248;10.600081879506096;1.7764524426286497;321.8025;34.66172946247618
8249;10.554516367426942;1.7688161841400114;307.0725;34.658263289529934
8250;10.607621977418956;1.7777160767691422;296.27750000000003;34.65479746320098
8251;10.600074891674968;1.7764512715481036;275.0875;34.65133198345466
8252;10.55452312489513;1.8866480283551759;254.01999999999998;35.31580729396369
8253;10.607622672283828;2.0110627025210364;241.26749999999998;36.63503417456466
8254;10.600067908201007;2.0110627025210364;236.14249999999998;37.961306158356244
8255;10.55452987935589;2.0110627025210364;217.505;39.33070664235232
8256;10.607623365462143;2.0110627025210364;218.78;40.64953137449905
8257;10.600060929080133;2.0110627025210364;220.8875;41.97540853873547
8258;10.554536630811436;2.0110627025210364;218.98000000000002;43.34440119861073
8259;10.60762405695613;2.0110627025210364;228.12;44.66282390438255
8260;10.600053954308272;2.0110627025210364;234.505;45.988306365399254
8261;10.554543379263968;2.0110627025210364;249.1875;47.35689132446195
8262;10.60762474676803;2.0110627025210364;278.0175;48.67491212589987
8263;10.60004698388135;2.0110627025210364;303.555;50.0
8264;10.5545501247157;1.7697038865203407;309.3075;50.0
8265;10.607625434900074;0.7126891219383767;289.315;43.30551221658799
8266;10.600040017795308;1.7764454270848806;265.6875;43.301181665366336
8267;10.554556867168829;2.0110627025210364;251.635;44.67002252338941
8268;10.607626121354482;2.0110627025210364;251.71;45.98831070585032
8269;10.60003305604608;2.0110627025210364;260.28;47.31368047153595
8270;10.554563606625559;2.0110627025210364;286.7475;48.68211367719453
8271;10.607626806133485;2.0110627025210364;329.5475;50.0
8272;10.600026098629618;1.7764430943919665;345.3075;49.995
8273;10.554570343088082;1.32097273882484;337.89250000000004;47.17701804550809
8274;10.607627489239299;0.10183141505297134;325.8775;36.645984554229855
8275;10.600019145541866;1.7764419291340128;315.805;36.64231995577443
8276;10.554577076558601;1.7688263582958768;315.3775;36.638655723778854
8277;10.607628170674138;1.7777171146878508;312.46000000000004;36.634991858206476
8278;10.600012196778783;2.0110627025210364;318.41;37.961316772080814
8279;10.554583807039307;2.0110627025210364;318.7075;39.33066602371627
8280;10.607628850440221;2.0110627025210364;322.84;40.64948554919569
8281;10.60000525233633;2.0110627025210364;329.8525;41.97541561092125
8282;10.55459053453239;2.0110627025210364;339.025;43.34435706155439
8283;10.607629528539757;2.0110627025210364;354.9625;44.66277457373547
8284;10.599998312210476;2.0110627025210364;369.04;45.98830989967814
8285;10.55459725904004;2.0110627025210364;379.6975;47.356843672600135
8286;10.60763020497495;2.0110627025210364;395.20000000000005;48.67485929350668
8287;10.599991376397185;2.0110627025210364;393.185;50.0
8288;10.554603980564446;1.7688308670994353;387.115;49.995
8289;10.607630879748005;0.31625988581790976;380.535;40.81051640117426
8290;10.599984444892439;1.7764361137021947;370.9275;40.80643534953415
8291;10.554610699107789;1.7688319930504295;365.1425;40.80235470599919
8292;10.607631552861118;1.7777176815036915;371.3675;40.7982744705286
8293;10.599977517692215;2.0110627025210364;385.2;42.12421600127394
8294;10.554617414672252;1.768833118502198;402.6575;42.12000357967381
8295;10.60763222431649;1.7777177940319293;411.7075;42.11579157931585
8296;10.599970594792502;0.1005482071497136;410.25;31.58526421068423
8297;10.554624127260018;0.0929486580209086;404.2325;21.055789894789477
8298;10.607632894116312;0.10183232084851915;406.5925;10.527368526326315
8299;10.59996367618929;0.10054704767097415;412.2825;-0.0
8300;10.554630836873264;1.7688353679095177;417.8425;0.0
8301;10.607633562262773;1.7777180182564183;419.95500000000004;0.0
8302;10.599956761878584;1.7764314743458065;409.3325;-0.0
8303;10.554637543514163;1.9369078436216765;389.47749999999996;0.9527367832017974
8304;10.607634228758064;2.0110627025210364;377.9125;2.2753889922033164
8305;10.599949851856367;2.0110627025210364;356.5825;3.6052090940405472
8306;10.554644247184893;2.0110627025210364;352.3925;4.977936538305495
8307;10.607634893604356;2.0110627025210364;339.02750000000003;6.300185595727526
8308;10.599942946118661;2.0110627025210364;336.71500000000003;7.629609778355225
8309;10.554650947887621;2.0110627025210364;333.5875;9.00192841688415
8310;10.607635556803846;2.0110627025210364;323.78999999999996;10.323774445078808
8311;10.599936044661476;2.0110627025210364;327.8675;11.652802825205898
8312;10.554657645624518;2.0110627025210364;346.09749999999997;13.024712781580085
8313;10.607636218358692;2.0110627025210364;355.6925;14.346155902861168
8314;10.599929147480822;1.7764268464886905;349.60249999999996;14.344721287270882
8315;10.554664340397752;2.0110627025210364;337.52;15.716355691764292
8316;10.607636878271082;2.0110627025210364;327.08500000000004;17.03752902183759
8317;10.59992225457273;2.0110627025210364;327.03499999999997;18.36589912709131
8318;10.554671032209486;2.0110627025210364;334.9625;19.73712505657959
8319;10.607637536543177;2.0110627025210364;346.8875;21.057895684357913
8320;10.599915365933219;1.7764245368589933;351.2825;21.055789894789477
8321;10.554677721061882;0.09295763972890984;344.135;10.527368526326315
8322;10.60763819317714;0.10183320891048485;343.89;-0.0
8323;10.599908481558327;1.7764233831165286;338.445;0.0
8324;10.5546844069571;1.768844345642649;321.7025;-0.0
8325;10.607638848175142;2.0110627025210364;308.1025;1.322743094233615
8326;10.599901601444085;2.0110627025210364;297.995;2.652704298552311
8327;10.5546910898973;2.0110627025210364;297.0675;4.025482492720021
8328;10.607639501539337;2.0110627025210364;288.2425;5.347822418008379
8329;10.599894725586537;2.0110627025210364;276.75;6.677387646459367
8330;10.554697769884637;2.0110627025210364;266.77250000000004;8.049757026304317
8331;10.607640153271886;2.0110627025210364;265.9225;9.371693904993394
8332;10.599887853981732;2.0110627025210364;257.4075;10.70086327432025
8333;10.554704446921264;2.0110627025210364;250.5325;12.072823963417617
8334;10.607640803374938;2.0110627025210364;242.54500000000002;13.394357917815084
8335;10.599880986625719;2.0110627025210364;251.2125;14.72313154472887
8336;10.554711121009333;2.0110627025210364;257.9825;16.09468366661553
8337;10.607641451850645;2.0110627025210364;251.0525;17.415814818990754
8338;10.599874123514555;2.0110627025210364;241.16500000000002;18.744192820170028
8339;10.554717792150988;2.0110627025210364;236.42000000000002;20.115336498344572
8340;10.607642098701154;2.0110627025210364;232.23;21.43606497092864
8341;10.599867264644299;2.0110627025210364;240.8175;22.764047463019462
8342;10.554724460348387;2.0110627025210364;259.41;24.134782820942196
8343;10.607642743928608;2.0110627025210364;280.7975;25.455108735927926
8344;10.599860410011026;2.0110627025210364;278.5925;26.78269583554386
8345;10.554731125603665;1.7688521751532837;270.54;26.780017565960303
8346;10.607643387535141;1.7777196648596518;266.6275;26.777339564203707
8347;10.599853559610802;1.7764141788265104;264.72749999999996;26.774661830247286
8348;10.55473778791897;2.0110627025210364;251.32;28.14498346554124
8349;10.607644029522897;2.0110627025210364;249.08;29.464907139147936
8350;10.599846713439705;2.0110627025210364;237.31;30.792106270666302
8351;10.554744447296441;2.0110627025210364;222.0525;32.162019835107614
8352;10.607644669894007;2.0110627025210364;220.035;33.48154119672479
8353;10.599839871493815;2.0110627025210364;218.08249999999998;34.808345164685996
8354;10.554751103738214;2.0110627025210364;216.745;36.177850781618226
8355;10.6076453086506;2.0110627025210364;213.66750000000002;37.496969953321994
8356;10.599833033769219;2.0110627025210364;225.3325;38.823378874245904
8357;10.554757757246426;2.0110627025210364;234.2775;40.19247666697437
8358;10.6076459457948;2.0110627025210364;252.625;41.51119377080261
8359;10.599826200262012;2.0110627025210364;285.395;42.83720776117662
8360;10.554764407823214;1.7688577528724831;286.4375;42.832924040400506
8361;10.607646581328737;1.7777202001029169;275.0325;42.82864074799647
8362;10.599819370968286;1.7963042409246548;254.5425;42.93714005891956
8363;10.554771055470706;2.0110627025210364;239.8275;44.3058138422165
8364;10.607647215254525;2.0110627025210364;246.265;45.62411840634048
8365;10.599812545884141;2.0110627025210364;264.565;46.949734075909916
8366;10.55477770019103;2.0110627025210364;295.5125;48.31800028732085
8367;10.607647847574292;2.0110627025210364;320.0675;49.63590303209654
8368;10.599805725005687;0.10052057685979394;311.3975;39.104623652319646
8369;10.55478434198632;0.09297550817594694;299.1775;28.57439740048073
8370;10.607648478290134;1.7777205180119429;296.56;28.571539960740683
8371;10.599798908329033;1.7764050198969763;281.03999999999996;28.568682806744608
8372;10.554790980858698;2.0110627025210364;277.87;29.938774506648173
8373;10.607649107404178;2.0110627025210364;277.1225;31.25851397716354
8374;10.599792095850297;2.0110627025210364;280.7625;32.58558563470804
8375;10.554797616810287;2.0110627025210364;284.01;33.955269340174794
8376;10.60764973491852;2.0110627025210364;281.9175;35.27460656506819
8377;10.599785287565602;2.0110627025210364;285.4325;36.60128308122436
8378;10.554804249843205;2.0110627025210364;281.91;37.97055891556519
8379;10.607650360835274;2.0110627025210364;281.6925;39.28949401688013
8380;10.599778483471063;2.0110627025210364;293.0575;40.615775508180924
8381;10.55481087995957;2.0110627025210364;303.595;41.98464359466852
8382;10.607650985156534;2.0110627025210364;320.53499999999997;43.30317669441034
8383;10.599771683562821;2.0110627025210364;339.2625;44.62906327735622
8384;10.554817507161507;2.0110627025210364;348.12;45.997523739225045
8385;10.607651607884401;1.777721042496135;342.76750000000004;45.992923986851125
8386;10.599764887837006;1.7763993184517566;333.1625;45.98832469445244
8387;10.55482413145112;2.0110627025210364;336.14;47.356642937104425
8388;10.607652229020967;2.0110627025210364;352.44;48.674637655240794
8389;10.59975809628976;2.0110627025210364;375.84;50.0
8390;10.554830752830531;1.769750916581592;402.23;50.0
8391;10.607652848568327;1.7777212504205657;411.1975;49.995
8392;10.599751308917226;0.10051145734596703;405.385;39.463684710526316
8393;10.554837371301844;0.0929843952824961;399.695;28.933422552581575
8394;10.607653466528568;0.1018357685494348;398.6425;18.404213420852635
8395;10.599744525715554;0.1005103205589766;402.2225;7.876057210036867
8396;10.554843986867168;0.5150562623380519;408.86;0.0
8397;10.607654082903771;1.7777214572810636;422.205;-0.0
8398;10.599737746680907;1.7763947699045286;425.79499999999996;-0.0
8399;10.55485059952861;2.0110627025210364;416.9425;1.3728919304478204
8400;10.607654697696024;2.0110627025210364;408.22749999999996;2.695482678443553
8401;10.599730971809434;2.0110627025210364;400.5775;4.0254687069567465
8402;10.554857209288269;2.0110627025210364;392.75;5.397951811262196
8403;10.607655310907404;2.0110627025210364;392.7775;6.720139470719036
8404;10.599724201097303;2.0110627025210364;394.2175;8.049729465729527
8405;10.554863816148256;2.0110627025210364;401.37;9.42180386744211
8406;10.607655922539983;2.0110627025210364;422.1625;10.743588560642381
8407;10.599717434540679;2.0110627025210364;424.5675;12.072782638972672
8408;10.554870420110664;2.0110627025210364;412.92;13.444448461603645
8409;10.607656532595835;0.10183628238722843;400.78;2.916788227283803
8410;10.599710672135748;1.7763902325205323;390.3075;2.9164965484610743
8411;10.554877021177587;1.7688766255822153;382.64250000000004;2.916204898806228
8412;10.607657141077034;1.7777219697959126;384.1325;2.9159132783163475
8413;10.599703913878674;2.0110627025210364;403.915;4.245902968803776
8414;10.554883619351129;1.7688777313606083;418.4925;4.2454783785068955
8415;10.607657747985641;1.1018707417068563;424.2325;-0.0
8416;10.599697159765647;1.7763879680019046;414.6475;-0.0
8417;10.554890214633376;1.7688788366544532;397.6275;-0.0
8418;10.607658353323721;1.7777221729545873;375.9475;0.0
8419;10.599690409792858;1.7763868367836948;357.7775;0.0
8420;10.55489680702642;2.0110627025210364;332.4925;1.3728480333249007
8421;10.607658957093333;2.0110627025210364;307.915;2.6954347392829012
8422;10.599683663956494;2.0110627025210364;292.9375;4.025465715050304
8423;10.554903396532355;2.0110627025210364;259.4325;5.397904941773062
8424;10.607659559296534;2.0110627025210364;228.8025;6.720088569947176
8425;10.599676922252762;2.0110627025210364;202.475;8.049723484950057
8426;10.55490998315326;2.0110627025210364;189.7125;9.421754028605964
8427;10.607660159935374;2.0110627025210364;186.92000000000002;10.743534701264497
8428;10.59967018467785;2.0110627025210364;182.365;12.072773672350413
8429;10.554916566891228;2.0110627025210364;180.29500000000002;13.444395656436512
8430;10.607660759011916;2.0110627025210364;184.2175;14.76577349580955
8431;10.599663451227975;2.0110627025210364;208.18;16.094616639793394
8432;10.554923147748333;2.0110627025210364;208.89249999999998;17.4658301877685
8433;10.607661356528192;2.0110627025210364;188.9975;18.786805316047943
8434;10.59965672189935;2.0110627025210364;169.675;20.115252749711956
8435;10.554929725726657;2.0110627025210364;161.1675;21.486057984996663
8436;10.607661952486252;2.0110627025210364;155.26;22.806630524336224
8437;10.599649996688187;2.0110627025210364;159.235;24.134682364430013
8438;10.55493630082829;2.0110627025210364;177.1375;25.505079410406694
8439;10.607662546888147;1.7777228757480046;203.285;25.502528902465652
8440;10.599643275590712;0.1004933521965019;195.715;14.973662860101724
8441;10.554942873055293;0.5297467607726216;179.23;7.189063506922569
8442;10.607663139735894;1.777722975102504;170.41500000000002;7.1883446005718765
8443;10.599636558603141;2.0110627025210364;161.14249999999998;8.517971035438835
8444;10.554949442409745;2.0110627025210364;145.34;9.889917268046034
8445;10.60766373103155;2.0110627025210364;135.2175;11.211647731839255
8446;10.599629845721717;2.0110627025210364;149.635;12.54087821363044
8447;10.554956008893718;2.0110627025210364;143.0675;13.912415917360047
8448;10.607664320777134;2.0110627025210364;144.2025;15.233743571030034
8449;10.59962313694267;2.0110627025210364;137.195;16.562578216577396
8450;10.554962572509286;2.0110627025210364;135.8025;17.933707514871916
8451;10.60766490897468;2.0110627025210364;138.47;19.254632480594484
8452;10.599616432262238;2.0110627025210364;146.9975;20.583071406697297
8453;10.554969133258512;2.0110627025210364;155.7425;21.95379242296104
8454;10.607665495626211;2.0110627025210364;161.7775;23.274314822873844
8455;10.59960973167667;2.0110627025210364;188.095;24.602358146298723
8456;10.554975691143461;2.0110627025210364;214.2525;25.972671003897805
8457;10.607666080733754;2.0110627025210364;217.2825;27.29279096010035
8458;10.59960303518221;2.0110627025210364;209.73;28.620438797581244
8459;10.554982246166206;2.0110627025210364;209.54749999999999;29.99034361984359
8460;10.607666664299323;2.0110627025210364;211.5325;31.310061254397247
8461;10.599596342775117;2.0110627025210364;227.84;32.63731372263545
8462;10.554988798328793;2.0110627025210364;248.15;34.00681063285083
8463;10.607667246324938;2.0110627025210364;263.2825;35.32612606777885
8464;10.59958965445165;2.0110627025210364;273.45;36.65298328344301
8465;10.554995347633293;1.7688964557423645;270.5675;36.64931798511466
8466;10.607667826812612;1.777723760602935;272.78;36.64565305331615
8467;10.599582970208068;1.7763688311385493;270.6075;36.641988488010824
8468;10.555001894081759;1.7688975528522266;268.605;36.63832428916202
8469;10.607668405764356;1.7777238576286232;273.1725;36.63466045673311
8470;10.599576290040641;2.0110627025210364;277.235;37.96139951514883
8471;10.55500843767625;2.0110627025210364;282.935;39.33034535940488
8472;10.607668983182174;2.0110627025210364;300.93;40.64912679084588
8473;10.599569613945647;2.0110627025210364;301.17;41.975470744918425
8474;10.555014978418814;2.0110627025210364;304.3125;43.34400896834606
8475;10.607669559068079;2.0110627025210364;309.945;44.66238848633455
8476;10.599562941919357;2.0110627025210364;318.94;45.98833745266253
8477;10.555021516311509;2.0110627025210364;337.1725;47.35646817842134
8478;10.607670133424064;2.0110627025210364;355.955;48.67444590485064
8479;10.599556273958054;2.0110627025210364;375.35;50.0
8480;10.555028051356379;1.7697839815571415;381.9625;50.0
8481;10.607670706252128;1.7777242431640528;364.4075;49.995
8482;10.599549610058025;1.7763632403590908;344.1825;49.9900005
8483;10.555034583555472;1.7689030312340057;330.3775;49.98500149995
8484;10.607671277554271;1.7777243389077555;331.6775;49.98000299980001
8485;10.599542950215563;1.7763621242456924;344.1;49.97500499950003
8486;10.55504111291083;1.7689041254792583;369.4875;49.97000749900008
8487;10.607671847332485;0.10183884896186815;383.8425;39.438694708776495
8488;10.599536294426958;0.10047542337747715;380.1925;28.90843504983193
8489;10.555047639424503;0.09301963381408018;371.875;18.379228416853266
8490;10.607672415588757;0.1018389441951177;366.9325;7.851074704537899
8491;10.599529642688516;0.5265221122215273;362.3375;0.0
8492;10.555054163098523;1.7689063125414026;359.755;0.0
8493;10.607672982325077;1.7777246246078375;354.255;0.0
8494;10.599522994996542;1.7763587799793013;347.1325;-0.0
8495;10.55506068393494;2.0110627025210364;330.7825;1.3726923502618071
8496;10.607673547543424;2.0110627025210364;316.02750000000003;2.695265210860528
8497;10.599516351347345;1.776357666579709;303.445;2.694995684339442
8498;10.555067201935781;2.0110627025210364;295.8625;4.067412342932016
8499;10.60767411124578;2.0110627025210364;293.2875;5.389715196014231
8500;10.59950971173723;2.0110627025210364;292.2125;6.719641998344261
8501;10.555073717103083;2.0110627025210364;290.855;8.091650002896497
8502;10.607674673434124;2.0110627025210364;287.325;9.41354989813379
8503;10.59950307616253;2.0110627025210364;291.0925;10.743080620789572
8504;10.555080229438882;1.76891068096181;289.2925;10.742006312727494
8505;10.607675234110427;1.7777250019812987;270.2925;10.740932112096221
8506;10.599496444619561;0.10046874500569726;242.495;0.2135422294113276
8507;10.555086738945203;1.7349172989734274;222.4475;0.0
8508;10.607675793276668;1.7777250956911628;224.51999999999998;-0.0
8509;10.59948981710465;1.7763532197442238;226.5725;-0.0
8510;10.55509324562408;1.768912862325525;242.5575;-0.0
8511;10.607676350934812;1.7777251891482873;257.3375;-0.0
8512;10.599483193614128;1.7763521097229946;258.1175;-0.0
8513;10.555099749477538;1.768913952296951;247.645;0.0
8514;10.60767690708682;1.7777252823530005;233.09;-0.0
8515;10.59947657414434;2.0110627025210364;207.64;1.3304972545628768
8516;10.555106250507597;2.0110627025210364;186.4;2.703013266855203
8517;10.607677461734657;2.0110627025210364;168.2575;4.025449376880594
8518;10.59946995869162;2.0110627025210364;164.2775;5.355550371185868
8519;10.555112748716292;2.0110627025210364;168.48;6.727657704868272
8520;10.607678014880282;2.0110627025210364;165.1;8.049690824961518
8521;10.599463347252312;2.0110627025210364;165.57999999999998;9.379395675989324
8522;10.555119244105628;2.0110627025210364;168.385;10.751094454521379
8523;10.607678566525657;2.0110627025210364;170.215;12.072724706876553
8524;10.59945673982277;2.0110627025210364;174.6975;13.402033531574235
8525;10.555125736677635;2.0110627025210364;178.985;14.773323878377324
8526;10.607679116672731;2.0110627025210364;193.0975;16.094551385150393
8527;10.599450136399351;2.0110627025210364;223.5725;17.423464300432496
8528;10.555132226434322;2.0110627025210364;237.65;18.79434633888985
8529;10.607679665323454;1.7777257446019024;234.78;18.79246690425596
8530;10.599443536978413;2.0110627025210364;233.97;20.121116297436043
8531;10.555138713377705;2.0110627025210364;233.9475;21.49172240809748
8532;10.60768021247978;2.0110627025210364;238.6175;22.81227703400088
8533;10.599436941556316;2.0110627025210364;241.265;24.14053071181898
8534;10.555145197509802;2.0110627025210364;247.57;25.510728721113487
8535;10.607680758143651;1.777725927746064;251.855;25.508177648241375
8536;10.59943035012943;1.7763432537595654;256.2925;25.50562683047655
8537;10.555151678832614;0.0930370696285172;258.655;14.97676047831982
8538;10.607681302317008;0.10184043350909545;267.1225;4.448947012798305
8539;10.599423762694126;1.0680999950140102;267.03999999999996;0.0
8540;10.555158157348155;1.7689237407877951;262.2975;-0.0
8541;10.607681845001787;1.7777261098910522;259.335;0.0
8542;10.59941717924679;1.7763410464703293;252.9225;0.0
8543;10.555164633058432;1.7689248260427461;229.8475;-0.0
8544;10.607682386199935;2.0110627025210364;201.0575;1.322701733110062
8545;10.599410599783795;2.0110627025210364;186.955;2.6531293931421454
8546;10.555171105965448;2.0110627025210364;182.21;4.025451529535656
8547;10.607682925913375;2.0110627025210364;180.2;5.3477502047649965
8548;10.599404024301533;2.0110627025210364;177.73250000000002;6.677781606658064
8549;10.555177576071202;2.0110627025210364;180.4625;8.049695131229756
8550;10.607683464144044;2.0110627025210364;188.87;9.37159087077979
8551;10.599397452796389;2.0110627025210364;201.8;10.701226131536144
8552;10.5551840433777;2.0110627025210364;210.0275;12.072731167714174
8553;10.607684000893862;1.7777264711938974;211.46;12.071523894597403
8554;10.599390885264762;1.7763366398997829;216.1525;12.070316742207943
8555;10.555190507886937;1.768929162367958;219.8825;12.069109710533722
8556;10.607684536164761;1.777726560899176;217.4075;12.067902799562669
8557;10.599384321703045;1.7763355399219356;203.7775;12.066696009282712
8558;10.555196969600908;1.768930245277288;204.075;12.065489339681784
8559;10.607685069958663;1.7777266503569265;199.73250000000002;12.064282790747816
8560;10.599377762107647;1.7763344406087982;187.1375;12.063076362468742
8561;10.555203428521612;1.7689313277184984;189.1825;12.061870054832495
8562;10.607685602277481;1.7777267395674698;188.8325;12.060663867827012
8563;10.599371206474975;1.7763333419597684;185.2125;12.05945780144023
8564;10.555209884651042;1.7689324096919234;166.3625;12.058251855660085
8565;10.607686133123138;2.0110627025210364;159.9925;13.379744204007537
8566;10.599364654801454;2.0110627025210364;158.04;14.709009807525756
8567;10.555216337991178;2.0110627025210364;153.6375;16.080083385453385
8568;10.607686662497544;2.0110627025210364;143.22500000000002;17.40117304774217
8569;10.599358107083479;2.0110627025210364;134.405;18.730042728708092
8570;10.55522278854402;2.0110627025210364;133.1825;20.100708075318405
8571;10.60768719040261;2.0110627025210364;134.93;21.421395173628394
8572;10.599351563317484;2.0110627025210364;136.5875;22.74986904895942
8573;10.55522923631155;2.0110627025210364;138.4575;24.120126287558552
8574;10.60768771684024;2.0110627025210364;139.20499999999998;25.440410943931568
8575;10.599345023499895;2.0110627025210364;147.115;26.768489130512275
8576;10.55523568129575;2.0110627025210364;146.9025;28.13833838436826
8577;10.607688241812344;1.7777271819233127;144.1325;28.135524550529823
8578;10.59933848762714;1.7763278586552225;136.765;28.13271099807477
8579;10.5552421234986;2.0110627025210364;130.775;29.502417709651294
8580;10.607688765320821;2.0110627025210364;127.32;30.82216314082555
8581;10.599331955695654;2.0110627025210364;128.09;32.1497155666006
8582;10.55524856292209;2.0110627025210364;133.73;33.519014460267954
8583;10.60768928736757;2.0110627025210364;145.16250000000002;34.83835773582274
8584;10.599325427701876;1.776325669961173;148.745;34.83487390004916
8585;10.55525499956819;1.3854648035631907;144.8225;32.422764943828604
8586;10.60768980795449;0.10184185895662047;142.6125;21.893206877860536
8587;10.599318903642253;2.0110627025210364;143.1575;23.221664598712607
8588;10.555261433438885;2.0110627025210364;141.0275;24.5918440704858
8589;10.607690327083471;2.0110627025210364;139.825;25.912079075349453
8590;10.599312383513226;2.0110627025210364;145.9625;27.240141103104353
8591;10.555267864536138;2.0110627025210364;149.4325;28.609912617684714
8592;10.607690844756405;2.0110627025210364;155.0825;29.92974532390436
8593;10.599305867311253;2.0110627025210364;156.6575;31.25741177542628
8594;10.555274292861931;2.0110627025210364;157.0575;32.626775456029904
8595;10.607691360975181;2.0110627025210364;156.4675;33.94620598555788
8596;10.599299355032787;2.0110627025210364;157.7;35.27347697767818
8597;10.555280718418231;2.0110627025210364;158.95;36.64243294748309
8598;10.60769187574168;2.0110627025210364;161.29500000000002;37.96146142223374
8599;10.59929284667429;2.0110627025210364;168.9625;39.288337071750945
8600;10.555287141207009;2.0110627025210364;181.935;40.65688545389711
8601;10.607692389057785;2.0110627025210364;183.7;41.97551199574683
8602;10.59928634223223;2.0110627025210364;183.4325;43.30199241942663
8603;10.555293561230227;2.0110627025210364;169.3825;44.670133337015976
8604;10.607692900925379;2.0110627025210364;158.45749999999998;45.98835806780316
8605;10.599279841703071;2.0110627025210364;163.93;47.314443382378464
8606;10.55529997848985;2.0110627025210364;194.4625;48.68217695847486
8607;10.607693411346336;2.0110627025210364;261.40999999999997;50.0
8608;10.599273345083292;1.7763169415101991;277.63;49.995
8609;10.555306392987848;1.7689485833849763;269.03000000000003;49.9900005
8610;10.607693920322532;1.77772813357665;269.16499999999996;49.98500149995
8611;10.599266852369366;1.7763158534056314;264.1875;49.98000299980001
8612;10.555312804726176;1.7689496579189603;271.68;49.97500499950003
8613;10.607694427855833;1.7777282186334242;275.1675;49.97000749900008
8614;10.599260363557779;1.7763147659550507;287.8125;49.96501049825018
8615;10.555319213706788;1.768950731990783;288.9225;49.960013997200356
8616;10.607694933948109;1.777728303448699;291.1375;49.95501799580064
8617;10.599253878645015;0.7252254917573352;287.75;43.3480884005725
8618;10.555325619931654;1.7689518056007738;289.42;43.343753591732444
8619;10.607695438601233;2.0110627025210364;291.0925;44.662108549702104
8620;10.599247397627567;2.0110627025210364;290.2275;45.98835731110094
8621;10.555332023402713;2.0110627025210364;286.40250000000003;47.356193053137254
8622;10.607695941817056;2.0110627025210364;291.5925;48.67414628910574
8623;10.59924092050193;2.0110627025210364;306.3125;50.0
8624;10.555338424121933;1.768953951436566;311.8025;49.995
8625;10.607696443597446;0.9235487501316528;292.1925;44.62485716298949
8626;10.599234447264605;1.776310422680835;257.145;44.6203946772732
8627;10.555344822091254;2.0110627025210364;233.0675;45.98835505681878
8628;10.607696943944255;2.0110627025210364;237.14749999999998;47.306444124566056
8629;10.599227977912095;2.0110627025210364;251.58499999999998;48.632446901137115
8630;10.555351217312632;2.0110627025210364;295.7375;50.0
8631;10.60769744285934;1.7786107689584818;335.1225;50.0
8632;10.599221512440906;1.776308254952376;345.4475;49.995
8633;10.555357609788008;0.09307158130049113;337.4125;39.463684710526316
8634;10.607697940344552;0.10184322185214859;338.0625;28.933422552581575
8635;10.599215050847551;0.10042158662906303;338.7525;18.404213420852635
8636;10.555363999519331;0.09307265214635313;337.2375;7.876057210036867
8637;10.607698436401735;0.523914063348156;338.56;0.0
8638;10.599208593128548;1.7763060898234408;342.17;-0.0
8639;10.55537038650855;1.7689593079668666;332.0175;0.0
8640;10.607698931032747;1.777728973314352;321.775;0.0
8641;10.599202139280418;2.0110627025210364;306.04;1.3307579676836025
8642;10.555376770757594;2.0110627025210364;302.515;2.7030169596671203
8643;10.607699424239417;2.0110627025210364;292.395;4.025432204943707
8644;10.599195689299686;2.0110627025210364;285.4225;5.355793756888511
8645;10.555383152268412;2.0110627025210364;283.995;6.727644182857831
8646;10.607699916023599;2.0110627025210364;284.77;8.049656498217127
8647;10.599189243182877;2.0110627025210364;286.8;9.37962175154357
8648;10.555389531042941;1.7689625163717893;275.48249999999996;9.378683789368417
8649;10.607700406387119;1.7777292205668647;250.9225;9.37774592098948
8650;10.599182800926531;2.0110627025210364;222.245;10.707584485517176
8651;10.555395907083108;2.0110627025210364;202.7225;12.07888761533967
8652;10.607700895331819;2.0110627025210364;201.675;13.400363876012909
8653;10.599176362527183;2.0110627025210364;209.6675;14.729806295224483
8654;10.555402280390856;2.0110627025210364;230.9225;16.100701148223646
8655;10.60770138285953;2.0110627025210364;261.045;17.42177476439227
8656;10.599169927981373;2.0110627025210364;273.4425;18.750821155333526
8657;10.555408650968111;1.768965720652488;268.55;18.748946073217994
8658;10.607701868972082;1.7777294656793703;267.5325;18.74707117861067
8659;10.59916349728565;1.776298532276133;267.3675;18.74519647149281
8660;10.555415018816808;1.7689667878310722;267.4375;18.74332195184566
8661;10.607702353671305;1.7777295469094145;267.73;18.741447619650476
8662;10.599157070436561;2.0110627025210364;280.595;20.07037425797378
8663;10.555421383938873;2.0110627025210364;282.3075;21.440716905806052
8664;10.607702836959014;2.0110627025210364;272.055;22.761255139004408
8665;10.599150647430667;2.0110627025210364;277.1075;24.089785898431373
8666;10.555427746336225;2.0110627025210364;275.28;25.459720560822117
8667;10.60770331883704;2.0110627025210364;278.5525;26.779856435870848
8668;10.599144228264517;2.0110627025210364;296.1375;28.107991433375968
8669;10.555434106010798;2.0110627025210364;307.2675;29.477518233522375
8670;10.607703799307195;2.0110627025210364;320.6775;30.797251872357187
8671;10.599137812934684;2.0110627025210364;355.5875;32.124991224882
8672;10.555440462964516;2.0110627025210364;361.025;33.49411028594322
8673;10.6077042783713;2.0110627025210364;334.21000000000004;34.813441810461896
8674;10.599131401437731;2.0110627025210364;291.1375;36.140785634915005
8675;10.555446817199288;2.0110627025210364;246.64249999999998;37.50949708001219
8676;10.607704756031163;2.0110627025210364;232.27;38.82842661207459
8677;10.599124993770227;2.0110627025210364;239.9675;40.155375025331665
8678;10.55545316871704;2.0110627025210364;274.35;41.523678977547945
8679;10.607705232288604;2.0110627025210364;320.40250000000003;42.842206638976016
8680;10.599118589928752;1.7762910063169226;328.37;42.83792241831212
8681;10.555459517519683;0.09308865987034706;314.7025;32.307322836596605
8682;10.607705707145424;0.10184452347911119;307.9575;21.777776314839258
8683;10.599112189909881;0.10040434831278855;298.91499999999996;11.24928274773409
8684;10.555465863609143;1.4102714223523354;296.0025;8.995121921984323
8685;10.607706180603431;1.7777301882594532;303.5375;8.994222409792124
8686;10.599105793710198;1.7762888618171004;304.18;8.993322987551146
8687;10.555472206987321;2.0110627025210364;290.35;10.364725058614436
8688;10.607706652664424;2.0110627025210364;272.5425;11.686367266077372
8689;10.599099401326296;2.0110627025210364;266.83750000000003;13.016054198090785
8690;10.555478547656131;2.0110627025210364;265.145;14.387047972397653
8691;10.607707123330206;2.0110627025210364;261.76;15.708287500436718
8692;10.599093012754762;2.0110627025210364;268.275;17.03757830956965
8693;10.555484885617485;2.0110627025210364;275.67499999999995;18.408163910402084
8694;10.607707592602573;2.0110627025210364;284.66999999999996;19.729000881038598
8695;10.599086627992193;2.0110627025210364;300.48;21.057895684357913
8696;10.555491220873288;1.7689795584238757;316.5425;21.055789894789477
8697;10.607708060483326;0.10184491787161785;304.325;10.527368526326315
8698;10.59908024703519;0.10039899505246319;278.91499999999996;0.0
8699;10.555497553425448;2.0110627025210364;258.24;1.372277324245824
8700;10.607708526974248;2.0110627025210364;252.075;2.694816995887864
8701;10.599073869880353;2.0110627025210364;251.675;4.02542733780194
8702;10.555503883275861;2.0110627025210364;255.83499999999998;5.397296105956092
8703;10.607708992077137;2.0110627025210364;272.7325;6.719432833872215
8704;10.599067496524304;1.7762824436469202;282.3925;6.718760890588828
8705;10.555510210426435;1.768982740855715;277.5625;6.718089014499769
8706;10.607709455793774;1.7777307371438815;272.19;6.71741720559832
8707;10.59906112696364;1.77628137618143;267.36;6.71674546387776
8708;10.555516534879068;2.0110627025210364;254.27;8.088333081196257
8709;10.607709918125941;2.0110627025210364;248.13;9.410199825668494
8710;10.599054761194985;2.0110627025210364;245.515;10.740156782550692
8711;10.555522856635656;2.0110627025210364;243.445;12.111336053068564
8712;10.607710379075424;2.0110627025210364;218.17000000000002;13.432800059341606
8713;10.599048399214961;2.0110627025210364;210.3975;14.76236080008146
8714;10.5555291756981;2.0110627025210364;211.0525;16.133131847088258
8715;10.607710838644007;2.0110627025210364;204.2825;17.454193237191742
8716;10.599042041020187;2.0110627025210364;203.5675;18.783357878898844
8717;10.55553549206829;2.0110627025210364;213.01250000000002;20.15372082564608
8718;10.607711296833456;2.0110627025210364;230.1925;21.474379721571733
8719;10.599035686607298;2.0110627025210364;247.95999999999998;22.803148381322643
8720;10.555541805748115;2.0110627025210364;263.9375;24.1731033510238
8721;10.607711753645548;2.0110627025210364;262.745;25.493359874725428
8722;10.599029335972926;2.0110627025210364;248.9975;26.821732669563676
8723;10.555548116739473;2.0110627025210364;221.7875;28.191279785394222
8724;10.607712209082054;2.0110627025210364;204.43;29.511134058787732
8725;10.599022989113703;2.0110627025210364;199.9075;30.839111105723838
8726;10.555554425044246;2.0110627025210364;230.16;32.20825049082123
8727;10.607712663144751;2.0110627025210364;273.3375;33.52770263578463
8728;10.599016646026275;1.7762739216852543;293.195;33.52434986552105
8729;10.555560730664322;0.09310562203536271;292.675;22.994681641060815
8730;10.607713115835397;0.10184576509078438;290.2825;12.466066383423025
8731;10.599010306707285;0.3279502739411466;298.9925;3.367837840253954
8732;10.555567033601584;1.76899226376973;301.475;3.3675010564699286
8733;10.60771356715575;1.7777314261611088;306.8525;3.3671643063642818
8734;10.599003971153387;2.0110627025210364;309.09;4.697773817337928
8735;10.555573333857922;2.0110627025210364;291.6925;6.069509372791169
8736;10.607714017107584;2.0110627025210364;263.90250000000003;7.391574105601684
8737;10.598997639361228;2.0110627025210364;237.8675;8.721787190797958
8738;10.555579631435208;2.0110627025210364;220.03;10.093114362215431
8739;10.607714465692647;2.0110627025210364;209.53;11.414776308371195
8740;10.598991311327467;2.0110627025210364;207.2775;12.744593084979265
8741;10.555585926335324;2.0110627025210364;211.2225;14.11551199565221
8742;10.607714912912694;2.0110627025210364;223.95749999999998;15.436771277185585
8743;10.598984987048766;2.0110627025210364;229.965;16.766191862361538
8744;10.55559221856015;2.0110627025210364;230.01749999999998;18.13670263554316
8745;10.607715358769484;2.0110627025210364;223.0575;19.457559374448593
8746;10.59897866652179;2.0110627025210364;203.8425;20.786583885315448
8747;10.55559850811156;2.0110627025210364;181.24;22.156686644220937
8748;10.607715803264766;2.0110627025210364;167.885;23.477140962454985
8749;10.59897234974321;2.0110627025210364;165.9575;24.80576951610269
8750;10.555604794991426;2.0110627025210364;176.56;26.175464383909226
8751;10.607716246400289;2.0110627025210364;205.7225;27.49551640339056
8752;10.598966036709697;2.0110627025210364;232.73000000000002;28.82374911687601
8753;10.55561107920162;1.7689996453083503;249.9075;28.82086674196432
8754;10.607716688177792;0.10184636377449703;257.65;18.291668865816444
8755;10.598959727417927;1.776264382777727;259.305;18.289839698929864
8756;10.555617360744012;2.0110627025210364;241.26999999999998;19.660174222253158
8757;10.607717128599026;2.0110627025210364;231.595;20.980876932661857
8758;10.598953421864588;2.0110627025210364;239.6125;22.309773094197233
8759;10.555623639620476;2.0110627025210364;228.26999999999998;23.67969965924836
8760;10.607717567665722;2.0110627025210364;209.9775;25.0
